# Blender v2.79 (sub 0) OBJ File: 'redo_fixed_360_joints.blend'
# www.blender.org
mtllib sungaya_inexpectata_31mg.mtl
o 04-t1_Sungaya_inexpectata_31mg.016
v 0.000073 -0.000367 -0.000803
v 0.000587 0.000172 0.000541
v 0.000577 0.000447 0.000515
v 0.000591 -0.000442 -0.000092
v 0.000378 0.000480 -0.000626
v 0.000479 -0.000688 -0.000160
v 0.000562 0.000657 -0.000322
v 0.000529 0.000016 0.000530
v 0.000305 0.000029 -0.000690
v 0.000195 0.000057 0.000590
v 0.000580 -0.000534 0.000158
v 0.000539 -0.000150 -0.000225
v 0.000477 0.000599 -0.000363
v 0.000367 -0.000599 -0.000598
v 0.000157 0.000388 -0.000726
v 0.000080 0.000596 -0.000509
v 0.000074 0.000645 -0.000457
v 0.000240 0.000483 -0.000649
v 0.000099 0.000671 -0.000430
v 0.000569 -0.000660 0.000151
v 0.000524 -0.000708 0.000026
v 0.000501 -0.000188 -0.000363
v 0.000587 -0.000030 0.000339
v 0.000460 -0.000135 -0.000479
v 0.000285 0.000357 -0.000708
v 0.000588 -0.000175 0.000343
v 0.000475 0.000444 -0.000467
v 0.000328 0.000194 0.000542
v 0.000528 -0.000505 -0.000232
v 0.000472 0.000527 -0.000388
v 0.000673 0.000677 0.000341
v 0.000620 -0.000119 0.000191
v 0.000608 -0.000208 0.000259
v 0.000593 -0.000481 0.000247
v 0.000401 -0.000705 0.000613
v 0.000266 -0.000287 0.000666
v 0.000535 -0.000366 -0.000225
v 0.000527 0.000522 -0.000333
v 0.000100 0.000517 0.000697
v 0.000636 0.000383 -0.000170
v 0.000194 0.000363 0.000636
v 0.000069 0.000204 0.000640
v 0.000288 0.000703 -0.000371
v 0.000040 0.000497 -0.000665
v 0.000664 0.000551 0.000269
v 0.000598 -0.000463 0.000017
v 0.000618 0.000445 0.000481
v 0.000568 0.000432 -0.000282
v 0.000569 0.000526 -0.000223
v 0.000382 -0.000680 -0.000491
v 0.000576 0.000227 0.000365
v 0.000556 -0.000689 0.000449
v 0.000383 -0.000223 0.000595
v 0.000266 -0.000101 0.000612
v 0.000447 -0.000709 -0.000278
v 0.000545 -0.000402 0.000513
v 0.000538 -0.000398 0.000547
v 0.000387 -0.000636 0.000659
v 0.000564 0.000723 -0.000263
v 0.000418 -0.000322 -0.000523
v 0.000555 -0.000313 0.000375
v 0.000441 0.000274 0.000540
v 0.000628 0.000436 0.000449
v 0.000118 0.000146 -0.000793
v 0.000173 0.000021 -0.000770
v 0.000155 0.000164 0.000601
v 0.000573 -0.000156 0.000477
v 0.000323 0.000596 -0.000415
v 0.000314 0.000537 -0.000505
v 0.000424 -0.000576 -0.000408
v 0.000625 -0.000377 0.000110
v 0.000154 -0.000603 -0.000792
v 0.000372 -0.000390 -0.000613
v 0.000537 -0.000177 -0.000121
v 0.000620 0.000682 -0.000099
v 0.000195 -0.000211 -0.000755
v 0.000022 -0.000162 -0.000783
v 0.000325 0.000206 -0.000708
v 0.000065 0.000073 0.000610
v 0.000018 0.000338 0.000697
v 0.000663 0.000562 0.000386
v 0.000461 0.000553 0.000554
v 0.000563 0.000021 0.000514
v 0.000496 -0.000554 0.000592
v 0.000571 -0.000543 0.000414
v 0.000668 0.000144 0.000004
v 0.000595 0.000700 0.000484
v 0.000651 -0.000001 -0.000022
v 0.000581 0.000153 0.000281
v 0.000630 0.000209 0.000090
v 0.000429 -0.000418 0.000599
v 0.000620 0.000305 0.000168
v 0.000611 -0.000200 0.000113
v 0.000349 -0.000532 0.000675
v 0.000085 0.000306 -0.000770
v 0.000598 -0.000094 -0.000036
v 0.000517 -0.000580 -0.000122
v 0.000650 0.000673 0.000155
v 0.000600 0.000472 -0.000061
v 0.000362 0.000430 0.000567
v 0.000129 -0.000603 0.000792
v 0.000260 -0.000192 -0.000720
v 0.000658 0.000703 0.000394
v 0.000196 -0.000487 0.000757
v 0.000292 -0.000632 -0.000720
v 0.000446 -0.000072 0.000549
v 0.000619 -0.000344 0.000037
v 0.000220 -0.000388 0.000713
v 0.000623 0.000336 -0.000020
v 0.000514 -0.000148 -0.000368
v 0.000331 0.000085 0.000549
v 0.000141 -0.000295 0.000703
v 0.000032 -0.000602 -0.000828
v 0.000269 0.000585 0.000619
v 0.000046 -0.000206 0.000677
v 0.000065 -0.000279 0.000705
v 0.000324 0.000705 0.000578
v 0.000556 -0.000197 0.000530
v 0.000296 -0.000430 -0.000709
v 0.000593 -0.000666 0.000210
v 0.000616 -0.000033 0.000101
v 0.000045 -0.000383 0.000739
v 0.000106 -0.000075 0.000634
v 0.000395 0.000141 -0.000663
v 0.000621 0.000376 -0.000249
v 0.000519 -0.000145 -0.000371
v 0.000644 -0.000090 -0.000129
v 0.000541 0.000402 -0.000413
v 0.000415 0.000422 -0.000667
v 0.000702 0.000195 -0.000058
v 0.000466 -0.000129 -0.000478
v 0.000654 0.000374 -0.000181
v 0.000685 -0.000003 -0.000061
v 0.000675 0.000327 -0.000132
v 0.000686 0.000306 -0.000108
v 0.000427 -0.000010 -0.000576
v 0.000589 -0.000141 -0.000231
v 0.000514 -0.000140 -0.000380
v 0.000441 0.000444 -0.000619
v 0.000635 -0.000097 -0.000147
v 0.000696 0.000073 -0.000050
v 0.000434 0.000446 -0.000633
v 0.000397 0.000312 -0.000685
v 0.000466 0.000436 -0.000568
v 0.000710 0.000153 -0.000035
v 0.000706 0.000140 -0.000041
v 0.000442 -0.000056 -0.000537
v 0.000395 0.000149 -0.000664
v 0.000389 0.000240 -0.000691
v 0.000410 0.000409 -0.000675
v 0.000569 -0.000144 -0.000270
v 0.000584 0.000397 -0.000325
v 0.000413 0.000417 -0.000671
v 0.000648 -0.000079 -0.000123
v 0.000499 0.000421 -0.000500
v 0.000524 -0.000147 -0.000360
v -0.000006 0.000512 -0.000641
v -0.000005 0.000316 -0.000773
v -0.000007 0.000634 -0.000468
v -0.000006 0.000337 0.000699
v -0.000000 -0.000384 -0.000806
v -0.000003 0.000069 -0.000792
v -0.000007 0.000464 0.000711
v -0.000006 0.000476 -0.000702
v -0.000001 -0.000229 -0.000790
v -0.000007 0.000596 -0.000508
v -0.000005 -0.000122 0.000650
v -0.000009 -0.000397 0.000747
v 0.000000 -0.000598 0.000819
v -0.000007 0.000413 0.000708
v -0.000006 0.000450 -0.000726
v -0.000074 -0.000368 -0.000803
v -0.000596 0.000171 0.000537
v -0.000591 0.000440 0.000514
v -0.000569 -0.000448 -0.000075
v -0.000391 0.000475 -0.000627
v -0.000576 0.000649 -0.000323
v -0.000524 0.000021 0.000530
v -0.000312 0.000025 -0.000690
v -0.000180 0.000055 0.000588
v -0.000549 -0.000606 0.000101
v -0.000550 -0.000155 -0.000225
v -0.000491 0.000593 -0.000364
v -0.000365 -0.000604 -0.000598
v -0.000167 0.000386 -0.000727
v -0.000094 0.000594 -0.000509
v -0.000088 0.000644 -0.000457
v -0.000252 0.000479 -0.000650
v -0.000114 0.000669 -0.000430
v -0.000505 -0.000197 -0.000360
v -0.000594 -0.000034 0.000319
v -0.000464 -0.000141 -0.000480
v -0.000295 0.000354 -0.000708
v -0.000581 -0.000164 0.000370
v -0.000487 0.000438 -0.000468
v -0.000347 0.000199 0.000533
v -0.000512 -0.000526 -0.000224
v -0.000485 0.000521 -0.000388
v -0.000689 0.000668 0.000339
v -0.000613 -0.000131 0.000190
v -0.000597 -0.000236 0.000246
v -0.000573 -0.000461 0.000231
v -0.000364 -0.000708 0.000614
v -0.000289 -0.000287 0.000665
v -0.000532 -0.000364 -0.000216
v -0.000540 0.000516 -0.000334
v -0.000115 0.000516 0.000697
v -0.000647 0.000375 -0.000171
v -0.000204 0.000364 0.000638
v -0.000072 0.000195 0.000640
v -0.000303 0.000699 -0.000371
v -0.000052 0.000496 -0.000665
v -0.000678 0.000542 0.000268
v -0.000573 -0.000489 0.000049
v -0.000631 0.000438 0.000480
v -0.000580 0.000425 -0.000283
v -0.000583 0.000519 -0.000224
v -0.000376 -0.000686 -0.000490
v -0.000589 0.000223 0.000364
v -0.000478 -0.000685 0.000463
v -0.000395 -0.000234 0.000597
v -0.000282 -0.000097 0.000612
v -0.000438 -0.000693 -0.000286
v -0.000520 -0.000377 0.000502
v -0.000472 -0.000389 0.000572
v -0.000330 -0.000617 0.000671
v -0.000579 0.000716 -0.000264
v -0.000420 -0.000327 -0.000523
v -0.000557 -0.000324 0.000380
v -0.000452 0.000268 0.000540
v -0.000641 0.000428 0.000448
v -0.000125 0.000144 -0.000793
v -0.000179 0.000018 -0.000770
v -0.000155 0.000146 0.000598
v -0.000564 -0.000188 0.000467
v -0.000337 0.000592 -0.000415
v -0.000327 0.000533 -0.000505
v -0.000424 -0.000575 -0.000406
v -0.000599 -0.000371 0.000092
v -0.000152 -0.000605 -0.000793
v -0.000372 -0.000395 -0.000613
v -0.000552 -0.000182 -0.000117
v -0.000636 0.000674 -0.000100
v -0.000198 -0.000213 -0.000756
v -0.000026 -0.000162 -0.000783
v -0.000333 0.000202 -0.000708
v -0.000069 0.000071 0.000607
v -0.000030 0.000337 0.000697
v -0.000678 0.000554 0.000385
v -0.000475 0.000547 0.000553
v -0.000571 0.000005 0.000498
v -0.000445 -0.000551 0.000573
v -0.000525 -0.000521 0.000412
v -0.000676 0.000133 0.000004
v -0.000611 0.000692 0.000483
v -0.000655 0.000004 -0.000010
v -0.000595 0.000139 0.000262
v -0.000641 0.000199 0.000087
v -0.000380 -0.000391 0.000626
v -0.000631 0.000298 0.000167
v -0.000599 -0.000230 0.000068
v -0.000349 -0.000501 0.000660
v -0.000094 0.000305 -0.000770
v -0.000603 -0.000100 -0.000053
v -0.000516 -0.000597 -0.000095
v -0.000666 0.000664 0.000154
v -0.000613 0.000465 -0.000062
v -0.000375 0.000425 0.000567
v -0.000118 -0.000611 0.000815
v -0.000264 -0.000195 -0.000720
v -0.000675 0.000695 0.000393
v -0.000205 -0.000508 0.000759
v -0.000289 -0.000636 -0.000720
v -0.000445 -0.000077 0.000551
v -0.000592 -0.000353 -0.000014
v -0.000270 -0.000400 0.000701
v -0.000635 0.000328 -0.000021
v -0.000519 -0.000155 -0.000368
v -0.000331 0.000120 0.000539
v -0.000160 -0.000287 0.000703
v -0.000030 -0.000603 -0.000828
v -0.000284 0.000582 0.000619
v -0.000051 -0.000198 0.000676
v -0.000082 -0.000277 0.000707
v -0.000341 0.000701 0.000578
v -0.000531 -0.000192 0.000532
v -0.000296 -0.000434 -0.000709
v -0.000552 -0.000686 0.000270
v -0.000614 -0.000055 0.000100
v -0.000059 -0.000381 0.000745
v -0.000109 -0.000071 0.000634
v -0.000403 0.000136 -0.000663
v -0.000632 0.000368 -0.000250
v -0.000523 -0.000152 -0.000372
v -0.000644 -0.000097 -0.000122
v -0.000552 0.000395 -0.000414
v -0.000427 0.000416 -0.000667
v -0.000710 0.000190 -0.000059
v -0.000471 -0.000135 -0.000479
v -0.000666 0.000365 -0.000182
v -0.000687 -0.000011 -0.000062
v -0.000686 0.000318 -0.000133
v -0.000696 0.000297 -0.000109
v -0.000433 -0.000015 -0.000577
v -0.000592 -0.000146 -0.000228
v -0.000518 -0.000147 -0.000383
v -0.000452 0.000438 -0.000620
v -0.000627 -0.000113 -0.000162
v -0.000701 0.000060 -0.000049
v -0.000446 0.000440 -0.000634
v -0.000407 0.000307 -0.000686
v -0.000477 0.000430 -0.000569
v -0.000716 0.000147 -0.000033
v -0.000713 0.000129 -0.000040
v -0.000448 -0.000062 -0.000538
v -0.000403 0.000144 -0.000664
v -0.000398 0.000235 -0.000692
v -0.000421 0.000404 -0.000676
v -0.000571 -0.000151 -0.000271
v -0.000596 0.000390 -0.000326
v -0.000424 0.000411 -0.000672
v -0.000657 -0.000072 -0.000107
v -0.000510 0.000415 -0.000501
v -0.000529 -0.000153 -0.000359
v -0.000006 0.000301 0.000687
v -0.000004 -0.000193 0.000671
v -0.000000 -0.000629 0.000825
v -0.000001 -0.000524 0.000795
v -0.000006 0.000184 0.000642
v -0.000005 0.000342 -0.000768
v -0.000006 -0.000040 0.000623
v -0.000006 0.000422 -0.000738
v -0.000004 0.000158 -0.000784
v -0.000006 0.000499 -0.000676
v 0.000000 -0.000534 -0.000821
v -0.000009 0.000047 0.000605
v -0.000007 -0.000441 0.000766
v -0.000009 -0.000414 0.000754
v -0.000008 0.000690 -0.000433
v -0.000003 0.000054 -0.000792
v -0.000004 0.000213 -0.000788
v 0.000001 -0.000610 -0.000826
v -0.000003 0.000070 -0.000792
v -0.000005 0.000088 0.000608
v -0.000002 -0.000158 -0.000779
v -0.000006 0.000510 -0.000644
v -0.000007 0.000674 -0.000447
v -0.000008 -0.000356 0.000729
v -0.000008 0.000667 0.000672
v 0.000218 0.000722 0.000607
v 0.000639 0.000725 0.000177
v 0.000508 0.000725 -0.000347
v 0.000651 0.000725 0.000367
v 0.000469 0.000724 0.000534
v 0.000656 0.000725 0.000305
v 0.000645 0.000725 0.000392
v 0.000256 0.000723 -0.000374
v 0.000080 0.000721 0.000650
v 0.000561 0.000725 -0.000264
v 0.000617 0.000725 -0.000085
v 0.000602 0.000725 -0.000111
v 0.000108 0.000722 -0.000414
v 0.000105 0.000721 0.000641
v 0.000554 0.000725 -0.000275
v 0.000643 0.000725 0.000141
v 0.000400 0.000724 -0.000370
v 0.000637 0.000725 0.000088
v 0.000350 0.000723 0.000569
v 0.000496 0.000725 -0.000353
v 0.000589 0.000724 0.000469
v 0.000554 0.000724 0.000508
v 0.000534 0.000724 0.000520
v 0.000527 0.000724 0.000523
v 0.000309 0.000724 -0.000371
v 0.000564 0.000725 -0.000259
v 0.000321 0.000723 0.000579
v -0.000235 0.000719 0.000607
v -0.000656 0.000717 0.000176
v -0.000524 0.000718 -0.000348
v -0.000668 0.000717 0.000366
v -0.000486 0.000718 0.000533
v -0.000673 0.000717 0.000304
v -0.000662 0.000717 0.000391
v -0.000272 0.000720 -0.000374
v -0.000097 0.000720 0.000650
v -0.000577 0.000718 -0.000265
v -0.000633 0.000717 -0.000086
v -0.000618 0.000718 -0.000112
v -0.000124 0.000721 -0.000414
v -0.000122 0.000720 0.000641
v -0.000570 0.000718 -0.000276
v -0.000660 0.000717 0.000140
v -0.000416 0.000719 -0.000371
v -0.000653 0.000717 0.000087
v -0.000367 0.000718 0.000568
v -0.000512 0.000718 -0.000354
v -0.000606 0.000717 0.000468
v -0.000570 0.000717 0.000507
v -0.000551 0.000717 0.000519
v -0.000544 0.000717 0.000522
v -0.000324 0.000720 -0.000372
v -0.000579 0.000718 -0.000260
v -0.000338 0.000719 0.000578
v -0.000008 0.000722 -0.000424
v -0.000009 0.000721 0.000659
v 0.000185 -0.000707 0.000766
v 0.000199 -0.000707 0.000759
v 0.000404 -0.000707 0.000609
v 0.000317 -0.000707 0.000673
v 0.000037 -0.000711 -0.000849
v 0.000476 -0.000709 -0.000161
v 0.000523 -0.000709 0.000024
v 0.000553 -0.000708 0.000453
v 0.000344 -0.000710 -0.000656
v 0.000406 -0.000707 0.000607
v 0.000351 -0.000710 -0.000633
v 0.000524 -0.000709 0.000027
v 0.000562 -0.000708 0.000437
v 0.000149 -0.000711 -0.000808
v 0.000376 -0.000710 -0.000518
v 0.000382 -0.000710 -0.000478
v 0.000558 -0.000709 0.000121
v 0.000361 -0.000710 -0.000605
v 0.000597 -0.000708 0.000191
v 0.000586 -0.000709 0.000160
v 0.000308 -0.000710 -0.000701
v 0.000593 -0.000708 0.000261
v 0.000238 -0.000710 -0.000759
v 0.000597 -0.000708 0.000221
v 0.000099 -0.000711 -0.000831
v 0.000470 -0.000709 -0.000181
v 0.000286 -0.000710 -0.000726
v 0.000007 -0.000711 -0.000852
v -0.000205 -0.000707 0.000774
v -0.000195 -0.000707 0.000779
v -0.000220 -0.000707 0.000763
v -0.000034 -0.000711 -0.000849
v -0.000471 -0.000707 0.000472
v -0.000342 -0.000710 -0.000656
v -0.000349 -0.000710 -0.000632
v -0.000549 -0.000708 0.000205
v -0.000483 -0.000707 0.000453
v -0.000146 -0.000710 -0.000808
v -0.000372 -0.000710 -0.000512
v -0.000375 -0.000710 -0.000477
v -0.000461 -0.000709 -0.000164
v -0.000358 -0.000710 -0.000605
v -0.000555 -0.000708 0.000256
v -0.000442 -0.000709 -0.000245
v -0.000546 -0.000708 0.000116
v -0.000304 -0.000710 -0.000703
v -0.000547 -0.000708 0.000285
v -0.000432 -0.000709 -0.000292
v -0.000236 -0.000710 -0.000757
v -0.000504 -0.000708 -0.000002
v -0.000554 -0.000708 0.000269
v -0.000495 -0.000709 -0.000051
v -0.000097 -0.000710 -0.000830
v -0.000282 -0.000710 -0.000726
v -0.000021 -0.000707 0.000834
v 0.000002 -0.000711 -0.000851
v -0.000004 -0.000711 -0.000852
v 0.000188 -0.000707 0.000765
v 0.000397 -0.000707 0.000615
vt 0.931136 0.887557
vt 0.935038 0.895543
vt 0.935825 0.888172
vt 0.737740 0.734951
vt 0.738990 0.735758
vt 0.737630 0.734129
vt 0.369902 0.537331
vt 0.367449 0.534873
vt 0.365423 0.537252
vt 0.470474 0.433669
vt 0.468866 0.434028
vt 0.469158 0.434493
vt 0.112134 0.219839
vt 0.109601 0.220982
vt 0.109605 0.221030
vt 0.113978 0.221300
vt 0.516266 0.538499
vt 0.517538 0.538415
vt 0.517267 0.537406
vt 0.101975 0.231752
vt 0.101188 0.238162
vt 0.110094 0.235443
vt 0.696492 0.982578
vt 0.697154 0.981902
vt 0.696112 0.982131
vt 0.517748 0.479075
vt 0.516638 0.482303
vt 0.518446 0.482238
vt 0.010599 0.137593
vt 0.009756 0.138572
vt 0.011497 0.138121
vt 0.923066 0.857332
vt 0.918005 0.860777
vt 0.918144 0.861633
vt 0.923287 0.857328
vt 0.090219 0.257529
vt 0.090231 0.257600
vt 0.093168 0.260943
vt 0.093273 0.255189
vt 0.911476 0.875363
vt 0.918187 0.878859
vt 0.914187 0.871511
vt 0.426891 0.357148
vt 0.428640 0.355025
vt 0.426165 0.353990
vt 0.916648 0.880447
vt 0.917285 0.882067
vt 0.364000 0.908660
vt 0.366619 0.909393
vt 0.367654 0.908096
vt 0.504540 0.632623
vt 0.501995 0.629547
vt 0.501691 0.631982
vt 0.938616 0.902925
vt 0.933581 0.896541
vt 0.936319 0.905189
vt 0.438098 0.160142
vt 0.437118 0.160722
vt 0.436770 0.161707
vt 0.438413 0.160162
vt 0.210588 0.439897
vt 0.210965 0.439905
vt 0.211610 0.439562
vt 0.210872 0.438654
vt 0.427475 0.350563
vt 0.431002 0.351520
vt 0.005601 0.334624
vt 0.004701 0.335410
vt 0.006647 0.335377
vt 0.521732 0.350914
vt 0.521605 0.349423
vt 0.518021 0.348573
vt 0.370210 0.534443
vt 0.366523 0.533215
vt 0.370443 0.531899
vt 0.718065 0.762473
vt 0.714780 0.761264
vt 0.717783 0.759895
vt 0.709273 0.415751
vt 0.710988 0.415310
vt 0.713935 0.411449
vt 0.190958 0.471377
vt 0.189806 0.471743
vt 0.189434 0.472407
vt 0.191181 0.471452
vt 0.312991 0.006941
vt 0.314841 0.009047
vt 0.314670 0.005188
vt 0.502970 0.633898
vt 0.501799 0.638879
vt 0.503438 0.636426
vt 0.319268 0.008674
vt 0.315938 0.015150
vt 0.931095 0.853704
vt 0.930755 0.853894
vt 0.925317 0.859403
vt 0.931240 0.860713
vt 0.933357 0.901882
vt 0.100980 0.575083
vt 0.100625 0.575659
vt 0.100839 0.575877
vt 0.206069 0.973011
vt 0.205228 0.973497
vt 0.205618 0.973450
vt 0.968981 0.187028
vt 0.970280 0.187294
vt 0.970292 0.185840
vt 0.035214 0.382405
vt 0.034080 0.381892
vt 0.034221 0.383054
vt 0.098446 0.254014
vt 0.100359 0.260103
vt 0.290124 0.698219
vt 0.291527 0.695241
vt 0.288521 0.695862
vt 0.099049 0.224485
vt 0.102887 0.224282
vt 0.097927 0.223209
vt 0.792275 0.554782
vt 0.793656 0.556047
vt 0.793748 0.554444
vt 0.029175 0.408615
vt 0.028704 0.410579
vt 0.029618 0.409456
vt 0.941645 0.901563
vt 0.941844 0.901438
vt 0.940370 0.896086
vt 0.948746 0.880702
vt 0.944301 0.877066
vt 0.942478 0.885142
vt 0.118056 0.236225
vt 0.115399 0.237587
vt 0.912699 0.876927
vt 0.198693 0.686730
vt 0.200853 0.684084
vt 0.198961 0.684877
vt 0.082429 0.552128
vt 0.083069 0.551029
vt 0.081397 0.551743
vt 0.923102 0.863738
vt 0.927727 0.862267
vt 0.925563 0.889754
vt 0.918771 0.886279
vt 0.917730 0.889345
vt 0.075802 0.550791
vt 0.075667 0.552014
vt 0.077296 0.550934
vt 0.925173 0.876884
vt 0.929049 0.882395
vt 0.929268 0.878708
vt 0.071324 0.554797
vt 0.071301 0.553282
vt 0.070026 0.554737
vt 0.699196 0.983951
vt 0.700313 0.984689
vt 0.701870 0.983986
vt 0.700378 0.982841
vt 0.368393 0.541045
vt 0.369436 0.540283
vt 0.368084 0.540842
vt 0.339325 0.924960
vt 0.335541 0.925793
vt 0.341091 0.926498
vt 0.296097 0.264179
vt 0.295124 0.263994
vt 0.295652 0.265270
vt 0.946524 0.897621
vt 0.947098 0.896869
vt 0.946781 0.896487
vt 0.627456 0.756957
vt 0.628370 0.756040
vt 0.627394 0.756633
vt 0.940799 0.902220
vt 0.938911 0.903676
vt 0.473080 0.520110
vt 0.473646 0.520201
vt 0.473018 0.519931
vt 0.923149 0.869790
vt 0.926230 0.866915
vt 0.199642 0.817702
vt 0.198900 0.816228
vt 0.199288 0.817800
vt 0.076622 0.688783
vt 0.079150 0.688838
vt 0.078802 0.687678
vt 0.586510 0.917287
vt 0.587460 0.919413
vt 0.590623 0.916418
vt 0.572868 0.794929
vt 0.571843 0.799423
vt 0.575402 0.799337
vt 0.086241 0.243169
vt 0.088256 0.249242
vt 0.090216 0.247261
vt 0.479161 0.070875
vt 0.480235 0.071661
vt 0.480458 0.070471
vt 0.932750 0.876696
vt 0.930045 0.872630
vt 0.513318 0.474823
vt 0.514312 0.472675
vt 0.510123 0.470588
vt 0.509825 0.472843
vt 0.099686 0.243402
vt 0.096242 0.238625
vt 0.093885 0.247497
vt 0.103162 0.269065
vt 0.101001 0.265345
vt 0.098188 0.267131
vt 0.779748 0.139197
vt 0.778150 0.139630
vt 0.779018 0.140695
vt 0.696994 0.983309
vt 0.581067 0.915241
vt 0.577859 0.919178
vt 0.582373 0.917443
vt 0.568541 0.868111
vt 0.565814 0.869315
vt 0.568856 0.870623
vt 0.910349 0.865603
vt 0.918316 0.866832
vt 0.933578 0.863794
vt 0.935959 0.882241
vt 0.946071 0.891777
vt 0.322769 0.006274
vt 0.325449 0.010989
vt 0.325752 0.007876
vt 0.712729 0.816086
vt 0.709897 0.813233
vt 0.707493 0.816748
vt 0.932420 0.869116
vt 0.937081 0.884398
vt 0.949874 0.886640
vt 0.934668 0.873988
vt 0.086967 0.228590
vt 0.089804 0.231010
vt 0.088953 0.228157
vt 0.894538 0.610713
vt 0.893090 0.611114
vt 0.892447 0.612683
vt 0.642508 0.364635
vt 0.644719 0.368364
vt 0.645173 0.361965
vt 0.940686 0.890528
vt 0.771654 0.215058
vt 0.775090 0.215262
vt 0.772708 0.213947
vt 0.923258 0.883664
vt 0.921300 0.878856
vt 0.943365 0.874709
vt 0.943473 0.875581
vt 0.943934 0.875354
vt 0.478133 0.521014
vt 0.478736 0.520012
vt 0.478030 0.519579
vt 0.649335 0.018616
vt 0.649242 0.020134
vt 0.649550 0.020463
vt 0.082370 0.230181
vt 0.080714 0.230792
vt 0.082178 0.235129
vt 0.085423 0.233902
vt 0.943638 0.900774
vt 0.872252 0.513344
vt 0.872389 0.512141
vt 0.871419 0.512266
vt 0.254031 0.070824
vt 0.254808 0.070107
vt 0.253784 0.070488
vt 0.112460 0.231613
vt 0.108281 0.230709
vt 0.926252 0.896937
vt 0.923177 0.894748
vt 0.909657 0.863685
vt 0.911025 0.863572
vt 0.496205 0.477668
vt 0.493258 0.473990
vt 0.493616 0.479526
vt 0.108137 0.241168
vt 0.104985 0.245205
vt 0.409811 0.954756
vt 0.409584 0.954651
vt 0.409173 0.955025
vt 0.919300 0.895072
vt 0.919684 0.895319
vt 0.920226 0.894499
vt 0.115239 0.219540
vt 0.114085 0.219528
vt 0.116206 0.221084
vt 0.342373 0.109378
vt 0.344095 0.109992
vt 0.343986 0.109861
vt 0.285840 0.451142
vt 0.285112 0.452152
vt 0.287203 0.451840
vt 0.315617 0.750915
vt 0.318739 0.749407
vt 0.318094 0.747760
vt 0.105202 0.267046
vt 0.104966 0.266829
vt 0.921811 0.900786
vt 0.923423 0.899692
vt 0.920025 0.896722
vt 0.888357 0.368119
vt 0.889015 0.368136
vt 0.886665 0.366385
vt 0.886907 0.367930
vt 0.769539 0.112366
vt 0.767930 0.113881
vt 0.769524 0.114016
vt 0.504261 0.627406
vt 0.447040 0.057557
vt 0.448610 0.057492
vt 0.447515 0.056835
vt 0.760793 0.976181
vt 0.759675 0.977031
vt 0.760648 0.977543
vt 0.922499 0.669357
vt 0.923151 0.670776
vt 0.923851 0.669434
vt 0.094138 0.264720
vt 0.591020 0.923401
vt 0.594527 0.920504
vt 0.592993 0.918761
vt 0.092943 0.238540
vt 0.784136 0.225116
vt 0.783379 0.223484
vt 0.782523 0.223880
vt 0.461003 0.734798
vt 0.462868 0.736081
vt 0.462518 0.732655
vt 0.765883 0.081808
vt 0.767602 0.081498
vt 0.767604 0.079225
vt 0.108529 0.227629
vt 0.713843 0.414800
vt 0.716880 0.413571
vt 0.104607 0.248748
vt 0.105288 0.245269
vt 0.500168 0.786915
vt 0.496909 0.786042
vt 0.497884 0.787450
vt 0.083911 0.229703
vt 0.008033 0.942524
vt 0.006609 0.945368
vt 0.008243 0.944960
vt 0.092167 0.226981
vt 0.090103 0.227710
vt 0.949243 0.894826
vt 0.118182 0.232236
vt 0.471518 0.432539
vt 0.470586 0.431737
vt 0.873373 0.505538
vt 0.872696 0.503120
vt 0.871615 0.504041
vt 0.881227 0.997740
vt 0.883214 0.998090
vt 0.882521 0.997058
vt 0.199680 0.965052
vt 0.201896 0.967842
vt 0.202754 0.966596
vt 0.502007 0.624853
vt 0.501118 0.626124
vt 0.974856 0.834850
vt 0.975688 0.833779
vt 0.975798 0.831305
vt 0.321649 0.007861
vt 0.320395 0.011701
vt 0.118035 0.222585
vt 0.116808 0.224470
vt 0.593931 0.592114
vt 0.593872 0.586344
vt 0.592369 0.590440
vt 0.058259 0.663343
vt 0.061803 0.664393
vt 0.060073 0.662695
vt 0.763694 0.977906
vt 0.762569 0.976058
vt 0.763213 0.979662
vt 0.922938 0.873411
vt 0.472808 0.520174
vt 0.108109 0.243846
vt 0.108188 0.243593
vt 0.915228 0.068906
vt 0.913589 0.069713
vt 0.914744 0.070033
vt 0.920362 0.892796
vt 0.069629 0.026102
vt 0.070778 0.026844
vt 0.071681 0.025089
vt 0.262771 0.850015
vt 0.263065 0.849020
vt 0.262502 0.849489
vt 0.326019 0.011617
vt 0.327605 0.012230
vt 0.327652 0.012065
vt 0.326010 0.078947
vt 0.324896 0.078785
vt 0.324496 0.080289
vt 0.519983 0.481487
vt 0.943951 0.629461
vt 0.943270 0.628540
vt 0.942081 0.630969
vt 0.928178 0.883437
vt 0.712991 0.767182
vt 0.713143 0.762311
vt 0.105439 0.267103
vt 0.106450 0.268167
vt 0.107138 0.267627
vt 0.649574 0.603676
vt 0.651877 0.605197
vt 0.653306 0.605620
vt 0.651124 0.603119
vt 0.923390 0.857174
vt 0.926375 0.855834
vt 0.750939 0.206362
vt 0.754196 0.207488
vt 0.753231 0.206936
vt 0.919691 0.883347
vt 0.558955 0.867693
vt 0.560142 0.868497
vt 0.082360 0.236626
vt 0.084310 0.241201
vt 0.643058 0.360855
vt 0.573517 0.794526
vt 0.576110 0.795850
vt 0.653217 0.606110
vt 0.318158 0.004969
vt 0.373400 0.538329
vt 0.876431 0.383357
vt 0.876892 0.384788
vt 0.878989 0.384414
vt 0.395523 0.867634
vt 0.393293 0.870056
vt 0.397232 0.867986
vt 0.921451 0.901548
vt 0.920651 0.902961
vt 0.920967 0.903105
vt 0.537697 0.131984
vt 0.536561 0.130318
vt 0.535895 0.130912
vt 0.580640 0.918476
vt 0.262063 0.073535
vt 0.262203 0.070896
vt 0.260432 0.067442
vt 0.260047 0.073409
vt 0.432064 0.354727
vt 0.347448 0.588304
vt 0.346385 0.589465
vt 0.347524 0.589702
vt 0.941036 0.877913
vt 0.939090 0.876348
vt 0.904245 0.463869
vt 0.902609 0.465076
vt 0.902837 0.465934
vt 0.918212 0.892677
vt 0.916526 0.890016
vt 0.309100 0.864881
vt 0.310612 0.862307
vt 0.308274 0.862590
vt 0.123239 0.090172
vt 0.123026 0.088832
vt 0.122004 0.090433
vt 0.955272 0.776299
vt 0.955717 0.774572
vt 0.954014 0.773980
vt 0.310115 0.842243
vt 0.309927 0.846035
vt 0.311182 0.845477
vt 0.118561 0.230381
vt 0.772818 0.298949
vt 0.772984 0.299317
vt 0.773501 0.298111
vt 0.948843 0.880300
vt 0.949092 0.880501
vt 0.710112 0.816623
vt 0.935248 0.906057
vt 0.373050 0.534904
vt 0.595681 0.917665
vt 0.641222 0.367615
vt 0.642614 0.368062
vt 0.936622 0.864778
vt 0.029887 0.654849
vt 0.029881 0.656718
vt 0.030843 0.654058
vt 0.719590 0.573111
vt 0.723350 0.574558
vt 0.721912 0.572704
vt 0.097294 0.228522
vt 0.095181 0.231546
vt 0.282687 0.673250
vt 0.283158 0.672258
vt 0.281432 0.673021
vt 0.077077 0.439888
vt 0.077609 0.439562
vt 0.077268 0.439317
vt 0.932325 0.883043
vt 0.109573 0.220999
vt 0.595367 0.923940
vt 0.026143 0.799180
vt 0.028536 0.801621
vt 0.029698 0.798445
vt 0.917233 0.861188
vt 0.929078 0.885008
vt 0.102831 0.260805
vt 0.102688 0.257487
vt 0.515359 0.471805
vt 0.513352 0.469391
vt 0.106855 0.263913
vt 0.104006 0.263110
vt 0.511454 0.468389
vt 0.512557 0.467361
vt 0.512167 0.467153
vt 0.510939 0.467019
vt 0.512559 0.468890
vt 0.512653 0.467882
vt 0.104115 0.250897
vt 0.513991 0.345594
vt 0.517221 0.346260
vt 0.516209 0.345905
vt 0.913892 0.887842
vt 0.516612 0.475093
vt 0.518226 0.478125
vt 0.739216 0.734792
vt 0.739180 0.735896
vt 0.868276 0.488947
vt 0.867388 0.487192
vt 0.865924 0.488106
vt 0.866105 0.488269
vt 0.140918 0.637137
vt 0.140593 0.635890
vt 0.140177 0.636057
vt 0.140212 0.636702
vt 0.102637 0.257220
vt 0.771347 0.215731
vt 0.777757 0.219696
vt 0.283811 0.172619
vt 0.283735 0.172483
vt 0.283491 0.172551
vt 0.581793 0.914660
vt 0.581121 0.914524
vt 0.582852 0.914746
vt 0.257294 0.962029
vt 0.257458 0.962714
vt 0.258111 0.962900
vt 0.427807 0.412470
vt 0.429413 0.413791
vt 0.429812 0.413793
vt 0.428988 0.411411
vt 0.594229 0.915916
vt 0.592147 0.915614
vt 0.107055 0.431498
vt 0.107213 0.431859
vt 0.108401 0.432202
vt 0.609049 0.925872
vt 0.611434 0.924835
vt 0.607115 0.923640
vt 0.951928 0.884518
vt 0.950888 0.883027
vt 0.251936 0.193954
vt 0.250395 0.194008
vt 0.250301 0.194021
vt 0.251955 0.194969
vt 0.598865 0.919726
vt 0.599282 0.918615
vt 0.598701 0.917761
vt 0.598325 0.917991
vt 0.468445 0.435517
vt 0.468858 0.435632
vt 0.787408 0.225578
vt 0.786896 0.226315
vt 0.787560 0.226438
vt 0.423413 0.405659
vt 0.424044 0.407964
vt 0.426352 0.411394
vt 0.426780 0.411025
vt 0.580317 0.914469
vt 0.577077 0.913913
vt 0.867466 0.348021
vt 0.864990 0.349573
vt 0.865279 0.350443
vt 0.867117 0.350343
vt 0.428198 0.357993
vt 0.430371 0.356963
vt 0.427780 0.357719
vt 0.572703 0.914432
vt 0.573820 0.914500
vt 0.574205 0.911919
vt 0.573718 0.911823
vt 0.575205 0.912562
vt 0.590580 0.915604
vt 0.272403 0.265869
vt 0.271896 0.265877
vt 0.272603 0.266114
vt 0.114346 0.708347
vt 0.113793 0.707736
vt 0.113565 0.707860
vt 0.113606 0.708951
vt 0.602427 0.921125
vt 0.601952 0.920366
vt 0.931136 0.887557
vt 0.935825 0.888172
vt 0.935038 0.895543
vt 0.737740 0.734951
vt 0.737630 0.734129
vt 0.738990 0.735758
vt 0.369902 0.537331
vt 0.365423 0.537252
vt 0.367449 0.534873
vt 0.468866 0.434028
vt 0.516266 0.538499
vt 0.517267 0.537406
vt 0.517538 0.538415
vt 0.101975 0.231752
vt 0.110094 0.235443
vt 0.101188 0.238162
vt 0.696492 0.982578
vt 0.696112 0.982131
vt 0.697154 0.981902
vt 0.517748 0.479075
vt 0.518446 0.482238
vt 0.516638 0.482303
vt 0.010399 0.137825
vt 0.010827 0.137727
vt 0.011497 0.138121
vt 0.009756 0.138572
vt 0.917993 0.860702
vt 0.923287 0.857328
vt 0.918144 0.861633
vt 0.093273 0.255189
vt 0.093168 0.260943
vt 0.911476 0.875363
vt 0.914187 0.871511
vt 0.918187 0.878859
vt 0.426891 0.357148
vt 0.426165 0.353990
vt 0.428640 0.355025
vt 0.917285 0.882067
vt 0.916648 0.880447
vt 0.364000 0.908660
vt 0.367654 0.908096
vt 0.366619 0.909393
vt 0.504540 0.632623
vt 0.501691 0.631982
vt 0.501995 0.629547
vt 0.938616 0.902925
vt 0.936319 0.905189
vt 0.933581 0.896541
vt 0.438413 0.160162
vt 0.436770 0.161707
vt 0.210872 0.438654
vt 0.211610 0.439562
vt 0.427475 0.350563
vt 0.431002 0.351520
vt 0.005601 0.334624
vt 0.006647 0.335377
vt 0.004701 0.335410
vt 0.521732 0.350914
vt 0.518021 0.348573
vt 0.521605 0.349423
vt 0.366523 0.533215
vt 0.370210 0.534443
vt 0.370443 0.531899
vt 0.718065 0.762473
vt 0.717783 0.759895
vt 0.714780 0.761264
vt 0.709273 0.415751
vt 0.713935 0.411449
vt 0.710988 0.415310
vt 0.189790 0.471772
vt 0.191001 0.471391
vt 0.191181 0.471452
vt 0.189434 0.472407
vt 0.312991 0.006941
vt 0.314670 0.005188
vt 0.314841 0.009047
vt 0.502970 0.633898
vt 0.503438 0.636426
vt 0.501799 0.638879
vt 0.319268 0.008674
vt 0.315938 0.015150
vt 0.930422 0.854232
vt 0.931101 0.853956
vt 0.931240 0.860713
vt 0.925317 0.859403
vt 0.933357 0.901882
vt 0.100839 0.575877
vt 0.205906 0.973106
vt 0.205576 0.973455
vt 0.205228 0.973497
vt 0.968981 0.187028
vt 0.970292 0.185840
vt 0.970280 0.187294
vt 0.035214 0.382405
vt 0.034221 0.383054
vt 0.034080 0.381892
vt 0.098446 0.254014
vt 0.100359 0.260103
vt 0.290124 0.698219
vt 0.288521 0.695862
vt 0.291527 0.695241
vt 0.099049 0.224485
vt 0.097927 0.223209
vt 0.102887 0.224282
vt 0.792275 0.554782
vt 0.793748 0.554444
vt 0.793656 0.556047
vt 0.029175 0.408615
vt 0.029618 0.409456
vt 0.028704 0.410579
vt 0.941844 0.901438
vt 0.941645 0.901563
vt 0.940370 0.896086
vt 0.948746 0.880702
vt 0.942478 0.885142
vt 0.944301 0.877066
vt 0.118056 0.236225
vt 0.115399 0.237587
vt 0.912699 0.876927
vt 0.198693 0.686730
vt 0.198961 0.684877
vt 0.200853 0.684084
vt 0.082429 0.552128
vt 0.081397 0.551743
vt 0.083069 0.551029
vt 0.923102 0.863738
vt 0.927727 0.862267
vt 0.925563 0.889754
vt 0.917730 0.889345
vt 0.918771 0.886279
vt 0.075802 0.550791
vt 0.077296 0.550934
vt 0.075667 0.552014
vt 0.925173 0.876884
vt 0.929268 0.878708
vt 0.929049 0.882395
vt 0.071324 0.554797
vt 0.070026 0.554737
vt 0.071301 0.553282
vt 0.700313 0.984689
vt 0.699196 0.983951
vt 0.700378 0.982841
vt 0.701870 0.983986
vt 0.369436 0.540283
vt 0.368393 0.541045
vt 0.368084 0.540842
vt 0.339325 0.924960
vt 0.341091 0.926498
vt 0.335541 0.925793
vt 0.296097 0.264179
vt 0.295652 0.265270
vt 0.295124 0.263994
vt 0.946524 0.897621
vt 0.946781 0.896487
vt 0.947098 0.896869
vt 0.627456 0.756957
vt 0.627394 0.756633
vt 0.628370 0.756040
vt 0.940799 0.902220
vt 0.938911 0.903676
vt 0.473080 0.520110
vt 0.473018 0.519931
vt 0.473646 0.520201
vt 0.926230 0.866915
vt 0.923149 0.869790
vt 0.199642 0.817702
vt 0.199288 0.817800
vt 0.198900 0.816228
vt 0.076622 0.688783
vt 0.078802 0.687678
vt 0.079150 0.688838
vt 0.586510 0.917287
vt 0.590623 0.916418
vt 0.587460 0.919413
vt 0.572868 0.794929
vt 0.575402 0.799337
vt 0.571843 0.799423
vt 0.086241 0.243169
vt 0.090216 0.247261
vt 0.088256 0.249242
vt 0.479161 0.070875
vt 0.480458 0.070471
vt 0.480235 0.071661
vt 0.932750 0.876696
vt 0.930045 0.872630
vt 0.513318 0.474823
vt 0.510123 0.470588
vt 0.514312 0.472675
vt 0.509825 0.472843
vt 0.096242 0.238625
vt 0.099686 0.243402
vt 0.093885 0.247497
vt 0.103162 0.269065
vt 0.098188 0.267131
vt 0.101001 0.265345
vt 0.042579 0.941264
vt 0.043235 0.940494
vt 0.043381 0.940414
vt 0.779748 0.139197
vt 0.779018 0.140695
vt 0.778150 0.139630
vt 0.696994 0.983309
vt 0.581067 0.915241
vt 0.582373 0.917443
vt 0.577859 0.919178
vt 0.568541 0.868111
vt 0.568856 0.870623
vt 0.565814 0.869315
vt 0.918316 0.866832
vt 0.910349 0.865603
vt 0.933578 0.863794
vt 0.935959 0.882241
vt 0.946071 0.891777
vt 0.322769 0.006274
vt 0.325752 0.007876
vt 0.325449 0.010989
vt 0.712729 0.816086
vt 0.707493 0.816748
vt 0.709897 0.813233
vt 0.932420 0.869116
vt 0.937081 0.884398
vt 0.949874 0.886640
vt 0.934668 0.873988
vt 0.087081 0.228687
vt 0.088994 0.228294
vt 0.089804 0.231010
vt 0.894538 0.610713
vt 0.892447 0.612683
vt 0.893090 0.611114
vt 0.642508 0.364635
vt 0.645173 0.361965
vt 0.644719 0.368364
vt 0.940686 0.890528
vt 0.771654 0.215058
vt 0.772708 0.213947
vt 0.775090 0.215262
vt 0.921300 0.878856
vt 0.923258 0.883664
vt 0.943473 0.875581
vt 0.478133 0.521014
vt 0.478030 0.519579
vt 0.478736 0.520012
vt 0.649550 0.020463
vt 0.080720 0.230812
vt 0.082408 0.230227
vt 0.085423 0.233902
vt 0.082178 0.235129
vt 0.943638 0.900774
vt 0.872253 0.513344
vt 0.871419 0.512265
vt 0.872389 0.512141
vt 0.254808 0.070107
vt 0.112460 0.231613
vt 0.108281 0.230709
vt 0.926252 0.896937
vt 0.923177 0.894748
vt 0.910156 0.865069
vt 0.910630 0.864759
vt 0.496205 0.477668
vt 0.493616 0.479526
vt 0.493258 0.473990
vt 0.108137 0.241168
vt 0.104985 0.245205
vt 0.919300 0.895072
vt 0.920226 0.894499
vt 0.919684 0.895319
vt 0.115926 0.220636
vt 0.116206 0.221084
vt 0.115245 0.221177
vt 0.285840 0.451142
vt 0.287203 0.451840
vt 0.285112 0.452152
vt 0.315617 0.750915
vt 0.318094 0.747760
vt 0.318739 0.749407
vt 0.105202 0.267046
vt 0.104966 0.266829
vt 0.921811 0.900786
vt 0.920025 0.896722
vt 0.923423 0.899692
vt 0.889015 0.368136
vt 0.888357 0.368119
vt 0.886907 0.367930
vt 0.886665 0.366385
vt 0.769539 0.112366
vt 0.769524 0.114016
vt 0.767930 0.113881
vt 0.504261 0.627406
vt 0.447040 0.057557
vt 0.447515 0.056835
vt 0.448610 0.057492
vt 0.760793 0.976181
vt 0.760648 0.977543
vt 0.759675 0.977031
vt 0.922499 0.669357
vt 0.923851 0.669434
vt 0.923151 0.670776
vt 0.094138 0.264720
vt 0.591020 0.923401
vt 0.592993 0.918761
vt 0.594527 0.920504
vt 0.092943 0.238540
vt 0.783379 0.223484
vt 0.765883 0.081808
vt 0.767604 0.079225
vt 0.767602 0.081498
vt 0.108529 0.227629
vt 0.716880 0.413571
vt 0.713843 0.414800
vt 0.104607 0.248748
vt 0.105288 0.245269
vt 0.500168 0.786915
vt 0.497884 0.787450
vt 0.496909 0.786042
vt 0.083939 0.229781
vt 0.008033 0.942524
vt 0.008243 0.944960
vt 0.006609 0.945368
vt 0.090087 0.227882
vt 0.092226 0.227149
vt 0.949243 0.894826
vt 0.118182 0.232236
vt 0.470586 0.431737
vt 0.873373 0.505538
vt 0.871615 0.504041
vt 0.872696 0.503120
vt 0.881227 0.997740
vt 0.882521 0.997058
vt 0.883214 0.998090
vt 0.199680 0.965052
vt 0.202754 0.966596
vt 0.201896 0.967842
vt 0.502007 0.624853
vt 0.501118 0.626124
vt 0.974856 0.834850
vt 0.975798 0.831305
vt 0.975688 0.833779
vt 0.321649 0.007861
vt 0.320395 0.011701
vt 0.118035 0.222585
vt 0.116808 0.224470
vt 0.593931 0.592114
vt 0.592369 0.590440
vt 0.593872 0.586344
vt 0.763694 0.977906
vt 0.763213 0.979662
vt 0.762569 0.976058
vt 0.922938 0.873411
vt 0.472808 0.520174
vt 0.108188 0.243593
vt 0.108109 0.243846
vt 0.915228 0.068906
vt 0.914744 0.070033
vt 0.913589 0.069713
vt 0.920362 0.892796
vt 0.069629 0.026102
vt 0.071681 0.025089
vt 0.070778 0.026844
vt 0.114586 0.221981
vt 0.111430 0.221901
vt 0.262771 0.850015
vt 0.262502 0.849489
vt 0.263065 0.849020
vt 0.327605 0.012230
vt 0.326019 0.011617
vt 0.327652 0.012065
vt 0.326010 0.078947
vt 0.324496 0.080289
vt 0.324896 0.078785
vt 0.519983 0.481487
vt 0.943951 0.629461
vt 0.942081 0.630969
vt 0.943270 0.628540
vt 0.928178 0.883437
vt 0.713143 0.762311
vt 0.712991 0.767182
vt 0.105439 0.267103
vt 0.107138 0.267627
vt 0.106450 0.268167
vt 0.651124 0.603119
vt 0.653306 0.605620
vt 0.753235 0.206938
vt 0.754196 0.207488
vt 0.750941 0.206363
vt 0.919691 0.883347
vt 0.558955 0.867693
vt 0.560142 0.868497
vt 0.643058 0.360855
vt 0.573517 0.794526
vt 0.576110 0.795850
vt 0.318158 0.004969
vt 0.373400 0.538329
vt 0.876431 0.383357
vt 0.878989 0.384414
vt 0.876892 0.384788
vt 0.395523 0.867634
vt 0.397232 0.867986
vt 0.393293 0.870056
vt 0.921451 0.901548
vt 0.920967 0.903105
vt 0.920651 0.902961
vt 0.537697 0.131984
vt 0.535895 0.130912
vt 0.536561 0.130318
vt 0.580640 0.918476
vt 0.262063 0.073535
vt 0.260432 0.067442
vt 0.262203 0.070896
vt 0.260047 0.073409
vt 0.432064 0.354727
vt 0.347448 0.588304
vt 0.347524 0.589702
vt 0.346385 0.589465
vt 0.941036 0.877913
vt 0.939090 0.876348
vt 0.904245 0.463869
vt 0.902837 0.465934
vt 0.902609 0.465076
vt 0.918212 0.892677
vt 0.916526 0.890016
vt 0.309100 0.864881
vt 0.308274 0.862590
vt 0.310612 0.862307
vt 0.123239 0.090172
vt 0.122004 0.090433
vt 0.123026 0.088832
vt 0.955272 0.776299
vt 0.954014 0.773980
vt 0.955717 0.774572
vt 0.310115 0.842243
vt 0.311182 0.845477
vt 0.309927 0.846035
vt 0.118561 0.230381
vt 0.772984 0.299317
vt 0.710112 0.816623
vt 0.935248 0.906057
vt 0.373050 0.534904
vt 0.595681 0.917665
vt 0.642614 0.368062
vt 0.641222 0.367615
vt 0.936622 0.864778
vt 0.029887 0.654849
vt 0.030843 0.654058
vt 0.029881 0.656718
vt 0.719590 0.573111
vt 0.721912 0.572704
vt 0.723350 0.574558
vt 0.095181 0.231546
vt 0.097294 0.228522
vt 0.281781 0.673085
vt 0.281432 0.673021
vt 0.281933 0.672800
vt 0.077087 0.439858
vt 0.077268 0.439317
vt 0.077592 0.439550
vt 0.932325 0.883043
vt 0.595367 0.923940
vt 0.026143 0.799180
vt 0.029698 0.798445
vt 0.028536 0.801621
vt 0.917404 0.861272
vt 0.929078 0.885008
vt 0.102688 0.257487
vt 0.102831 0.260805
vt 0.513352 0.469391
vt 0.515359 0.471805
vt 0.104006 0.263110
vt 0.106855 0.263913
vt 0.511454 0.468389
vt 0.510939 0.467019
vt 0.512167 0.467153
vt 0.512557 0.467361
vt 0.512559 0.468890
vt 0.512653 0.467882
vt 0.104115 0.250897
vt 0.513991 0.345594
vt 0.516209 0.345905
vt 0.517221 0.346260
vt 0.913892 0.887842
vt 0.516612 0.475093
vt 0.518226 0.478125
vt 0.739216 0.734792
vt 0.739180 0.735896
vt 0.868276 0.488947
vt 0.866105 0.488269
vt 0.865924 0.488106
vt 0.867388 0.487192
vt 0.140918 0.637137
vt 0.140212 0.636702
vt 0.140177 0.636057
vt 0.140593 0.635890
vt 0.102637 0.257220
vt 0.283811 0.172619
vt 0.257294 0.962029
vt 0.427807 0.412470
vt 0.428988 0.411411
vt 0.107055 0.431498
vt 0.609049 0.925872
vt 0.251936 0.193954
vt 0.251955 0.194969
vt 0.598865 0.919726
vt 0.598325 0.917991
vt 0.468445 0.435517
vt 0.787408 0.225578
vt 0.423413 0.405659
vt 0.426780 0.411025
vt 0.867466 0.348021
vt 0.867117 0.350343
vt 0.572784 0.914437
vt 0.573820 0.914500
vt 0.272403 0.265869
vt 0.114346 0.708347
vt 0.113606 0.708951
vt 0.602427 0.921125
vt 0.371886 0.540975
vt 0.369884 0.539796
vt 0.470030 0.430573
vt 0.470338 0.429767
vt 0.471501 0.431592
vt 0.471257 0.431992
vt 0.897244 0.295193
vt 0.898363 0.294427
vt 0.898447 0.294837
vt 0.897284 0.295203
vt 0.695041 0.981916
vt 0.695465 0.981642
vt 0.312233 0.018924
vt 0.312269 0.018965
vt 0.312378 0.019158
vt 0.379043 0.539252
vt 0.379091 0.539275
vt 0.379018 0.539280
vt 0.706241 0.819848
vt 0.704458 0.820202
vt 0.704724 0.819735
vt 0.492859 0.478905
vt 0.491919 0.474835
vt 0.103721 0.778534
vt 0.105074 0.779960
vt 0.104761 0.780366
vt 0.103608 0.779074
vt 0.936868 0.905581
vt 0.936647 0.906024
vt 0.372314 0.540867
vt 0.901700 0.465754
vt 0.902680 0.466037
vt 0.901709 0.466522
vt 0.951551 0.892515
vt 0.369884 0.539796
vt 0.371886 0.540975
vt 0.470030 0.430573
vt 0.470338 0.429767
vt 0.897244 0.295193
vt 0.897284 0.295203
vt 0.898447 0.294837
vt 0.898363 0.294427
vt 0.695465 0.981642
vt 0.695041 0.981916
vt 0.312233 0.018924
vt 0.312378 0.019158
vt 0.312269 0.018965
vt 0.379043 0.539252
vt 0.379018 0.539280
vt 0.379091 0.539275
vt 0.704724 0.819735
vt 0.704458 0.820202
vt 0.706241 0.819848
vt 0.491919 0.474835
vt 0.492859 0.478905
vt 0.103721 0.778534
vt 0.103608 0.779074
vt 0.104761 0.780366
vt 0.105074 0.779960
vt 0.936647 0.906023
vt 0.936868 0.905581
vt 0.372314 0.540867
vt 0.901700 0.465754
vt 0.901709 0.466522
vt 0.902680 0.466037
vt 0.951551 0.892515
vt 0.754295 0.208246
vt 0.751004 0.206530
vt 0.461003 0.734798
vt 0.462230 0.733062
vt 0.462426 0.735777
vt 0.058259 0.663343
vt 0.060073 0.662695
vt 0.060740 0.663350
vt 0.061131 0.664194
vt 0.342373 0.109378
vt 0.343986 0.109861
vt 0.344083 0.109978
vt 0.342569 0.109500
vt 0.802310 0.599897
vt 0.798640 0.601623
vt 0.798904 0.601393
vt 0.802100 0.599884
vt 0.093108 0.227445
vt 0.093824 0.228450
vt 0.980999 0.683960
vt 0.980285 0.687535
vt 0.979791 0.686473
vt 0.980363 0.684895
vt 0.933147 0.856453
vt 0.931321 0.853873
vt 0.802310 0.599897
vt 0.802052 0.599881
vt 0.799275 0.601070
vt 0.798640 0.601623
vt 0.093762 0.228308
vt 0.093016 0.227263
vt 0.980999 0.683960
vt 0.980335 0.684937
vt 0.979784 0.686457
vt 0.980285 0.687535
vt 0.971075 0.680221
vt 0.971065 0.680205
vt 0.969881 0.681154
vt 0.969788 0.681723
vt 0.923154 0.857291
vt 0.458770 0.944926
vt 0.807269 0.879111
vt 0.458841 0.944820
vt 0.041533 0.942490
vt 0.041858 0.942214
vt 0.043235 0.940494
vt 0.933147 0.856453
vt 0.931176 0.853670
vt 0.792943 0.585180
vn 0.0514 0.1185 0.9916
vn 0.0543 0.0716 0.9960
vn 0.0854 0.1039 0.9909
vn 0.1891 -0.9068 0.3768
vn 0.1966 -0.9164 0.3486
vn 0.2386 -0.8941 0.3791
vn 0.2769 0.2665 -0.9232
vn 0.2827 0.3190 -0.9046
vn 0.3154 0.2844 -0.9053
vn 0.7213 0.0761 -0.6884
vn 0.0549 0.4630 -0.8846
vn 0.0407 0.9442 -0.3268
vn 0.9356 0.0086 -0.3531
vn 0.9399 0.0110 -0.3412
vn 0.9461 -0.0038 -0.3240
vn 0.9346 -0.0162 -0.3554
vn 0.2940 0.0447 -0.9548
vn 0.2976 0.0696 -0.9521
vn 0.3054 0.0585 -0.9504
vn 0.9144 -0.1316 -0.3829
vn 0.9148 -0.1589 -0.3713
vn 0.9045 -0.1584 -0.3959
vn 0.9890 0.0791 -0.1247
vn 0.9859 0.1108 -0.1253
vn 0.9914 0.0894 -0.0957
vn 0.9850 0.0970 -0.1429
vn 0.9866 0.0466 -0.1563
vn 0.9825 0.0877 -0.1645
vn 0.9683 -0.1549 -0.1960
vn 0.9703 -0.1785 -0.1631
vn 0.9628 -0.1800 -0.2013
vn 0.7309 0.0751 0.6783
vn 0.7160 0.0726 0.6943
vn 0.7163 0.0568 0.6955
vn 0.7341 0.0607 0.6763
vn 0.0540 0.6227 -0.7806
vn 0.6498 0.2666 -0.7118
vn 0.0742 -0.1611 -0.9841
vn 0.0782 -0.1348 -0.9878
vn 0.9778 -0.0528 0.2026
vn 0.9820 -0.0708 0.1749
vn 0.9839 -0.0523 0.1709
vn 0.1132 0.8347 -0.5390
vn 0.1047 0.8258 -0.5541
vn 0.0815 0.8361 -0.5425
vn 0.9932 -0.1161 0.0030
vn 0.9930 -0.1143 0.0282
vn 0.9913 -0.1306 0.0132
vn 0.9652 -0.2585 0.0398
vn 0.9648 -0.2623 0.0181
vn 0.9710 -0.2374 0.0294
vn 0.9995 0.0229 0.0201
vn 0.9983 0.0524 0.0240
vn 0.9986 0.0251 0.0473
vn 0.8330 0.0488 0.5512
vn 0.8161 0.1068 0.5680
vn 0.7996 0.0495 0.5985
vn -0.0438 -0.4376 0.8981
vn 0.5154 -0.0465 0.8557
vn -0.0873 0.1721 0.9812
vn -0.1063 0.1105 0.9882
vn 0.1649 0.9849 0.0531
vn 0.7362 0.6765 0.0196
vn 0.2571 0.6544 -0.7111
vn 0.2414 0.6736 -0.6986
vn 0.2531 0.6641 -0.7035
vn 0.2731 0.6652 -0.6949
vn 0.2776 0.6456 -0.7114
vn 0.0850 0.5618 -0.8229
vn 0.1020 0.5827 -0.8063
vn 0.1200 0.5646 -0.8166
vn 0.9973 0.0710 0.0197
vn 0.9954 0.0923 0.0252
vn 0.9969 0.0678 0.0403
vn 0.6247 0.5364 -0.5674
vn 0.5720 0.5562 -0.6029
vn 0.6028 0.5710 -0.5573
vn 0.8833 0.1136 -0.4549
vn 0.8781 0.1677 -0.4480
vn 0.8897 0.1613 -0.4271
vn 0.9671 -0.2079 0.1466
vn 0.9708 -0.2043 0.1255
vn 0.9730 -0.1846 0.1384
vn 0.8615 -0.0372 -0.5064
vn 0.8566 -0.0060 -0.5160
vn 0.8722 -0.0082 -0.4890
vn 0.9812 -0.0202 -0.1918
vn 0.9907 -0.0214 -0.1347
vn 0.9836 -0.0841 -0.1594
vn 0.9810 -0.0444 -0.1888
vn 0.9612 0.2155 0.1723
vn 0.9694 0.1998 0.1428
vn 0.9666 0.2174 0.1358
vn 0.9789 -0.1014 0.1774
vn 0.9752 -0.1314 0.1779
vn 0.9792 -0.1317 0.1544
vn 0.9781 -0.1214 -0.1693
vn 0.9808 -0.1158 -0.1572
vn 0.9797 -0.1380 -0.1452
vn 0.4756 0.0284 0.8792
vn 0.4629 0.0313 0.8859
vn 0.4541 0.0194 0.8908
vn 0.4696 0.0055 0.8828
vn 0.8936 0.0061 0.4488
vn 0.8986 -0.0260 0.4381
vn 0.9096 0.0395 0.4135
vn 0.1147 0.9784 0.1717
vn 0.8398 0.4607 -0.2874
vn 0.1762 0.7283 -0.6622
vn 0.9905 -0.0687 -0.1191
vn 0.9860 -0.0934 -0.1381
vn 0.9863 -0.0682 -0.1502
vn 0.9411 -0.1574 0.2993
vn 0.9453 -0.1676 0.2799
vn 0.9481 -0.1461 0.2825
vn 0.9054 0.2309 -0.3564
vn 0.9285 0.1874 -0.3207
vn 0.8971 0.1992 -0.3943
vn 0.5112 -0.1215 -0.8509
vn 0.5273 -0.1393 -0.8382
vn 0.5176 -0.1463 -0.8430
vn 0.0881 0.9089 -0.4077
vn 0.0734 0.9191 -0.3871
vn 0.1016 0.9211 -0.3758
vn 0.9418 -0.1574 -0.2972
vn 0.9398 -0.1356 -0.3136
vn 0.9482 -0.1340 -0.2881
vn 0.8850 -0.4559 -0.0948
vn 0.8740 -0.4724 -0.1139
vn 0.8750 -0.4645 -0.1368
vn 0.2177 -0.0833 0.9724
vn 0.2455 -0.1048 0.9637
vn 0.2606 -0.0803 0.9621
vn 0.3411 0.0244 0.9397
vn 0.3577 0.0274 0.9334
vn 0.3602 0.0415 0.9319
vn 0.3367 0.0610 0.9396
vn 0.3569 -0.2563 0.8983
vn 0.3571 -0.2400 0.9027
vn 0.3370 -0.2579 0.9055
vn 0.9437 0.1418 -0.2989
vn 0.9494 0.1590 -0.2708
vn 0.9639 0.0998 -0.2469
vn 0.9943 0.1024 0.0294
vn 0.9973 0.0650 0.0338
vn 0.9973 0.0728 0.0132
vn 0.9967 -0.0128 0.0802
vn 0.9942 0.0449 0.0978
vn 0.9920 0.0401 0.1198
vn 0.8522 -0.5131 0.1019
vn 0.8579 -0.4969 0.1304
vn 0.8452 -0.5189 0.1281
vn 0.4915 0.0426 0.8699
vn 0.5081 0.0351 0.8606
vn 0.5018 0.0581 0.8630
vn 0.9674 -0.0857 0.2381
vn 0.9659 -0.0598 0.2517
vn 0.9593 -0.0674 0.2743
vn 0.9675 -0.0425 0.2492
vn 0.9764 -0.0287 0.2142
vn 0.9684 -0.0162 0.2489
vn 0.1885 0.0418 0.9812
vn 0.1990 0.0145 0.9799
vn 0.2195 0.0200 0.9754
vn 0.4798 0.0576 -0.8755
vn 0.4872 0.0223 -0.8730
vn 0.4587 0.0393 -0.8877
vn 0.9693 0.2154 -0.1185
vn 0.9638 0.2278 -0.1389
vn 0.9556 0.2559 -0.1461
vn 0.9597 0.2577 -0.1119
vn 0.0160 -0.0721 -0.9973
vn -0.0048 -0.0752 -0.9972
vn -0.0107 -0.0242 -0.9997
vn 0.0369 -0.0433 -0.9984
vn 0.0594 -0.0307 0.9978
vn 0.0296 -0.0191 0.9994
vn 0.0316 -0.0490 0.9983
vn -0.0266 -0.0704 0.9972
vn -0.0433 -0.0431 0.9981
vn -0.0641 -0.0609 0.9961
vn 0.3179 0.0059 0.9481
vn 0.3534 0.0078 0.9354
vn 0.3360 0.0326 0.9413
vn 0.8248 0.2035 -0.5275
vn 0.8254 0.2386 -0.5117
vn 0.8387 0.2093 -0.5027
vn 0.6598 0.4960 0.5644
vn 0.6089 0.5296 0.5906
vn 0.6231 0.4879 0.6113
vn 0.3141 -0.9143 -0.2557
vn 0.3088 -0.9006 -0.3058
vn 0.3653 -0.8938 -0.2602
vn 0.3621 0.3441 0.8663
vn 0.3067 0.3192 0.8967
vn 0.3559 0.3208 0.8778
vn 0.3361 0.9246 -0.1792
vn 0.3856 0.9134 -0.1306
vn 0.3923 0.9015 -0.1826
vn 0.9968 0.0621 -0.0510
vn 0.9932 0.0975 -0.0641
vn 0.9959 0.0816 -0.0399
vn 0.1292 0.3996 0.9075
vn 0.0968 0.3928 0.9145
vn 0.1146 0.3750 0.9199
vn 0.3304 -0.2162 0.9188
vn 0.3503 -0.2402 0.9053
vn 0.3558 -0.2183 0.9087
vn 0.1965 0.1513 -0.9688
vn 0.2039 0.1367 -0.9694
vn 0.1823 0.1390 -0.9734
vn 0.9265 -0.0759 0.3685
vn 0.9333 -0.0700 0.3522
vn 0.9289 -0.0553 0.3661
vn 0.3111 0.1563 0.9374
vn 0.3011 0.1681 0.9387
vn 0.2853 0.1480 0.9470
vn 0.4779 0.5971 -0.6442
vn 0.4920 0.6173 -0.6138
vn 0.5151 0.6071 -0.6050
vn 0.4479 0.7230 -0.5260
vn 0.4027 0.7429 -0.5347
vn 0.4417 0.7425 -0.5036
vn 0.8764 0.0262 -0.4809
vn 0.8654 0.0536 -0.4982
vn 0.8753 0.0733 -0.4779
vn 0.6577 -0.0568 -0.7511
vn 0.6514 -0.0090 -0.7587
vn 0.6761 -0.0232 -0.7365
vn 0.4904 0.0041 -0.8715
vn 0.4857 -0.0173 -0.8740
vn 0.4642 -0.0018 -0.8857
vn 0.2324 0.4600 -0.8570
vn 0.2330 0.4833 -0.8438
vn 0.2492 0.4852 -0.8382
vn 0.9807 0.1867 0.0575
vn 0.9834 0.1744 0.0502
vn 0.9824 0.1833 0.0361
vn 0.9852 0.1434 0.0935
vn 0.9787 0.1738 0.1092
vn 0.9823 0.1437 0.1200
vn 0.0988 0.2890 0.9522
vn 0.0812 0.2999 0.9505
vn 0.0821 0.2779 0.9571
vn 0.9661 -0.2190 0.1367
vn 0.9640 -0.2337 0.1271
vn 0.9699 -0.2147 0.1152
vn 0.9886 -0.0599 0.1382
vn 0.9826 -0.0609 0.1756
vn 0.9872 -0.0767 0.1396
vn 0.4770 0.2165 0.8518
vn 0.4983 0.2137 0.8403
vn 0.4905 0.2326 0.8398
vn 0.2894 0.2130 0.9332
vn 0.2955 0.2240 0.9287
vn 0.2717 0.2274 0.9351
vn 0.3301 0.1644 0.9295
vn 0.3510 0.1418 0.9256
vn 0.3716 0.1776 0.9113
vn 0.9966 -0.0793 0.0233
vn 0.9943 -0.1060 0.0131
vn 0.9973 -0.0729 0.0028
vn 0.6902 -0.3472 0.6349
vn 0.6955 -0.3588 0.6226
vn 0.7095 -0.3425 0.6159
vn 0.4121 -0.0571 0.9094
vn 0.3808 -0.0629 0.9225
vn 0.4055 -0.1036 0.9082
vn 0.4734 0.1243 0.8720
vn 0.4548 0.1405 0.8794
vn 0.4569 0.1181 0.8816
vn 0.2181 -0.3226 0.9211
vn 0.2503 -0.3266 0.9114
vn 0.2479 -0.2956 0.9226
vn 0.3342 -0.1500 0.9305
vn 0.3453 -0.1647 0.9239
vn 0.3511 -0.1541 0.9236
vn 0.4009 0.2651 0.8769
vn 0.3856 0.2578 0.8859
vn 0.3991 0.2459 0.8833
vn 0.5747 0.0363 -0.8175
vn 0.5524 0.0067 -0.8335
vn 0.5433 0.0430 -0.8384
vn 0.9563 -0.1041 0.2732
vn 0.9440 -0.0872 0.3182
vn 0.9396 -0.1248 0.3187
vn 0.9143 -0.0932 0.3942
vn 0.9125 -0.1268 0.3890
vn 0.9216 -0.0911 0.3773
vn 0.2400 -0.0219 0.9705
vn 0.2159 -0.0573 0.9747
vn 0.2599 -0.0522 0.9642
vn 0.1545 -0.0453 -0.9870
vn 0.1400 -0.0568 -0.9885
vn 0.1333 -0.0387 -0.9903
vn 0.9715 0.0230 0.2360
vn 0.9740 0.0017 0.2263
vn 0.9751 0.0268 0.2200
vn 0.5226 0.1476 0.8397
vn -0.0995 -0.0673 0.9928
vn -0.0853 -0.7000 0.7090
vn 0.1753 -0.9845 0.0052
vn 0.1628 -0.9862 -0.0308
vn 0.2121 -0.9769 -0.0274
vn -0.0500 0.7597 -0.6484
vn 0.6137 0.0056 -0.7895
vn -0.0850 0.0902 -0.9923
vn 0.2677 0.2098 -0.9404
vn 0.2919 0.2073 -0.9337
vn 0.2875 0.1752 -0.9416
vn 0.2649 0.1890 -0.9456
vn 0.2678 0.0837 0.9598
vn 0.2965 0.0903 0.9507
vn 0.2971 0.1054 0.9490
vn 0.2741 0.1107 0.9553
vn 0.1986 0.0979 0.9752
vn 0.1909 0.1181 0.9745
vn 0.1769 0.0968 0.9795
vn 0.6823 0.5330 -0.5003
vn 0.1075 0.9453 -0.3079
vn 0.0820 0.8724 0.4819
vn 0.4676 0.0266 0.8835
vn 0.4876 0.0289 0.8726
vn 0.4695 0.0456 0.8818
vn 0.9095 -0.0231 -0.4152
vn 0.9215 -0.0102 -0.3882
vn 0.9207 -0.0415 -0.3882
vn 0.9700 -0.0946 0.2239
vn 0.9766 -0.0683 0.2038
vn 0.9683 -0.0765 0.2379
vn 0.9814 0.1545 0.1137
vn 0.9882 0.1050 0.1115
vn 0.9872 0.1364 0.0829
vn 0.1900 0.4404 -0.8775
vn 0.2254 0.4276 -0.8754
vn 0.1929 0.4120 -0.8905
vn 0.9089 -0.1169 -0.4003
vn 0.9214 -0.1031 -0.3747
vn 0.9178 -0.1231 -0.3775
vn 0.9485 -0.1220 -0.2925
vn 0.9555 -0.1423 -0.2582
vn 0.9456 -0.1593 -0.2836
vn 0.6464 -0.4262 0.6329
vn 0.6382 -0.4498 0.6248
vn 0.6605 -0.4476 0.6028
vn 0.6650 -0.4222 0.6160
vn 0.8936 0.2689 -0.3594
vn 0.9083 0.2689 -0.3204
vn 0.9143 0.2412 -0.3255
vn 0.9002 0.2410 -0.3628
vn 0.9375 -0.1480 -0.3151
vn 0.9459 -0.1340 -0.2955
vn 0.9435 -0.1595 -0.2905
vn 0.2947 -0.1166 0.9485
vn 0.2855 -0.1436 0.9476
vn 0.3273 -0.1575 0.9317
vn 0.8984 -0.0614 -0.4349
vn 0.9071 -0.0089 -0.4207
vn 0.9119 -0.0632 -0.4055
vn 0.0341 0.4302 -0.9021
vn 0.0469 0.4485 -0.8926
vn 0.0573 0.4416 -0.8954
vn 0.0702 0.4230 -0.9034
vn 0.3338 0.1032 0.9370
vn 0.3373 0.0309 0.9409
vn 0.3539 0.0455 0.9342
vn 0.8145 0.3145 0.4876
vn 0.8257 0.3248 0.4612
vn 0.8107 0.3496 0.4697
vn 0.5226 0.0508 0.8511
vn 0.5415 0.0469 0.8394
vn 0.5225 0.0934 0.8475
vn 0.5009 0.0420 0.8645
vn 0.9738 -0.1296 -0.1867
vn 0.9607 -0.1538 -0.2310
vn 0.9643 -0.1281 -0.2317
vn 0.9957 0.0504 0.0779
vn 0.9900 0.0385 0.1358
vn 0.9910 0.0126 0.1333
vn 0.9660 -0.2582 -0.0096
vn 0.9713 -0.2378 -0.0073
vn 0.9668 -0.2555 0.0100
vn 0.9577 -0.2873 -0.0135
vn 0.9584 -0.2852 0.0059
vn 0.9496 -0.3133 0.0052
vn 0.9838 0.0899 -0.1554
vn 0.9892 0.0642 -0.1317
vn 0.9799 0.0346 -0.1964
vn 0.2165 0.3005 -0.9289
vn 0.2034 0.3144 -0.9273
vn 0.2163 0.3190 -0.9228
vn 0.4923 0.1601 0.8556
vn 0.4977 0.1765 0.8492
vn 0.4768 0.1806 0.8602
vn 0.1598 0.2128 0.9639
vn 0.1630 0.1825 0.9696
vn 0.1811 0.2142 0.9599
vn 0.7479 0.0943 -0.6570
vn 0.7749 0.1059 -0.6231
vn 0.7727 0.0647 -0.6314
vn 0.5424 -0.3826 -0.7479
vn -0.1003 -0.0645 -0.9929
vn -0.0636 0.6107 -0.7893
vn 0.9304 -0.2703 -0.2477
vn 0.9332 -0.2408 -0.2666
vn 0.9415 -0.2413 -0.2351
vn 0.9928 0.0445 0.1114
vn 0.9911 0.0762 0.1095
vn 0.9882 0.0751 0.1332
vn 0.8739 -0.4356 -0.2160
vn 0.8912 -0.4019 -0.2103
vn 0.8849 -0.4283 -0.1830
vn 0.8821 -0.2574 -0.3945
vn 0.8644 -0.2717 -0.4231
vn 0.8757 -0.2470 -0.4150
vn 0.4720 -0.4718 -0.7447
vn 0.4582 -0.4580 -0.7618
vn 0.4719 -0.4484 -0.7591
vn 0.3975 -0.0109 -0.9175
vn 0.3759 -0.0015 -0.9267
vn 0.3833 0.0086 -0.9236
vn 0.9592 -0.1886 0.2108
vn 0.9482 -0.2038 0.2436
vn 0.9494 -0.2471 0.1938
vn 0.4035 0.1172 -0.9075
vn 0.4237 0.1144 -0.8986
vn 0.4123 0.0984 -0.9057
vn 0.9706 -0.2375 0.0379
vn 0.9623 -0.2694 0.0372
vn 0.9664 -0.2569 0.0108
vn 0.7747 0.0336 -0.6315
vn 0.7889 0.0347 -0.6135
vn 0.7954 0.0162 -0.6059
vn 0.7767 -0.0086 -0.6298
vn 0.2523 -0.0160 0.9675
vn 0.2807 -0.0006 0.9598
vn 0.2436 0.0072 0.9698
vn 0.0928 0.2985 0.9499
vn 0.0746 0.2878 0.9548
vn 0.0990 0.2655 0.9590
vn 0.7880 -0.0367 -0.6145
vn 0.7942 -0.0196 -0.6074
vn 0.8027 -0.0515 -0.5942
vn 0.9374 0.1423 -0.3180
vn 0.9387 0.1614 -0.3046
vn 0.9451 0.1433 -0.2935
vn 0.0924 0.9944 -0.0523
vn 0.7889 0.3296 -0.5187
vn 0.1184 0.6365 -0.7622
vn 0.1373 0.6445 -0.7522
vn 0.9920 -0.1259 0.0006
vn 0.9958 -0.0901 -0.0179
vn 0.9940 -0.1084 0.0160
vn 0.7172 0.2051 -0.6659
vn 0.7053 0.1545 -0.6919
vn 0.6644 0.2136 -0.7162
vn 0.9150 -0.1384 -0.3789
vn 0.9120 -0.1111 -0.3949
vn 0.9233 -0.1158 -0.3663
vn 0.9792 0.1026 0.1749
vn 0.9830 0.0829 0.1639
vn 0.9814 0.1055 0.1605
vn 0.4717 0.0689 0.8791
vn 0.5157 0.1093 0.8498
vn 0.4987 0.1147 0.8591
vn 0.9901 0.0256 0.1378
vn 0.9898 0.0044 0.1427
vn 0.9963 -0.0143 0.0845
vn 0.6475 0.0749 0.7584
vn 0.6332 0.1196 0.7647
vn 0.6065 0.0763 0.7914
vn 0.9474 -0.0537 0.3154
vn 0.9568 -0.0811 0.2793
vn 0.9576 -0.0212 0.2872
vn 0.9920 0.0049 -0.1259
vn 0.9942 -0.0114 -0.1072
vn 0.9894 -0.0152 -0.1442
vn 0.9843 0.0198 -0.1754
vn 0.9829 0.0610 -0.1738
vn 0.9877 0.0310 -0.1532
vn 0.9153 -0.0390 -0.4009
vn 0.9313 -0.0481 -0.3610
vn 0.9246 -0.0752 -0.3735
vn 0.9688 -0.2166 -0.1207
vn 0.9748 -0.1753 -0.1381
vn 0.9773 -0.1819 -0.1090
vn 0.2790 0.0444 -0.9593
vn 0.2694 0.0577 -0.9613
vn 0.2976 0.0628 -0.9526
vn 0.9267 -0.3369 -0.1665
vn 0.9338 -0.3313 -0.1351
vn 0.9238 -0.3592 -0.1326
vn 0.9326 -0.2799 -0.2278
vn 0.9457 -0.2436 -0.2152
vn 0.9453 -0.2555 -0.2027
vn 0.9700 -0.0713 0.2324
vn 0.9674 -0.0422 0.2499
vn 0.9622 -0.0852 0.2587
vn 0.9863 -0.0451 0.1584
vn 0.9746 -0.0420 0.2201
vn 0.9745 -0.0910 0.2049
vn 0.1145 -0.8511 -0.5124
vn 0.1769 -0.8305 -0.5282
vn 0.1488 -0.8683 -0.4731
vn 0.6342 -0.6736 -0.3796
vn 0.6121 -0.6825 -0.3994
vn 0.6329 -0.6430 -0.4314
vn 0.6439 -0.6626 -0.3826
vn 0.8336 -0.3059 -0.4599
vn 0.8383 -0.3246 -0.4380
vn 0.8092 -0.3258 -0.4889
vn 0.8404 -0.1717 0.5140
vn 0.8287 -0.1972 0.5239
vn 0.8426 -0.2009 0.4997
vn 0.6667 -0.3040 0.6805
vn 0.6557 -0.3280 0.6800
vn 0.6707 -0.3234 0.6675
vn 0.8587 -0.5061 -0.0810
vn 0.8490 -0.5109 -0.1347
vn 0.8777 -0.4558 -0.1480
vn 0.9426 -0.0459 -0.3307
vn 0.9500 -0.0515 -0.3080
vn 0.9431 -0.0803 -0.3227
vn 0.0565 -0.0839 -0.9949
vn 0.0211 -0.0882 -0.9959
vn 0.0400 -0.0545 -0.9977
vn 0.9264 0.3621 0.1030
vn 0.9336 0.3518 0.0676
vn 0.9225 0.3836 0.0437
vn 0.9127 0.4002 0.0825
vn 0.7850 0.0374 -0.6183
vn 0.7924 -0.0044 -0.6100
vn 0.7691 -0.0002 -0.6391
vn 0.2546 0.2050 -0.9451
vn 0.2570 0.1791 -0.9497
vn 0.2443 0.1830 -0.9523
vn 0.7921 0.5762 -0.2015
vn 0.7868 0.5751 -0.2241
vn 0.7670 0.6005 -0.2261
vn 0.8826 -0.4450 -0.1516
vn 0.8973 -0.4219 -0.1295
vn 0.8787 -0.4567 -0.1391
vn 0.4105 0.0106 0.9118
vn 0.4479 0.0519 0.8926
vn 0.4374 0.0748 0.8961
vn 0.9499 -0.0040 0.3126
vn 0.9534 -0.0620 0.2953
vn 0.9555 0.0120 0.2947
vn 0.5238 0.0040 -0.8518
vn 0.5006 -0.0015 -0.8657
vn 0.5149 0.0335 -0.8566
vn 0.0307 0.3056 0.9517
vn 0.0132 0.3133 0.9496
vn 0.0164 0.2878 0.9576
vn 0.1859 0.3318 0.9249
vn 0.1741 0.3156 0.9328
vn 0.1933 0.3108 0.9306
vn 0.3331 0.6822 -0.6509
vn 0.3422 0.6647 -0.6641
vn 0.3246 0.6694 -0.6682
vn 0.0012 0.7778 -0.6285
vn 0.2371 0.7275 -0.6438
vn 0.0078 0.0892 -0.9960
vn 0.0018 0.1034 -0.9946
vn 0.5771 -0.1809 0.7964
vn 0.5602 -0.2034 0.8030
vn 0.5874 -0.1990 0.7845
vn 0.6132 0.0804 0.7858
vn 0.6341 0.0128 0.7731
vn 0.6495 0.0661 0.7575
vn 0.1249 0.2035 -0.9711
vn 0.1020 0.1695 -0.9802
vn 0.0942 0.2051 -0.9742
vn 0.3546 0.0866 -0.9310
vn 0.3531 0.0949 -0.9308
vn 0.3739 0.1012 -0.9219
vn 0.9808 0.0172 0.1941
vn 0.9788 0.0379 0.2013
vn 0.9766 0.0269 0.2134
vn 0.9935 -0.0266 0.1111
vn 0.9902 -0.0023 0.1398
vn 0.9907 -0.0342 0.1313
vn 0.9954 -0.0005 -0.0956
vn 0.9923 -0.0150 -0.1228
vn 0.9922 0.0086 -0.1246
vn 0.0010 0.7710 -0.6369
vn 0.6965 0.2361 -0.6776
vn 0.0035 0.0970 -0.9953
vn 0.0064 0.1257 -0.9920
vn 0.9189 0.0075 0.3943
vn 0.9177 -0.0119 0.3971
vn 0.9238 -0.0057 0.3828
vn 0.2797 0.0654 0.9579
vn 0.2719 0.0409 0.9615
vn 0.3050 0.0726 0.9496
vn 0.3281 0.0468 0.9435
vn 0.2989 0.0125 0.9542
vn 0.3279 0.0182 0.9445
vn -0.1038 0.7982 -0.5934
vn 0.5101 0.0261 -0.8597
vn -0.1484 0.1444 -0.9783
vn 0.9788 -0.1132 -0.1709
vn 0.9810 -0.0978 -0.1678
vn 0.9817 -0.1082 -0.1569
vn 0.4887 -0.0518 -0.8709
vn 0.4323 -0.0872 -0.8975
vn 0.4565 0.0049 -0.8897
vn 0.9698 -0.0834 -0.2293
vn 0.9715 -0.1416 -0.1901
vn 0.9573 -0.1337 -0.2564
vn 0.9850 -0.1467 -0.0908
vn 0.9806 -0.1502 -0.1260
vn 0.9899 -0.0855 -0.1135
vn 0.5792 0.7155 0.3906
vn 0.5695 0.6872 0.4510
vn 0.6148 0.6711 0.4143
vn 0.2928 0.4260 -0.8560
vn 0.2454 0.4522 -0.8575
vn 0.2811 0.4576 -0.8436
vn 0.2696 0.3300 0.9047
vn 0.2845 0.3178 0.9045
vn 0.2800 0.3414 0.8973
vn -0.1396 0.3385 0.9306
vn -0.1668 0.3319 0.9285
vn -0.1390 0.3152 0.9388
vn 0.4708 0.7071 -0.5275
vn 0.4569 0.7173 -0.5260
vn 0.4820 0.7240 -0.4935
vn 0.1791 0.8696 -0.4601
vn 0.1904 0.8562 -0.4803
vn 0.1745 0.8529 -0.4921
vn -0.0282 0.7102 -0.7035
vn -0.0185 0.7290 -0.6842
vn -0.0123 0.7238 -0.6899
vn 0.9511 -0.0968 -0.2935
vn 0.9672 -0.0802 -0.2409
vn 0.9543 -0.1150 -0.2760
vn 0.3134 -0.2331 0.9206
vn 0.3347 -0.1659 0.9276
vn 0.3022 -0.2225 0.9269
vn 0.1991 -0.0302 0.9795
vn 0.1256 -0.0293 0.9917
vn 0.1429 -0.0578 0.9881
vn 0.9318 0.2163 -0.2916
vn 0.9441 0.2406 -0.2253
vn 0.9434 0.1950 -0.2682
vn 0.7276 -0.2276 0.6472
vn 0.7458 -0.2050 0.6338
vn 0.7314 -0.1971 0.6528
vn 0.9248 -0.3228 -0.2012
vn 0.9397 -0.3043 -0.1558
vn 0.9185 -0.3652 -0.1514
vn 0.8693 -0.4651 -0.1676
vn 0.8799 -0.4668 -0.0889
vn 0.8585 -0.4972 -0.1259
vn 0.9965 -0.0472 -0.0689
vn 0.9956 -0.0366 -0.0865
vn 0.9973 -0.0193 -0.0704
vn 0.9808 0.1645 0.1051
vn 0.9769 0.1785 0.1178
vn 0.9775 0.1645 0.1322
vn 0.9785 -0.1882 -0.0841
vn 0.9718 -0.2014 -0.1226
vn 0.9777 -0.1804 -0.1077
vn 0.9820 -0.1094 -0.1540
vn 0.9885 -0.1013 -0.1126
vn 0.9852 -0.1154 -0.1264
vn 0.3833 0.0260 0.9233
vn 0.3520 0.0416 0.9351
vn 0.3672 0.0065 0.9301
vn 0.3099 0.1469 0.9394
vn 0.3305 0.1242 0.9356
vn 0.3374 0.1496 0.9294
vn 0.7002 -0.0722 0.7103
vn 0.0833 -0.1094 0.9905
vn 0.0650 -0.8179 0.5716
vn 0.4203 0.2891 0.8601
vn 0.0840 -0.3224 0.9429
vn 0.0735 -0.8464 0.5274
vn 0.4485 -0.0682 0.8912
vn 0.4227 -0.1118 0.8993
vn 0.4522 -0.0846 0.8879
vn 0.3028 -0.2336 0.9240
vn 0.3237 -0.2229 0.9195
vn 0.3057 -0.2132 0.9280
vn 0.4872 0.0271 -0.8729
vn 0.4659 0.0103 -0.8848
vn 0.4679 0.0576 -0.8819
vn 0.9637 0.0352 0.2645
vn 0.9584 0.0093 0.2854
vn 0.9685 -0.0092 0.2490
vn 0.9338 -0.1805 -0.3090
vn 0.9086 -0.2566 -0.3295
vn 0.9071 -0.1835 -0.3788
vn 0.1734 0.2197 0.9600
vn 0.1469 0.1981 0.9691
vn 0.2150 0.1655 0.9625
vn 0.9293 0.2218 -0.2955
vn 0.9235 0.2041 -0.3248
vn 0.9222 0.2211 -0.3173
vn 0.9914 0.0749 0.1073
vn 0.9852 0.1010 0.1381
vn 0.9866 0.0803 0.1423
vn 0.4983 0.2484 0.8306
vn 0.5108 0.2308 0.8281
vn 0.5196 0.2435 0.8190
vn 0.2450 0.3040 0.9206
vn 0.2665 0.3037 0.9147
vn 0.2553 0.3202 0.9123
vn 0.6393 -0.7306 0.2399
vn 0.6518 -0.7249 0.2231
vn 0.6772 -0.6817 0.2770
vn 0.9680 -0.0326 -0.2490
vn 0.9494 -0.0637 -0.3077
vn 0.9485 -0.0379 -0.3146
vn 0.9424 -0.1842 -0.2790
vn 0.9508 -0.1558 -0.2678
vn 0.9556 -0.1891 -0.2262
vn 0.9929 0.1187 -0.0058
vn 0.9917 0.1246 0.0319
vn 0.9969 0.0780 0.0034
vn 0.7337 0.0118 -0.6794
vn 0.7542 0.0134 -0.6566
vn 0.7454 -0.0233 -0.6662
vn 0.1166 0.0918 0.9889
vn 0.1280 0.0941 0.9873
vn 0.1292 0.1171 0.9847
vn 0.1204 0.0376 0.9920
vn 0.1163 0.0611 0.9913
vn 0.1033 0.0639 0.9926
vn 0.9428 0.0200 -0.3327
vn 0.9537 0.0185 -0.3002
vn 0.9503 -0.0021 -0.3113
vn 0.2367 0.2352 0.9427
vn 0.2613 0.2212 0.9396
vn 0.2387 0.2468 0.9392
vn 0.2601 0.2584 0.9304
vn 0.2732 0.2719 0.9227
vn 0.2526 0.2773 0.9270
vn 0.4127 0.1052 0.9048
vn 0.4195 0.1239 0.8992
vn 0.3625 0.1385 0.9216
vn 0.8839 0.0009 0.4677
vn 0.8708 0.0002 0.4917
vn 0.8767 -0.0154 0.4807
vn 0.4218 -0.1979 0.8848
vn 0.4523 -0.2515 0.8557
vn 0.4637 -0.2201 0.8582
vn 0.4581 0.0477 -0.8876
vn 0.4806 0.0401 -0.8760
vn 0.4740 0.0187 -0.8803
vn 0.1567 -0.9876 0.0089
vn 0.1189 -0.9924 -0.0322
vn 0.1249 -0.9912 -0.0434
vn 0.1575 -0.9849 -0.0720
vn 0.3656 -0.2468 -0.8975
vn 0.3571 -0.2498 -0.9000
vn 0.3560 -0.2324 -0.9051
vn 0.6059 0.7849 -0.1296
vn 0.5924 0.7962 -0.1228
vn 0.6063 0.7876 -0.1101
vn 0.2309 0.0701 -0.9704
vn 0.2176 0.0617 -0.9741
vn 0.2248 0.0764 -0.9714
vn 0.2228 0.0511 -0.9735
vn 0.2152 0.0540 -0.9751
vn 0.2173 0.0602 -0.9743
vn 0.2239 0.0592 -0.9728
vn 0.7353 -0.2153 0.6426
vn 0.7347 -0.1864 0.6523
vn 0.7168 -0.1930 0.6700
vn 0.7156 -0.2175 0.6638
vn 0.5197 0.8415 -0.1474
vn 0.4933 0.8581 -0.1426
vn 0.5009 0.8564 -0.1248
vn 0.5090 0.8517 -0.1242
vn 0.5136 0.8488 -0.1253
vn 0.5086 0.8531 -0.1167
vn 0.5128 0.8524 -0.1021
vn 0.5362 0.8359 -0.1175
vn 0.5602 -0.4285 -0.7089
vn 0.5259 -0.4297 -0.7340
vn 0.5311 -0.4223 -0.7346
vn 0.5428 -0.4113 -0.7323
vn 0.6996 0.6519 0.2927
vn 0.6988 0.6688 0.2537
vn 0.6771 0.6818 0.2768
vn 0.6782 0.6730 0.2952
vn 0.5461 -0.6807 0.4883
vn 0.5455 -0.6650 0.5101
vn 0.5311 -0.6791 0.5067
vn 0.8521 0.3598 0.3801
vn 0.8537 0.3737 0.3628
vn 0.8374 0.3902 0.3828
vn 0.8420 0.3664 0.3959
vn 0.1389 0.6149 -0.7762
vn 0.1254 0.6208 -0.7738
vn 0.1315 0.6391 -0.7578
vn 0.1634 0.6179 -0.7691
vn 0.6115 0.7820 -0.1203
vn 0.5939 0.7932 -0.1346
vn 0.6040 0.7898 -0.1070
vn 0.6834 0.6689 -0.2924
vn 0.6760 0.6656 -0.3162
vn 0.6616 0.6857 -0.3035
vn 0.6684 0.6842 -0.2916
vn 0.3886 -0.9123 0.1294
vn 0.3998 -0.8986 0.1807
vn 0.3651 -0.9180 0.1548
vn 0.3727 -0.9163 0.1464
vn 0.7741 -0.5201 0.3608
vn 0.7933 -0.4915 0.3593
vn 0.7778 -0.5015 0.3789
vn 0.7740 -0.5105 0.3747
vn 0.7862 0.5837 -0.2031
vn 0.7659 0.5997 -0.2318
vn 0.7576 0.6205 -0.2027
vn 0.7772 0.6027 -0.1810
vn 0.4506 -0.1164 -0.8851
vn 0.4406 -0.1428 -0.8863
vn 0.4268 -0.1412 -0.8933
vn 0.4217 -0.1260 -0.8979
vn 0.6182 -0.2963 -0.7281
vn 0.5914 -0.3227 -0.7390
vn 0.5895 -0.2827 -0.7567
vn 0.8953 -0.0505 -0.4426
vn 0.8995 -0.0479 -0.4343
vn 0.9004 -0.0417 -0.4330
vn 0.9023 -0.0469 -0.4285
vn 0.8945 -0.0590 -0.4431
vn 0.9000 -0.0631 -0.4314
vn 0.9031 -0.0674 -0.4241
vn 0.9027 -0.0675 -0.4250
vn 0.8983 -0.0727 -0.4332
vn 0.8945 -0.0724 -0.4412
vn 0.8938 -0.0737 -0.4423
vn 0.8961 -0.0782 -0.4368
vn 0.8989 -0.0839 -0.4301
vn 0.8969 -0.0798 -0.4349
vn 0.8938 -0.0809 -0.4410
vn 0.8937 -0.0866 -0.4403
vn 0.8914 -0.0818 -0.4458
vn 0.8895 -0.0832 -0.4493
vn 0.8916 -0.0883 -0.4441
vn 0.8892 -0.0924 -0.4480
vn 0.8921 -0.0987 -0.4409
vn 0.8845 -0.1169 -0.4516
vn 0.8784 -0.0903 -0.4692
vn 0.8805 -0.0729 -0.4684
vn 0.8834 -0.0707 -0.4633
vn 0.8826 -0.0711 -0.4647
vn 0.8840 -0.0585 -0.4637
vn 0.8829 -0.0692 -0.4644
vn 0.8859 -0.0677 -0.4590
vn 0.8881 -0.0642 -0.4551
vn 0.8911 -0.0571 -0.4501
vn 0.8953 -0.0492 -0.4428
vn 0.8974 -0.0496 -0.4385
vn -0.1789 -0.0516 -0.9825
vn -0.1361 0.5853 -0.7993
vn -0.0276 -0.7740 -0.6325
vn 0.0317 0.3840 0.9228
vn 0.0666 -0.3018 0.9510
vn 0.4591 0.7607 0.4589
vn 0.0175 0.4046 0.9143
vn 0.0168 -0.2742 0.9615
vn 0.5697 0.6232 0.5357
vn 0.0243 0.3868 0.9219
vn 0.0167 -0.2791 0.9601
vn 0.6433 0.4565 0.6146
vn -0.1019 0.0747 -0.9920
vn -0.0670 0.6964 -0.7145
vn 0.2308 -0.5923 -0.7719
vn 0.1412 0.3785 -0.9148
vn 0.0880 0.9423 -0.3230
vn 0.7940 -0.0255 -0.6074
vn 0.1264 0.3635 -0.9230
vn -0.0129 0.3015 0.9534
vn 0.0088 -0.3202 0.9473
vn 0.3182 -0.2814 0.9053
vn -0.0016 0.3211 0.9470
vn 0.1157 0.3638 -0.9243
vn 0.0816 0.9202 -0.3827
vn 0.5338 -0.3460 -0.7716
vn 0.0232 0.1889 0.9817
vn 0.0241 -0.5908 0.8064
vn 0.6612 0.4507 0.5997
vn 0.1693 -0.0653 0.9834
vn 0.1650 -0.0776 0.9832
vn 0.1197 -0.7656 0.6321
vn 0.3489 -0.7565 0.5532
vn 0.1188 -0.0147 -0.9928
vn 0.0732 0.7221 -0.6879
vn 0.7760 -0.2080 -0.5954
vn 0.1074 -0.0265 -0.9939
vn 0.0015 -0.2770 0.9609
vn 0.0168 -0.8485 0.5290
vn 0.6262 -0.3233 0.7095
vn -0.0233 -0.2230 0.9745
vn -0.0052 0.7219 -0.6920
vn -0.0065 0.7286 -0.6849
vn -0.0044 1.0000 0.0029
vn 0.6717 0.6190 -0.4069
vn 0.0321 0.1603 -0.9865
vn 0.0247 0.8219 -0.5691
vn 0.6974 -0.1599 -0.6986
vn 0.0297 0.1658 -0.9857
vn 0.0256 0.7855 -0.6184
vn 0.7460 0.0257 -0.6655
vn 0.0341 0.1397 -0.9896
vn 0.1063 0.3402 0.9343
vn 0.1195 0.3252 0.9381
vn 0.1340 -0.3850 0.9131
vn 0.7514 0.3668 0.5485
vn 0.1592 0.2314 0.9597
vn 0.1279 -0.4754 0.8704
vn 0.8468 0.1415 0.5128
vn 0.1691 0.2498 0.9534
vn -0.0058 0.8528 -0.5222
vn -0.0014 0.9803 0.1973
vn 0.6913 0.6049 -0.3952
vn -0.0031 0.8435 -0.5371
vn -0.0820 0.7821 -0.6178
vn -0.0544 0.9966 0.0615
vn 0.5354 0.3674 -0.7605
vn 0.2793 -0.0202 0.9600
vn 0.2790 -0.0384 0.9595
vn 0.0164 -0.6972 0.7167
vn 0.9065 -0.0206 0.4217
vn 0.1974 0.1762 0.9643
vn 0.1347 -0.5909 0.7955
vn 0.8305 0.2626 0.4913
vn -0.0155 0.3434 0.9391
vn -0.0200 0.3251 0.9455
vn -0.0215 -0.3072 0.9514
vn 0.5424 -0.0293 0.8396
vn -0.0500 0.2951 0.9541
vn -0.0236 -0.3834 0.9233
vn 0.5577 0.0800 0.8261
vn 0.0752 0.2177 0.9731
vn 0.0678 -0.5534 0.8302
vn 0.4906 -0.4276 0.7593
vn 0.0910 0.2377 0.9671
vn 0.1215 -0.3402 0.9325
vn 0.1289 -0.3582 0.9247
vn 0.0974 -0.8775 0.4696
vn 0.7217 -0.0966 0.6854
vn -0.0697 0.1073 0.9918
vn -0.1036 0.0861 0.9909
vn -0.0722 0.0597 0.9956
vn -0.2168 -0.9093 0.3552
vn -0.2529 -0.9065 0.3381
vn -0.2045 -0.9252 0.3197
vn -0.2805 0.2612 -0.9236
vn -0.3173 0.2780 -0.9067
vn -0.2805 0.3129 -0.9074
vn -0.0411 -0.3251 -0.9448
vn -0.7221 0.4183 -0.5511
vn -0.0595 0.4625 -0.8846
vn -0.2921 0.0414 -0.9555
vn -0.3044 0.0522 -0.9511
vn -0.2971 0.0658 -0.9526
vn -0.9272 -0.1369 -0.3486
vn -0.9149 -0.1566 -0.3720
vn -0.9253 -0.1603 -0.3437
vn -0.9900 0.0688 -0.1232
vn -0.9923 0.0761 -0.0979
vn -0.9871 0.0990 -0.1259
vn -0.9857 0.0854 -0.1450
vn -0.9832 0.0760 -0.1660
vn -0.9900 0.0427 -0.1347
vn -0.9576 -0.2394 -0.1600
vn -0.9581 -0.2280 -0.1732
vn -0.9493 -0.2491 -0.1917
vn -0.9544 -0.2580 -0.1505
vn -0.7911 -0.0338 0.6108
vn -0.8114 -0.0407 0.5831
vn -0.7946 -0.0480 0.6052
vn -0.7493 -0.2968 -0.5921
vn -0.0730 -0.1380 -0.9877
vn -0.0762 -0.1637 -0.9836
vn -0.0544 -0.7905 -0.6101
vn -0.9848 -0.1117 0.1331
vn -0.9896 -0.0975 0.1058
vn -0.9877 -0.1178 0.1023
vn -0.1254 0.8312 -0.5416
vn -0.0913 0.8351 -0.5424
vn -0.1139 0.8244 -0.5544
vn -0.9900 -0.1412 -0.0029
vn -0.9876 -0.1572 0.0022
vn -0.9896 -0.1419 0.0214
vn -0.9634 -0.2652 0.0383
vn -0.9692 -0.2446 0.0295
vn -0.9614 -0.2744 0.0213
vn -0.9990 -0.0039 0.0450
vn -0.9967 0.0087 0.0805
vn -0.9983 0.0231 0.0540
vn -0.8297 0.0287 0.5575
vn -0.8017 0.0379 0.5965
vn -0.8163 0.0970 0.5694
vn -0.4896 0.3623 0.7931
vn 0.0888 0.1276 0.9878
vn 0.0735 0.1922 0.9786
vn 0.0341 0.7376 0.6743
vn -0.8708 0.1598 -0.4649
vn -0.2497 0.6715 -0.6977
vn -0.2594 0.6522 -0.7123
vn -0.1601 -0.1530 -0.9752
vn -0.2603 0.6626 -0.7022
vn -0.2914 0.6442 -0.7072
vn -0.2808 0.6614 -0.6955
vn -0.0907 0.5610 -0.8228
vn -0.1248 0.5613 -0.8182
vn -0.1128 0.5813 -0.8058
vn -0.9974 0.0682 0.0211
vn -0.9969 0.0655 0.0437
vn -0.9956 0.0877 0.0345
vn -0.6344 0.5322 -0.5606
vn -0.6096 0.5630 -0.5581
vn -0.5821 0.5433 -0.6049
vn -0.8917 0.0987 -0.4418
vn -0.8912 0.1493 -0.4284
vn -0.8794 0.1558 -0.4499
vn -0.9780 -0.1434 0.1513
vn -0.9820 -0.1220 0.1442
vn -0.9819 -0.1399 0.1279
vn -0.9006 -0.1097 -0.4206
vn -0.9138 -0.0868 -0.3968
vn -0.9005 -0.0805 -0.4273
vn -0.9920 -0.0406 -0.1193
vn -0.9875 -0.0401 -0.1527
vn -0.9849 -0.0580 -0.1630
vn -0.9882 -0.0923 -0.1219
vn -0.9653 0.1969 0.1716
vn -0.9703 0.2036 0.1307
vn -0.9721 0.1891 0.1390
vn -0.9822 -0.0964 0.1613
vn -0.9819 -0.1213 0.1457
vn -0.9771 -0.1287 0.1693
vn -0.9761 -0.1340 -0.1708
vn -0.9773 -0.1515 -0.1481
vn -0.9791 -0.1293 -0.1570
vn -0.6051 0.0753 0.7925
vn -0.6139 0.0717 0.7861
vn -0.6151 0.0502 0.7868
vn -0.5979 0.0618 0.7992
vn -0.8960 0.0059 0.4440
vn -0.9096 0.0297 0.4145
vn -0.8991 -0.0374 0.4361
vn -0.7041 0.7086 0.0471
vn -0.1836 0.7273 -0.6614
vn -0.1319 0.0116 -0.9912
vn -0.9931 -0.1031 -0.0558
vn -0.9896 -0.1031 -0.1005
vn -0.9877 -0.1297 -0.0870
vn -0.9690 -0.1304 0.2096
vn -0.9739 -0.1177 0.1941
vn -0.9703 -0.1432 0.1949
vn -0.9072 0.2195 -0.3590
vn -0.9039 0.1760 -0.3899
vn -0.9303 0.1845 -0.3171
vn -0.5005 -0.1361 -0.8550
vn -0.5157 -0.1534 -0.8429
vn -0.5234 -0.1435 -0.8399
vn -0.0886 0.9086 -0.4081
vn -0.1128 0.9196 -0.3762
vn -0.0864 0.9194 -0.3837
vn -0.9344 -0.2018 -0.2936
vn -0.9450 -0.1771 -0.2749
vn -0.9369 -0.1796 -0.2999
vn -0.9537 -0.2604 -0.1501
vn -0.9484 -0.2565 -0.1866
vn -0.9440 -0.2775 -0.1786
vn -0.2178 -0.0872 0.9721
vn -0.2631 -0.0879 0.9608
vn -0.2422 -0.1082 0.9642
vn -0.3581 0.0189 0.9335
vn -0.3352 0.0104 0.9421
vn -0.3380 0.0562 0.9395
vn -0.3631 0.0328 0.9312
vn -0.3518 -0.2657 0.8976
vn -0.3343 -0.2714 0.9026
vn -0.3443 -0.2483 0.9054
vn -0.9667 0.0219 -0.2548
vn -0.9734 -0.0348 -0.2266
vn -0.9740 0.0349 -0.2238
vn -0.9994 0.0246 0.0232
vn -1.0000 -0.0013 0.0011
vn -0.9997 -0.0092 0.0240
vn -0.9837 -0.1140 0.1389
vn -0.9837 -0.0560 0.1709
vn -0.9872 -0.0526 0.1506
vn -0.8805 -0.4700 0.0612
vn -0.8701 -0.4872 0.0750
vn -0.8844 -0.4583 0.0881
vn -0.6507 -0.0361 0.7585
vn -0.6645 -0.0258 0.7468
vn -0.6636 -0.0475 0.7466
vn -0.9521 -0.1609 0.2602
vn -0.9442 -0.1477 0.2943
vn -0.9510 -0.1300 0.2805
vn -0.9696 -0.0614 0.2367
vn -0.9683 -0.0349 0.2474
vn -0.9765 -0.0488 0.2100
vn -0.2403 0.0348 0.9701
vn -0.2639 0.0180 0.9644
vn -0.2393 0.0058 0.9709
vn -0.4806 0.0505 -0.8755
vn -0.4622 0.0155 -0.8866
vn -0.4867 0.0149 -0.8734
vn -0.9703 0.2020 -0.1330
vn -0.9687 0.2177 -0.1196
vn -0.9633 0.2440 -0.1122
vn -0.9587 0.2427 -0.1482
vn -0.0038 -0.0714 -0.9974
vn -0.0183 -0.0706 -0.9973
vn -0.0350 -0.0453 -0.9984
vn 0.0131 -0.0247 -0.9996
vn 0.0054 -0.0465 0.9989
vn 0.0394 -0.0677 0.9969
vn 0.0328 -0.0381 0.9987
vn -0.0069 -0.0598 0.9982
vn 0.0289 -0.0457 0.9985
vn 0.0026 -0.0309 0.9995
vn -0.3182 0.0065 0.9480
vn -0.3500 0.0225 0.9365
vn -0.3485 -0.0053 0.9373
vn -0.8262 0.1960 -0.5282
vn -0.8441 0.1945 -0.4998
vn -0.8282 0.2283 -0.5119
vn -0.6518 0.4908 0.5781
vn -0.6248 0.4795 0.6162
vn -0.6218 0.5253 0.5809
vn -0.3314 -0.9125 -0.2398
vn -0.3739 -0.8812 -0.2894
vn -0.3167 -0.9031 -0.2899
vn -0.5069 0.1361 0.8512
vn -0.5126 0.1158 0.8508
vn -0.4582 0.1026 0.8829
vn -0.3444 0.9237 -0.1676
vn -0.3952 0.8992 -0.1875
vn -0.3983 0.9078 -0.1317
vn -0.9973 -0.0283 -0.0683
vn -0.9983 -0.0093 -0.0580
vn -0.9968 0.0095 -0.0800
vn -0.1034 0.4152 0.9038
vn -0.0986 0.3830 0.9185
vn -0.0789 0.3976 0.9142
vn -0.3507 -0.2435 0.9043
vn -0.3791 -0.2408 0.8935
vn -0.3778 -0.2595 0.8888
vn -0.1979 0.1486 -0.9689
vn -0.1817 0.1392 -0.9735
vn -0.2035 0.1335 -0.9699
vn -0.9691 -0.1235 0.2133
vn -0.9706 -0.1049 0.2166
vn -0.9739 -0.1135 0.1967
vn -0.3354 0.1629 0.9279
vn -0.3139 0.1534 0.9370
vn -0.3241 0.1772 0.9293
vn -0.4885 0.5871 -0.6455
vn -0.5222 0.5955 -0.6105
vn -0.5001 0.6114 -0.6132
vn -0.4504 0.7166 -0.5326
vn -0.4587 0.7296 -0.5071
vn -0.4116 0.7360 -0.5374
vn -0.8762 0.0144 -0.4817
vn -0.8747 0.0610 -0.4809
vn -0.8643 0.0374 -0.5015
vn -0.6600 -0.0657 -0.7484
vn -0.6775 -0.0422 -0.7343
vn -0.6517 -0.0178 -0.7583
vn -0.4913 -0.0039 -0.8710
vn -0.4652 -0.0020 -0.8852
vn -0.4851 -0.0231 -0.8742
vn -0.2366 0.4571 -0.8574
vn -0.2554 0.4788 -0.8399
vn -0.2363 0.4790 -0.8454
vn -0.9432 -0.2612 -0.2052
vn -0.9427 -0.2738 -0.1907
vn -0.9497 -0.2561 -0.1800
vn -0.9820 0.1816 0.0522
vn -0.9841 0.1737 0.0372
vn -0.9853 0.1635 0.0502
vn -0.9893 0.1194 0.0841
vn -0.9840 0.1298 0.1217
vn -0.9809 0.1614 0.1088
vn -0.1543 0.2698 0.9505
vn -0.1413 0.2570 0.9560
vn -0.1354 0.2796 0.9505
vn -0.9645 -0.2319 0.1260
vn -0.9693 -0.2214 0.1073
vn -0.9629 -0.2439 0.1157
vn -0.9281 -0.1441 0.3433
vn -0.9222 -0.1609 0.3516
vn -0.9155 -0.1368 0.3783
vn -0.5534 0.0852 0.8286
vn -0.5576 0.1104 0.8227
vn -0.5697 0.0940 0.8165
vn -0.3153 0.2363 0.9191
vn -0.2951 0.2473 0.9229
vn -0.3216 0.2453 0.9145
vn -0.3342 0.1616 0.9286
vn -0.3771 0.1690 0.9106
vn -0.3402 0.1358 0.9305
vn -0.9956 -0.0914 0.0215
vn -0.9958 -0.0910 -0.0022
vn -0.9929 -0.1186 0.0129
vn -0.7843 -0.2560 0.5651
vn -0.7996 -0.2486 0.5467
vn -0.7875 -0.2693 0.5543
vn -0.4149 -0.0544 0.9082
vn -0.4080 -0.1051 0.9069
vn -0.3898 -0.0559 0.9192
vn -0.5067 0.1042 0.8558
vn -0.4908 0.0981 0.8657
vn -0.4880 0.1204 0.8645
vn -0.1817 -0.3941 0.9009
vn -0.2048 -0.3715 0.9056
vn -0.2164 -0.3999 0.8906
vn -0.3247 -0.1574 0.9326
vn -0.3448 -0.1550 0.9258
vn -0.3385 -0.1655 0.9263
vn -0.4303 0.2661 0.8626
vn -0.4276 0.2459 0.8699
vn -0.4159 0.2563 0.8726
vn -0.5703 0.0260 -0.8210
vn -0.5473 0.0386 -0.8360
vn -0.5512 0.0021 -0.8344
vn -0.9556 -0.1075 0.2743
vn -0.9383 -0.1360 0.3180
vn -0.9419 -0.1008 0.3203
vn -0.8882 -0.2144 0.4063
vn -0.8946 -0.2162 0.3911
vn -0.8868 -0.2509 0.3880
vn -0.2458 -0.0247 0.9690
vn -0.2572 -0.0608 0.9644
vn -0.2171 -0.0604 0.9743
vn -0.1526 -0.0481 -0.9871
vn -0.1333 -0.0387 -0.9903
vn -0.1403 -0.0593 -0.9883
vn -0.9870 -0.0330 0.1571
vn -0.9900 -0.0398 0.1356
vn -0.9872 -0.0547 0.1501
vn 0.0465 0.5337 0.8444
vn -0.6354 -0.2196 0.7403
vn 0.0555 -0.0716 0.9959
vn -0.2069 -0.9777 0.0371
vn -0.2288 -0.9734 -0.0103
vn -0.1834 -0.9830 0.0120
vn -0.5485 0.4288 -0.7178
vn 0.0848 0.0886 -0.9924
vn 0.0518 -0.5923 -0.8041
vn -0.2842 0.2038 -0.9368
vn -0.2693 0.2005 -0.9420
vn -0.2661 0.1856 -0.9459
vn -0.2943 0.1777 -0.9391
vn -0.2830 0.0759 0.9561
vn -0.2720 0.0883 0.9582
vn -0.2786 0.1078 0.9543
vn -0.2980 0.0845 0.9508
vn -0.2024 0.0870 0.9754
vn -0.1805 0.0976 0.9787
vn -0.1946 0.1155 0.9741
vn -0.0976 0.4886 -0.8670
vn -0.8015 0.5957 -0.0513
vn -0.1193 0.9445 -0.3061
vn -0.5588 -0.0249 0.8289
vn -0.5630 -0.0015 0.8264
vn -0.5772 -0.0168 0.8164
vn -0.9396 -0.1073 -0.3251
vn -0.9450 -0.1222 -0.3033
vn -0.9505 -0.0867 -0.2983
vn -0.9711 -0.0946 0.2192
vn -0.9678 -0.0825 0.2377
vn -0.9772 -0.0706 0.2003
vn -0.9090 0.0844 0.4082
vn -0.9238 0.0866 0.3731
vn -0.9124 0.0435 0.4071
vn -0.1979 0.4411 -0.8753
vn -0.1950 0.4106 -0.8907
vn -0.2294 0.4274 -0.8745
vn -0.9095 -0.1299 -0.3950
vn -0.9180 -0.1382 -0.3718
vn -0.9215 -0.1174 -0.3701
vn -0.6857 -0.3726 0.6252
vn -0.7017 -0.3704 0.6087
vn -0.6990 -0.3953 0.5959
vn -0.6771 -0.4000 0.6177
vn -0.9650 0.2298 -0.1263
vn -0.9733 0.1850 -0.1359
vn -0.9738 0.2081 -0.0915
vn -0.3019 -0.1207 0.9457
vn -0.3251 -0.1640 0.9314
vn -0.2844 -0.1449 0.9477
vn -0.8963 -0.0736 -0.4373
vn -0.9097 -0.0738 -0.4087
vn -0.9033 -0.0197 -0.4286
vn -0.0381 0.4298 -0.9021
vn -0.0740 0.4219 -0.9036
vn -0.0588 0.4421 -0.8950
vn -0.0466 0.4433 -0.8952
vn -0.4103 0.1109 0.9052
vn -0.4296 0.0547 0.9013
vn -0.4046 0.0471 0.9133
vn -0.8119 0.3182 0.4894
vn -0.8182 0.3400 0.4636
vn -0.8307 0.3124 0.4609
vn -0.5352 0.0486 0.8433
vn -0.5101 0.0284 0.8597
vn -0.4959 0.0502 0.8669
vn -0.5246 0.0868 0.8469
vn -0.9730 -0.1262 -0.1931
vn -0.9626 -0.1393 -0.2322
vn -0.9581 -0.1654 -0.2339
vn -0.9971 0.0124 0.0756
vn -0.9916 -0.0201 0.1280
vn -0.9906 0.0063 0.1369
vn -0.9816 -0.1905 0.0151
vn -0.9806 -0.1935 0.0328
vn -0.9848 -0.1705 0.0330
vn -0.9761 -0.2163 0.0210
vn -0.9686 -0.2460 0.0346
vn -0.9754 -0.2169 0.0396
vn -0.9824 0.0138 -0.1865
vn -0.9701 -0.0308 -0.2408
vn -0.9853 -0.0135 -0.1702
vn -0.2123 0.2959 -0.9313
vn -0.2189 0.3162 -0.9231
vn -0.2059 0.3108 -0.9279
vn -0.5553 0.1602 0.8160
vn -0.5380 0.1763 0.8243
vn -0.5564 0.1803 0.8111
vn -0.1475 0.2650 0.9529
vn -0.1686 0.2641 0.9496
vn -0.1600 0.2334 0.9591
vn -0.7486 0.0825 -0.6579
vn -0.7717 0.0522 -0.6339
vn -0.7705 0.0993 -0.6296
vn 0.0640 -0.7354 -0.6746
vn -0.5989 -0.1255 -0.7909
vn 0.1031 -0.0648 -0.9926
vn -0.9962 -0.0055 0.0872
vn -0.9945 0.0252 0.1018
vn -0.9967 0.0278 0.0769
vn -0.9248 -0.3205 -0.2049
vn -0.9353 -0.3058 -0.1778
vn -0.9346 -0.2840 -0.2140
vn -0.8989 -0.2705 -0.3447
vn -0.8974 -0.2514 -0.3626
vn -0.8856 -0.2751 -0.3743
vn -0.4714 -0.4747 -0.7433
vn -0.4713 -0.4514 -0.7577
vn -0.4583 -0.4586 -0.7613
vn -0.3982 -0.0108 -0.9172
vn -0.3783 0.0044 -0.9257
vn -0.3751 -0.0074 -0.9270
vn -0.8279 -0.1221 0.5473
vn -0.8475 -0.1573 0.5069
vn -0.8103 -0.1530 0.5657
vn -0.4083 0.1119 -0.9060
vn -0.4125 0.0932 -0.9062
vn -0.4275 0.1129 -0.8969
vn -0.9682 -0.2458 0.0474
vn -0.9656 -0.2595 0.0182
vn -0.9598 -0.2767 0.0474
vn -0.7839 0.0266 -0.6204
vn -0.7665 0.0287 -0.6416
vn -0.7723 -0.0165 -0.6350
vn -0.7911 0.0045 -0.6117
vn -0.2446 -0.0095 0.9696
vn -0.2558 0.0150 0.9666
vn -0.2857 -0.0051 0.9583
vn -0.0897 0.3366 0.9374
vn -0.1036 0.3085 0.9456
vn -0.0733 0.3217 0.9440
vn -0.7861 -0.0479 -0.6162
vn -0.8022 -0.0604 -0.5940
vn -0.7913 -0.0310 -0.6107
vn -0.9566 -0.0530 -0.2865
vn -0.9632 -0.0559 -0.2629
vn -0.9565 -0.0352 -0.2895
vn -0.7767 0.1883 -0.6011
vn -0.1451 0.6428 -0.7522
vn -0.1276 0.6305 -0.7656
vn -0.1009 -0.0806 -0.9916
vn -0.9577 -0.1943 0.2120
vn -0.9573 -0.1790 0.2271
vn -0.9675 -0.1537 0.2009
vn -0.7155 0.2012 -0.6690
vn -0.6638 0.1975 -0.7213
vn -0.7072 0.1459 -0.6918
vn -0.9169 -0.1776 -0.3575
vn -0.9265 -0.1536 -0.3434
vn -0.9173 -0.1470 -0.3701
vn -0.9647 -0.1266 0.2310
vn -0.9702 -0.1188 0.2113
vn -0.9670 -0.1375 0.2144
vn -0.6157 -0.1467 0.7742
vn -0.6342 -0.0892 0.7680
vn -0.6476 -0.0941 0.7561
vn -0.9902 -0.0317 0.1358
vn -0.9927 -0.0780 0.0922
vn -0.9875 -0.0530 0.1483
vn -0.6509 0.0569 0.7570
vn -0.6144 0.0483 0.7875
vn -0.6363 0.1002 0.7649
vn -0.9460 -0.0784 0.3147
vn -0.9566 -0.0429 0.2881
vn -0.9581 -0.0965 0.2698
vn -0.9917 -0.0077 -0.1282
vn -0.9890 -0.0289 -0.1450
vn -0.9937 -0.0252 -0.1093
vn -0.9906 -0.1169 -0.0708
vn -0.9930 -0.1084 -0.0467
vn -0.9931 -0.0829 -0.0836
vn -0.9681 -0.2296 -0.1006
vn -0.9757 -0.2028 -0.0832
vn -0.9750 -0.1892 -0.1169
vn -0.2777 0.0408 -0.9598
vn -0.2923 0.0651 -0.9541
vn -0.2689 0.0542 -0.9616
vn -0.9138 -0.3303 -0.2364
vn -0.9157 -0.3471 -0.2025
vn -0.9250 -0.3209 -0.2035
vn -0.8901 -0.1407 0.4334
vn -0.8822 -0.1305 0.4525
vn -0.8908 -0.0911 0.4451
vn -0.8486 -0.0949 0.5204
vn -0.8203 -0.1558 0.5503
vn -0.8093 -0.1261 0.5738
vn -0.1438 -0.8724 -0.4671
vn -0.1837 -0.8813 -0.4355
vn -0.1793 -0.8444 -0.5048
vn -0.6156 -0.6909 -0.3790
vn -0.6274 -0.6793 -0.3806
vn -0.5999 -0.6745 -0.4303
vn -0.6001 -0.7053 -0.3775
vn -0.8266 -0.3277 -0.4575
vn -0.8066 -0.3889 -0.4451
vn -0.8302 -0.3470 -0.4363
vn -0.8406 -0.1741 0.5128
vn -0.8447 -0.2016 0.4958
vn -0.8298 -0.1985 0.5216
vn -0.6915 -0.1542 0.7058
vn -0.7004 -0.1764 0.6916
vn -0.6860 -0.1779 0.7055
vn -0.8947 -0.4357 -0.0988
vn -0.9108 -0.3871 -0.1437
vn -0.8789 -0.4532 -0.1488
vn -0.9373 -0.0650 -0.3423
vn -0.9350 -0.0961 -0.3414
vn -0.9449 -0.0779 -0.3180
vn -0.0640 -0.0866 -0.9942
vn -0.0400 -0.0548 -0.9977
vn -0.0186 -0.0902 -0.9958
vn -0.9378 0.3386 0.0772
vn -0.9281 0.3601 0.0949
vn -0.9177 0.3893 0.0788
vn -0.9266 0.3736 0.0425
vn -0.7853 0.0260 -0.6186
vn -0.7685 -0.0115 -0.6397
vn -0.7966 -0.0055 -0.6045
vn -0.2524 0.2027 -0.9462
vn -0.2457 0.1788 -0.9527
vn -0.2578 0.1759 -0.9501
vn -0.7986 0.5668 -0.2025
vn -0.7764 0.5931 -0.2131
vn -0.7932 0.5657 -0.2256
vn -0.9375 -0.3162 -0.1454
vn -0.9368 -0.3277 -0.1228
vn -0.9476 -0.2939 -0.1255
vn -0.5320 0.0035 0.8467
vn -0.5767 0.0442 0.8158
vn -0.5763 0.0143 0.8171
vn -0.8857 -0.0962 0.4542
vn -0.8986 -0.0978 0.4278
vn -0.8808 -0.1588 0.4460
vn -0.5243 0.0008 -0.8516
vn -0.5166 0.0273 -0.8558
vn -0.5041 -0.0148 -0.8635
vn -0.0273 0.3104 0.9502
vn -0.0120 0.2950 0.9554
vn -0.0061 0.3187 0.9478
vn -0.1639 0.3492 0.9226
vn -0.1737 0.3267 0.9290
vn -0.1543 0.3348 0.9296
vn -0.3430 0.6774 -0.6507
vn -0.3309 0.6681 -0.6664
vn -0.3483 0.6597 -0.6660
vn -0.6987 0.2261 -0.6788
vn -0.0026 0.1049 -0.9945
vn -0.0069 0.0891 -0.9960
vn -0.0012 -0.6230 -0.7823
vn -0.6092 0.0642 0.7904
vn -0.6503 0.0596 0.7573
vn -0.6341 0.0049 0.7733
vn -0.0859 0.2038 -0.9752
vn -0.1041 0.1680 -0.9803
vn -0.8003 0.1305 -0.5852
vn -0.3561 0.0816 -0.9309
vn -0.3725 0.0986 -0.9228
vn -0.3511 0.0873 -0.9322
vn -0.9827 -0.0638 0.1741
vn -0.9798 -0.0562 0.1920
vn -0.9823 -0.0421 0.1824
vn -0.9704 -0.0557 0.2350
vn -0.9666 -0.0610 0.2491
vn -0.9674 -0.0210 0.2525
vn -0.9952 -0.0136 -0.0972
vn -0.9920 -0.0041 -0.1263
vn -0.9914 -0.0258 -0.1280
vn -0.2870 -0.5666 -0.7724
vn -0.0031 0.1253 -0.9921
vn -0.0022 0.0979 -0.9952
vn -0.0007 -0.6349 -0.7726
vn -0.8998 -0.1104 0.4221
vn -0.9023 -0.1250 0.4126
vn -0.8943 -0.1267 0.4291
vn -0.3023 0.0050 0.9532
vn -0.3273 0.0181 0.9448
vn -0.2957 -0.0173 0.9551
vn -0.3299 0.0043 0.9440
vn -0.3331 -0.0277 0.9425
vn -0.3063 -0.0336 0.9513
vn -0.1405 0.7617 -0.6325
vn 0.1486 0.1472 -0.9779
vn 0.1113 -0.5069 -0.8548
vn -0.9769 -0.1270 -0.1718
vn -0.9797 -0.1228 -0.1583
vn -0.9798 -0.1106 -0.1665
vn -0.4872 -0.0553 -0.8715
vn -0.4472 -0.0025 -0.8945
vn -0.4276 -0.0907 -0.8994
vn -0.9639 -0.0950 -0.2488
vn -0.9551 -0.1446 -0.2585
vn -0.9684 -0.1577 -0.1932
vn -0.9881 -0.1396 -0.0648
vn -0.9933 -0.0752 -0.0883
vn -0.9854 -0.1405 -0.0966
vn -0.5897 0.7079 0.3887
vn -0.6262 0.6659 0.4055
vn -0.5886 0.6701 0.4522
vn -0.2961 0.4218 -0.8570
vn -0.2930 0.4487 -0.8443
vn -0.2496 0.4482 -0.8584
vn -0.3038 0.2887 0.9080
vn -0.3134 0.3033 0.8999
vn -0.3199 0.2802 0.9051
vn 0.0372 0.3623 0.9313
vn 0.0357 0.3392 0.9400
vn 0.0637 0.3436 0.9370
vn -0.4776 0.7019 -0.5284
vn -0.4903 0.7178 -0.4943
vn -0.4728 0.7241 -0.5022
vn -0.1897 0.8673 -0.4603
vn -0.1810 0.8530 -0.4896
vn -0.2003 0.8535 -0.4810
vn 0.0183 0.7099 -0.7041
vn 0.0046 0.7232 -0.6906
vn 0.0103 0.7292 -0.6842
vn -0.9520 -0.1025 -0.2884
vn -0.9534 -0.1285 -0.2731
vn -0.9648 -0.0824 -0.2496
vn -0.3174 -0.2621 0.9114
vn -0.2987 -0.2532 0.9201
vn -0.3316 -0.1997 0.9220
vn -0.2140 -0.0551 0.9753
vn -0.1551 -0.0816 0.9845
vn -0.1368 -0.0585 0.9889
vn -0.9338 0.2052 -0.2930
vn -0.9465 0.1847 -0.2648
vn -0.9477 0.2260 -0.2254
vn -0.7814 -0.2833 0.5560
vn -0.7856 -0.2556 0.5634
vn -0.7994 -0.2574 0.5428
vn -0.9132 -0.3336 -0.2342
vn -0.9302 -0.3339 -0.1523
vn -0.9315 -0.3105 -0.1894
vn -0.8673 -0.4564 -0.1986
vn -0.8626 -0.4919 -0.1180
vn -0.8788 -0.4617 -0.1205
vn -0.9946 -0.0908 -0.0494
vn -0.9971 -0.0623 -0.0437
vn -0.9952 -0.0755 -0.0624
vn -0.9945 0.0782 0.0692
vn -0.9924 0.0774 0.0952
vn -0.9921 0.0934 0.0840
vn -0.9820 -0.1736 -0.0744
vn -0.9814 -0.1683 -0.0925
vn -0.9748 -0.1940 -0.1105
vn -0.9770 -0.1783 -0.1171
vn -0.9788 -0.1843 -0.0892
vn -0.9831 -0.1645 -0.0799
vn -0.3926 0.0302 0.9192
vn -0.3672 0.0107 0.9301
vn -0.3635 0.0445 0.9305
vn -0.3804 0.1510 0.9124
vn -0.4024 0.1461 0.9037
vn -0.4022 0.1189 0.9078
vn -0.0608 0.5399 0.8395
vn -0.2649 -0.7849 0.5601
vn -0.0663 -0.1104 0.9917
vn -0.0567 0.3759 0.9249
vn -0.6864 -0.2433 0.6854
vn -0.0637 -0.3235 0.9441
vn -0.4419 -0.0687 0.8944
vn -0.4506 -0.0848 0.8887
vn -0.4189 -0.1087 0.9015
vn -0.3116 -0.2529 0.9160
vn -0.3142 -0.2302 0.9210
vn -0.3279 -0.2303 0.9162
vn -0.4854 0.0167 -0.8741
vn -0.4658 0.0496 -0.8835
vn -0.4601 0.0067 -0.8879
vn -0.9651 0.0227 0.2609
vn -0.9690 -0.0205 0.2462
vn -0.9586 -0.0005 0.2848
vn -0.9299 -0.1821 -0.3197
vn -0.8995 -0.2068 -0.3850
vn -0.9035 -0.2687 -0.3338
vn -0.1985 0.2493 0.9479
vn -0.2412 0.1975 0.9502
vn -0.1752 0.2209 0.9594
vn -0.9527 0.1409 -0.2694
vn -0.9462 0.1445 -0.2897
vn -0.9456 0.1265 -0.2998
vn -0.9700 -0.1212 0.2107
vn -0.9597 -0.1320 0.2482
vn -0.9639 -0.1101 0.2422
vn -0.5494 0.1006 0.8295
vn -0.5691 0.1034 0.8157
vn -0.5627 0.0861 0.8222
vn -0.2650 0.2445 0.9327
vn -0.2701 0.2624 0.9264
vn -0.2863 0.2497 0.9251
vn -0.7979 -0.5890 0.1281
vn -0.8243 -0.5445 0.1551
vn -0.8046 -0.5857 0.0979
vn -0.9802 -0.0339 -0.1951
vn -0.9647 -0.0230 -0.2622
vn -0.9638 -0.0474 -0.2624
vn -0.9370 -0.2171 -0.2737
vn -0.9521 -0.2164 -0.2160
vn -0.9459 -0.1934 -0.2605
vn -0.9924 0.1151 0.0437
vn -0.9964 0.0642 0.0561
vn -0.9907 0.1002 0.0925
vn -0.7299 0.0052 -0.6835
vn -0.7420 -0.0299 -0.6698
vn -0.7546 0.0060 -0.6562
vn -0.0992 0.1278 0.9868
vn -0.1075 0.1465 0.9834
vn -0.1122 0.1234 0.9860
vn -0.0810 0.0314 0.9962
vn -0.0646 0.0598 0.9961
vn -0.0751 0.0563 0.9956
vn -0.1837 0.2741 0.9440
vn -0.1849 0.2871 0.9399
vn -0.2118 0.2741 0.9381
vn -0.2702 0.2570 0.9279
vn -0.2630 0.2746 0.9249
vn -0.2827 0.2729 0.9196
vn -0.5045 0.0954 0.8581
vn -0.4568 0.1257 0.8807
vn -0.5091 0.1180 0.8526
vn -0.8377 -0.0667 0.5420
vn -0.8310 -0.0831 0.5500
vn -0.8268 -0.0634 0.5589
vn -0.4636 -0.2209 0.8581
vn -0.4902 -0.2662 0.8300
vn -0.4743 -0.2892 0.8315
vn -0.4614 0.0427 -0.8862
vn -0.4750 0.0121 -0.8799
vn -0.4826 0.0334 -0.8752
vn -0.1547 -0.9879 0.0065
vn -0.1185 -0.9909 -0.0642
vn -0.1002 -0.9947 -0.0234
vn -0.1087 -0.9941 -0.0042
vn -0.3615 -0.2488 -0.8985
vn -0.3494 -0.2383 -0.9062
vn -0.3546 -0.2553 -0.8995
vn -0.6146 0.7779 -0.1310
vn -0.6165 0.7795 -0.1112
vn -0.6023 0.7884 -0.1251
vn -0.2304 0.0689 -0.9707
vn -0.2220 0.0723 -0.9724
vn -0.2192 0.0570 -0.9740
vn -0.2234 0.0495 -0.9735
vn -0.2204 0.0577 -0.9737
vn -0.2141 0.0539 -0.9753
vn -0.2161 0.0481 -0.9752
vn -0.7560 -0.2112 0.6195
vn -0.7356 -0.2101 0.6440
vn -0.7379 -0.1909 0.6474
vn -0.7543 -0.1811 0.6310
vn -0.5275 0.8361 -0.1509
vn -0.5248 0.8414 -0.1288
vn -0.5152 0.8482 -0.1233
vn -0.5026 0.8541 -0.1342
vn -0.5229 0.8432 -0.1248
vn -0.5441 0.8293 -0.1276
vn -0.5297 0.8422 -0.1011
vn -0.5201 0.8465 -0.1140
vn -0.5552 -0.4333 -0.7099
vn -0.5365 -0.4181 -0.7331
vn -0.5269 -0.4377 -0.7285
vn -0.5300 -0.4473 -0.7205
vn -0.7135 0.6386 0.2882
vn -0.6823 0.6725 0.2866
vn -0.6897 0.6764 0.2585
vn -0.7101 0.6568 0.2538
vn -0.5616 -0.6554 0.5051
vn -0.5442 -0.6585 0.5198
vn -0.5572 -0.6418 0.5269
vn -0.8539 0.3458 0.3889
vn -0.8414 0.3639 0.3995
vn -0.8413 0.3760 0.3884
vn -0.8545 0.3657 0.3689
vn -0.1398 0.6162 -0.7751
vn -0.1699 0.6157 -0.7694
vn -0.1385 0.6374 -0.7580
vn -0.1318 0.6238 -0.7704
vn -0.6208 0.7742 -0.1233
vn -0.6130 0.7827 -0.1080
vn -0.6031 0.7862 -0.1348
vn -0.6917 0.6596 -0.2940
vn -0.6802 0.6741 -0.2879
vn -0.6698 0.6776 -0.3037
vn -0.6847 0.6562 -0.3171
vn -0.3496 -0.9210 0.1718
vn -0.3371 -0.9208 0.1962
vn -0.3407 -0.9159 0.2122
vn -0.3712 -0.9027 0.2175
vn -0.7085 -0.5685 0.4181
vn -0.7024 -0.5625 0.4360
vn -0.7111 -0.5488 0.4396
vn -0.7251 -0.5473 0.4181
vn -0.7934 0.5741 -0.2022
vn -0.7847 0.5925 -0.1821
vn -0.7694 0.6097 -0.1904
vn -0.7707 0.5937 -0.2315
vn -0.4440 -0.1204 -0.8879
vn -0.4154 -0.1402 -0.8987
vn -0.4265 -0.1532 -0.8914
vn -0.4394 -0.1473 -0.8861
vn -0.6126 -0.2966 -0.7326
vn -0.5798 -0.2957 -0.7592
vn -0.5895 -0.3305 -0.7371
vn -0.8905 -0.0666 -0.4501
vn -0.8849 -0.0725 -0.4602
vn -0.8849 -0.0732 -0.4599
vn -0.8879 -0.0787 -0.4533
vn -0.8893 -0.0771 -0.4508
vn -0.8885 -0.0754 -0.4526
vn -0.8842 -0.0782 -0.4605
vn -0.8819 -0.0836 -0.4641
vn -0.8833 -0.0864 -0.4609
vn -0.8859 -0.1010 -0.4528
vn -0.8864 -0.1091 -0.4498
vn -0.8827 -0.1152 -0.4557
vn -0.8765 -0.1250 -0.4650
vn -0.8843 -0.1116 -0.4534
vn -0.8885 -0.1076 -0.4460
vn -0.8881 -0.1028 -0.4481
vn -0.8905 -0.0991 -0.4441
vn -0.8896 -0.0965 -0.4465
vn -0.8865 -0.0998 -0.4519
vn -0.8911 -0.0976 -0.4432
vn -0.8938 -0.0999 -0.4371
vn -0.8987 -0.0996 -0.4272
vn -0.8980 -0.0859 -0.4316
vn -0.8948 -0.0833 -0.4387
vn -0.8948 -0.0825 -0.4388
vn -0.8982 -0.0773 -0.4327
vn -0.9020 -0.0728 -0.4256
vn -0.8982 -0.0628 -0.4351
vn -0.8974 -0.0698 -0.4356
vn -0.8960 -0.0759 -0.4375
vn -0.8914 -0.0552 -0.4499
vn -0.8946 -0.0531 -0.4438
vn -0.8883 -0.0620 -0.4550
vn 0.1803 -0.0486 -0.9824
vn 0.1209 -0.7770 -0.6178
vn -0.4825 -0.1429 -0.8642
vn 0.0914 0.3845 0.9186
vn 0.0240 0.9101 0.4137
vn -0.4739 0.6506 0.5934
vn 0.1044 0.4016 0.9098
vn 0.0762 0.9025 0.4239
vn -0.5389 0.5115 0.6694
vn 0.0974 0.3836 0.9183
vn 0.0771 0.8868 0.4556
vn -0.4762 0.0292 0.8789
vn 0.1060 0.0690 -0.9920
vn 0.0640 -0.6560 -0.7520
vn -0.5695 0.1937 -0.7988
vn -0.1445 0.3767 -0.9150
vn -0.1285 0.3658 -0.9218
vn -0.0907 -0.4544 -0.8862
vn -0.5395 -0.3454 -0.7679
vn 0.0209 0.3087 0.9509
vn 0.0071 0.3263 0.9452
vn -0.0039 0.8423 0.5389
vn -0.5641 0.0789 0.8219
vn -0.1189 0.3623 -0.9245
vn -0.0789 -0.4699 -0.8792
vn -0.7529 -0.0309 -0.6575
vn -0.0272 0.1891 0.9816
vn -0.0270 0.8384 0.5444
vn -0.4421 -0.4635 0.7679
vn -0.1682 -0.0653 0.9836
vn -0.1170 0.7020 0.7025
vn -0.7570 0.2599 0.5995
vn -0.1634 -0.0774 0.9835
vn -0.1177 -0.0164 -0.9929
vn -0.1067 -0.0315 -0.9938
vn -0.0736 -0.7456 -0.6623
vn -0.1547 -0.7534 -0.6391
vn -0.0095 -0.3052 0.9522
vn 0.0245 -0.2469 0.9687
vn -0.0158 0.3820 0.9240
vn -0.6680 -0.1140 0.7353
vn -0.0024 0.7222 -0.6916
vn -0.0015 0.0569 -0.9984
vn -0.6946 0.5092 -0.5081
vn -0.0021 0.7289 -0.6846
vn -0.0326 0.1599 -0.9866
vn -0.0251 -0.6025 -0.7977
vn -0.7460 0.0235 -0.6655
vn -0.0273 0.1634 -0.9862
vn -0.0344 0.1392 -0.9897
vn -0.0241 -0.6122 -0.7903
vn -0.6263 -0.2310 -0.7445
vn -0.1167 0.2859 0.9511
vn -0.1451 0.8681 0.4747
vn -0.5119 0.6861 0.5170
vn -0.1310 0.2724 0.9532
vn -0.1050 0.3506 0.9306
vn -0.1049 0.3663 0.9246
vn -0.0861 0.9122 0.4006
vn -0.7728 0.3137 0.5517
vn -0.0076 0.8536 -0.5210
vn -0.0063 0.8437 -0.5367
vn -0.0057 0.2439 -0.9698
vn -0.5906 0.4089 -0.6957
vn 0.0730 0.7832 -0.6174
vn 0.0469 0.1324 -0.9901
vn -0.5445 0.4039 -0.7351
vn -0.2051 -0.0214 0.9785
vn 0.0242 0.7292 0.6839
vn -0.8024 0.0804 0.5913
vn -0.2187 -0.0417 0.9749
vn -0.0443 0.1833 0.9821
vn -0.0297 0.8359 0.5481
vn -0.7597 0.0464 0.6486
vn 0.0912 0.3512 0.9319
vn 0.0798 0.8521 0.5173
vn -0.5423 0.2105 0.8134
vn 0.0956 0.3346 0.9375
vn 0.0747 0.2961 0.9522
vn 0.0443 0.8132 0.5803
vn -0.2664 -0.2959 0.9173
vn -0.0935 0.2273 0.9693
vn -0.0957 0.2365 0.9669
vn -0.0708 0.8693 0.4892
vn -0.7368 0.1680 0.6549
vn -0.0861 -0.3494 0.9330
vn -0.0754 0.3363 0.9387
vn -0.4262 0.2651 0.8649
vn -0.0991 -0.3579 0.9285
vn -0.1656 0.0815 -0.9828
vn -0.1590 0.0296 -0.9868
vn -0.2011 0.0334 -0.9790
vn -0.0667 0.3002 -0.9516
vn -0.0745 0.2739 -0.9589
vn -0.0547 -0.4685 -0.8818
vn -0.7466 0.0679 -0.6618
vn -0.9228 0.3189 -0.2161
vn -0.9103 0.3297 -0.2502
vn -0.9207 0.3034 -0.2454
vn -0.9269 0.2967 -0.2297
vn -0.9870 0.0918 -0.1320
vn -0.9902 0.0669 -0.1225
vn -0.9925 0.0663 -0.1031
vn -0.9907 0.0962 -0.0959
vn -0.7003 0.5659 -0.4351
vn -0.7142 0.5389 -0.4467
vn -0.7263 0.5559 -0.4043
vn -0.7099 0.6017 -0.3659
vn -0.7165 0.5807 -0.3866
vn -0.7337 0.5775 -0.3580
vn -0.2942 0.2483 0.9229
vn -0.3335 0.2441 0.9106
vn -0.3494 0.2256 0.9094
vn -0.3165 0.2061 0.9260
vn -0.2662 0.2631 -0.9273
vn -0.2303 0.2521 -0.9399
vn -0.2563 0.2327 -0.9382
vn -0.2711 0.2323 -0.9341
vn -0.6937 0.4847 0.5327
vn -0.7286 0.4827 0.4859
vn -0.7361 0.4475 0.5078
vn -0.7151 0.4443 0.5396
vn -0.8269 0.5305 0.1867
vn -0.8540 0.4872 0.1826
vn -0.8386 0.4927 0.2325
vn -0.4488 0.0273 -0.8932
vn -0.3859 0.0113 -0.9225
vn -0.4322 -0.0242 -0.9014
vn -0.4524 -0.0248 -0.8915
vn -0.7539 0.4531 -0.4758
vn -0.7639 0.3970 -0.5088
vn -0.7839 0.3863 -0.4860
vn -0.8033 0.3807 -0.4580
vn -0.2820 0.2236 0.9330
vn -0.3106 0.1790 0.9335
vn -0.2727 0.1759 0.9459
vn -0.2696 0.1848 0.9451
vn 0.1672 0.0838 -0.9823
vn 0.1933 0.0367 -0.9805
vn 0.1478 0.0308 -0.9885
vn 0.0713 0.3056 -0.9495
vn 0.0532 0.8755 -0.4803
vn 0.7763 0.2019 -0.5972
vn 0.0616 0.2749 -0.9595
vn 0.9198 0.3286 -0.2146
vn 0.9206 0.3130 -0.2334
vn 0.9183 0.3090 -0.2476
vn 0.9066 0.3399 -0.2501
vn 0.9860 0.1032 -0.1309
vn 0.9893 0.1106 -0.0957
vn 0.9916 0.0823 -0.1003
vn 0.9900 0.0785 -0.1171
vn 0.6934 0.5762 -0.4326
vn 0.7216 0.5642 -0.4013
vn 0.7107 0.5520 -0.4361
vn 0.7048 0.6104 -0.3614
vn 0.7320 0.5853 -0.3487
vn 0.7070 0.5890 -0.3914
vn 0.2893 0.2484 0.9245
vn 0.3158 0.2243 0.9220
vn 0.3306 0.2401 0.9127
vn 0.3286 0.2486 0.9112
vn 0.2688 0.2619 -0.9269
vn 0.2574 0.2366 -0.9369
vn 0.2480 0.2265 -0.9419
vn 0.2284 0.2540 -0.9398
vn 0.6868 0.4949 0.5323
vn 0.7068 0.4573 0.5396
vn 0.7350 0.4556 0.5021
vn 0.7148 0.4992 0.4898
vn 0.8203 0.5405 0.1869
vn 0.8339 0.5004 0.2327
vn 0.8497 0.4942 0.1837
vn 0.4509 0.0321 -0.8920
vn 0.4417 -0.0170 -0.8970
vn 0.4178 -0.0444 -0.9075
vn 0.3863 0.0104 -0.9223
vn 0.7462 0.4626 -0.4788
vn 0.7816 0.4018 -0.4772
vn 0.7707 0.3967 -0.4986
vn 0.7581 0.4090 -0.5080
vn 0.2733 0.2262 0.9350
vn 0.2731 0.1747 0.9460
vn 0.2785 0.1675 0.9457
vn 0.3205 0.1776 0.9305
vn -0.0013 0.9999 -0.0132
vn -0.0062 0.9999 -0.0116
vn -0.0070 0.9999 -0.0116
vn -0.0192 0.9997 -0.0141
vn -0.0187 0.9997 -0.0145
vn -0.0195 0.9997 -0.0138
vn 0.0005 0.9993 -0.0371
vn -0.0056 1.0000 -0.0047
vn 0.7241 0.6861 -0.0705
vn -0.0081 1.0000 -0.0044
vn -0.0237 0.9992 -0.0335
vn -0.0254 0.9997 -0.0045
vn -0.0253 0.9997 -0.0047
vn -0.0256 0.9997 -0.0036
vn -0.0127 0.9999 -0.0099
vn -0.0129 0.9999 -0.0098
vn -0.0164 0.9996 -0.0247
vn -0.0374 0.9991 -0.0177
vn -0.0406 0.9991 -0.0106
vn -0.0352 0.9993 -0.0146
vn -0.0383 0.9992 -0.0064
vn -0.0281 0.9996 0.0038
vn -0.0254 0.9997 -0.0017
vn -0.0254 0.9997 -0.0014
vn -0.0256 0.9997 0.0005
vn -0.0275 0.9996 0.0058
vn -0.0273 0.9996 0.0066
vn -0.0245 0.9996 0.0120
vn -0.0226 0.9996 0.0146
vn -0.0220 0.9996 0.0154
vn -0.0449 0.9983 0.0365
vn -0.0140 0.9993 0.0332
vn -0.0067 0.9994 0.0341
vn -0.0090 0.9996 0.0253
vn -0.0121 0.9996 0.0247
vn -0.0022 0.9997 0.0232
vn -0.7030 0.7087 0.0600
vn 0.0051 0.9998 0.0204
vn -0.0047 0.9997 0.0254
vn -0.0077 0.9996 0.0254
vn -0.0006 0.9994 0.0336
vn 0.0062 0.9995 0.0317
vn 0.0243 0.9987 0.0437
vn 0.0135 0.9999 0.0086
vn 0.0138 0.9999 0.0078
vn 0.0146 0.9999 0.0051
vn 0.0123 0.9998 0.0124
vn 0.0133 0.9999 0.0105
vn 0.0123 0.9999 0.0060
vn 0.0128 0.9999 0.0037
vn 0.0127 0.9999 0.0042
vn 0.0156 0.9999 -0.0005
vn 0.0264 0.9996 -0.0019
vn 0.0243 0.9996 -0.0107
vn 0.0120 0.9995 -0.0303
vn 0.0062 0.9994 -0.0330
vn 0.1374 0.2240 -0.9648
vn 0.0975 -0.4476 -0.8889
vn -0.6430 0.1652 -0.7479
vn 0.1409 0.2566 -0.9562
vn -0.9110 -0.3063 -0.2761
vn -0.9255 -0.2696 -0.2659
vn -0.9150 -0.2688 -0.3009
vn -0.9119 -0.3383 -0.2323
vn -0.9249 -0.3207 -0.2044
vn -0.9250 -0.3063 -0.2247
vn -0.9241 -0.3019 -0.2343
vn -0.9273 -0.2264 -0.2980
vn -0.9337 -0.2307 -0.2739
vn -0.9373 -0.2092 -0.2788
vn -0.9320 -0.2116 -0.2943
vn -0.4907 0.0856 -0.8671
vn -0.4955 0.1018 -0.8626
vn -0.4771 0.1148 -0.8713
vn -0.4667 0.0884 -0.8800
vn -0.9378 0.0312 0.3457
vn -0.9247 0.0239 0.3799
vn -0.9329 0.0507 0.3566
vn -0.9364 0.0465 0.3479
vn -0.9973 -0.0375 -0.0632
vn -0.9981 -0.0560 -0.0250
vn -0.9995 -0.0208 -0.0233
vn -0.9992 -0.0093 -0.0380
vn -0.9398 -0.0833 -0.3314
vn -0.9501 -0.0279 -0.3106
vn -0.9331 -0.0178 -0.3592
vn -0.9420 -0.0656 -0.3291
vn -0.9534 -0.0805 -0.2908
vn -0.9601 -0.0392 -0.2767
vn -0.9462 -0.0276 -0.3225
vn -0.7015 -0.1732 0.6913
vn -0.6942 -0.1534 0.7033
vn -0.7151 -0.1566 0.6812
vn -0.4920 0.0709 0.8677
vn -0.4781 0.0544 0.8766
vn -0.4715 0.0778 0.8784
vn -0.4800 0.0802 0.8736
vn -0.1432 0.2266 -0.9634
vn -0.8114 0.1645 -0.5608
vn -0.0987 0.8145 -0.5718
vn 0.5366 0.3373 -0.7735
vn 0.8003 0.1506 -0.5804
vn 0.7831 0.1788 -0.5956
vn 0.8106 0.1779 -0.5579
vn 0.4880 0.0922 -0.8680
vn 0.4645 0.0931 -0.8807
vn 0.4721 0.1117 -0.8744
vn 0.4886 0.1085 -0.8657
vn 0.9634 0.2158 0.1593
vn 0.9583 0.2328 0.1656
vn 0.9521 0.2478 0.1788
vn 0.9580 0.2082 0.1973
vn 0.9387 -0.0714 -0.3371
vn 0.9359 -0.0126 -0.3521
vn 0.9566 -0.0118 -0.2912
vn 0.9444 -0.0201 -0.3282
vn 0.9528 -0.0243 -0.3025
vn 0.9614 -0.0253 -0.2738
vn 0.9533 -0.0690 -0.2939
vn 0.9534 -0.1519 -0.2607
vn 0.9616 -0.1180 -0.2478
vn 0.9628 -0.1413 -0.2306
vn 0.9568 -0.1636 -0.2404
vn 0.6710 -0.1494 0.7262
vn 0.6596 -0.1350 0.7394
vn 0.6467 -0.1367 0.7503
vn 0.5891 -0.2618 0.7645
vn 0.6027 -0.2420 0.7604
vn 0.5821 -0.2381 0.7775
vn 0.9497 -0.1965 -0.2440
vn 0.9548 -0.1776 -0.2383
vn 0.9574 -0.1901 -0.2175
vn 0.5385 -0.4012 0.7410
vn 0.5575 -0.3867 0.7346
vn 0.5538 -0.3731 0.7444
vn 0.5357 -0.3787 0.7547
vn 0.4517 0.0137 0.8921
vn 0.4474 0.0329 0.8937
vn 0.4352 0.0304 0.8998
vn 0.4363 0.0074 0.8997
vn 0.0036 -0.9999 -0.0153
vn 0.0027 -0.9998 0.0221
vn -0.0188 -0.9998 0.0104
vn -0.6500 -0.7585 0.0466
vn 0.0161 -0.9999 0.0005
vn 0.7264 -0.6808 0.0942
vn -0.0163 -0.9998 0.0075
vn 0.0132 -0.9999 -0.0035
vn 0.0013 -0.9998 0.0189
vn -0.0107 -0.9999 0.0130
vn 0.0079 -0.9999 -0.0124
vn 0.0133 -0.9999 0.0078
vn -0.0093 -0.9999 0.0142
vn 0.0061 -0.9999 -0.0133
vn 0.0213 -0.9997 0.0139
vn -0.0157 -0.9996 0.0217
vn 0.0111 -0.9998 -0.0147
vn 0.0129 -0.9998 0.0179
vn -0.0125 -0.9997 0.0189
vn 0.0085 -0.9998 -0.0162
vn 0.0155 -0.9998 0.0153
vn 0.0155 -0.9998 0.0151
vn -0.0140 -0.9996 0.0229
vn 0.0119 -0.9996 -0.0259
vn 0.0303 -0.9995 0.0014
vn -0.0115 -0.9996 0.0244
vn 0.0068 -0.9996 -0.0276
vn -0.0010 -0.9998 0.0189
vn -0.6251 -0.7582 0.1855
vn 0.0136 -0.9999 -0.0025
vn 0.6494 -0.7591 0.0462
vn -0.0170 -0.9998 0.0032
vn 0.0139 -0.9999 -0.0015
vn -0.0170 -0.9999 0.0007
vn 0.6455 -0.7593 -0.0820
vn 0.7282 -0.6807 0.0797
vn -0.0051 -0.9998 0.0183
vn -0.0152 -0.9999 0.0005
vn 0.0143 -0.9999 0.0002
vn 0.0118 -0.9998 0.0139
vn -0.0172 -0.9998 0.0046
vn 0.0108 -0.9999 -0.0104
vn 0.0136 -0.9998 0.0117
vn -0.0168 -0.9998 0.0066
vn 0.0144 -0.9999 -0.0065
vn -0.0094 -0.9996 0.0253
vn 0.0029 -0.9999 -0.0143
vn 0.0300 -0.9995 -0.0025
vn -0.0143 -0.9999 0.0076
vn 0.0113 -0.9999 -0.0099
vn 0.0103 -0.9999 0.0126
vn -0.0143 -0.9999 -0.0031
vn 0.0153 -0.9999 0.0077
vn -0.0101 -0.9998 0.0160
vn -0.0131 -0.9998 -0.0139
vn 0.0111 -0.9999 0.0116
vn -0.0061 -0.9999 0.0160
vn -0.0182 -0.9996 -0.0229
vn 0.0114 -0.9999 0.0112
vn -0.0201 -0.9998 0.0081
vn -0.0127 -0.9996 -0.0259
vn 0.0087 -0.9999 0.0140
vn -0.0200 -0.9998 0.0080
vn -0.0086 -0.9998 -0.0166
vn 0.0114 -0.9998 0.0190
vn -0.0191 -0.9998 0.0110
vn -0.0118 -0.9998 -0.0148
vn 0.0150 -0.9997 0.0215
vn -0.0064 -0.9996 -0.0279
vn 0.0051 -0.9997 0.0221
vn -0.0244 -0.9995 0.0214
vn 0.0036 -0.9998 0.0193
vn -0.0111 -0.9999 0.0033
vn 0.0159 -0.9999 -0.0046
vn -0.0055 -0.9998 0.0201
vn -0.0095 -1.0000 -0.0016
vn 0.0173 -0.9998 0.0026
vn -0.0054 -0.9998 0.0189
vn 0.0027 -0.9999 -0.0135
vn 0.0126 -0.9999 -0.0070
vn -0.0042 -0.9998 0.0179
vn 0.0027 -0.9998 -0.0183
vn 0.0169 -0.9998 0.0139
vn -0.0017 -0.9997 0.0231
vn -0.0019 -0.9999 -0.0111
vn 0.0199 -0.9996 -0.0176
vn 0.0055 -0.9995 0.0301
vn -0.0047 -0.9999 -0.0105
vn 0.0153 -0.9999 0.0006
vn 0.0129 -0.9999 0.0042
vn 0.0018 -0.9997 0.0230
vn -0.0044 -0.9999 -0.0106
vn 0.0129 -0.9999 0.0012
vn 0.0050 -0.9997 0.0224
vn -0.0093 -0.9999 -0.0134
vn 0.0018 -0.9998 0.0194
vn -0.0298 -0.9996 -0.0012
vn 0.0080 -0.9999 -0.0114
vn -0.0003 -0.9998 0.0183
vn -0.0046 -0.9999 -0.0152
vn 0.0192 -0.9998 0.0092
vn -0.0296 -0.9995 0.0073
vn 0.0034 -0.9999 -0.0153
vn 0.0147 -0.9999 0.0077
vn -0.0161 -0.9999 -0.0041
vn 0.0155 -0.9999 -0.0033
vn 0.0002 -0.9999 0.0171
vn -0.0074 -0.9999 -0.0131
vn 0.0085 -0.9999 0.0142
vn -0.0226 -0.9995 0.0237
vn -0.0151 -0.9998 -0.0106
vn 0.0168 -0.9999 -0.0027
vn -0.0060 -1.0000 0.0077
vn -0.0205 -0.9996 -0.0195
vn 0.0167 -0.9998 0.0048
vn -0.0212 -0.9995 0.0233
vn -0.0225 -0.9996 -0.0174
vn 0.0169 -0.9999 0.0023
vn -0.0080 -0.9998 0.0174
vn 0.0158 -0.9999 -0.0034
vn -0.0282 -0.9995 0.0126
vn -0.0024 -0.9998 -0.0199
vn 0.0159 -0.9998 0.0155
vn -0.0154 -0.9999 0.0050
vn 0.0057 -1.0000 -0.0066
vn 0.0120 -0.9999 0.0109
vn -0.0131 -0.9999 -0.0059
vn 0.0083 -0.9999 -0.0104
vn 0.0145 -0.9999 0.0043
vn -0.0153 -0.9999 0.0049
vn -0.6990 -0.6817 -0.2162
vn 0.0139 -0.9999 0.0069
vn -0.0155 -0.9999 0.0025
vn 0.0040 -0.9999 -0.0121
vn 0.0097 -0.9999 -0.0089
vn -0.0074 -0.9997 0.0211
vn -0.0125 -0.9999 -0.0068
vn -0.0085 -0.9999 -0.0105
vn 0.0117 -0.9999 -0.0110
vn -0.0087 -0.9999 0.0129
vn -0.0184 -0.9998 0.0047
vn 0.0085 -0.9999 -0.0099
vn -0.0052 -0.9997 0.0218
vn -0.0183 -0.9998 0.0049
vn -0.0099 -0.9999 -0.0095
vn -0.0093 -0.9999 -0.0100
vn 0.0090 -0.9999 -0.0130
vn -0.0054 -0.9999 0.0148
vn -0.0101 -0.9999 -0.0071
vn 0.0061 -0.9998 0.0213
vn -0.0163 -0.9999 0.0025
vn -0.0009 -0.9999 -0.0112
vn 0.0057 -0.9999 -0.0147
vn 0.0008 -0.9998 0.0223
vn -0.0128 -0.9999 -0.0031
vn -0.0018 -0.9999 -0.0135
vn 0.0082 -0.9995 0.0293
vn -0.0186 -0.9995 0.0242
vn -0.0046 -0.9999 -0.0130
vn 0.0099 -0.9998 0.0195
vn -0.0136 -0.9995 0.0274
vn -0.0193 -0.9998 0.0088
vn -0.0071 -0.9998 0.0158
vn -0.0013 -0.9999 0.0166
vn 0.0185 -0.9998 -0.0018
vn -0.0091 -0.9999 0.0143
vn -0.0055 -0.9999 -0.0109
vn 0.0124 -0.9999 -0.0057
vn 0.0120 -0.9999 -0.0063
vn -0.0082 -0.9999 -0.0109
usemtl sungaya_inexpectata_31mg
s off
f 2/1/1 3/2/2 62/3/3
f 137/4/4 140/5/5 12/6/6
f 13/7/7 30/8/8 68/9/9
f 347/10/10 17/11/11 159/12/12
f 422/13/13 417/14/14 21/15/15 20/16/16
f 76/17/17 72/18/18 1/19/19
f 70/20/20 60/21/21 37/22/22
f 365/23/23 98/24/24 367/25/25
f 48/26/26 49/27/27 99/28/28
f 21/29/29 97/30/30 11/31/31
f 415/32/32 413/33/33 52/34/34 35/35/35
f 162/36/36 343/37/37 64/38/38 65/39/39
f 71/40/40 33/41/41 34/42/42
f 44/43/43 16/44/44 18/45/45
f 33/41/46 93/46/47 32/47/48
f 45/48/49 81/49/50 51/50/51
f 51/51/52 23/52/53 89/53/54
f 87/54/55 47/55/56 103/56/57
f 336/57/58 331/58/59 123/59/60 79/60/61
f 171/61/62 164/62/63 44/63/64 15/64/65
f 68/65/66 16/44/67 19/66/68
f 18/67/69 15/68/70 44/69/71
f 92/70/72 90/71/73 109/72/74
f 30/8/75 38/73/76 27/74/77
f 38/73/78 48/75/79 27/74/80
f 26/76/81 67/77/82 61/78/83
f 37/79/84 29/80/85 70/81/86
f 420/82/87 423/83/88 14/84/89 50/85/90
f 40/86/91 99/87/92 109/88/93
f 89/89/94 92/90/95 51/91/96
f 45/92/97 99/87/98 75/93/99
f 463/94/100 407/95/101 58/96/102 104/97/103
f 81/98/104 103/56/105 47/55/106
f 164/99/107 334/100/108 44/101/109
f 420/102/110 50/103/111 421/104/112
f 33/105/113 26/106/114 61/107/115
f 48/108/116 38/109/117 49/110/118
f 9/111/119 65/39/120 78/112/121
f 69/113/122 5/114/123 18/115/124
f 70/116/125 55/117/126 50/118/127
f 97/119/128 46/120/129 11/121/130
f 3/122/131 82/123/132 100/124/133
f 372/125/134 373/126/135 82/127/136 3/2/137
f 80/128/138 42/129/139 41/130/140
f 93/131/141 37/22/142 74/132/143
f 71/133/144 93/46/145 33/41/146
f 83/134/147 67/135/148 26/136/149
f 121/137/150 96/138/151 88/139/152
f 84/140/153 94/141/154 58/96/155
f 89/142/156 121/143/157 88/144/158
f 90/145/159 89/146/160 88/147/161
f 118/148/162 8/149/163 106/150/164
f 105/151/165 76/152/166 119/153/167
f 351/154/168 355/155/169 31/156/170 98/157/171
f 374/158/172 366/159/173 13/7/174 43/160/175
f 28/161/176 8/162/177 62/163/178
f 62/164/179 8/165/180 2/166/181
f 368/167/182 376/168/183 117/169/184
f 360/170/185 75/171/186 361/172/187
f 371/173/188 87/54/189 370/174/190
f 126/175/191 156/176/192 110/177/193
f 94/141/194 57/178/195 91/179/196
f 132/180/197 125/181/198 40/182/199
f 93/183/200 71/184/201 107/185/202
f 116/186/203 112/187/204 115/188/205
f 28/189/206 41/190/207 66/191/208
f 1/192/209 77/193/210 76/194/211
f 33/195/212 61/196/213 34/197/214
f 54/198/215 53/199/216 106/150/217
f 30/200/218 27/201/219 69/202/220
f 68/203/221 30/200/222 69/202/223
f 9/111/224 60/204/225 73/205/226
f 9/111/227 73/205/228 102/206/229
f 76/194/230 65/39/231 102/206/232
f 18/207/233 25/208/234 15/209/235
f 109/210/236 99/211/237 92/212/238
f 351/213/239 98/24/240 365/23/241
f 122/214/242 104/215/243 112/216/244
f 92/217/245 45/218/246 51/219/247
f 52/34/248 120/220/249 85/221/250
f 91/179/251 108/222/252 94/141/253
f 111/223/254 54/198/255 106/150/256
f 82/127/257 117/169/258 114/224/259
f 45/225/260 31/226/261 81/227/262
f 52/34/263 84/140/264 35/35/265
f 41/228/266 100/229/267 114/230/268
f 36/231/269 91/179/270 53/199/271
f 62/3/272 41/130/273 28/232/274
f 41/130/275 39/233/276 80/128/277
f 36/231/278 53/199/279 54/234/280
f 428/235/281 105/236/282 432/237/283
f 47/238/284 63/239/285 81/240/286
f 85/241/287 56/242/288 84/243/289
f 62/3/290 3/2/291 100/244/292
f 77/245/293 65/246/294 76/247/295
f 33/41/296 23/248/297 26/249/298
f 336/250/299 79/251/300 344/252/301
f 151/253/302 137/254/303 12/255/304
f 343/256/305 333/257/306 64/258/307
f 430/259/308 410/260/309 113/261/310 72/262/311
f 354/263/312 368/167/313 117/169/314 82/127/315
f 354/264/316 82/265/317 373/266/318
f 346/267/319 44/268/320 334/269/321
f 94/141/322 104/97/323 58/96/324
f 4/270/325 29/271/326 37/22/327
f 92/272/328 89/142/329 90/273/330
f 429/274/331 120/220/332 427/275/333
f 68/276/334 19/277/335 43/278/336
f 22/279/337 60/204/338 24/280/339
f 411/281/340 431/282/341 6/283/342
f 146/284/343 145/285/344 90/273/345 86/286/346
f 424/287/347 425/288/348 20/16/349 120/289/350
f 55/290/351 421/291/352 50/292/353
f 100/293/354 82/294/355 114/295/356
f 60/296/357 14/297/358 73/298/359
f 153/299/360 150/300/361 25/208/362 18/207/363
f 57/178/364 118/148/365 53/199/366
f 135/301/367 109/302/368 130/303/369
f 371/304/370 372/305/371 3/306/372 87/307/373
f 49/308/374 75/309/375 99/310/376
f 83/311/377 23/52/378 51/51/379
f 34/312/380 11/313/381 46/314/382
f 34/315/383 46/316/384 71/317/385
f 37/318/386 22/319/387 74/320/388
f 15/209/389 25/208/390 95/321/391
f 36/231/392 108/222/393 91/179/394
f 54/322/395 10/323/396 123/324/397
f 73/205/398 119/325/399 102/206/400
f 341/326/401 64/327/402 333/328/403
f 97/329/404 21/330/405 6/331/406
f 89/332/407 23/333/408 121/334/409
f 4/270/410 97/335/411 29/271/412
f 70/81/413 29/336/414 55/337/415
f 147/338/416 131/339/417 24/280/418
f 64/38/419 78/112/420 65/39/421
f 84/340/422 56/341/423 57/342/424
f 419/343/425 430/259/426 72/262/427
f 51/344/428 81/345/429 63/346/430
f 414/347/431 426/348/432 105/236/433 73/205/434
f 376/168/435 350/349/436 117/169/437
f 122/214/438 112/216/439 116/186/440
f 24/280/441 60/204/442 9/111/443
f 107/350/444 4/270/445 37/22/446
f 347/10/447 339/351/448 19/352/449 17/11/450
f 67/353/451 56/354/452 61/355/453
f 30/8/454 13/7/455 38/73/456
f 22/279/457 37/22/458 60/21/459
f 34/356/460 61/357/461 85/358/462
f 57/359/463 94/360/464 84/361/465
f 26/362/466 23/363/467 83/311/468
f 3/2/469 2/1/470 47/55/471
f 63/364/472 47/365/473 2/366/474
f 45/367/475 98/368/476 31/226/477
f 34/369/478 120/289/479 11/370/480
f 120/289/481 20/16/482 11/370/483
f 63/371/484 2/372/485 51/373/486
f 1/192/487 72/262/488 113/261/489
f 97/335/490 55/117/491 29/271/492
f 97/374/493 6/375/494 55/376/495
f 118/377/496 56/378/497 67/379/498
f 57/178/499 56/380/500 118/148/501
f 126/175/502 110/177/503 138/381/504
f 131/339/505 138/382/506 110/383/507 24/280/508
f 22/384/509 24/385/510 110/386/511
f 88/144/512 86/387/513 90/273/514
f 35/35/515 84/140/516 58/96/517
f 12/388/518 96/389/519 74/390/520
f 20/16/521 21/15/522 11/370/523
f 357/391/524 374/392/525 43/393/526
f 355/394/527 353/395/528 103/396/529 31/226/530
f 105/397/531 119/398/532 73/399/533
f 64/38/534 95/321/535 25/208/536
f 48/26/537 99/28/538 40/400/539
f 46/401/540 97/402/541 4/403/542
f 83/404/543 8/149/544 118/148/545
f 67/77/546 83/405/547 118/406/548
f 65/39/549 9/111/550 102/206/551
f 115/188/552 112/187/553 123/324/554
f 112/187/555 54/322/556 123/324/557
f 129/407/558 5/408/559 142/409/560
f 161/410/561 165/411/562 77/412/563 1/413/564
f 464/414/565 35/35/566 409/415/567
f 47/55/568 87/54/569 3/2/570
f 433/416/571 113/417/572 410/418/573
f 25/208/574 78/112/575 64/38/576
f 23/248/577 33/41/578 32/419/579
f 85/221/580 120/220/581 34/42/582
f 75/420/583 98/421/584 45/218/585
f 335/422/586 161/423/587 1/192/588 113/261/589
f 52/424/590 85/241/591 84/243/592
f 111/425/593 28/189/594 10/426/595
f 10/426/596 28/189/597 66/191/598
f 165/411/599 345/427/600 77/412/601
f 45/92/602 92/428/603 99/87/604
f 13/7/605 7/429/606 38/73/607
f 49/430/608 7/431/609 75/432/610
f 51/433/611 2/434/612 83/435/613
f 134/436/614 132/437/615 40/438/616
f 43/439/617 13/440/618 68/441/619
f 108/442/620 112/216/621 104/215/622
f 122/214/623 116/186/624 115/188/625
f 68/443/626 69/444/627 18/445/628
f 18/445/629 16/446/630 68/443/631
f 19/66/632 16/44/633 17/447/634
f 70/448/635 14/449/636 60/450/637
f 42/129/638 79/251/639 66/451/640
f 79/251/641 10/452/642 66/451/643
f 75/453/644 7/454/645 59/455/646
f 141/456/647 88/144/648 133/457/649
f 12/458/650 22/459/651 110/460/652
f 74/461/653 22/462/654 12/463/655
f 121/464/656 32/465/657 93/466/658
f 23/248/659 32/419/660 121/143/661
f 4/467/662 71/468/663 46/469/664
f 71/470/665 4/270/666 107/350/667
f 41/130/668 62/3/669 100/244/670
f 118/148/671 106/150/672 53/199/673
f 160/471/674 80/472/675 170/473/676
f 325/474/677 80/128/678 160/475/679
f 41/228/680 114/230/681 39/476/682
f 41/130/683 42/129/684 66/451/685
f 76/194/686 102/206/687 119/325/688
f 81/98/689 31/477/690 103/56/691
f 38/73/692 7/429/693 49/478/694
f 123/324/695 10/323/696 79/479/697
f 37/22/698 93/131/699 107/350/700
f 56/242/701 85/480/702 61/481/703
f 94/141/704 108/222/705 104/97/706
f 36/231/707 112/482/708 108/222/709
f 96/483/710 121/484/711 74/485/712
f 74/486/713 121/487/714 93/488/715
f 70/20/716 50/489/717 14/490/718
f 429/491/719 424/492/720 120/493/721
f 426/494/722 432/495/723 105/496/724
f 8/149/725 111/223/726 106/150/727
f 28/497/728 111/223/729 8/149/730
f 417/14/731 412/498/732 21/15/733
f 111/499/734 10/323/735 54/322/736
f 54/500/737 112/501/738 36/502/739
f 53/199/740 91/179/741 57/178/742
f 413/33/743 418/503/744 52/34/745
f 83/504/746 2/1/747 8/149/748
f 105/236/749 72/262/750 76/194/751
f 110/177/752 156/176/753 151/253/754 12/255/755
f 78/112/756 149/505/757 148/506/758
f 27/201/759 155/507/760 144/508/761
f 25/208/762 150/509/763 143/510/764
f 25/208/765 143/510/766 149/505/767 78/112/768
f 86/286/769 88/144/770 141/456/771 146/284/772
f 69/511/773 139/512/774 142/513/775 5/514/776
f 27/515/777 144/516/778 139/512/779 69/511/780
f 9/111/781 136/517/782 147/338/783 24/280/784
f 40/518/785 109/72/786 135/519/787 134/520/788
f 88/144/789 154/521/790 133/457/791
f 109/302/792 90/273/793 145/285/794 130/303/795
f 5/408/796 129/407/797 153/299/798 18/207/799
f 27/201/800 128/522/801 155/507/802
f 27/201/803 48/26/804 152/523/805 128/522/806
f 96/524/807 12/6/808 140/5/809 127/525/810
f 88/526/811 96/527/812 127/528/813 154/529/814
f 48/530/815 40/531/816 125/532/817 152/533/818
f 9/111/819 78/112/820 148/506/821 124/534/822
f 9/111/823 124/534/824 136/517/825
f 151/253/826 156/176/827 126/175/828 138/382/829 131/339/830 147/338/831 136/517/832 124/534/833 148/506/834 149/505/835 143/510/836 150/300/837 153/299/838 129/407/839 142/513/840 139/512/841 144/508/842 155/507/843 128/522/844 152/533/845 125/181/846 132/437/847 134/520/848 135/301/849 130/303/850 145/285/851 146/284/852 141/456/853 133/457/854 154/529/855 127/525/856 140/5/857 137/254/858
f 77/245/859 345/535/860 340/536/861
f 122/537/862 338/538/863 337/539/864
f 122/214/865 168/540/866 338/541/867
f 122/214/868 348/542/869 168/540/870
f 113/543/871 342/544/872 335/545/873
f 95/546/874 332/547/875 171/548/876 15/549/877
f 123/324/878 331/550/879 167/551/880 115/188/881
f 95/552/882 330/553/883 332/554/884
f 39/555/885 349/556/886 163/557/887
f 80/128/888 39/233/889 163/558/890 170/559/891
f 77/560/892 340/561/893 162/562/894 65/563/895
f 42/564/896 329/565/897 344/566/898 79/567/899
f 17/11/900 16/568/901 166/569/902 159/12/903
f 95/570/904 158/571/905 330/572/906
f 64/573/907 341/574/908 158/575/909 95/576/910
f 104/215/911 122/214/912 337/577/913 328/578/914
f 104/579/915 328/580/916 169/581/917 101/582/918
f 44/43/919 157/583/920 166/584/921 16/44/922
f 44/43/923 346/585/924 157/583/925
f 406/586/926 101/587/927 327/588/928 460/589/929
f 101/587/930 169/590/931 327/588/932
f 122/214/933 115/188/934 326/591/935 348/542/936
f 115/592/937 167/593/938 326/594/939
f 358/595/940 405/596/941 349/597/942 39/598/943
f 42/564/944 80/599/945 325/600/946 329/565/947
f 173/601/948 230/602/949 174/603/950
f 305/604/951 182/605/952 308/606/953
f 183/607/954 236/608/955 198/609/956
f 347/10/957 159/12/958 187/610/959
f 244/611/960 172/612/961 240/613/962
f 238/614/963 205/615/964 228/616/965
f 392/617/966 394/618/967 266/619/968
f 216/620/969 267/621/970 217/622/971
f 457/623/972 455/624/973 181/625/974 265/626/975
f 438/627/976 203/628/977 220/629/978
f 162/36/979 233/630/980 232/631/981 343/37/982
f 239/632/983 202/633/984 201/634/985
f 212/635/986 188/636/987 186/637/988
f 201/634/989 200/638/990 261/639/991
f 213/640/992 219/641/993 249/642/994
f 219/643/995 257/644/996 191/645/997
f 255/646/998 271/647/999 215/648/1000
f 336/57/1001 247/649/1002 291/650/1003 331/58/1004
f 171/61/1005 185/651/1006 212/652/1007 164/62/1008
f 236/653/1009 189/654/1010 186/637/1011
f 188/655/1012 212/656/1013 185/657/1014
f 260/658/1015 277/659/1016 258/660/1017
f 198/609/1018 195/661/1019 206/662/1020
f 206/662/1021 195/661/1022 216/663/1023
f 194/664/1024 229/665/1025 235/666/1026
f 205/667/1027 238/668/1028 197/669/1029
f 447/670/1030 444/671/1031 218/672/1032 184/673/1033
f 208/674/1034 277/675/1035 267/676/1036
f 257/677/1037 219/678/1038 260/679/1039
f 213/680/1040 243/681/1041 267/676/1042
f 436/682/1043 434/683/1044 272/684/1045 226/685/1046
f 249/686/1047 215/648/1048 271/647/1049
f 164/99/1050 212/687/1051 334/100/1052
f 444/688/1053 445/689/1054 218/690/1055
f 201/691/1056 229/692/1057 194/693/1058
f 216/694/1059 217/695/1060 206/696/1061
f 179/697/1062 246/698/1063 233/630/1064
f 237/699/1065 188/700/1066 176/701/1067
f 238/702/1068 218/703/1069 223/704/1070
f 265/705/1071 181/706/1072 214/707/1073
f 174/708/1074 268/709/1075 250/710/1076
f 400/711/1077 399/712/1078 174/603/1079 250/713/1080
f 248/714/1081 209/715/1082 210/716/1083
f 261/717/1084 242/718/1085 205/615/1086
f 239/719/1087 201/634/1088 261/639/1089
f 251/720/1090 194/721/1091 235/722/1092
f 289/723/1093 256/724/1094 264/725/1095
f 252/726/1096 226/685/1097 262/727/1098
f 257/728/1099 256/729/1100 289/730/1101
f 258/731/1102 256/732/1103 257/733/1104
f 286/734/1105 274/735/1106 178/736/1107
f 273/737/1108 287/738/1109 244/739/1110
f 382/740/1111 378/741/1112 266/742/1113 199/743/1114
f 393/744/1115 401/745/1116 211/746/1117 183/607/1118
f 196/747/1119 230/748/1120 178/749/1121
f 230/750/1122 173/751/1123 178/752/1124
f 395/753/1125 285/754/1126 403/755/1127
f 387/756/1128 388/757/1129 243/758/1130
f 398/759/1131 397/760/1132 255/646/1133
f 294/761/1134 278/762/1135 324/763/1136
f 262/727/1137 259/764/1138 225/765/1139
f 300/766/1140 208/767/1141 293/768/1142
f 261/769/1143 275/770/1144 239/771/1145
f 284/772/1146 283/773/1147 280/774/1148
f 196/775/1149 234/776/1150 209/777/1151
f 172/778/1152 244/779/1153 245/780/1154
f 201/781/1155 202/782/1156 229/783/1157
f 222/784/1158 274/735/1159 221/785/1160
f 198/786/1161 237/787/1162 195/788/1163
f 236/789/1164 237/787/1165 198/786/1166
f 179/697/1167 241/790/1168 228/791/1169
f 179/697/1170 270/792/1171 241/790/1172
f 244/779/1173 270/792/1174 233/630/1175
f 188/793/1176 185/794/1177 193/795/1178
f 449/796/1179 223/797/1180 453/798/1181
f 277/799/1182 260/800/1183 267/801/1184
f 378/802/1185 392/617/1186 266/619/1187
f 290/803/1188 280/804/1189 272/805/1190
f 260/806/1191 219/807/1192 213/808/1193
f 220/629/1194 253/809/1195 288/810/1196
f 259/764/1197 262/727/1198 276/811/1199
f 279/812/1200 274/735/1201 222/784/1202
f 250/713/1203 282/813/1204 285/754/1205
f 213/814/1206 249/815/1207 199/816/1208
f 220/629/1209 203/628/1210 252/726/1211
f 209/817/1212 282/818/1213 268/819/1214
f 204/820/1215 221/785/1216 259/764/1217
f 230/602/1218 196/821/1219 209/715/1220
f 209/715/1221 248/714/1222 207/822/1223
f 204/820/1224 222/823/1225 221/785/1226
f 454/824/1227 459/825/1228 273/826/1229
f 215/827/1230 249/828/1231 231/829/1232
f 253/830/1233 252/831/1234 224/832/1235
f 230/602/1236 268/833/1237 174/603/1238
f 245/834/1239 244/835/1240 233/836/1241
f 201/634/1242 194/837/1243 191/838/1244
f 336/250/1245 344/252/1246 247/839/1247
f 319/840/1248 182/841/1249 305/842/1250
f 343/256/1251 232/843/1252 333/257/1253
f 437/844/1254 458/845/1255 240/846/1256 281/847/1257
f 395/753/1258 381/848/1259 250/713/1260 285/754/1261
f 381/849/1262 400/850/1263 250/851/1264
f 346/267/1265 334/269/1266 212/852/1267
f 262/727/1268 226/685/1269 272/684/1270
f 175/853/1271 205/615/1272 197/854/1273
f 260/855/1274 258/856/1275 257/728/1276
f 456/857/1277 452/858/1278 288/810/1279
f 236/859/1280 211/860/1281 189/861/1282
f 190/862/1283 192/863/1284 228/791/1285
f 314/864/1286 254/865/1287 258/856/1288 313/866/1289
f 448/867/1290 288/868/1291 441/869/1292
f 268/870/1293 282/871/1294 250/872/1295
f 228/873/1296 241/874/1297 184/875/1298
f 321/876/1299 188/793/1300 193/795/1301 318/877/1302
f 225/765/1303 221/785/1304 286/734/1305
f 303/878/1306 298/879/1307 277/880/1308
f 399/881/1309 398/882/1310 255/883/1311 174/884/1312
f 217/885/1313 267/886/1314 243/887/1315
f 251/888/1316 219/643/1317 191/645/1318
f 202/889/1319 214/890/1320 181/891/1321
f 202/892/1322 239/893/1323 214/894/1324
f 205/895/1325 242/896/1326 190/897/1327
f 185/794/1328 263/898/1329 193/795/1330
f 204/820/1331 259/764/1332 276/811/1333
f 222/899/1334 291/900/1335 180/901/1336
f 241/790/1337 270/792/1338 287/902/1339
f 341/326/1340 333/328/1341 232/903/1342
f 257/904/1343 289/905/1344 191/906/1345
f 175/853/1346 197/854/1347 265/907/1348
f 238/668/1349 223/908/1350 197/909/1351
f 315/910/1352 192/863/1353 299/911/1354
f 232/631/1355 233/630/1356 246/698/1357
f 252/912/1358 225/913/1359 224/914/1360
f 443/915/1361 240/846/1362 458/845/1363
f 219/916/1364 231/917/1365 249/918/1366
f 451/919/1367 439/920/1368 241/790/1369 273/826/1370
f 403/755/1371 285/754/1372 377/921/1373
f 290/803/1374 284/772/1375 280/804/1376
f 192/863/1377 179/697/1378 228/791/1379
f 275/922/1380 205/615/1381 175/853/1382
f 347/10/1383 187/610/1384 189/923/1385 339/351/1386
f 235/924/1387 229/925/1388 224/926/1389
f 198/609/1390 206/662/1391 183/607/1392
f 190/862/1393 228/616/1394 205/615/1395
f 202/927/1396 253/928/1397 229/929/1398
f 225/930/1399 252/931/1400 262/932/1401
f 194/933/1402 251/888/1403 191/934/1404
f 174/603/1405 215/648/1406 173/601/1407
f 231/935/1408 173/936/1409 215/937/1410
f 213/938/1411 199/816/1412 266/939/1413
f 202/940/1414 181/941/1415 288/868/1416
f 231/942/1417 219/943/1418 173/944/1419
f 172/778/1420 281/847/1421 240/846/1422
f 265/907/1423 197/854/1424 223/704/1425
f 286/945/1426 235/946/1427 224/947/1428
f 225/765/1429 286/734/1430 224/948/1431
f 294/761/1432 306/949/1433 278/762/1434
f 299/911/1435 192/863/1436 278/950/1437 306/951/1438
f 190/952/1439 278/953/1440 192/954/1441
f 256/729/1442 258/856/1443 254/955/1444
f 203/628/1445 226/685/1446 252/726/1447
f 182/956/1448 242/957/1449 264/958/1450
f 450/959/1451 181/941/1452 455/960/1453
f 384/961/1454 211/962/1455 401/963/1456
f 380/964/1457 382/965/1458 199/816/1459 271/966/1460
f 273/967/1461 241/968/1462 287/969/1463
f 232/631/1464 193/795/1465 263/898/1466
f 216/620/1467 208/970/1468 267/621/1469
f 214/971/1470 175/972/1471 265/973/1472
f 251/974/1473 286/734/1474 178/736/1475
f 235/666/1476 286/975/1477 251/976/1478
f 233/630/1479 270/792/1480 179/697/1481
f 283/773/1482 291/900/1483 280/774/1484
f 280/774/1485 291/900/1486 222/899/1487
f 297/977/1488 310/978/1489 176/979/1490
f 161/410/1491 172/980/1492 245/981/1493 165/411/1494
f 215/648/1495 174/603/1496 255/646/1497
f 437/982/1498 281/983/1499 462/984/1500
f 193/795/1501 232/631/1502 246/698/1503
f 191/838/1504 200/985/1505 201/634/1506
f 253/809/1507 202/633/1508 288/810/1509
f 243/986/1510 213/808/1511 266/987/1512
f 335/422/1513 281/847/1514 172/778/1515 161/423/1516
f 220/988/1517 252/831/1518 253/830/1519
f 279/989/1520 180/990/1521 196/775/1522
f 180/990/1523 234/776/1524 196/775/1525
f 165/411/1526 245/981/1527 345/427/1528
f 213/680/1529 267/676/1530 260/991/1531
f 183/607/1532 206/662/1533 177/992/1534
f 217/993/1535 243/994/1536 177/995/1537
f 219/996/1538 251/997/1539 173/998/1540
f 302/999/1541 208/1000/1542 300/1001/1543
f 211/1002/1544 236/1003/1545 183/1004/1546
f 276/1005/1547 272/805/1548 280/804/1549
f 290/803/1550 283/773/1551 284/772/1552
f 236/1006/1553 188/1007/1554 237/1008/1555
f 188/1007/1556 236/1006/1557 186/1009/1558
f 189/654/1559 187/1010/1560 186/637/1561
f 238/1011/1562 228/1012/1563 184/1013/1564
f 210/716/1565 234/1014/1566 247/839/1567
f 247/839/1568 234/1014/1569 180/1015/1570
f 243/1016/1571 227/1017/1572 177/1018/1573
f 309/1019/1574 301/1020/1575 256/729/1576
f 182/1021/1577 278/1022/1578 190/1023/1579
f 242/1024/1580 182/1025/1581 190/1026/1582
f 289/1027/1583 261/1028/1584 200/1029/1585
f 191/838/1586 289/730/1587 200/985/1588
f 175/1030/1589 214/1031/1590 239/1032/1591
f 239/1033/1592 275/922/1593 175/853/1594
f 209/715/1595 268/833/1596 230/602/1597
f 286/734/1598 221/785/1599 274/735/1600
f 160/471/1601 170/473/1602 248/1034/1603
f 325/474/1604 160/475/1605 248/714/1606
f 209/817/1607 207/1035/1608 282/818/1609
f 209/715/1610 234/1014/1611 210/716/1612
f 244/779/1613 287/902/1614 270/792/1615
f 249/686/1616 271/647/1617 199/1036/1618
f 206/662/1619 217/1037/1620 177/992/1621
f 291/900/1622 247/1038/1623 180/901/1624
f 205/615/1625 275/922/1626 261/717/1627
f 224/832/1628 229/1039/1629 253/1040/1630
f 262/727/1631 272/684/1632 276/811/1633
f 204/820/1634 276/811/1635 280/1041/1636
f 264/1042/1637 242/1043/1638 289/1044/1639
f 242/1045/1640 261/1046/1641 289/1047/1642
f 238/614/1643 184/1048/1644 218/1049/1645
f 456/1050/1646 288/1051/1647 448/1052/1648
f 451/1053/1649 273/1054/1650 459/1055/1651
f 178/736/1652 274/735/1653 279/812/1654
f 196/1056/1655 178/736/1656 279/812/1657
f 279/1057/1658 222/899/1659 180/901/1660
f 222/1058/1661 204/1059/1662 280/1060/1663
f 221/785/1664 225/765/1665 259/764/1666
f 438/627/1667 220/629/1668 442/1061/1669
f 251/1062/1670 178/736/1671 173/601/1672
f 273/826/1673 244/779/1674 240/846/1675
f 278/762/1676 182/841/1677 319/840/1678 324/763/1679
f 246/698/1680 316/1063/1681 317/1064/1682
f 195/788/1683 312/1065/1684 323/1066/1685
f 193/795/1686 311/1067/1687 318/1068/1688
f 193/795/1689 246/698/1690 317/1064/1691 311/1067/1692
f 254/865/1693 314/864/1694 309/1019/1695 256/729/1696
f 237/1069/1697 176/1070/1698 310/1071/1699 307/1072/1700
f 195/1073/1701 237/1069/1702 307/1072/1703 312/1074/1704
f 179/697/1705 192/863/1706 315/910/1707 304/1075/1708
f 208/1076/1709 302/1077/1710 303/1078/1711 277/659/1712
f 256/729/1713 301/1020/1714 322/1079/1715
f 277/880/1716 298/879/1717 313/866/1718 258/856/1719
f 176/979/1720 188/793/1721 321/876/1722 297/977/1723
f 195/788/1724 323/1066/1725 296/1080/1726
f 195/788/1727 296/1080/1728 320/1081/1729 216/620/1730
f 264/1082/1731 295/1083/1732 308/606/1733 182/605/1734
f 256/1084/1735 322/1085/1736 295/1086/1737 264/1087/1738
f 216/1088/1739 320/1089/1740 293/1090/1741 208/1091/1742
f 179/697/1743 292/1092/1744 316/1063/1745 246/698/1746
f 179/697/1747 304/1075/1748 292/1092/1749
f 319/840/1750 305/842/1751 308/606/1752 295/1083/1753 322/1085/1754 301/1020/1755 309/1019/1756 314/864/1757 313/866/1758 298/879/1759 303/878/1760 302/1077/1761 300/1001/1762 293/768/1763 320/1089/1764 296/1080/1765 323/1066/1766 312/1065/1767 307/1072/1768 310/1071/1769 297/977/1770 321/876/1771 318/877/1772 311/1067/1773 317/1064/1774 316/1063/1775 292/1092/1776 304/1075/1777 315/910/1778 299/911/1779 306/951/1780 294/761/1781 324/763/1782
f 245/834/1783 340/536/1784 345/535/1785
f 290/1093/1786 337/539/1787 338/538/1788
f 290/803/1789 338/541/1790 168/540/1791
f 290/803/1792 168/540/1793 348/542/1794
f 281/1094/1795 335/545/1796 342/544/1797
f 263/1095/1798 185/1096/1799 171/548/1800 332/547/1801
f 291/900/1802 283/773/1803 167/551/1804 331/550/1805
f 263/1097/1806 332/554/1807 330/553/1808
f 207/1098/1809 163/557/1810 349/556/1811
f 248/714/1812 170/559/1813 163/558/1814 207/822/1815
f 245/1099/1816 233/1100/1817 162/562/1818 340/561/1819
f 210/1101/1820 247/1102/1821 344/566/1822 329/565/1823
f 187/610/1824 159/12/1825 166/569/1826 186/1103/1827
f 263/1104/1828 330/572/1829 158/571/1830
f 232/1105/1831 263/1106/1832 158/575/1833 341/574/1834
f 272/805/1835 328/578/1836 337/577/1837 290/803/1838
f 272/1107/1839 269/1108/1840 169/581/1841 328/580/1842
f 212/635/1843 186/637/1844 166/584/1845 157/583/1846
f 212/635/1847 157/583/1848 346/585/1849
f 435/1109/1850 460/589/1851 327/588/1852 269/1110/1853
f 269/1110/1854 327/588/1855 169/590/1856
f 290/803/1857 348/542/1858 326/591/1859 283/773/1860
f 283/1111/1861 326/594/1862 167/593/1863
f 385/1112/1864 207/1113/1865 349/597/1866 405/596/1867
f 210/1101/1868 329/565/1869 325/600/1870 248/1114/1871
f 183/607/1872 396/1115/1873 393/1116/1874
f 189/1117/1875 389/1118/1876 404/1119/1877 339/1120/1878
f 227/1121/1879 243/1122/1880 388/1123/1881 402/1124/1882
f 266/619/1883 394/618/1884 387/1125/1885 243/1126/1886
f 227/1127/1887 386/1128/1888 391/1129/1889
f 227/1130/1890 402/1131/1891 386/1132/1892
f 282/818/1893 207/1133/1894 385/1134/1895 390/1135/1896
f 189/861/1897 211/860/1898 384/1136/1899 389/1137/1900
f 271/1138/1901 255/1139/1902 397/1140/1903 383/1141/1904
f 271/647/1905 383/1142/1906 380/1143/1907
f 183/607/1908 177/992/1909 379/1144/1910 396/1115/1911
f 177/1145/1912 227/1017/1913 391/1146/1914 379/1147/1915
f 282/813/1916 390/1148/1917 377/921/1918 285/754/1919
f 13/7/1920 366/1149/1921 369/1150/1922
f 19/1151/1923 339/1120/1924 404/1119/1925 362/1152/1926
f 59/1153/1927 375/1154/1928 361/1155/1929 75/1156/1930
f 98/24/1931 75/1157/1932 360/1158/1933 367/25/1934
f 59/1159/1935 364/1160/1936 359/1161/1937
f 59/1162/1938 359/1163/1939 375/1164/1940
f 114/230/1941 363/1165/1942 358/1166/1943 39/1167/1944
f 19/277/1945 362/1168/1946 357/1169/1947 43/278/1948
f 103/1170/1949 356/1171/1950 370/1172/1951 87/1173/1952
f 103/56/1953 353/1174/1954 356/1175/1955
f 13/7/1956 369/1150/1957 352/1176/1958 7/429/1959
f 7/1177/1960 352/1178/1961 364/1179/1962 59/455/1963
f 114/224/1964 117/169/1965 350/349/1966 363/1180/1967
f 399/881/1968 400/850/1969 381/848/1970 395/753/1971 403/755/1972 377/921/1973 390/1135/1974 385/1112/1975 405/596/1976 358/1166/1977 363/1180/1978 350/349/1979 376/168/1980 368/167/1981 354/264/1982 373/126/1983 372/305/1984 371/173/1985 370/1172/1986 356/1175/1987 353/395/1988 355/155/1989 351/213/1990 365/23/1991 367/25/1992 360/170/1993 361/1155/1994 375/1164/1995 359/1161/1996 364/1179/1997 352/1176/1998 369/1150/1999 366/159/2000 374/392/2001 357/1169/2002 362/1152/2003 404/1119/2004 389/1137/2005 384/961/2006 401/745/2007 393/1116/2008 396/1115/2009 379/1147/2010 391/1129/2011 386/1132/2012 402/1124/2013 388/757/2014 387/1125/2015 394/618/2016 392/617/2017 378/741/2018 382/965/2019 380/1143/2020 383/1141/2021 397/760/2022 398/882/2023
f 281/983/2024 342/1181/2025 461/1182/2026 462/984/2027
f 265/1183/2028 446/1184/2029 457/1185/2030
f 265/1186/2031 223/1187/2032 449/1188/2033 446/1189/2034
f 223/1190/2035 218/1191/2036 445/1192/2037 453/1193/2038
f 240/846/2039 443/915/2040 454/824/2041 273/826/2042
f 220/1194/2043 288/1195/2044 452/1196/2045 442/1197/2046
f 288/868/2047 181/941/2048 450/959/2049 441/869/2050
f 184/1048/2051 440/1198/2052 447/1199/2053
f 184/1200/2054 241/1201/2055 439/1202/2056 440/1203/2057
f 226/685/2058 203/628/2059 436/682/2060
f 269/1204/2061 272/684/2062 434/683/2063 435/1205/2064
f 113/417/2065 433/416/2066 461/1182/2067 342/1181/2068
f 20/16/2069 425/288/2070 422/13/2071
f 72/262/2072 105/236/2073 428/235/2074 419/343/2075
f 52/1206/2076 418/1207/2077 427/1208/2078 120/1209/2079
f 14/490/2080 423/1210/2081 416/1211/2082
f 14/1212/2083 416/1213/2084 414/1214/2085 73/1215/2086
f 21/1216/2087 412/1217/2088 411/1218/2089 6/1219/2090
f 35/35/2091 408/1220/2092 415/32/2093
f 35/1221/2094 464/1222/2095 408/1223/2096
f 6/1224/2097 431/1225/2098 55/1226/2099
f 58/96/2100 407/95/2101 409/415/2102 35/35/2103
f 101/1227/2104 406/1228/2105 463/94/2106 104/97/2107
f 415/32/2108 417/14/2109 422/13/2110
f 461/1182/2111 437/844/2112 462/984/2113
f 437/844/2114 443/915/2115 458/845/2116
f 443/915/2117 445/1192/2118 454/824/2119
f 454/824/2120 445/1192/2121 459/1055/2122
f 459/1055/2123 440/1198/2124 451/919/2125
f 451/919/2126 440/1198/2127 439/1202/2128
f 440/1198/2129 459/1055/2130 447/670/2131
f 447/670/2132 459/1055/2133 444/688/2134
f 437/844/2135 461/1182/2136 443/915/2137
f 461/1182/2138 410/418/2139 443/915/2140
f 410/418/2141 461/1182/2142 433/416/2143
f 410/418/2144 419/343/2145 443/915/2146
f 445/1192/2147 421/104/2148 453/798/2149
f 453/798/2150 421/104/2151 449/1188/2152
f 459/1055/2153 445/1192/2154 444/688/2155
f 419/343/2156 445/1192/2157 443/915/2158
f 419/343/2159 410/418/2160 430/259/2161
f 432/237/2130 416/1213/2162 428/235/2163
f 428/235/2164 420/82/2165 419/343/2166
f 416/1213/2167 420/82/2168 428/235/2169
f 414/347/2170 416/1213/2171 426/494/2172
f 426/494/2173 416/1213/2174 432/237/2175
f 420/82/2176 416/1213/2177 423/1210/2178
f 449/1188/2179 55/290/2180 446/1184/2181
f 421/104/2182 55/290/2183 449/1188/2184
f 446/1184/2185 455/960/2186 457/623/2187
f 455/960/2188 441/869/2189 450/959/2190
f 441/869/2191 452/1196/2192 448/1052/2193
f 448/1052/2194 452/1196/2195 456/857/2196
f 452/1196/2197 441/869/2198 442/1061/2199
f 442/1061/2200 441/869/2201 438/627/2202
f 446/1184/2203 412/1217/2204 455/960/2205
f 455/960/2206 438/627/2207 441/869/2208
f 412/1217/2209 438/627/2210 455/960/2211
f 421/104/2212 445/1192/2213 419/343/2214
f 421/104/2215 419/343/2216 420/82/2217
f 431/1225/2218 446/1184/2219 55/290/2220
f 412/1217/2221 446/1184/2222 411/281/2223
f 411/281/2224 446/1184/2225 431/1225/2226
f 438/627/2227 412/1229/2228 203/628/2229
f 203/628/2230 406/1228/2231 436/682/2232
f 436/682/2233 435/1109/2234 434/683/2235
f 435/1109/2236 406/1228/2237 460/589/2238
f 436/682/2239 406/1228/2240 435/1109/2241
f 406/1228/2242 417/14/2243 409/415/2244 463/94/2245
f 415/32/2246 418/1207/2247 413/33/2248
f 409/415/2249 417/14/2250 415/32/2251 408/1220/2252 464/1222/2253
f 415/32/2254 427/275/2255 418/1207/2256
f 422/13/2257 429/491/2258 427/275/2259
f 415/32/2260 422/13/2261 427/275/2262
f 429/491/2263 425/288/2264 424/287/2265
f 429/491/2266 422/13/2267 425/288/2268
f 417/14/2269 406/1228/2270 412/1229/2271
f 203/628/2272 412/1229/2273 406/1228/2274
f 463/94/2275 409/415/2276 407/95/2277
