# Blender v2.79 (sub 0) OBJ File: 'redo_fixed_360_joints.blend'
# www.blender.org
mtllib sungaya_inexpectata_31mg.mtl
o 09-a4_Sungaya_inexpectata_31mg.022
v 0.000252 0.000646 0.000788
v 0.000439 -0.000062 0.000712
v 0.000807 -0.000055 0.000130
v 0.000768 -0.000071 -0.000309
v 0.000697 -0.000437 0.000341
v 0.000405 0.000652 0.000674
v 0.000602 0.000379 0.000455
v 0.000297 0.000547 -0.000734
v 0.000196 -0.000451 -0.000633
v 0.000713 -0.000492 0.000170
v 0.000234 -0.000129 0.000781
v 0.000021 0.000380 0.000802
v 0.000444 0.000452 0.000629
v 0.000605 0.000266 0.000529
v 0.000221 -0.000513 0.000740
v 0.000765 0.000096 0.000202
v 0.000778 -0.000363 0.000091
v 0.000796 -0.000092 -0.000202
v 0.000819 0.000056 -0.000226
v 0.000601 -0.000524 0.000493
v 0.000539 0.000656 0.000505
v 0.000541 0.000148 0.000611
v 0.000711 -0.000274 -0.000310
v 0.000799 0.000235 0.000135
v 0.000312 -0.000577 -0.000561
v 0.000417 0.000547 0.000635
v 0.000499 0.000585 0.000535
v 0.000711 0.000567 -0.000044
v 0.000509 0.000272 -0.000700
v 0.000614 -0.000471 -0.000329
v 0.000636 -0.000585 -0.000198
v 0.000624 -0.000159 0.000521
v 0.000613 -0.000045 0.000553
v 0.000769 0.000105 -0.000369
v 0.000596 -0.000238 0.000564
v 0.000216 0.000433 -0.000838
v 0.000252 0.000350 -0.000827
v 0.000647 0.000604 0.000284
v 0.000399 -0.000670 0.000581
v 0.000804 0.000321 -0.000072
v 0.000768 0.000375 -0.000167
v 0.000659 -0.000296 0.000455
v 0.000678 0.000547 0.000226
v 0.000469 0.000644 0.000583
v 0.000819 0.000121 -0.000232
v 0.000739 -0.000004 0.000286
v 0.000269 -0.000290 -0.000699
v 0.000402 0.000339 0.000669
v 0.000799 -0.000161 0.000107
v 0.000343 0.000261 -0.000814
v 0.000235 0.000386 0.000762
v 0.000549 -0.000554 -0.000397
v 0.000690 -0.000201 0.000407
v 0.000672 -0.000069 -0.000551
v 0.000597 -0.000393 -0.000451
v 0.000578 -0.000342 -0.000525
v 0.000405 0.000070 -0.000789
v 0.000478 0.000023 -0.000740
v 0.000528 -0.000213 -0.000630
v 0.000052 -0.000363 0.000796
v 0.000153 -0.000332 -0.000692
v 0.000753 -0.000219 -0.000217
v 0.000635 -0.000248 -0.000536
v 0.000752 0.000219 0.000236
v 0.000666 -0.000605 -0.000017
v 0.000667 -0.000668 0.000148
v 0.000546 0.000062 -0.000712
v 0.000800 -0.000137 -0.000052
v 0.000487 0.000502 -0.000574
v 0.000538 -0.000307 0.000615
v 0.000686 -0.000068 0.000436
v 0.000285 -0.000385 0.000755
v 0.000331 -0.000494 0.000716
v 0.000597 0.000515 -0.000428
v 0.000804 -0.000267 0.000084
v 0.000543 -0.000155 0.000630
v 0.000504 0.000638 -0.000523
v 0.000522 -0.000096 -0.000681
v 0.000670 0.000651 0.000154
v 0.000719 0.000556 0.000055
v 0.000667 0.000057 -0.000583
v 0.000329 -0.000424 -0.000617
v 0.000000 -0.000115 0.000812
v 0.000601 -0.000582 0.000422
v 0.000318 0.000602 0.000732
v 0.000757 0.000356 0.000201
v 0.000632 0.000457 0.000351
v 0.000517 0.000163 -0.000718
v 0.000408 0.000466 -0.000659
v 0.000440 0.000568 -0.000608
v 0.000152 -0.000426 0.000776
v 0.000379 0.000095 0.000735
v 0.000705 -0.000163 -0.000441
v 0.000118 0.000436 0.000798
v 0.000071 -0.000434 -0.000631
v 0.000157 -0.000185 -0.000759
v 0.000079 -0.000154 -0.000787
v 0.000365 -0.000056 0.000751
v 0.000726 -0.000048 -0.000443
v 0.000105 0.000115 0.000797
v 0.000647 0.000212 -0.000551
v 0.000741 0.000494 0.000114
v 0.000673 -0.000625 0.000223
v 0.000402 -0.000594 0.000637
v 0.000251 -0.000660 0.000671
v 0.000828 -0.000034 -0.000072
v 0.000741 -0.000147 0.000251
v 0.000717 -0.000279 0.000313
v 0.000079 -0.000057 0.000802
v 0.000371 0.000136 -0.000805
v 0.000732 -0.000319 0.000211
v 0.000209 0.000126 -0.000882
v 0.000108 0.000128 -0.000907
v 0.000674 -0.000520 0.000312
v 0.000775 -0.000309 -0.000020
v 0.000638 0.000574 -0.000316
v 0.000620 -0.000419 0.000500
v 0.000436 0.000222 -0.000755
v 0.000435 -0.000202 0.000708
v 0.000490 0.000040 0.000669
v 0.000198 0.000638 -0.000810
v 0.000197 0.000529 -0.000817
v 0.000039 -0.000212 0.000802
v 0.000505 -0.000501 0.000612
v 0.000309 -0.000166 -0.000740
v 0.000141 0.000044 -0.000878
v 0.000592 0.000123 -0.000652
v 0.000406 0.000604 -0.000636
v 0.000098 -0.000512 -0.000592
v 0.000156 -0.000626 -0.000577
v 0.000531 0.000385 0.000554
v 0.000787 0.000384 -0.000018
v 0.000588 0.000611 0.000407
v 0.000533 -0.000637 0.000479
v 0.000441 0.000215 0.000671
v 0.000662 -0.000306 -0.000411
v 0.000698 -0.000493 -0.000070
v 0.000310 0.000268 0.000731
v 0.000811 0.000064 0.000114
v 0.000414 -0.000496 0.000684
v 0.000602 -0.000672 0.000353
v 0.000255 0.000218 -0.000865
v 0.000243 0.000502 0.000771
v 0.000551 0.000306 0.000558
v 0.000678 0.000210 0.000428
v 0.000132 0.000297 0.000788
v 0.000314 -0.000223 0.000755
v 0.000780 0.000397 0.000096
v 0.000778 0.000476 -0.000029
v 0.000325 0.000495 0.000718
v 0.000541 0.000496 0.000505
v 0.000685 0.000587 -0.000172
v 0.000674 0.000361 -0.000393
v 0.000205 -0.000032 -0.000842
v 0.000086 -0.000646 0.000713
v 0.000713 -0.000333 0.000355
v 0.000727 -0.000343 -0.000152
v 0.000671 -0.000469 -0.000214
v 0.000612 0.000091 0.000532
v 0.000373 0.000368 -0.000741
v 0.000443 -0.000370 0.000694
v 0.000340 -0.000093 -0.000765
v 0.000791 0.000255 -0.000220
v 0.000833 0.000207 -0.000081
v 0.000833 0.000100 -0.000058
v 0.000712 0.000107 0.000359
v 0.000717 0.000312 -0.000326
v 0.000283 0.000010 -0.000822
v 0.000241 -0.000022 0.000788
v 0.000136 0.000562 0.000807
v 0.000211 0.000080 0.000792
v 0.000241 0.000176 0.000772
v 0.000422 -0.000475 -0.000568
v 0.000040 -0.000485 0.000773
v 0.000223 -0.000144 -0.000782
v 0.000480 -0.000525 -0.000491
v 0.000449 -0.000310 -0.000623
v 0.000516 -0.000418 -0.000532
v 0.000155 0.000297 -0.000881
v 0.000684 0.000650 0.000037
v 0.000154 -0.000234 0.000781
v 0.000035 0.000190 -0.000901
v 0.000124 0.000501 -0.000853
v 0.000299 0.000043 0.000775
v 0.000626 0.000152 0.000522
v -0.000000 0.000087 -0.000891
v -0.000001 0.000003 0.000805
v 0.000002 -0.000497 0.000772
v 0.000003 -0.000498 -0.000593
v 0.000001 -0.000132 -0.000795
v -0.000003 0.000383 0.000802
v -0.000004 0.000421 0.000805
v 0.000001 -0.000221 0.000802
v -0.000002 0.000176 0.000799
v -0.000002 0.000351 -0.000873
v -0.000261 0.000644 0.000789
v -0.000440 -0.000068 0.000713
v -0.000807 -0.000065 0.000129
v -0.000767 -0.000081 -0.000311
v -0.000692 -0.000445 0.000340
v -0.000411 0.000643 0.000675
v -0.000608 0.000371 0.000454
v -0.000303 0.000543 -0.000734
v -0.000190 -0.000453 -0.000633
v -0.000707 -0.000501 0.000169
v -0.000235 -0.000133 0.000781
v -0.000027 0.000380 0.000802
v -0.000452 0.000446 0.000630
v -0.000609 0.000259 0.000529
v -0.000219 -0.000516 0.000740
v -0.000767 0.000087 0.000201
v -0.000774 -0.000373 0.000090
v -0.000795 -0.000102 -0.000203
v -0.000820 0.000045 -0.000228
v -0.000596 -0.000532 0.000493
v -0.000548 0.000648 0.000505
v -0.000545 0.000140 0.000611
v -0.000708 -0.000283 -0.000311
v -0.000802 0.000225 0.000134
v -0.000304 -0.000581 -0.000561
v -0.000423 0.000539 0.000636
v -0.000507 0.000578 0.000535
v -0.000718 0.000558 -0.000045
v -0.000512 0.000265 -0.000701
v -0.000608 -0.000478 -0.000330
v -0.000628 -0.000593 -0.000199
v -0.000623 -0.000167 0.000520
v -0.000614 -0.000053 0.000552
v -0.000770 0.000096 -0.000370
v -0.000594 -0.000246 0.000563
v -0.000220 0.000430 -0.000838
v -0.000256 0.000347 -0.000827
v -0.000655 0.000596 0.000283
v -0.000394 -0.000673 0.000580
v -0.000808 0.000311 -0.000073
v -0.000773 0.000366 -0.000168
v -0.000656 -0.000304 0.000454
v -0.000685 0.000538 0.000225
v -0.000478 0.000639 0.000581
v -0.000820 0.000111 -0.000233
v -0.000739 -0.000013 0.000285
v -0.000265 -0.000293 -0.000700
v -0.000404 0.000335 0.000671
v -0.000797 -0.000171 0.000106
v -0.000345 0.000257 -0.000814
v -0.000237 0.000382 0.000765
v -0.000542 -0.000560 -0.000398
v -0.000688 -0.000210 0.000406
v -0.000670 -0.000078 -0.000552
v -0.000592 -0.000400 -0.000452
v -0.000573 -0.000349 -0.000526
v -0.000405 0.000065 -0.000790
v -0.000477 0.000017 -0.000741
v -0.000525 -0.000219 -0.000631
v -0.000049 -0.000364 0.000795
v -0.000149 -0.000334 -0.000692
v -0.000750 -0.000228 -0.000218
v -0.000631 -0.000256 -0.000537
v -0.000756 0.000210 0.000235
v -0.000659 -0.000614 -0.000018
v -0.000659 -0.000677 0.000147
v -0.000546 0.000055 -0.000713
v -0.000798 -0.000147 -0.000053
v -0.000493 0.000495 -0.000575
v -0.000535 -0.000313 0.000614
v -0.000686 -0.000077 0.000435
v -0.000282 -0.000390 0.000755
v -0.000326 -0.000497 0.000717
v -0.000604 0.000507 -0.000429
v -0.000801 -0.000277 0.000083
v -0.000544 -0.000162 0.000629
v -0.000512 0.000632 -0.000524
v -0.000520 -0.000103 -0.000681
v -0.000678 0.000642 0.000153
v -0.000727 0.000547 0.000054
v -0.000667 0.000049 -0.000584
v -0.000323 -0.000428 -0.000618
v -0.000594 -0.000590 0.000422
v -0.000322 0.000599 0.000734
v -0.000762 0.000347 0.000200
v -0.000639 0.000449 0.000350
v -0.000519 0.000157 -0.000719
v -0.000413 0.000461 -0.000660
v -0.000446 0.000563 -0.000609
v -0.000148 -0.000430 0.000776
v -0.000382 0.000091 0.000736
v -0.000703 -0.000172 -0.000442
v -0.000125 0.000434 0.000799
v -0.000065 -0.000435 -0.000631
v -0.000154 -0.000187 -0.000759
v -0.000076 -0.000155 -0.000788
v -0.000369 -0.000059 0.000750
v -0.000725 -0.000057 -0.000444
v -0.000107 0.000115 0.000797
v -0.000649 0.000204 -0.000552
v -0.000748 0.000484 0.000113
v -0.000666 -0.000633 0.000222
v -0.000395 -0.000600 0.000637
v -0.000243 -0.000666 0.000670
v -0.000828 -0.000044 -0.000073
v -0.000740 -0.000157 0.000250
v -0.000714 -0.000288 0.000312
v -0.000079 -0.000057 0.000802
v -0.000371 0.000131 -0.000806
v -0.000729 -0.000328 0.000210
v -0.000210 0.000123 -0.000882
v -0.000109 0.000127 -0.000907
v -0.000668 -0.000528 0.000311
v -0.000771 -0.000318 -0.000021
v -0.000645 0.000566 -0.000317
v -0.000616 -0.000427 0.000499
v -0.000438 0.000217 -0.000756
v -0.000434 -0.000208 0.000708
v -0.000492 0.000035 0.000671
v -0.000205 0.000636 -0.000810
v -0.000202 0.000526 -0.000817
v -0.000038 -0.000212 0.000802
v -0.000499 -0.000509 0.000612
v -0.000306 -0.000170 -0.000741
v -0.000140 0.000042 -0.000878
v -0.000593 0.000115 -0.000653
v -0.000413 0.000598 -0.000637
v -0.000091 -0.000514 -0.000592
v -0.000148 -0.000628 -0.000577
v -0.000539 0.000378 0.000552
v -0.000792 0.000374 -0.000019
v -0.000597 0.000603 0.000407
v -0.000527 -0.000644 0.000477
v -0.000447 0.000216 0.000668
v -0.000658 -0.000315 -0.000412
v -0.000692 -0.000502 -0.000071
v -0.000316 0.000268 0.000731
v -0.000813 0.000054 0.000113
v -0.000409 -0.000501 0.000685
v -0.000595 -0.000680 0.000352
v -0.000257 0.000215 -0.000866
v -0.000253 0.000495 0.000771
v -0.000556 0.000301 0.000557
v -0.000681 0.000201 0.000427
v -0.000135 0.000297 0.000789
v -0.000313 -0.000226 0.000755
v -0.000785 0.000387 0.000095
v -0.000784 0.000466 -0.000031
v -0.000330 0.000496 0.000721
v -0.000549 0.000489 0.000503
v -0.000692 0.000578 -0.000173
v -0.000678 0.000353 -0.000394
v -0.000204 -0.000035 -0.000842
v -0.000078 -0.000647 0.000713
v -0.000710 -0.000342 0.000354
v -0.000723 -0.000352 -0.000153
v -0.000665 -0.000478 -0.000215
v -0.000614 0.000084 0.000531
v -0.000377 0.000364 -0.000742
v -0.000441 -0.000376 0.000693
v -0.000338 -0.000098 -0.000765
v -0.000795 0.000245 -0.000221
v -0.000836 0.000197 -0.000082
v -0.000835 0.000089 -0.000060
v -0.000715 0.000098 0.000358
v -0.000720 0.000303 -0.000327
v -0.000282 0.000007 -0.000822
v -0.000245 -0.000028 0.000789
v -0.000143 0.000560 0.000808
v -0.000212 0.000078 0.000793
v -0.000246 0.000178 0.000772
v -0.000416 -0.000480 -0.000569
v -0.000035 -0.000486 0.000773
v -0.000220 -0.000147 -0.000782
v -0.000473 -0.000531 -0.000491
v -0.000445 -0.000316 -0.000624
v -0.000510 -0.000425 -0.000532
v -0.000157 0.000295 -0.000881
v -0.000693 0.000641 0.000036
v -0.000152 -0.000235 0.000781
v -0.000036 0.000189 -0.000901
v -0.000129 0.000500 -0.000853
v -0.000303 0.000037 0.000775
v -0.000629 0.000144 0.000522
v -0.000002 0.000257 0.000798
v -0.000003 0.000367 0.000801
v 0.000003 -0.000606 0.000726
v 0.000000 0.000064 -0.000883
v -0.000005 0.000634 0.000821
v -0.000002 0.000463 -0.000860
v -0.000000 0.000136 -0.000894
v -0.000003 0.000311 0.000801
v -0.000001 0.000137 0.000796
v -0.000000 -0.000038 0.000806
v 0.000001 -0.000010 -0.000850
v -0.000004 0.000493 0.000808
v -0.000004 0.000574 0.000814
v 0.000003 -0.000653 0.000709
v 0.000002 -0.000385 0.000791
v 0.000002 -0.000306 -0.000705
v 0.000002 -0.000280 -0.000719
v 0.000004 -0.000693 0.000701
v 0.000002 -0.000325 -0.000694
v -0.000001 0.000242 -0.000892
v -0.000001 0.000204 -0.000895
v 0.000003 -0.000466 -0.000610
v -0.000004 0.000390 0.000802
v 0.000005 -0.000694 -0.000578
v -0.000003 0.000574 -0.000856
v 0.000001 -0.000326 0.000796
v -0.000001 0.000097 0.000800
v 0.000002 -0.000202 -0.000757
v 0.000001 -0.000473 0.000778
v -0.000003 0.000397 0.000803
v -0.000002 0.000437 -0.000864
v 0.000416 0.000659 0.000669
v 0.000695 0.000653 -0.000045
v 0.000197 0.000640 -0.000810
v 0.000416 0.000644 -0.000632
v 0.000182 0.000659 0.000807
v 0.000685 0.000653 0.000037
v 0.000682 0.000652 -0.000094
v 0.000088 0.000639 -0.000849
v 0.000670 0.000655 0.000156
v 0.000617 0.000649 -0.000342
v 0.000293 0.000642 -0.000740
v 0.000690 0.000652 -0.000071
v 0.000654 0.000650 -0.000262
v 0.000617 0.000657 0.000362
v 0.000671 0.000655 0.000154
v 0.000271 0.000660 0.000780
v 0.000685 0.000654 0.000041
v 0.000669 0.000655 0.000162
v 0.000685 0.000653 0.000022
v 0.000148 0.000640 -0.000838
v 0.000134 0.000659 0.000820
v 0.000633 0.000657 0.000329
v 0.000514 0.000646 -0.000506
v 0.000253 0.000660 0.000790
v 0.000205 0.000640 -0.000805
v 0.000539 0.000658 0.000509
v 0.000652 0.000656 0.000269
v 0.000350 0.000660 0.000732
v 0.000506 0.000646 -0.000521
v 0.000477 0.000659 0.000589
v 0.000405 0.000659 0.000678
v 0.000410 0.000659 0.000673
v 0.000549 0.000658 0.000487
v 0.000498 0.000646 -0.000533
v 0.000502 0.000646 -0.000527
v 0.000541 0.000658 0.000505
v 0.000373 0.000643 -0.000673
v -0.000426 0.000654 0.000668
v -0.000703 0.000644 -0.000046
v -0.000205 0.000638 -0.000810
v -0.000423 0.000639 -0.000633
v -0.000194 0.000657 0.000808
v -0.000694 0.000645 0.000036
v -0.000690 0.000643 -0.000095
v -0.000105 0.000658 0.000822
v -0.000095 0.000638 -0.000849
v -0.000679 0.000646 0.000155
v -0.000625 0.000641 -0.000343
v -0.000300 0.000638 -0.000741
v -0.000698 0.000643 -0.000072
v -0.000662 0.000641 -0.000263
v -0.000626 0.000649 0.000361
v -0.000679 0.000646 0.000153
v -0.000280 0.000656 0.000782
v -0.000693 0.000645 0.000040
v -0.000677 0.000646 0.000161
v -0.000694 0.000645 0.000021
v -0.000155 0.000638 -0.000838
v -0.000143 0.000658 0.000821
v -0.000642 0.000649 0.000328
v -0.000522 0.000639 -0.000507
v -0.000263 0.000656 0.000792
v -0.000212 0.000638 -0.000805
v -0.000547 0.000651 0.000509
v -0.000661 0.000648 0.000268
v -0.000359 0.000655 0.000732
v -0.000551 0.000651 0.000503
v -0.000514 0.000639 -0.000522
v -0.000015 0.000639 -0.000853
v -0.000486 0.000653 0.000587
v -0.000412 0.000654 0.000681
v -0.000418 0.000654 0.000674
v -0.000560 0.000651 0.000483
v -0.000505 0.000639 -0.000533
v -0.000510 0.000639 -0.000528
v -0.000550 0.000651 0.000505
v -0.000381 0.000638 -0.000674
v -0.000005 0.000658 0.000824
v -0.000004 0.000639 -0.000851
v 0.000094 0.000659 0.000821
v 0.000008 0.000639 -0.000853
v 0.000673 -0.000698 0.000199
v 0.000205 -0.000699 0.000674
v 0.000589 -0.000700 -0.000262
v 0.000489 -0.000698 0.000501
v 0.000419 -0.000701 -0.000476
v 0.000386 -0.000701 -0.000493
v 0.000107 -0.000702 -0.000571
v 0.000102 -0.000699 0.000701
v 0.000550 -0.000698 0.000411
v 0.000572 -0.000700 -0.000300
v 0.000584 -0.000698 0.000376
v 0.000618 -0.000698 0.000320
v 0.000669 -0.000699 0.000157
v 0.000644 -0.000698 0.000273
v 0.000144 -0.000699 0.000688
v 0.000632 -0.000699 -0.000123
v 0.000420 -0.000698 0.000558
v 0.000636 -0.000699 -0.000101
v 0.000668 -0.000699 0.000038
v 0.000211 -0.000701 -0.000549
v 0.000519 -0.000700 -0.000381
v 0.000362 -0.000698 0.000600
v 0.000605 -0.000698 0.000353
v 0.000254 -0.000698 0.000665
v 0.000668 -0.000699 0.000093
v 0.000527 -0.000700 -0.000371
v 0.000390 -0.000698 0.000584
v 0.000285 -0.000701 -0.000536
v -0.000665 -0.000702 0.000200
v -0.000200 -0.000700 0.000674
v -0.000582 -0.000703 -0.000261
v -0.000484 -0.000701 0.000498
v -0.000411 -0.000703 -0.000477
v -0.000375 -0.000703 -0.000495
v -0.000098 -0.000702 -0.000572
v -0.000093 -0.000699 0.000702
v -0.000551 -0.000701 0.000400
v -0.000562 -0.000703 -0.000304
v -0.000579 -0.000701 0.000371
v -0.000607 -0.000701 0.000325
v -0.000660 -0.000702 0.000155
v -0.000637 -0.000702 0.000269
v -0.000134 -0.000699 0.000689
v -0.000624 -0.000702 -0.000127
v -0.000412 -0.000700 0.000558
v -0.000629 -0.000702 -0.000098
v -0.000659 -0.000702 0.000034
v -0.000200 -0.000702 -0.000550
v -0.000509 -0.000703 -0.000384
v -0.000358 -0.000700 0.000598
v -0.000597 -0.000701 0.000352
v -0.000245 -0.000700 0.000665
v -0.000659 -0.000702 0.000101
v -0.000518 -0.000703 -0.000373
v -0.000384 -0.000700 0.000583
v -0.000277 -0.000703 -0.000537
v -0.000024 -0.000702 -0.000575
v 0.000005 -0.000702 -0.000577
v 0.000004 -0.000699 0.000699
v 0.000033 -0.000702 -0.000575
vt 0.291474 0.821641
vt 0.289073 0.820714
vt 0.288834 0.822157
vt 0.220768 0.524181
vt 0.221936 0.521818
vt 0.218140 0.522452
vt 0.853518 0.555377
vt 0.851206 0.558639
vt 0.855792 0.558333
vt 0.111484 0.325647
vt 0.111733 0.325742
vt 0.111398 0.325407
vt 0.493038 0.832398
vt 0.494781 0.833919
vt 0.495211 0.832091
vt 0.125304 0.339104
vt 0.127420 0.335737
vt 0.122067 0.338054
vt 0.214495 0.700792
vt 0.215243 0.698937
vt 0.214751 0.697367
vt 0.841646 0.568023
vt 0.843011 0.573711
vt 0.847199 0.571114
vt 0.874448 0.610713
vt 0.874300 0.609658
vt 0.873161 0.611204
vt 0.137323 0.315284
vt 0.135172 0.321824
vt 0.139392 0.320160
vt 0.412140 0.627485
vt 0.412957 0.631887
vt 0.417314 0.625110
vt 0.417170 0.630695
vt 0.136093 0.329434
vt 0.134943 0.326674
vt 0.131249 0.329869
vt 0.829166 0.598984
vt 0.827310 0.595325
vt 0.826793 0.598342
vt 0.142511 0.845484
vt 0.141455 0.847744
vt 0.143961 0.845596
vt 0.120235 0.308011
vt 0.120509 0.311954
vt 0.124291 0.310993
vt 0.285652 0.819015
vt 0.282082 0.816781
vt 0.279702 0.817965
vt 0.285654 0.819187
vt 0.122797 0.305903
vt 0.120778 0.303177
vt 0.855115 0.596308
vt 0.850753 0.590637
vt 0.849106 0.594655
vt 0.107270 0.312578
vt 0.110270 0.310651
vt 0.109899 0.308184
vt 0.782875 0.572456
vt 0.782709 0.571940
vt 0.781824 0.571365
vt 0.782267 0.573390
vt 0.859988 0.891003
vt 0.861106 0.889982
vt 0.858831 0.890222
vt 0.448240 0.197905
vt 0.446975 0.197779
vt 0.447485 0.200048
vt 0.116248 0.341227
vt 0.120123 0.341627
vt 0.114946 0.338072
vt 0.836676 0.602527
vt 0.842044 0.601251
vt 0.837547 0.596591
vt 0.839117 0.595965
vt 0.842363 0.961414
vt 0.843428 0.962083
vt 0.843065 0.959400
vt 0.128551 0.339234
vt 0.130648 0.334525
vt 0.021235 0.274885
vt 0.019662 0.275013
vt 0.019903 0.275886
vt 0.844885 0.592945
vt 0.545981 0.820573
vt 0.544668 0.820186
vt 0.544103 0.824044
vt 0.840083 0.585128
vt 0.834841 0.584914
vt 0.836964 0.587958
vt 0.213985 0.447520
vt 0.214376 0.448523
vt 0.215204 0.447306
vt 0.842052 0.594336
vt 0.843978 0.597144
vt 0.793385 0.304803
vt 0.791391 0.305558
vt 0.793329 0.308418
vt 0.494316 0.831446
vt 0.494164 0.829765
vt 0.122842 0.340654
vt 0.853895 0.587614
vt 0.849006 0.586707
vt 0.205881 0.462257
vt 0.207021 0.461401
vt 0.206024 0.460950
vt 0.315220 0.830363
vt 0.314897 0.830732
vt 0.315394 0.830483
vt 0.479963 0.382780
vt 0.478112 0.388289
vt 0.482364 0.385929
vt 0.277103 0.818226
vt 0.277756 0.817506
vt 0.023663 0.344102
vt 0.024603 0.343478
vt 0.024064 0.342267
vt 0.483455 0.393093
vt 0.486174 0.387170
vt 0.224061 0.526017
vt 0.226813 0.524513
vt 0.224023 0.523922
vt 0.226942 0.527119
vt 0.066615 0.877544
vt 0.064925 0.876549
vt 0.065045 0.877746
vt 0.447905 0.196515
vt 0.838227 0.591054
vt 0.839638 0.590069
vt 0.442179 0.486205
vt 0.437139 0.489837
vt 0.440937 0.488190
vt 0.122132 0.329991
vt 0.114576 0.333478
vt 0.123855 0.331765
vt 0.133443 0.334061
vt 0.137346 0.331797
vt 0.371203 0.191795
vt 0.370539 0.192349
vt 0.372785 0.193399
vt 0.117379 0.315412
vt 0.111821 0.315179
vt 0.115355 0.318824
vt 0.808789 0.854959
vt 0.807734 0.853988
vt 0.806545 0.856316
vt 0.298667 0.830695
vt 0.304700 0.829366
vt 0.300850 0.826913
vt 0.302109 0.831743
vt 0.437231 0.500696
vt 0.438518 0.502175
vt 0.438923 0.499849
vt 0.316327 0.830852
vt 0.479712 0.392038
vt 0.547680 0.379185
vt 0.544678 0.381826
vt 0.548261 0.381367
vt 0.489253 0.379416
vt 0.485821 0.379138
vt 0.487061 0.382893
vt 0.588891 0.345123
vt 0.587113 0.347496
vt 0.588933 0.347867
vt 0.441278 0.481620
vt 0.439999 0.482877
vt 0.439992 0.485504
vt 0.447896 0.391676
vt 0.447035 0.388728
vt 0.446080 0.390025
vt 0.981577 0.192896
vt 0.980499 0.193814
vt 0.981881 0.194504
vt 0.173658 0.815561
vt 0.172373 0.816951
vt 0.174419 0.816621
vt 0.824030 0.576433
vt 0.825922 0.574010
vt 0.822395 0.573136
vt 0.755846 0.402734
vt 0.753890 0.400920
vt 0.753366 0.402804
vt 0.148578 0.369523
vt 0.149395 0.369882
vt 0.149264 0.369418
vt 0.830379 0.594115
vt 0.832896 0.599588
vt 0.830313 0.588934
vt 0.828048 0.586092
vt 0.827058 0.590272
vt 0.126113 0.324395
vt 0.850490 0.575904
vt 0.850860 0.569869
vt 0.853850 0.572294
vt 0.202526 0.916530
vt 0.197033 0.917381
vt 0.199918 0.918615
vt 0.481475 0.378240
vt 0.481233 0.377995
vt 0.477503 0.381481
vt 0.608801 0.363574
vt 0.611653 0.369913
vt 0.610222 0.363977
vt 0.122878 0.318416
vt 0.518141 0.646242
vt 0.518809 0.649039
vt 0.521310 0.649215
vt 0.116328 0.310485
vt 0.113590 0.309643
vt 0.441068 0.494226
vt 0.436369 0.491796
vt 0.436918 0.497450
vt 0.847852 0.576737
vt 0.620756 0.824183
vt 0.621250 0.825694
vt 0.621306 0.825745
vt 0.620797 0.824187
vt 0.403473 0.627293
vt 0.405499 0.628172
vt 0.405213 0.625170
vt 0.835173 0.578848
vt 0.846446 0.580103
vt 0.129091 0.313717
vt 0.130863 0.309014
vt 0.126674 0.311461
vt 0.546264 0.826123
vt 0.547057 0.824253
vt 0.082306 0.825731
vt 0.080923 0.828400
vt 0.082927 0.827183
vt 0.293006 0.826669
vt 0.287878 0.824896
vt 0.287099 0.826532
vt 0.116789 0.306045
vt 0.450455 0.200045
vt 0.451237 0.199799
vt 0.454960 0.197065
vt 0.449274 0.197377
vt 0.450041 0.200251
vt 0.434141 0.489149
vt 0.433885 0.492108
vt 0.290579 0.828939
vt 0.294276 0.829474
vt 0.143410 0.314358
vt 0.143301 0.311524
vt 0.140154 0.310609
vt 0.449174 0.391156
vt 0.447829 0.393062
vt 0.448596 0.394242
vt 0.489738 0.010291
vt 0.490351 0.009178
vt 0.488808 0.009523
vt 0.594454 0.341034
vt 0.591409 0.340806
vt 0.591156 0.344065
vt 0.416477 0.633523
vt 0.144780 0.308248
vt 0.145294 0.313325
vt 0.402931 0.631321
vt 0.400628 0.628567
vt 0.840149 0.582887
vt 0.838714 0.577375
vt 0.112996 0.321761
vt 0.111318 0.320676
vt 0.884554 0.853801
vt 0.884898 0.855021
vt 0.885909 0.854842
vt 0.812044 0.022211
vt 0.810631 0.021041
vt 0.810783 0.022230
vt 0.858085 0.590435
vt 0.857769 0.594756
vt 0.842316 0.561518
vt 0.845271 0.565465
vt 0.844764 0.560762
vt 0.844954 0.584451
vt 0.842830 0.580330
vt 0.450827 0.196257
vt 0.134740 0.316186
vt 0.129420 0.316654
vt 0.954689 0.476615
vt 0.951686 0.478678
vt 0.953517 0.478443
vt 0.126837 0.304979
vt 0.123786 0.303986
vt 0.948805 0.122674
vt 0.948601 0.125333
vt 0.949297 0.123773
vt 0.850788 0.598591
vt 0.856253 0.600164
vt 0.853001 0.601937
vt 0.860099 0.587401
vt 0.208823 0.870364
vt 0.208646 0.870426
vt 0.208800 0.870509
vt 0.944993 0.216224
vt 0.944183 0.217690
vt 0.944191 0.217743
vt 0.945355 0.216248
vt 0.520782 0.651541
vt 0.521732 0.651986
vt 0.412575 0.623681
vt 0.415124 0.619330
vt 0.115746 0.322694
vt 0.138853 0.305633
vt 0.135158 0.306714
vt 0.141998 0.306578
vt 0.245580 0.646835
vt 0.243859 0.647354
vt 0.245081 0.647808
vt 0.847154 0.553370
vt 0.843490 0.557283
vt 0.847481 0.560366
vt 0.847838 0.557445
vt 0.840736 0.555053
vt 0.836329 0.557530
vt 0.111572 0.326445
vt 0.112243 0.332888
vt 0.853824 0.575399
vt 0.608476 0.371933
vt 0.606287 0.368229
vt 0.287963 0.828660
vt 0.407873 0.623705
vt 0.829693 0.567407
vt 0.827057 0.568892
vt 0.829584 0.571505
vt 0.439121 0.200411
vt 0.442757 0.200964
vt 0.442708 0.198665
vt 0.855594 0.584362
vt 0.850951 0.581421
vt 0.828888 0.576595
vt 0.830171 0.581553
vt 0.127779 0.320419
vt 0.131306 0.322334
vt 0.983279 0.348898
vt 0.984691 0.347581
vt 0.983030 0.346646
vt 0.832938 0.573903
vt 0.830786 0.569425
vt 0.916409 0.387147
vt 0.919436 0.387101
vt 0.916108 0.384928
vt 0.822439 0.569685
vt 0.540323 0.382244
vt 0.540382 0.380802
vt 0.778189 0.564342
vt 0.778671 0.562280
vt 0.776689 0.564051
vt 0.858958 0.601086
vt 0.861106 0.597490
vt 0.193835 0.572353
vt 0.192819 0.573841
vt 0.194133 0.573741
vt 0.742076 0.541247
vt 0.744256 0.539729
vt 0.741335 0.538694
vt 0.408777 0.626368
vt 0.408393 0.630639
vt 0.475430 0.393439
vt 0.850175 0.563544
vt 0.116154 0.328450
vt 0.611564 0.359857
vt 0.613330 0.360281
vt 0.613162 0.358055
vt 0.739473 0.383580
vt 0.739421 0.383583
vt 0.739410 0.383656
vt 0.477821 0.378816
vt 0.842244 0.589190
vt 0.446777 0.709679
vt 0.447790 0.711145
vt 0.448452 0.709913
vt 0.414890 0.615269
vt 0.412970 0.613624
vt 0.490790 0.385020
vt 0.418572 0.621578
vt 0.803193 0.533523
vt 0.801517 0.534618
vt 0.802692 0.535342
vt 0.665851 0.712153
vt 0.666921 0.710707
vt 0.665896 0.711023
vt 0.624399 0.827249
vt 0.624760 0.824172
vt 0.748094 0.475105
vt 0.748975 0.471082
vt 0.747922 0.472473
vt 0.448926 0.388383
vt 0.447242 0.384211
vt 0.445817 0.387503
vt 0.113017 0.340050
vt 0.113124 0.340667
vt 0.419940 0.666349
vt 0.419885 0.663123
vt 0.418310 0.664406
vt 0.831739 0.560707
vt 0.834031 0.559076
vt 0.830933 0.557469
vt 0.123134 0.314774
vt 0.125915 0.316766
vt 0.437850 0.203516
vt 0.443820 0.202944
vt 0.845149 0.465664
vt 0.845686 0.463725
vt 0.844718 0.462964
vt 0.127636 0.308429
vt 0.714491 0.182792
vt 0.716116 0.182216
vt 0.714197 0.181310
vt 0.247826 0.058245
vt 0.248213 0.059845
vt 0.249225 0.058128
vt 0.315016 0.830253
vt 0.853441 0.578321
vt 0.249479 0.342621
vt 0.251211 0.341921
vt 0.249812 0.341359
vt 0.275325 0.819681
vt 0.276666 0.819949
vt 0.276169 0.819003
vt 0.824680 0.592278
vt 0.420064 0.625820
vt 0.474104 0.386584
vt 0.475381 0.389946
vt 0.293938 0.823117
vt 0.295101 0.825404
vt 0.103490 0.643890
vt 0.103542 0.645783
vt 0.104450 0.644494
vt 0.948966 0.523675
vt 0.949058 0.523767
vt 0.948977 0.523494
vt 0.061836 0.878582
vt 0.064253 0.875432
vt 0.546539 0.376660
vt 0.543491 0.377393
vt 0.594784 0.345597
vt 0.597212 0.344121
vt 0.597402 0.343212
vt 0.437181 0.200473
vt 0.436569 0.201831
vt 0.132389 0.313488
vt 0.246326 0.483068
vt 0.249433 0.483127
vt 0.249728 0.482364
vt 0.020811 0.858640
vt 0.023603 0.857679
vt 0.021774 0.857442
vt 0.309542 0.827874
vt 0.309379 0.827810
vt 0.311634 0.832464
vt 0.487968 0.390958
vt 0.489465 0.386220
vt 0.537648 0.382017
vt 0.538657 0.380210
vt 0.824594 0.580077
vt 0.825054 0.584648
vt 0.827067 0.581722
vt 0.220031 0.517939
vt 0.245140 0.644832
vt 0.247166 0.645588
vt 0.247229 0.643294
vt 0.348813 0.095002
vt 0.348454 0.096714
vt 0.350073 0.096083
vt 0.116990 0.343311
vt 0.118650 0.342912
vt 0.029492 0.679770
vt 0.030963 0.677969
vt 0.028763 0.679401
vt 0.306162 0.627109
vt 0.305322 0.628360
vt 0.306548 0.627882
vt 0.421232 0.664603
vt 0.420964 0.664679
vt 0.421559 0.665231
vt 0.470235 0.388757
vt 0.472342 0.392887
vt 0.124555 0.363660
vt 0.123089 0.363627
vt 0.124284 0.365224
vt 0.834500 0.570240
vt 0.111527 0.325943
vt 0.145997 0.668394
vt 0.144100 0.669254
vt 0.144661 0.671257
vt 0.108843 0.316039
vt 0.109761 0.319077
vt 0.107319 0.312843
vt 0.107203 0.312560
vt 0.133180 0.308737
vt 0.182472 0.905782
vt 0.183392 0.907696
vt 0.184691 0.907511
vt 0.453296 0.199186
vt 0.455959 0.198025
vt 0.147761 0.307084
vt 0.149294 0.310380
vt 0.701580 0.425525
vt 0.635732 0.256780
vt 0.701534 0.425826
vt 0.467499 0.191461
vt 0.465013 0.192020
vt 0.466296 0.194527
vt 0.129601 0.306127
vt 0.860658 0.601235
vt 0.859091 0.601646
vt 0.106495 0.310147
vt 0.107968 0.308211
vt 0.609202 0.361976
vt 0.110207 0.321191
vt 0.521128 0.645815
vt 0.518979 0.644370
vt 0.299788 0.825854
vt 0.294394 0.822532
vt 0.854201 0.560638
vt 0.082407 0.040790
vt 0.082882 0.042157
vt 0.084307 0.041461
vt 0.491082 0.831124
vt 0.492100 0.830078
vt 0.772189 0.417415
vt 0.774364 0.417802
vt 0.773520 0.416450
vt 0.843654 0.590533
vt 0.265055 0.657262
vt 0.264701 0.659126
vt 0.266758 0.657903
vt 0.384532 0.374542
vt 0.384532 0.373202
vt 0.383457 0.373297
vt 0.792884 0.215129
vt 0.792189 0.213694
vt 0.790787 0.214019
vt 0.306050 0.833686
vt 0.856320 0.580568
vt 0.216305 0.515788
vt 0.217778 0.516258
vt 0.217787 0.515255
vt 0.264383 0.661245
vt 0.517200 0.647817
vt 0.514992 0.978318
vt 0.515927 0.978132
vt 0.514348 0.975382
vt 0.563481 0.700501
vt 0.563436 0.704999
vt 0.565127 0.701719
vt 0.441940 0.480023
vt 0.441568 0.477891
vt 0.439852 0.480410
vt 0.437149 0.485231
vt 0.315059 0.159239
vt 0.315997 0.157698
vt 0.314801 0.157440
vt 0.807099 0.895179
vt 0.808166 0.896406
vt 0.808441 0.895146
vt 0.807024 0.894977
vt 0.662314 0.712437
vt 0.664761 0.715589
vt 0.664986 0.713373
vt 0.822929 0.586052
vt 0.582268 0.812660
vt 0.580643 0.815350
vt 0.582137 0.815741
vt 0.801164 0.532458
vt 0.224275 0.517308
vt 0.314757 0.830191
vt 0.638758 0.669004
vt 0.639119 0.666119
vt 0.636176 0.667951
vt 0.167627 0.816451
vt 0.168069 0.817789
vt 0.168803 0.815400
vt 0.861782 0.600988
vt 0.306887 0.827126
vt 0.305371 0.826743
vt 0.310294 0.828210
vt 0.466922 0.195322
vt 0.464666 0.195281
vt 0.830405 0.605294
vt 0.830500 0.605331
vt 0.830436 0.605193
vt 0.351916 0.949058
vt 0.355405 0.948952
vt 0.354415 0.948131
vt 0.002536 0.091530
vt 0.003359 0.090573
vt 0.001592 0.090096
vt 0.113175 0.334827
vt 0.315311 0.834146
vt 0.968547 0.319213
vt 0.968659 0.323414
vt 0.970211 0.322312
vt 0.520293 0.973250
vt 0.519205 0.975749
vt 0.449654 0.395383
vt 0.451681 0.394378
vt 0.139044 0.312685
vt 0.441867 0.241004
vt 0.441355 0.239879
vt 0.440248 0.239215
vt 0.312207 0.486081
vt 0.312120 0.484878
vt 0.311132 0.485030
vt 0.570006 0.087771
vt 0.570040 0.087740
vt 0.285875 0.823163
vt 0.839124 0.571496
vt 0.835642 0.565532
vt 0.285790 0.819100
vt 0.907827 0.299012
vt 0.908265 0.298335
vt 0.907990 0.297335
vt 0.905879 0.297629
vt 0.452904 0.391234
vt 0.452647 0.386000
vt 0.593398 0.346340
vt 0.589328 0.349327
vt 0.642299 0.669739
vt 0.641881 0.667446
vt 0.867838 0.426891
vt 0.866233 0.427553
vt 0.868330 0.428901
vt 0.453061 0.381439
vt 0.448400 0.381524
vt 0.837897 0.574836
vt 0.839245 0.925522
vt 0.840094 0.927007
vt 0.841249 0.927223
vt 0.115396 0.344100
vt 0.114288 0.342818
vt 0.145918 0.672882
vt 0.502377 0.971304
vt 0.503033 0.973080
vt 0.504838 0.974248
vt 0.468055 0.195342
vt 0.361891 0.150580
vt 0.362282 0.150653
vt 0.362569 0.150282
vt 0.361311 0.149347
vt 0.280197 0.815722
vt 0.278712 0.815141
vt 0.320419 0.832451
vt 0.320055 0.836035
vt 0.322224 0.833095
vt 0.444365 0.203045
vt 0.444288 0.201743
vt 0.796221 0.652064
vt 0.795284 0.651960
vt 0.794798 0.652686
vt 0.794997 0.653259
vt 0.302948 0.825952
vt 0.301750 0.825539
vt 0.916400 0.203271
vt 0.917526 0.203169
vt 0.917562 0.202918
vt 0.916865 0.201519
vt 0.105711 0.307578
vt 0.106577 0.307100
vt 0.105820 0.307343
vt 0.459902 0.196514
vt 0.462036 0.195667
vt 0.459994 0.193914
vt 0.480524 0.194492
vt 0.478593 0.194840
vt 0.480540 0.194852
vt 0.288834 0.822157
vt 0.220768 0.524181
vt 0.218140 0.522452
vt 0.221936 0.521818
vt 0.853518 0.555377
vt 0.855792 0.558333
vt 0.851206 0.558639
vt 0.111484 0.325647
vt 0.111398 0.325407
vt 0.111733 0.325742
vt 0.493038 0.832398
vt 0.495211 0.832091
vt 0.494781 0.833919
vt 0.125304 0.339104
vt 0.122067 0.338054
vt 0.127420 0.335737
vt 0.214495 0.700792
vt 0.214751 0.697367
vt 0.215243 0.698937
vt 0.841646 0.568023
vt 0.847199 0.571114
vt 0.843011 0.573711
vt 0.874448 0.610713
vt 0.873161 0.611204
vt 0.874300 0.609658
vt 0.137323 0.315284
vt 0.139392 0.320160
vt 0.135172 0.321824
vt 0.412140 0.627485
vt 0.417314 0.625110
vt 0.412957 0.631887
vt 0.417170 0.630695
vt 0.136093 0.329434
vt 0.131249 0.329869
vt 0.134943 0.326674
vt 0.829166 0.598984
vt 0.826793 0.598342
vt 0.827310 0.595325
vt 0.142511 0.845484
vt 0.143961 0.845596
vt 0.141455 0.847744
vt 0.120235 0.308011
vt 0.124291 0.310993
vt 0.120509 0.311954
vt 0.285654 0.819187
vt 0.279702 0.817965
vt 0.122797 0.305903
vt 0.120778 0.303177
vt 0.855115 0.596308
vt 0.849106 0.594655
vt 0.850753 0.590637
vt 0.107270 0.312578
vt 0.109899 0.308184
vt 0.110270 0.310651
vt 0.782267 0.573390
vt 0.781824 0.571365
vt 0.859988 0.891003
vt 0.858831 0.890222
vt 0.861106 0.889982
vt 0.448240 0.197905
vt 0.447485 0.200048
vt 0.446975 0.197779
vt 0.116248 0.341227
vt 0.114946 0.338072
vt 0.120123 0.341627
vt 0.836676 0.602527
vt 0.837547 0.596591
vt 0.842044 0.601251
vt 0.839117 0.595965
vt 0.842363 0.961414
vt 0.843065 0.959400
vt 0.843428 0.962083
vt 0.128551 0.339234
vt 0.130648 0.334525
vt 0.021235 0.274885
vt 0.019903 0.275886
vt 0.019662 0.275013
vt 0.844885 0.592945
vt 0.545981 0.820573
vt 0.544103 0.824044
vt 0.544668 0.820186
vt 0.840083 0.585128
vt 0.836964 0.587958
vt 0.834841 0.584914
vt 0.213985 0.447520
vt 0.215204 0.447306
vt 0.214376 0.448523
vt 0.843978 0.597144
vt 0.842052 0.594336
vt 0.793385 0.304803
vt 0.793329 0.308418
vt 0.791391 0.305558
vt 0.494164 0.829765
vt 0.494316 0.831446
vt 0.122842 0.340654
vt 0.853895 0.587614
vt 0.849006 0.586707
vt 0.205881 0.462257
vt 0.206024 0.460950
vt 0.207021 0.461401
vt 0.314897 0.830732
vt 0.479963 0.382780
vt 0.482364 0.385929
vt 0.478112 0.388289
vt 0.277172 0.818219
vt 0.277783 0.817513
vt 0.023663 0.344102
vt 0.024064 0.342267
vt 0.024603 0.343478
vt 0.483455 0.393093
vt 0.486174 0.387170
vt 0.224061 0.526017
vt 0.224023 0.523922
vt 0.226813 0.524513
vt 0.226942 0.527119
vt 0.066615 0.877544
vt 0.065045 0.877746
vt 0.064925 0.876549
vt 0.447905 0.196515
vt 0.839638 0.590069
vt 0.838227 0.591054
vt 0.442179 0.486205
vt 0.440937 0.488190
vt 0.437139 0.489837
vt 0.122132 0.329991
vt 0.123855 0.331765
vt 0.114576 0.333478
vt 0.137346 0.331797
vt 0.133443 0.334061
vt 0.371203 0.191795
vt 0.372785 0.193399
vt 0.370539 0.192349
vt 0.117379 0.315412
vt 0.115355 0.318824
vt 0.111821 0.315179
vt 0.808789 0.854959
vt 0.806545 0.856316
vt 0.807734 0.853988
vt 0.298667 0.830695
vt 0.300850 0.826913
vt 0.304700 0.829366
vt 0.302109 0.831743
vt 0.437231 0.500696
vt 0.438923 0.499849
vt 0.438518 0.502175
vt 0.479712 0.392038
vt 0.547680 0.379185
vt 0.548261 0.381367
vt 0.544678 0.381826
vt 0.489161 0.379562
vt 0.487061 0.382893
vt 0.485870 0.379285
vt 0.588891 0.345123
vt 0.588933 0.347867
vt 0.587113 0.347496
vt 0.441278 0.481620
vt 0.439992 0.485504
vt 0.439999 0.482877
vt 0.447896 0.391676
vt 0.446080 0.390025
vt 0.447035 0.388728
vt 0.981577 0.192896
vt 0.981881 0.194504
vt 0.980499 0.193814
vt 0.173658 0.815561
vt 0.174419 0.816621
vt 0.172373 0.816951
vt 0.824030 0.576433
vt 0.822395 0.573136
vt 0.825922 0.574010
vt 0.755846 0.402734
vt 0.753366 0.402804
vt 0.753890 0.400920
vt 0.148731 0.369590
vt 0.149288 0.369503
vt 0.149395 0.369882
vt 0.830379 0.594115
vt 0.832896 0.599588
vt 0.830313 0.588934
vt 0.827058 0.590272
vt 0.828048 0.586092
vt 0.126113 0.324395
vt 0.850490 0.575904
vt 0.850860 0.569869
vt 0.853850 0.572294
vt 0.202526 0.916530
vt 0.199918 0.918615
vt 0.197033 0.917381
vt 0.481150 0.378073
vt 0.481433 0.378365
vt 0.477503 0.381481
vt 0.608801 0.363574
vt 0.610222 0.363977
vt 0.611653 0.369913
vt 0.122878 0.318416
vt 0.518141 0.646242
vt 0.521310 0.649215
vt 0.518809 0.649039
vt 0.116328 0.310485
vt 0.113590 0.309643
vt 0.441068 0.494226
vt 0.436918 0.497450
vt 0.436369 0.491796
vt 0.847852 0.576737
vt 0.621250 0.825694
vt 0.620756 0.824183
vt 0.620797 0.824187
vt 0.621306 0.825745
vt 0.403473 0.627293
vt 0.405213 0.625170
vt 0.405499 0.628172
vt 0.835173 0.578848
vt 0.846446 0.580103
vt 0.129091 0.313717
vt 0.126674 0.311461
vt 0.130863 0.309014
vt 0.547057 0.824253
vt 0.546264 0.826123
vt 0.082306 0.825731
vt 0.082927 0.827183
vt 0.080923 0.828400
vt 0.293006 0.826669
vt 0.287099 0.826532
vt 0.287878 0.824896
vt 0.116789 0.306045
vt 0.449274 0.197377
vt 0.454960 0.197065
vt 0.433885 0.492108
vt 0.434141 0.489149
vt 0.290579 0.828939
vt 0.294276 0.829474
vt 0.143410 0.314358
vt 0.140154 0.310609
vt 0.143301 0.311524
vt 0.449174 0.391156
vt 0.448596 0.394242
vt 0.447829 0.393062
vt 0.489738 0.010291
vt 0.488808 0.009523
vt 0.490351 0.009178
vt 0.594454 0.341034
vt 0.591156 0.344065
vt 0.591409 0.340806
vt 0.416477 0.633523
vt 0.144780 0.308248
vt 0.145294 0.313325
vt 0.402931 0.631321
vt 0.400628 0.628567
vt 0.838714 0.577375
vt 0.840149 0.582887
vt 0.111318 0.320676
vt 0.112996 0.321761
vt 0.884554 0.853801
vt 0.885909 0.854842
vt 0.884898 0.855021
vt 0.812044 0.022211
vt 0.810783 0.022230
vt 0.810631 0.021041
vt 0.858085 0.590435
vt 0.857769 0.594756
vt 0.842316 0.561518
vt 0.844764 0.560762
vt 0.845271 0.565465
vt 0.844954 0.584451
vt 0.842830 0.580330
vt 0.450827 0.196257
vt 0.134740 0.316186
vt 0.129420 0.316654
vt 0.954689 0.476615
vt 0.953517 0.478443
vt 0.951686 0.478678
vt 0.123786 0.303986
vt 0.126837 0.304979
vt 0.948805 0.122674
vt 0.949297 0.123773
vt 0.948601 0.125333
vt 0.856253 0.600164
vt 0.850788 0.598591
vt 0.853001 0.601937
vt 0.860099 0.587401
vt 0.208833 0.870299
vt 0.208800 0.870509
vt 0.208575 0.870388
vt 0.945355 0.216248
vt 0.944191 0.217743
vt 0.521732 0.651986
vt 0.520782 0.651541
vt 0.412575 0.623681
vt 0.415124 0.619330
vt 0.115746 0.322694
vt 0.135158 0.306714
vt 0.138853 0.305633
vt 0.141998 0.306578
vt 0.245580 0.646835
vt 0.245081 0.647808
vt 0.243859 0.647354
vt 0.847154 0.553370
vt 0.847481 0.560366
vt 0.843490 0.557283
vt 0.847838 0.557445
vt 0.836329 0.557530
vt 0.840736 0.555053
vt 0.112243 0.332888
vt 0.111572 0.326445
vt 0.853824 0.575399
vt 0.608476 0.371933
vt 0.606287 0.368229
vt 0.287963 0.828660
vt 0.407873 0.623705
vt 0.829693 0.567407
vt 0.829584 0.571505
vt 0.827057 0.568892
vt 0.439121 0.200411
vt 0.442708 0.198665
vt 0.442757 0.200964
vt 0.855594 0.584362
vt 0.850951 0.581421
vt 0.828888 0.576595
vt 0.830171 0.581553
vt 0.127779 0.320419
vt 0.131306 0.322334
vt 0.983279 0.348898
vt 0.983030 0.346646
vt 0.984691 0.347581
vt 0.832938 0.573903
vt 0.830786 0.569425
vt 0.916409 0.387147
vt 0.916108 0.384928
vt 0.919436 0.387101
vt 0.822439 0.569685
vt 0.540323 0.382244
vt 0.540382 0.380802
vt 0.778189 0.564342
vt 0.776689 0.564051
vt 0.778671 0.562280
vt 0.858958 0.601086
vt 0.861106 0.597490
vt 0.193835 0.572353
vt 0.194133 0.573741
vt 0.192819 0.573841
vt 0.742076 0.541247
vt 0.741335 0.538694
vt 0.744256 0.539729
vt 0.408777 0.626368
vt 0.408393 0.630639
vt 0.475430 0.393439
vt 0.850175 0.563544
vt 0.116154 0.328450
vt 0.611564 0.359857
vt 0.613162 0.358055
vt 0.613330 0.360281
vt 0.739473 0.383580
vt 0.739410 0.383656
vt 0.739421 0.383583
vt 0.477815 0.378864
vt 0.842244 0.589190
vt 0.446777 0.709679
vt 0.448452 0.709913
vt 0.447790 0.711145
vt 0.414890 0.615269
vt 0.412970 0.613624
vt 0.490790 0.385020
vt 0.418572 0.621578
vt 0.803193 0.533523
vt 0.802692 0.535342
vt 0.801517 0.534618
vt 0.665851 0.712153
vt 0.665896 0.711023
vt 0.666921 0.710707
vt 0.624399 0.827249
vt 0.624760 0.824172
vt 0.748094 0.475105
vt 0.747922 0.472473
vt 0.748975 0.471082
vt 0.448926 0.388383
vt 0.445817 0.387503
vt 0.447242 0.384211
vt 0.113124 0.340667
vt 0.113017 0.340050
vt 0.419940 0.666349
vt 0.418310 0.664406
vt 0.419885 0.663123
vt 0.831739 0.560707
vt 0.830933 0.557469
vt 0.834031 0.559076
vt 0.123134 0.314774
vt 0.125915 0.316766
vt 0.845149 0.465664
vt 0.844718 0.462964
vt 0.845686 0.463725
vt 0.127636 0.308429
vt 0.714491 0.182792
vt 0.714197 0.181310
vt 0.716116 0.182216
vt 0.247826 0.058245
vt 0.249225 0.058128
vt 0.248213 0.059845
vt 0.853441 0.578321
vt 0.249479 0.342621
vt 0.249812 0.341359
vt 0.251211 0.341921
vt 0.275469 0.819709
vt 0.276206 0.819074
vt 0.276666 0.819949
vt 0.824680 0.592278
vt 0.420064 0.625820
vt 0.475381 0.389946
vt 0.474104 0.386584
vt 0.293938 0.823117
vt 0.295101 0.825404
vt 0.103490 0.643890
vt 0.104450 0.644494
vt 0.103542 0.645783
vt 0.948966 0.523675
vt 0.948977 0.523494
vt 0.949058 0.523767
vt 0.061836 0.878582
vt 0.064253 0.875432
vt 0.546539 0.376660
vt 0.543491 0.377393
vt 0.597402 0.343212
vt 0.437221 0.200472
vt 0.436596 0.201816
vt 0.132389 0.313488
vt 0.246326 0.483068
vt 0.249728 0.482364
vt 0.249433 0.483127
vt 0.020811 0.858640
vt 0.021774 0.857442
vt 0.023603 0.857679
vt 0.311634 0.832464
vt 0.489465 0.386220
vt 0.487968 0.390958
vt 0.537648 0.382017
vt 0.538657 0.380210
vt 0.824594 0.580077
vt 0.827067 0.581722
vt 0.825054 0.584648
vt 0.220031 0.517939
vt 0.245140 0.644832
vt 0.247229 0.643294
vt 0.247166 0.645588
vt 0.348813 0.095002
vt 0.350073 0.096083
vt 0.348454 0.096714
vt 0.116990 0.343311
vt 0.118650 0.342912
vt 0.028763 0.679401
vt 0.306162 0.627109
vt 0.306548 0.627882
vt 0.305322 0.628360
vt 0.421183 0.664617
vt 0.421447 0.665127
vt 0.420964 0.664679
vt 0.470235 0.388757
vt 0.472342 0.392887
vt 0.124555 0.363660
vt 0.124284 0.365224
vt 0.123089 0.363627
vt 0.834500 0.570240
vt 0.111527 0.325943
vt 0.145997 0.668394
vt 0.144661 0.671257
vt 0.144100 0.669254
vt 0.108843 0.316039
vt 0.109761 0.319077
vt 0.107319 0.312843
vt 0.107203 0.312560
vt 0.133180 0.308737
vt 0.182472 0.905782
vt 0.184691 0.907511
vt 0.183392 0.907696
vt 0.147709 0.307104
vt 0.149188 0.310329
vt 0.701588 0.425474
vt 0.701534 0.425826
vt 0.701456 0.425877
vt 0.467499 0.191461
vt 0.466296 0.194527
vt 0.465013 0.192020
vt 0.129601 0.306127
vt 0.860605 0.601230
vt 0.859076 0.601585
vt 0.106495 0.310147
vt 0.107968 0.308211
vt 0.609202 0.361976
vt 0.110207 0.321191
vt 0.521128 0.645815
vt 0.518979 0.644370
vt 0.854201 0.560638
vt 0.082407 0.040790
vt 0.084307 0.041461
vt 0.082882 0.042157
vt 0.491082 0.831124
vt 0.492100 0.830078
vt 0.772189 0.417415
vt 0.773520 0.416450
vt 0.774364 0.417802
vt 0.843654 0.590533
vt 0.265055 0.657262
vt 0.266758 0.657903
vt 0.264701 0.659126
vt 0.384532 0.374542
vt 0.383457 0.373297
vt 0.384532 0.373202
vt 0.792884 0.215129
vt 0.790787 0.214019
vt 0.792189 0.213694
vt 0.306050 0.833686
vt 0.856320 0.580568
vt 0.216552 0.515867
vt 0.217786 0.515423
vt 0.217778 0.516258
vt 0.264383 0.661245
vt 0.517200 0.647817
vt 0.514992 0.978318
vt 0.514348 0.975382
vt 0.515927 0.978132
vt 0.563481 0.700501
vt 0.565127 0.701719
vt 0.563436 0.704999
vt 0.441940 0.480023
vt 0.439852 0.480410
vt 0.441568 0.477891
vt 0.437149 0.485231
vt 0.315059 0.159239
vt 0.314801 0.157440
vt 0.315997 0.157698
vt 0.808166 0.896406
vt 0.807099 0.895179
vt 0.807024 0.894977
vt 0.808441 0.895146
vt 0.662314 0.712437
vt 0.664986 0.713373
vt 0.664761 0.715589
vt 0.822929 0.586052
vt 0.582183 0.812800
vt 0.582056 0.815720
vt 0.580643 0.815350
vt 0.801164 0.532458
vt 0.224275 0.517308
vt 0.638758 0.669004
vt 0.636176 0.667951
vt 0.639119 0.666119
vt 0.167627 0.816451
vt 0.168803 0.815400
vt 0.168069 0.817789
vt 0.861785 0.601002
vt 0.830405 0.605294
vt 0.830436 0.605193
vt 0.830500 0.605331
vt 0.351916 0.949058
vt 0.354415 0.948131
vt 0.355405 0.948952
vt 0.002536 0.091530
vt 0.001592 0.090096
vt 0.003359 0.090573
vt 0.113175 0.334827
vt 0.315311 0.834146
vt 0.968547 0.319213
vt 0.968659 0.323414
vt 0.520293 0.973250
vt 0.519205 0.975749
vt 0.449654 0.395383
vt 0.451681 0.394378
vt 0.139044 0.312685
vt 0.441867 0.241004
vt 0.440248 0.239215
vt 0.441355 0.239879
vt 0.312207 0.486081
vt 0.311132 0.485030
vt 0.312120 0.484878
vt 0.570000 0.087777
vt 0.570004 0.087738
vt 0.570040 0.087740
vt 0.285875 0.823163
vt 0.839124 0.571496
vt 0.835642 0.565532
vt 0.905879 0.297629
vt 0.907990 0.297335
vt 0.452904 0.391234
vt 0.452647 0.386000
vt 0.642299 0.669739
vt 0.641881 0.667446
vt 0.867838 0.426891
vt 0.868330 0.428901
vt 0.866233 0.427553
vt 0.453061 0.381439
vt 0.448400 0.381524
vt 0.837897 0.574836
vt 0.839245 0.925522
vt 0.841249 0.927223
vt 0.840094 0.927007
vt 0.115396 0.344100
vt 0.114288 0.342818
vt 0.145918 0.672882
vt 0.502377 0.971304
vt 0.361891 0.150580
vt 0.361311 0.149347
vt 0.320055 0.836035
vt 0.444288 0.201743
vt 0.796221 0.652064
vt 0.794997 0.653259
vt 0.916400 0.203271
vt 0.916865 0.201519
vt 0.105711 0.307578
vt 0.459994 0.193914
vt 0.480524 0.194492
vt 0.323405 0.833545
vt 0.323357 0.836591
vt 0.324963 0.834320
vt 0.909092 0.194655
vt 0.909129 0.194799
vt 0.908999 0.194709
vt 0.569987 0.087682
vt 0.855854 0.601620
vt 0.853231 0.602162
vt 0.862949 0.947512
vt 0.862915 0.947675
vt 0.861811 0.947680
vt 0.861775 0.947647
vt 0.858526 0.601427
vt 0.704204 0.423667
vt 0.702576 0.423321
vt 0.702194 0.423091
vt 0.702930 0.422823
vt 0.733812 0.142281
vt 0.732201 0.143088
vt 0.732146 0.142903
vt 0.732361 0.141862
vt 0.662331 0.712614
vt 0.662302 0.712486
vt 0.566878 0.643785
vt 0.567937 0.645569
vt 0.568195 0.646122
vt 0.566710 0.644857
vt 0.566356 0.643394
vt 0.323356 0.836631
vt 0.112892 0.339279
vt 0.269648 0.988283
vt 0.268309 0.991722
vt 0.269209 0.988644
vt 0.627468 0.230635
vt 0.627421 0.230645
vt 0.627194 0.230443
vt 0.907266 0.359738
vt 0.908727 0.361888
vt 0.908491 0.362057
vt 0.907443 0.362292
vt 0.390148 0.009430
vt 0.390068 0.009236
vt 0.390566 0.007750
vt 0.390760 0.007705
vt 0.909092 0.194655
vt 0.909028 0.194692
vt 0.909117 0.194755
vt 0.853160 0.602092
vt 0.855848 0.601644
vt 0.862949 0.947512
vt 0.861775 0.947647
vt 0.861805 0.947675
vt 0.862913 0.947683
vt 0.566710 0.644857
vt 0.568189 0.646116
vt 0.567924 0.645546
vt 0.858473 0.601469
vt 0.704204 0.423667
vt 0.702930 0.422823
vt 0.702194 0.423091
vt 0.702576 0.423320
vt 0.733812 0.142281
vt 0.732361 0.141862
vt 0.732154 0.142930
vt 0.732201 0.143088
vt 0.662302 0.712486
vt 0.662331 0.712614
vt 0.112892 0.339279
vt 0.269648 0.988283
vt 0.269209 0.988644
vt 0.268309 0.991722
vt 0.627468 0.230635
vt 0.627194 0.230442
vt 0.627421 0.230645
vt 0.907266 0.359738
vt 0.907443 0.362292
vt 0.908491 0.362057
vt 0.908727 0.361888
vt 0.390148 0.009430
vt 0.390760 0.007705
vt 0.390557 0.007752
vt 0.390092 0.009296
vt 0.105111 0.297444
vt 0.103910 0.297346
vt 0.103151 0.298044
vt 0.103159 0.298180
vt 0.103239 0.298169
vt 0.105111 0.297444
vt 0.103153 0.298042
vt 0.103910 0.297346
vt 0.841882 0.553616
vt 0.846613 0.552180
vt 0.840832 0.554069
vt 0.439401 0.198650
vt 0.436857 0.199780
vt 0.979536 0.963506
vt 0.977760 0.963857
vt 0.978838 0.962597
vt 0.979365 0.962884
vt 0.839829 0.554257
vt 0.413275 0.612323
vt 0.413597 0.612652
vt 0.056207 0.982188
vt 0.054553 0.981973
vt 0.055872 0.981193
vt 0.056302 0.981633
vt 0.484391 0.379050
vt 0.421043 0.665959
vt 0.278550 0.815057
vt 0.437489 0.203013
vt 0.149614 0.311408
vt 0.420621 0.667781
vt 0.452394 0.376605
vt 0.450377 0.376655
vt 0.450884 0.375304
vt 0.452027 0.375728
vt 0.883934 0.490246
vt 0.883873 0.489004
vt 0.885201 0.489401
vt 0.147999 0.076902
vt 0.148428 0.075702
vt 0.148802 0.075705
vt 0.148911 0.076333
vt 0.846548 0.552037
vt 0.841945 0.553538
vt 0.840835 0.554043
vt 0.439401 0.198650
vt 0.436812 0.199800
vt 0.979536 0.963506
vt 0.979331 0.962759
vt 0.978900 0.962524
vt 0.977760 0.963857
vt 0.839770 0.554204
vt 0.413526 0.612508
vt 0.413288 0.612265
vt 0.056207 0.982188
vt 0.056324 0.981506
vt 0.055964 0.981138
vt 0.054553 0.981973
vt 0.484527 0.378936
vt 0.421060 0.666239
vt 0.437484 0.203020
vt 0.149694 0.311373
vt 0.420674 0.667892
vt 0.452394 0.376605
vt 0.452003 0.375670
vt 0.450923 0.375200
vt 0.450377 0.376655
vt 0.883934 0.490246
vt 0.885289 0.489342
vt 0.883868 0.488910
vt 0.147999 0.076902
vt 0.148979 0.076290
vt 0.148878 0.075706
vt 0.148428 0.075702
vn -0.0315 -0.7006 0.7129
vn 0.5281 0.1868 0.8284
vn -0.0569 -0.0834 0.9949
vn 0.9277 -0.3255 0.1826
vn 0.9331 -0.3114 0.1797
vn 0.9256 -0.3166 0.2077
vn 0.1202 -0.3098 0.9432
vn 0.1104 -0.3194 0.9412
vn 0.1305 -0.3223 0.9376
vn 0.7880 -0.0835 -0.6100
vn 0.7883 -0.0649 -0.6119
vn 0.8036 -0.0763 -0.5903
vn 0.7234 0.1057 0.6823
vn 0.7497 0.1283 0.6492
vn 0.7354 0.1355 0.6639
vn 0.9379 0.2674 -0.2210
vn 0.9422 0.2742 -0.1925
vn 0.9454 0.2612 -0.1951
vn 0.9957 -0.0819 -0.0426
vn 0.9964 -0.0732 -0.0433
vn 0.9963 -0.0810 -0.0293
vn 0.6039 -0.0871 0.7923
vn 0.6078 -0.1071 0.7868
vn 0.6173 -0.1064 0.7795
vn 0.9300 0.3577 0.0842
vn 0.9159 0.3832 0.1195
vn 0.9286 0.3501 0.1227
vn 0.6171 -0.1878 -0.7642
vn 0.6092 -0.1955 -0.7686
vn 0.6048 -0.1793 -0.7759
vn 0.9322 -0.2857 -0.2221
vn 0.9274 -0.2947 -0.2306
vn 0.9293 -0.2779 -0.2434
vn 0.9868 -0.1433 -0.0761
vn 0.9849 -0.1608 -0.0641
vn 0.9833 -0.1633 -0.0808
vn 0.9394 -0.1059 -0.3260
vn 0.9451 -0.1060 -0.3090
vn 0.9408 -0.1204 -0.3168
vn 0.9317 0.3179 0.1758
vn 0.9179 0.3490 0.1890
vn 0.9198 0.3265 0.2178
vn 0.9625 -0.2566 0.0874
vn 0.9666 -0.2511 0.0515
vn 0.9675 -0.2403 0.0791
vn 0.4983 0.0497 -0.8656
vn 0.4821 0.0384 -0.8752
vn 0.4825 0.0647 -0.8735
vn 0.0081 -0.8709 0.4914
vn 0.5776 -0.5467 0.6062
vn 0.0021 -0.3593 0.9332
vn 0.0064 -0.3760 0.9266
vn 0.2368 0.0770 -0.9685
vn 0.2650 0.0663 -0.9620
vn 0.2326 0.0443 -0.9716
vn 0.6171 0.0455 0.7856
vn 0.6077 0.0711 0.7910
vn 0.5992 0.0485 0.7991
vn 0.4207 0.0349 -0.9065
vn 0.4157 0.0759 -0.9063
vn 0.4338 0.0642 -0.8987
vn -0.0107 0.4188 -0.9080
vn 0.6020 -0.0145 -0.7983
vn -0.0023 -0.3525 -0.9358
vn -0.0238 -0.3194 -0.9473
vn 0.7309 0.0894 -0.6766
vn 0.7183 0.1094 -0.6871
vn 0.7381 0.1138 -0.6650
vn -0.0688 -0.4761 -0.8767
vn -0.0750 -0.4588 -0.8854
vn -0.0603 -0.4597 -0.8860
vn 0.8139 0.5744 -0.0872
vn 0.7949 0.6009 -0.0845
vn 0.8107 0.5812 -0.0709
vn 0.8966 0.0946 0.4327
vn 0.9051 0.0975 0.4140
vn 0.9002 0.1098 0.4215
vn 0.9259 0.1217 0.3575
vn 0.9256 0.1452 0.3496
vn 0.9207 0.1317 0.3674
vn 0.8682 -0.4021 -0.2906
vn 0.8612 -0.4088 -0.3021
vn 0.8712 -0.3901 -0.2981
vn 0.9342 0.2614 -0.2426
vn 0.9386 0.2610 -0.2258
vn 0.9420 0.2355 -0.2391
vn 0.9599 0.2205 -0.1734
vn 0.9635 0.2056 -0.1712
vn 0.9608 0.1990 -0.1932
vn 0.6656 0.0051 0.7463
vn 0.6723 0.0300 0.7397
vn 0.6511 0.0183 0.7588
vn 0.8311 0.3140 0.4590
vn 0.8354 0.2924 0.4655
vn 0.8448 0.2948 0.4465
vn 0.8867 -0.0216 0.4618
vn 0.8760 -0.0166 0.4820
vn 0.8785 -0.0378 0.4762
vn 0.9908 0.1145 0.0720
vn 0.9954 0.0779 0.0564
vn 0.9943 0.1028 0.0287
vn 0.8082 0.1901 0.5574
vn 0.7936 0.1878 0.5787
vn 0.8062 0.1683 0.5672
vn 0.9236 -0.3415 -0.1742
vn 0.9217 -0.3509 -0.1652
vn 0.9156 -0.3583 -0.1827
vn 0.8090 0.1479 0.5688
vn 0.7888 0.1866 0.5857
vn 0.7863 0.1706 0.5938
vn 0.9099 0.3914 -0.1378
vn 0.9202 0.3715 -0.1231
vn 0.9173 0.3640 -0.1616
vn 0.7910 0.1856 0.5830
vn 0.7952 0.1601 0.5848
vn 0.8021 0.1685 0.5729
vn 0.4756 0.1557 0.8657
vn 0.4576 0.1698 0.8728
vn 0.4633 0.1383 0.8754
vn 0.1798 -0.3330 -0.9256
vn 0.2067 -0.3288 -0.9215
vn 0.2016 -0.3458 -0.9164
vn 0.4848 -0.3160 0.8155
vn -0.0815 -0.1102 0.9906
vn -0.0686 -0.6840 0.7263
vn 0.8581 -0.3676 -0.3584
vn 0.8540 -0.3876 -0.3472
vn 0.8500 -0.3776 -0.3674
vn 0.2783 -0.1164 0.9534
vn 0.2900 -0.1245 0.9489
vn 0.2884 -0.1106 0.9511
vn 0.9853 -0.1491 -0.0834
vn 0.9856 -0.1345 -0.1021
vn 0.9876 -0.1307 -0.0865
vn 0.8298 -0.3835 -0.4055
vn 0.8306 -0.3664 -0.4193
vn 0.8393 -0.3656 -0.4024
vn 0.8696 -0.2154 0.4444
vn 0.8780 -0.1977 0.4359
vn 0.8716 -0.1915 0.4512
vn 0.8648 -0.0839 0.4950
vn 0.8526 -0.0947 0.5139
vn 0.8618 -0.0982 0.4977
vn 0.2542 -0.0820 0.9637
vn 0.2502 -0.1013 0.9629
vn 0.2738 -0.0897 0.9576
vn 0.0916 -0.4101 -0.9074
vn 0.1047 -0.4168 -0.9030
vn 0.0848 -0.4222 -0.9025
vn 0.8359 0.3177 0.4475
vn 0.8473 0.2899 0.4450
vn 0.8494 0.3131 0.4248
vn 0.9933 0.0029 0.1155
vn 0.9910 -0.0220 0.1321
vn 0.9925 -0.0332 0.1176
vn 0.8882 0.2826 -0.3621
vn 0.8902 0.2683 -0.3683
vn 0.8840 0.2871 -0.3691
vn 0.9427 -0.1885 -0.2754
vn 0.9361 -0.2063 -0.2850
vn 0.9386 -0.1878 -0.2895
vn 0.1134 -0.0891 0.9895
vn 0.1022 -0.0666 0.9925
vn 0.0940 -0.0756 0.9927
vn 0.6777 0.3268 -0.6588
vn 0.6875 0.3064 -0.6584
vn 0.6738 0.3090 -0.6712
vn 0.9519 0.0110 0.3063
vn 0.9456 0.0301 0.3239
vn 0.9483 -0.0065 0.3173
vn 0.0671 0.0215 0.9975
vn 0.0852 0.0072 0.9963
vn 0.0969 0.0311 0.9948
vn 0.0299 -0.0107 0.9995
vn 0.0127 -0.0296 0.9995
vn 0.0501 -0.0297 0.9983
vn 0.9900 0.0801 -0.1159
vn 0.9892 0.0558 -0.1355
vn 0.9849 0.1025 -0.1397
vn 0.4394 -0.4268 0.7904
vn -0.0617 -0.0835 0.9946
vn -0.0241 -0.7503 0.6607
vn 0.8130 -0.4354 -0.3867
vn 0.8163 -0.4224 -0.3939
vn 0.8243 -0.4242 -0.3750
vn 0.9422 0.0064 0.3350
vn 0.9444 -0.0082 0.3287
vn 0.9459 0.0124 0.3242
vn 0.9298 -0.2021 -0.3077
vn 0.9355 -0.2125 -0.2824
vn 0.9324 -0.2220 -0.2852
vn -0.0774 -0.4660 -0.8814
vn -0.0658 -0.4500 -0.8906
vn -0.0616 -0.4713 -0.8798
vn 0.9979 -0.0610 -0.0219
vn 0.9970 -0.0770 0.0064
vn 0.9956 -0.0912 -0.0227
vn 0.8686 -0.0326 0.4945
vn 0.8621 -0.0146 0.5065
vn 0.8543 -0.0344 0.5186
vn 0.9820 -0.1385 0.1282
vn 0.9804 -0.1281 0.1496
vn 0.9786 -0.1514 0.1395
vn 0.8839 -0.1961 0.4245
vn 0.8930 -0.2015 0.4025
vn 0.8955 -0.1794 0.4072
vn 0.8732 -0.0806 0.4806
vn 0.8819 -0.0513 0.4687
vn 0.8741 -0.0459 0.4836
vn 0.9180 -0.1564 0.3646
vn 0.9165 -0.1273 0.3792
vn 0.9053 -0.1447 0.3994
vn 0.9170 0.0962 0.3871
vn 0.9215 0.0868 0.3785
vn 0.9218 0.1024 0.3738
vn 0.8140 0.2879 0.5045
vn 0.8201 0.2531 0.5131
vn 0.8253 0.2779 0.4916
vn 0.9167 -0.0268 0.3986
vn 0.9122 -0.0034 0.4097
vn 0.9058 -0.0267 0.4229
vn 0.8406 0.3412 -0.4207
vn 0.8479 0.3412 -0.4057
vn 0.8486 0.3321 -0.4118
vn 0.3748 -0.1095 0.9206
vn 0.3774 -0.0865 0.9220
vn 0.3665 -0.0833 0.9267
vn 0.2432 -0.0687 0.9675
vn 0.2634 -0.0554 0.9631
vn 0.2544 -0.0481 0.9659
vn 0.9028 -0.4280 0.0410
vn 0.8946 -0.4449 0.0411
vn 0.9030 -0.4291 0.0205
vn 0.7479 -0.2217 -0.6257
vn 0.7542 -0.2142 -0.6207
vn 0.7542 -0.2308 -0.6147
vn 0.7448 -0.2322 -0.6257
vn 0.9049 0.2247 -0.3616
vn 0.9100 0.2232 -0.3494
vn 0.9082 0.2106 -0.3617
vn 0.3422 -0.3277 -0.8806
vn 0.3294 -0.3319 -0.8839
vn 0.3325 -0.3241 -0.8857
vn 0.5324 0.4177 -0.7362
vn 0.5205 0.4393 -0.7322
vn 0.5367 0.4317 -0.7249
vn 0.8579 -0.4021 0.3199
vn 0.8678 -0.3978 0.2979
vn 0.8654 -0.3874 0.3179
vn 0.5352 0.2473 -0.8077
vn 0.5231 0.2649 -0.8100
vn 0.5423 0.2665 -0.7968
vn 0.6538 0.1837 -0.7340
vn 0.6575 0.2084 -0.7240
vn 0.6728 0.1888 -0.7154
vn 0.9655 0.2356 0.1109
vn 0.9610 0.2436 0.1312
vn 0.9664 0.2178 0.1362
vn 0.5978 -0.0514 0.8000
vn 0.6022 -0.0368 0.7975
vn 0.5916 -0.0430 0.8051
vn 0.9566 -0.2623 0.1272
vn 0.9548 -0.2793 0.1016
vn 0.9657 -0.2395 0.1005
vn 0.9567 -0.2529 0.1443
vn 0.8820 -0.3336 -0.3329
vn 0.8677 -0.3506 -0.3524
vn 0.8758 -0.3328 -0.3496
vn 0.8883 0.0765 0.4529
vn 0.8845 0.0614 0.4624
vn 0.8944 0.0603 0.4431
vn 0.6271 0.0063 0.7789
vn 0.6347 0.0140 0.7726
vn 0.6254 0.0180 0.7801
vn 0.3822 -0.2905 -0.8773
vn 0.4046 -0.2792 -0.8709
vn 0.3991 -0.2931 -0.8688
vn 0.6490 0.4119 0.6396
vn 0.6619 0.4226 0.6191
vn 0.6430 0.4404 0.6266
vn 0.9393 -0.1194 -0.3217
vn 0.9342 -0.1202 -0.3359
vn 0.9380 -0.1050 -0.3302
vn 0.1715 -0.0364 0.9845
vn 0.1732 -0.0181 0.9847
vn 0.1632 -0.0278 0.9862
vn 0.2096 0.0871 -0.9739
vn 0.2301 0.1123 -0.9667
vn 0.2228 0.0799 -0.9716
vn -0.0045 0.2790 -0.9603
vn 0.3276 0.1983 -0.9238
vn -0.0019 -0.4858 -0.8741
vn -0.0140 -0.4705 -0.8823
vn -0.0087 0.2468 -0.9690
vn 0.6842 -0.4763 -0.5523
vn -0.0182 -0.5104 -0.8598
vn -0.0071 -0.4933 -0.8698
vn 0.9956 -0.0014 -0.0932
vn 0.9969 0.0113 -0.0774
vn 0.9970 -0.0069 -0.0769
vn 0.1674 -0.1254 0.9779
vn 0.1720 -0.1359 0.9757
vn 0.1784 -0.1233 0.9762
vn 0.4018 -0.1145 -0.9085
vn 0.4146 -0.0870 -0.9058
vn 0.4287 -0.1118 -0.8965
vn 0.8811 -0.0427 0.4710
vn 0.8711 -0.0561 0.4878
vn 0.8796 -0.0632 0.4716
vn 0.9894 0.0299 0.1419
vn 0.9866 0.0452 0.1566
vn 0.9862 0.0278 0.1632
vn 0.0935 -0.4238 -0.9009
vn 0.0827 -0.4159 -0.9056
vn 0.0952 -0.4047 -0.9095
vn 0.9545 -0.2812 -0.0997
vn 0.9486 -0.2968 -0.1097
vn 0.9553 -0.2721 -0.1157
vn 0.4801 -0.5370 -0.6936
vn 0.4594 -0.5664 -0.6843
vn 0.4516 -0.5472 -0.7047
vn 0.8675 -0.2221 -0.4450
vn 0.8607 -0.2119 -0.4630
vn 0.8723 -0.2020 -0.4454
vn 0.8469 0.0891 0.5243
vn 0.8590 0.0528 0.5093
vn 0.8551 0.0945 0.5097
vn 0.7127 0.1548 -0.6842
vn 0.7239 0.1747 -0.6674
vn 0.7280 0.1581 -0.6671
vn 0.8628 0.4694 0.1875
vn 0.8799 0.4473 0.1602
vn 0.8699 0.4723 0.1422
vn 0.8995 -0.0690 -0.4314
vn 0.8999 -0.0840 -0.4279
vn 0.8931 -0.0736 -0.4438
vn 0.5348 -0.0928 0.8399
vn 0.5205 -0.1061 0.8473
vn 0.5362 -0.1142 0.8363
vn 0.5987 -0.1917 0.7777
vn 0.6061 -0.2089 0.7674
vn 0.6233 -0.1815 0.7607
vn 0.6998 0.0295 0.7137
vn 0.7098 0.0504 0.7026
vn 0.6975 0.0567 0.7143
vn 0.1573 -0.4185 -0.8945
vn 0.1605 -0.4025 -0.9012
vn 0.1718 -0.4217 -0.8903
vn 0.6654 -0.2333 -0.7091
vn 0.6662 -0.2541 -0.7012
vn 0.6562 -0.2364 -0.7166
vn 0.1370 -0.2855 0.9485
vn 0.1176 -0.2850 0.9513
vn 0.1261 -0.3017 0.9450
vn 0.2247 -0.2624 -0.9384
vn 0.2318 -0.2320 -0.9447
vn 0.2512 -0.2346 -0.9391
vn 0.8833 0.3517 -0.3100
vn 0.8882 0.3380 -0.3111
vn 0.8770 0.3455 -0.3340
vn 0.6903 -0.0392 0.7225
vn 0.6761 -0.0485 0.7352
vn 0.6909 -0.0661 0.7200
vn 0.6107 -0.2268 0.7587
vn 0.6372 -0.2091 0.7418
vn 0.6187 -0.1985 0.7602
vn 0.2842 -0.0556 0.9571
vn 0.2908 -0.0712 0.9541
vn 0.3023 -0.0592 0.9514
vn 0.5830 -0.3153 0.7488
vn 0.5972 -0.3313 0.7305
vn 0.6111 -0.2949 0.7346
vn 0.6406 -0.0318 0.7673
vn 0.6564 -0.0421 0.7533
vn 0.6593 -0.0225 0.7515
vn 0.0268 -0.7345 0.6781
vn 0.6213 -0.3192 0.7156
vn 0.0284 -0.1615 0.9865
vn 0.0284 -0.1770 0.9838
vn 0.7531 -0.5106 0.4148
vn 0.7532 -0.5222 0.4000
vn 0.7732 -0.4909 0.4015
vn 0.4722 -0.0528 0.8799
vn 0.4837 -0.0376 0.8744
vn 0.4625 -0.0306 0.8861
vn 0.9181 -0.3155 -0.2400
vn 0.9107 -0.3198 -0.2616
vn 0.9196 -0.3017 -0.2517
vn 0.7008 0.1408 -0.6994
vn 0.6952 0.1137 -0.7098
vn 0.6846 0.1360 -0.7161
vn 0.5922 0.2613 -0.7622
vn 0.5723 0.2765 -0.7720
vn 0.5836 0.3005 -0.7544
vn 0.6380 0.0246 -0.7696
vn 0.6214 0.0442 -0.7823
vn 0.6482 0.0537 -0.7596
vn 0.1786 -0.4448 -0.8776
vn 0.1966 -0.4451 -0.8736
vn 0.1905 -0.4563 -0.8692
vn 0.1714 -0.3389 -0.9251
vn 0.1835 -0.3617 -0.9140
vn 0.1690 -0.3691 -0.9139
vn 0.8730 -0.0450 -0.4856
vn 0.8679 -0.0382 -0.4953
vn 0.8770 -0.0274 -0.4796
vn 0.3257 -0.4527 0.8300
vn 0.3104 -0.4363 0.8446
vn 0.2921 -0.4648 0.8358
vn 0.3748 -0.4023 0.8353
vn 0.3584 -0.4019 0.8426
vn 0.3734 -0.4194 0.8274
vn 0.2652 -0.3739 0.8887
vn 0.2601 -0.3632 0.8947
vn 0.2482 -0.3802 0.8910
vn 0.6093 -0.4857 0.6267
vn 0.6175 -0.4606 0.6376
vn 0.5880 -0.4763 0.6537
vn 0.5901 -0.5044 0.6304
vn 0.6063 -0.4921 0.6247
vn 0.5851 -0.4826 0.6517
vn 0.8509 0.0332 -0.5243
vn 0.8414 0.0343 -0.5393
vn 0.8405 0.0537 -0.5391
vn 0.8523 0.0447 -0.5212
vn 0.2516 -0.0854 0.9640
vn 0.2813 -0.0918 0.9552
vn 0.2752 -0.0762 0.9584
vn 0.3549 -0.3620 -0.8620
vn 0.3561 -0.3530 -0.8652
vn 0.3705 -0.3561 -0.8579
vn 0.1629 -0.0346 0.9860
vn 0.1740 -0.0329 0.9842
vn 0.1659 -0.0255 0.9858
vn 0.9165 -0.3239 -0.2347
vn 0.9212 -0.3075 -0.2385
vn 0.9245 -0.3134 -0.2172
vn 0.9806 -0.0837 0.1771
vn 0.9767 -0.0975 0.1911
vn 0.9790 -0.1002 0.1776
vn -0.2352 -0.2354 -0.9430
vn -0.2148 -0.2505 -0.9440
vn -0.2363 -0.2521 -0.9384
vn 0.3487 0.1545 0.9244
vn 0.3388 0.1588 0.9273
vn 0.3406 0.1440 0.9291
vn 0.9318 -0.0601 0.3580
vn 0.9159 -0.0632 0.3963
vn 0.9243 -0.0782 0.3735
vn 0.7723 0.2264 -0.5935
vn 0.7615 0.2158 -0.6112
vn 0.7569 0.2324 -0.6108
vn 0.9458 -0.0474 0.3212
vn 0.9577 -0.0327 0.2860
vn 0.9521 -0.0261 0.3046
vn 0.9779 0.0778 0.1938
vn 0.9723 0.1070 0.2078
vn 0.9730 0.0886 0.2130
vn 0.7613 0.0685 -0.6448
vn 0.7589 0.0821 -0.6460
vn 0.7733 0.0799 -0.6290
vn 0.8968 0.0853 0.4341
vn 0.9031 0.0647 0.4245
vn 0.9051 0.0921 0.4150
vn 0.8852 -0.2003 0.4199
vn 0.8767 -0.2240 0.4256
vn 0.8885 -0.2138 0.4061
vn 0.9344 0.0597 0.3511
vn 0.9289 0.0799 0.3615
vn 0.9243 0.0590 0.3772
vn 0.7485 0.1876 0.6361
vn 0.7382 0.1756 0.6513
vn 0.7511 0.1666 0.6388
vn 0.8624 0.2790 -0.4225
vn 0.8618 0.2901 -0.4161
vn 0.8689 0.2814 -0.4072
vn 0.8677 0.1987 -0.4557
vn 0.8602 0.2055 -0.4667
vn 0.8660 0.2139 -0.4520
vn 0.2406 -0.1433 0.9600
vn 0.2657 -0.1254 0.9559
vn 0.2526 -0.1140 0.9608
vn 0.5857 -0.1500 0.7965
vn 0.5891 -0.1147 0.7999
vn 0.5679 -0.1276 0.8132
vn 0.9495 -0.2779 -0.1456
vn 0.9430 -0.2901 -0.1630
vn 0.9490 -0.2650 -0.1707
vn 0.8448 -0.1032 0.5250
vn 0.8550 -0.0872 0.5113
vn 0.8392 -0.0844 0.5372
vn 0.4493 0.0612 -0.8913
vn 0.4388 0.0891 -0.8942
vn 0.4536 0.0850 -0.8872
vn 0.9328 -0.2485 -0.2611
vn 0.9267 -0.2694 -0.2620
vn 0.9274 -0.2535 -0.2753
vn 0.8177 -0.4436 -0.3669
vn 0.8140 -0.4359 -0.3840
vn 0.8230 -0.4204 -0.3821
vn 0.2296 -0.2233 0.9473
vn 0.2437 -0.2324 0.9416
vn 0.2517 -0.2220 0.9420
vn 0.7202 0.3950 -0.5703
vn 0.7285 0.3729 -0.5747
vn 0.7167 0.3831 -0.5827
vn 0.2801 -0.3708 -0.8855
vn 0.2520 -0.3657 -0.8959
vn 0.2845 -0.3412 -0.8959
vn 0.9598 -0.2729 0.0660
vn 0.9681 -0.2304 0.0988
vn 0.9605 -0.2607 0.0974
vn 0.6717 -0.2781 -0.6866
vn 0.6634 -0.2964 -0.6870
vn 0.6619 -0.2837 -0.6939
vn 0.8422 0.1100 0.5279
vn 0.8356 0.1354 0.5324
vn 0.8263 0.1247 0.5492
vn 0.9260 -0.1046 -0.3627
vn 0.9196 -0.1061 -0.3783
vn 0.9273 -0.0870 -0.3640
vn 0.9306 -0.2487 -0.2685
vn 0.9324 -0.2642 -0.2466
vn 0.9257 -0.2693 -0.2656
vn 0.9159 -0.3495 -0.1974
vn 0.9171 -0.3511 -0.1888
vn 0.9108 -0.3622 -0.1981
vn 0.9194 -0.3139 -0.2368
vn 0.9246 -0.3073 -0.2253
vn 0.9223 -0.3202 -0.2165
vn 0.9203 -0.3457 -0.1831
vn 0.9196 -0.3376 -0.2012
vn 0.9284 -0.3248 -0.1807
vn 0.8470 -0.3187 -0.4255
vn 0.8538 -0.3166 -0.4132
vn 0.8462 -0.3304 -0.4181
vn 0.9106 -0.3205 -0.2609
vn 0.9179 -0.3121 -0.2452
vn 0.9123 -0.3316 -0.2404
vn 0.9961 -0.0190 -0.0858
vn 0.9976 -0.0305 -0.0617
vn 0.9959 -0.0390 -0.0813
vn 0.8404 0.5013 0.2061
vn 0.8151 0.5290 0.2362
vn 0.8327 0.4965 0.2452
vn 0.9433 0.2505 0.2179
vn 0.9348 0.2418 0.2601
vn 0.9470 0.2113 0.2420
vn 0.1710 -0.0370 0.9846
vn 0.1851 -0.0323 0.9822
vn 0.1649 -0.0201 0.9861
vn 0.8489 -0.0812 0.5223
vn 0.8470 -0.0664 0.5274
vn 0.8412 -0.0764 0.5352
vn 0.7128 -0.1541 -0.6842
vn 0.7159 -0.1389 -0.6843
vn 0.7308 -0.1497 -0.6660
vn 0.9771 0.1320 -0.1669
vn 0.9685 0.1714 -0.1803
vn 0.9643 0.1944 -0.1800
vn 0.9693 0.1834 -0.1637
vn 0.7729 -0.3841 0.5052
vn 0.7567 -0.3833 0.5296
vn 0.7559 -0.3962 0.5212
vn 0.8398 -0.3255 0.4344
vn 0.8496 -0.3127 0.4248
vn 0.8464 -0.3089 0.4337
vn 0.5882 0.3349 -0.7361
vn 0.6077 0.3306 -0.7220
vn 0.5996 0.3152 -0.7356
vn 0.7126 0.1856 -0.6766
vn 0.7031 0.1573 -0.6934
vn 0.6888 0.1805 -0.7022
vn -0.0100 0.6640 -0.7477
vn 0.6435 -0.1534 -0.7499
vn -0.0231 -0.0855 -0.9961
vn 0.6458 0.1717 -0.7439
vn 0.6235 0.1672 -0.7638
vn 0.6284 0.1823 -0.7562
vn 0.6581 0.0267 -0.7524
vn 0.6445 0.0470 -0.7632
vn 0.6662 0.0423 -0.7446
vn -0.0235 -0.4500 -0.8927
vn -0.0046 -0.4707 -0.8823
vn -0.0092 -0.4855 -0.8742
vn 0.3467 -0.2345 -0.9082
vn 0.3678 -0.2244 -0.9024
vn 0.3675 -0.2572 -0.8938
vn 0.4459 -0.1978 -0.8730
vn 0.4161 -0.1879 -0.8897
vn 0.4264 -0.1663 -0.8891
vn 0.8159 -0.1382 0.5615
vn 0.8109 -0.1113 0.5746
vn 0.7958 -0.1306 0.5913
vn 0.1993 0.0404 0.9791
vn 0.1899 0.0242 0.9815
vn 0.2128 0.0029 0.9771
vn 0.0095 -0.5948 0.8038
vn 0.5731 -0.0989 0.8135
vn -0.0422 -0.0133 0.9990
vn 0.4282 0.0528 0.9021
vn 0.4148 0.0742 0.9069
vn 0.4160 0.0513 0.9079
vn 0.5381 0.0817 0.8389
vn 0.5365 0.0949 0.8386
vn 0.5288 0.0843 0.8445
vn 0.4710 0.0622 0.8799
vn 0.4522 0.0558 0.8902
vn 0.4581 0.0441 0.8878
vn 0.8513 -0.3127 -0.4214
vn 0.8544 -0.3209 -0.4087
vn 0.8451 -0.3272 -0.4228
vn 0.4638 0.2067 0.8615
vn 0.4863 0.1997 0.8506
vn 0.4806 0.2122 0.8509
vn 0.3707 -0.2839 -0.8843
vn 0.3773 -0.2703 -0.8858
vn 0.3933 -0.2793 -0.8759
vn 0.1875 -0.1383 0.9725
vn 0.1881 -0.1483 0.9709
vn 0.2083 -0.1382 0.9682
vn 0.8901 0.3367 -0.3072
vn 0.8833 0.3396 -0.3232
vn 0.8800 0.3498 -0.3214
vn 0.8745 0.2856 -0.3921
vn 0.8802 0.2665 -0.3927
vn 0.8714 0.2787 -0.4038
vn 0.4877 0.0955 0.8677
vn 0.5099 0.0931 0.8552
vn 0.5035 0.1091 0.8571
vn 0.3938 0.2502 -0.8845
vn 0.3761 0.2667 -0.8874
vn 0.3955 0.2728 -0.8770
vn 0.9773 0.1909 0.0920
vn 0.9738 0.1914 0.1227
vn 0.9834 0.1556 0.0937
vn 0.9934 0.1104 0.0320
vn 0.9903 0.1343 0.0359
vn 0.9917 0.1085 0.0693
vn 0.9666 -0.1673 -0.1944
vn 0.9620 -0.1889 -0.1972
vn 0.9594 -0.1790 -0.2178
vn 0.7666 0.2477 -0.5924
vn 0.7754 0.2218 -0.5913
vn 0.7621 0.2335 -0.6039
vn 0.5445 0.0823 -0.8347
vn 0.5551 0.0666 -0.8291
vn 0.5402 0.0628 -0.8392
vn 0.5569 0.0803 -0.8267
vn 0.5597 0.0568 -0.8268
vn 0.5409 0.0631 -0.8387
vn 0.8388 0.3165 -0.4430
vn 0.8403 0.3227 -0.4357
vn 0.8422 0.3117 -0.4399
vn 0.3564 0.2671 -0.8953
vn 0.3266 0.2507 -0.9113
vn 0.3329 0.2827 -0.8996
vn 0.3658 -0.1439 0.9195
vn 0.3389 -0.1321 0.9315
vn 0.3470 -0.1625 0.9237
vn 0.3699 -0.1683 0.9137
vn 0.3654 -0.1497 0.9187
vn 0.3554 -0.1699 0.9191
vn 0.6770 -0.1414 0.7223
vn 0.6930 -0.1299 0.7091
vn 0.6844 -0.1152 0.7200
vn 0.6720 -0.5060 -0.5407
vn 0.6934 -0.4973 -0.5214
vn 0.6791 -0.5223 -0.5157
vn 0.1801 -0.0343 0.9831
vn 0.1607 -0.0421 0.9861
vn 0.1661 -0.0648 0.9840
vn 0.9395 -0.0268 0.3416
vn 0.9539 -0.0167 0.2998
vn 0.9496 0.0031 0.3133
vn 0.8672 -0.0690 -0.4932
vn 0.8599 -0.0545 -0.5075
vn 0.8705 -0.0440 -0.4902
vn 0.2719 -0.1155 0.9554
vn 0.2756 -0.0955 0.9565
vn 0.2543 -0.1062 0.9613
vn 0.9448 0.0201 0.3270
vn 0.9504 -0.0057 0.3108
vn 0.9506 0.0162 0.3101
vn -0.0622 0.3134 -0.9476
vn 0.4854 0.0143 -0.8742
vn -0.0889 -0.4435 -0.8919
vn 0.1893 -0.1919 -0.9630
vn 0.2133 -0.1892 -0.9585
vn 0.2074 -0.2085 -0.9558
vn 0.3938 -0.2816 -0.8750
vn 0.4066 -0.2836 -0.8685
vn 0.3958 -0.3028 -0.8670
vn 0.8886 0.2561 -0.3806
vn 0.8882 0.2481 -0.3867
vn 0.8841 0.2512 -0.3940
vn 0.0157 -0.4309 -0.9023
vn -0.0007 -0.4197 -0.9077
vn 0.0151 -0.4082 -0.9128
vn 0.1699 0.0127 0.9854
vn 0.1765 0.0336 0.9837
vn 0.1610 0.0250 0.9866
vn 0.0393 -0.6895 0.7232
vn 0.6173 -0.3064 0.7246
vn 0.0449 0.0451 0.9980
vn 0.0427 0.0254 0.9988
vn 0.4520 -0.0317 0.8914
vn 0.4463 -0.0464 0.8937
vn 0.4676 -0.0523 0.8824
vn 0.9314 -0.2932 -0.2155
vn 0.9237 -0.3112 -0.2236
vn 0.9274 -0.2925 -0.2333
vn 0.8261 0.2966 0.4790
vn 0.8230 0.3154 0.4723
vn 0.8143 0.3053 0.4936
vn 0.9346 0.0658 0.3495
vn 0.9240 0.0717 0.3756
vn 0.9269 0.0514 0.3719
vn 0.8847 0.0509 0.4634
vn 0.8812 0.0299 0.4719
vn 0.8947 0.0181 0.4464
vn 0.7174 -0.0629 0.6938
vn 0.7366 -0.0617 0.6735
vn 0.7133 -0.0243 0.7004
vn 0.7731 0.1127 0.6242
vn 0.7593 0.0815 0.6457
vn 0.7843 0.0841 0.6147
vn 0.9494 -0.2086 0.2346
vn 0.9553 -0.2073 0.2105
vn 0.9562 -0.1904 0.2226
vn 0.1906 -0.3822 0.9042
vn 0.1910 -0.3942 0.8990
vn 0.2013 -0.3829 0.9016
vn 0.7882 0.2222 0.5739
vn 0.8064 0.2198 0.5491
vn 0.7993 0.2371 0.5522
vn 0.8368 0.2862 -0.4668
vn 0.8417 0.2912 -0.4546
vn 0.8495 0.2808 -0.4467
vn 0.8060 0.5916 -0.0209
vn 0.7921 0.6104 0.0059
vn 0.8116 0.5842 0.0087
vn 0.3578 0.2663 -0.8950
vn 0.3443 0.2570 -0.9030
vn 0.3474 0.2782 -0.8955
vn -0.0204 0.3287 -0.9442
vn 0.2951 -0.8659 -0.4040
vn -0.0318 -0.4025 -0.9149
vn 0.5461 -0.4459 -0.7092
vn 0.5663 -0.4528 -0.6886
vn 0.5377 -0.4684 -0.7011
vn 0.2557 -0.2372 -0.9372
vn 0.2049 -0.2407 -0.9487
vn 0.2275 -0.2186 -0.9489
vn 0.7290 0.0835 0.6794
vn 0.7305 0.0712 0.6792
vn 0.7387 0.0814 0.6691
vn 0.5174 -0.3515 -0.7802
vn 0.4983 -0.3593 -0.7891
vn 0.5148 -0.3331 -0.7899
vn 0.4758 -0.4415 -0.7607
vn 0.4641 -0.4284 -0.7753
vn 0.4817 -0.4339 -0.7613
vn 0.8829 0.0250 0.4690
vn 0.8846 -0.0022 0.4664
vn 0.8940 0.0127 0.4480
vn 0.5271 -0.4094 -0.7447
vn 0.5121 -0.4151 -0.7520
vn 0.5232 -0.3893 -0.7581
vn 0.6974 -0.4999 -0.5136
vn 0.7014 -0.4760 -0.5305
vn 0.7160 -0.4758 -0.5108
vn 0.8732 -0.0545 0.4843
vn 0.8768 -0.0355 0.4795
vn 0.8653 -0.0296 0.5004
vn 0.8318 -0.0379 -0.5538
vn 0.8374 -0.0196 -0.5462
vn 0.8438 -0.0360 -0.5354
vn 0.9472 -0.0356 0.3186
vn 0.9493 -0.0611 0.3083
vn 0.9533 -0.0546 0.2971
vn 0.6469 -0.0365 -0.7617
vn 0.6308 -0.0311 -0.7753
vn 0.6422 -0.0119 -0.7665
vn 0.3720 0.0584 -0.9264
vn 0.3634 0.0178 -0.9315
vn 0.3446 0.0491 -0.9375
vn 0.5573 0.0421 -0.8293
vn 0.5809 0.0613 -0.8117
vn 0.5851 0.0391 -0.8100
vn 0.4344 0.0110 -0.9007
vn 0.4054 0.0105 -0.9141
vn 0.4260 0.0395 -0.9039
vn 0.5831 0.0481 -0.8109
vn 0.5719 0.0748 -0.8169
vn 0.5885 0.0626 -0.8061
vn 0.3663 -0.4332 -0.8235
vn 0.3812 -0.4242 -0.8214
vn 0.3738 -0.4400 -0.8165
vn 0.9104 -0.0533 -0.4102
vn 0.9027 -0.0576 -0.4263
vn 0.9046 -0.0421 -0.4242
vn 0.9170 -0.2804 -0.2837
vn 0.9122 -0.2795 -0.2996
vn 0.9184 -0.2646 -0.2943
vn 0.7404 -0.1508 0.6550
vn 0.7559 -0.1557 0.6359
vn 0.7558 -0.1118 0.6452
vn -0.0379 0.2382 -0.9705
vn 0.6235 -0.5346 -0.5705
vn -0.0578 -0.4815 -0.8746
vn 0.8401 -0.4263 -0.3354
vn 0.8391 -0.4165 -0.3499
vn 0.8458 -0.4166 -0.3333
vn 0.4038 -0.2413 -0.8825
vn 0.3889 -0.2764 -0.8789
vn 0.3757 -0.2483 -0.8929
vn 0.7668 -0.5226 0.3727
vn 0.7712 -0.5263 0.3582
vn 0.7759 -0.5192 0.3583
vn 0.0380 0.1328 -0.9904
vn 0.0208 0.1576 -0.9873
vn 0.0537 0.1393 -0.9888
vn 0.6616 -0.2760 -0.6972
vn 0.6534 -0.2750 -0.7053
vn 0.6607 -0.2664 -0.7018
vn 0.4123 -0.3932 -0.8218
vn 0.4319 -0.3478 -0.8322
vn 0.4322 -0.3784 -0.8185
vn 0.2529 -0.2114 0.9441
vn 0.2268 -0.1854 0.9561
vn 0.2241 -0.2151 0.9505
vn 0.4974 0.0042 -0.8675
vn 0.4749 -0.0032 -0.8800
vn 0.4687 0.0156 -0.8832
vn 0.4889 0.0256 -0.8720
vn 0.1820 0.0621 -0.9813
vn 0.1862 0.0886 -0.9785
vn 0.1949 0.0705 -0.9783
vn 0.3263 -0.3897 -0.8612
vn 0.3153 -0.3877 -0.8662
vn 0.3222 -0.3735 -0.8699
vn 0.2634 0.1705 -0.9495
vn 0.2832 0.1795 -0.9421
vn 0.2920 0.1636 -0.9423
vn 0.7765 -0.1349 -0.6155
vn 0.7629 -0.1379 -0.6317
vn 0.7596 -0.1245 -0.6384
vn 0.7722 -0.1172 -0.6245
vn 0.8961 -0.3360 0.2899
vn 0.8935 -0.3332 0.3011
vn 0.8897 -0.3531 0.2894
vn 0.0204 -0.8023 0.5965
vn 0.6308 0.0791 0.7719
vn 0.0039 -0.0902 0.9959
vn 0.2195 -0.2070 0.9534
vn 0.2151 -0.2191 0.9517
vn 0.2319 -0.2165 0.9483
vn 0.6981 0.1697 -0.6957
vn 0.7111 0.1319 -0.6906
vn 0.6850 0.1454 -0.7138
vn 0.4498 -0.0435 -0.8921
vn 0.4307 -0.0644 -0.9002
vn 0.4173 -0.0467 -0.9076
vn 0.9957 -0.0071 -0.0922
vn 0.9970 -0.0129 -0.0757
vn 0.9957 -0.0258 -0.0888
vn 0.8167 -0.2504 0.5199
vn 0.8387 -0.2325 0.4924
vn 0.8122 -0.2450 0.5294
vn 0.3659 -0.0478 0.9294
vn 0.3615 -0.0643 0.9302
vn 0.3745 -0.0606 0.9253
vn 0.3518 -0.0619 0.9340
vn 0.3631 -0.0720 0.9290
vn 0.3660 -0.0634 0.9284
vn 0.7010 -0.4399 -0.5613
vn 0.7016 -0.4575 -0.5463
vn 0.6842 -0.4590 -0.5668
vn 0.6778 -0.4051 -0.6136
vn 0.6625 -0.4229 -0.6183
vn 0.6661 -0.4036 -0.6273
vn 0.9512 -0.3051 -0.0462
vn 0.9454 -0.3213 -0.0552
vn 0.9519 -0.3009 -0.0585
vn 0.4952 0.0543 0.8671
vn 0.4870 0.0314 0.8728
vn 0.5064 0.0331 0.8617
vn 0.6071 0.2123 0.7657
vn 0.6285 0.2084 0.7494
vn 0.6132 0.2370 0.7535
vn 0.7081 0.1737 0.6845
vn 0.7187 0.1934 0.6679
vn 0.6981 0.1915 0.6899
vn 0.7936 -0.0872 0.6022
vn 0.7685 -0.0715 0.6359
vn 0.7856 -0.1139 0.6082
vn 0.0965 0.1633 0.9818
vn 0.1154 0.1687 0.9789
vn 0.0980 0.1947 0.9759
vn 0.2368 0.1159 0.9646
vn 0.2627 0.1248 0.9568
vn 0.2300 0.1302 0.9644
vn 0.9977 0.0661 -0.0122
vn 0.9985 0.0502 -0.0209
vn 0.9970 0.0710 -0.0319
vn 0.7220 0.2326 0.6516
vn 0.7262 0.2127 0.6538
vn 0.7396 0.2184 0.6367
vn 0.6009 0.1777 0.7793
vn 0.6068 0.1951 0.7705
vn 0.5800 0.2078 0.7876
vn 0.8721 -0.1862 0.4526
vn 0.8784 -0.1906 0.4383
vn 0.8836 -0.1708 0.4359
vn 0.8305 0.2974 -0.4709
vn 0.8312 0.3104 -0.4613
vn 0.8347 0.3065 -0.4575
vn 0.6292 -0.4699 0.6191
vn 0.6460 -0.4687 0.6024
vn 0.6466 -0.4419 0.6218
vn 0.9148 0.0960 0.3923
vn 0.9017 0.0943 0.4219
vn 0.9149 0.0754 0.3965
vn 0.7537 0.2266 -0.6170
vn 0.7547 0.2461 -0.6082
vn 0.7654 0.2196 -0.6049
vn 0.9995 0.0328 -0.0040
vn 0.9981 0.0619 0.0056
vn 0.9988 0.0430 0.0244
vn 0.9931 -0.0575 0.1021
vn 0.9962 -0.0364 0.0795
vn 0.9940 -0.0329 0.1047
vn 0.4131 -0.5404 0.7330
vn 0.3969 -0.5308 0.7488
vn 0.3978 -0.5515 0.7332
vn 0.4621 0.2665 -0.8458
vn 0.4427 0.2783 -0.8524
vn 0.4552 0.2880 -0.8425
vn 0.9811 -0.0896 0.1712
vn 0.9868 -0.0711 0.1457
vn 0.9885 -0.0499 0.1427
vn 0.9818 -0.0570 0.1812
vn 0.9327 0.2299 0.2777
vn 0.9392 0.2438 0.2419
vn 0.9282 0.2736 0.2521
vn 0.9268 -0.3087 -0.2137
vn 0.9230 -0.3057 -0.2335
vn 0.9306 -0.2888 -0.2249
vn 0.5630 0.1607 0.8107
vn 0.5877 0.1419 0.7966
vn 0.5805 0.1655 0.7972
vn 0.9902 0.0657 0.1231
vn 0.9872 0.0598 0.1480
vn 0.9901 0.0464 0.1321
vn 0.9706 -0.1115 -0.2133
vn 0.9685 -0.1173 -0.2196
vn 0.9682 -0.1060 -0.2264
vn 0.9708 -0.1876 -0.1496
vn 0.9679 -0.1815 -0.1737
vn 0.9731 -0.1714 -0.1542
vn 0.7048 0.0544 0.7073
vn 0.6965 0.0454 0.7161
vn 0.7084 0.0432 0.7045
vn 0.8807 -0.3122 0.3561
vn 0.8750 -0.3135 0.3688
vn 0.8723 -0.3295 0.3614
vn 0.2918 -0.0428 0.9555
vn 0.2644 -0.0387 0.9636
vn 0.2786 -0.0596 0.9585
vn -0.0156 -0.6243 0.7810
vn 0.4935 0.2341 0.8377
vn -0.0445 -0.0357 0.9984
vn 0.3000 -0.4065 -0.8630
vn 0.3344 -0.4196 -0.8439
vn 0.2974 -0.4212 -0.8568
vn 0.2711 -0.3372 -0.9016
vn 0.3061 -0.3248 -0.8949
vn 0.2813 -0.3582 -0.8902
vn 0.9752 -0.1181 0.1871
vn 0.9803 -0.0912 0.1754
vn 0.9777 -0.0885 0.1905
vn 0.2540 -0.1227 0.9594
vn 0.2580 -0.1231 0.9583
vn 0.2545 -0.1097 0.9608
vn 0.2285 -0.1169 0.9665
vn 0.0148 -0.5320 0.8466
vn 0.6774 0.2024 0.7072
vn -0.0000 0.1184 0.9930
vn 0.0751 -0.7487 0.6586
vn 0.7384 0.1645 0.6540
vn 0.0839 -0.0529 0.9951
vn 0.0999 -0.0731 0.9923
vn 0.4601 -0.2546 -0.8506
vn -0.1795 -0.0262 -0.9834
vn -0.1310 0.6401 -0.7570
vn 0.8803 -0.3343 -0.3366
vn 0.8870 -0.3311 -0.3220
vn 0.8810 -0.3505 -0.3177
vn 0.9493 -0.2784 0.1460
vn 0.9530 -0.2795 0.1167
vn 0.9553 -0.2541 0.1510
vn 0.9064 0.2764 0.3194
vn 0.9008 0.3102 0.3039
vn 0.8921 0.3087 0.3299
vn 0.8928 0.2995 0.3364
vn 0.8776 0.3339 0.3440
vn 0.8748 0.3101 0.3723
vn 0.4753 -0.2551 -0.8420
vn 0.4851 -0.2314 -0.8433
vn 0.5008 -0.2393 -0.8318
vn 0.5237 0.1817 -0.8323
vn 0.5058 0.1710 -0.8456
vn 0.4989 0.2025 -0.8427
vn 0.5068 0.3799 -0.7738
vn 0.4886 0.3795 -0.7857
vn 0.4906 0.3999 -0.7743
vn 0.9006 0.0982 -0.4234
vn 0.9052 0.1166 -0.4087
vn 0.9111 0.0983 -0.4003
vn 0.1836 -0.0393 0.9822
vn 0.1763 -0.0166 0.9842
vn 0.1640 -0.0313 0.9860
vn 0.0756 -0.0559 0.9956
vn 0.0736 -0.0791 0.9941
vn 0.0982 -0.0658 0.9930
vn 0.5675 0.4385 -0.6969
vn 0.5523 0.4275 -0.7157
vn 0.5551 0.4501 -0.6995
vn 0.1492 -0.0244 0.9885
vn 0.1391 -0.0562 0.9887
vn 0.3793 -0.7120 0.5910
vn 0.7602 0.3501 -0.5472
vn 0.7527 0.3455 -0.5604
vn 0.7480 0.3552 -0.5606
vn 0.7595 -0.0423 0.6491
vn 0.7657 -0.0302 0.6425
vn 0.7606 -0.0224 0.6488
vn 0.3952 -0.4435 -0.8044
vn 0.3827 -0.4542 -0.8045
vn 0.3702 -0.4438 -0.8161
vn 0.3315 0.1644 0.9290
vn 0.3232 0.1773 0.9296
vn 0.3141 0.1666 0.9347
vn 0.1121 -0.4970 -0.8605
vn 0.1261 -0.5008 -0.8564
vn 0.1106 -0.5117 -0.8520
vn 0.5880 -0.0447 -0.8076
vn 0.5848 -0.0413 -0.8101
vn 0.5839 -0.0192 -0.8116
vn 0.6053 -0.0337 -0.7953
vn 0.5495 0.1565 0.8207
vn 0.5499 0.1339 0.8244
vn 0.5588 0.1501 0.8156
vn 0.2690 -0.0453 0.9621
vn 0.2879 -0.0554 0.9560
vn 0.2838 -0.0347 0.9583
vn 0.3109 -0.0706 -0.9478
vn 0.2930 -0.0972 -0.9512
vn 0.2920 -0.0799 -0.9531
vn 0.7452 -0.4771 0.4659
vn 0.7449 -0.4704 0.4732
vn 0.7357 -0.4800 0.4778
vn 0.0587 -0.1919 0.9797
vn 0.0733 -0.2021 0.9766
vn 0.0754 -0.1779 0.9812
vn 0.8453 0.3348 -0.4164
vn 0.8413 0.3507 -0.4113
vn 0.8482 0.3426 -0.4039
vn 0.7334 -0.1454 0.6640
vn 0.7478 -0.1350 0.6500
vn 0.7335 -0.1297 0.6672
vn 0.0773 -0.8029 0.5911
vn 0.6358 -0.0361 0.7710
vn 0.0489 -0.2777 0.9594
vn -0.0939 0.6156 -0.7824
vn 0.2661 0.5059 -0.8205
vn -0.1158 -0.0658 -0.9911
vn -0.1464 -0.0617 -0.9873
vn 0.7163 -0.1018 0.6903
vn 0.7204 -0.0806 0.6888
vn 0.7087 -0.0972 0.6988
vn 0.3455 0.1736 0.9222
vn 0.3554 0.1665 0.9198
vn 0.3534 0.1813 0.9177
vn 0.9453 -0.0026 0.3262
vn 0.9517 0.0112 0.3068
vn 0.9471 0.0183 0.3203
vn 0.3136 -0.8993 -0.3048
vn -0.0442 -0.5125 -0.8575
vn -0.0279 0.2079 -0.9777
vn 0.1540 -0.3494 -0.9243
vn 0.1633 -0.3591 -0.9189
vn 0.1470 -0.3643 -0.9196
vn 0.1603 -0.6771 -0.7182
vn 0.1792 -0.6751 -0.7156
vn 0.1519 -0.6985 -0.6993
vn 0.7429 -0.1254 0.6575
vn 0.7321 -0.1327 0.6682
vn 0.7407 -0.1503 0.6548
vn 0.7542 -0.1733 0.6333
vn 0.7422 -0.1618 0.6504
vn 0.7425 -0.1812 0.6449
vn 0.9440 0.1617 0.2877
vn 0.9494 0.1686 0.2650
vn 0.9424 0.1872 0.2771
vn 0.5748 -0.2340 0.7842
vn 0.5716 -0.1949 0.7970
vn 0.5596 -0.2346 0.7949
vn 0.8400 -0.0569 0.5397
vn 0.8334 -0.0782 0.5471
vn 0.8433 -0.0807 0.5313
vn 0.0979 -0.0676 0.9929
vn 0.0958 -0.0881 0.9915
vn 0.1201 -0.0792 0.9896
vn 0.6083 0.2023 0.7675
vn 0.6138 0.1774 0.7693
vn 0.6286 0.1930 0.7534
vn 0.5269 -0.0927 0.8448
vn 0.5453 -0.0713 0.8352
vn 0.5275 -0.0654 0.8470
vn 0.9313 0.3608 -0.0491
vn 0.9360 0.3511 -0.0261
vn 0.9439 0.3261 -0.0521
vn 0.5414 -0.4252 0.7253
vn 0.5615 -0.4376 0.7022
vn 0.5587 -0.4099 0.7210
vn 0.7599 -0.0489 0.6482
vn 0.7348 -0.0523 0.6762
vn 0.7386 -0.0720 0.6702
vn 0.8611 -0.0419 0.5067
vn 0.8647 -0.0222 0.5019
vn 0.8571 -0.0183 0.5147
vn 0.6177 0.1217 0.7770
vn 0.6321 0.1310 0.7638
vn 0.6138 0.1410 0.7768
vn 0.3507 -0.4041 -0.8448
vn 0.3400 -0.3956 -0.8532
vn 0.3514 -0.3894 -0.8514
vn 0.9550 -0.0465 0.2931
vn 0.9543 -0.0236 0.2978
vn 0.9457 -0.0372 0.3230
vn -0.0202 0.1061 -0.9942
vn -0.0153 0.7682 -0.6400
vn 0.5144 -0.3963 -0.7605
vn -0.1375 0.0882 -0.9866
vn -0.1017 0.7023 -0.7046
vn 0.2915 -0.5082 -0.8104
vn 0.0091 0.1851 -0.9827
vn 0.0022 0.8054 -0.5928
vn 0.6661 -0.1031 -0.7387
vn 0.0034 0.1718 -0.9851
vn -0.0128 -0.0615 0.9980
vn -0.0026 -0.6713 0.7412
vn 0.5077 -0.4084 0.7586
vn -0.0083 -0.0338 0.9994
vn -0.0313 -0.2113 0.9769
vn -0.0137 -0.8000 0.5998
vn 0.5583 0.1796 0.8099
vn 0.0645 -0.0168 0.9978
vn 0.0458 -0.0361 0.9983
vn 0.0446 -0.7204 0.6921
vn 0.3942 -0.6093 0.6880
vn 0.0340 -0.0675 0.9971
vn 0.0356 -0.0866 0.9956
vn 0.0333 -0.7491 0.6616
vn 0.6578 -0.3511 0.6663
vn -0.0796 -0.4540 -0.8874
vn -0.0527 0.2314 -0.9714
vn 0.5477 -0.0654 -0.8341
vn -0.0691 -0.4730 -0.8784
vn 0.0305 0.0246 0.9992
vn 0.0338 -0.6475 0.7613
vn 0.5786 -0.3860 0.7185
vn 0.0370 0.0525 0.9979
vn 0.0278 0.0266 0.9993
vn 0.0371 -0.6683 0.7430
vn 0.6554 -0.1370 0.7428
vn -0.0376 -0.0701 0.9968
vn -0.0143 -0.7265 0.6870
vn 0.5969 -0.1811 0.7816
vn 0.0413 0.0827 0.9957
vn 0.0509 -0.5733 0.8177
vn 0.6348 0.4932 0.5948
vn 0.0163 0.1459 -0.9892
vn 0.0089 0.7991 -0.6011
vn 0.6880 0.3030 -0.6594
vn 0.0165 0.1268 -0.9918
vn 0.0556 0.0340 -0.9979
vn 0.0479 0.0252 -0.9985
vn 0.0358 0.0401 -0.9986
vn 0.0309 0.7331 -0.6795
vn 0.1591 0.7322 -0.6623
vn -0.0235 -0.3985 -0.9169
vn -0.0198 0.3443 -0.9387
vn 0.6685 -0.3936 -0.6311
vn -0.0328 -0.4202 -0.9068
vn -0.0196 -0.3314 0.9433
vn 0.0004 -0.8658 0.5005
vn 0.6454 -0.1938 0.7389
vn -0.2261 -0.6538 -0.7221
vn -0.1064 0.7656 -0.6345
vn 0.5342 0.0584 -0.8433
vn -0.0563 -0.0106 0.9984
vn -0.0325 -0.5747 0.8177
vn 0.2006 0.6696 0.7151
vn -0.4720 -0.4497 0.7582
vn 0.0580 -0.0893 0.9943
vn 0.0324 0.5496 0.8348
vn -0.9234 -0.3379 0.1820
vn -0.9215 -0.3292 0.2063
vn -0.9294 -0.3168 0.1893
vn -0.1168 -0.3126 0.9427
vn -0.1201 -0.3298 0.9364
vn -0.1053 -0.3226 0.9406
vn -0.7843 -0.0922 -0.6135
vn -0.7975 -0.0868 -0.5971
vn -0.7863 -0.0751 -0.6133
vn -0.7497 0.0830 0.6566
vn -0.7364 0.1278 0.6644
vn -0.7502 0.1218 0.6499
vn -0.9401 0.2588 -0.2221
vn -0.9477 0.2477 -0.2011
vn -0.9446 0.2638 -0.1954
vn -0.9946 -0.0938 -0.0442
vn -0.9952 -0.0930 -0.0307
vn -0.9961 -0.0844 -0.0276
vn -0.6072 -0.0959 0.7887
vn -0.6202 -0.1115 0.7765
vn -0.6092 -0.1159 0.7845
vn -0.9341 0.3475 0.0821
vn -0.9279 0.3492 0.1307
vn -0.9208 0.3743 0.1094
vn -0.6134 -0.1956 -0.7652
vn -0.6061 -0.1832 -0.7740
vn -0.6053 -0.2030 -0.7697
vn -0.9294 -0.2908 -0.2274
vn -0.9247 -0.2908 -0.2458
vn -0.9233 -0.3063 -0.2316
vn -0.9845 -0.1564 -0.0792
vn -0.9808 -0.1774 -0.0807
vn -0.9827 -0.1730 -0.0655
vn -0.9385 -0.1152 -0.3254
vn -0.9383 -0.1321 -0.3197
vn -0.9433 -0.1202 -0.3093
vn -0.9363 0.3033 0.1771
vn -0.9229 0.3181 0.2170
vn -0.9228 0.3370 0.1865
vn -0.9578 -0.2765 0.0785
vn -0.9648 -0.2518 0.0763
vn -0.9618 -0.2688 0.0509
vn -0.4976 0.0448 -0.8662
vn -0.4777 0.0552 -0.8768
vn -0.4815 0.0322 -0.8758
vn -0.6090 -0.1214 0.7839
vn 0.0081 -0.3720 0.9282
vn 0.0025 -0.3586 0.9335
vn -0.0033 0.3158 0.9488
vn -0.2210 0.0649 -0.9731
vn -0.2322 0.0408 -0.9718
vn -0.2677 0.0498 -0.9622
vn -0.6139 0.0297 0.7889
vn -0.5953 0.0319 0.8029
vn -0.6058 0.0544 0.7938
vn -0.4202 0.0294 -0.9070
vn -0.4363 0.0545 -0.8982
vn -0.4026 0.0518 -0.9139
vn -0.6727 -0.3425 -0.6558
vn 0.0245 -0.3138 -0.9492
vn 0.0400 -0.3384 -0.9401
vn 0.0149 -0.8670 -0.4981
vn -0.7250 0.0798 -0.6841
vn -0.7391 0.1026 -0.6658
vn -0.7187 0.1012 -0.6879
vn 0.0826 -0.4740 -0.8766
vn 0.0671 -0.4595 -0.8857
vn 0.0834 -0.4591 -0.8845
vn -0.8204 0.5648 -0.0892
vn -0.8171 0.5720 -0.0715
vn -0.8029 0.5895 -0.0886
vn -0.8990 0.0816 0.4304
vn -0.9025 0.0985 0.4192
vn -0.9062 0.0829 0.4147
vn -0.9273 0.1098 0.3579
vn -0.9228 0.1221 0.3653
vn -0.9278 0.1337 0.3482
vn -0.8627 -0.4129 -0.2919
vn -0.8659 -0.4010 -0.2991
vn -0.8556 -0.4181 -0.3053
vn -0.9370 0.2502 -0.2436
vn -0.9438 0.2243 -0.2426
vn -0.9413 0.2494 -0.2275
vn -0.9622 0.2086 -0.1753
vn -0.9624 0.1882 -0.1957
vn -0.9654 0.1982 -0.1693
vn -0.6657 -0.0185 0.7460
vn -0.6519 -0.0003 0.7583
vn -0.6736 0.0049 0.7391
vn -0.8352 0.3035 0.4587
vn -0.8490 0.2846 0.4452
vn -0.8392 0.2822 0.4649
vn -0.8877 -0.0333 0.4593
vn -0.8808 -0.0488 0.4710
vn -0.8770 -0.0267 0.4797
vn -0.9919 0.1153 0.0534
vn -0.9956 0.0896 0.0270
vn -0.9960 0.0676 0.0584
vn -0.8182 0.1763 0.5473
vn -0.8123 0.1608 0.5606
vn -0.8005 0.1805 0.5715
vn -0.9187 -0.3530 -0.1772
vn -0.9109 -0.3682 -0.1863
vn -0.9190 -0.3579 -0.1656
vn -0.8138 0.1659 0.5570
vn -0.7863 0.1662 0.5950
vn -0.7905 0.1800 0.5854
vn -0.9149 0.3810 -0.1333
vn -0.9261 0.3426 -0.1580
vn -0.9253 0.3580 -0.1251
vn -0.7951 0.1753 0.5805
vn -0.8062 0.1563 0.5706
vn -0.7978 0.1507 0.5838
vn -0.4820 0.1467 0.8638
vn -0.4683 0.1298 0.8740
vn -0.4594 0.1556 0.8745
vn -0.1737 -0.3368 -0.9254
vn -0.1973 -0.3479 -0.9166
vn -0.2051 -0.3349 -0.9196
vn 0.0741 0.4766 0.8760
vn -0.4181 -0.4518 0.7881
vn 0.0877 -0.1135 0.9897
vn -0.8537 -0.3793 -0.3568
vn -0.8449 -0.3873 -0.3689
vn -0.8466 -0.4000 -0.3510
vn -0.2696 -0.1165 0.9559
vn -0.2920 -0.1163 0.9493
vn -0.2896 -0.1282 0.9485
vn -0.9833 -0.1613 -0.0845
vn -0.9858 -0.1431 -0.0884
vn -0.9810 -0.1677 -0.0979
vn -0.8236 -0.3939 -0.4080
vn -0.8340 -0.3768 -0.4031
vn -0.8272 -0.3742 -0.4191
vn -0.8646 -0.2207 0.4514
vn -0.8711 -0.2013 0.4479
vn -0.8767 -0.2079 0.4338
vn -0.8644 -0.0932 0.4940
vn -0.8629 -0.1070 0.4940
vn -0.8528 -0.0967 0.5132
vn -0.2434 -0.0761 0.9669
vn -0.2628 -0.0855 0.9611
vn -0.2416 -0.0972 0.9655
vn -0.0838 -0.4112 -0.9077
vn -0.0778 -0.4230 -0.9028
vn -0.0930 -0.4273 -0.8993
vn -0.8412 0.3070 0.4452
vn -0.8557 0.3010 0.4209
vn -0.8526 0.2800 0.4413
vn -0.9942 -0.0136 0.1070
vn -0.9940 -0.0333 0.1046
vn -0.9908 -0.0347 0.1305
vn -0.8913 0.2711 -0.3634
vn -0.8873 0.2768 -0.3688
vn -0.8932 0.2570 -0.3689
vn -0.9396 -0.2034 -0.2754
vn -0.9355 -0.2000 -0.2913
vn -0.9323 -0.2173 -0.2893
vn -0.1123 -0.0889 0.9897
vn -0.0896 -0.0791 0.9928
vn -0.0999 -0.0697 0.9926
vn -0.6821 0.3179 -0.6586
vn -0.6731 0.3107 -0.6711
vn -0.6890 0.2962 -0.6615
vn -0.9524 -0.0014 0.3049
vn -0.9504 -0.0194 0.3104
vn -0.9459 0.0170 0.3241
vn -0.0648 0.0266 0.9975
vn -0.0873 0.0356 0.9955
vn -0.0819 0.0064 0.9966
vn -0.0192 -0.0180 0.9997
vn -0.0370 -0.0383 0.9986
vn -0.0171 -0.0567 0.9982
vn -0.9910 0.0657 -0.1168
vn -0.9852 0.0743 -0.1542
vn -0.9903 0.0414 -0.1323
vn 0.0311 0.5131 0.8577
vn -0.2990 -0.6623 0.6870
vn 0.0633 -0.0813 0.9947
vn -0.8069 -0.4456 -0.3878
vn -0.8160 -0.4410 -0.3738
vn -0.8106 -0.4324 -0.3949
vn -0.9427 -0.0052 0.3335
vn -0.9471 -0.0015 0.3210
vn -0.9447 -0.0201 0.3273
vn -0.9296 -0.2242 -0.2927
vn -0.9284 -0.2336 -0.2888
vn -0.9343 -0.2231 -0.2780
vn 0.0842 -0.4661 -0.8807
vn 0.0693 -0.4710 -0.8794
vn 0.0707 -0.4498 -0.8903
vn -0.9974 -0.0697 -0.0178
vn -0.9938 -0.1100 -0.0165
vn -0.9960 -0.0889 0.0048
vn -0.8671 -0.0473 0.4959
vn -0.8530 -0.0347 0.5208
vn -0.8617 -0.0254 0.5067
vn -0.9803 -0.1520 0.1264
vn -0.9764 -0.1623 0.1423
vn -0.9785 -0.1418 0.1496
vn -0.8815 -0.2146 0.4205
vn -0.8933 -0.1903 0.4072
vn -0.8890 -0.2156 0.4040
vn -0.8745 -0.0925 0.4760
vn -0.8706 -0.0676 0.4873
vn -0.8824 -0.0644 0.4660
vn -0.9197 -0.1614 0.3580
vn -0.9041 -0.1600 0.3962
vn -0.9166 -0.1397 0.3745
vn -0.9149 0.0942 0.3925
vn -0.9234 0.0957 0.3718
vn -0.9243 0.0835 0.3725
vn -0.8176 0.2761 0.5052
vn -0.8298 0.2662 0.4905
vn -0.8282 0.2405 0.5062
vn -0.9152 -0.0442 0.4006
vn -0.9066 -0.0402 0.4201
vn -0.9111 -0.0144 0.4120
vn -0.8446 0.3290 -0.4225
vn -0.8500 0.3214 -0.4173
vn -0.8517 0.3301 -0.4069
vn -0.3729 -0.1174 0.9204
vn -0.3630 -0.0959 0.9268
vn -0.3762 -0.0944 0.9217
vn -0.2422 -0.0718 0.9676
vn -0.2536 -0.0515 0.9659
vn -0.2628 -0.0578 0.9631
vn -0.8978 -0.4387 0.0387
vn -0.8989 -0.4376 0.0199
vn -0.8891 -0.4565 0.0342
vn -0.7475 -0.2304 -0.6230
vn -0.7439 -0.2259 -0.6289
vn -0.7392 -0.2369 -0.6304
vn -0.7500 -0.2408 -0.6161
vn -0.9069 0.2123 -0.3640
vn -0.9111 0.1984 -0.3613
vn -0.9127 0.2105 -0.3503
vn -0.3367 -0.3322 -0.8811
vn -0.3277 -0.3279 -0.8860
vn -0.3239 -0.3360 -0.8844
vn -0.5309 0.4121 -0.7405
vn -0.5422 0.4220 -0.7266
vn -0.5234 0.4314 -0.7348
vn -0.8535 -0.4146 0.3156
vn -0.8633 -0.3998 0.3081
vn -0.8640 -0.4093 0.2932
vn -0.5347 0.2407 -0.8101
vn -0.5418 0.2630 -0.7983
vn -0.5261 0.2606 -0.8095
vn -0.6539 0.1764 -0.7357
vn -0.6741 0.1827 -0.7157
vn -0.6564 0.2002 -0.7274
vn -0.9682 0.2249 0.1095
vn -0.9703 0.2034 0.1309
vn -0.9642 0.2311 0.1301
vn -0.6026 -0.0601 0.7957
vn -0.5951 -0.0518 0.8020
vn -0.6020 -0.0433 0.7973
vn -0.9552 -0.2733 0.1135
vn -0.9490 -0.2833 0.1386
vn -0.9563 -0.2572 0.1394
vn -0.9631 -0.2492 0.1016
vn -0.8757 -0.3496 -0.3331
vn -0.8710 -0.3439 -0.3510
vn -0.8637 -0.3635 -0.3491
vn -0.8917 0.0650 0.4480
vn -0.8957 0.0473 0.4421
vn -0.8863 0.0500 0.4604
vn -0.6301 -0.0053 0.7765
vn -0.6286 0.0068 0.7777
vn -0.6370 0.0060 0.7709
vn -0.3773 -0.2899 -0.8795
vn -0.3967 -0.2970 -0.8686
vn -0.3984 -0.2833 -0.8724
vn -0.6593 0.4052 0.6334
vn -0.6549 0.4342 0.6186
vn -0.6710 0.4192 0.6116
vn -0.9364 -0.1335 -0.3245
vn -0.9369 -0.1169 -0.3295
vn -0.9322 -0.1327 -0.3368
vn -0.1682 -0.0367 0.9851
vn -0.1610 -0.0284 0.9866
vn -0.1761 -0.0215 0.9841
vn -0.2091 0.0828 -0.9744
vn -0.2230 0.0773 -0.9718
vn -0.2439 0.0983 -0.9648
vn -0.6818 -0.4658 -0.5641
vn 0.0165 -0.4654 -0.8849
vn 0.0097 -0.4857 -0.8741
vn 0.0098 -0.9539 -0.2999
vn -0.3206 -0.8947 -0.3108
vn 0.0139 -0.4932 -0.8698
vn 0.0290 -0.5034 -0.8636
vn 0.0142 -0.9649 -0.2623
vn -0.9954 -0.0137 -0.0947
vn -0.9968 -0.0186 -0.0775
vn -0.9972 -0.0046 -0.0743
vn -0.1626 -0.1315 0.9779
vn -0.1744 -0.1309 0.9759
vn -0.1680 -0.1419 0.9755
vn -0.3988 -0.1186 -0.9093
vn -0.4257 -0.1180 -0.8971
vn -0.4174 -0.0921 -0.9040
vn -0.8831 -0.0551 0.4659
vn -0.8807 -0.0757 0.4676
vn -0.8749 -0.0542 0.4813
vn -0.9900 0.0186 0.1399
vn -0.9868 0.0150 0.1613
vn -0.9873 0.0325 0.1557
vn -0.0870 -0.4248 -0.9011
vn -0.0955 -0.4103 -0.9069
vn -0.0762 -0.4164 -0.9060
vn -0.9508 -0.2929 -0.1012
vn -0.9512 -0.2849 -0.1181
vn -0.9451 -0.3036 -0.1210
vn -0.4720 -0.5423 -0.6950
vn -0.4439 -0.5522 -0.7057
vn -0.4473 -0.5727 -0.6869
vn -0.8638 -0.2331 -0.4466
vn -0.8703 -0.2149 -0.4431
vn -0.8557 -0.2296 -0.4638
vn -0.8503 0.0824 0.5198
vn -0.8598 0.0812 0.5042
vn -0.8598 0.0427 0.5089
vn -0.7137 0.1456 -0.6852
vn -0.7288 0.1461 -0.6690
vn -0.7139 0.1666 -0.6802
vn -0.8680 0.4610 0.1846
vn -0.8777 0.4584 0.1399
vn -0.8836 0.4352 0.1728
vn -0.8981 -0.0806 -0.4323
vn -0.8917 -0.0833 -0.4449
vn -0.8976 -0.0960 -0.4301
vn -0.5495 -0.1113 0.8280
vn -0.5545 -0.1286 0.8222
vn -0.5358 -0.1267 0.8348
vn -0.5945 -0.2038 0.7778
vn -0.6197 -0.1926 0.7608
vn -0.6031 -0.2198 0.7668
vn -0.7112 0.0156 0.7028
vn -0.7028 0.0453 0.7099
vn -0.7138 0.0380 0.6993
vn -0.1511 -0.4210 -0.8944
vn -0.1649 -0.4240 -0.8905
vn -0.1567 -0.4039 -0.9013
vn -0.6606 -0.2406 -0.7111
vn -0.6522 -0.2444 -0.7176
vn -0.6599 -0.2637 -0.7035
vn -0.1310 -0.2984 0.9454
vn -0.1115 -0.3087 0.9446
vn -0.1105 -0.2945 0.9493
vn -0.2257 -0.2672 -0.9368
vn -0.2464 -0.2492 -0.9366
vn -0.2298 -0.2340 -0.9447
vn -0.8887 0.3393 -0.3084
vn -0.8827 0.3286 -0.3359
vn -0.8922 0.3279 -0.3106
vn -0.6855 -0.0340 0.7272
vn -0.6909 -0.0589 0.7206
vn -0.6728 -0.0461 0.7383
vn -0.6057 -0.2320 0.7611
vn -0.6080 -0.2028 0.7676
vn -0.6288 -0.2084 0.7491
vn -0.2838 -0.0793 0.9556
vn -0.3016 -0.0809 0.9500
vn -0.2908 -0.0948 0.9521
vn -0.5652 -0.3183 0.7611
vn -0.5987 -0.2937 0.7452
vn -0.5805 -0.3318 0.7436
vn -0.6471 -0.0329 0.7617
vn -0.6644 -0.0246 0.7470
vn -0.6652 -0.0433 0.7454
vn -0.5868 0.1088 0.8024
vn -0.0311 -0.1806 0.9831
vn -0.0332 -0.1567 0.9871
vn -0.0255 0.4822 0.8757
vn -0.7536 -0.5145 0.4091
vn -0.7709 -0.4995 0.3953
vn -0.7514 -0.5306 0.3923
vn -0.4778 -0.0601 0.8764
vn -0.4667 -0.0365 0.8837
vn -0.4869 -0.0443 0.8723
vn -0.9123 -0.3299 -0.2425
vn -0.9147 -0.3133 -0.2551
vn -0.9060 -0.3336 -0.2605
vn -0.7043 0.1275 -0.6983
vn -0.6851 0.1267 -0.7173
vn -0.7031 0.1059 -0.7032
vn -0.6025 0.2690 -0.7514
vn -0.5853 0.2935 -0.7558
vn -0.5734 0.2713 -0.7730
vn -0.6379 0.0170 -0.7699
vn -0.6376 0.0573 -0.7682
vn -0.6212 0.0392 -0.7827
vn -0.1729 -0.4451 -0.8786
vn -0.1830 -0.4586 -0.8696
vn -0.1886 -0.4464 -0.8748
vn -0.1646 -0.3414 -0.9254
vn -0.1613 -0.3697 -0.9151
vn -0.1782 -0.3624 -0.9148
vn -0.8719 -0.0561 -0.4865
vn -0.8761 -0.0388 -0.4805
vn -0.8683 -0.0398 -0.4944
vn -0.3162 -0.4596 0.8299
vn -0.2856 -0.4677 0.8365
vn -0.3021 -0.4397 0.8458
vn -0.3658 -0.4075 0.8367
vn -0.3595 -0.4263 0.8301
vn -0.3487 -0.4110 0.8423
vn -0.2624 -0.3787 0.8875
vn -0.2410 -0.3823 0.8921
vn -0.2556 -0.3695 0.8934
vn -0.6001 -0.5070 0.6188
vn -0.5768 -0.4993 0.6465
vn -0.6074 -0.4848 0.6294
vn -0.5872 -0.5155 0.6241
vn -0.5807 -0.4940 0.6471
vn -0.6024 -0.5006 0.6217
vn -0.8401 0.0249 -0.5419
vn -0.8478 0.0222 -0.5298
vn -0.8520 0.0345 -0.5225
vn -0.8396 0.0415 -0.5417
vn -0.2567 -0.1010 0.9612
vn -0.2799 -0.0913 0.9557
vn -0.2796 -0.1121 0.9536
vn -0.3502 -0.3672 -0.8617
vn -0.3646 -0.3609 -0.8583
vn -0.3503 -0.3575 -0.8657
vn -0.1592 -0.0359 0.9866
vn -0.1615 -0.0269 0.9865
vn -0.1696 -0.0359 0.9849
vn -0.9128 -0.3372 -0.2302
vn -0.9194 -0.3272 -0.2183
vn -0.9175 -0.3179 -0.2388
vn -0.9798 -0.0964 0.1749
vn -0.9777 -0.1131 0.1771
vn -0.9760 -0.1053 0.1905
vn 0.2360 -0.2322 -0.9436
vn 0.2399 -0.2499 -0.9381
vn 0.2201 -0.2506 -0.9427
vn -0.3521 0.1564 0.9228
vn -0.3441 0.1447 0.9277
vn -0.3414 0.1584 0.9265
vn -0.9285 -0.0633 0.3659
vn -0.9238 -0.0899 0.3722
vn -0.9151 -0.0771 0.3958
vn -0.7753 0.2110 -0.5953
vn -0.7596 0.2236 -0.6107
vn -0.7625 0.2067 -0.6131
vn -0.9465 -0.0634 0.3163
vn -0.9525 -0.0378 0.3021
vn -0.9568 -0.0529 0.2859
vn -0.9786 0.0630 0.1956
vn -0.9743 0.0776 0.2116
vn -0.9761 0.0933 0.1962
vn -0.7621 0.0588 -0.6447
vn -0.7721 0.0772 -0.6308
vn -0.7591 0.0732 -0.6469
vn -0.8981 0.0710 0.4340
vn -0.9088 0.0763 0.4102
vn -0.9056 0.0538 0.4206
vn -0.8791 -0.2157 0.4250
vn -0.8857 -0.2279 0.4045
vn -0.8760 -0.2399 0.4185
vn -0.9359 0.0497 0.3489
vn -0.9249 0.0504 0.3768
vn -0.9305 0.0682 0.3600
vn -0.7498 0.1989 0.6311
vn -0.7539 0.1798 0.6319
vn -0.7398 0.1872 0.6462
vn -0.8660 0.2664 -0.4232
vn -0.8719 0.2696 -0.4088
vn -0.8662 0.2798 -0.4141
vn -0.8688 0.1870 -0.4584
vn -0.8689 0.2017 -0.4521
vn -0.8618 0.1960 -0.4678
vn -0.2432 -0.1531 0.9578
vn -0.2404 -0.1195 0.9633
vn -0.2569 -0.1306 0.9576
vn -0.6228 -0.1429 0.7692
vn -0.5953 -0.1356 0.7919
vn -0.6133 -0.1145 0.7815
vn -0.9466 -0.2870 -0.1470
vn -0.9473 -0.2735 -0.1667
vn -0.9392 -0.2972 -0.1720
vn -0.8424 -0.1126 0.5270
vn -0.8429 -0.0892 0.5306
vn -0.8546 -0.1045 0.5086
vn -0.4497 0.0555 -0.8914
vn -0.4530 0.0796 -0.8879
vn -0.4366 0.0773 -0.8963
vn -0.9294 -0.2614 -0.2605
vn -0.9215 -0.2714 -0.2780
vn -0.9222 -0.2815 -0.2650
vn -0.8095 -0.4559 -0.3700
vn -0.8186 -0.4312 -0.3794
vn -0.8078 -0.4463 -0.3852
vn -0.2295 -0.2197 0.9482
vn -0.2473 -0.2239 0.9427
vn -0.2405 -0.2352 0.9417
vn -0.7229 0.3869 -0.5725
vn -0.7201 0.3748 -0.5839
vn -0.7327 0.3644 -0.5748
vn -0.2723 -0.3752 -0.8860
vn -0.2778 -0.3444 -0.8968
vn -0.2459 -0.3657 -0.8977
vn -0.9558 -0.2854 0.0705
vn -0.9506 -0.2910 0.1080
vn -0.9650 -0.2429 0.0984
vn -0.6687 -0.2845 -0.6870
vn -0.6536 -0.2880 -0.6999
vn -0.6582 -0.3048 -0.6884
vn -0.8450 0.0977 0.5258
vn -0.8302 0.1116 0.5462
vn -0.8405 0.1230 0.5276
vn -0.9240 -0.1165 -0.3642
vn -0.9220 -0.0980 -0.3747
vn -0.9176 -0.1160 -0.3802
vn -0.9278 -0.2596 -0.2680
vn -0.9215 -0.2796 -0.2694
vn -0.9306 -0.2692 -0.2480
vn -0.9102 -0.3626 -0.2000
vn -0.9062 -0.3747 -0.1961
vn -0.9119 -0.3640 -0.1897
vn -0.9145 -0.3274 -0.2376
vn -0.9164 -0.3341 -0.2204
vn -0.9205 -0.3197 -0.2247
vn -0.9171 -0.3556 -0.1802
vn -0.9240 -0.3356 -0.1834
vn -0.9172 -0.3423 -0.2037
vn -0.8429 -0.3283 -0.4264
vn -0.8408 -0.3410 -0.4204
vn -0.8487 -0.3301 -0.4133
vn -0.9052 -0.3343 -0.2623
vn -0.9090 -0.3411 -0.2398
vn -0.9139 -0.3254 -0.2428
vn -0.9965 -0.0271 -0.0785
vn -0.9952 -0.0511 -0.0833
vn -0.9969 -0.0462 -0.0636
vn -0.8457 0.4933 0.2038
vn -0.8344 0.4927 0.2470
vn -0.8229 0.5199 0.2295
vn -0.9449 0.2433 0.2189
vn -0.9506 0.1997 0.2375
vn -0.9372 0.2371 0.2557
vn -0.1683 -0.0362 0.9851
vn -0.1679 -0.0174 0.9857
vn -0.1822 -0.0232 0.9830
vn -0.8492 -0.0914 0.5202
vn -0.8419 -0.0888 0.5322
vn -0.8470 -0.0764 0.5261
vn -0.7085 -0.1612 -0.6871
vn -0.7273 -0.1604 -0.6673
vn -0.7132 -0.1478 -0.6852
vn -0.9709 0.1291 -0.2020
vn -0.9718 0.1670 -0.1668
vn -0.9709 0.1731 -0.1655
vn -0.9664 0.1827 -0.1809
vn -0.7708 -0.3923 0.5020
vn -0.7509 -0.4037 0.5227
vn -0.7539 -0.3927 0.5267
vn -0.8362 -0.3359 0.4334
vn -0.8426 -0.3198 0.4332
vn -0.8440 -0.3303 0.4225
vn -0.5925 0.3293 -0.7352
vn -0.6011 0.3078 -0.7375
vn -0.6106 0.3233 -0.7230
vn -0.7162 0.1723 -0.6763
vn -0.6910 0.1739 -0.7016
vn -0.7058 0.1490 -0.6926
vn -0.3289 0.5807 -0.7447
vn 0.0268 -0.0832 -0.9962
vn 0.0120 -0.7122 -0.7019
vn -0.6466 0.1611 -0.7456
vn -0.6375 0.1771 -0.7498
vn -0.6287 0.1523 -0.7626
vn -0.6523 0.0195 -0.7577
vn -0.6657 0.0329 -0.7455
vn -0.6424 0.0321 -0.7657
vn 0.0480 -0.4839 -0.8738
vn 0.0181 -0.4852 -0.8742
vn 0.0121 -0.4704 -0.8824
vn -0.3448 -0.2308 -0.9099
vn -0.3677 -0.2600 -0.8929
vn -0.3667 -0.2310 -0.9012
vn -0.4460 -0.1956 -0.8734
vn -0.4297 -0.1715 -0.8865
vn -0.4149 -0.1992 -0.8878
vn -0.8146 -0.1305 0.5652
vn -0.7920 -0.1287 0.5968
vn -0.8053 -0.1078 0.5830
vn -0.2080 0.0384 0.9774
vn -0.2230 0.0090 0.9748
vn -0.1928 0.0231 0.9810
vn -0.5135 -0.2380 0.8244
vn 0.0445 -0.0103 0.9990
vn -0.0087 0.5856 0.8106
vn -0.4279 0.0494 0.9025
vn -0.4174 0.0456 0.9076
vn -0.4140 0.0698 0.9076
vn -0.5426 0.0721 0.8369
vn -0.5324 0.0729 0.8434
vn -0.5382 0.0841 0.8386
vn -0.4822 0.0564 0.8742
vn -0.4703 0.0388 0.8817
vn -0.4622 0.0485 0.8855
vn -0.8475 -0.3228 -0.4213
vn -0.8398 -0.3349 -0.4272
vn -0.8495 -0.3321 -0.4101
vn -0.4755 0.1958 0.8577
vn -0.4866 0.2111 0.8477
vn -0.4943 0.1983 0.8464
vn -0.3669 -0.2897 -0.8840
vn -0.3856 -0.2920 -0.8753
vn -0.3698 -0.2754 -0.8873
vn -0.1753 -0.1188 0.9773
vn -0.1907 -0.1321 0.9727
vn -0.1832 -0.1402 0.9730
vn -0.8934 0.3276 -0.3075
vn -0.8842 0.3395 -0.3210
vn -0.8890 0.3260 -0.3217
vn -0.8787 0.2732 -0.3915
vn -0.8736 0.2716 -0.4038
vn -0.8834 0.2560 -0.3926
vn -0.4914 0.0905 0.8662
vn -0.5071 0.1029 0.8557
vn -0.5138 0.0872 0.8534
vn -0.3986 0.2464 -0.8834
vn -0.3964 0.2687 -0.8779
vn -0.3780 0.2617 -0.8881
vn -0.9795 0.1795 0.0911
vn -0.9832 0.1438 0.1127
vn -0.9770 0.1748 0.1223
vn -0.9948 0.0969 0.0318
vn -0.9916 0.1076 0.0718
vn -0.9918 0.1226 0.0358
vn -0.9637 -0.1771 -0.2000
vn -0.9587 -0.1830 -0.2178
vn -0.9594 -0.2006 -0.1980
vn -0.7678 0.2386 -0.5946
vn -0.7640 0.2243 -0.6049
vn -0.7783 0.2169 -0.5893
vn -0.5428 0.0753 -0.8365
vn -0.5386 0.0567 -0.8407
vn -0.5555 0.0732 -0.8283
vn -0.5506 0.0754 -0.8314
vn -0.5396 0.0597 -0.8398
vn -0.5592 0.0499 -0.8275
vn -0.8420 0.3063 -0.4442
vn -0.8450 0.3010 -0.4420
vn -0.8440 0.3117 -0.4365
vn -0.3578 0.2552 -0.8982
vn -0.3343 0.2780 -0.9005
vn -0.3422 0.2378 -0.9090
vn -0.3683 -0.1511 0.9173
vn -0.3484 -0.1652 0.9227
vn -0.3398 -0.1345 0.9308
vn -0.3714 -0.1707 0.9126
vn -0.3567 -0.1740 0.9178
vn -0.3729 -0.1539 0.9150
vn -0.6823 -0.1467 0.7162
vn -0.6900 -0.1217 0.7135
vn -0.6998 -0.1342 0.7017
vn -0.6671 -0.5108 -0.5423
vn -0.6653 -0.5324 -0.5234
vn -0.6864 -0.5072 -0.5212
vn -0.1832 -0.0407 0.9822
vn -0.1706 -0.0664 0.9831
vn -0.1623 -0.0423 0.9858
vn -0.9470 -0.0313 0.3196
vn -0.9495 -0.0092 0.3135
vn -0.9537 -0.0276 0.2994
vn -0.8676 -0.0724 -0.4920
vn -0.8689 -0.0544 -0.4920
vn -0.8574 -0.0650 -0.5106
vn -0.2623 -0.1193 0.9576
vn -0.2461 -0.1124 0.9627
vn -0.2688 -0.0994 0.9581
vn -0.9447 -0.0027 0.3279
vn -0.9512 0.0042 0.3085
vn -0.9500 -0.0178 0.3118
vn -0.2715 0.2235 -0.9361
vn 0.0959 -0.4422 -0.8918
vn 0.0688 -0.9281 -0.3659
vn -0.1912 -0.1924 -0.9625
vn -0.1972 -0.2114 -0.9573
vn -0.2087 -0.1946 -0.9584
vn -0.3882 -0.2875 -0.8756
vn -0.3855 -0.3067 -0.8702
vn -0.4012 -0.2865 -0.8701
vn -0.8914 0.2445 -0.3817
vn -0.8862 0.2420 -0.3950
vn -0.8905 0.2369 -0.3884
vn -0.0026 -0.4321 -0.9018
vn -0.0087 -0.4084 -0.9128
vn 0.0069 -0.4139 -0.9103
vn -0.1732 0.0076 0.9849
vn -0.1618 0.0180 0.9867
vn -0.1769 0.0284 0.9838
vn -0.7119 0.2295 0.6638
vn -0.0404 0.0206 0.9990
vn -0.0395 0.0416 0.9984
vn -0.0367 0.6898 0.7231
vn -0.4569 -0.0405 0.8886
vn -0.4737 -0.0613 0.8785
vn -0.4550 -0.0572 0.8886
vn -0.9268 -0.3079 -0.2153
vn -0.9223 -0.3061 -0.2361
vn -0.9188 -0.3227 -0.2272
vn -0.8301 0.2856 0.4790
vn -0.8198 0.2915 0.4928
vn -0.8268 0.3059 0.4721
vn -0.9358 0.0550 0.3483
vn -0.9288 0.0382 0.3685
vn -0.9277 0.0657 0.3675
vn -0.8890 0.0410 0.4560
vn -0.8966 0.0099 0.4427
vn -0.8862 0.0054 0.4633
vn -0.7224 -0.0781 0.6870
vn -0.7236 -0.0391 0.6891
vn -0.7434 -0.0737 0.6647
vn -0.7829 0.1032 0.6135
vn -0.7953 0.0787 0.6011
vn -0.7651 0.0792 0.6390
vn -0.9471 -0.2220 0.2320
vn -0.9538 -0.2025 0.2221
vn -0.9553 -0.2114 0.2066
vn -0.1833 -0.3876 0.9034
vn -0.1956 -0.3891 0.9002
vn -0.1856 -0.3989 0.8980
vn -0.7963 0.2085 0.5679
vn -0.8054 0.2248 0.5484
vn -0.8118 0.1997 0.5488
vn -0.8402 0.2739 -0.4681
vn -0.8523 0.2705 -0.4477
vn -0.8459 0.2802 -0.4538
vn -0.8187 0.5739 -0.0187
vn -0.8192 0.5734 0.0069
vn -0.7991 0.6013 0.0008
vn -0.3597 0.2624 -0.8954
vn -0.3485 0.2733 -0.8966
vn -0.3496 0.2503 -0.9028
vn -0.6337 -0.4912 -0.5977
vn 0.0380 -0.4019 -0.9149
vn 0.0249 -0.9297 -0.3675
vn -0.5400 -0.4523 -0.7098
vn -0.5296 -0.4742 -0.7033
vn -0.5587 -0.4626 -0.6884
vn -0.2354 -0.2618 -0.9360
vn -0.2303 -0.2224 -0.9474
vn -0.2034 -0.2508 -0.9464
vn -0.7277 0.0835 0.6807
vn -0.7379 0.0780 0.6704
vn -0.7323 0.0680 0.6776
vn -0.5116 -0.3581 -0.7810
vn -0.5118 -0.3394 -0.7892
vn -0.4915 -0.3582 -0.7938
vn -0.4691 -0.4473 -0.7615
vn -0.4751 -0.4403 -0.7618
vn -0.4611 -0.4301 -0.7761
vn -0.8802 0.0073 0.4746
vn -0.8935 0.0083 0.4490
vn -0.8860 -0.0137 0.4634
vn -0.5207 -0.4160 -0.7455
vn -0.5231 -0.3951 -0.7551
vn -0.5047 -0.4159 -0.7565
vn -0.6888 -0.5086 -0.5166
vn -0.7065 -0.4966 -0.5043
vn -0.6966 -0.4835 -0.5301
vn -0.8694 -0.0649 0.4899
vn -0.8687 -0.0342 0.4942
vn -0.8768 -0.0445 0.4788
vn -0.8292 -0.0548 -0.5562
vn -0.8417 -0.0476 -0.5379
vn -0.8358 -0.0302 -0.5481
vn -0.9454 -0.0518 0.3219
vn -0.9528 -0.0694 0.2956
vn -0.9489 -0.0729 0.3071
vn -0.6437 -0.0436 -0.7641
vn -0.6432 -0.0212 -0.7654
vn -0.6240 -0.0364 -0.7806
vn -0.3737 0.0515 -0.9261
vn -0.3456 0.0493 -0.9371
vn -0.3606 0.0132 -0.9326
vn -0.5601 0.0352 -0.8277
vn -0.5857 0.0265 -0.8101
vn -0.5791 0.0549 -0.8134
vn -0.4314 0.0042 -0.9022
vn -0.4272 0.0340 -0.9035
vn -0.4026 0.0102 -0.9153
vn -0.5812 0.0408 -0.8127
vn -0.5866 0.0588 -0.8077
vn -0.5740 0.0699 -0.8159
vn -0.3595 -0.4381 -0.8239
vn -0.3717 -0.4416 -0.8166
vn -0.3748 -0.4292 -0.8218
vn -0.9089 -0.0661 -0.4118
vn -0.9047 -0.0528 -0.4229
vn -0.9009 -0.0676 -0.4286
vn -0.9119 -0.2940 -0.2864
vn -0.9135 -0.2765 -0.2985
vn -0.9081 -0.2915 -0.3005
vn -0.7343 -0.1546 0.6609
vn -0.7302 -0.1172 0.6731
vn -0.7500 -0.1589 0.6420
vn -0.5096 -0.0245 -0.8601
vn 0.0652 -0.4804 -0.8746
vn 0.0428 -0.9506 -0.3075
vn -0.8320 -0.4369 -0.3420
vn -0.8399 -0.4273 -0.3346
vn -0.8335 -0.4266 -0.3512
vn -0.3955 -0.2519 -0.8832
vn -0.3638 -0.2506 -0.8971
vn -0.3851 -0.2809 -0.8791
vn -0.7498 -0.5583 0.3551
vn -0.7559 -0.5555 0.3464
vn -0.7519 -0.5667 0.3369
vn -0.0385 0.1322 -0.9905
vn -0.0539 0.1355 -0.9893
vn -0.0470 0.1648 -0.9852
vn -0.6579 -0.2830 -0.6979
vn -0.6562 -0.2747 -0.7028
vn -0.6488 -0.2830 -0.7064
vn -0.4030 -0.3957 -0.8252
vn -0.4231 -0.3894 -0.8182
vn -0.4150 -0.3538 -0.8382
vn -0.2291 -0.2184 0.9486
vn -0.2151 -0.2392 0.9468
vn -0.2036 -0.2076 0.9568
vn -0.4728 -0.0024 -0.8812
vn -0.4866 -0.0081 -0.8736
vn -0.4901 0.0184 -0.8715
vn -0.4673 0.0072 -0.8841
vn -0.1739 0.0661 -0.9825
vn -0.1951 0.0600 -0.9790
vn -0.1891 0.0863 -0.9782
vn -0.3197 -0.3942 -0.8616
vn -0.3182 -0.3777 -0.8695
vn -0.3090 -0.3913 -0.8668
vn -0.2646 0.1650 -0.9501
vn -0.2873 0.1568 -0.9449
vn -0.2837 0.1760 -0.9426
vn -0.7534 -0.1478 -0.6407
vn -0.7662 -0.1474 -0.6255
vn -0.7710 -0.1294 -0.6235
vn -0.7568 -0.1347 -0.6396
vn -0.8924 -0.3471 0.2882
vn -0.8857 -0.3642 0.2878
vn -0.8832 -0.3619 0.2984
vn -0.2850 -0.7509 0.5957
vn -0.0065 -0.0859 0.9963
vn -0.0216 0.5562 0.8307
vn -0.2156 -0.2104 0.9535
vn -0.2277 -0.2248 0.9474
vn -0.2131 -0.2228 0.9513
vn -0.7013 0.1598 -0.6947
vn -0.6847 0.1416 -0.7149
vn -0.7104 0.1212 -0.6933
vn -0.4435 -0.0412 -0.8953
vn -0.4140 -0.0565 -0.9085
vn -0.4303 -0.0693 -0.9000
vn -0.9955 -0.0192 -0.0933
vn -0.9951 -0.0381 -0.0907
vn -0.9967 -0.0249 -0.0773
vn -0.8137 -0.2611 0.5193
vn -0.8096 -0.2539 0.5293
vn -0.8336 -0.2285 0.5030
vn -0.3643 -0.0538 0.9297
vn -0.3738 -0.0661 0.9252
vn -0.3656 -0.0741 0.9278
vn -0.3532 -0.0662 0.9332
vn -0.3672 -0.0656 0.9278
vn -0.3650 -0.0749 0.9280
vn -0.6948 -0.4489 -0.5619
vn -0.6773 -0.4652 -0.5700
vn -0.6926 -0.4689 -0.5482
vn -0.6717 -0.4144 -0.6141
vn -0.6630 -0.4096 -0.6266
vn -0.6544 -0.4304 -0.6217
vn -0.9476 -0.3158 -0.0480
vn -0.9482 -0.3121 -0.0593
vn -0.9413 -0.3324 -0.0591
vn -0.4851 0.0421 0.8734
vn -0.4965 0.0215 0.8678
vn -0.4742 0.0222 0.8802
vn -0.6122 0.2049 0.7637
vn -0.6093 0.2319 0.7583
vn -0.6306 0.2040 0.7488
vn -0.7173 0.1675 0.6764
vn -0.7065 0.1870 0.6826
vn -0.7198 0.1966 0.6658
vn -0.7920 -0.0864 0.6044
vn -0.7852 -0.1145 0.6086
vn -0.7616 -0.0960 0.6409
vn -0.0925 0.1689 0.9813
vn -0.0776 0.1930 0.9781
vn -0.1108 0.1754 0.9782
vn -0.2433 0.1142 0.9632
vn -0.2359 0.1285 0.9633
vn -0.2610 0.1398 0.9552
vn -0.9985 0.0522 -0.0135
vn -0.9979 0.0590 -0.0284
vn -0.9986 0.0419 -0.0328
vn -0.7350 0.2286 0.6384
vn -0.7474 0.2117 0.6297
vn -0.7336 0.2066 0.6474
vn -0.6066 0.1778 0.7749
vn -0.5846 0.2058 0.7848
vn -0.6024 0.2092 0.7703
vn -0.8713 -0.1946 0.4505
vn -0.8826 -0.1793 0.4347
vn -0.8784 -0.1984 0.4348
vn -0.8347 0.2856 -0.4709
vn -0.8379 0.2940 -0.4598
vn -0.8344 0.2999 -0.4625
vn -0.6256 -0.4823 0.6132
vn -0.6427 -0.4532 0.6177
vn -0.6430 -0.4788 0.5977
vn -0.9168 0.0841 0.3905
vn -0.9173 0.0643 0.3931
vn -0.9039 0.0752 0.4212
vn -0.7551 0.2184 -0.6181
vn -0.7681 0.2125 -0.6041
vn -0.7610 0.2354 -0.6045
vn -0.9996 0.0255 -0.0091
vn -0.9992 0.0310 0.0232
vn -0.9986 0.0515 0.0112
vn -0.9925 -0.0701 0.1001
vn -0.9922 -0.0559 0.1117
vn -0.9956 -0.0547 0.0756
vn -0.4087 -0.5646 0.7171
vn -0.3961 -0.5775 0.7139
vn -0.3932 -0.5554 0.7328
vn -0.4633 0.2599 -0.8472
vn -0.4611 0.2807 -0.8418
vn -0.4452 0.2680 -0.8544
vn -0.9878 -0.0949 0.1234
vn -0.9829 -0.1006 0.1540
vn -0.9811 -0.0711 0.1798
vn -0.9879 -0.0612 0.1424
vn -0.9365 0.2170 0.2755
vn -0.9301 0.2609 0.2586
vn -0.9422 0.2338 0.2400
vn -0.9218 -0.3216 -0.2163
vn -0.9271 -0.3006 -0.2238
vn -0.9195 -0.3141 -0.2363
vn -0.5679 0.1428 0.8106
vn -0.5818 0.1612 0.7972
vn -0.5923 0.1406 0.7934
vn -0.9893 0.0611 0.1325
vn -0.9911 0.0352 0.1286
vn -0.9881 0.0470 0.1465
vn -0.9737 -0.1133 -0.1975
vn -0.9667 -0.1234 -0.2241
vn -0.9671 -0.1298 -0.2187
vn -0.9672 -0.2018 -0.1540
vn -0.9706 -0.1833 -0.1562
vn -0.9669 -0.1855 -0.1750
vn -0.7103 0.0435 0.7025
vn -0.7133 0.0327 0.7001
vn -0.7008 0.0387 0.7123
vn -0.8773 -0.3223 0.3556
vn -0.8720 -0.3394 0.3526
vn -0.8711 -0.3255 0.3676
vn -0.3005 -0.0535 0.9523
vn -0.2864 -0.0643 0.9559
vn -0.2712 -0.0437 0.9615
vn -0.5693 -0.1099 0.8148
vn 0.0473 -0.0345 0.9983
vn 0.0184 0.5513 0.8341
vn -0.2941 -0.4099 -0.8634
vn -0.2925 -0.4265 -0.8559
vn -0.3286 -0.4096 -0.8510
vn -0.2637 -0.3447 -0.9009
vn -0.2706 -0.3624 -0.8919
vn -0.2878 -0.3167 -0.9038
vn -0.9747 -0.1309 0.1810
vn -0.9777 -0.0981 0.1859
vn -0.9793 -0.1046 0.1734
vn -0.2471 -0.1299 0.9602
vn -0.2614 -0.1402 0.9550
vn -0.2241 -0.1354 0.9651
vn -0.2495 -0.1174 0.9612
vn -0.6255 -0.0338 0.7795
vn 0.0011 0.1179 0.9930
vn -0.0137 0.7595 0.6503
vn -0.3033 0.6288 0.7160
vn -0.0927 -0.0744 0.9929
vn -0.0779 -0.0561 0.9954
vn -0.0698 0.6622 0.7461
vn 0.1342 -0.6569 -0.7419
vn -0.2346 0.5276 -0.8165
vn 0.1821 -0.0211 -0.9831
vn -0.8765 -0.3430 -0.3377
vn -0.8778 -0.3600 -0.3160
vn -0.8822 -0.3422 -0.3234
vn -0.9424 -0.2942 0.1593
vn -0.9543 -0.2637 0.1408
vn -0.9487 -0.2878 0.1311
vn -0.9094 0.2652 0.3204
vn -0.8963 0.2988 0.3277
vn -0.9041 0.3005 0.3039
vn -0.8975 0.2915 0.3308
vn -0.8772 0.3036 0.3719
vn -0.8813 0.3231 0.3449
vn -0.4688 -0.2596 -0.8443
vn -0.4940 -0.2521 -0.8321
vn -0.4804 -0.2376 -0.8443
vn -0.5248 0.1719 -0.8337
vn -0.5021 0.1975 -0.8420
vn -0.5101 0.1622 -0.8447
vn -0.5109 0.3771 -0.7725
vn -0.4941 0.3936 -0.7752
vn -0.4909 0.3748 -0.7865
vn -0.9001 0.0853 -0.4272
vn -0.9114 0.0859 -0.4024
vn -0.9048 0.1055 -0.4125
vn -0.1807 -0.0438 0.9826
vn -0.1638 -0.0307 0.9860
vn -0.1724 -0.0166 0.9849
vn -0.0686 -0.0562 0.9961
vn -0.0926 -0.0668 0.9935
vn -0.0666 -0.0777 0.9947
vn -0.5701 0.4218 -0.7051
vn -0.5580 0.4431 -0.7017
vn -0.5570 0.4201 -0.7164
vn -0.1518 -0.0260 0.9881
vn -0.6970 0.4070 0.5904
vn -0.1430 -0.0605 0.9879
vn -0.7619 0.3447 -0.5483
vn -0.7524 0.3468 -0.5601
vn -0.7556 0.3363 -0.5621
vn -0.7615 -0.0518 0.6461
vn -0.7641 -0.0327 0.6442
vn -0.7689 -0.0420 0.6379
vn -0.3887 -0.4497 -0.8041
vn -0.3644 -0.4469 -0.8170
vn -0.3753 -0.4590 -0.8053
vn -0.3357 0.1672 0.9270
vn -0.3175 0.1679 0.9333
vn -0.3253 0.1786 0.9286
vn -0.1040 -0.4986 -0.8606
vn -0.1013 -0.5123 -0.8528
vn -0.1185 -0.5027 -0.8563
vn -0.5813 -0.0498 -0.8122
vn -0.5912 -0.0562 -0.8045
vn -0.6038 -0.0404 -0.7961
vn -0.5848 -0.0249 -0.8108
vn -0.5565 0.1548 0.8163
vn -0.5649 0.1518 0.8111
vn -0.5621 0.1311 0.8166
vn -0.2549 -0.0499 0.9657
vn -0.2678 -0.0385 0.9627
vn -0.2725 -0.0611 0.9602
vn -0.3103 -0.0768 -0.9475
vn -0.2884 -0.0868 -0.9536
vn -0.2984 -0.1014 -0.9490
vn -0.7486 -0.4866 0.4504
vn -0.7394 -0.4849 0.4670
vn -0.7444 -0.4771 0.4671
vn -0.0511 -0.1868 0.9811
vn -0.0730 -0.1818 0.9806
vn -0.0714 -0.1995 0.9773
vn -0.8472 0.3261 -0.4195
vn -0.8523 0.3303 -0.4055
vn -0.8439 0.3385 -0.4162
vn -0.7328 -0.1543 0.6628
vn -0.7327 -0.1390 0.6662
vn -0.7471 -0.1465 0.6483
vn -0.6147 -0.4193 0.6681
vn -0.0448 -0.2789 0.9593
vn -0.0740 0.3679 0.9269
vn -0.5201 0.1845 -0.8339
vn 0.1444 -0.0352 -0.9889
vn 0.1213 -0.0648 -0.9905
vn 0.0957 -0.6946 -0.7130
vn -0.7172 -0.1132 0.6876
vn -0.7101 -0.1081 0.6958
vn -0.7229 -0.0924 0.6847
vn -0.3455 0.1626 0.9242
vn -0.3527 0.1732 0.9196
vn -0.3554 0.1586 0.9212
vn -0.9448 -0.0129 0.3273
vn -0.9478 0.0064 0.3187
vn -0.9522 -0.0010 0.3054
vn 0.0330 -0.9676 -0.2504
vn -0.5684 -0.1099 -0.8154
vn 0.0516 -0.5111 -0.8580
vn -0.1486 -0.3511 -0.9245
vn -0.1407 -0.3658 -0.9200
vn -0.1575 -0.3608 -0.9192
vn -0.1507 -0.6789 -0.7186
vn -0.1848 -0.6937 -0.6961
vn -0.1696 -0.6772 -0.7160
vn -0.7435 -0.1311 0.6558
vn -0.7406 -0.1576 0.6533
vn -0.7330 -0.1407 0.6655
vn -0.7550 -0.1796 0.6306
vn -0.7439 -0.1891 0.6410
vn -0.7420 -0.1700 0.6485
vn -0.9461 0.1504 0.2870
vn -0.9446 0.1750 0.2776
vn -0.9516 0.1610 0.2619
vn -0.5736 -0.2409 0.7829
vn -0.5558 -0.2160 0.8028
vn -0.5695 -0.2023 0.7967
vn -0.8443 -0.0713 0.5311
vn -0.8422 -0.0956 0.5306
vn -0.8336 -0.0872 0.5454
vn -0.0904 -0.0755 0.9930
vn -0.1137 -0.0832 0.9900
vn -0.0825 -0.0901 0.9925
vn -0.6088 0.1919 0.7698
vn -0.6310 0.1844 0.7535
vn -0.6093 0.1748 0.7734
vn -0.5450 -0.0877 0.8338
vn -0.5397 -0.0616 0.8396
vn -0.5581 -0.0610 0.8275
vn -0.9384 0.3406 -0.0590
vn -0.9492 0.3117 -0.0441
vn -0.9405 0.3388 -0.0273
vn -0.5351 -0.4319 0.7260
vn -0.5506 -0.4148 0.7244
vn -0.5555 -0.4431 0.7036
vn -0.7567 -0.0719 0.6498
vn -0.7334 -0.0854 0.6744
vn -0.7312 -0.0651 0.6790
vn -0.8583 -0.0518 0.5105
vn -0.8578 -0.0293 0.5132
vn -0.8656 -0.0327 0.4997
vn -0.6249 0.1308 0.7697
vn -0.6180 0.1517 0.7714
vn -0.6362 0.1426 0.7582
vn -0.3437 -0.4088 -0.8454
vn -0.3455 -0.3941 -0.8517
vn -0.3338 -0.3998 -0.8537
vn -0.9538 -0.0608 0.2942
vn -0.9453 -0.0541 0.3216
vn -0.9573 -0.0417 0.2862
vn 0.0205 0.1061 -0.9941
vn 0.0154 -0.6297 -0.7766
vn -0.6455 -0.1611 -0.7466
vn 0.1370 0.0909 -0.9864
vn 0.0968 -0.6290 -0.7714
vn -0.4878 -0.1826 -0.8536
vn -0.0130 0.1845 -0.9827
vn -0.0042 0.1712 -0.9852
vn -0.0026 -0.5642 -0.8256
vn -0.3834 -0.4467 -0.8084
vn 0.0161 -0.0582 0.9982
vn 0.0120 -0.0361 0.9993
vn 0.0019 0.5968 0.8024
vn -0.6182 0.1043 0.7791
vn 0.0349 -0.2101 0.9771
vn 0.0158 0.5024 0.8645
vn -0.6343 -0.1087 0.7654
vn -0.0631 -0.0184 0.9978
vn -0.0428 0.6556 0.7539
vn -0.6654 -0.3290 0.6701
vn -0.0423 -0.0357 0.9985
vn -0.0295 -0.0684 0.9972
vn -0.0288 0.6338 0.7730
vn -0.7150 -0.1264 0.6876
vn -0.0282 -0.0866 0.9958
vn 0.0853 -0.4517 -0.8881
vn 0.0772 -0.4717 -0.8784
vn 0.0566 -0.9426 -0.3292
vn -0.5934 -0.4533 -0.6651
vn -0.0306 0.0230 0.9993
vn -0.0296 0.0491 0.9984
vn -0.0336 0.7097 0.7037
vn -0.6922 0.1379 0.7084
vn -0.0265 0.0237 0.9994
vn -0.0384 0.6525 0.7568
vn -0.5740 -0.4004 0.7143
vn 0.0396 -0.0700 0.9968
vn 0.0170 0.5683 0.8226
vn -0.5623 -0.3929 0.7276
vn -0.0423 0.0760 0.9962
vn -0.0458 0.7943 0.6058
vn -0.6672 -0.0880 0.7396
vn -0.0163 0.1455 -0.9892
vn -0.0074 0.1325 -0.9912
vn -0.0091 -0.5993 -0.8005
vn -0.5327 -0.3764 -0.7580
vn -0.0435 0.0332 -0.9985
vn 0.0990 -0.6763 -0.7299
vn -0.0296 -0.6890 -0.7241
vn -0.7119 0.2221 -0.6663
vn -0.0409 0.0503 -0.9979
vn 0.0297 -0.3982 -0.9168
vn 0.0447 -0.4121 -0.9100
vn 0.0246 -0.9265 -0.3754
vn -0.2840 -0.8693 -0.4045
vn 0.0243 -0.3299 0.9437
vn 0.0031 0.3698 0.9291
vn -0.5623 -0.5417 0.6248
vn 0.1530 0.0708 -0.9857
vn 0.1068 -0.6621 -0.7417
vn -0.0309 0.7556 -0.6543
vn 0.0599 -0.0093 0.9982
vn 0.0288 0.7093 0.7043
vn -0.4761 0.2643 0.8387
vn 0.6928 0.0751 0.7172
vn 0.0259 -0.1336 0.9907
vn 0.0275 -0.7812 0.6237
vn -0.6806 -0.3586 0.6390
vn -0.6774 -0.3884 0.6247
vn -0.6576 -0.3931 0.6426
vn -0.7335 -0.4687 0.4922
vn -0.7305 -0.4808 0.4849
vn -0.7262 -0.4755 0.4966
vn -0.6511 -0.3776 0.6584
vn -0.6378 -0.4023 0.6567
vn -0.6250 -0.4101 0.6643
vn -0.6239 -0.3856 0.6798
vn -0.6514 -0.5663 0.5050
vn -0.6370 -0.5888 0.4974
vn -0.6322 -0.5840 0.5092
vn -0.6331 -0.5782 0.5146
vn -0.5011 -0.2835 0.8177
vn -0.5257 -0.2913 0.7992
vn -0.5035 -0.3117 0.8058
vn -0.4913 -0.3113 0.8135
vn -0.4790 -0.2031 0.8540
vn -0.4774 -0.2331 0.8472
vn -0.4533 -0.2359 0.8596
vn -0.8967 -0.1362 0.4211
vn -0.8928 -0.1492 0.4250
vn -0.8893 -0.1507 0.4317
vn -0.8879 -0.1324 0.4406
vn -0.8785 -0.0752 0.4719
vn -0.8794 -0.0847 0.4685
vn -0.8758 -0.0960 0.4731
vn -0.8724 -0.0857 0.4812
vn -0.8864 -0.3518 0.3009
vn -0.8936 -0.3767 0.2440
vn -0.8723 -0.3946 0.2888
vn -0.6890 0.0726 0.7211
vn -0.0239 -0.1256 0.9918
vn -0.0197 -0.1262 0.9918
vn -0.0217 -0.1136 0.9933
vn -0.0261 0.6043 0.7963
vn -0.0223 0.5894 0.8076
vn -0.7076 -0.1008 0.6994
vn 0.6552 -0.2565 0.7106
vn -0.8550 0.4084 -0.3197
vn -0.8474 0.3871 -0.3633
vn -0.8646 0.3938 -0.3119
vn -0.8612 0.4081 -0.3029
vn -0.9837 -0.0931 -0.1539
vn -0.9704 -0.1117 -0.2139
vn -0.9814 -0.1122 -0.1555
vn -0.9568 -0.2908 -0.0047
vn -0.9514 -0.3078 0.0090
vn -0.9519 -0.3041 0.0384
vn -0.7002 -0.1047 -0.7062
vn -0.6876 -0.1009 -0.7190
vn -0.6783 -0.1173 -0.7254
vn -0.6908 -0.1241 -0.7123
vn -0.9723 0.1907 0.1351
vn -0.9802 0.1651 0.1091
vn -0.9826 0.1255 0.1371
vn -0.9763 0.1651 0.1402
vn -0.6665 -0.5719 0.4783
vn -0.6454 -0.5916 0.4831
vn -0.6337 -0.5920 0.4979
vn -0.6470 -0.5677 0.5091
vn 0.6708 -0.3384 0.6600
vn 0.6484 -0.3751 0.6625
vn 0.6713 -0.3740 0.6399
vn 0.6656 -0.3525 0.6578
vn 0.6410 -0.3536 0.6813
vn 0.6461 -0.3755 0.6645
vn 0.6521 -0.3815 0.6552
vn 0.6711 -0.5449 0.5026
vn 0.6531 -0.5561 0.5139
vn 0.6462 -0.5698 0.5077
vn 0.6573 -0.5705 0.4924
vn 0.0309 -0.7707 0.6365
vn 0.7174 -0.1448 0.6814
vn 0.0272 -0.1148 0.9930
vn 0.0317 -0.1256 0.9916
vn -0.6458 -0.2583 0.7185
vn 0.5005 -0.2588 0.8262
vn 0.4904 -0.2850 0.8236
vn 0.4870 -0.2969 0.8214
vn 0.5178 -0.2836 0.8071
vn 0.4831 -0.1952 0.8535
vn 0.4562 -0.2160 0.8633
vn 0.4705 -0.2334 0.8510
vn 0.8976 -0.1223 0.4234
vn 0.8892 -0.1200 0.4415
vn 0.8904 -0.1377 0.4338
vn 0.8959 -0.1325 0.4240
vn 0.8758 -0.0669 0.4780
vn 0.8719 -0.0789 0.4833
vn 0.8772 -0.0803 0.4734
vn 0.8803 -0.0754 0.4685
vn 0.8910 -0.3396 0.3014
vn 0.8800 -0.3820 0.2822
vn 0.8956 -0.3664 0.2522
vn 0.8514 0.4213 -0.3124
vn 0.8568 0.4183 -0.3015
vn 0.8716 0.3681 -0.3236
vn 0.8517 0.4148 -0.3202
vn 0.9851 -0.0819 -0.1515
vn 0.9829 -0.1028 -0.1530
vn 0.9802 -0.0913 -0.1758
vn 0.9627 -0.2706 0.0064
vn 0.9524 -0.2972 0.0679
vn 0.9536 -0.3009 -0.0045
vn 0.7020 -0.0945 -0.7059
vn 0.7042 -0.1127 -0.7010
vn 0.6876 -0.1114 -0.7175
vn 0.6864 -0.0974 -0.7207
vn 0.9697 0.2031 0.1361
vn 0.9755 0.1479 0.1627
vn 0.9784 0.1722 0.1148
vn 0.9763 0.1877 0.1074
vn 0.6724 -0.5531 0.4919
vn 0.6552 -0.5442 0.5241
vn 0.6449 -0.5669 0.5125
vn 0.6477 -0.5765 0.4980
vn -0.6496 0.7530 -0.1052
vn -0.7200 0.6934 0.0267
vn -0.0156 0.9999 -0.0011
vn -0.0123 0.9999 0.0010
vn 0.0054 1.0000 0.0038
vn 0.0064 1.0000 0.0030
vn -0.0036 1.0000 0.0010
vn -0.0027 1.0000 0.0008
vn -0.0013 1.0000 -0.0008
vn 0.0038 1.0000 -0.0055
vn 0.0041 1.0000 -0.0061
vn 0.0045 1.0000 -0.0068
vn 0.0045 1.0000 -0.0069
vn 0.0070 0.9999 -0.0089
vn 0.0073 0.9999 -0.0114
vn 0.0073 0.9999 -0.0125
vn -0.0007 0.9999 -0.0141
vn 0.0095 0.9999 -0.0107
vn 0.0097 0.9995 -0.0290
vn 0.0106 0.9995 -0.0281
vn 0.0091 0.9995 -0.0295
vn 0.0229 0.9997 -0.0113
vn 0.0228 0.9996 -0.0142
vn 0.0228 0.9996 -0.0147
vn 0.0074 0.9999 -0.0124
vn 0.0071 0.9999 -0.0144
vn -0.0021 0.9998 -0.0198
vn -0.0010 0.9999 -0.0139
vn -0.0011 0.9999 -0.0142
vn -0.0012 0.9999 -0.0145
vn -0.0014 0.9999 -0.0147
vn 0.0114 0.9997 -0.0231
vn 0.0141 0.9996 -0.0226
vn 0.0140 0.9996 -0.0229
vn 0.0143 0.9997 -0.0222
vn 0.0106 0.9997 -0.0211
vn 0.0172 0.9998 -0.0129
vn 0.0163 0.9997 -0.0184
vn 0.0160 0.9997 -0.0192
vn -0.0071 0.9998 -0.0207
vn 0.6868 0.7268 0.0090
vn 0.6867 0.7263 -0.0299
vn 0.6867 0.7264 -0.0291
vn -0.0095 0.9998 -0.0201
vn 0.0100 0.9995 -0.0288
vn 0.0061 0.9995 -0.0318
vn 0.0043 0.9995 -0.0328
vn -0.0113 0.9995 -0.0304
vn -0.0168 0.9993 -0.0323
vn -0.0155 0.9993 -0.0330
vn -0.0175 0.9993 -0.0320
vn -0.0218 0.9994 -0.0260
vn -0.0107 0.9998 -0.0155
vn -0.0111 0.9998 -0.0150
vn -0.0112 0.9998 -0.0148
vn -0.0152 0.9998 -0.0105
vn -0.0178 0.9997 -0.0192
vn -0.0187 0.9997 -0.0175
vn -0.0337 0.9992 -0.0219
vn -0.0341 0.9992 -0.0207
vn -0.0347 0.9992 -0.0185
vn -0.0258 0.9997 0.0012
vn -0.0255 0.9997 0.0016
vn -0.0246 0.9997 0.0028
vn -0.0221 0.9997 -0.0124
vn -0.0100 0.9999 -0.0070
vn -0.0177 0.9998 -0.0046
vn -0.0178 0.9998 -0.0046
vn -0.0160 0.9999 -0.0024
vn -0.0157 0.9999 -0.0046
vn -0.0157 0.9999 -0.0045
vn -0.0152 0.9999 -0.0039
vn -0.0147 0.9999 -0.0034
vn -0.0177 0.9998 -0.0078
vn -0.0185 0.9998 -0.0069
vn -0.0181 0.9998 -0.0061
vn -0.0162 0.9999 0.0050
vn -0.0152 0.9999 0.0055
vn -0.0191 0.9998 -0.0058
vn -0.0179 0.9998 -0.0036
vn -0.7132 0.6943 0.0965
vn 0.0551 -0.1257 -0.9905
vn 0.0423 -0.1092 -0.9931
vn -0.6842 -0.0766 -0.7253
vn 0.0333 0.6398 -0.7678
vn 0.3660 0.5628 -0.7412
vn -0.0503 -0.1264 -0.9907
vn -0.0313 -0.7905 -0.6116
vn -0.7573 -0.0769 -0.6485
vn -0.0550 -0.0972 -0.9937
vn -0.0418 -0.1015 -0.9940
vn -0.4903 -0.1060 0.8651
vn -0.5099 -0.0822 0.8563
vn -0.5102 -0.0958 0.8547
vn -0.5113 -0.1043 0.8530
vn -0.4768 -0.0814 0.8753
vn -0.4824 -0.0510 0.8745
vn -0.5052 -0.0604 0.8609
vn -0.1498 -0.2422 -0.9586
vn -0.1744 -0.2318 -0.9570
vn -0.1762 -0.2137 -0.9609
vn -0.1501 -0.2091 -0.9663
vn -0.9999 0.0067 -0.0100
vn -1.0000 0.0010 0.0049
vn -0.9999 0.0143 0.0032
vn -0.9999 0.0117 0.0087
vn -0.6640 -0.1633 0.7297
vn -0.6563 -0.1390 0.7416
vn -0.6763 -0.1329 0.7246
vn -0.9704 -0.1638 -0.1772
vn -0.9753 -0.1359 -0.1742
vn -0.9700 -0.1568 -0.1856
vn -0.9691 -0.1624 -0.1859
vn -0.8868 -0.0475 0.4597
vn -0.8798 -0.0521 0.4724
vn -0.8783 -0.0327 0.4771
vn -0.8839 -0.0396 0.4660
vn -0.8187 -0.2374 -0.5228
vn -0.8215 -0.2256 -0.5236
vn -0.8166 -0.2227 -0.5325
vn -0.7168 0.0905 0.6914
vn -0.7179 0.1041 0.6884
vn -0.7258 0.0957 0.6812
vn -0.5595 0.1674 0.8117
vn 0.0271 -0.2196 0.9752
vn 0.0285 -0.2070 0.9779
vn 0.0151 0.5023 0.8646
vn -0.0375 -0.1089 -0.9933
vn -0.7544 -0.0718 -0.6525
vn -0.0467 -0.0893 -0.9949
vn -0.4468 -0.2324 -0.8639
vn -0.4335 -0.2132 -0.8756
vn -0.4233 -0.2169 -0.8797
vn -0.4197 -0.2339 -0.8770
vn -0.7591 -0.3828 0.5265
vn -0.7678 -0.3722 0.5214
vn -0.7788 -0.3716 0.5053
vn -0.7610 -0.4029 0.5084
vn -0.6391 -0.1934 0.7444
vn -0.6078 -0.1991 0.7688
vn -0.6251 -0.1765 0.7603
vn -0.6341 -0.1693 0.7545
vn -0.9007 -0.1496 -0.4078
vn -0.9028 -0.1341 -0.4086
vn -0.8991 -0.1375 -0.4155
vn -0.8960 -0.1447 -0.4199
vn -0.2200 -0.1904 0.9568
vn -0.2160 -0.1737 0.9608
vn -0.2305 -0.1822 0.9559
vn -0.2321 -0.1920 0.9536
vn -0.9182 -0.1355 0.3723
vn -0.9171 -0.1172 0.3810
vn -0.9230 -0.1227 0.3647
vn -0.9938 0.0190 -0.1098
vn -0.9950 0.0157 -0.0989
vn -0.9944 0.0381 -0.0983
vn -0.9935 0.0332 -0.1084
vn 0.4918 -0.1125 0.8634
vn 0.5117 -0.1117 0.8519
vn 0.5167 -0.0900 0.8514
vn 0.5037 -0.0883 0.8594
vn 0.4721 -0.0757 0.8783
vn 0.4986 -0.0526 0.8652
vn 0.4727 -0.0440 0.8801
vn 0.1531 -0.2392 -0.9588
vn 0.1564 -0.2136 -0.9643
vn 0.1692 -0.2114 -0.9627
vn 0.1809 -0.2236 -0.9577
vn 0.9999 0.0119 -0.0080
vn 0.9996 0.0271 0.0036
vn 0.9998 0.0192 0.0063
vn 0.9999 0.0126 0.0056
vn 0.6638 -0.1532 0.7320
vn 0.6715 -0.1232 0.7307
vn 0.6479 -0.1275 0.7510
vn 0.9731 -0.1500 -0.1748
vn 0.9715 -0.1485 -0.1850
vn 0.9747 -0.1229 -0.1865
vn 0.9734 -0.1418 -0.1797
vn 0.8870 -0.0385 0.4602
vn 0.8889 -0.0213 0.4576
vn 0.8826 -0.0284 0.4693
vn 0.8801 -0.0415 0.4730
vn 0.8234 -0.2266 -0.5203
vn 0.8180 -0.2133 -0.5342
vn 0.8268 -0.2099 -0.5219
vn 0.7166 0.0915 0.6914
vn 0.7281 0.0971 0.6786
vn 0.7197 0.1022 0.6867
vn -0.0121 -0.8113 0.5845
vn 0.6564 -0.1568 0.7380
vn -0.0265 -0.2099 0.9774
vn -0.0212 -0.2210 0.9751
vn 0.0420 -0.1101 -0.9930
vn 0.0458 -0.0917 -0.9947
vn 0.0609 -0.0961 -0.9935
vn 0.4503 -0.2285 -0.8631
vn 0.4244 -0.2292 -0.8760
vn 0.4267 -0.2090 -0.8799
vn 0.4443 -0.2018 -0.8729
vn 0.7645 -0.3672 0.5299
vn 0.7662 -0.3882 0.5121
vn 0.7755 -0.3615 0.5177
vn 0.7712 -0.3605 0.5247
vn 0.6384 -0.1857 0.7469
vn 0.6261 -0.1703 0.7609
vn 0.6185 -0.1595 0.7694
vn 0.6067 -0.1934 0.7710
vn 0.9041 -0.1359 -0.4052
vn 0.8985 -0.1355 -0.4175
vn 0.8990 -0.1227 -0.4203
vn 0.9025 -0.1228 -0.4128
vn 0.2201 -0.1881 0.9572
vn 0.2331 -0.1892 0.9539
vn 0.2369 -0.1724 0.9561
vn 0.2256 -0.1808 0.9573
vn 0.9190 -0.1237 0.3743
vn 0.9278 -0.1088 0.3569
vn 0.9188 -0.1095 0.3792
vn 0.9937 0.0311 -0.1077
vn 0.9929 0.0507 -0.1080
vn 0.9934 0.0493 -0.1033
vn 0.9949 0.0418 -0.0919
vn 0.0095 -1.0000 -0.0012
vn -0.0031 -1.0000 0.0071
vn -0.0075 -0.9999 -0.0150
vn -0.0097 -1.0000 0.0021
vn 0.0146 -0.9999 0.0018
vn 0.7234 -0.6892 0.0408
vn -0.0096 -0.9999 0.0037
vn 0.0144 -0.9999 0.0000
vn 0.0110 -0.9999 0.0109
vn -0.0092 -0.9999 0.0055
vn 0.0237 -0.9997 -0.0055
vn 0.0067 -0.9997 0.0245
vn -0.0167 -0.9998 0.0144
vn 0.0110 -0.9999 -0.0054
vn 0.0099 -0.9999 0.0110
vn -0.0045 -0.9999 0.0115
vn 0.0075 -1.0000 -0.0056
vn 0.0117 -0.9999 0.0032
vn -0.0010 -0.9999 0.0110
vn 0.0042 -1.0000 -0.0034
vn 0.0083 -1.0000 0.0013
vn 0.0014 -1.0000 0.0072
vn 0.0026 -1.0000 -0.0089
vn 0.0063 -1.0000 0.0055
vn -0.0005 -0.9999 0.0112
vn 0.0038 -1.0000 -0.0025
vn 0.0082 -1.0000 0.0007
vn -0.0143 -0.9997 0.0175
vn 0.0081 -1.0000 -0.0052
vn 0.0117 -0.9999 0.0091
vn -0.0081 -0.9999 0.0083
vn 0.0062 -1.0000 -0.0010
vn 0.0128 -0.9999 0.0087
vn 0.0094 -0.9999 -0.0040
vn 0.0125 -0.9997 0.0225
vn 0.0085 -0.9999 0.0128
vn -0.0095 -1.0000 0.0003
vn 0.0145 -0.9999 0.0032
vn 0.0091 -0.9999 0.0124
vn -0.0096 -1.0000 0.0009
vn 0.0146 -0.9999 0.0027
vn -0.0187 -0.9998 -0.0058
vn 0.0143 -0.9999 0.0048
vn -0.0061 -0.9997 0.0232
vn -0.0064 -0.9999 0.0106
vn 0.0054 -1.0000 -0.0018
vn 0.0117 -0.9999 0.0042
vn 0.0022 -1.0000 0.0073
vn 0.0005 -1.0000 -0.0048
vn 0.0072 -0.9999 -0.0079
vn -0.0029 -0.9999 0.0132
vn 0.0018 -0.9998 -0.0177
vn 0.0065 -1.0000 0.0053
vn 0.0043 -0.9999 0.0134
vn -0.0002 -1.0000 -0.0061
vn 0.0109 -0.9999 -0.0002
vn 0.0047 -0.9999 0.0133
vn 0.0061 -0.9999 -0.0083
vn -0.0063 -0.9999 0.0107
vn 0.0097 -0.9998 -0.0163
vn 0.0125 -0.9999 0.0091
vn -0.0032 -0.9999 0.0123
vn -0.0045 -1.0000 -0.0040
vn 0.0212 -0.9997 0.0149
vn -0.0104 -0.9997 0.0209
vn -0.0054 -1.0000 -0.0028
vn 0.0138 -0.9999 0.0067
vn -0.0040 -1.0000 -0.0045
vn -0.0074 -1.0000 -0.0037
vn -0.0051 -0.9999 0.0109
vn -0.0004 -1.0000 -0.0030
vn 0.0074 -0.9999 0.0103
vn -0.0024 -0.9999 0.0103
vn 0.0013 -1.0000 -0.0025
vn 0.0041 -1.0000 0.0081
vn -0.0019 -1.0000 0.0065
vn 0.0009 -1.0000 -0.0088
vn 0.0033 -1.0000 0.0072
vn -0.0020 -1.0000 0.0000
vn 0.0050 -1.0000 -0.0061
vn 0.0032 -0.9999 0.0135
vn -0.0063 -1.0000 0.0023
vn -0.0033 -0.9999 0.0119
vn 0.0040 -1.0000 -0.0064
vn 0.0025 -0.9999 0.0135
vn -0.0043 -0.9999 0.0113
vn 0.0042 -1.0000 -0.0049
vn 0.0021 -1.0000 0.0072
vn -0.0062 -1.0000 0.0009
vn 0.0048 -1.0000 -0.0047
vn 0.0009 -0.9999 0.0134
vn 0.0004 -1.0000 -0.0022
vn 0.0118 -0.9999 0.0101
vn -0.0005 -1.0000 0.0075
vn -0.0018 -1.0000 -0.0019
vn 0.0128 -0.9999 0.0086
vn 0.0061 -0.9999 0.0129
vn -0.0012 -1.0000 -0.0041
vn 0.0081 -1.0000 -0.0024
vn -0.0082 -0.9999 -0.0146
vn 0.0081 -1.0000 -0.0025
vn 0.0035 -1.0000 0.0072
vn 0.0057 -0.9999 0.0130
vn -0.0005 -1.0000 -0.0045
vn 0.0102 -0.9999 -0.0019
vn 0.0059 -0.9999 0.0088
vn -0.0022 -1.0000 -0.0035
vn 0.0074 -1.0000 -0.0031
vn 0.0070 -0.9999 0.0081
vn -0.0119 -0.9999 -0.0117
vn 0.0198 -0.9997 -0.0143
vn 0.0066 -0.9999 0.0084
vn -0.0024 -1.0000 -0.0033
vn 0.0068 -1.0000 -0.0036
vn -0.0048 -1.0000 0.0010
vn 0.0058 -1.0000 -0.0043
vn -0.0001 -0.9999 0.0132
vn -0.0008 -1.0000 0.0089
vn -0.0046 -1.0000 0.0001
vn -0.0024 -1.0000 0.0016
vn 0.0015 -1.0000 -0.0050
vn 0.0097 -0.9999 0.0120
vn -0.0048 -1.0000 0.0008
vn 0.1118 -0.7423 -0.6607
vn 0.0048 -0.9999 0.0142
vn 0.0075 -0.9999 0.0077
vn -0.0126 -0.9999 -0.0109
vn 0.0169 -0.9998 -0.0115
vn 0.0179 -0.9997 0.0150
vn -0.0143 -0.9999 -0.0086
vn 0.0152 -0.9998 -0.0131
vn 0.0201 -0.9997 0.0118
vn -0.0033 -1.0000 0.0006
vn 0.0029 -1.0000 -0.0037
vn 0.0101 -0.9999 0.0039
vn -0.6695 -0.7427 0.0163
vn 0.0061 -1.0000 -0.0047
vn 0.0207 -0.9997 0.0104
vn -0.0050 -1.0000 -0.0003
vn 0.0027 -1.0000 -0.0038
vn 0.0072 -1.0000 -0.0034
vn -0.0016 -1.0000 0.0084
vn -0.0044 -1.0000 -0.0004
vn -0.0020 -1.0000 0.0082
vn -0.0157 -0.9998 -0.0135
vn 0.0193 -0.9998 -0.0084
vn -0.0131 -0.9998 0.0148
vn -0.0080 -0.9999 -0.0148
vn 0.0082 -1.0000 0.0002
vn -0.0152 -0.9998 0.0116
vn -0.0013 -1.0000 -0.0025
vn 0.6712 -0.7395 -0.0506
vn -0.0053 -1.0000 0.0035
vn 0.0041 -1.0000 -0.0054
vn 0.0100 -1.0000 0.0000
vn -0.0159 -0.9998 0.0103
vn -0.0012 -1.0000 -0.0026
vn 0.0177 -0.9998 -0.0107
vn -0.0026 -1.0000 0.0077
vn -0.0099 -0.9999 -0.0134
vn 0.0003 -1.0000 -0.0053
vn 0.0214 -0.9998 -0.0041
vn -0.0014 -0.9999 0.0138
vn 0.0096 -1.0000 -0.0011
vn 0.0001 -0.9999 0.0142
vn -0.6678 -0.7428 -0.0480
vn 0.5958 -0.7403 -0.3114
vn -0.0038 -1.0000 0.0062
vn 0.0023 -1.0000 -0.0056
usemtl sungaya_inexpectata_31mg
s off
f 405/1/1 394/2/2 60/3/3
f 5/4/4 114/5/5 10/6/6
f 155/7/7 15/8/8 174/9/9
f 445/10/10 77/11/11 444/12/12
f 27/13/13 26/14/14 151/15/15
f 40/16/16 163/17/17 41/18/18
f 103/19/19 66/20/20 65/21/21
f 70/22/22 76/23/23 119/24/24
f 79/25/25 80/26/26 180/27/27
f 59/28/28 54/29/29 63/30/30
f 62/31/31 18/32/32 115/33/33
f 115/33/34 18/32/35 68/34/36
f 4/35/37 99/36/38 34/37/39
f 102/38/40 148/39/41 149/40/42
f 106/41/43 3/42/44 68/43/45
f 142/44/46 50/45/47 110/46/48
f 188/47/49 382/48/50 155/49/51 174/50/52
f 112/51/53 113/52/54 142/44/55
f 150/53/56 48/54/57 13/55/58
f 121/56/59 122/57/60 183/58/61
f 383/59/62 186/60/63 113/61/64 126/62/65
f 127/63/66 81/64/67 67/65/68
f 61/66/69 9/67/70 95/68/71
f 28/69/72 149/70/73 152/71/74
f 38/72/75 133/73/76 87/74/77
f 133/73/78 7/75/79 87/74/80
f 136/76/81 23/77/82 30/78/83
f 164/79/84 45/80/85 40/16/86
f 45/81/87 163/82/88 40/83/89
f 13/55/90 48/54/91 131/84/92
f 145/85/93 87/86/94 7/87/95
f 185/88/96 166/89/97 145/90/98
f 132/91/99 149/92/100 148/93/101
f 131/84/102 7/94/103 151/95/104
f 65/96/105 137/97/106 17/98/107
f 27/13/108 151/99/109 133/100/110
f 40/16/111 41/18/112 132/101/113
f 7/75/114 133/73/115 151/95/116
f 138/102/117 135/103/118 48/54/119
f 25/104/120 130/105/121 9/106/122
f 402/107/123 12/108/124 409/109/125
f 52/110/126 55/111/127 30/112/128
f 506/113/129 155/49/130 499/114/131
f 108/115/132 156/116/133 5/117/134
f 23/118/135 158/119/136 30/112/137
f 156/120/138 117/121/139 5/122/140
f 117/121/141 156/120/142 42/123/143
f 51/124/144 143/125/145 94/126/146
f 9/67/147 61/66/148 47/127/149
f 145/90/150 7/128/151 14/129/152
f 3/130/153 165/131/154 139/132/155
f 153/133/156 116/134/157 167/135/158
f 4/35/159 19/136/160 18/137/161
f 109/138/162 181/139/163 11/140/164
f 160/141/165 8/142/166 89/143/167
f 46/144/168 49/145/169 16/146/170
f 169/147/171 100/148/172 109/149/173
f 169/147/174 171/150/175 100/148/176
f 41/151/177 149/152/178 132/153/179
f 409/109/180 12/108/181 192/154/182
f 136/155/183 30/112/184 55/111/185
f 46/156/186 166/157/187 71/158/188
f 507/159/189 494/160/190 31/161/191
f 9/162/192 129/163/193 95/164/194
f 49/165/195 68/166/196 3/167/197
f 32/168/198 42/169/199 53/170/200
f 5/171/201 10/172/202 111/173/203
f 17/174/204 111/175/205 10/176/206
f 49/177/207 111/178/208 75/179/209
f 107/180/210 111/181/211 49/182/212
f 503/183/213 141/184/214 514/185/215
f 86/186/216 43/187/217 87/74/218
f 64/188/219 16/189/220 24/190/221
f 163/17/222 101/191/223 167/135/224
f 98/192/225 147/193/226 119/24/227
f 98/192/228 11/194/229 147/193/230
f 65/195/231 17/196/232 10/197/233
f 517/198/234 512/199/235 176/200/236 52/110/237
f 45/80/238 34/37/239 163/17/240
f 47/201/241 59/202/242 177/203/243
f 89/143/244 29/204/245 160/141/246
f 5/205/247 20/206/248 84/207/249
f 8/142/250 160/141/251 37/208/252
f 8/142/253 37/208/254 36/209/255
f 24/210/256 164/211/257 40/212/258
f 2/213/259 119/24/260 76/23/261
f 427/214/262 425/215/263 79/216/264 180/217/265
f 63/218/266 93/219/267 136/220/268
f 71/221/269 166/89/270 185/88/271
f 120/222/272 2/213/273 76/23/274
f 58/223/275 162/224/276 57/225/277
f 7/87/278 144/226/279 14/227/280
f 34/228/281 45/229/282 4/230/283
f 181/231/284 91/232/285 72/233/286
f 142/44/287 113/52/288 179/234/289
f 395/235/290 396/236/291 97/237/292 61/238/293
f 398/239/294 395/235/295 61/238/296 95/68/297
f 165/131/298 19/240/299 45/241/300
f 147/242/301 11/243/302 181/231/303
f 178/244/304 173/245/305 82/246/306
f 35/247/307 32/248/308 33/249/309
f 24/250/310 165/251/311 164/252/312
f 96/253/313 47/254/314 61/255/315
f 18/32/316 106/256/317 68/34/318
f 25/257/319 173/245/320 176/258/321
f 54/259/322 93/219/323 63/260/324
f 71/221/325 159/261/326 33/262/327
f 77/11/328 90/263/329 128/264/330
f 149/265/331 80/266/332 102/267/333
f 54/268/334 81/269/335 99/270/336
f 51/271/337 150/53/338 143/272/339
f 124/273/340 161/274/341 140/275/342
f 22/276/343 120/222/344 33/277/345
f 96/278/346 61/238/347 97/237/348
f 78/279/349 67/280/350 54/29/351
f 174/281/352 15/282/353 91/283/354
f 112/51/355 154/284/356 126/285/357
f 41/286/358 152/287/359 149/288/360
f 150/53/361 26/289/362 85/290/363
f 6/291/364 85/290/365 26/289/366
f 138/102/367 51/271/368 146/292/369
f 411/293/370 442/294/371 6/295/372
f 70/22/373 119/24/374 161/274/375
f 394/296/376 408/297/377 174/298/378 60/299/379
f 84/207/380 20/300/381 134/301/382
f 150/53/383 51/271/384 48/54/385
f 157/302/386 115/33/387 137/303/388
f 89/143/389 90/263/390 69/304/391
f 122/57/392 8/142/393 36/209/394
f 121/56/395 8/142/396 122/57/397
f 82/246/398 9/305/399 47/306/400
f 25/257/401 9/307/402 82/246/403
f 45/80/404 19/136/405 4/35/406
f 73/308/407 104/309/408 140/310/409
f 105/311/410 104/312/411 73/313/412
f 15/314/413 105/311/414 73/313/415
f 104/312/416 39/315/417 134/316/418
f 124/273/419 104/312/420 134/316/421
f 433/317/422 420/318/423 116/134/424 77/11/425
f 98/192/426 169/319/427 11/194/428
f 78/320/429 59/202/430 125/321/431
f 147/242/432 181/231/433 72/322/434
f 62/31/435 157/302/436 23/323/437
f 5/324/438 111/325/439 108/326/440
f 130/327/441 129/328/442 9/329/443
f 172/330/444 92/331/445 138/102/446
f 107/332/447 49/177/448 46/333/449
f 127/334/450 101/191/451 81/335/452
f 107/336/453 53/337/454 108/338/455
f 53/339/456 156/340/457 108/326/458
f 77/341/459 74/342/460 90/343/461
f 24/190/462 86/186/463 64/188/464
f 17/344/465 75/179/466 111/178/467
f 145/345/468 166/157/469 64/346/470
f 13/55/471 151/95/472 26/289/473
f 163/17/474 34/37/475 101/191/476
f 101/347/477 34/348/478 81/349/479
f 1/350/480 170/351/481 143/272/482
f 1/350/483 143/272/484 85/290/485
f 115/352/486 75/353/487 17/354/488
f 71/355/489 32/356/490 53/357/491
f 36/209/492 37/208/493 179/234/494
f 23/358/495 4/359/496 62/31/497
f 63/360/498 136/155/499 55/111/500
f 73/313/501 72/361/502 15/8/503
f 29/204/504 69/304/505 74/362/506
f 82/363/507 173/364/508 25/365/509
f 419/366/510 79/367/511 425/368/512
f 496/369/513 176/200/514 512/199/515
f 14/370/516 185/88/517 145/90/518
f 54/371/519 4/372/520 93/373/521
f 23/358/522 93/219/523 4/359/524
f 65/374/525 31/375/526 137/303/527
f 137/376/528 31/161/529 158/119/530
f 115/33/531 17/377/532 137/303/533
f 31/161/534 52/110/535 30/112/536
f 115/33/537 157/302/538 62/31/539
f 106/378/540 19/379/541 165/380/542
f 43/381/543 102/382/544 80/383/545
f 43/384/546 80/385/547 79/216/548
f 181/386/549 60/387/550 91/388/551
f 35/389/552 117/390/553 42/391/554
f 81/335/555 54/29/556 67/280/557
f 422/392/558 412/393/559 28/69/560 152/71/561
f 134/394/562 141/395/563 84/396/564
f 5/397/565 84/398/566 141/399/567
f 118/400/568 50/45/569 160/141/570
f 88/401/571 29/204/572 127/334/573
f 403/402/574 189/403/575 129/328/576
f 8/142/577 90/263/578 89/143/579
f 128/264/580 90/263/581 8/142/582
f 175/404/583 96/405/584 154/406/585
f 168/407/586 154/284/587 112/51/588
f 112/51/589 110/46/590 168/407/591
f 6/408/592 26/409/593 44/410/594
f 169/411/595 184/412/596 171/413/597
f 402/107/598 191/414/599 12/108/600
f 184/415/601 98/192/602 92/331/603
f 92/331/604 2/213/605 120/222/606
f 98/192/607 2/213/608 92/331/609
f 31/161/610 30/112/611 158/119/612
f 135/103/613 138/102/614 92/331/615
f 57/416/616 162/417/617 168/418/618
f 515/419/619 105/420/620 493/421/621
f 116/134/622 152/71/623 41/18/624
f 167/135/625 116/134/626 41/18/627
f 48/54/628 51/271/629 138/102/630
f 37/208/631 50/45/632 142/44/633
f 24/210/634 40/212/635 132/153/636
f 148/39/637 24/190/638 132/422/639
f 115/33/640 68/34/641 75/423/642
f 69/304/643 90/263/644 74/362/645
f 57/225/646 110/46/647 118/400/648
f 110/46/649 50/45/650 118/400/651
f 153/133/652 101/191/653 74/362/654
f 183/58/655 122/57/656 36/209/657
f 73/313/658 140/275/659 161/274/660
f 72/361/661 73/313/662 161/274/663
f 70/22/664 161/274/665 124/273/666
f 55/111/667 178/424/668 56/425/669
f 123/426/670 181/231/671 109/427/672
f 437/428/673 432/429/674 38/430/675
f 439/431/676 433/432/677 77/433/678
f 170/434/679 94/126/680 143/435/681
f 16/436/682 64/437/683 46/156/684
f 396/438/685 407/439/686 97/440/687
f 511/441/688 498/442/689 130/327/690
f 78/443/691 162/224/692 58/223/693
f 101/191/694 153/133/695 167/135/696
f 126/444/697 154/445/698 97/446/699
f 146/447/700 100/448/701 172/449/702
f 380/450/703 194/451/704 100/148/705 146/452/706
f 119/24/707 2/213/708 98/192/709
f 158/119/710 157/453/711 137/454/712
f 87/455/713 145/345/714 86/456/715
f 145/90/716 64/188/717 86/186/718
f 3/457/719 139/458/720 16/459/721
f 185/88/722 22/276/723 159/261/724
f 33/277/725 159/261/726 22/276/727
f 10/6/728 114/5/729 103/460/730
f 105/461/731 15/462/732 155/463/733
f 7/464/734 131/465/735 144/466/736
f 116/134/737 74/362/738 77/11/739
f 80/467/740 149/468/741 28/69/742
f 179/234/743 37/208/744 142/44/745
f 190/469/746 390/470/747 97/471/748
f 176/472/749 173/473/750 178/474/751
f 113/52/752 112/51/753 126/285/754
f 514/475/755 141/476/756 502/477/757
f 177/478/758 56/425/759 178/424/760
f 59/479/761 56/425/762 177/478/763
f 139/480/764 24/481/765 16/482/766
f 59/479/767 63/360/768 56/425/769
f 63/360/770 55/111/771 56/425/772
f 53/339/773 42/483/774 156/340/775
f 439/484/776 77/11/777 445/10/778
f 107/485/779 46/486/780 71/487/781
f 421/488/782 447/489/783 8/142/784
f 58/223/785 88/401/786 67/280/787
f 435/490/788 121/56/789 413/491/790
f 118/400/791 88/401/792 58/223/793
f 118/400/794 58/223/795 57/225/796
f 78/443/797 125/492/798 162/224/799
f 81/335/800 34/37/801 99/36/802
f 4/359/803 18/32/804 62/31/805
f 21/493/806 44/494/807 27/495/808
f 407/496/809 190/497/810 97/237/811
f 99/36/812 4/35/813 54/29/814
f 519/498/815 25/257/816 497/499/817
f 443/500/818 446/501/819 21/502/820
f 179/503/821 113/504/822 182/505/823
f 78/279/824 54/29/825 59/28/826
f 168/407/827 175/506/828 154/284/829
f 415/507/830 1/350/831 434/508/832
f 430/509/833 413/491/834 121/56/835 183/58/836
f 430/509/837 183/58/838 418/510/839
f 47/201/840 177/203/841 82/511/842
f 36/209/843 179/234/844 183/58/845
f 414/512/846 444/12/847 77/11/848 128/264/849
f 141/513/850 114/514/851 5/205/852
f 83/515/853 193/516/854 123/426/855
f 15/8/856 72/361/857 91/517/858
f 67/518/859 88/519/860 127/520/861
f 112/51/862 142/44/863 110/46/864
f 165/131/865 45/241/866 164/211/867
f 21/521/868 27/13/869 133/522/870
f 161/274/871 119/24/872 147/193/873
f 161/274/874 147/193/875 72/361/876
f 176/200/877 178/424/878 55/111/879
f 176/200/880 55/111/881 52/110/882
f 65/523/883 10/524/884 103/525/885
f 185/88/886 14/370/887 144/526/888
f 144/527/889 48/528/890 22/529/891
f 144/530/892 22/531/893 185/532/894
f 26/533/895 27/534/896 44/535/897
f 172/536/898 100/148/899 171/150/900
f 172/330/901 171/537/902 184/415/903
f 516/538/904 66/539/905 504/540/906
f 131/84/907 151/95/908 13/55/909
f 48/528/910 135/541/911 22/529/912
f 5/205/913 117/542/914 20/206/915
f 116/543/916 153/544/917 74/545/918
f 20/546/919 124/547/920 134/548/921
f 87/74/922 43/187/923 38/72/924
f 101/191/925 127/334/926 29/204/927
f 49/549/928 75/550/929 68/551/930
f 165/131/931 3/167/932 106/552/933
f 105/553/934 39/554/935 104/555/936
f 160/141/937 29/204/938 118/400/939
f 428/556/940 437/557/941 38/558/942 79/559/943
f 79/560/944 38/561/945 43/562/946
f 23/118/947 157/453/948 158/119/949
f 22/276/950 135/103/951 120/222/952
f 139/458/953 165/563/954 24/190/955
f 509/564/956 65/565/957 510/566/958
f 19/379/959 106/378/960 18/567/961
f 76/23/962 33/277/963 120/222/964
f 141/568/965 103/460/966 114/5/967
f 169/319/968 98/192/969 184/415/970
f 191/414/971 381/569/972 12/108/973
f 125/570/974 175/571/975 162/572/976
f 162/224/977 175/506/978 168/407/979
f 107/573/980 108/574/981 111/575/982
f 415/507/983 431/576/984 170/351/985 1/350/986
f 388/577/987 406/578/988 100/148/989
f 387/579/990 380/450/991 146/452/992 12/108/993
f 400/580/994 182/505/995 386/581/996
f 23/358/997 136/220/998 93/219/999
f 416/582/1000 427/583/1001 180/584/1002
f 102/585/1003 86/586/1004 148/587/1005
f 43/187/1006 86/186/1007 102/38/1008
f 67/588/1009 78/589/1010 58/590/1011
f 118/400/1012 29/204/1013 88/401/1014
f 37/208/1015 160/141/1016 50/45/1017
f 423/591/1018 116/134/1019 420/318/1020
f 123/426/1021 60/3/1022 181/231/1023
f 146/452/1024 94/592/1025 12/108/1026
f 89/143/1027 69/304/1028 29/204/1029
f 123/593/1030 109/594/1031 83/595/1032
f 29/596/1033 74/545/1034 101/597/1035
f 33/598/1036 76/599/1037 35/247/1038
f 82/246/1039 177/600/1040 178/244/1041
f 146/292/1042 172/330/1043 138/102/1044
f 96/601/1045 97/602/1046 154/603/1047
f 435/490/1048 421/488/1049 8/142/1050 121/56/1051
f 120/222/1052 135/103/1053 92/331/1054
f 51/604/1055 94/605/1056 146/606/1057
f 168/407/1058 110/46/1059 57/225/1060
f 436/607/1061 21/608/1062 446/501/1063
f 91/609/1064 60/3/1065 174/50/1066
f 41/18/1067 163/17/1068 167/135/1069
f 35/610/1070 70/22/1071 117/611/1072
f 408/612/1073 188/47/1074 174/50/1075
f 186/613/1076 386/614/1077 182/615/1078 113/616/1079
f 76/617/1080 70/618/1081 35/247/1082
f 92/331/1083 172/330/1084 184/415/1085
f 64/188/1086 166/89/1087 46/333/1088
f 398/619/1089 95/164/1090 401/620/1091
f 47/621/1092 96/622/1093 125/570/1094
f 125/570/1095 96/622/1096 175/571/1097
f 124/623/1098 117/624/1099 70/625/1100
f 124/626/1101 20/627/1102 117/390/1103
f 148/39/1104 86/186/1105 24/190/1106
f 16/459/1107 49/177/1108 3/457/1109
f 32/628/1110 71/221/1111 33/262/1112
f 11/243/1113 169/147/1114 109/149/1115
f 144/629/1116 131/630/1117 48/631/1118
f 85/290/1119 143/272/1120 150/53/1121
f 80/632/1122 28/69/1123 180/633/1124
f 124/273/1125 140/275/1126 104/312/1127
f 159/261/1128 71/221/1129 185/88/1130
f 32/168/1131 35/247/1132 42/169/1133
f 26/289/1134 150/53/1135 13/55/1136
f 125/321/1137 59/202/1138 47/201/1139
f 71/487/1140 53/634/1141 107/485/1142
f 179/635/1143 195/636/1144 410/637/1145
f 182/505/1146 400/580/1147 399/638/1148
f 182/639/1149 399/640/1150 195/641/1151 179/642/1152
f 123/426/1153 193/516/1154 405/1/1155 60/3/1156
f 155/49/1157 393/643/1158 397/644/1159
f 12/108/1160 94/592/1161 391/645/1162 192/154/1163
f 94/592/1164 170/646/1165 392/647/1166 391/645/1167
f 129/328/1168 189/403/1169 401/648/1170 95/649/1171
f 100/650/1172 406/651/1173 187/652/1174 109/653/1175
f 109/149/1176 187/654/1177 389/655/1178
f 100/148/1179 194/451/1180 388/577/1181
f 109/149/1182 389/655/1183 83/515/1184
f 179/656/1185 410/657/1186 385/658/1187 183/659/1188
f 491/660/1189 418/510/1190 183/58/1191 385/661/1192 404/662/1193
f 97/237/1194 390/663/1195 383/664/1196 126/665/1197
f 155/49/1198 382/48/1199 393/643/1200
f 491/666/1201 404/667/1202 489/668/1203
f 12/108/1204 381/569/1205 387/579/1206
f 405/1/1207 255/669/1208 394/2/1209
f 200/670/1210 205/671/1211 308/672/1212
f 349/673/1213 368/674/1214 210/675/1215
f 485/676/1216 484/677/1217 272/678/1218
f 222/679/1219 345/680/1220 221/681/1221
f 235/682/1222 236/683/1223 357/684/1224
f 297/685/1225 260/686/1226 261/687/1227
f 265/688/1228 313/689/1229 271/690/1230
f 274/691/1231 374/692/1232 275/693/1233
f 254/694/1234 258/695/1235 249/696/1236
f 257/697/1237 309/698/1238 213/699/1239
f 309/698/1240 263/700/1241 213/699/1242
f 199/701/1243 229/702/1244 293/703/1245
f 296/704/1246 343/705/1247 342/706/1248
f 300/707/1249 263/708/1250 198/709/1251
f 336/710/1252 304/711/1253 245/712/1254
f 188/47/1255 368/713/1256 349/714/1257 382/48/1258
f 306/715/1259 336/710/1260 307/716/1261
f 344/717/1262 208/718/1263 243/719/1264
f 315/720/1265 377/721/1266 316/722/1267
f 383/59/1268 320/723/1269 307/724/1270 186/60/1271
f 321/725/1272 262/726/1273 276/727/1274
f 256/728/1275 289/729/1276 204/730/1277
f 223/731/1278 346/732/1279 343/733/1280
f 233/734/1281 281/735/1282 327/736/1283
f 327/736/1284 281/735/1285 202/737/1286
f 330/738/1287 225/739/1288 218/740/1289
f 358/741/1290 235/682/1291 240/742/1292
f 240/743/1293 235/744/1294 357/745/1295
f 208/718/1296 325/746/1297 243/719/1298
f 339/747/1299 202/748/1300 281/749/1301
f 379/750/1302 339/751/1303 360/752/1304
f 326/753/1305 342/754/1306 343/755/1307
f 325/746/1308 345/756/1309 202/757/1310
f 260/758/1311 212/759/1312 331/760/1313
f 222/679/1314 327/761/1315 345/762/1316
f 235/682/1317 326/763/1318 236/683/1319
f 202/737/1320 345/756/1321 327/736/1322
f 332/764/1323 243/719/1324 329/765/1325
f 220/766/1326 204/767/1327 324/768/1328
f 402/107/1329 409/109/1330 207/769/1331
f 247/770/1332 225/771/1333 250/772/1334
f 534/773/1335 527/774/1336 349/714/1337
f 302/775/1338 200/776/1339 350/777/1340
f 218/778/1341 225/771/1342 352/779/1343
f 350/780/1344 200/781/1345 311/782/1346
f 311/782/1347 237/783/1348 350/780/1349
f 246/784/1350 288/785/1351 337/786/1352
f 204/730/1353 242/787/1354 256/728/1355
f 339/751/1356 209/788/1357 202/789/1358
f 198/790/1359 333/791/1360 359/792/1361
f 347/793/1362 361/794/1363 310/795/1364
f 199/701/1365 213/796/1366 214/797/1367
f 303/798/1368 206/799/1369 375/800/1370
f 354/801/1371 283/802/1372 203/803/1373
f 241/804/1374 211/805/1375 244/806/1376
f 363/807/1377 303/808/1378 294/809/1379
f 363/807/1380 294/809/1381 365/810/1382
f 236/811/1383 326/812/1384 343/813/1385
f 409/109/1386 192/154/1387 207/769/1388
f 330/814/1389 250/772/1390 225/771/1391
f 241/815/1392 266/816/1393 360/817/1394
f 535/818/1395 226/819/1396 522/820/1397
f 204/821/1398 289/822/1399 323/823/1400
f 244/824/1401 198/825/1402 263/826/1403
f 227/827/1404 248/828/1405 237/829/1406
f 200/830/1407 305/831/1408 205/832/1409
f 212/833/1410 205/834/1411 305/835/1412
f 244/836/1413 270/837/1414 305/838/1415
f 301/839/1416 244/840/1417 305/841/1418
f 531/842/1419 542/843/1420 335/844/1421
f 280/845/1422 281/735/1423 238/846/1424
f 259/847/1425 219/848/1426 211/849/1427
f 357/684/1428 361/794/1429 295/850/1430
f 292/851/1431 313/689/1432 341/852/1433
f 292/851/1434 341/852/1435 206/853/1436
f 260/854/1437 205/855/1438 212/856/1439
f 540/857/1440 545/858/1441 247/770/1442 370/859/1443
f 240/742/1444 357/684/1445 229/702/1446
f 242/860/1447 371/861/1448 254/862/1449
f 283/802/1450 354/801/1451 224/863/1452
f 200/864/1453 278/865/1454 215/866/1455
f 203/803/1456 232/867/1457 354/801/1458
f 203/803/1459 231/868/1460 232/867/1461
f 219/869/1462 235/870/1463 358/871/1464
f 197/872/1465 271/690/1466 313/689/1467
f 463/873/1468 465/874/1469 374/875/1470 274/876/1471
f 258/877/1472 330/878/1473 287/879/1474
f 266/880/1475 379/750/1476 360/752/1477
f 314/881/1478 271/690/1479 197/872/1480
f 253/882/1481 252/883/1482 356/884/1483
f 202/748/1484 209/885/1485 338/886/1486
f 229/887/1487 199/888/1488 240/889/1489
f 375/890/1490 267/891/1491 285/892/1492
f 336/710/1493 373/893/1494 307/716/1495
f 395/235/1496 256/894/1497 291/895/1498 396/236/1499
f 398/239/1500 289/729/1501 256/894/1502 395/235/1503
f 359/792/1504 240/896/1505 214/897/1506
f 341/898/1507 375/890/1508 206/899/1509
f 372/900/1510 277/901/1511 367/902/1512
f 230/903/1513 228/904/1514 227/905/1515
f 219/906/1516 358/907/1517 359/908/1518
f 290/909/1519 256/910/1520 242/911/1521
f 213/699/1522 263/700/1523 300/912/1524
f 220/913/1525 370/914/1526 367/902/1527
f 249/915/1528 258/916/1529 287/879/1530
f 266/880/1531 228/917/1532 353/918/1533
f 272/678/1534 322/919/1535 284/920/1536
f 343/921/1537 296/922/1538 275/923/1539
f 249/924/1540 293/925/1541 276/926/1542
f 246/927/1543 337/928/1544 344/717/1545
f 318/929/1546 334/930/1547 355/931/1548
f 217/932/1549 228/933/1550 314/881/1551
f 290/934/1552 291/895/1553 256/894/1554
f 273/935/1555 249/696/1556 262/936/1557
f 368/937/1558 285/938/1559 210/939/1560
f 306/715/1561 320/940/1562 348/941/1563
f 236/942/1564 343/943/1565 346/944/1566
f 344/717/1567 279/945/1568 221/946/1569
f 201/947/1570 221/946/1571 279/945/1572
f 332/764/1573 340/948/1574 246/927/1575
f 448/949/1576 201/950/1577 482/951/1578
f 265/688/1579 355/931/1580 313/689/1581
f 394/296/1582 255/952/1583 368/953/1584 408/297/1585
f 278/865/1586 328/954/1587 215/955/1588
f 344/717/1589 243/719/1590 246/927/1591
f 351/956/1592 331/957/1593 309/698/1594
f 283/802/1595 264/958/1596 284/920/1597
f 316/722/1598 231/868/1599 203/803/1600
f 315/720/1601 316/722/1602 203/803/1603
f 277/901/1604 242/959/1605 204/960/1606
f 220/913/1607 277/901/1608 204/961/1609
f 240/742/1610 199/701/1611 214/797/1612
f 268/962/1613 334/963/1614 298/964/1615
f 299/965/1616 268/966/1617 298/967/1618
f 210/968/1619 268/966/1620 299/965/1621
f 298/967/1622 328/969/1623 234/970/1624
f 318/929/1625 328/969/1626 298/967/1627
f 458/971/1628 471/972/1629 272/678/1630 310/795/1631
f 292/851/1632 206/853/1633 363/973/1634
f 273/974/1635 319/975/1636 254/862/1637
f 341/898/1638 267/976/1639 375/890/1640
f 257/697/1641 218/977/1642 351/956/1643
f 200/978/1644 302/979/1645 305/980/1646
f 324/981/1647 204/982/1648 323/983/1649
f 366/984/1650 332/764/1651 286/985/1652
f 301/986/1653 241/987/1654 244/836/1655
f 321/988/1656 276/989/1657 295/850/1658
f 301/990/1659 302/991/1660 248/992/1661
f 248/993/1662 302/979/1663 350/994/1664
f 272/995/1665 284/996/1666 269/997/1667
f 219/848/1668 259/847/1669 280/845/1670
f 212/998/1671 305/838/1672 270/837/1673
f 339/999/1674 259/1000/1675 360/817/1676
f 208/718/1677 221/946/1678 345/756/1679
f 357/684/1680 295/850/1681 229/702/1682
f 295/1001/1683 276/1002/1684 229/1003/1685
f 196/1004/1686 337/928/1687 364/1005/1688
f 196/1004/1689 279/945/1690 337/928/1691
f 309/1006/1692 212/1007/1693 270/1008/1694
f 266/1009/1695 248/1010/1696 227/1011/1697
f 231/868/1698 373/893/1699 232/867/1700
f 218/1012/1701 257/697/1702 199/1013/1703
f 258/1014/1704 250/772/1705 330/814/1706
f 268/966/1707 210/675/1708 267/1015/1709
f 224/863/1710 269/1016/1711 264/958/1712
f 277/1017/1713 220/1018/1714 367/1019/1715
f 457/1020/1716 463/1021/1717 274/1022/1718
f 524/1023/1719 540/857/1720 370/859/1721
f 209/1024/1722 339/751/1723 379/750/1724
f 249/1025/1725 287/1026/1726 199/1027/1727
f 218/1012/1728 199/1013/1729 287/879/1730
f 260/1028/1731 331/957/1732 226/1029/1733
f 331/1030/1734 352/779/1735 226/819/1736
f 309/698/1737 331/957/1738 212/1031/1739
f 226/819/1740 225/771/1741 247/770/1742
f 309/698/1743 257/697/1744 351/956/1745
f 300/1032/1746 359/1033/1747 214/1034/1748
f 238/1035/1749 275/1036/1750 296/1037/1751
f 238/1038/1752 274/876/1753 275/1039/1754
f 375/1040/1755 285/1041/1756 255/1042/1757
f 230/1043/1758 237/1044/1759 311/1045/1760
f 276/989/1761 262/936/1762 249/696/1763
f 449/1046/1764 460/1047/1765 346/732/1766 223/731/1767
f 328/1048/1768 278/1049/1769 335/1050/1770
f 200/1051/1771 335/1052/1772 278/1053/1773
f 312/1054/1774 354/801/1775 245/712/1776
f 282/1055/1777 321/988/1778 224/863/1779
f 403/402/1780 323/983/1781 189/403/1782
f 203/803/1783 283/802/1784 284/920/1785
f 322/919/1786 203/803/1787 284/920/1788
f 369/1056/1789 348/1057/1790 290/1058/1791
f 362/1059/1792 306/715/1793 348/941/1794
f 306/715/1795 362/1059/1796 304/711/1797
f 201/1060/1798 239/1061/1799 221/1062/1800
f 363/1063/1801 365/1064/1802 378/1065/1803
f 402/107/1804 207/769/1805 191/414/1806
f 378/1066/1807 286/985/1808 292/851/1809
f 286/985/1810 314/881/1811 197/872/1812
f 292/851/1813 286/985/1814 197/872/1815
f 226/819/1816 352/779/1817 225/771/1818
f 329/765/1819 286/985/1820 332/764/1821
f 252/1067/1822 362/1068/1823 356/1069/1824
f 543/1070/1825 521/1071/1826 299/1072/1827
f 310/795/1828 236/683/1829 346/732/1830
f 361/794/1831 236/683/1832 310/795/1833
f 243/719/1834 332/764/1835 246/927/1836
f 232/867/1837 336/710/1838 245/712/1839
f 219/869/1840 326/812/1841 235/870/1842
f 342/706/1843 326/1073/1844 219/848/1845
f 309/698/1846 270/1074/1847 263/700/1848
f 264/958/1849 269/1016/1850 284/920/1851
f 252/883/1852 312/1054/1853 304/711/1854
f 304/711/1855 312/1054/1856 245/712/1857
f 347/793/1858 269/1016/1859 295/850/1860
f 377/721/1861 231/868/1862 316/722/1863
f 268/966/1864 355/931/1865 334/930/1866
f 267/1015/1867 355/931/1868 268/966/1869
f 265/688/1870 318/929/1871 355/931/1872
f 250/772/1873 251/1075/1874 372/1076/1875
f 317/1077/1876 303/1078/1877 375/890/1878
f 475/1079/1879 233/1080/1880 470/1081/1881
f 478/1082/1882 272/1083/1883 471/1084/1884
f 364/1085/1885 337/1086/1886 288/785/1887
f 211/1087/1888 241/815/1889 259/1088/1890
f 396/438/1891 291/1089/1892 407/439/1893
f 539/1090/1894 324/981/1895 526/1091/1896
f 273/1092/1897 253/882/1898 356/884/1899
f 295/850/1900 361/794/1901 347/793/1902
f 320/1093/1903 291/1094/1904 348/1095/1905
f 340/1096/1906 366/1097/1907 294/1098/1908
f 380/450/1909 340/1099/1910 294/809/1911 194/451/1912
f 313/689/1913 292/851/1914 197/872/1915
f 352/779/1916 331/1100/1917 351/1101/1918
f 281/1102/1919 280/1103/1920 339/999/1921
f 339/751/1922 280/845/1923 259/847/1924
f 198/1104/1925 211/1105/1926 333/1106/1927
f 379/750/1928 353/918/1929 217/932/1930
f 228/933/1931 217/932/1932 353/918/1933
f 205/671/1934 297/1107/1935 308/672/1936
f 299/1108/1937 349/1109/1938 210/1110/1939
f 202/1111/1940 338/1112/1941 325/1113/1942
f 310/795/1943 272/678/1944 269/1016/1945
f 275/1114/1946 223/731/1947 343/1115/1948
f 373/893/1949 336/710/1950 232/867/1951
f 190/469/1952 291/1116/1953 390/470/1954
f 370/1117/1955 372/1118/1956 367/1119/1957
f 307/716/1958 320/940/1959 306/715/1960
f 542/1120/1961 530/1121/1962 335/1122/1963
f 371/1123/1964 372/1076/1965 251/1075/1966
f 254/1124/1967 371/1123/1968 251/1075/1969
f 333/1125/1970 211/1126/1971 219/1127/1972
f 254/1124/1973 251/1075/1974 258/1014/1975
f 258/1014/1976 251/1075/1977 250/772/1978
f 248/993/1979 350/994/1980 237/1128/1981
f 478/1129/1982 485/676/1983 272/678/1984
f 301/1130/1985 266/1131/1986 241/1132/1987
f 459/1133/1988 203/803/1989 487/1134/1990
f 253/882/1991 262/936/1992 282/1055/1993
f 473/1135/1994 450/1136/1995 315/720/1996
f 312/1054/1997 253/882/1998 282/1055/1999
f 312/1054/2000 252/883/2001 253/882/2002
f 273/1092/2003 356/884/2004 319/1137/2005
f 276/989/2006 293/703/2007 229/702/2008
f 199/1013/2009 257/697/2010 213/699/2011
f 216/1138/2012 222/1139/2013 239/1140/2014
f 407/496/2015 291/895/2016 190/497/2017
f 293/703/2018 249/696/2019 199/701/2020
f 547/1141/2021 525/1142/2022 220/913/2023
f 483/1143/2024 216/1144/2025 477/1145/2026
f 373/1146/2027 376/1147/2028 307/1148/2029
f 273/935/2030 254/694/2031 249/696/2032
f 362/1059/2033 348/941/2034 369/1149/2035
f 452/1150/2036 472/1151/2037 196/1004/2038
f 450/1136/2039 468/1152/2040 377/721/2041 315/720/2042
f 468/1152/2043 456/1153/2044 377/721/2045
f 242/860/2046 277/1154/2047 371/861/2048
f 231/868/2049 377/721/2050 373/893/2051
f 484/677/2052 451/1155/2053 322/919/2054 272/678/2055
f 335/1156/2056 200/864/2057 308/1157/2058
f 83/515/2059 317/1077/2060 193/516/2061
f 210/675/2062 285/1158/2063 267/1015/2064
f 262/1159/2065 321/1160/2066 282/1161/2067
f 306/715/2068 304/711/2069 336/710/2070
f 359/792/2071 358/871/2072 240/896/2073
f 216/1162/2074 327/1163/2075 222/679/2076
f 355/931/2077 341/852/2078 313/689/2079
f 355/931/2080 267/1015/2081 341/852/2082
f 370/859/2083 250/772/2084 372/1076/2085
f 370/859/2086 247/770/2087 250/772/2088
f 260/1164/2089 297/1165/2090 205/1166/2091
f 379/750/2092 338/1167/2093 209/1024/2094
f 338/1168/2095 217/1169/2096 243/1170/2097
f 338/1171/2098 379/1172/2099 217/1173/2100
f 221/1174/2101 239/1175/2102 222/1176/2103
f 366/1177/2104 365/810/2105 294/809/2106
f 366/984/2107 378/1066/2108 365/1178/2109
f 544/1179/2110 532/1180/2111 261/1181/2112
f 325/746/2113 208/718/2114 345/756/2115
f 243/1170/2116 217/1169/2117 329/1182/2118
f 200/864/2119 215/866/2120 311/1183/2121
f 310/1184/2122 269/1185/2123 347/1186/2124
f 215/1187/2125 328/1188/2126 318/1189/2127
f 281/735/2128 233/734/2129 238/846/2130
f 295/850/2131 224/863/2132 321/988/2133
f 244/1190/2134 263/1191/2135 270/1192/2136
f 359/792/2137 300/1193/2138 198/825/2139
f 299/1194/2140 298/1195/2141 234/1196/2142
f 354/801/2143 312/1054/2144 224/863/2145
f 475/1197/2146 466/1198/2147 274/1199/2148 233/1200/2149
f 274/1201/2150 238/1202/2151 233/1203/2152
f 218/778/2153 352/779/2154 351/1101/2155
f 217/932/2156 314/881/2157 329/765/2158
f 333/1106/2159 219/848/2160 359/1204/2161
f 537/1205/2162 538/1206/2163 260/1207/2164
f 214/1034/2165 213/1208/2166 300/1032/2167
f 271/690/2168 314/881/2169 228/933/2170
f 335/1209/2171 308/672/2172 297/1107/2173
f 363/973/2174 378/1066/2175 292/851/2176
f 191/414/2177 207/769/2178 381/569/2179
f 319/1210/2180 356/1211/2181 369/1212/2182
f 356/884/2183 362/1059/2184 369/1149/2185
f 301/1213/2186 305/1214/2187 302/1215/2188
f 469/1216/2189 452/1150/2190 196/1004/2191 364/1005/2192
f 388/577/2193 294/809/2194 406/578/2195
f 387/579/2196 207/769/2197 340/1099/2198 380/450/2199
f 400/580/2200 386/581/2201 376/1147/2202
f 218/1012/2203 287/879/2204 330/878/2205
f 453/1217/2206 374/1218/2207 465/1219/2208
f 296/1220/2209 342/1221/2210 280/1222/2211
f 238/846/2212 296/704/2213 280/845/2214
f 262/1223/2215 253/1224/2216 273/1225/2217
f 312/1054/2218 282/1055/2219 224/863/2220
f 232/867/2221 245/712/2222 354/801/2223
f 461/1226/2224 458/971/2225 310/795/2226
f 317/1077/2227 375/890/2228 255/669/2229
f 340/1099/2230 207/769/2231 288/1227/2232
f 283/802/2233 224/863/2234 264/958/2235
f 317/1228/2236 83/595/2237 303/1229/2238
f 224/1230/2239 295/1231/2240 269/1185/2241
f 228/1232/2242 230/903/2243 271/1233/2244
f 277/901/2245 372/900/2246 371/1234/2247
f 340/948/2248 332/764/2249 366/984/2250
f 290/1235/2251 348/1236/2252 291/1237/2253
f 459/1133/2254 473/1135/2255 315/720/2256 203/803/2257
f 314/881/2258 286/985/2259 329/765/2260
f 246/1238/2261 340/1239/2262 288/1240/2263
f 362/1059/2264 252/883/2265 304/711/2266
f 474/1241/2267 486/1242/2268 216/1243/2269
f 285/1244/2270 368/713/2271 255/669/2272
f 236/683/2273 361/794/2274 357/684/2275
f 230/1245/2276 311/1246/2277 265/688/2278
f 408/612/2279 368/713/2280 188/47/2281
f 186/613/2282 307/1247/2283 376/1248/2284 386/614/2285
f 271/1249/2286 230/903/2287 265/1250/2288
f 286/985/2289 378/1066/2290 366/984/2291
f 259/847/2292 241/987/2293 360/752/2294
f 398/619/2295 401/620/2296 289/822/2297
f 242/1251/2298 319/1210/2299 290/1252/2300
f 319/1210/2301 369/1212/2302 290/1252/2303
f 318/1253/2304 265/1254/2305 311/1255/2306
f 318/1256/2307 311/1045/2308 215/1257/2309
f 342/706/2310 219/848/2311 280/845/2312
f 211/1105/2313 198/1104/2314 244/836/2315
f 227/1258/2316 228/917/2317 266/880/2318
f 206/899/2319 303/808/2320 363/807/2321
f 338/1259/2322 243/1260/2323 325/1261/2324
f 279/945/2325 344/717/2326 337/928/2327
f 275/1262/2328 374/1263/2329 223/731/2330
f 318/929/2331 298/967/2332 334/930/2333
f 353/918/2334 379/750/2335 266/880/2336
f 227/827/2337 237/829/2338 230/903/2339
f 221/946/2340 208/718/2341 344/717/2342
f 319/975/2343 242/860/2344 254/862/2345
f 266/1131/2346 301/1130/2347 248/1264/2348
f 373/1265/2349 410/637/2350 195/636/2351
f 376/1147/2352 399/638/2353 400/580/2354
f 376/1266/2355 373/1267/2356 195/641/2357 399/640/2358
f 317/1077/2359 255/669/2360 405/1/2361 193/516/2362
f 349/714/2363 397/644/2364 393/643/2365
f 207/769/2366 192/154/2367 391/645/2368 288/1227/2369
f 288/1227/2370 391/645/2371 392/647/2372 364/1268/2373
f 323/983/2374 289/1269/2375 401/648/2376 189/403/2377
f 294/1270/2378 303/1271/2379 187/652/2380 406/651/2381
f 303/808/2382 389/655/2383 187/654/2384
f 294/809/2385 388/577/2386 194/451/2387
f 303/808/2388 83/515/2389 389/655/2390
f 373/1272/2391 377/1273/2392 385/658/2393 410/657/2394
f 456/1153/2395 479/1274/2396 404/662/2397 385/661/2398 377/721/2399
f 291/895/2400 320/1275/2401 383/664/2402 390/663/2403
f 349/714/2404 393/643/2405 382/48/2406
f 479/1276/2407 489/668/2408 404/667/2409
f 207/769/2410 387/579/2411 381/569/2412
f 384/1277/2413 490/1278/2414 488/1279/2415
f 201/1280/2416 481/1281/2417 482/1282/2418
f 216/1243/2419 486/1242/2420 477/1283/2421
f 279/945/2422 476/1284/2423 481/1285/2424 201/947/2425
f 239/1286/2426 480/1287/2427 474/1288/2428 216/1289/2429
f 279/945/2430 196/1004/2431 464/1290/2432 476/1284/2433
f 196/1004/2434 472/1151/2435 464/1290/2436
f 327/1291/2437 462/1292/2438 470/1293/2439 233/1294/2440
f 327/1295/2441 216/1296/2442 483/1297/2443 462/1298/2444
f 274/1201/2445 466/1299/2446 457/1300/2447
f 384/1301/2448 455/1302/2449 469/1303/2450 364/1304/2451 392/1305/2452
f 384/1277/2453 488/1279/2454 455/1306/2455
f 346/732/2456 460/1047/2457 454/1307/2458 310/795/2459
f 310/1308/2460 454/1309/2461 461/1310/2462
f 374/1311/2463 453/1312/2464 467/1313/2465
f 203/803/2466 322/919/2467 451/1155/2468 487/1134/2469
f 223/1314/2470 374/1315/2471 467/1316/2472 449/1317/2473
f 201/1318/2474 448/1319/2475 480/1320/2476 239/1321/2477
f 6/1322/2478 442/1323/2479 441/1324/2480
f 85/290/2481 6/291/2482 441/1325/2483 438/1326/2484
f 44/1327/2485 21/1328/2486 436/1329/2487 440/1330/2488
f 384/1301/2489 392/1305/2490 170/1331/2491 431/1332/2492 490/1333/2493
f 85/290/2494 438/1326/2495 426/1334/2496 1/350/2497
f 1/350/2498 426/1334/2499 434/508/2500
f 133/1335/2501 38/1336/2502 432/1337/2503 424/1338/2504
f 133/1339/2505 424/1340/2506 443/1341/2507 21/1342/2508
f 79/560/2509 419/1343/2510 428/1344/2511
f 152/71/2512 116/134/2513 417/1345/2514 422/392/2515
f 116/1346/2516 423/1347/2517 417/1348/2518
f 180/1349/2519 429/1350/2520 416/1351/2521
f 8/142/2522 447/489/2523 414/512/2524 128/264/2525
f 28/1352/2526 412/1353/2527 429/1354/2528 180/1355/2529
f 6/1356/2530 44/1357/2531 440/1358/2532 411/1359/2533
f 489/668/2534 479/1274/2535 456/1153/2536 468/1152/2537 450/1136/2538 473/1135/2539 459/1133/2540 487/1134/2541 451/1155/2542 484/677/2543 485/676/2544 478/1082/2545 471/972/2546 458/971/2547 461/1310/2548 454/1307/2549 460/1047/2550 449/1317/2551 467/1313/2552 453/1217/2553 465/874/2554 463/1021/2555 457/1300/2556 466/1198/2557 475/1079/2558 470/1293/2559 462/1298/2560 483/1143/2561 477/1283/2562 486/1242/2563 474/1288/2564 480/1320/2565 448/949/2566 482/1282/2567 481/1285/2568 476/1284/2569 464/1290/2570 472/1151/2571 452/1150/2572 469/1303/2573 455/1306/2574 488/1279/2575 490/1333/2576 431/576/2577 415/507/2578 434/508/2579 426/1334/2580 438/1326/2581 441/1324/2582 442/294/2583 411/1359/2584 440/1330/2585 436/607/2586 446/501/2587 443/1341/2588 424/1338/2589 432/429/2590 437/557/2591 428/1344/2592 419/366/2593 425/215/2594 427/583/2595 416/1351/2596 429/1354/2597 412/393/2598 422/392/2599 417/1348/2600 423/591/2601 420/318/2602 433/432/2603 439/484/2604 445/10/2605 444/12/2606 414/512/2607 447/489/2608 421/488/2609 435/490/2610 413/491/2611 430/509/2612 418/510/2613 491/666/2614
f 129/1360/2615 130/1361/2616 551/1362/2617 549/1363/2618 403/1364/2619
f 323/1365/2620 403/1364/2621 549/1363/2622 548/1366/2623 324/1367/2624
f 234/970/2625 541/1368/2626 543/1369/2627 299/965/2628
f 234/970/2629 546/1370/2630 541/1368/2631
f 220/1371/2632 324/981/2633 539/1090/2634 547/1372/2635
f 261/1373/2636 260/1374/2637 538/1375/2638 544/1376/2639
f 234/970/2640 536/1377/2641 546/1370/2642
f 226/1029/2643 535/1378/2644 537/1379/2645 260/1028/2646
f 335/1380/2647 297/1381/2648 533/1382/2649 531/1383/2650
f 247/770/2651 545/858/2652 529/1384/2653
f 335/1122/2654 530/1121/2655 528/1385/2656
f 397/644/2657 349/714/2658 527/774/2659 550/1386/2660
f 324/981/2661 548/1387/2662 526/1091/2663
f 220/913/2664 525/1142/2665 524/1388/2666 370/914/2667
f 335/1122/2668 528/1385/2669 523/1389/2670 328/1048/2671
f 234/1390/2672 328/1391/2673 523/1392/2674 536/1393/2675
f 247/770/2676 529/1384/2677 522/820/2678 226/819/2679
f 299/1072/2680 521/1071/2681 534/773/2682 349/714/2683
f 297/1394/2684 520/1395/2685 533/1396/2686
f 297/1397/2687 261/1398/2688 532/1399/2689 520/1400/2690
f 39/315/2691 105/311/2692 515/1401/2693 513/1402/2694
f 39/315/2695 513/1402/2696 518/1403/2697
f 25/1404/2698 519/1405/2699 511/441/2700 130/327/2701
f 66/1406/2702 516/1407/2703 510/1408/2704 65/1409/2705
f 39/315/2706 518/1403/2707 508/1410/2708
f 31/375/2709 65/374/2710 509/1411/2711 507/1412/2712
f 141/1413/2713 503/1414/2714 505/1415/2715 103/1416/2716
f 52/110/2717 501/1417/2718 517/198/2719
f 141/476/2720 500/1418/2721 502/477/2722
f 397/644/2723 550/1386/2724 499/114/2725 155/49/2726
f 130/327/2727 498/442/2728 551/1419/2729
f 25/257/2730 176/258/2731 496/1420/2732 497/499/2733
f 141/476/2734 134/394/2735 495/1421/2736 500/1418/2737
f 39/1422/2738 508/1423/2739 495/1424/2740 134/1425/2741
f 52/110/2742 31/161/2743 494/160/2744 501/1417/2745
f 105/420/2746 155/49/2747 506/113/2748 493/421/2749
f 103/1426/2750 505/1427/2751 492/1428/2752
f 103/1429/2753 492/1430/2754 504/1431/2755 66/1432/2756
f 506/113/2757 500/1418/2758 513/1402/2759
f 551/1419/2760 548/1366/2761 549/1363/2762
f 548/1366/2763 539/1090/2764 526/1091/2765
f 539/1090/2766 525/1142/2767 547/1372/2768
f 525/1142/2769 540/857/2770 524/1388/2771
f 540/857/2772 529/1384/2773 545/858/2774
f 529/1384/2775 535/818/2776 522/820/2777
f 537/1379/2778 544/1376/2779 538/1206/2780
f 529/1384/2781 537/1379/2782 535/818/2783
f 525/1142/2784 529/1384/2785 540/857/2786
f 548/1366/2787 537/1379/2788 539/1090/2789
f 539/1090/2787 529/1384/2790 525/1142/2791
f 498/442/2792 511/441/2793 551/1419/2794
f 551/1419/2795 511/441/2796 548/1366/2797
f 497/499/2798 511/441/2799 519/498/2800
f 539/1090/2801 537/1379/2802 529/1384/2803
f 537/1379/2804 528/1385/2805 544/1376/2806
f 548/1366/2807 541/1368/2808 537/1379/2809
f 532/1180/2810 533/1396/2811 520/1400/2812
f 544/1376/2813 531/1383/2805 532/1180/2814
f 511/441/2815 541/1368/2816 548/1366/2817
f 496/369/2818 517/198/2819 497/499/2820
f 497/499/2821 517/198/2822 511/441/2823
f 517/198/2824 496/369/2825 512/199/2826
f 494/160/2827 517/198/2828 501/1417/2829
f 509/564/2830 494/160/2831 507/1412/2832
f 516/538/2833 509/564/2834 510/1408/2835
f 505/1415/2836 504/1431/2837 492/1428/2838
f 504/1431/2839 505/1415/2840 516/538/2841
f 516/538/2842 500/1418/2843 509/564/2844
f 505/1415/2845 503/183/2846 516/538/2847
f 509/564/2848 511/441/2849 494/160/2850
f 494/160/2851 511/441/2852 517/198/2781
f 544/1376/2853 528/1385/2854 531/1383/2855
f 541/1368/2856 528/1385/2857 537/1379/2858
f 532/1180/2859 531/1383/2860 533/1396/2861
f 531/1383/2862 530/1121/2863 542/843/2864
f 528/1385/2865 536/1393/2866 523/1389/2867
f 531/1383/2868 528/1385/2869 530/1121/2870
f 503/183/2871 500/1418/2872 516/538/2873
f 502/477/2870 503/183/2874 514/475/2875
f 509/564/2876 500/1418/2877 511/441/2878
f 500/1418/2879 550/1386/2880 511/441/2881
f 528/1385/2882 541/1368/2883 536/1393/2884
f 536/1393/2885 541/1368/2886 546/1370/2887
f 541/1368/2888 521/1071/2889 543/1369/2890
f 534/773/2891 550/1386/2892 527/774/2893
f 541/1368/2894 534/773/2895 521/1071/2896
f 500/1418/2897 503/183/2898 502/477/2899
f 508/1410/2884 500/1418/2900 495/1424/2901
f 513/1402/2902 508/1410/2903 518/1403/2904
f 493/421/2905 513/1402/2906 515/419/2907
f 550/1386/2908 506/113/2909 499/114/2910
f 506/113/2911 513/1402/2912 493/421/2913
f 513/1402/2914 500/1418/2915 508/1410/2916
f 534/773/2917 541/1368/2918 511/441/2919
f 534/773/2920 511/441/2921 550/1386/2922
f 550/1386/2923 500/1418/2924 506/113/2925
