# Blender v2.79 (sub 0) OBJ File: 'redo_fixed_360_joints.blend'
# www.blender.org
mtllib sungaya_inexpectata_31mg.mtl
o 08-a3.000_Sungaya_inexpectata_31mg.082
v 0.000214 0.000135 0.000865
v 0.000812 -0.000113 0.000269
v 0.000737 -0.000511 0.000003
v 0.000784 -0.000239 0.000336
v 0.000492 0.000270 -0.000748
v 0.000701 -0.000239 -0.000483
v 0.000867 0.000475 0.000002
v 0.000879 0.000332 -0.000035
v 0.000797 0.000570 -0.000149
v 0.000394 0.000346 0.000767
v 0.000696 0.000205 0.000543
v 0.000759 0.000600 0.000191
v 0.000875 0.000138 0.000025
v 0.000752 -0.000091 -0.000488
v 0.000373 0.000625 0.000697
v 0.000633 0.000114 0.000658
v 0.000236 -0.000329 -0.000832
v 0.000442 -0.000588 -0.000642
v 0.000245 -0.000019 0.000868
v 0.000761 0.000153 0.000444
v 0.000816 -0.000227 -0.000182
v 0.000684 0.000590 -0.000397
v 0.000852 0.000029 0.000178
v 0.000869 0.000169 0.000201
v 0.000765 -0.000011 0.000470
v 0.000760 -0.000103 0.000476
v 0.000628 0.000010 -0.000673
v 0.000887 0.000123 -0.000074
v 0.000412 -0.000553 0.000715
v 0.000817 0.000207 0.000285
v 0.000269 -0.000568 0.000790
v 0.000638 -0.000509 0.000489
v 0.000782 -0.000368 -0.000135
v 0.000487 0.000086 -0.000774
v 0.000323 -0.000495 0.000785
v 0.000698 -0.000279 0.000507
v 0.000854 -0.000198 0.000059
v 0.000877 0.000255 -0.000053
v 0.000343 -0.000276 -0.000788
v 0.000636 -0.000632 0.000329
v 0.000055 -0.000465 0.000844
v 0.000460 -0.000485 -0.000630
v 0.000401 -0.000515 -0.000697
v 0.000665 -0.000358 -0.000416
v 0.000622 -0.000452 -0.000403
v 0.000844 -0.000142 -0.000142
v 0.000343 -0.000003 -0.000850
v 0.000194 0.000431 0.000821
v 0.000682 -0.000562 -0.000210
v 0.000021 0.000487 0.000833
v 0.000640 0.000267 -0.000620
v 0.000585 -0.000360 0.000627
v 0.000758 0.000382 -0.000356
v 0.000834 0.000422 0.000183
v 0.000855 0.000308 0.000222
v 0.000830 -0.000099 -0.000286
v 0.000720 -0.000333 0.000434
v 0.000603 -0.000592 0.000463
v 0.000553 0.000502 0.000568
v 0.000327 0.000633 -0.000719
v 0.000815 0.000294 0.000271
v 0.000562 -0.000210 0.000691
v 0.000774 -0.000207 -0.000366
v 0.000462 -0.000163 0.000774
v 0.000207 -0.000429 0.000831
v 0.000532 0.000380 -0.000670
v 0.000719 0.000090 0.000565
v 0.000867 -0.000048 -0.000066
v 0.000755 0.000368 0.000334
v 0.000609 -0.000452 0.000567
v 0.000470 0.000520 0.000653
v 0.000585 0.000589 0.000501
v 0.000715 -0.000441 0.000361
v 0.000665 -0.000519 -0.000298
v 0.000608 -0.000594 -0.000381
v 0.000308 -0.000309 0.000827
v 0.000459 -0.000317 0.000756
v 0.000073 0.000446 -0.000854
v 0.000694 -0.000485 0.000332
v 0.000234 0.000572 0.000759
v 0.000127 0.000495 0.000809
v 0.000090 0.000056 0.000873
v 0.000676 -0.000141 0.000584
v 0.000129 -0.000104 0.000876
v 0.000760 -0.000339 0.000369
v 0.000620 -0.000005 0.000672
v 0.000839 -0.000318 0.000060
v 0.000790 -0.000308 0.000227
v 0.000655 -0.000345 0.000542
v 0.000785 0.000506 0.000181
v 0.000175 -0.000558 -0.000842
v 0.000124 0.000289 -0.000873
v 0.000722 0.000308 0.000420
v 0.000173 -0.000003 -0.000880
v 0.000540 0.000550 -0.000590
v 0.000764 0.000056 -0.000486
v 0.000448 -0.000016 0.000793
v 0.000756 0.000454 0.000290
v 0.000629 0.000069 -0.000672
v 0.000289 -0.000435 -0.000792
v 0.000872 0.000242 0.000132
v 0.000858 0.000045 -0.000226
v 0.000237 0.000186 -0.000870
v 0.000715 -0.000544 -0.000115
v 0.000279 0.000285 0.000827
v 0.000296 0.000400 -0.000831
v 0.000625 0.000622 -0.000475
v 0.000517 0.000371 0.000681
v 0.000355 0.000260 -0.000833
v 0.000107 -0.000248 -0.000850
v 0.000143 -0.000365 -0.000840
v 0.000377 0.000510 0.000740
v 0.000424 0.000252 0.000776
v 0.000135 -0.000081 -0.000875
v 0.000644 0.000403 0.000501
v 0.000596 0.000367 0.000607
v 0.000237 0.000604 -0.000747
v 0.000049 -0.000484 -0.000860
v 0.000558 -0.000280 -0.000628
v 0.000635 0.000248 0.000630
v 0.000666 0.000301 0.000565
v 0.000174 -0.000518 0.000817
v 0.000313 0.000419 0.000787
v 0.000135 0.000512 -0.000807
v 0.000121 0.000149 -0.000875
v 0.000373 -0.000451 0.000783
v 0.000142 0.000263 0.000851
v 0.000220 -0.000187 0.000864
v 0.000330 -0.000130 0.000840
v 0.000142 -0.000638 0.000805
v 0.000873 0.000409 0.000047
v 0.000391 0.000433 -0.000787
v 0.000703 -0.000030 0.000573
v 0.000320 -0.000061 -0.000855
v 0.000460 0.000476 -0.000710
v 0.000429 -0.000108 -0.000794
v 0.000822 -0.000235 0.000140
v 0.000818 0.000586 -0.000020
v 0.000802 0.000593 0.000101
v 0.000694 -0.000581 0.000185
v 0.000712 -0.000527 0.000144
v 0.000861 -0.000059 0.000127
v 0.000435 -0.000368 -0.000682
v 0.000489 -0.000262 -0.000681
v 0.000355 0.000099 0.000831
v 0.000327 -0.000036 0.000844
v 0.000721 -0.000400 -0.000271
v 0.000719 -0.000482 0.000211
v 0.000508 0.000103 0.000759
v 0.000621 0.000376 -0.000582
v 0.000793 -0.000091 0.000370
v 0.000866 0.000045 -0.000005
v 0.000864 0.000275 -0.000150
v 0.000860 0.000233 -0.000211
v 0.000509 -0.000503 0.000646
v 0.000518 -0.000438 0.000682
v 0.000525 -0.000575 0.000602
v 0.000640 0.000638 0.000370
v 0.000611 0.000627 0.000440
v 0.000598 -0.000149 -0.000656
v 0.000665 -0.000608 0.000241
v 0.000499 0.000613 0.000606
v 0.000688 0.000440 0.000398
v 0.000547 -0.000522 -0.000496
v 0.000816 0.000059 0.000301
v 0.000561 -0.000357 -0.000561
v 0.000700 -0.000638 -0.000061
v 0.000053 -0.000091 0.000875
v 0.000699 0.000628 0.000285
v 0.000791 -0.000372 0.000104
v 0.000820 0.000138 -0.000362
v 0.000737 -0.000449 0.000273
v 0.000423 0.000352 -0.000801
v 0.000300 -0.000637 -0.000758
v 0.000827 -0.000274 -0.000066
v 0.000087 -0.000285 0.000873
v 0.000549 0.000277 0.000695
v 0.000862 0.000439 0.000114
v 0.000091 0.000387 0.000839
v 0.000719 0.000225 -0.000518
v -0.000004 0.000489 0.000837
v -0.000000 0.000032 0.000879
v -0.000002 0.000259 0.000862
v 0.000003 -0.000519 0.000836
v 0.000001 -0.000300 0.000878
v -0.000000 0.000170 -0.000885
v 0.000002 -0.000191 -0.000872
v -0.000002 0.000506 -0.000828
v 0.000004 -0.000480 -0.000860
v -0.000004 0.000579 0.000801
v -0.000214 0.000132 0.000868
v -0.000811 -0.000123 0.000268
v -0.000731 -0.000520 0.000002
v -0.000781 -0.000249 0.000334
v -0.000494 0.000264 -0.000748
v -0.000696 -0.000248 -0.000484
v -0.000873 0.000464 0.000001
v -0.000882 0.000321 -0.000036
v -0.000804 0.000560 -0.000151
v -0.000401 0.000343 0.000766
v -0.000699 0.000196 0.000542
v -0.000766 0.000590 0.000189
v -0.000877 0.000127 0.000024
v -0.000750 -0.000100 -0.000489
v -0.000381 0.000617 0.000697
v -0.000635 0.000106 0.000657
v -0.000231 -0.000332 -0.000833
v -0.000433 -0.000594 -0.000642
v -0.000247 -0.000021 0.000870
v -0.000763 0.000143 0.000443
v -0.000812 -0.000237 -0.000184
v -0.000691 0.000581 -0.000398
v -0.000852 0.000018 0.000177
v -0.000871 0.000158 0.000200
v -0.000765 -0.000021 0.000469
v -0.000760 -0.000112 0.000474
v -0.000627 0.000003 -0.000674
v -0.000888 0.000112 -0.000076
v -0.000412 -0.000557 0.000713
v -0.000820 0.000197 0.000284
v -0.000263 -0.000570 0.000792
v -0.000632 -0.000517 0.000488
v -0.000777 -0.000378 -0.000136
v -0.000486 0.000080 -0.000774
v -0.000326 -0.000497 0.000785
v -0.000695 -0.000287 0.000506
v -0.000851 -0.000209 0.000058
v -0.000880 0.000244 -0.000054
v -0.000338 -0.000280 -0.000789
v -0.000628 -0.000640 0.000328
v -0.000049 -0.000466 0.000844
v -0.000453 -0.000491 -0.000631
v -0.000393 -0.000520 -0.000698
v -0.000659 -0.000367 -0.000417
v -0.000616 -0.000459 -0.000404
v -0.000842 -0.000152 -0.000143
v -0.000341 -0.000007 -0.000851
v -0.000204 0.000430 0.000822
v -0.000674 -0.000570 -0.000211
v -0.000029 0.000488 0.000833
v -0.000642 0.000259 -0.000621
v -0.000581 -0.000368 0.000626
v -0.000762 0.000373 -0.000357
v -0.000839 0.000412 0.000182
v -0.000859 0.000297 0.000221
v -0.000828 -0.000109 -0.000287
v -0.000716 -0.000343 0.000433
v -0.000596 -0.000599 0.000462
v -0.000560 0.000495 0.000567
v -0.000334 0.000629 -0.000719
v -0.000819 0.000284 0.000270
v -0.000560 -0.000218 0.000690
v -0.000770 -0.000217 -0.000367
v -0.000462 -0.000168 0.000775
v -0.000200 -0.000433 0.000832
v -0.000535 0.000373 -0.000671
v -0.000721 0.000081 0.000564
v -0.000866 -0.000059 -0.000068
v -0.000760 0.000359 0.000333
v -0.000605 -0.000460 0.000565
v -0.000478 0.000514 0.000652
v -0.000593 0.000582 0.000500
v -0.000709 -0.000450 0.000360
v -0.000658 -0.000527 -0.000299
v -0.000600 -0.000602 -0.000382
v -0.000306 -0.000318 0.000829
v -0.000455 -0.000322 0.000759
v -0.000077 0.000445 -0.000854
v -0.000688 -0.000494 0.000331
v -0.000243 0.000572 0.000758
v -0.000137 0.000494 0.000808
v -0.000089 0.000055 0.000873
v -0.000675 -0.000149 0.000583
v -0.000127 -0.000105 0.000877
v -0.000756 -0.000349 0.000368
v -0.000621 -0.000013 0.000671
v -0.000835 -0.000329 0.000059
v -0.000787 -0.000318 0.000225
v -0.000652 -0.000353 0.000541
v -0.000791 0.000497 0.000180
v -0.000167 -0.000560 -0.000842
v -0.000126 0.000288 -0.000873
v -0.000726 0.000299 0.000419
v -0.000172 -0.000006 -0.000881
v -0.000546 0.000543 -0.000591
v -0.000764 0.000047 -0.000488
v -0.000450 -0.000021 0.000794
v -0.000762 0.000444 0.000289
v -0.000629 0.000062 -0.000673
v -0.000282 -0.000439 -0.000792
v -0.000875 0.000231 0.000131
v -0.000858 0.000034 -0.000228
v -0.000238 0.000183 -0.000870
v -0.000708 -0.000553 -0.000116
v -0.000278 0.000287 0.000829
v -0.000300 0.000396 -0.000831
v -0.000631 0.000614 -0.000476
v -0.000525 0.000363 0.000679
v -0.000357 0.000255 -0.000834
v -0.000102 -0.000249 -0.000851
v -0.000137 -0.000366 -0.000841
v -0.000384 0.000506 0.000743
v -0.000427 0.000247 0.000778
v -0.000132 -0.000083 -0.000875
v -0.000650 0.000394 0.000501
v -0.000601 0.000360 0.000606
v -0.000244 0.000601 -0.000747
v -0.000042 -0.000485 -0.000860
v -0.000553 -0.000287 -0.000629
v -0.000639 0.000240 0.000629
v -0.000670 0.000293 0.000564
v -0.000170 -0.000518 0.000818
v -0.000321 0.000418 0.000788
v -0.000140 0.000510 -0.000808
v -0.000122 0.000147 -0.000875
v -0.000368 -0.000461 0.000786
v -0.000143 0.000258 0.000852
v -0.000219 -0.000193 0.000866
v -0.000328 -0.000136 0.000842
v -0.000135 -0.000640 0.000806
v -0.000878 0.000398 0.000045
v -0.000395 0.000428 -0.000788
v -0.000703 -0.000038 0.000572
v -0.000317 -0.000065 -0.000855
v -0.000465 0.000470 -0.000711
v -0.000426 -0.000113 -0.000794
v -0.000819 -0.000245 0.000139
v -0.000825 0.000576 -0.000021
v -0.000809 0.000582 0.000100
v -0.000687 -0.000589 0.000184
v -0.000705 -0.000536 0.000143
v -0.000860 -0.000070 0.000126
v -0.000430 -0.000374 -0.000682
v -0.000485 -0.000268 -0.000682
v -0.000359 0.000094 0.000832
v -0.000323 -0.000045 0.000845
v -0.000715 -0.000409 -0.000272
v -0.000713 -0.000491 0.000210
v -0.000511 0.000096 0.000760
v -0.000625 0.000368 -0.000583
v -0.000792 -0.000101 0.000369
v -0.000866 0.000035 -0.000006
v -0.000867 0.000264 -0.000151
v -0.000862 0.000222 -0.000212
v -0.000504 -0.000507 0.000645
v -0.000515 -0.000445 0.000681
v -0.000518 -0.000582 0.000603
v -0.000648 0.000630 0.000369
v -0.000619 0.000619 0.000439
v -0.000594 -0.000157 -0.000657
v -0.000658 -0.000616 0.000240
v -0.000507 0.000607 0.000605
v -0.000694 0.000431 0.000397
v -0.000539 -0.000529 -0.000496
v -0.000817 0.000048 0.000300
v -0.000556 -0.000364 -0.000562
v -0.000692 -0.000647 -0.000062
v -0.000052 -0.000090 0.000874
v -0.000707 0.000619 0.000284
v -0.000786 -0.000382 0.000102
v -0.000821 0.000127 -0.000363
v -0.000731 -0.000458 0.000272
v -0.000426 0.000347 -0.000802
v -0.000291 -0.000641 -0.000759
v -0.000823 -0.000284 -0.000068
v -0.000083 -0.000287 0.000874
v -0.000553 0.000270 0.000694
v -0.000868 0.000429 0.000112
v -0.000097 0.000386 0.000839
v -0.000721 0.000216 -0.000519
v 0.000002 -0.000273 -0.000854
v 0.000004 -0.000515 -0.000856
v -0.000004 0.000504 0.000833
v -0.000004 0.000545 0.000820
v -0.000001 0.000276 -0.000877
v -0.000002 0.000401 -0.000865
v 0.000002 -0.000457 0.000849
v -0.000003 0.000345 0.000852
v 0.000003 -0.000578 0.000816
v 0.000004 -0.000457 -0.000859
v -0.000001 0.000320 -0.000876
v 0.000001 -0.000251 0.000882
v 0.000003 -0.000639 0.000810
v -0.000004 0.000630 0.000779
v 0.000003 -0.000486 0.000842
v 0.000001 -0.000348 0.000870
v 0.000001 -0.000112 -0.000885
v 0.000003 -0.000325 -0.000851
v -0.000000 0.000155 -0.000885
v -0.000003 0.000456 0.000841
v 0.000003 -0.000425 -0.000860
v -0.000000 -0.000064 0.000878
v 0.000001 0.000008 -0.000892
v -0.000001 0.000141 0.000872
v -0.000003 0.000533 -0.000812
v 0.000000 -0.000118 0.000877
v 0.000001 -0.000007 -0.000892
v 0.000637 0.000641 0.000376
v 0.000353 0.000635 -0.000704
v 0.000391 0.000641 0.000691
v 0.000325 0.000635 -0.000719
v 0.000814 0.000641 0.000113
v 0.000699 0.000641 0.000289
v 0.000722 0.000639 -0.000295
v 0.000744 0.000641 0.000226
v 0.000577 0.000641 0.000520
v 0.000362 0.000641 0.000700
v 0.000376 0.000641 0.000695
v 0.000325 0.000640 0.000710
v 0.000384 0.000641 0.000695
v 0.000605 0.000641 0.000453
v 0.000242 0.000634 -0.000739
v 0.000182 0.000634 -0.000737
v 0.000423 0.000636 -0.000664
v 0.000600 0.000638 -0.000497
v 0.000516 0.000637 -0.000591
v 0.000511 0.000641 0.000597
v 0.000504 0.000641 0.000613
v 0.000639 0.000641 0.000372
v 0.000428 0.000636 -0.000659
v 0.000761 0.000640 -0.000209
v 0.000641 0.000641 0.000369
v 0.000781 0.000641 0.000176
v 0.000684 0.000639 -0.000391
v 0.000095 0.000633 -0.000747
v 0.000622 0.000638 -0.000478
v 0.000633 0.000638 -0.000461
v 0.000819 0.000641 0.000095
v 0.000802 0.000641 -0.000005
v 0.000809 0.000641 -0.000070
v 0.000212 0.000640 0.000749
v 0.000800 0.000640 -0.000132
v 0.000328 0.000635 -0.000719
v 0.000422 0.000636 -0.000666
v -0.000646 0.000633 0.000375
v -0.000360 0.000631 -0.000704
v -0.000402 0.000636 0.000689
v -0.000332 0.000631 -0.000720
v -0.000822 0.000631 0.000112
v -0.000707 0.000632 0.000288
v -0.000730 0.000630 -0.000296
v -0.000752 0.000632 0.000225
v -0.000585 0.000634 0.000519
v -0.000369 0.000636 0.000700
v -0.000385 0.000636 0.000694
v -0.000327 0.000636 0.000711
v -0.000394 0.000636 0.000694
v -0.000613 0.000634 0.000452
v -0.000248 0.000631 -0.000739
v -0.000189 0.000632 -0.000737
v -0.000430 0.000630 -0.000665
v -0.000607 0.000630 -0.000498
v -0.000523 0.000630 -0.000591
v -0.000520 0.000635 0.000596
v -0.000512 0.000635 0.000612
v -0.000039 0.000638 0.000772
v -0.000647 0.000633 0.000371
v -0.000435 0.000630 -0.000660
v -0.000768 0.000630 -0.000210
v -0.000650 0.000633 0.000368
v -0.000789 0.000631 0.000175
v -0.000691 0.000630 -0.000392
v -0.000102 0.000632 -0.000747
v -0.000629 0.000630 -0.000479
v -0.000006 0.000633 -0.000760
v -0.000640 0.000630 -0.000462
v -0.000827 0.000631 0.000093
v -0.000809 0.000631 -0.000006
v -0.000817 0.000630 -0.000071
v -0.000222 0.000637 0.000748
v -0.000807 0.000630 -0.000133
v -0.000335 0.000631 -0.000719
v -0.000428 0.000630 -0.000666
v -0.000003 0.000633 -0.000760
v -0.000004 0.000639 0.000782
v 0.000030 0.000639 0.000773
v -0.000001 0.000633 -0.000760
v 0.000424 -0.000648 0.000653
v 0.000703 -0.000654 -0.000061
v 0.000206 -0.000667 -0.000826
v 0.000424 -0.000663 -0.000648
v 0.000191 -0.000648 0.000791
v 0.000694 -0.000654 0.000021
v 0.000690 -0.000655 -0.000110
v 0.000097 -0.000668 -0.000865
v 0.000679 -0.000652 0.000140
v 0.000626 -0.000658 -0.000358
v 0.000301 -0.000665 -0.000756
v 0.000699 -0.000655 -0.000087
v 0.000662 -0.000657 -0.000278
v 0.000625 -0.000650 0.000346
v 0.000679 -0.000652 0.000138
v 0.000280 -0.000647 0.000764
v 0.000693 -0.000654 0.000025
v 0.000677 -0.000652 0.000146
v 0.000694 -0.000654 0.000006
v 0.000156 -0.000667 -0.000853
v 0.000142 -0.000648 0.000804
v 0.000641 -0.000650 0.000313
v 0.000523 -0.000661 -0.000522
v 0.000261 -0.000647 0.000774
v 0.000213 -0.000667 -0.000821
v 0.000547 -0.000649 0.000493
v 0.000661 -0.000651 0.000253
v 0.000359 -0.000647 0.000716
v 0.000550 -0.000649 0.000488
v 0.000515 -0.000661 -0.000537
v 0.000486 -0.000648 0.000573
v 0.000414 -0.000648 0.000662
v 0.000418 -0.000648 0.000657
v 0.000558 -0.000649 0.000471
v 0.000506 -0.000662 -0.000549
v 0.000511 -0.000661 -0.000543
v 0.000549 -0.000649 0.000489
v 0.000382 -0.000664 -0.000689
v -0.000418 -0.000653 0.000652
v -0.000694 -0.000663 -0.000062
v -0.000196 -0.000669 -0.000826
v -0.000415 -0.000668 -0.000649
v -0.000186 -0.000650 0.000792
v -0.000685 -0.000662 0.000020
v -0.000682 -0.000664 -0.000111
v -0.000097 -0.000649 0.000806
v -0.000087 -0.000669 -0.000865
v -0.000671 -0.000661 0.000139
v -0.000617 -0.000666 -0.000359
v -0.000292 -0.000669 -0.000757
v -0.000690 -0.000664 -0.000088
v -0.000653 -0.000666 -0.000279
v -0.000617 -0.000658 0.000345
v -0.000671 -0.000661 0.000137
v -0.000271 -0.000651 0.000766
v -0.000685 -0.000662 0.000024
v -0.000669 -0.000661 0.000145
v -0.000685 -0.000662 0.000005
v -0.000146 -0.000669 -0.000854
v -0.000135 -0.000650 0.000805
v -0.000633 -0.000658 0.000312
v -0.000514 -0.000668 -0.000523
v -0.000254 -0.000651 0.000776
v -0.000203 -0.000669 -0.000821
v -0.000539 -0.000656 0.000493
v -0.000653 -0.000659 0.000252
v -0.000350 -0.000652 0.000716
v -0.000542 -0.000656 0.000487
v -0.000505 -0.000668 -0.000538
v -0.000007 -0.000669 -0.000869
v -0.000477 -0.000654 0.000571
v -0.000403 -0.000653 0.000665
v -0.000409 -0.000653 0.000658
v -0.000551 -0.000656 0.000467
v -0.000497 -0.000668 -0.000549
v -0.000501 -0.000668 -0.000544
v -0.000541 -0.000656 0.000489
v -0.000372 -0.000669 -0.000690
v 0.000004 -0.000649 0.000808
v 0.000005 -0.000668 -0.000867
v 0.000103 -0.000648 0.000805
v 0.000017 -0.000668 -0.000869
vt 0.855848 0.601644
vt 0.855183 0.604071
vt 0.858473 0.601469
vt 0.853160 0.602092
vt 0.866013 0.120153
vt 0.866440 0.117405
vt 0.864140 0.117370
vt 0.764842 0.989785
vt 0.764450 0.988717
vt 0.762944 0.990870
vt 0.858022 0.607856
vt 0.859852 0.604857
vt 0.837102 0.647662
vt 0.838678 0.643509
vt 0.836412 0.644275
vt 0.931719 0.318502
vt 0.931915 0.317116
vt 0.930559 0.317692
vt 0.072556 0.334168
vt 0.075138 0.333565
vt 0.071084 0.330612
vt 0.701359 0.575376
vt 0.701602 0.576730
vt 0.704033 0.578543
vt 0.069714 0.326473
vt 0.070044 0.327533
vt 0.069730 0.326427
vt 0.849592 0.635183
vt 0.845450 0.631010
vt 0.846318 0.633841
vt 0.975764 0.760353
vt 0.972830 0.760444
vt 0.974896 0.761599
vt 0.831121 0.619819
vt 0.829166 0.621061
vt 0.830324 0.625688
vt 0.069643 0.326408
vt 0.506800 0.967076
vt 0.504349 0.967506
vt 0.505503 0.968595
vt 0.003900 0.788994
vt 0.001914 0.787658
vt 0.004192 0.790145
vt 0.494837 0.369577
vt 0.497860 0.369840
vt 0.498913 0.366104
vt 0.383708 0.100110
vt 0.382563 0.099546
vt 0.384062 0.101660
vt 0.834266 0.638687
vt 0.836447 0.638070
vt 0.832918 0.633861
vt 0.002164 0.889555
vt 0.001120 0.889639
vt 0.003477 0.891771
vt 0.090259 0.319643
vt 0.088035 0.316518
vt 0.084143 0.317872
vt 0.337264 0.839711
vt 0.335696 0.839256
vt 0.334813 0.841041
vt 0.684311 0.634680
vt 0.684768 0.637394
vt 0.687547 0.635989
vt 0.832439 0.627137
vt 0.834760 0.623874
vt 0.848817 0.637372
vt 0.850173 0.638780
vt 0.331543 0.842514
vt 0.327754 0.840550
vt 0.326889 0.843342
vt 0.506540 0.189152
vt 0.501607 0.188900
vt 0.496927 0.190087
vt 0.498784 0.187104
vt 0.493103 0.189997
vt 0.098578 0.315030
vt 0.092420 0.318216
vt 0.094497 0.321401
vt 0.477997 0.591764
vt 0.480882 0.592770
vt 0.478140 0.588347
vt 0.481801 0.591397
vt 0.827557 0.638680
vt 0.829338 0.638905
vt 0.826953 0.635979
vt 0.850342 0.630785
vt 0.845370 0.626544
vt 0.220666 0.435341
vt 0.220041 0.435059
vt 0.220901 0.436550
vt 0.846282 0.611357
vt 0.845124 0.615286
vt 0.849114 0.614078
vt 0.613222 0.502981
vt 0.614000 0.500787
vt 0.610580 0.501930
vt 0.871771 0.118633
vt 0.871491 0.121667
vt 0.875262 0.122019
vt 0.108330 0.894009
vt 0.107908 0.890467
vt 0.105778 0.893367
vt 0.842681 0.631711
vt 0.841805 0.627327
vt 0.778122 0.765245
vt 0.777099 0.766945
vt 0.778332 0.766653
vt 0.507548 0.187104
vt 0.510950 0.188842
vt 0.697512 0.431039
vt 0.695017 0.429440
vt 0.695508 0.431794
vt 0.319508 0.911606
vt 0.320491 0.911095
vt 0.319684 0.908930
vt 0.040997 0.965743
vt 0.044080 0.964877
vt 0.042130 0.963428
vt 0.854334 0.638216
vt 0.853168 0.635703
vt 0.877225 0.119704
vt 0.881423 0.124402
vt 0.883236 0.120428
vt 0.874806 0.126842
vt 0.859008 0.637039
vt 0.861733 0.638753
vt 0.269772 0.983598
vt 0.272865 0.983641
vt 0.270372 0.982525
vt 0.424503 0.679824
vt 0.426727 0.679687
vt 0.424958 0.677182
vt 0.177947 0.998279
vt 0.180160 0.996158
vt 0.179045 0.996756
vt 0.611146 0.500233
vt 0.847055 0.637122
vt 0.842114 0.637568
vt 0.842795 0.642014
vt 0.836188 0.605713
vt 0.833936 0.606873
vt 0.836722 0.608593
vt 0.101879 0.645422
vt 0.101221 0.643739
vt 0.100085 0.644431
vt 0.838488 0.609993
vt 0.330501 0.836552
vt 0.328993 0.836063
vt 0.330270 0.837303
vt 0.828800 0.617335
vt 0.840616 0.634076
vt 0.837091 0.631512
vt 0.836503 0.634668
vt 0.083764 0.326403
vt 0.091203 0.330382
vt 0.089487 0.324374
vt 0.837586 0.620726
vt 0.840665 0.616213
vt 0.838123 0.616044
vt 0.072644 0.515558
vt 0.072021 0.513794
vt 0.070987 0.514909
vt 0.631760 0.837307
vt 0.628658 0.833751
vt 0.629548 0.836263
vt 0.837963 0.624677
vt 0.429779 0.119695
vt 0.428714 0.118267
vt 0.428165 0.119763
vt 0.101258 0.339048
vt 0.100771 0.335934
vt 0.097888 0.336045
vt 0.698393 0.425456
vt 0.699872 0.426909
vt 0.699125 0.424041
vt 0.909117 0.194755
vt 0.909028 0.194692
vt 0.907781 0.195410
vt 0.909441 0.196026
vt 0.858277 0.633935
vt 0.863660 0.634585
vt 0.100175 0.319923
vt 0.102418 0.322552
vt 0.102115 0.316611
vt 0.865051 0.627642
vt 0.863689 0.623933
vt 0.860742 0.628728
vt 0.214699 0.359897
vt 0.211975 0.357714
vt 0.211400 0.359161
vt 0.080935 0.330099
vt 0.082125 0.334444
vt 0.076951 0.328206
vt 0.080892 0.511851
vt 0.073921 0.514818
vt 0.078672 0.514559
vt 0.027056 0.353169
vt 0.025452 0.352194
vt 0.025360 0.353645
vt 0.412185 0.794849
vt 0.414736 0.796664
vt 0.414229 0.794100
vt 0.843440 0.610052
vt 0.839462 0.606716
vt 0.839593 0.612069
vt 0.833823 0.618466
vt 0.854071 0.607658
vt 0.857572 0.609241
vt 0.106010 0.320650
vt 0.108138 0.322149
vt 0.107961 0.316294
vt 0.079201 0.554481
vt 0.077837 0.553490
vt 0.078265 0.555020
vt 0.846483 0.621750
vt 0.841631 0.624499
vt 0.466934 0.919542
vt 0.466289 0.924195
vt 0.468172 0.921430
vt 0.097191 0.520336
vt 0.100241 0.521016
vt 0.098022 0.518637
vt 0.892580 0.121493
vt 0.889826 0.125383
vt 0.894958 0.124802
vt 0.823701 0.969756
vt 0.826011 0.967621
vt 0.823867 0.967884
vt 0.907443 0.362292
vt 0.907477 0.362784
vt 0.908491 0.362057
vt 0.854912 0.642573
vt 0.859471 0.641765
vt 0.511138 0.191278
vt 0.512865 0.190947
vt 0.085584 0.333386
vt 0.179211 0.995458
vt 0.105731 0.323464
vt 0.103750 0.327404
vt 0.106516 0.332059
vt 0.110222 0.332376
vt 0.107801 0.329589
vt 0.201405 0.103132
vt 0.202406 0.103956
vt 0.202907 0.102207
vt 0.548237 0.264172
vt 0.547999 0.266059
vt 0.549146 0.265300
vt 0.262146 0.834018
vt 0.260453 0.833503
vt 0.262856 0.837815
vt 0.627421 0.230645
vt 0.627194 0.230442
vt 0.626015 0.229616
vt 0.625669 0.231016
vt 0.844121 0.647805
vt 0.844048 0.647707
vt 0.844126 0.647814
vt 0.755456 0.455551
vt 0.756631 0.457523
vt 0.757730 0.456532
vt 0.881561 0.471577
vt 0.880684 0.470711
vt 0.881958 0.475179
vt 0.838237 0.648873
vt 0.836379 0.649149
vt 0.662331 0.712614
vt 0.662302 0.712486
vt 0.662084 0.713392
vt 0.662523 0.714601
vt 0.069629 0.516086
vt 0.070815 0.518092
vt 0.857182 0.625420
vt 0.855253 0.629851
vt 0.093542 0.329832
vt 0.681856 0.633672
vt 0.683907 0.632870
vt 0.342081 0.843588
vt 0.344010 0.841960
vt 0.969522 0.207085
vt 0.968702 0.208376
vt 0.970075 0.207858
vt 0.909545 0.208037
vt 0.908025 0.209022
vt 0.909153 0.209802
vt 0.832149 0.629721
vt 0.269374 0.985260
vt 0.842898 0.617950
vt 0.842102 0.851914
vt 0.842757 0.853901
vt 0.843799 0.851898
vt 0.827564 0.633776
vt 0.825856 0.633699
vt 0.427177 0.676510
vt 0.082665 0.321799
vt 0.080203 0.324268
vt 0.577949 0.863384
vt 0.580790 0.862829
vt 0.580071 0.861999
vt 0.574369 0.862908
vt 0.574294 0.863900
vt 0.475443 0.585092
vt 0.473367 0.587909
vt 0.081723 0.514806
vt 0.080578 0.513806
vt 0.259865 0.836850
vt 0.507136 0.965864
vt 0.103808 0.311695
vt 0.098969 0.313042
vt 0.846426 0.647199
vt 0.849597 0.645318
vt 0.849366 0.642983
vt 0.702576 0.423320
vt 0.702194 0.423091
vt 0.701937 0.423184
vt 0.480025 0.587731
vt 0.241387 0.400456
vt 0.241595 0.402651
vt 0.242610 0.400835
vt 0.004221 0.891099
vt 0.930948 0.216220
vt 0.930736 0.216045
vt 0.930720 0.216238
vt 0.851474 0.611259
vt 0.851774 0.619519
vt 0.854974 0.615149
vt 0.077959 0.511280
vt 0.076107 0.508484
vt 0.071194 0.511011
vt 0.567924 0.645546
vt 0.568189 0.646116
vt 0.568338 0.646243
vt 0.286632 0.405075
vt 0.287398 0.406915
vt 0.287707 0.405651
vt 0.855993 0.620632
vt 0.835769 0.615088
vt 0.836275 0.612161
vt 0.525298 0.681110
vt 0.522104 0.679067
vt 0.522779 0.680515
vt 0.143660 0.376954
vt 0.143302 0.377942
vt 0.144849 0.378199
vt 0.071009 0.330333
vt 0.077050 0.324718
vt 0.228670 0.413684
vt 0.227383 0.413343
vt 0.228450 0.415469
vt 0.086465 0.341368
vt 0.091991 0.341528
vt 0.087970 0.337259
vt 0.337116 0.844857
vt 0.334007 0.845451
vt 0.738440 0.357278
vt 0.739129 0.360589
vt 0.740711 0.360286
vt 0.750119 0.066837
vt 0.750902 0.067336
vt 0.751528 0.067119
vt 0.830904 0.614927
vt 0.471541 0.691195
vt 0.468039 0.692136
vt 0.470978 0.694931
vt 0.086581 0.316061
vt 0.077265 0.859850
vt 0.077508 0.858684
vt 0.076794 0.859307
vt 0.521372 0.450998
vt 0.521432 0.448912
vt 0.519234 0.450060
vt 0.208062 0.352705
vt 0.206741 0.358533
vt 0.498382 0.965983
vt 0.500666 0.965450
vt 0.498997 0.964133
vt 0.970435 0.396762
vt 0.971737 0.399512
vt 0.973281 0.399192
vt 0.914037 0.635894
vt 0.915828 0.635810
vt 0.914381 0.634325
vt 0.218311 0.836033
vt 0.217053 0.837538
vt 0.219960 0.837602
vt 0.861166 0.620262
vt 0.861985 0.623395
vt 0.095159 0.516097
vt 0.092835 0.517410
vt 0.023737 0.941756
vt 0.024054 0.941677
vt 0.023907 0.941412
vt 0.088279 0.517588
vt 0.090278 0.519958
vt 0.497332 0.192864
vt 0.500930 0.192027
vt 0.113017 0.340050
vt 0.112892 0.339279
vt 0.112521 0.340559
vt 0.268309 0.991722
vt 0.269209 0.988644
vt 0.268654 0.989099
vt 0.268014 0.992481
vt 0.874735 0.116038
vt 0.881327 0.129262
vt 0.877338 0.128391
vt 0.326646 0.835007
vt 0.325555 0.834615
vt 0.323338 0.837797
vt 0.829513 0.636935
vt 0.831628 0.643095
vt 0.833422 0.639199
vt 0.840699 0.646970
vt 0.853443 0.645509
vt 0.896576 0.122178
vt 0.581662 0.862205
vt 0.960743 0.852995
vt 0.962055 0.854994
vt 0.962445 0.852925
vt 0.237428 0.850716
vt 0.240478 0.849533
vt 0.236655 0.847503
vt 0.176043 0.159837
vt 0.173875 0.161278
vt 0.175208 0.161413
vt 0.834401 0.626889
vt 0.324963 0.834320
vt 0.323357 0.836591
vt 0.846901 0.640347
vt 0.278560 0.017749
vt 0.278983 0.016581
vt 0.277530 0.017257
vt 0.777013 0.763763
vt 0.776125 0.765915
vt 0.848820 0.608067
vt 0.181490 0.920323
vt 0.185513 0.922247
vt 0.182891 0.918977
vt 0.862913 0.947683
vt 0.861805 0.947675
vt 0.862737 0.948532
vt 0.850583 0.608909
vt 0.128808 0.794220
vt 0.127904 0.795148
vt 0.129495 0.794966
vt 0.920315 0.948248
vt 0.920171 0.946320
vt 0.919558 0.946757
vt 0.498222 0.366204
vt 0.494026 0.367477
vt 0.498975 0.366027
vt 0.501083 0.366055
vt 0.869297 0.126649
vt 0.076797 0.321078
vt 0.071355 0.322994
vt 0.460971 0.156955
vt 0.459902 0.156456
vt 0.460593 0.158637
vt 0.094061 0.902502
vt 0.094615 0.902640
vt 0.094409 0.902176
vt 0.223524 0.969393
vt 0.224754 0.966609
vt 0.224082 0.967332
vt 0.347610 0.843658
vt 0.342979 0.846690
vt 0.591233 0.122381
vt 0.590145 0.120384
vt 0.589203 0.122538
vt 0.325424 0.841487
vt 0.088243 0.522110
vt 0.085971 0.522492
vt 0.281154 0.389718
vt 0.280345 0.389679
vt 0.280321 0.389705
vt 0.281195 0.390199
vt 0.480909 0.270520
vt 0.480785 0.270561
vt 0.480741 0.271419
vt 0.482753 0.270843
vt 0.408931 0.793495
vt 0.410686 0.793039
vt 0.407934 0.792435
vt 0.836451 0.615777
vt 0.890391 0.115821
vt 0.888941 0.119721
vt 0.893268 0.116530
vt 0.002112 0.956815
vt 0.002791 0.957231
vt 0.004009 0.956945
vt 0.084568 0.507239
vt 0.078334 0.508355
vt 0.709608 0.171042
vt 0.708839 0.169596
vt 0.708591 0.171091
vt 0.089849 0.515244
vt 0.093285 0.513286
vt 0.085466 0.514173
vt 0.268170 0.159336
vt 0.270046 0.159739
vt 0.270589 0.158361
vt 0.071041 0.330397
vt 0.098511 0.329004
vt 0.876635 0.131800
vt 0.879269 0.132809
vt 0.485150 0.194880
vt 0.486255 0.194637
vt 0.486008 0.193506
vt 0.740323 0.250187
vt 0.740143 0.248516
vt 0.738729 0.249868
vt 0.422008 0.961866
vt 0.419546 0.963847
vt 0.422394 0.964731
vt 0.839292 0.640067
vt 0.206856 0.739483
vt 0.207912 0.737906
vt 0.206213 0.736263
vt 0.099884 0.298278
vt 0.098271 0.298421
vt 0.099118 0.299295
vt 0.109761 0.319077
vt 0.110207 0.321191
vt 0.956086 0.392054
vt 0.953822 0.391692
vt 0.955703 0.394347
vt 0.084344 0.302154
vt 0.084025 0.300933
vt 0.083678 0.301426
vt 0.073865 0.512681
vt 0.692286 0.399866
vt 0.691786 0.400307
vt 0.692229 0.400574
vt 0.093281 0.335617
vt 0.888431 0.460196
vt 0.887598 0.461610
vt 0.890831 0.461254
vt 0.850044 0.626489
vt 0.581155 0.314212
vt 0.582267 0.314005
vt 0.581644 0.313107
vt 0.096290 0.680718
vt 0.094754 0.679540
vt 0.094821 0.680775
vt 0.732361 0.141862
vt 0.731791 0.141697
vt 0.732154 0.142930
vt 0.572446 0.648271
vt 0.573839 0.649042
vt 0.569910 0.646487
vt 0.805518 0.112015
vt 0.805991 0.111198
vt 0.803843 0.111778
vt 0.489582 0.192018
vt 0.493109 0.191762
vt 0.616084 0.094491
vt 0.615932 0.095859
vt 0.617741 0.093930
vt 0.860315 0.613946
vt 0.226313 0.807113
vt 0.227410 0.804688
vt 0.223787 0.804713
vt 0.328068 0.844290
vt 0.105298 0.339461
vt 0.108629 0.338013
vt 0.108117 0.335945
vt 0.858447 0.644926
vt 0.390092 0.009296
vt 0.390557 0.007752
vt 0.389547 0.007983
vt 0.608833 0.503218
vt 0.607999 0.504077
vt 0.609995 0.505156
vt 0.885819 0.125961
vt 0.867300 0.462716
vt 0.864611 0.463105
vt 0.865649 0.464438
vt 0.072704 0.518443
vt 0.829906 0.642590
vt 0.829484 0.644301
vt 0.376958 0.149631
vt 0.374708 0.150947
vt 0.375871 0.151247
vt 0.827880 0.623063
vt 0.827887 0.624551
vt 0.088231 0.511159
vt 0.084798 0.510935
vt 0.859091 0.601646
vt 0.707713 0.584380
vt 0.708349 0.584035
vt 0.707711 0.583332
vt 0.511172 0.985211
vt 0.507042 0.984327
vt 0.508446 0.985433
vt 0.069717 0.506792
vt 0.106081 0.330330
vt 0.883092 0.117154
vt 0.228383 0.992368
vt 0.227268 0.990837
vt 0.227335 0.991859
vt 0.499869 0.187396
vt 0.228658 0.967261
vt 0.227435 0.967367
vt 0.228221 0.969334
vt 0.352606 0.845266
vt 0.350741 0.847488
vt 0.350934 0.848441
vt 0.348147 0.847416
vt 0.886837 0.118294
vt 0.212692 0.347556
vt 0.209532 0.349432
vt 0.461235 0.678580
vt 0.461237 0.678702
vt 0.461263 0.678548
vt 0.462032 0.682501
vt 0.462239 0.682354
vt 0.359774 0.846884
vt 0.356828 0.845877
vt 0.357064 0.847722
vt 0.109769 0.335200
vt 0.111405 0.336529
vt 0.952027 0.567968
vt 0.951798 0.567042
vt 0.950787 0.569448
vt 0.476334 0.589779
vt 0.240038 0.720490
vt 0.243774 0.717221
vt 0.241076 0.717777
vt 0.241629 0.720626
vt 0.853675 0.646362
vt 0.857987 0.645530
vt 0.858272 0.645474
vt 0.570010 0.087739
vt 0.569995 0.087691
vt 0.568905 0.086492
vt 0.568224 0.087653
vt 0.862902 0.617675
vt 0.863546 0.642563
vt 0.613250 0.509675
vt 0.612350 0.507891
vt 0.610305 0.508197
vt 0.142254 0.896240
vt 0.139503 0.893762
vt 0.140157 0.896386
vt 0.829690 0.942971
vt 0.828168 0.941465
vt 0.828561 0.943934
vt 0.040747 0.517803
vt 0.040744 0.517800
vt 0.040482 0.517843
vt 0.119996 0.120435
vt 0.118662 0.120299
vt 0.119433 0.121899
vt 0.498946 0.365968
vt 0.498871 0.366010
vt 0.833949 0.641778
vt 0.285166 0.129390
vt 0.285995 0.130105
vt 0.286542 0.130354
vt 0.286893 0.129890
vt 0.427752 0.304960
vt 0.427962 0.304517
vt 0.428001 0.303658
vt 0.427408 0.303808
vt 0.523265 0.456775
vt 0.523741 0.458992
vt 0.524174 0.458317
vt 0.524022 0.457282
vt 0.005225 0.958880
vt 0.004259 0.957117
vt 0.334223 0.838321
vt 0.891080 0.076149
vt 0.890482 0.074786
vt 0.890228 0.075101
vt 0.890556 0.075971
vt 0.909586 0.202790
vt 0.909938 0.202590
vt 0.909678 0.202282
vt 0.331096 0.836751
vt 0.077788 0.315440
vt 0.075520 0.314096
vt 0.073259 0.314510
vt 0.072837 0.315641
vt 0.952573 0.855632
vt 0.953171 0.858226
vt 0.953380 0.857656
vt 0.953800 0.856397
vt 0.526967 0.684338
vt 0.525683 0.683648
vt 0.527029 0.685276
vt 0.571847 0.863797
vt 0.573792 0.864246
vt 0.530703 0.126136
vt 0.530331 0.124962
vt 0.530053 0.124925
vt 0.529360 0.126244
vt 0.366735 0.114282
vt 0.365682 0.113041
vt 0.365629 0.114963
vt 0.365642 0.114970
vt 0.490253 0.193359
vt 0.491886 0.193067
vt 0.198560 0.710788
vt 0.197890 0.709563
vt 0.196361 0.709609
vt 0.855854 0.601620
vt 0.858526 0.601427
vt 0.855183 0.604071
vt 0.853231 0.602162
vt 0.866013 0.120153
vt 0.864140 0.117370
vt 0.866440 0.117405
vt 0.764842 0.989785
vt 0.762944 0.990870
vt 0.764450 0.988717
vt 0.858022 0.607856
vt 0.859852 0.604857
vt 0.837102 0.647662
vt 0.836412 0.644275
vt 0.838678 0.643509
vt 0.931719 0.318502
vt 0.930559 0.317692
vt 0.931915 0.317116
vt 0.072556 0.334168
vt 0.071084 0.330612
vt 0.075138 0.333565
vt 0.701359 0.575376
vt 0.704033 0.578543
vt 0.701602 0.576730
vt 0.069714 0.326473
vt 0.069730 0.326427
vt 0.070044 0.327533
vt 0.849592 0.635183
vt 0.846318 0.633841
vt 0.845450 0.631010
vt 0.975764 0.760353
vt 0.974896 0.761599
vt 0.972830 0.760444
vt 0.831121 0.619819
vt 0.830324 0.625688
vt 0.829166 0.621061
vt 0.069643 0.326408
vt 0.506800 0.967076
vt 0.505503 0.968595
vt 0.504349 0.967506
vt 0.003900 0.788994
vt 0.004192 0.790145
vt 0.001914 0.787658
vt 0.494837 0.369577
vt 0.498913 0.366104
vt 0.497860 0.369840
vt 0.383708 0.100110
vt 0.384062 0.101660
vt 0.382563 0.099546
vt 0.834266 0.638687
vt 0.832918 0.633861
vt 0.836447 0.638070
vt 0.002164 0.889555
vt 0.003477 0.891771
vt 0.001120 0.889639
vt 0.090259 0.319643
vt 0.084143 0.317872
vt 0.088035 0.316518
vt 0.334813 0.841041
vt 0.684311 0.634680
vt 0.687547 0.635989
vt 0.684768 0.637394
vt 0.834760 0.623874
vt 0.832439 0.627137
vt 0.850173 0.638780
vt 0.848817 0.637372
vt 0.331543 0.842514
vt 0.326889 0.843342
vt 0.327754 0.840550
vt 0.506540 0.189152
vt 0.496927 0.190087
vt 0.501607 0.188900
vt 0.498784 0.187104
vt 0.493103 0.189997
vt 0.098578 0.315030
vt 0.094497 0.321401
vt 0.092420 0.318216
vt 0.477997 0.591764
vt 0.478140 0.588347
vt 0.480882 0.592770
vt 0.481801 0.591397
vt 0.827557 0.638680
vt 0.826953 0.635979
vt 0.829338 0.638905
vt 0.845370 0.626544
vt 0.850342 0.630785
vt 0.220666 0.435341
vt 0.220901 0.436550
vt 0.220041 0.435059
vt 0.846282 0.611357
vt 0.849114 0.614078
vt 0.845124 0.615286
vt 0.613222 0.502981
vt 0.610580 0.501930
vt 0.614000 0.500787
vt 0.871771 0.118633
vt 0.875262 0.122019
vt 0.871491 0.121667
vt 0.108330 0.894009
vt 0.105778 0.893367
vt 0.107908 0.890467
vt 0.842681 0.631711
vt 0.841805 0.627327
vt 0.778122 0.765245
vt 0.778332 0.766653
vt 0.777099 0.766945
vt 0.507548 0.187104
vt 0.510950 0.188842
vt 0.697512 0.431039
vt 0.695508 0.431794
vt 0.695017 0.429440
vt 0.319508 0.911606
vt 0.319684 0.908930
vt 0.320491 0.911095
vt 0.040997 0.965743
vt 0.042130 0.963428
vt 0.044080 0.964877
vt 0.853168 0.635703
vt 0.854334 0.638216
vt 0.877225 0.119704
vt 0.883236 0.120428
vt 0.881423 0.124402
vt 0.874806 0.126842
vt 0.859008 0.637039
vt 0.861733 0.638753
vt 0.269772 0.983598
vt 0.270372 0.982525
vt 0.272865 0.983641
vt 0.424503 0.679824
vt 0.424958 0.677182
vt 0.426727 0.679687
vt 0.177947 0.998279
vt 0.179045 0.996756
vt 0.180160 0.996158
vt 0.611146 0.500233
vt 0.847055 0.637122
vt 0.842795 0.642014
vt 0.842114 0.637568
vt 0.836188 0.605713
vt 0.836722 0.608593
vt 0.833936 0.606873
vt 0.101879 0.645422
vt 0.100085 0.644431
vt 0.101221 0.643739
vt 0.838488 0.609993
vt 0.330270 0.837303
vt 0.828800 0.617335
vt 0.840616 0.634076
vt 0.836503 0.634668
vt 0.837091 0.631512
vt 0.083764 0.326403
vt 0.089487 0.324374
vt 0.091203 0.330382
vt 0.837586 0.620726
vt 0.838123 0.616044
vt 0.840665 0.616213
vt 0.072644 0.515558
vt 0.070987 0.514909
vt 0.072021 0.513794
vt 0.631760 0.837307
vt 0.629548 0.836263
vt 0.628658 0.833751
vt 0.837963 0.624677
vt 0.429779 0.119695
vt 0.428165 0.119763
vt 0.428714 0.118267
vt 0.101258 0.339048
vt 0.097888 0.336045
vt 0.100771 0.335934
vt 0.698393 0.425456
vt 0.699125 0.424041
vt 0.699872 0.426909
vt 0.908999 0.194709
vt 0.909129 0.194799
vt 0.909441 0.196026
vt 0.907781 0.195410
vt 0.858277 0.633935
vt 0.863660 0.634585
vt 0.100175 0.319923
vt 0.102115 0.316611
vt 0.102418 0.322552
vt 0.865051 0.627642
vt 0.860742 0.628728
vt 0.863689 0.623933
vt 0.214699 0.359897
vt 0.211400 0.359161
vt 0.211975 0.357714
vt 0.080935 0.330099
vt 0.082125 0.334444
vt 0.076951 0.328206
vt 0.080892 0.511851
vt 0.078672 0.514559
vt 0.073921 0.514818
vt 0.027056 0.353169
vt 0.025360 0.353645
vt 0.025452 0.352194
vt 0.412185 0.794849
vt 0.414229 0.794100
vt 0.414736 0.796664
vt 0.843440 0.610052
vt 0.839462 0.606716
vt 0.839593 0.612069
vt 0.833823 0.618466
vt 0.854071 0.607658
vt 0.857572 0.609241
vt 0.106010 0.320650
vt 0.107961 0.316294
vt 0.108138 0.322149
vt 0.079201 0.554481
vt 0.078265 0.555020
vt 0.077837 0.553490
vt 0.841631 0.624499
vt 0.846483 0.621750
vt 0.466934 0.919542
vt 0.468172 0.921430
vt 0.466289 0.924195
vt 0.097191 0.520336
vt 0.098022 0.518637
vt 0.100241 0.521016
vt 0.892580 0.121493
vt 0.894958 0.124802
vt 0.889826 0.125383
vt 0.823701 0.969756
vt 0.823867 0.967884
vt 0.826011 0.967621
vt 0.907443 0.362292
vt 0.908491 0.362057
vt 0.907477 0.362784
vt 0.859471 0.641765
vt 0.854912 0.642573
vt 0.085584 0.333386
vt 0.179211 0.995458
vt 0.105731 0.323464
vt 0.103750 0.327404
vt 0.106516 0.332059
vt 0.107801 0.329589
vt 0.110222 0.332376
vt 0.201405 0.103132
vt 0.202907 0.102207
vt 0.202406 0.103956
vt 0.548237 0.264172
vt 0.549146 0.265300
vt 0.547999 0.266059
vt 0.262146 0.834018
vt 0.262856 0.837815
vt 0.260453 0.833503
vt 0.627194 0.230443
vt 0.627421 0.230645
vt 0.625669 0.231016
vt 0.626015 0.229616
vt 0.844121 0.647805
vt 0.844126 0.647814
vt 0.844048 0.647707
vt 0.755456 0.455551
vt 0.757730 0.456532
vt 0.756631 0.457523
vt 0.881561 0.471577
vt 0.881958 0.475179
vt 0.880684 0.470711
vt 0.838236 0.648873
vt 0.836379 0.649149
vt 0.662302 0.712486
vt 0.662331 0.712614
vt 0.662523 0.714601
vt 0.662084 0.713392
vt 0.069629 0.516086
vt 0.070815 0.518092
vt 0.857182 0.625420
vt 0.855253 0.629851
vt 0.093542 0.329832
vt 0.681856 0.633672
vt 0.683907 0.632870
vt 0.344010 0.841960
vt 0.342081 0.843588
vt 0.969522 0.207085
vt 0.970075 0.207858
vt 0.968702 0.208376
vt 0.909545 0.208037
vt 0.909153 0.209802
vt 0.908025 0.209022
vt 0.832149 0.629721
vt 0.269374 0.985260
vt 0.842898 0.617950
vt 0.842102 0.851914
vt 0.843799 0.851898
vt 0.842757 0.853901
vt 0.825856 0.633699
vt 0.827564 0.633776
vt 0.427177 0.676510
vt 0.080203 0.324268
vt 0.082665 0.321799
vt 0.574369 0.862908
vt 0.580071 0.861999
vt 0.473367 0.587909
vt 0.475443 0.585092
vt 0.080578 0.513806
vt 0.081723 0.514806
vt 0.259865 0.836850
vt 0.507136 0.965864
vt 0.103808 0.311695
vt 0.098969 0.313042
vt 0.846426 0.647199
vt 0.849366 0.642983
vt 0.849597 0.645318
vt 0.702576 0.423321
vt 0.701937 0.423184
vt 0.702194 0.423091
vt 0.480025 0.587731
vt 0.241387 0.400456
vt 0.242610 0.400835
vt 0.241595 0.402651
vt 0.004221 0.891099
vt 0.930948 0.216220
vt 0.930720 0.216238
vt 0.930736 0.216045
vt 0.851474 0.611259
vt 0.854974 0.615149
vt 0.851774 0.619519
vt 0.077959 0.511280
vt 0.071194 0.511011
vt 0.076107 0.508484
vt 0.567937 0.645569
vt 0.568338 0.646243
vt 0.568195 0.646122
vt 0.286632 0.405075
vt 0.287707 0.405651
vt 0.287398 0.406915
vt 0.855993 0.620632
vt 0.835769 0.615088
vt 0.836275 0.612161
vt 0.525298 0.681110
vt 0.522779 0.680515
vt 0.522104 0.679067
vt 0.143660 0.376954
vt 0.144849 0.378199
vt 0.143302 0.377942
vt 0.071009 0.330333
vt 0.077050 0.324718
vt 0.228670 0.413684
vt 0.228450 0.415469
vt 0.227383 0.413343
vt 0.086465 0.341368
vt 0.087970 0.337259
vt 0.091991 0.341528
vt 0.337116 0.844857
vt 0.334007 0.845451
vt 0.738440 0.357278
vt 0.740711 0.360286
vt 0.739129 0.360589
vt 0.750119 0.066837
vt 0.751528 0.067119
vt 0.750902 0.067336
vt 0.830904 0.614927
vt 0.471541 0.691195
vt 0.470978 0.694931
vt 0.468039 0.692136
vt 0.086581 0.316061
vt 0.077265 0.859850
vt 0.076794 0.859307
vt 0.077508 0.858684
vt 0.519234 0.450060
vt 0.208062 0.352705
vt 0.206741 0.358533
vt 0.498382 0.965983
vt 0.498997 0.964133
vt 0.500666 0.965450
vt 0.970435 0.396762
vt 0.973281 0.399192
vt 0.971737 0.399512
vt 0.914037 0.635894
vt 0.914381 0.634325
vt 0.915828 0.635810
vt 0.218311 0.836033
vt 0.219960 0.837602
vt 0.217053 0.837538
vt 0.861166 0.620262
vt 0.861985 0.623395
vt 0.095159 0.516097
vt 0.092835 0.517410
vt 0.023676 0.941772
vt 0.023884 0.941370
vt 0.024054 0.941677
vt 0.090278 0.519958
vt 0.088279 0.517588
vt 0.113017 0.340050
vt 0.112521 0.340559
vt 0.112892 0.339279
vt 0.269209 0.988644
vt 0.268309 0.991722
vt 0.268014 0.992481
vt 0.268654 0.989099
vt 0.874735 0.116038
vt 0.881327 0.129262
vt 0.877338 0.128391
vt 0.323338 0.837797
vt 0.829513 0.636935
vt 0.833422 0.639199
vt 0.831628 0.643095
vt 0.840699 0.646970
vt 0.853443 0.645509
vt 0.896576 0.122178
vt 0.960743 0.852995
vt 0.962445 0.852925
vt 0.962055 0.854994
vt 0.237428 0.850716
vt 0.236655 0.847503
vt 0.240478 0.849533
vt 0.176043 0.159837
vt 0.175208 0.161413
vt 0.173875 0.161278
vt 0.834401 0.626889
vt 0.323356 0.836631
vt 0.846901 0.640347
vt 0.278560 0.017749
vt 0.277530 0.017257
vt 0.278983 0.016581
vt 0.777013 0.763763
vt 0.776125 0.765915
vt 0.848820 0.608067
vt 0.181490 0.920323
vt 0.182891 0.918977
vt 0.185513 0.922247
vt 0.862915 0.947675
vt 0.862737 0.948532
vt 0.861811 0.947680
vt 0.850583 0.608909
vt 0.128808 0.794220
vt 0.129495 0.794966
vt 0.127904 0.795148
vt 0.920315 0.948248
vt 0.919558 0.946757
vt 0.920171 0.946320
vt 0.869297 0.126649
vt 0.076797 0.321078
vt 0.071355 0.322994
vt 0.460971 0.156955
vt 0.460593 0.158637
vt 0.459902 0.156456
vt 0.094409 0.902176
vt 0.223524 0.969393
vt 0.224082 0.967332
vt 0.224754 0.966609
vt 0.347610 0.843658
vt 0.342979 0.846690
vt 0.591233 0.122381
vt 0.589203 0.122538
vt 0.590145 0.120384
vt 0.325424 0.841487
vt 0.088243 0.522110
vt 0.085971 0.522492
vt 0.280345 0.389679
vt 0.281154 0.389718
vt 0.281195 0.390199
vt 0.280321 0.389705
vt 0.482753 0.270843
vt 0.480741 0.271419
vt 0.408931 0.793495
vt 0.407934 0.792435
vt 0.410686 0.793039
vt 0.836451 0.615777
vt 0.888941 0.119721
vt 0.890391 0.115821
vt 0.893268 0.116530
vt 0.002791 0.957231
vt 0.084568 0.507239
vt 0.078334 0.508355
vt 0.709608 0.171042
vt 0.708591 0.171091
vt 0.708839 0.169596
vt 0.089849 0.515244
vt 0.085466 0.514173
vt 0.093285 0.513286
vt 0.268170 0.159336
vt 0.270589 0.158361
vt 0.270046 0.159739
vt 0.071041 0.330397
vt 0.098511 0.329004
vt 0.879269 0.132809
vt 0.876635 0.131800
vt 0.486008 0.193506
vt 0.740323 0.250187
vt 0.738729 0.249868
vt 0.740143 0.248516
vt 0.422008 0.961866
vt 0.422394 0.964731
vt 0.419546 0.963847
vt 0.839292 0.640067
vt 0.206856 0.739483
vt 0.206213 0.736263
vt 0.207912 0.737906
vt 0.099884 0.298278
vt 0.099118 0.299295
vt 0.098271 0.298421
vt 0.109761 0.319077
vt 0.110207 0.321191
vt 0.956086 0.392054
vt 0.955703 0.394347
vt 0.953822 0.391692
vt 0.084025 0.300933
vt 0.073865 0.512681
vt 0.692286 0.399866
vt 0.692229 0.400574
vt 0.691786 0.400307
vt 0.093281 0.335617
vt 0.888431 0.460196
vt 0.890831 0.461254
vt 0.887598 0.461610
vt 0.850044 0.626489
vt 0.581155 0.314212
vt 0.581644 0.313107
vt 0.582267 0.314005
vt 0.096290 0.680718
vt 0.094821 0.680775
vt 0.094754 0.679540
vt 0.732361 0.141862
vt 0.732146 0.142903
vt 0.731791 0.141697
vt 0.572446 0.648271
vt 0.569910 0.646487
vt 0.573839 0.649042
vt 0.805518 0.112015
vt 0.803843 0.111778
vt 0.805991 0.111198
vt 0.493109 0.191762
vt 0.489582 0.192018
vt 0.616084 0.094491
vt 0.617741 0.093930
vt 0.615932 0.095859
vt 0.860315 0.613946
vt 0.226313 0.807113
vt 0.223787 0.804713
vt 0.227410 0.804688
vt 0.328068 0.844290
vt 0.105298 0.339461
vt 0.108117 0.335945
vt 0.108629 0.338013
vt 0.858447 0.644926
vt 0.390068 0.009236
vt 0.389547 0.007983
vt 0.390566 0.007750
vt 0.608833 0.503218
vt 0.609995 0.505156
vt 0.607999 0.504077
vt 0.885819 0.125961
vt 0.867300 0.462716
vt 0.865649 0.464438
vt 0.864611 0.463105
vt 0.072704 0.518443
vt 0.829484 0.644301
vt 0.829906 0.642590
vt 0.376958 0.149631
vt 0.375871 0.151247
vt 0.374708 0.150947
vt 0.827880 0.623063
vt 0.827887 0.624551
vt 0.088231 0.511159
vt 0.084798 0.510935
vt 0.859076 0.601585
vt 0.707713 0.584380
vt 0.707711 0.583332
vt 0.708349 0.584035
vt 0.511172 0.985211
vt 0.508446 0.985433
vt 0.507042 0.984327
vt 0.069717 0.506792
vt 0.106081 0.330330
vt 0.883092 0.117154
vt 0.228383 0.992368
vt 0.227335 0.991859
vt 0.227268 0.990837
vt 0.499869 0.187396
vt 0.228658 0.967261
vt 0.228221 0.969334
vt 0.227435 0.967367
vt 0.352606 0.845266
vt 0.350934 0.848441
vt 0.350741 0.847488
vt 0.348147 0.847416
vt 0.886837 0.118294
vt 0.212692 0.347556
vt 0.209532 0.349432
vt 0.461235 0.678580
vt 0.461263 0.678548
vt 0.461237 0.678702
vt 0.462032 0.682501
vt 0.462239 0.682354
vt 0.359774 0.846884
vt 0.357064 0.847722
vt 0.356828 0.845877
vt 0.109769 0.335200
vt 0.111405 0.336529
vt 0.952027 0.567968
vt 0.950787 0.569448
vt 0.951798 0.567042
vt 0.476334 0.589779
vt 0.240038 0.720490
vt 0.241076 0.717777
vt 0.243774 0.717221
vt 0.241629 0.720626
vt 0.857917 0.645622
vt 0.853677 0.646370
vt 0.858245 0.645562
vt 0.569987 0.087682
vt 0.570004 0.087738
vt 0.568224 0.087653
vt 0.568905 0.086492
vt 0.862902 0.617675
vt 0.863546 0.642563
vt 0.613250 0.509675
vt 0.610305 0.508197
vt 0.612350 0.507891
vt 0.142254 0.896240
vt 0.140157 0.896386
vt 0.139503 0.893762
vt 0.829690 0.942971
vt 0.828561 0.943934
vt 0.828168 0.941465
vt 0.040482 0.517843
vt 0.119996 0.120435
vt 0.119433 0.121899
vt 0.118662 0.120299
vt 0.833949 0.641778
vt 0.285166 0.129390
vt 0.286893 0.129890
vt 0.427752 0.304960
vt 0.427408 0.303808
vt 0.523265 0.456775
vt 0.523741 0.458992
vt 0.005225 0.958880
vt 0.891080 0.076149
vt 0.890482 0.074786
vt 0.909586 0.202790
vt 0.077788 0.315440
vt 0.072837 0.315641
vt 0.952573 0.855632
vt 0.953800 0.856397
vt 0.526967 0.684338
vt 0.527029 0.685276
vt 0.525683 0.683648
vt 0.571847 0.863797
vt 0.530703 0.126136
vt 0.529360 0.126244
vt 0.366735 0.114282
vt 0.365682 0.113041
vt 0.198560 0.710788
vt 0.524931 0.684217
vt 0.527006 0.685283
vt 0.919008 0.482182
vt 0.918982 0.482881
vt 0.918533 0.483221
vt 0.917962 0.482780
vt 0.705543 0.584338
vt 0.703942 0.583859
vt 0.704699 0.582228
vt 0.067447 0.506028
vt 0.068629 0.506698
vt 0.067312 0.506098
vt 0.314581 0.031538
vt 0.313800 0.032919
vt 0.313701 0.032721
vt 0.313755 0.031679
vt 0.853027 0.646507
vt 0.206603 0.359145
vt 0.205691 0.359015
vt 0.202076 0.358688
vt 0.203205 0.355598
vt 0.520588 0.188728
vt 0.522852 0.187963
vt 0.524363 0.189101
vt 0.525090 0.190458
vt 0.863822 0.644164
vt 0.860169 0.645009
vt 0.858868 0.645192
vt 0.858439 0.645451
vt 0.473242 0.583953
vt 0.472526 0.585001
vt 0.472902 0.584263
vt 0.803390 0.956949
vt 0.805005 0.956779
vt 0.804995 0.957251
vt 0.803568 0.957096
vt 0.850164 0.646961
vt 0.216971 0.357512
vt 0.216524 0.360120
vt 0.840790 0.647508
vt 0.843983 0.647837
vt 0.833430 0.647793
vt 0.833785 0.649410
vt 0.314581 0.031538
vt 0.313739 0.031682
vt 0.313701 0.032722
vt 0.919008 0.482182
vt 0.917962 0.482780
vt 0.918533 0.483221
vt 0.918982 0.482881
vt 0.704699 0.582228
vt 0.703942 0.583859
vt 0.705543 0.584338
vt 0.067447 0.506028
vt 0.067312 0.506098
vt 0.068629 0.506698
vt 0.853031 0.646498
vt 0.205691 0.359015
vt 0.206603 0.359145
vt 0.203205 0.355598
vt 0.202076 0.358688
vt 0.520588 0.188728
vt 0.525090 0.190458
vt 0.524363 0.189101
vt 0.522852 0.187963
vt 0.859978 0.645000
vt 0.863827 0.644196
vt 0.858440 0.645367
vt 0.858809 0.645155
vt 0.473242 0.583953
vt 0.472950 0.584220
vt 0.472605 0.584885
vt 0.803390 0.956949
vt 0.803568 0.957096
vt 0.804995 0.957251
vt 0.805005 0.956779
vt 0.850164 0.646961
vt 0.216524 0.360120
vt 0.216971 0.357512
vt 0.840790 0.647508
vt 0.843983 0.647837
vt 0.833430 0.647793
vt 0.833785 0.649410
vt 0.480524 0.194492
vt 0.480540 0.194852
vt 0.111398 0.325407
vt 0.111484 0.325647
vt 0.480524 0.194492
vt 0.111527 0.325943
vt 0.701588 0.425474
vt 0.701456 0.425877
vt 0.568958 0.088731
vt 0.570000 0.087777
vt 0.948774 0.526948
vt 0.948966 0.523675
vt 0.949058 0.523767
vt 0.949741 0.526078
vt 0.102701 0.643393
vt 0.103490 0.643890
vt 0.103542 0.645783
vt 0.103225 0.646234
vt 0.807940 0.897441
vt 0.807099 0.895179
vt 0.808166 0.896406
vt 0.619431 0.824046
vt 0.620756 0.824183
vt 0.621250 0.825694
vt 0.108843 0.316039
vt 0.107319 0.312843
vt 0.111572 0.326445
vt 0.112243 0.332888
vt 0.113175 0.334827
vt 0.740440 0.383517
vt 0.739045 0.386040
vt 0.739410 0.383656
vt 0.739473 0.383580
vt 0.105403 0.308246
vt 0.107968 0.308211
vt 0.106495 0.310147
vt 0.105711 0.307578
vt 0.829222 0.609053
vt 0.830405 0.605294
vt 0.830500 0.605331
vt 0.832576 0.609829
vt 0.861850 0.601339
vt 0.860605 0.601230
vt 0.861785 0.601002
vt 0.107203 0.312560
vt 0.113124 0.340667
vt 0.209046 0.868942
vt 0.208833 0.870299
vt 0.208575 0.870388
vt 0.205642 0.868804
vt 0.111484 0.325647
vt 0.111398 0.325407
vt 0.111527 0.325943
vt 0.701468 0.425869
vt 0.701580 0.425525
vt 0.568958 0.088731
vt 0.570006 0.087771
vt 0.948774 0.526948
vt 0.949741 0.526078
vt 0.949058 0.523767
vt 0.948966 0.523675
vt 0.102701 0.643393
vt 0.103225 0.646234
vt 0.103542 0.645783
vt 0.103490 0.643890
vt 0.807940 0.897441
vt 0.808166 0.896406
vt 0.807099 0.895179
vt 0.619431 0.824046
vt 0.621250 0.825694
vt 0.620756 0.824183
vt 0.108843 0.316039
vt 0.107319 0.312843
vt 0.112243 0.332888
vt 0.111572 0.326445
vt 0.113175 0.334827
vt 0.740440 0.383517
vt 0.739473 0.383580
vt 0.739410 0.383656
vt 0.739045 0.386040
vt 0.106495 0.310147
vt 0.107968 0.308211
vt 0.105403 0.308246
vt 0.105711 0.307578
vt 0.829222 0.609053
vt 0.832576 0.609829
vt 0.830500 0.605331
vt 0.830405 0.605294
vt 0.861850 0.601339
vt 0.860658 0.601235
vt 0.861782 0.600988
vt 0.107203 0.312560
vt 0.113124 0.340667
vt 0.209046 0.868942
vt 0.205642 0.868804
vt 0.208646 0.870426
vt 0.208823 0.870364
vn 0.4930 -0.2690 0.8274
vn 0.4919 -0.2869 0.8220
vn 0.5199 -0.2746 0.8089
vn 0.6667 -0.3570 0.6543
vn 0.6456 -0.3595 0.6737
vn 0.6499 -0.3762 0.6604
vn 0.4234 -0.1315 -0.8964
vn 0.4287 -0.1075 -0.8970
vn 0.4366 -0.1257 -0.8908
vn 0.8712 0.2422 0.4270
vn 0.8651 0.2685 0.4237
vn 0.8574 0.2507 0.4494
vn 0.4657 -0.3083 0.8295
vn 0.4711 -0.2918 0.8324
vn 0.4527 -0.2956 0.8413
vn 0.9157 0.2055 0.3455
vn 0.9158 0.2313 0.3283
vn 0.9020 0.2351 0.3620
vn 0.9651 -0.2304 -0.1241
vn 0.9779 -0.1744 -0.1157
vn 0.9672 -0.2297 -0.1085
vn 0.6028 0.1639 -0.7809
vn 0.6035 0.1769 -0.7775
vn 0.6170 0.1652 -0.7694
vn 0.9860 0.0970 -0.1354
vn 0.9872 0.0962 -0.1274
vn 0.9858 0.0669 -0.1537
vn 0.5073 0.0342 -0.8611
vn 0.5055 0.0392 -0.8620
vn 0.8599 0.2413 0.4499
vn 0.8407 0.2716 0.4684
vn 0.8419 0.2516 0.4774
vn 0.7827 0.3433 0.5192
vn 0.7458 0.3708 0.5534
vn 0.7674 0.3356 0.5463
vn 0.9466 -0.1755 0.2705
vn 0.9360 -0.1807 0.3020
vn 0.9395 -0.2014 0.2771
vn 0.2101 0.1759 -0.9617
vn 0.1909 0.1806 -0.9649
vn 0.8133 0.2692 0.5159
vn 0.8312 0.2282 0.5070
vn 0.8349 0.2476 0.4916
vn 0.9993 0.0186 0.0309
vn 0.9992 0.0004 0.0394
vn 0.9997 0.0045 0.0220
vn 0.1957 0.2244 0.9546
vn 0.1910 0.1833 0.9643
vn 0.2076 0.1942 0.9587
vn 0.9335 -0.3523 -0.0672
vn 0.6862 -0.7274 0.0062
vn 0.9297 -0.3592 -0.0814
vn 0.7644 -0.0455 0.6431
vn 0.7953 -0.0229 0.6058
vn 0.7723 0.0074 0.6352
vn 0.2043 0.4498 -0.8694
vn 0.1838 0.4431 -0.8774
vn 0.1753 0.4505 -0.8754
vn 0.1744 -0.0038 -0.9847
vn 0.1783 0.0071 -0.9840
vn 0.1808 -0.0068 -0.9835
vn 0.0598 -0.7319 0.6788
vn 0.6980 0.0549 0.7140
vn 0.0691 -0.0788 0.9945
vn 0.7629 0.4781 0.4352
vn 0.7782 0.4441 0.4440
vn 0.7831 0.4693 0.4080
vn 0.9685 -0.1238 0.2161
vn 0.9600 -0.1798 0.2145
vn 0.9693 -0.1391 0.2028
vn 0.7000 0.3740 0.6084
vn 0.6856 0.3549 0.6356
vn 0.7103 0.3356 0.6187
vn 0.2417 -0.2390 0.9405
vn 0.2480 -0.2192 0.9436
vn 0.2246 -0.2262 0.9478
vn -0.1273 -0.0161 -0.9917
vn -0.1368 -0.0039 -0.9906
vn -0.1279 0.0015 -0.9918
vn 0.1151 -0.1262 -0.9853
vn 0.1196 -0.1118 -0.9865
vn 0.1287 -0.1236 -0.9839
vn 0.4145 -0.1947 -0.8890
vn 0.4146 -0.2099 -0.8855
vn 0.4047 -0.2045 -0.8913
vn 0.2853 0.0769 0.9553
vn 0.2820 0.0940 0.9548
vn 0.2643 0.0841 0.9608
vn 0.1226 0.2391 0.9632
vn 0.1365 0.2551 0.9572
vn 0.1250 0.2614 0.9571
vn 0.9893 -0.0601 0.1329
vn 0.9931 -0.0724 0.0918
vn 0.9921 -0.0371 0.1195
vn 0.7220 -0.0637 0.6889
vn 0.7339 -0.0575 0.6768
vn 0.7276 -0.0372 0.6849
vn 0.8717 0.2286 -0.4336
vn 0.8730 0.2358 -0.4269
vn 0.8738 0.2239 -0.4317
vn 0.7735 -0.1739 0.6094
vn 0.7654 -0.1987 0.6121
vn 0.7801 -0.1951 0.5944
vn 0.8989 -0.4251 0.1061
vn 0.8977 -0.4241 0.1194
vn 0.8820 -0.4584 0.1088
vn 0.5474 -0.2625 -0.7946
vn 0.5458 -0.2823 -0.7890
vn 0.5362 -0.2702 -0.7997
vn 0.5726 -0.3014 -0.7624
vn 0.5862 -0.2822 -0.7594
vn 0.5900 -0.2937 -0.7521
vn 0.8882 -0.2167 0.4051
vn 0.8773 -0.2281 0.4222
vn 0.8843 -0.2386 0.4013
vn 0.9263 0.0614 0.3717
vn 0.9339 0.0808 0.3482
vn 0.9244 0.0918 0.3702
vn 0.9837 -0.1233 0.1309
vn 0.9771 -0.1503 0.1504
vn 0.9803 -0.1502 0.1286
vn 0.0298 0.0141 -0.9995
vn 0.0412 0.0216 -0.9989
vn 0.0410 0.0044 -0.9991
vn 0.6766 -0.2476 0.6935
vn 0.6613 -0.2764 0.6974
vn 0.6894 -0.2624 0.6751
vn 0.6851 -0.4347 0.5846
vn 0.6896 -0.4082 0.5982
vn 0.6669 -0.4329 0.6064
vn 0.7971 -0.4627 -0.3881
vn 0.8085 -0.4471 -0.3828
vn 0.8073 -0.4593 -0.3704
vn 0.6462 0.3136 0.6957
vn 0.6637 0.3124 0.6797
vn 0.6580 0.3278 0.6779
vn 0.7095 -0.4920 -0.5045
vn 0.6971 -0.5052 -0.5087
vn 0.7015 -0.4915 -0.5160
vn 0.6850 -0.3928 -0.6135
vn 0.6820 -0.4035 -0.6099
vn 0.6730 -0.4013 -0.6213
vn 0.4959 0.3335 0.8018
vn 0.4860 0.3246 0.8114
vn 0.5080 0.3164 0.8011
vn 0.6871 -0.1053 0.7189
vn 0.6851 -0.0851 0.7235
vn 0.6746 -0.0974 0.7317
vn 0.7195 0.3267 0.6128
vn 0.7075 0.3489 0.6146
vn 0.6993 0.3348 0.6315
vn 0.8769 0.2665 0.4000
vn 0.8687 0.2846 0.4055
vn 0.8727 0.2644 0.4105
vn 0.8207 -0.5029 0.2711
vn 0.8093 -0.5205 0.2724
vn 0.8219 -0.5188 0.2354
vn 0.8927 0.2967 0.3394
vn 0.8810 0.3009 0.3651
vn 0.8877 0.2794 0.3659
vn 0.9142 -0.2885 0.2847
vn 0.8920 -0.3077 0.3312
vn 0.8914 -0.3317 0.3089
vn 0.9150 -0.3528 0.1958
vn 0.9092 -0.3445 0.2339
vn 0.9049 -0.3781 0.1956
vn 0.9304 -0.3155 0.1863
vn 0.9116 -0.3585 0.2009
vn 0.9195 -0.3563 0.1658
vn 0.0389 -0.7739 0.6322
vn 0.5236 0.3803 0.7624
vn 0.0336 -0.2054 0.9781
vn 0.9471 -0.1156 0.2995
vn 0.9431 -0.0979 0.3178
vn 0.9360 -0.1322 0.3262
vn 0.9454 0.0319 0.3242
vn 0.9369 0.0386 0.3475
vn 0.9362 0.0228 0.3506
vn 0.9501 0.0569 0.3069
vn 0.9458 0.0866 0.3130
vn 0.9423 0.0734 0.3266
vn 0.5878 0.0944 -0.8035
vn 0.5818 0.0998 -0.8072
vn 0.5888 0.1039 -0.8015
vn 0.8475 -0.0304 0.5299
vn 0.8599 -0.0160 0.5102
vn 0.8418 -0.0081 0.5397
vn 0.8667 0.2788 0.4136
vn 0.8772 0.2649 0.4005
vn 0.8704 0.2949 0.3942
vn 0.9000 0.3856 -0.2031
vn 0.9143 0.3606 -0.1844
vn 0.9182 0.3448 -0.1951
vn 0.9616 -0.2203 -0.1634
vn 0.9578 -0.2405 -0.1576
vn 0.9558 -0.2384 -0.1724
vn 0.9728 -0.1177 0.1997
vn 0.9739 -0.1001 0.2037
vn 0.9711 -0.1119 0.2106
vn 0.6778 0.2933 -0.6742
vn 0.6869 0.2805 -0.6705
vn 0.6796 0.2815 -0.6774
vn 0.8352 -0.3085 -0.4553
vn 0.8473 -0.3014 -0.4374
vn 0.8408 -0.3141 -0.4408
vn 0.8224 -0.4616 0.3325
vn 0.8326 -0.4478 0.3259
vn 0.8233 -0.4472 0.3494
vn 0.6788 -0.3447 0.6484
vn 0.6526 -0.3491 0.6725
vn 0.6494 -0.3766 0.6607
vn 0.6713 -0.3619 0.6468
vn 0.3589 0.2182 0.9075
vn 0.3600 0.2032 0.9106
vn 0.3738 0.2131 0.9027
vn 0.4547 -0.1101 -0.8838
vn 0.4492 -0.1186 -0.8855
vn 0.4426 -0.1105 -0.8899
vn 0.6467 -0.2115 -0.7328
vn 0.6398 -0.2011 -0.7417
vn 0.6581 -0.1914 -0.7282
vn 0.2662 0.0603 0.9620
vn 0.2635 0.0805 0.9613
vn 0.2454 0.0685 0.9670
vn 0.9258 0.0462 -0.3753
vn 0.9283 0.0507 -0.3682
vn 0.9343 0.0243 -0.3557
vn 0.6848 0.2931 -0.6671
vn 0.6810 0.2762 -0.6782
vn 0.6733 0.2870 -0.6814
vn 0.7328 0.2689 -0.6251
vn 0.7153 0.2610 -0.6483
vn 0.7133 0.2792 -0.6428
vn 0.9755 0.1307 -0.1771
vn 0.9750 0.1009 -0.1979
vn 0.9697 0.1402 -0.2001
vn 0.8668 -0.0715 0.4935
vn 0.8535 -0.0802 0.5148
vn 0.8637 -0.0948 0.4951
vn 0.8148 -0.5391 0.2132
vn 0.8272 -0.5235 0.2043
vn 0.8220 -0.5204 0.2313
vn 0.8973 -0.3606 0.2544
vn 0.8979 -0.3471 0.2707
vn 0.8872 -0.3710 0.2741
vn 0.8087 -0.3693 0.4577
vn 0.8227 -0.3579 0.4418
vn 0.8146 -0.3448 0.4664
vn 0.9787 -0.1350 0.1549
vn 0.9775 -0.1466 0.1513
vn 0.9805 -0.1378 0.1402
vn 0.3854 -0.3908 0.8359
vn 0.3789 -0.4162 0.8266
vn 0.4042 -0.3954 0.8248
vn 0.6593 -0.1865 -0.7284
vn 0.6470 -0.1793 -0.7411
vn 0.6716 -0.1725 -0.7205
vn 0.7130 0.1306 0.6889
vn 0.7254 0.1110 0.6793
vn 0.7330 0.1306 0.6676
vn 0.8041 -0.1526 0.5745
vn 0.8082 -0.1304 0.5743
vn 0.7878 -0.1296 0.6022
vn 0.9059 0.1963 0.3753
vn 0.9181 0.1865 0.3498
vn 0.9092 0.2134 0.3576
vn 0.9792 -0.1412 -0.1459
vn 0.9832 -0.1116 -0.1447
vn 0.9847 -0.1221 -0.1243
vn 0.9963 0.0838 0.0179
vn 0.9296 -0.3086 -0.2014
vn 0.9300 -0.2945 -0.2201
vn 0.9993 -0.0377 0.0062
vn 0.9993 -0.0288 -0.0220
vn 0.9997 -0.0149 0.0191
vn 0.9606 0.2195 0.1705
vn 0.9767 0.1450 0.1585
vn 0.9754 0.1925 0.1076
vn 0.6219 0.3395 0.7057
vn 0.6214 0.3157 0.7171
vn 0.6355 0.3257 0.7000
vn 0.4917 0.1141 0.8633
vn 0.4704 0.1155 0.8748
vn 0.4786 0.0988 0.8724
vn 0.0169 0.7265 -0.6870
vn 0.7115 -0.1532 -0.6858
vn 0.0197 0.0228 -0.9995
vn 0.6998 0.2092 -0.6830
vn 0.6958 0.2274 -0.6813
vn 0.7015 0.2223 -0.6771
vn 0.5614 0.1795 -0.8078
vn 0.5661 0.1875 -0.8028
vn 0.5745 0.1704 -0.8006
vn 0.7866 0.2777 0.5514
vn 0.8021 0.2642 0.5357
vn 0.8015 0.2810 0.5278
vn 0.7563 -0.4040 0.5146
vn 0.7750 -0.3960 0.4925
vn 0.7721 -0.3742 0.5137
vn 0.6926 -0.1496 -0.7056
vn 0.6953 -0.1690 -0.6985
vn 0.6860 -0.1662 -0.7084
vn 0.8713 0.0699 0.4858
vn 0.8692 0.1016 0.4838
vn 0.8533 0.1130 0.5090
vn 0.8182 -0.1742 -0.5479
vn 0.8186 -0.1538 -0.5534
vn 0.8311 -0.1672 -0.5303
vn 0.9568 -0.2663 -0.1166
vn 0.9561 -0.2560 -0.1428
vn 0.9623 -0.2512 -0.1044
vn 0.9858 -0.1129 -0.1247
vn 0.9797 -0.1168 -0.1632
vn 0.9855 -0.1012 -0.1361
vn 0.4790 0.2909 0.8282
vn 0.4827 0.2759 0.8312
vn 0.4905 0.2877 0.8226
vn 0.9625 -0.2713 0.0050
vn 0.9692 -0.2440 0.0349
vn 0.9593 -0.2746 0.0658
vn 0.9543 -0.2985 0.0155
vn 0.8095 -0.2174 0.5454
vn 0.8061 -0.2052 0.5550
vn 0.7964 -0.2203 0.5633
vn 0.0850 -0.0387 0.9956
vn 0.0956 -0.0458 0.9944
vn 0.0982 -0.0351 0.9945
vn 0.9850 -0.1212 -0.1230
vn 0.9849 -0.1318 -0.1126
vn 0.9811 -0.1404 -0.1329
vn 0.7876 -0.2256 0.5733
vn 0.7835 -0.2070 0.5859
vn 0.7753 -0.2247 0.5903
vn 0.9021 -0.3338 0.2736
vn 0.8859 -0.3512 0.3029
vn 0.8809 -0.3825 0.2788
vn 0.8986 -0.3637 0.2453
vn 0.9048 0.4096 0.1170
vn 0.9069 0.4112 0.0913
vn 0.8917 0.4391 0.1099
vn 0.4177 0.0592 0.9066
vn 0.4131 0.0373 0.9099
vn 0.4305 0.0393 0.9017
vn 0.5313 -0.1270 -0.8376
vn 0.5305 -0.1341 -0.8370
vn 0.5217 -0.1270 -0.8436
vn 0.8459 0.2836 0.4516
vn 0.8636 0.2920 0.4110
vn 0.8504 0.3347 0.4060
vn 0.6118 -0.0687 -0.7880
vn 0.6168 -0.0563 -0.7851
vn 0.6325 -0.0658 -0.7718
vn -0.0251 -0.0065 0.9997
vn -0.0298 -0.0161 0.9994
vn -0.0141 -0.0238 0.9996
vn 0.1748 0.3618 0.9157
vn 0.1695 0.3402 0.9250
vn 0.1959 0.3517 0.9154
vn 0.9670 -0.2420 0.0790
vn 0.9605 -0.2645 0.0868
vn 0.9563 -0.2841 0.0693
vn 0.7963 -0.2008 0.5706
vn 0.7898 -0.1539 0.5937
vn 0.7775 -0.2061 0.5942
vn 0.8349 -0.0151 0.5502
vn 0.8287 -0.0127 0.5595
vn 0.8313 -0.0322 0.5548
vn 0.8995 -0.1747 0.4004
vn 0.8978 -0.1561 0.4117
vn 0.8914 -0.1783 0.4166
vn 0.9286 -0.2894 -0.2325
vn 0.9215 -0.3036 -0.2423
vn 0.9232 -0.2863 -0.2564
vn 0.9929 0.0480 0.1092
vn 0.9929 0.0665 0.0985
vn 0.9904 0.0704 0.1193
vn 0.6460 0.3961 0.6525
vn 0.6264 0.4048 0.6661
vn 0.6402 0.3799 0.6677
vn 0.5297 -0.0998 -0.8423
vn 0.5438 -0.0967 -0.8336
vn 0.5330 -0.1222 -0.8372
vn 0.7889 -0.2091 0.5778
vn 0.7941 -0.1854 0.5788
vn 0.7831 -0.2001 0.5889
vn 0.0424 -0.7684 0.6386
vn 0.7337 -0.3452 0.5852
vn 0.0572 0.0046 0.9984
vn 0.0546 -0.0170 0.9984
vn 0.7645 0.2412 0.5977
vn 0.0361 0.0707 0.9968
vn 0.0408 -0.6724 0.7391
vn 0.2528 0.3108 0.9162
vn 0.2405 0.2947 0.9248
vn 0.2602 0.2856 0.9224
vn 0.9902 -0.0114 -0.1392
vn 0.9913 0.0185 -0.1305
vn 0.9930 0.0057 -0.1182
vn 0.5191 0.2588 0.8146
vn 0.5095 0.2487 0.8237
vn 0.5256 0.2469 0.8141
vn 0.7094 0.2077 0.6735
vn 0.7424 0.1792 0.6455
vn 0.7355 0.2220 0.6402
vn 0.0797 0.0347 -0.9962
vn 0.0892 0.0150 -0.9959
vn 0.0760 0.0115 -0.9970
vn 0.9290 -0.0646 0.3644
vn 0.9394 -0.0881 0.3313
vn 0.9361 -0.0490 0.3482
vn 0.8976 -0.1222 0.4235
vn 0.8894 -0.1217 0.4406
vn 0.8921 -0.1385 0.4301
vn 0.3920 0.1797 0.9023
vn 0.3751 0.1734 0.9106
vn 0.3886 0.1568 0.9080
vn 0.6157 0.3613 0.7003
vn 0.6330 0.3269 0.7017
vn 0.6394 0.3447 0.6873
vn 0.1258 0.1598 -0.9791
vn 0.1370 0.1708 -0.9757
vn 0.1502 0.1446 -0.9780
vn 0.8371 0.0186 -0.5467
vn 0.8398 0.0251 -0.5423
vn 0.8427 0.0175 -0.5380
vn 0.7410 -0.2059 0.6391
vn 0.7506 -0.2226 0.6222
vn 0.7596 -0.2083 0.6161
vn 0.6613 -0.1977 0.7236
vn 0.6647 -0.2132 0.7161
vn 0.6701 -0.2022 0.7142
vn 0.8905 0.2436 -0.3843
vn 0.8949 0.2350 -0.3793
vn 0.8943 0.2284 -0.3847
vn 0.7131 -0.0882 0.6955
vn 0.0251 -0.1254 0.9918
vn 0.0283 -0.1330 0.9907
vn 0.9123 -0.1936 -0.3609
vn 0.9125 -0.2076 -0.3524
vn 0.9079 -0.2098 -0.3630
vn 0.6075 -0.0967 0.7884
vn 0.5982 -0.1038 0.7946
vn 0.6085 -0.1054 0.7865
vn 0.9254 -0.2747 0.2611
vn 0.9334 -0.2620 0.2454
vn 0.9295 -0.2584 0.2631
vn 0.1575 0.4061 -0.9001
vn 0.1538 0.4218 -0.8935
vn 0.1619 0.4131 -0.8962
vn 0.9656 -0.1677 0.1989
vn 0.9681 -0.1666 0.1869
vn 0.9695 -0.1405 0.2010
vn 0.4397 0.4000 -0.8042
vn 0.4242 0.4054 -0.8098
vn 0.4409 0.4286 -0.7886
vn 0.4404 0.4107 -0.7984
vn 0.4458 -0.0722 0.8922
vn 0.4291 -0.0718 0.9004
vn 0.4303 -0.0894 0.8983
vn 0.8732 0.2257 -0.4319
vn 0.8709 0.2315 -0.4334
vn 0.8763 0.2299 -0.4233
vn 0.1785 -0.1702 0.9691
vn 0.1886 -0.1595 0.9690
vn 0.1750 -0.1574 0.9719
vn 0.1337 -0.1238 -0.9833
vn 0.1231 -0.1156 -0.9856
vn 0.1367 -0.1074 -0.9848
vn 0.8947 0.0808 -0.4394
vn 0.8874 0.0815 -0.4538
vn 0.8877 0.0928 -0.4510
vn 0.8230 -0.2858 0.4908
vn 0.8018 -0.3099 0.5110
vn 0.8065 -0.3294 0.4909
vn 0.9613 -0.2262 0.1572
vn 0.9524 -0.2691 0.1432
vn 0.9587 -0.2525 0.1310
vn 0.1800 -0.0017 -0.9837
vn 0.1728 -0.0095 -0.9849
vn 0.1661 0.0023 -0.9861
vn 0.2668 0.0556 -0.9622
vn 0.2739 0.0509 -0.9604
vn 0.2597 0.0410 -0.9648
vn 0.4537 0.0424 -0.8902
vn 0.4545 0.0246 -0.8904
vn 0.4463 0.0369 -0.8941
vn -0.0212 0.2629 -0.9646
vn -0.0343 0.2579 -0.9656
vn -0.0338 0.2710 -0.9620
vn 0.0562 0.7763 -0.6279
vn 0.7927 -0.0093 -0.6096
vn 0.0827 0.0422 -0.9957
vn 0.8173 0.2293 -0.5286
vn 0.8189 0.2177 -0.5311
vn 0.8145 0.2206 -0.5366
vn 0.8921 0.1937 0.4083
vn 0.8854 0.2291 0.4045
vn 0.8836 0.1989 0.4240
vn 0.8032 0.1179 -0.5840
vn 0.8050 0.1052 -0.5838
vn 0.7976 0.1101 -0.5931
vn 0.7993 0.3146 -0.5120
vn 0.8071 0.3133 -0.5005
vn 0.8084 0.3022 -0.5052
vn 0.8422 -0.2791 0.4613
vn 0.8265 -0.2801 0.4883
vn 0.8336 -0.2922 0.4687
vn 0.3262 0.2815 -0.9024
vn 0.3030 0.2704 -0.9138
vn 0.3013 0.2975 -0.9059
vn 0.2269 -0.0556 0.9723
vn 0.2418 -0.0733 0.9675
vn 0.2477 -0.0519 0.9675
vn 0.2781 -0.0099 0.9605
vn 0.2752 -0.0327 0.9608
vn 0.2935 -0.0336 0.9554
vn 0.9822 -0.1666 -0.0864
vn 0.9779 -0.1846 -0.0979
vn 0.9813 -0.1546 -0.1147
vn 0.0445 0.1111 0.9928
vn 0.0374 0.1387 0.9896
vn -0.0088 0.1090 0.9940
vn 0.5813 0.3784 -0.7203
vn 0.5959 0.3431 -0.7261
vn 0.5749 0.3430 -0.7428
vn 0.9989 -0.0021 0.0472
vn 0.9989 -0.0285 0.0371
vn 0.9998 -0.0025 0.0182
vn 0.0585 0.6868 -0.7245
vn 0.7053 -0.4014 -0.5844
vn 0.0846 -0.0658 -0.9942
vn 0.8515 0.4212 -0.3123
vn 0.8667 0.4228 -0.2647
vn 0.8456 0.3935 -0.3606
vn 0.9839 -0.0759 -0.1616
vn 0.9856 -0.0809 -0.1486
vn 0.9820 -0.1049 -0.1569
vn 0.9735 -0.0821 -0.2132
vn 0.7672 -0.3079 -0.5626
vn 0.7800 -0.2980 -0.5503
vn 0.7737 -0.3119 -0.5515
vn 0.7511 -0.2118 -0.6253
vn 0.7566 -0.2087 -0.6196
vn 0.7549 -0.2181 -0.6185
vn 0.0294 -0.7688 0.6389
vn 0.7128 -0.0731 0.6975
vn 0.0275 -0.1067 0.9939
vn 0.0224 -0.1193 0.9926
vn 0.9882 0.0674 0.1377
vn 0.9886 0.0267 0.1480
vn 0.9929 0.0636 0.1009
vn 0.7344 0.1925 -0.6508
vn 0.7495 0.1827 -0.6363
vn 0.7292 0.1810 -0.6600
vn 0.8085 0.2768 0.5194
vn 0.7945 0.2970 0.5297
vn 0.7979 0.2735 0.5371
vn 0.7612 0.1647 0.6272
vn 0.7891 0.1752 0.5888
vn 0.7809 0.1939 0.5938
vn 0.9283 -0.3163 -0.1956
vn 0.9282 -0.3085 -0.2081
vn 0.9637 -0.1475 0.2226
vn 0.0359 -0.7912 0.6105
vn 0.6671 0.3046 0.6799
vn 0.0337 -0.0270 0.9991
vn 0.9828 -0.1317 -0.1296
vn 0.9800 -0.1460 -0.1355
vn 0.9813 -0.1294 -0.1423
vn 0.9465 -0.0627 -0.3165
vn 0.9502 -0.0504 -0.3075
vn 0.9505 -0.0618 -0.3045
vn 0.9318 -0.0728 -0.3555
vn 0.9299 -0.0803 -0.3589
vn 0.9282 -0.0713 -0.3651
vn 0.5340 -0.3190 -0.7830
vn 0.5177 -0.3283 -0.7901
vn 0.5180 -0.3206 -0.7930
vn 0.8336 -0.3476 -0.4292
vn 0.8351 -0.3368 -0.4350
vn 0.8377 -0.3410 -0.4266
vn 0.9535 -0.0734 0.2925
vn 0.9390 -0.0989 0.3294
vn 0.9539 -0.0852 0.2879
vn 0.7139 -0.0917 0.6942
vn 0.0275 -0.1286 0.9913
vn 0.0259 -0.1336 0.9907
vn 0.0275 -0.7801 0.6250
vn 0.5882 0.0101 -0.8086
vn 0.5807 0.0056 -0.8141
vn 0.5802 0.0177 -0.8143
vn 0.8556 0.2444 0.4563
vn 0.8571 0.2659 0.4412
vn 0.8466 0.2596 0.4647
vn 0.7564 0.2775 0.5924
vn 0.7396 0.2962 0.6043
vn 0.7457 0.2708 0.6088
vn 0.9785 -0.0900 0.1853
vn 0.9756 -0.1199 0.1839
vn 0.9812 -0.1111 0.1580
vn 0.6077 -0.1143 -0.7859
vn 0.5954 -0.0984 -0.7974
vn 0.6066 -0.0843 -0.7905
vn 0.5117 -0.1087 -0.8523
vn 0.4917 -0.1320 -0.8607
vn 0.4933 -0.1017 -0.8639
vn 0.7513 -0.3610 0.5525
vn 0.7576 -0.3785 0.5318
vn 0.7669 -0.3528 0.5362
vn 0.5667 -0.2808 0.7746
vn 0.5562 -0.2981 0.7758
vn 0.5757 -0.3079 0.7575
vn 0.8857 -0.4359 -0.1598
vn 0.8950 -0.4183 -0.1551
vn 0.7274 -0.6589 0.1918
vn 0.7702 -0.1097 -0.6283
vn 0.7653 -0.1240 -0.6316
vn 0.7585 -0.1122 -0.6419
vn 0.8650 -0.0128 0.5017
vn 0.8544 0.0191 0.5193
vn 0.8551 -0.0228 0.5179
vn 0.6713 -0.5458 0.5014
vn 0.6491 -0.5532 0.5222
vn 0.6534 -0.5692 0.4990
vn 0.6747 -0.4258 0.6029
vn 0.6509 -0.4330 0.6236
vn 0.6608 -0.4441 0.6050
vn 0.4269 0.1324 0.8946
vn 0.4047 0.1339 0.9046
vn 0.4164 0.1227 0.9008
vn 0.9907 0.0909 -0.1016
vn 0.9887 0.0913 -0.1187
vn 0.9879 0.1113 -0.1076
vn 0.9878 0.0778 -0.1352
vn 0.9855 0.0959 -0.1398
vn 0.9891 0.0839 -0.1212
vn 0.0742 -0.6764 0.7328
vn 0.7280 0.3707 0.5766
vn 0.0757 0.1154 0.9904
vn 0.1048 0.1068 0.9887
vn 0.6736 -0.1176 0.7297
vn 0.1849 0.3002 0.9358
vn 0.1243 -0.5488 0.8266
vn 0.9997 0.0087 0.0213
vn 0.9991 0.0103 0.0411
vn 0.9995 -0.0244 0.0183
vn 0.5872 -0.3145 -0.7459
vn 0.5805 -0.3251 -0.7465
vn 0.5703 -0.3126 -0.7597
vn 0.2706 0.3852 -0.8823
vn 0.2579 0.4008 -0.8791
vn 0.2773 0.3908 -0.8777
vn 0.1513 0.4085 -0.9001
vn 0.1432 0.4108 -0.9004
vn 0.1431 0.4198 -0.8963
vn 0.8454 0.1109 0.5225
vn 0.8404 0.0788 0.5362
vn 0.8555 0.0960 0.5089
vn -0.0091 0.7212 -0.6926
vn 0.5807 -0.3181 -0.7494
vn -0.0141 0.0509 -0.9986
vn 0.9586 -0.1537 0.2399
vn 0.9619 -0.1605 0.2214
vn 0.9637 -0.1477 0.2226
vn 0.0337 0.0423 -0.9985
vn 0.0213 0.0419 -0.9989
vn 0.0255 0.0545 -0.9982
vn 0.7525 0.1276 0.6461
vn 0.7363 0.1321 0.6636
vn 0.7528 0.1003 0.6506
vn -0.0238 0.0184 0.9995
vn -0.0209 0.0021 0.9998
vn -0.0079 0.0238 0.9997
vn 0.0542 0.0204 0.9983
vn 0.0491 0.0357 0.9982
vn 0.0329 0.0337 0.9989
vn 0.3702 0.0106 0.9289
vn 0.3824 -0.0027 0.9240
vn 0.3902 0.0174 0.9206
vn 0.3957 -0.0255 0.9180
vn 0.3920 -0.0049 0.9199
vn 0.3759 -0.0262 0.9263
vn 0.7704 0.4809 0.4186
vn 0.7542 0.4687 0.4599
vn 0.7903 0.4421 0.4242
vn 0.2126 -0.1146 0.9704
vn 0.2364 -0.1100 0.9654
vn 0.2199 -0.0984 0.9705
vn 0.9941 0.0722 0.0804
vn 0.9932 0.0516 0.1042
vn 0.9981 0.0437 0.0437
vn 0.9944 -0.0956 0.0450
vn 0.9882 -0.1266 0.0864
vn 0.9867 -0.1543 0.0517
vn 0.2356 0.2114 -0.9486
vn 0.2200 0.2238 -0.9495
vn 0.2242 0.2306 -0.9469
vn 0.0857 0.7460 -0.6604
vn 0.5728 0.5703 -0.5888
vn 0.1313 -0.0003 -0.9913
vn 0.1294 0.0155 -0.9915
vn 0.8339 -0.3284 -0.4435
vn 0.8450 -0.3253 -0.4245
vn 0.8365 -0.3489 -0.4225
vn 0.9253 -0.2883 0.2465
vn 0.9260 -0.2957 0.2348
vn 0.9328 -0.2734 0.2348
vn 0.2779 0.1237 -0.9526
vn 0.2523 0.1252 -0.9595
vn 0.2757 0.1442 -0.9504
vn 0.5185 0.1117 -0.8477
vn 0.5317 0.0983 -0.8412
vn 0.5195 0.1031 -0.8483
vn 0.7455 0.4646 0.4778
vn 0.7245 0.4866 0.4882
vn 0.7302 0.4570 0.5079
vn 0.6161 -0.4227 -0.6646
vn 0.8926 -0.3164 -0.3211
vn 0.8878 -0.3373 -0.3132
vn 0.6210 -0.7044 -0.3438
vn 0.8982 -0.3605 -0.2517
vn 0.9047 -0.3573 -0.2321
vn 0.7235 0.1315 -0.6777
vn 0.0150 0.0752 -0.9971
vn 0.0121 0.7788 -0.6271
vn 0.8934 0.2365 -0.3820
vn 0.8947 0.2302 -0.3828
vn 0.8896 0.2329 -0.3929
vn 0.2795 0.1359 0.9505
vn 0.2635 0.1383 0.9547
vn 0.2687 0.1176 0.9560
vn 0.9167 0.1223 -0.3803
vn 0.9232 -0.3075 -0.2306
vn 0.9149 -0.3117 -0.2564
vn 0.8745 -0.1644 0.4563
vn 0.8806 -0.2022 0.4285
vn 0.8836 -0.1466 0.4448
vn 0.9799 -0.1106 -0.1660
vn 0.9823 -0.1141 -0.1488
vn 0.9785 -0.1361 -0.1548
vn 0.1543 0.0442 -0.9870
vn 0.1725 0.0353 -0.9844
vn 0.1632 0.0236 -0.9863
vn 0.6771 0.3349 -0.6553
vn 0.6680 0.3376 -0.6632
vn 0.6634 0.3459 -0.6636
vn 0.6695 0.3644 -0.6473
vn 0.5952 -0.1966 -0.7791
vn 0.5852 -0.2031 -0.7850
vn 0.5883 -0.1936 -0.7851
vn 0.7546 -0.2854 -0.5908
vn 0.7496 -0.2884 -0.5958
vn 0.7509 -0.2742 -0.6008
vn 0.9565 -0.1407 0.2555
vn 0.9511 -0.1175 0.2857
vn 0.9488 -0.1321 0.2869
vn 0.8326 -0.0045 -0.5539
vn 0.8281 0.0025 -0.5606
vn 0.8341 0.0029 -0.5516
vn 0.8043 -0.0521 -0.5919
vn 0.8093 -0.0571 -0.5847
vn 0.8011 -0.0563 -0.5958
vn -0.0213 0.5649 -0.8249
vn 0.6667 -0.1486 -0.7304
vn -0.0300 -0.1119 -0.9933
vn 0.8553 0.1484 0.4964
vn 0.8366 0.1545 0.5255
vn 0.8403 0.1250 0.5275
vn 0.7700 0.3945 0.5015
vn 0.7893 0.3751 0.4861
vn 0.7830 0.4020 0.4747
vn 0.8133 0.2840 0.5078
vn 0.8086 0.3068 0.5020
vn 0.7990 0.2980 0.5223
vn 0.7957 0.2515 0.5510
vn 0.8085 0.2600 0.5279
vn 0.7961 0.2788 0.5372
vn 0.9623 -0.0147 0.2716
vn 0.9583 -0.0079 0.2856
vn 0.9564 -0.0230 0.2913
vn 0.9781 -0.0703 0.1960
vn 0.9806 -0.0594 0.1867
vn 0.9784 -0.0566 0.1988
vn 0.4812 -0.2614 -0.8367
vn 0.4710 -0.2731 -0.8388
vn 0.4719 -0.2611 -0.8421
vn 0.7057 -0.0920 -0.7025
vn 0.6878 -0.1196 -0.7160
vn 0.6875 -0.0950 -0.7199
vn 0.9637 0.0288 0.2654
vn 0.9508 0.0452 0.3065
vn 0.9628 0.0123 0.2698
vn 0.4889 -0.2003 -0.8490
vn -0.0849 0.3299 -0.9402
vn -0.0503 0.8910 -0.4513
vn 0.9306 0.2333 -0.2820
vn 0.9338 0.2185 -0.2832
vn 0.9221 0.2260 -0.3142
vn 0.9268 -0.3520 -0.1311
vn 0.9201 -0.3538 -0.1681
vn 0.9252 -0.3408 -0.1668
vn 0.8709 0.1310 -0.4737
vn 0.8653 0.1366 -0.4823
vn 0.8698 0.1418 -0.4725
vn 0.8548 0.2913 0.4295
vn 0.8649 0.2659 0.4258
vn 0.8706 0.2783 0.4058
vn 0.6215 0.0316 0.7828
vn 0.6194 0.0204 0.7848
vn 0.6369 0.0223 0.7706
vn 0.9883 0.0831 0.1279
vn 0.9934 0.0510 0.1025
vn 0.9881 0.1054 0.1116
vn 0.9631 -0.0131 0.2687
vn 0.9533 -0.0239 0.3009
vn 0.9581 -0.0384 0.2839
vn 0.8049 -0.1775 0.5663
vn 0.7877 -0.2010 0.5824
vn 0.8102 -0.1892 0.5547
vn 0.8761 -0.0634 0.4780
vn 0.8720 -0.0795 0.4830
vn 0.8804 -0.0743 0.4684
vn 0.1911 -0.1510 0.9699
vn 0.2052 -0.1632 0.9650
vn 0.2032 -0.1452 0.9683
vn 0.1314 -0.1852 0.9739
vn 0.1411 -0.1718 0.9750
vn 0.1174 -0.1753 0.9775
vn 0.0950 -0.0285 0.9951
vn 0.0872 -0.0484 0.9950
vn 0.1021 -0.0384 0.9940
vn 0.4645 -0.0874 -0.8812
vn 0.4862 -0.0779 -0.8703
vn 0.4824 -0.1004 -0.8702
vn 0.9630 0.0210 -0.2685
vn 0.9658 0.0125 -0.2589
vn 0.9633 0.0034 -0.2683
vn 0.5688 -0.0562 0.8206
vn 0.5856 -0.0562 0.8087
vn 0.5772 -0.0459 0.8153
vn 0.5801 -0.0694 0.8116
vn 0.5838 -0.0478 0.8105
vn 0.5679 -0.0562 0.8212
vn -0.1273 -0.1316 -0.9831
vn -0.1286 -0.1139 -0.9851
vn -0.0975 -0.1295 -0.9868
vn 0.0027 0.1156 0.9933
vn -0.0181 0.1064 0.9942
vn -0.0039 0.0993 0.9951
vn 0.5355 -0.3489 -0.7691
vn 0.5424 -0.3326 -0.7715
vn 0.5433 -0.3517 -0.7623
vn 0.4255 -0.0938 0.9001
vn 0.4277 -0.0687 0.9013
vn 0.4157 -0.0918 0.9049
vn 0.2591 -0.1780 0.9493
vn 0.2349 -0.1658 0.9578
vn 0.2465 -0.1915 0.9500
vn 0.2380 -0.2091 0.9485
vn 0.2187 -0.2218 0.9503
vn 0.2525 -0.2247 0.9411
vn 0.8774 -0.3441 -0.3344
vn 0.8804 -0.3240 -0.3463
vn 0.8889 -0.3313 -0.3165
vn 0.5991 0.2096 0.7727
vn 0.5802 0.2342 0.7801
vn 0.5801 0.2076 0.7876
vn 0.6963 -0.0912 0.7119
vn 0.6881 -0.1068 0.7177
vn 0.6978 -0.1054 0.7085
vn 0.8366 -0.2372 0.4939
vn 0.8330 -0.2602 0.4883
vn 0.8477 -0.2344 0.4759
vn 0.6727 -0.5522 0.4925
vn 0.6542 -0.5488 0.5205
vn 0.6463 -0.5693 0.5081
vn 0.8366 0.2619 0.4812
vn 0.8142 0.2682 0.5149
vn 0.8320 0.2448 0.4978
vn 0.9336 -0.2992 0.1973
vn 0.9373 -0.3098 0.1598
vn 0.9424 -0.2959 0.1561
vn 0.5966 0.3357 -0.7289
vn 0.5875 0.3271 -0.7402
vn 0.5724 0.3494 -0.7418
vn 0.6014 0.3569 -0.7148
vn 0.8704 -0.3973 -0.2908
vn 0.7535 -0.1277 -0.6449
vn 0.8757 -0.3812 -0.2962
vn 0.7940 -0.4241 -0.4355
vn 0.7990 -0.4267 -0.4238
vn 0.7889 -0.4424 -0.4264
vn 0.9064 0.3992 0.1382
vn 0.9089 0.3729 0.1866
vn 0.9187 0.3634 0.1548
vn 0.9870 0.1512 0.0554
vn 0.9783 0.1749 0.1114
vn 0.9850 0.1310 0.1120
vn 0.9947 0.1031 -0.0000
vn 0.9985 0.0546 -0.0104
vn 0.9941 0.1010 -0.0383
vn 0.9987 -0.0437 0.0255
vn 0.9962 -0.0771 0.0415
vn 0.9971 -0.0749 0.0157
vn 0.9822 0.0151 -0.1874
vn 0.9821 -0.0031 -0.1884
vn 0.9784 0.0090 -0.2068
vn 0.1236 -0.2020 0.9715
vn 0.1454 -0.1961 0.9697
vn 0.1286 -0.1799 0.9753
vn 0.7713 -0.2120 0.6001
vn 0.7794 -0.1937 0.5958
vn 0.7705 -0.1893 0.6087
vn 0.7236 -0.1790 0.6666
vn 0.7361 -0.1725 0.6545
vn 0.7303 -0.1603 0.6640
vn 0.4873 -0.2049 0.8489
vn 0.4614 -0.2016 0.8640
vn 0.4563 -0.2164 0.8631
vn 0.4733 -0.2170 0.8538
vn 0.9110 -0.2960 0.2873
vn 0.9180 -0.2908 0.2698
vn 0.9198 -0.2770 0.2779
vn 0.9892 0.0669 0.1306
vn 0.9869 0.0382 0.1570
vn 0.9931 0.0311 0.1131
vn 0.4152 -0.1162 0.9023
vn 0.4245 -0.1080 0.8990
vn 0.4146 -0.1079 0.9036
vn 0.8887 0.2452 -0.3874
vn 0.8912 0.2397 -0.3852
vn 0.8871 0.2400 -0.3942
vn 0.8100 -0.1404 -0.5694
vn 0.8211 -0.1202 -0.5579
vn 0.8237 -0.1366 -0.5502
vn 0.7752 -0.4164 -0.4749
vn 0.7627 -0.4267 -0.4860
vn 0.7653 -0.4136 -0.4932
vn 0.9179 -0.2621 -0.2978
vn 0.9210 -0.3018 -0.2462
vn 0.9128 -0.3091 -0.2668
vn 0.1138 -0.1292 -0.9851
vn 0.1286 -0.1249 -0.9838
vn 0.1237 -0.1380 -0.9827
vn 0.2196 0.1223 -0.9679
vn 0.2334 0.1191 -0.9651
vn 0.2300 0.1044 -0.9676
vn 0.1429 0.1320 -0.9809
vn 0.1471 0.1443 -0.9785
vn 0.1600 0.1401 -0.9771
vn 0.1498 0.1862 0.9710
vn 0.1410 0.2004 0.9695
vn 0.1337 0.1824 0.9741
vn 0.0578 0.0263 0.9980
vn 0.0392 0.0401 0.9984
vn 0.0419 0.0146 0.9990
vn 0.1785 -0.1345 0.9747
vn 0.1920 -0.1346 0.9721
vn 0.1852 -0.1184 0.9756
vn 0.7971 -0.4310 -0.4229
vn 0.7927 -0.4255 -0.4367
vn 0.8034 -0.4172 -0.4249
vn 0.8247 -0.2688 -0.4977
vn 0.8140 -0.2732 -0.5126
vn 0.8213 -0.2484 -0.5135
vn 0.8651 -0.1554 -0.4769
vn 0.8781 -0.1431 -0.4567
vn 0.8763 -0.1657 -0.4525
vn 0.7294 -0.1360 0.6704
vn 0.7171 -0.1426 0.6822
vn 0.7266 -0.1525 0.6700
vn 0.6029 -0.1086 0.7904
vn 0.6108 -0.0990 0.7855
vn 0.6020 -0.0920 0.7932
vn 0.5914 -0.2063 0.7795
vn 0.5647 -0.2074 0.7988
vn 0.5728 -0.2162 0.7907
vn 0.6676 0.3331 -0.6659
vn 0.6649 0.3476 -0.6612
vn 0.6781 0.3363 -0.6535
vn 0.7745 0.2735 -0.5704
vn 0.7812 0.2694 -0.5632
vn 0.7771 0.2615 -0.5725
vn 0.8739 -0.1632 0.4578
vn 0.8809 -0.1499 0.4490
vn 0.8745 -0.1423 0.4637
vn 0.9249 -0.0155 0.3798
vn 0.9258 -0.0013 0.3781
vn 0.9246 0.0100 0.3808
vn 0.9192 0.0036 0.3937
vn 0.9259 -0.0753 -0.3702
vn 0.9247 -0.0710 -0.3739
vn 0.9268 -0.0631 -0.3703
vn 0.0758 0.2274 0.9708
vn 0.0859 0.2665 0.9600
vn 0.0558 0.2467 0.9675
vn 0.8841 -0.3350 -0.3257
vn 0.8856 -0.3139 -0.3424
vn 0.8970 -0.3091 -0.3161
vn 0.5294 -0.0207 -0.8481
vn 0.5323 -0.0287 -0.8461
vn 0.5224 -0.0292 -0.8522
vn 0.7539 0.4496 0.4790
vn 0.7416 0.4797 0.4690
vn 0.7384 0.4583 0.4947
vn 0.2759 0.3219 0.9057
vn 0.2881 0.2991 0.9097
vn 0.2984 0.3185 0.8997
vn 0.8110 0.1057 -0.5754
vn 0.8076 0.0943 -0.5821
vn 0.8058 0.1098 -0.5819
vn 0.8813 -0.2756 0.3839
vn 0.8918 -0.2408 0.3830
vn 0.8846 -0.2447 0.3969
vn 0.6226 0.2992 0.7231
vn 0.6451 0.2774 0.7120
vn 0.6429 0.2993 0.7050
vn 0.6293 0.1453 0.7634
vn 0.6228 0.1607 0.7657
vn 0.6094 0.1354 0.7812
vn 0.6200 0.1538 0.7694
vn 0.6076 0.1503 0.7799
vn 0.6141 0.1352 0.7775
vn 0.5375 -0.3019 0.7874
vn 0.5481 -0.3096 0.7770
vn 0.5569 -0.2892 0.7786
vn 0.5346 -0.2915 0.7933
vn 0.5047 -0.2352 0.8306
vn 0.5077 -0.2090 0.8358
vn 0.4899 -0.2254 0.8422
vn 0.7390 -0.4611 0.4911
vn 0.7404 -0.4500 0.4993
vn 0.7326 -0.4546 0.5066
vn 0.7299 -0.4737 0.4928
vn 0.2523 -0.1136 0.9609
vn 0.2694 -0.1050 0.9573
vn 0.2589 -0.0935 0.9614
vn 0.4172 -0.1187 0.9011
vn 0.4297 -0.1293 0.8937
vn 0.4258 -0.1098 0.8981
vn 0.2651 0.3583 0.8952
vn 0.2637 0.3345 0.9047
vn 0.2841 0.3465 0.8940
vn 0.8134 -0.5255 0.2493
vn 0.7986 -0.5426 0.2604
vn 0.8037 -0.5462 0.2361
vn 0.8972 -0.4016 0.1836
vn 0.8787 -0.4337 0.1992
vn 0.8971 -0.4112 0.1618
vn 0.8509 -0.5248 0.0253
vn 0.8621 -0.5055 0.0347
vn 0.8388 -0.5407 0.0638
vn 0.7534 -0.0466 -0.6559
vn 0.7629 -0.0653 -0.6432
vn 0.7537 -0.0737 -0.6531
vn 0.8512 0.2802 0.4438
vn 0.8409 0.3099 0.4437
vn 0.8400 0.2875 0.4601
vn 0.3595 0.1744 0.9167
vn 0.3505 0.1620 0.9225
vn 0.3645 0.1554 0.9182
vn 0.1688 -0.9032 0.3947
vn 0.8647 -0.0291 0.5014
vn 0.2220 -0.3053 0.9260
vn 0.1127 0.1514 0.9820
vn 0.1048 0.1353 0.9852
vn 0.1420 0.1381 0.9802
vn 0.7520 -0.6480 0.1205
vn 0.7464 -0.6468 0.1567
vn 0.7370 -0.6620 0.1364
vn 0.2869 0.0216 0.9577
vn 0.3074 0.0312 0.9511
vn 0.2864 0.0399 0.9573
vn 0.7241 0.2723 -0.6337
vn 0.7229 0.2401 -0.6479
vn 0.7050 0.2643 -0.6581
vn 0.1293 -0.4113 0.9023
vn 0.7818 0.1507 0.6050
vn 0.1571 0.2581 0.9533
vn 0.8203 0.3103 0.4804
vn 0.7955 0.3523 0.4931
vn 0.8042 0.3075 0.5087
vn 0.5072 0.2035 0.8375
vn 0.5055 0.1857 0.8426
vn 0.5165 0.1861 0.8358
vn 0.6198 -0.5064 -0.5995
vn 0.6179 -0.4993 -0.6074
vn 0.6294 -0.4997 -0.5951
vn 0.1093 0.5220 -0.8459
vn 0.0725 0.9670 -0.2441
vn 0.8028 0.2288 -0.5506
vn 0.1054 0.5030 -0.8578
vn 0.0980 0.0939 -0.9907
vn 0.0641 0.7757 -0.6279
vn 0.7548 -0.1343 -0.6420
vn 0.0896 0.0828 -0.9925
vn 0.1092 -0.1703 -0.9793
vn 0.1046 -0.1359 -0.9852
vn 0.0725 0.6185 -0.7824
vn 0.7903 0.0535 -0.6103
vn 0.0830 0.0196 -0.9964
vn 0.0560 0.7431 -0.6668
vn 0.5828 0.5109 -0.6319
vn 0.0867 0.0024 -0.9962
vn 0.0840 -0.1664 0.9825
vn 0.0632 -0.7672 0.6383
vn 0.6109 0.2757 0.7421
vn 0.0766 0.0256 0.9967
vn 0.0746 0.0059 0.9972
vn 0.0620 -0.6833 0.7275
vn 0.6955 -0.2332 0.6796
vn -0.0625 -0.0291 -0.9976
vn -0.0456 0.6591 -0.7507
vn 0.4005 -0.5915 -0.6998
vn 0.0891 -0.2790 0.9562
vn 0.0998 -0.2922 0.9511
vn 0.0745 -0.8905 0.4488
vn 0.7228 0.0265 0.6906
vn 0.0838 -0.1657 0.9826
vn 0.0833 -0.1842 0.9794
vn 0.0729 -0.7975 0.5989
vn 0.7100 -0.2209 0.6687
vn 0.0434 -0.2269 0.9729
vn 0.0477 -0.8129 0.5805
vn 0.6298 0.0609 0.7744
vn 0.0492 0.1424 -0.9886
vn 0.0364 0.8000 -0.5989
vn 0.6310 0.4559 -0.6277
vn 0.0484 0.1174 -0.9919
vn 0.1981 0.3777 0.9045
vn 0.1320 -0.4501 0.8832
vn 0.4569 -0.4783 0.7500
vn 0.2189 0.3785 0.8993
vn 0.1124 0.4698 -0.8756
vn 0.1134 0.4743 -0.8730
vn 0.8149 0.3196 -0.4835
vn 0.0647 0.0807 0.9946
vn 0.0540 -0.6570 0.7520
vn 0.5744 -0.4306 0.6962
vn 0.0669 0.0983 0.9929
vn 0.0681 0.0962 0.9930
vn 0.0545 -0.6439 0.7632
vn 0.7659 0.1029 0.6346
vn 0.0678 0.1274 0.9895
vn 0.1535 0.1224 0.9805
vn 0.1215 -0.5729 0.8105
vn 0.5536 0.6592 0.5089
vn 0.1652 0.3889 0.9064
vn 0.1577 0.3720 0.9147
vn 0.1142 -0.4187 0.9009
vn 0.7696 -0.1878 0.6103
vn 0.0481 -0.0610 -0.9970
vn 0.0343 0.6658 -0.7453
vn 0.7342 0.1219 -0.6679
vn 0.0367 -0.0910 -0.9952
vn 0.0595 -0.2024 -0.9775
vn 0.0576 0.5550 -0.8299
vn 0.6983 -0.4882 -0.5234
vn -0.4962 -0.2871 0.8194
vn -0.5167 -0.2973 0.8029
vn -0.4969 -0.3081 0.8113
vn -0.6480 -0.3867 0.6562
vn -0.6334 -0.4027 0.6608
vn -0.6272 -0.3804 0.6797
vn -0.4210 -0.1376 -0.8966
vn -0.4317 -0.1367 -0.8916
vn -0.4237 -0.1131 -0.8987
vn -0.8754 0.2323 0.4238
vn -0.8597 0.2465 0.4475
vn -0.8719 0.2545 0.4185
vn -0.4655 -0.3293 0.8215
vn -0.4569 -0.3138 0.8323
vn -0.4751 -0.3133 0.8223
vn -0.9189 0.1938 0.3435
vn -0.9056 0.2145 0.3658
vn -0.9201 0.2180 0.3255
vn -0.9621 -0.2417 -0.1263
vn -0.9643 -0.2410 -0.1096
vn -0.9743 -0.1867 -0.1257
vn -0.6053 0.1559 -0.7806
vn -0.6154 0.1597 -0.7719
vn -0.6035 0.1684 -0.7794
vn -0.9865 0.0781 -0.1436
vn -0.9865 0.0540 -0.1547
vn -0.9881 0.0837 -0.1288
vn -0.5046 0.0328 -0.8627
vn -0.4940 0.0325 -0.8688
vn -0.8633 0.2293 0.4496
vn -0.8472 0.2381 0.4749
vn -0.8462 0.2618 0.4641
vn -0.7847 0.3416 0.5173
vn -0.7718 0.3262 0.5458
vn -0.7528 0.3635 0.5488
vn -0.9446 -0.1869 0.2697
vn -0.9374 -0.2132 0.2754
vn -0.9349 -0.1899 0.2997
vn -0.1918 0.1781 -0.9651
vn -0.1878 0.1747 -0.9665
vn -0.8187 0.2609 0.5115
vn -0.8373 0.2415 0.4906
vn -0.8332 0.2180 0.5082
vn -0.9996 0.0063 0.0270
vn -0.9998 -0.0055 0.0195
vn -0.9992 -0.0096 0.0394
vn -0.2069 0.2218 0.9529
vn -0.2124 0.1908 0.9584
vn -0.1918 0.1851 0.9638
vn -0.9290 -0.3635 -0.0694
vn -0.9256 -0.3695 -0.0824
vn -0.7259 -0.6554 0.2086
vn -0.7656 -0.0561 0.6409
vn -0.7727 -0.0028 0.6348
vn -0.7938 -0.0404 0.6068
vn -0.2073 0.4506 -0.8683
vn -0.1791 0.4471 -0.8763
vn -0.1896 0.4409 -0.8773
vn -0.1726 -0.0021 -0.9850
vn -0.1790 -0.0092 -0.9838
vn -0.1775 0.0048 -0.9841
vn -0.6680 -0.3212 0.6713
vn -0.0588 -0.0797 0.9951
vn -0.0535 0.5887 0.8065
vn -0.7697 0.4700 0.4321
vn -0.7911 0.4565 0.4072
vn -0.7890 0.4314 0.4375
vn -0.9671 -0.1362 0.2151
vn -0.9681 -0.1487 0.2017
vn -0.9570 -0.1905 0.2187
vn -0.7072 0.3643 0.6060
vn -0.7152 0.3265 0.6180
vn -0.6925 0.3400 0.6362
vn -0.2360 -0.2556 0.9375
vn -0.2207 -0.2411 0.9451
vn -0.2431 -0.2342 0.9413
vn 0.1290 -0.0145 -0.9915
vn 0.1287 0.0030 -0.9917
vn 0.1387 -0.0064 -0.9903
vn -0.1112 -0.1268 -0.9857
vn -0.1248 -0.1267 -0.9841
vn -0.1195 -0.1131 -0.9864
vn -0.4121 -0.2008 -0.8887
vn -0.4007 -0.2095 -0.8919
vn -0.4093 -0.2158 -0.8865
vn -0.2871 0.0614 0.9559
vn -0.2659 0.0668 0.9617
vn -0.2841 0.0775 0.9557
vn -0.1018 0.2490 0.9631
vn -0.1001 0.2681 0.9582
vn -0.1159 0.2646 0.9574
vn -0.9887 -0.0727 0.1313
vn -0.9919 -0.0491 0.1170
vn -0.9918 -0.0875 0.0934
vn -0.7190 -0.0654 0.6919
vn -0.7273 -0.0467 0.6847
vn -0.7355 -0.0639 0.6745
vn -0.8737 0.2185 -0.4346
vn -0.8760 0.2128 -0.4329
vn -0.8755 0.2246 -0.4279
vn -0.7781 -0.1830 0.6009
vn -0.7779 -0.2075 0.5931
vn -0.7656 -0.2125 0.6072
vn -0.8946 -0.4338 0.1073
vn -0.8773 -0.4689 0.1022
vn -0.8918 -0.4366 0.1186
vn -0.5415 -0.2679 -0.7969
vn -0.5315 -0.2764 -0.8007
vn -0.5389 -0.2902 -0.7908
vn -0.5671 -0.3073 -0.7642
vn -0.5854 -0.3003 -0.7531
vn -0.5770 -0.2911 -0.7631
vn -0.8857 -0.2274 0.4047
vn -0.8839 -0.2471 0.3970
vn -0.8761 -0.2347 0.4212
vn -0.9251 0.0542 0.3758
vn -0.9285 0.0826 0.3620
vn -0.9354 0.0622 0.3479
vn -0.9819 -0.1348 0.1331
vn -0.9781 -0.1640 0.1283
vn -0.9757 -0.1600 0.1499
vn -0.0288 0.0153 -0.9995
vn -0.0370 0.0029 -0.9993
vn -0.0403 0.0208 -0.9990
vn -0.6745 -0.2474 0.6956
vn -0.6801 -0.2761 0.6791
vn -0.6567 -0.2719 0.7035
vn -0.6768 -0.4603 0.5744
vn -0.6608 -0.4536 0.5980
vn -0.6895 -0.4390 0.5761
vn -0.7908 -0.4704 -0.3916
vn -0.8009 -0.4695 -0.3717
vn -0.8027 -0.4573 -0.3828
vn -0.6552 0.3039 0.6916
vn -0.6661 0.3181 0.6746
vn -0.6740 0.3048 0.6729
vn -0.7022 -0.5020 -0.5048
vn -0.6959 -0.4989 -0.5165
vn -0.6899 -0.5140 -0.5098
vn -0.6801 -0.4020 -0.6131
vn -0.6669 -0.4097 -0.6224
vn -0.6767 -0.4116 -0.6105
vn -0.5121 0.3129 0.7999
vn -0.5236 0.2964 0.7988
vn -0.5018 0.3034 0.8101
vn -0.6879 -0.1132 0.7169
vn -0.6747 -0.1096 0.7299
vn -0.6858 -0.0937 0.7218
vn -0.7234 0.3213 0.6111
vn -0.7041 0.3296 0.6290
vn -0.7105 0.3448 0.6134
vn -0.8809 0.2578 0.3970
vn -0.8749 0.2556 0.4113
vn -0.8725 0.2735 0.4048
vn -0.8145 -0.5134 0.2703
vn -0.8225 -0.5182 0.2345
vn -0.8038 -0.5320 0.2665
vn -0.8956 0.2882 0.3388
vn -0.8924 0.2676 0.3634
vn -0.8850 0.2873 0.3664
vn -0.9106 -0.2953 0.2890
vn -0.8886 -0.3432 0.3044
vn -0.8951 -0.3059 0.3243
vn -0.9107 -0.3647 0.1939
vn -0.8998 -0.3899 0.1958
vn -0.9003 -0.3660 0.2358
vn -0.9248 -0.3282 0.1924
vn -0.9141 -0.3702 0.1655
vn -0.9060 -0.3760 0.1942
vn -0.6188 0.0730 0.7822
vn -0.0277 -0.2080 0.9777
vn -0.0308 0.5667 0.8234
vn -0.9462 -0.1266 0.2979
vn -0.9344 -0.1429 0.3264
vn -0.9406 -0.1115 0.3206
vn -0.9461 0.0134 0.3236
vn -0.9374 0.0101 0.3482
vn -0.9382 0.0272 0.3452
vn -0.9488 0.0412 0.3131
vn -0.9436 0.0624 0.3251
vn -0.9497 0.0694 0.3054
vn -0.5876 0.0870 -0.8045
vn -0.5918 0.0924 -0.8008
vn -0.5826 0.0947 -0.8072
vn -0.8478 -0.0409 0.5287
vn -0.8495 -0.0108 0.5275
vn -0.8606 -0.0281 0.5086
vn -0.8710 0.2668 0.4125
vn -0.8791 0.2785 0.3868
vn -0.8816 0.2548 0.3973
vn -0.9048 0.3702 -0.2106
vn -0.9165 0.3413 -0.2085
vn -0.9187 0.3484 -0.1860
vn -0.9574 -0.2329 -0.1707
vn -0.9520 -0.2525 -0.1728
vn -0.9543 -0.2529 -0.1593
vn -0.9722 -0.1277 0.1960
vn -0.9699 -0.1259 0.2083
vn -0.9729 -0.1124 0.2019
vn -0.6826 0.2848 -0.6730
vn -0.6818 0.2733 -0.6786
vn -0.6896 0.2751 -0.6699
vn -0.8322 -0.3152 -0.4562
vn -0.8355 -0.3250 -0.4431
vn -0.8427 -0.3121 -0.4386
vn -0.8173 -0.4717 0.3309
vn -0.8183 -0.4574 0.3481
vn -0.8284 -0.4511 0.3321
vn -0.6678 -0.3644 0.6491
vn -0.6829 -0.3727 0.6282
vn -0.6788 -0.3870 0.6241
vn -0.6580 -0.3920 0.6429
vn -0.3631 0.2193 0.9056
vn -0.3789 0.2167 0.8997
vn -0.3647 0.2059 0.9081
vn -0.4524 -0.1173 -0.8841
vn -0.4398 -0.1161 -0.8905
vn -0.4445 -0.1247 -0.8871
vn -0.6441 -0.2191 -0.7329
vn -0.6532 -0.1978 -0.7309
vn -0.6352 -0.2129 -0.7424
vn -0.2686 0.0590 0.9614
vn -0.2521 0.0632 0.9656
vn -0.2616 0.0837 0.9615
vn -0.9229 0.0324 -0.3837
vn -0.9287 0.0321 -0.3693
vn -0.9282 0.0394 -0.3699
vn -0.6896 0.2815 -0.6673
vn -0.6774 0.2830 -0.6790
vn -0.6844 0.2676 -0.6782
vn -0.7357 0.2469 -0.6307
vn -0.7177 0.2707 -0.6416
vn -0.7185 0.2510 -0.6487
vn -0.9764 0.1197 -0.1796
vn -0.9711 0.1281 -0.2014
vn -0.9768 0.0869 -0.1959
vn -0.8660 -0.0809 0.4935
vn -0.8605 -0.1073 0.4979
vn -0.8550 -0.0839 0.5119
vn -0.8078 -0.5473 0.2190
vn -0.8178 -0.5280 0.2288
vn -0.8209 -0.5337 0.2032
vn -0.8934 -0.3713 0.2530
vn -0.8830 -0.3798 0.2756
vn -0.8941 -0.3582 0.2689
vn -0.8037 -0.3779 0.4597
vn -0.8126 -0.3532 0.4637
vn -0.8201 -0.3654 0.4405
vn -0.9774 -0.1465 0.1522
vn -0.9788 -0.1508 0.1385
vn -0.9760 -0.1591 0.1488
vn -0.3611 -0.4400 0.8222
vn -0.3787 -0.4481 0.8098
vn -0.3697 -0.4674 0.8031
vn -0.6572 -0.1948 -0.7281
vn -0.6678 -0.1796 -0.7223
vn -0.6468 -0.1782 -0.7415
vn -0.7156 0.1234 0.6875
vn -0.7361 0.1228 0.6656
vn -0.7234 0.1043 0.6825
vn -0.8042 -0.1620 0.5719
vn -0.7848 -0.1497 0.6014
vn -0.8081 -0.1419 0.5717
vn -0.9093 0.1836 0.3735
vn -0.9115 0.2026 0.3581
vn -0.9213 0.1798 0.3448
vn -0.9772 -0.1544 -0.1459
vn -0.9834 -0.1301 -0.1263
vn -0.9828 -0.1198 -0.1403
vn -0.9477 0.1332 -0.2901
vn -0.9243 -0.3122 -0.2195
vn -0.9271 -0.3173 -0.1994
vn -0.9987 -0.0506 0.0003
vn -0.9994 -0.0286 0.0186
vn -0.9990 -0.0381 -0.0231
vn -0.9723 0.1871 0.1403
vn -0.9805 0.1808 0.0776
vn -0.9762 0.1398 0.1660
vn -0.6361 0.3357 0.6947
vn -0.6507 0.3239 0.6868
vn -0.6356 0.3136 0.7054
vn -0.5009 0.1041 0.8592
vn -0.4906 0.0874 0.8670
vn -0.4798 0.1029 0.8713
vn -0.7280 0.0814 -0.6808
vn -0.0186 0.0236 -0.9995
vn -0.0161 -0.6949 -0.7190
vn -0.6995 0.2009 -0.6858
vn -0.7032 0.2132 -0.6783
vn -0.6983 0.2191 -0.6814
vn -0.5627 0.1717 -0.8086
vn -0.5743 0.1624 -0.8024
vn -0.5683 0.1804 -0.8028
vn -0.7911 0.2719 0.5480
vn -0.8043 0.2726 0.5280
vn -0.8055 0.2536 0.5356
vn -0.7511 -0.4047 0.5217
vn -0.7700 -0.3834 0.5100
vn -0.7696 -0.4072 0.4919
vn -0.6928 -0.1590 -0.7034
vn -0.6825 -0.1736 -0.7100
vn -0.6944 -0.1736 -0.6983
vn -0.8705 0.0577 0.4888
vn -0.8551 0.1011 0.5085
vn -0.8705 0.0925 0.4834
vn -0.8147 -0.1841 -0.5499
vn -0.8291 -0.1710 -0.5323
vn -0.8182 -0.1617 -0.5517
vn -0.9539 -0.2771 -0.1154
vn -0.9596 -0.2592 -0.1091
vn -0.9524 -0.2687 -0.1443
vn -0.9844 -0.1227 -0.1259
vn -0.9823 -0.1144 -0.1481
vn -0.9778 -0.1298 -0.1645
vn -0.4869 0.2853 0.8256
vn -0.4989 0.2851 0.8184
vn -0.4937 0.2717 0.8261
vn -0.9589 -0.2837 0.0029
vn -0.9548 -0.2972 0.0097
vn -0.9505 -0.3103 0.0133
vn -0.9592 -0.2764 0.0593
vn -0.8078 -0.2342 0.5409
vn -0.7979 -0.2276 0.5581
vn -0.8057 -0.2152 0.5518
vn -0.0762 -0.0398 0.9963
vn -0.0895 -0.0330 0.9954
vn -0.0873 -0.0437 0.9952
vn -0.9830 -0.1337 -0.1257
vn -0.9791 -0.1542 -0.1325
vn -0.9825 -0.1468 -0.1150
vn -0.7871 -0.2348 0.5704
vn -0.7716 -0.2364 0.5906
vn -0.7811 -0.2170 0.5855
vn -0.8831 -0.3571 0.3044
vn -0.8970 -0.3372 0.2859
vn -0.8973 -0.3673 0.2447
vn -0.8742 -0.3893 0.2901
vn -0.9152 0.3884 0.1073
vn -0.8973 0.4298 0.1008
vn -0.9125 0.3991 0.0904
vn -0.4296 0.0547 0.9014
vn -0.4379 0.0395 0.8981
vn -0.4159 0.0369 0.9087
vn -0.5286 -0.1345 -0.8382
vn -0.5186 -0.1342 -0.8444
vn -0.5212 -0.1410 -0.8417
vn -0.8483 0.2760 0.4518
vn -0.8549 0.3242 0.4050
vn -0.8673 0.2780 0.4130
vn -0.6119 -0.0791 -0.7869
vn -0.6307 -0.0713 -0.7727
vn -0.6136 -0.0648 -0.7870
vn 0.0365 -0.0027 0.9993
vn 0.0267 -0.0212 0.9994
vn 0.0408 -0.0127 0.9991
vn -0.1646 0.3754 0.9121
vn -0.1861 0.3583 0.9149
vn -0.1624 0.3524 0.9217
vn -0.9642 -0.2557 0.0701
vn -0.9538 -0.2935 0.0641
vn -0.9559 -0.2813 0.0844
vn -0.7950 -0.2102 0.5690
vn -0.7768 -0.2198 0.5902
vn -0.7912 -0.1628 0.5896
vn -0.8381 -0.0361 0.5443
vn -0.8343 -0.0417 0.5497
vn -0.8311 -0.0220 0.5557
vn -0.8974 -0.1879 0.3993
vn -0.8897 -0.1894 0.4154
vn -0.8978 -0.1673 0.4073
vn -0.9238 -0.3045 -0.2322
vn -0.9174 -0.3016 -0.2597
vn -0.9169 -0.3152 -0.2447
vn -0.9933 0.0361 0.1101
vn -0.9915 0.0605 0.1153
vn -0.9940 0.0522 0.0962
vn -0.6535 0.3904 0.6485
vn -0.6495 0.3718 0.6632
vn -0.6359 0.3976 0.6615
vn -0.5272 -0.1064 -0.8431
vn -0.5292 -0.1290 -0.8387
vn -0.5399 -0.0998 -0.8358
vn -0.7867 -0.2192 0.5771
vn -0.7824 -0.2054 0.5879
vn -0.7905 -0.1943 0.5808
vn -0.7792 0.1914 0.5968
vn -0.0606 -0.0193 0.9980
vn -0.0628 0.0048 0.9980
vn -0.0438 0.7672 0.6399
vn -0.0416 0.8019 0.5960
vn -0.5509 -0.4581 0.6976
vn -0.0395 0.0673 0.9969
vn -0.2424 0.3196 0.9160
vn -0.2534 0.2961 0.9209
vn -0.2324 0.3012 0.9248
vn -0.9897 -0.0238 -0.1408
vn -0.9928 -0.0044 -0.1200
vn -0.9907 0.0032 -0.1364
vn -0.5264 0.2538 0.8114
vn -0.5341 0.2407 0.8104
vn -0.5191 0.2420 0.8197
vn -0.7128 0.1976 0.6729
vn -0.7465 0.2070 0.6323
vn -0.7448 0.1691 0.6454
vn -0.0813 0.0335 -0.9961
vn -0.0719 0.0132 -0.9973
vn -0.0870 0.0125 -0.9961
vn -0.9288 -0.0771 0.3625
vn -0.9360 -0.0612 0.3466
vn -0.9369 -0.1040 0.3336
vn -0.8981 -0.1338 0.4189
vn -0.8906 -0.1497 0.4294
vn -0.8878 -0.1327 0.4407
vn -0.4036 0.1615 0.9006
vn -0.4024 0.1380 0.9050
vn -0.3877 0.1548 0.9087
vn -0.6249 0.3556 0.6950
vn -0.6462 0.3388 0.6838
vn -0.6401 0.3194 0.6988
vn -0.1267 0.1559 -0.9796
vn -0.1531 0.1456 -0.9774
vn -0.1415 0.1676 -0.9757
vn -0.8245 -0.0017 -0.5659
vn -0.8406 0.0068 -0.5416
vn -0.8395 0.0144 -0.5431
vn -0.7494 -0.2042 0.6299
vn -0.7642 -0.2138 0.6085
vn -0.7528 -0.2268 0.6179
vn -0.6674 -0.2033 0.7164
vn -0.6746 -0.2100 0.7076
vn -0.6673 -0.2200 0.7116
vn -0.8930 0.2325 -0.3854
vn -0.8962 0.2175 -0.3867
vn -0.8974 0.2231 -0.3808
vn -0.0286 -0.1275 0.9914
vn -0.0183 -0.1310 0.9912
vn -0.0176 -0.1208 0.9925
vn -0.9115 -0.2048 -0.3568
vn -0.9046 -0.2205 -0.3647
vn -0.9090 -0.2201 -0.3541
vn -0.6160 -0.1021 0.7811
vn -0.6165 -0.1108 0.7795
vn -0.6063 -0.1066 0.7881
vn -0.9222 -0.2859 0.2603
vn -0.9256 -0.2714 0.2638
vn -0.9296 -0.2776 0.2424
vn -0.1592 0.4047 -0.9005
vn -0.1655 0.4123 -0.8959
vn -0.1560 0.4188 -0.8946
vn -0.9639 -0.1760 0.1999
vn -0.9677 -0.1532 0.2005
vn -0.9664 -0.1784 0.1850
vn -0.4378 0.3978 -0.8063
vn -0.4443 0.4051 -0.7991
vn -0.4404 0.4237 -0.7915
vn -0.4479 -0.0780 0.8907
vn -0.4276 -0.0932 0.8992
vn -0.4313 -0.0775 0.8989
vn -0.8751 0.2149 -0.4336
vn -0.8787 0.2181 -0.4247
vn -0.8734 0.2210 -0.4339
vn -0.1732 -0.1770 0.9689
vn -0.1663 -0.1633 0.9725
vn -0.1798 -0.1658 0.9696
vn -0.1302 -0.1255 -0.9835
vn -0.1348 -0.1097 -0.9848
vn -0.1227 -0.1115 -0.9862
vn -0.8926 0.0720 -0.4451
vn -0.8885 0.0819 -0.4515
vn -0.8771 0.0626 -0.4762
vn -0.8177 -0.2941 0.4948
vn -0.8034 -0.3394 0.4893
vn -0.7957 -0.3289 0.5087
vn -0.9571 -0.2415 0.1600
vn -0.9551 -0.2667 0.1293
vn -0.9492 -0.2813 0.1410
vn -0.1773 -0.0012 -0.9842
vn -0.1652 0.0008 -0.9863
vn -0.1702 -0.0116 -0.9853
vn -0.2670 0.0525 -0.9623
vn -0.2627 0.0352 -0.9642
vn -0.2725 0.0452 -0.9611
vn -0.4542 0.0358 -0.8902
vn -0.4461 0.0360 -0.8942
vn -0.4566 0.0200 -0.8894
vn 0.0192 0.2620 -0.9649
vn 0.0296 0.2724 -0.9617
vn 0.0442 0.2545 -0.9661
vn -0.5509 0.5881 -0.5922
vn -0.0816 0.0414 -0.9958
vn -0.0568 -0.7033 -0.7086
vn -0.8203 0.2181 -0.5287
vn -0.8165 0.2098 -0.5379
vn -0.8204 0.2070 -0.5331
vn -0.8952 0.1832 0.4062
vn -0.8863 0.1886 0.4229
vn -0.8863 0.2193 0.4078
vn -0.8047 0.1067 -0.5839
vn -0.7979 0.1006 -0.5944
vn -0.8057 0.0954 -0.5846
vn -0.8025 0.3048 -0.5129
vn -0.8095 0.2913 -0.5098
vn -0.8099 0.3036 -0.5020
vn -0.8392 -0.2861 0.4625
vn -0.8287 -0.3031 0.4705
vn -0.8242 -0.2891 0.4869
vn -0.3282 0.2795 -0.9023
vn -0.3041 0.2941 -0.9061
vn -0.3195 0.2591 -0.9115
vn -0.2267 -0.0626 0.9720
vn -0.2456 -0.0576 0.9677
vn -0.2469 -0.0790 0.9658
vn -0.3091 0.0047 0.9510
vn -0.3265 -0.0157 0.9451
vn -0.3045 -0.0158 0.9524
vn -0.9802 -0.1771 -0.0886
vn -0.9789 -0.1678 -0.1168
vn -0.9761 -0.1969 -0.0925
vn -0.0145 0.1315 0.9912
vn 0.0206 0.1423 0.9896
vn -0.0033 0.1643 0.9864
vn -0.5854 0.3710 -0.7209
vn -0.5743 0.3398 -0.7448
vn -0.6023 0.3514 -0.7167
vn -0.9990 -0.0099 0.0433
vn -0.9998 -0.0148 0.0167
vn -0.9987 -0.0419 0.0302
vn -0.7763 0.1099 -0.6208
vn -0.0824 -0.0659 -0.9944
vn -0.0562 -0.7837 -0.6185
vn -0.8308 0.4454 -0.3339
vn -0.8512 0.3809 -0.3612
vn -0.8614 0.4077 -0.3028
vn -0.9837 -0.0945 -0.1529
vn -0.9812 -0.0542 -0.1851
vn -0.9713 -0.1014 -0.2151
vn -0.9797 -0.1181 -0.1617
vn -0.7625 -0.3169 -0.5640
vn -0.7663 -0.3232 -0.5553
vn -0.7756 -0.3091 -0.5504
vn -0.7476 -0.2203 -0.6265
vn -0.7522 -0.2268 -0.6187
vn -0.7526 -0.2173 -0.6216
vn -0.6755 0.1532 0.7213
vn -0.0180 -0.1171 0.9930
vn -0.0258 -0.1010 0.9946
vn -0.0255 0.6077 0.7938
vn -0.9888 0.0536 0.1392
vn -0.9936 0.0528 0.0996
vn -0.9886 0.0155 0.1494
vn -0.7359 0.1831 -0.6518
vn -0.7293 0.1737 -0.6618
vn -0.7508 0.1725 -0.6377
vn -0.8125 0.2648 0.5194
vn -0.8065 0.2581 0.5319
vn -0.7998 0.2876 0.5269
vn -0.7621 0.1585 0.6278
vn -0.7823 0.1855 0.5947
vn -0.7894 0.1621 0.5921
vn -0.9265 -0.3256 -0.1886
vn -0.9961 0.0222 0.0855
vn -0.9251 -0.3167 -0.2095
vn -0.7267 -0.3608 0.5846
vn -0.0382 -0.0266 0.9989
vn -0.0421 0.6915 0.7212
vn -0.9807 -0.1452 -0.1306
vn -0.9791 -0.1429 -0.1448
vn -0.9776 -0.1583 -0.1384
vn -0.9451 -0.0717 -0.3188
vn -0.9490 -0.0741 -0.3066
vn -0.9492 -0.0624 -0.3083
vn -0.9304 -0.0859 -0.3562
vn -0.9270 -0.0821 -0.3660
vn -0.9280 -0.0918 -0.3611
vn -0.5288 -0.3271 -0.7831
vn -0.5135 -0.3266 -0.7935
vn -0.5127 -0.3351 -0.7905
vn -0.8287 -0.3581 -0.4302
vn -0.8324 -0.3530 -0.4272
vn -0.8304 -0.3471 -0.4358
vn -0.9526 -0.0851 0.2921
vn -0.9529 -0.0979 0.2872
vn -0.9380 -0.1014 0.3316
vn 0.6738 -0.0915 0.7332
vn -0.0223 0.5880 0.8086
vn -0.7076 -0.1010 0.6993
vn -0.0186 -0.1333 0.9909
vn -0.5869 0.0016 -0.8097
vn -0.5780 0.0096 -0.8160
vn -0.5768 0.0020 -0.8169
vn -0.8598 0.2337 0.4540
vn -0.8505 0.2464 0.4647
vn -0.8589 0.2579 0.4425
vn -0.7604 0.2690 0.5911
vn -0.7508 0.2607 0.6069
vn -0.7421 0.2857 0.6063
vn -0.9783 -0.1015 0.1807
vn -0.9808 -0.1168 0.1560
vn -0.9741 -0.1314 0.1842
vn -0.6069 -0.1204 -0.7856
vn -0.6023 -0.0910 -0.7931
vn -0.5930 -0.1076 -0.7980
vn -0.5095 -0.1230 -0.8517
vn -0.4886 -0.1095 -0.8656
vn -0.4908 -0.1391 -0.8601
vn -0.7497 -0.3686 0.5496
vn -0.7657 -0.3602 0.5329
vn -0.7483 -0.3875 0.5384
vn -0.5789 -0.2987 0.7587
vn -0.5921 -0.3123 0.7429
vn -0.5651 -0.3152 0.7624
vn -0.8811 -0.4432 -0.1654
vn -0.9000 -0.3330 0.2813
vn -0.8897 -0.4293 -0.1551
vn -0.7672 -0.1185 -0.6303
vn -0.7580 -0.1166 -0.6417
vn -0.7645 -0.1333 -0.6307
vn -0.8657 -0.0225 0.5001
vn -0.8517 -0.0262 0.5234
vn -0.8493 0.0027 0.5280
vn -0.6476 -0.5710 0.5045
vn -0.6329 -0.5912 0.4999
vn -0.6334 -0.5779 0.5147
vn -0.6846 -0.4459 0.5767
vn -0.6699 -0.4629 0.5805
vn -0.6711 -0.4380 0.5982
vn -0.4300 0.1355 0.8926
vn -0.4249 0.1199 0.8972
vn -0.4138 0.1361 0.9001
vn -0.9916 0.0809 -0.1012
vn -0.9889 0.0986 -0.1109
vn -0.9903 0.0745 -0.1172
vn -0.9892 0.0641 -0.1319
vn -0.9899 0.0710 -0.1227
vn -0.9864 0.0827 -0.1422
vn -0.5345 0.6571 0.5315
vn -0.1094 0.1055 0.9884
vn -0.0828 0.1233 0.9889
vn -0.0780 0.7976 0.5982
vn -0.1523 0.8302 0.5362
vn -0.4193 -0.5089 0.7518
vn -0.1881 0.2978 0.9359
vn -0.9998 -0.0011 0.0216
vn -0.9987 -0.0379 0.0339
vn -0.9993 0.0009 0.0380
vn -0.5815 -0.3208 -0.7476
vn -0.5659 -0.3184 -0.7605
vn -0.5752 -0.3324 -0.7474
vn -0.2740 0.3817 -0.8827
vn -0.2784 0.3893 -0.8780
vn -0.2544 0.3830 -0.8880
vn -0.1535 0.4038 -0.9019
vn -0.1458 0.4180 -0.8967
vn -0.1470 0.4090 -0.9006
vn -0.8469 0.0997 0.5223
vn -0.8575 0.0861 0.5072
vn -0.8381 0.0764 0.5402
vn -0.6766 -0.0420 -0.7351
vn 0.0148 0.0515 -0.9986
vn 0.0098 -0.6479 -0.7616
vn -0.9567 -0.1669 0.2384
vn -0.9624 -0.1605 0.2193
vn -0.9604 -0.1722 0.2191
vn -0.0325 0.0415 -0.9986
vn -0.0234 0.0542 -0.9983
vn -0.0193 0.0426 -0.9989
vn -0.7519 0.1239 0.6475
vn -0.7538 0.0905 0.6508
vn -0.7403 0.1266 0.6603
vn 0.0351 0.0213 0.9992
vn 0.0178 0.0254 0.9995
vn 0.0307 0.0053 0.9995
vn -0.0415 0.0237 0.9989
vn -0.0191 0.0279 0.9994
vn -0.0343 0.0378 0.9987
vn -0.3646 -0.0012 0.9312
vn -0.3840 -0.0011 0.9233
vn -0.3804 -0.0185 0.9246
vn -0.3827 -0.0137 0.9238
vn -0.3628 -0.0098 0.9318
vn -0.3802 0.0086 0.9249
vn -0.7792 0.4695 0.4153
vn -0.7972 0.4340 0.4196
vn -0.7593 0.4636 0.4567
vn -0.2072 -0.0957 0.9736
vn -0.2181 -0.0807 0.9726
vn -0.2321 -0.0925 0.9683
vn -0.9950 0.0598 0.0796
vn -0.9987 0.0227 0.0465
vn -0.9941 0.0371 0.1019
vn -0.9927 -0.1164 0.0327
vn -0.9850 -0.1655 0.0484
vn -0.9863 -0.1414 0.0854
vn -0.2111 0.2048 -0.9558
vn -0.2253 0.2136 -0.9506
vn -0.2273 0.2263 -0.9472
vn -0.2213 0.2210 -0.9498
vn -0.7278 -0.3598 -0.5838
vn -0.1292 0.0146 -0.9915
vn -0.1295 -0.0018 -0.9916
vn -0.0837 -0.7415 -0.6657
vn -0.8220 -0.3588 -0.4422
vn -0.8314 -0.3594 -0.4237
vn -0.8397 -0.3358 -0.4268
vn -0.9226 -0.2976 0.2454
vn -0.9299 -0.2866 0.2306
vn -0.9224 -0.3075 0.2338
vn -0.2797 0.1221 -0.9523
vn -0.2711 0.1415 -0.9521
vn -0.2521 0.1230 -0.9599
vn -0.5208 0.1060 -0.8471
vn -0.5194 0.0968 -0.8491
vn -0.5330 0.0959 -0.8407
vn -0.7522 0.4546 0.4770
vn -0.7391 0.4454 0.5053
vn -0.7289 0.4764 0.4916
vn -0.5956 -0.6559 -0.4638
vn -0.8840 -0.3467 -0.3137
vn -0.8885 -0.3278 -0.3210
vn -0.6396 -0.7442 -0.1924
vn -0.8995 -0.3701 -0.2322
vn -0.8926 -0.3727 -0.2537
vn -0.0122 -0.6519 -0.7582
vn -0.5437 0.5510 -0.6331
vn -0.0136 0.0770 -0.9969
vn -0.8962 0.2247 -0.3826
vn -0.8918 0.2221 -0.3942
vn -0.8968 0.2188 -0.3845
vn -0.2861 0.1312 0.9492
vn -0.2755 0.1167 0.9542
vn -0.2643 0.1328 0.9552
vn -0.8268 -0.0131 -0.5624
vn -0.9105 -0.3296 -0.2499
vn -0.9181 -0.3210 -0.2326
vn -0.8730 -0.1767 0.4547
vn -0.8822 -0.1577 0.4436
vn -0.8770 -0.2143 0.4302
vn -0.9760 -0.1344 -0.1712
vn -0.9766 -0.1485 -0.1555
vn -0.9805 -0.1262 -0.1510
vn -0.1579 0.0453 -0.9864
vn -0.1612 0.0217 -0.9867
vn -0.1717 0.0317 -0.9846
vn -0.6754 0.3244 -0.6622
vn -0.6843 0.3161 -0.6572
vn -0.6803 0.3509 -0.6435
vn -0.6671 0.3353 -0.6652
vn -0.5915 -0.2041 -0.7800
vn -0.5835 -0.2018 -0.7866
vn -0.5822 -0.2112 -0.7851
vn -0.7503 -0.2942 -0.5920
vn -0.7465 -0.2836 -0.6019
vn -0.7445 -0.2967 -0.5980
vn -0.9574 -0.1427 0.2511
vn -0.9482 -0.1467 0.2819
vn -0.9501 -0.1293 0.2840
vn -0.8301 -0.0162 -0.5574
vn -0.8325 -0.0053 -0.5540
vn -0.8273 -0.0077 -0.5617
vn -0.8035 -0.0616 -0.5921
vn -0.8029 -0.0736 -0.5916
vn -0.8071 -0.0690 -0.5863
vn -0.5228 0.2752 -0.8068
vn 0.0331 -0.1108 -0.9933
vn 0.0229 -0.7620 -0.6472
vn -0.8583 0.1352 0.4950
vn -0.8458 0.1127 0.5215
vn -0.8389 0.1429 0.5253
vn -0.7765 0.3807 0.5022
vn -0.7891 0.3918 0.4731
vn -0.7949 0.3654 0.4844
vn -0.8182 0.2744 0.5052
vn -0.8042 0.2848 0.5217
vn -0.8120 0.2975 0.5022
vn -0.7974 0.2450 0.5515
vn -0.7988 0.2680 0.5386
vn -0.8125 0.2511 0.5261
vn -0.9619 -0.0350 0.2712
vn -0.9563 -0.0346 0.2902
vn -0.9575 -0.0208 0.2876
vn -0.9773 -0.0825 0.1951
vn -0.9776 -0.0702 0.1985
vn -0.9800 -0.0685 0.1868
vn -0.4774 -0.2688 -0.8366
vn -0.4651 -0.2692 -0.8434
vn -0.4662 -0.2790 -0.8395
vn -0.7008 -0.1075 -0.7052
vn -0.6898 -0.0930 -0.7180
vn -0.6821 -0.1258 -0.7203
vn -0.9647 0.0154 0.2630
vn -0.9635 0.0003 0.2676
vn -0.9527 0.0385 0.3013
vn 0.0475 -0.4405 -0.8965
vn -0.5497 0.5858 -0.5955
vn 0.0826 0.3264 -0.9416
vn -0.9331 0.2215 -0.2832
vn -0.9278 0.2011 -0.3143
vn -0.9359 0.2062 -0.2857
vn -0.9195 -0.3614 -0.1543
vn -0.9202 -0.3530 -0.1690
vn -0.9125 -0.3714 -0.1717
vn -0.8716 0.1197 -0.4754
vn -0.8668 0.1339 -0.4804
vn -0.8661 0.1267 -0.4836
vn -0.8612 0.2850 0.4209
vn -0.8740 0.2693 0.4045
vn -0.8697 0.2542 0.4231
vn -0.6337 0.0250 0.7731
vn -0.6441 0.0099 0.7649
vn -0.6307 0.0073 0.7760
vn -0.9898 0.0661 0.1260
vn -0.9893 0.0937 0.1123
vn -0.9942 0.0389 0.1002
vn -0.9602 -0.0135 0.2789
vn -0.9557 -0.0537 0.2894
vn -0.9532 -0.0379 0.3000
vn -0.8046 -0.1874 0.5635
vn -0.8077 -0.2016 0.5540
vn -0.7891 -0.2193 0.5737
vn -0.8780 -0.0750 0.4728
vn -0.8825 -0.0834 0.4628
vn -0.8711 -0.0885 0.4831
vn -0.1777 -0.1461 0.9732
vn -0.1915 -0.1429 0.9710
vn -0.1932 -0.1591 0.9682
vn -0.1199 -0.1887 0.9747
vn -0.1064 -0.1771 0.9784
vn -0.1245 -0.1706 0.9775
vn -0.0797 -0.0322 0.9963
vn -0.0889 -0.0409 0.9952
vn -0.0788 -0.0543 0.9954
vn -0.4612 -0.0984 -0.8818
vn -0.4770 -0.1069 -0.8724
vn -0.4864 -0.0857 -0.8695
vn -0.9633 0.0097 -0.2684
vn -0.9628 -0.0085 -0.2700
vn -0.9655 -0.0008 -0.2605
vn -0.5758 -0.0608 0.8153
vn -0.5852 -0.0539 0.8091
vn -0.5887 -0.0707 0.8052
vn -0.5817 -0.0800 0.8094
vn -0.5768 -0.0617 0.8145
vn -0.5938 -0.0618 0.8022
vn 0.1307 -0.1300 -0.9829
vn 0.1015 -0.1132 -0.9884
vn 0.1313 -0.1122 -0.9850
vn 0.0229 0.1197 0.9925
vn 0.0295 0.1021 0.9943
vn 0.0411 0.1145 0.9926
vn -0.5298 -0.3566 -0.7695
vn -0.5377 -0.3585 -0.7631
vn -0.5386 -0.3395 -0.7712
vn -0.4245 -0.0940 0.9006
vn -0.4147 -0.0915 0.9053
vn -0.4134 -0.0679 0.9080
vn -0.2467 -0.1815 0.9520
vn -0.2327 -0.1931 0.9532
vn -0.2140 -0.1778 0.9605
vn -0.2161 -0.2626 0.9404
vn -0.2268 -0.2788 0.9332
vn -0.1958 -0.2866 0.9378
vn -0.8727 -0.3552 -0.3350
vn -0.8851 -0.3373 -0.3205
vn -0.8766 -0.3340 -0.3465
vn -0.5992 0.2034 0.7743
vn -0.5771 0.2096 0.7893
vn -0.5818 0.2301 0.7801
vn -0.7041 -0.0960 0.7036
vn -0.7044 -0.1102 0.7012
vn -0.6946 -0.1089 0.7111
vn -0.8345 -0.2478 0.4921
vn -0.8448 -0.2589 0.4683
vn -0.8325 -0.2708 0.4834
vn -0.6607 -0.5754 0.4821
vn -0.6391 -0.5910 0.4923
vn -0.6468 -0.5678 0.5091
vn -0.8400 0.2527 0.4801
vn -0.8381 0.2340 0.4927
vn -0.8183 0.2619 0.5116
vn -0.9281 -0.3167 0.1959
vn -0.9389 -0.3070 0.1555
vn -0.9329 -0.3224 0.1607
vn -0.5904 0.3297 -0.7367
vn -0.6100 0.3303 -0.7203
vn -0.5993 0.3547 -0.7177
vn -0.5804 0.3570 -0.7319
vn -0.8638 -0.4094 -0.2937
vn -0.8702 -0.3911 -0.2997
vn -0.6149 -0.4129 -0.6718
vn -0.7871 -0.4349 -0.4374
vn -0.7813 -0.4519 -0.4305
vn -0.7925 -0.4385 -0.4239
vn -0.9138 0.3841 0.1317
vn -0.9234 0.3516 0.1542
vn -0.9104 0.3719 0.1815
vn -0.9894 0.1348 0.0542
vn -0.9857 0.1238 0.1145
vn -0.9819 0.1701 0.0833
vn -0.9959 0.0905 -0.0015
vn -0.9972 0.0608 -0.0430
vn -0.9991 0.0434 -0.0038
vn -0.9982 -0.0565 0.0219
vn -0.9961 -0.0869 0.0138
vn -0.9954 -0.0860 0.0418
vn -0.9823 0.0018 -0.1875
vn -0.9780 -0.0065 -0.2086
vn -0.9816 -0.0156 -0.1902
vn -0.1132 -0.2170 0.9696
vn -0.1172 -0.1968 0.9734
vn -0.1365 -0.2084 0.9685
vn -0.7696 -0.2215 0.5988
vn -0.7654 -0.2052 0.6100
vn -0.7791 -0.2055 0.5922
vn -0.7237 -0.1881 0.6640
vn -0.7325 -0.1704 0.6591
vn -0.7354 -0.1858 0.6517
vn -0.4557 -0.2152 0.8637
vn -0.4802 -0.2197 0.8492
vn -0.4777 -0.2328 0.8471
vn -0.4620 -0.2288 0.8569
vn -0.9104 -0.3021 0.2826
vn -0.9168 -0.2886 0.2761
vn -0.9145 -0.3034 0.2676
vn -0.9900 0.0547 0.1303
vn -0.9930 0.0153 0.1173
vn -0.9853 0.0491 0.1634
vn -0.4147 -0.1150 0.9026
vn -0.4146 -0.1064 0.9038
vn -0.4243 -0.1070 0.8992
vn -0.8914 0.2337 -0.3884
vn -0.8892 0.2296 -0.3957
vn -0.8936 0.2288 -0.3861
vn -0.8072 -0.1503 -0.5708
vn -0.8209 -0.1483 -0.5515
vn -0.8100 -0.1327 -0.5712
vn -0.7690 -0.4272 -0.4755
vn -0.7602 -0.4222 -0.4937
vn -0.7562 -0.4354 -0.4885
vn -0.9119 -0.2772 -0.3027
vn -0.9086 -0.3211 -0.2670
vn -0.9163 -0.3146 -0.2477
vn -0.1107 -0.1301 -0.9853
vn -0.1232 -0.1385 -0.9827
vn -0.1263 -0.1276 -0.9838
vn -0.2171 0.1116 -0.9698
vn -0.2320 0.1016 -0.9674
vn -0.2342 0.1155 -0.9653
vn -0.1448 0.1288 -0.9810
vn -0.1599 0.1340 -0.9780
vn -0.1489 0.1429 -0.9785
vn -0.1321 0.1907 0.9727
vn -0.1186 0.1866 0.9753
vn -0.1269 0.2069 0.9701
vn -0.0384 0.0206 0.9990
vn -0.0192 0.0080 0.9998
vn -0.0145 0.0277 0.9995
vn -0.1710 -0.1359 0.9758
vn -0.1803 -0.1205 0.9762
vn -0.1847 -0.1366 0.9733
vn -0.7897 -0.4421 -0.4254
vn -0.7975 -0.4278 -0.4253
vn -0.7862 -0.4362 -0.4377
vn -0.8202 -0.2799 -0.4989
vn -0.8146 -0.2600 -0.5185
vn -0.8099 -0.2842 -0.5130
vn -0.8618 -0.1703 -0.4778
vn -0.8730 -0.1771 -0.4544
vn -0.8772 -0.1560 -0.4541
vn -0.7310 -0.1455 0.6667
vn -0.7238 -0.1616 0.6708
vn -0.7185 -0.1483 0.6795
vn -0.6078 -0.1153 0.7857
vn -0.6116 -0.0990 0.7850
vn -0.6178 -0.1077 0.7789
vn -0.5971 -0.1997 0.7769
vn -0.5825 -0.2207 0.7823
vn -0.5752 -0.2113 0.7903
vn -0.6661 0.3299 -0.6689
vn -0.6811 0.3258 -0.6557
vn -0.6680 0.3391 -0.6624
vn -0.7773 0.2638 -0.5712
vn -0.7796 0.2515 -0.5736
vn -0.7851 0.2510 -0.5661
vn -0.8717 -0.1655 0.4612
vn -0.8739 -0.1524 0.4616
vn -0.8828 -0.1662 0.4394
vn -0.9293 -0.0189 0.3687
vn -0.9212 -0.0164 0.3887
vn -0.9199 -0.0064 0.3920
vn -0.9235 -0.0002 0.3835
vn -0.9275 -0.0763 -0.3660
vn -0.9256 -0.0750 -0.3711
vn -0.9231 -0.0823 -0.3756
vn -0.0521 0.2348 0.9707
vn -0.0382 0.2548 0.9662
vn -0.0727 0.2713 0.9598
vn -0.8819 -0.3455 -0.3208
vn -0.8922 -0.3224 -0.3163
vn -0.8815 -0.3238 -0.3437
vn -0.5279 -0.0274 -0.8489
vn -0.5208 -0.0363 -0.8529
vn -0.5301 -0.0368 -0.8471
vn -0.7613 0.4459 0.4707
vn -0.7453 0.4484 0.4934
vn -0.7470 0.4713 0.4690
vn -0.2749 0.3320 0.9023
vn -0.2978 0.3306 0.8955
vn -0.2913 0.3108 0.9047
vn -0.8120 0.0932 -0.5762
vn -0.8039 0.0936 -0.5874
vn -0.8074 0.0843 -0.5839
vn -0.8841 -0.2837 0.3713
vn -0.8822 -0.2555 0.3955
vn -0.8895 -0.2538 0.3799
vn -0.6332 0.3135 0.7077
vn -0.6518 0.3142 0.6902
vn -0.6534 0.2900 0.6993
vn -0.6344 0.1383 0.7605
vn -0.6117 0.1309 0.7802
vn -0.6253 0.1521 0.7654
vn -0.6314 0.1439 0.7620
vn -0.6237 0.1300 0.7707
vn -0.6145 0.1407 0.7762
vn -0.5429 -0.3126 0.7794
vn -0.5336 -0.3086 0.7874
vn -0.5420 -0.2946 0.7870
vn -0.5578 -0.3008 0.7735
vn -0.5230 -0.2606 0.8115
vn -0.4844 -0.2385 0.8417
vn -0.5112 -0.2213 0.8305
vn -0.7304 -0.4687 0.4968
vn -0.7375 -0.4671 0.4877
vn -0.7248 -0.4828 0.4915
vn -0.7206 -0.4743 0.5058
vn -0.2508 -0.1168 0.9610
vn -0.2576 -0.0964 0.9614
vn -0.2686 -0.1047 0.9575
vn -0.4202 -0.1215 0.8993
vn -0.4290 -0.1128 0.8962
vn -0.4328 -0.1321 0.8917
vn -0.2640 0.3819 0.8857
vn -0.2844 0.3739 0.8828
vn -0.2607 0.3617 0.8951
vn -0.8076 -0.5367 0.2443
vn -0.7938 -0.5599 0.2373
vn -0.7917 -0.5533 0.2589
vn -0.8911 -0.4139 0.1859
vn -0.8958 -0.4139 0.1618
vn -0.8734 -0.4462 0.1952
vn -0.8450 -0.5342 0.0239
vn -0.8310 -0.5529 0.0609
vn -0.8544 -0.5177 0.0444
vn -0.7573 -0.0538 -0.6509
vn -0.7498 -0.0804 -0.6567
vn -0.7614 -0.0734 -0.6441
vn -0.8563 0.2727 0.4386
vn -0.8447 0.2759 0.4586
vn -0.8468 0.2988 0.4401
vn -0.3571 0.1740 0.9177
vn -0.3688 0.1564 0.9163
vn -0.3546 0.1589 0.9214
vn -0.9192 -0.1898 0.3450
vn 0.5373 -0.3770 0.7545
vn -0.1705 0.4878 0.8561
vn -0.1007 0.1479 0.9839
vn -0.1242 0.1244 0.9844
vn -0.0914 0.1316 0.9871
vn -0.7431 -0.6586 0.1186
vn -0.7293 -0.6713 0.1327
vn -0.7354 -0.6593 0.1564
vn -0.3151 -0.0027 0.9491
vn -0.3144 0.0188 0.9491
vn -0.3309 0.0150 0.9435
vn -0.7268 0.2627 -0.6346
vn -0.7075 0.2583 -0.6578
vn -0.7165 0.2309 -0.6582
vn -0.6565 -0.1492 0.7394
vn -0.1606 0.2561 0.9532
vn -0.1268 0.8364 0.5332
vn -0.8247 0.2976 0.4810
vn -0.8069 0.3003 0.5086
vn -0.8002 0.3420 0.4926
vn -0.5189 0.2005 0.8310
vn -0.5250 0.1850 0.8308
vn -0.5145 0.1810 0.8382
vn -0.6119 -0.5140 -0.6011
vn -0.6223 -0.5056 -0.5976
vn -0.6120 -0.5055 -0.6082
vn -0.1090 0.5205 -0.8469
vn -0.1109 0.5009 -0.8584
vn -0.0725 -0.2982 -0.9517
vn -0.6081 -0.0833 -0.7895
vn -0.0991 0.0927 -0.9908
vn -0.0888 0.0827 -0.9926
vn -0.0642 -0.6525 -0.7550
vn -0.5012 -0.5141 -0.6961
vn -0.1044 -0.1706 -0.9798
vn -0.0708 -0.8358 -0.5444
vn -0.7088 -0.4672 -0.5285
vn -0.0950 -0.1402 -0.9856
vn -0.0821 0.0189 -0.9964
vn -0.0829 0.0023 -0.9966
vn -0.0560 -0.7177 -0.6941
vn -0.7901 -0.0420 -0.6116
vn -0.0717 -0.1652 0.9836
vn -0.0523 0.5443 0.8372
vn -0.7022 -0.0209 0.7117
vn -0.0735 0.0269 0.9969
vn -0.0631 0.6993 0.7120
vn -0.6725 0.3403 0.6572
vn -0.0703 0.0080 0.9975
vn 0.0642 -0.0281 -0.9975
vn 0.0453 -0.7411 -0.6699
vn -0.5383 -0.3852 -0.7496
vn -0.0859 -0.2831 0.9552
vn -0.0727 0.4542 0.8879
vn -0.5720 0.3213 0.7547
vn -0.1076 -0.2930 0.9500
vn -0.0679 -0.1742 0.9824
vn -0.0670 0.5063 0.8598
vn -0.6071 0.2616 0.7503
vn -0.0752 -0.1873 0.9794
vn -0.0361 -0.2308 0.9723
vn -0.0429 0.4392 0.8974
vn -0.6854 -0.2771 0.6734
vn -0.0518 0.1441 -0.9882
vn -0.0530 0.1150 -0.9919
vn -0.0375 -0.5902 -0.8064
vn -0.7289 -0.0823 -0.6796
vn -0.2046 0.3783 0.9028
vn -0.2246 0.3756 0.8991
vn -0.1601 0.9608 0.2262
vn -0.7765 -0.1710 0.6064
vn -0.1136 0.4659 -0.8775
vn -0.1228 0.4692 -0.8745
vn -0.1176 0.4726 -0.8734
vn -0.0633 0.0794 0.9948
vn -0.0648 0.0945 0.9934
vn -0.0539 0.7748 0.6299
vn -0.7651 0.0521 0.6418
vn -0.0597 0.1022 0.9930
vn -0.0705 0.1313 0.9888
vn -0.0559 0.7982 0.5998
vn -0.7214 0.3744 0.5826
vn -0.1578 0.1203 0.9801
vn -0.1131 0.8200 0.5611
vn -0.7818 0.0546 0.6211
vn -0.1804 0.3861 0.9047
vn -0.1132 0.9569 0.2676
vn -0.8253 0.0815 0.5588
vn -0.1643 0.3653 0.9163
vn -0.0465 -0.0609 -0.9971
vn -0.0421 -0.0962 -0.9945
vn -0.0326 -0.7622 -0.6465
vn -0.7204 -0.2510 -0.6465
vn -0.0548 -0.2073 -0.9767
vn -0.0526 -0.8638 -0.5012
vn -0.7567 0.0140 -0.6536
vn 0.1002 0.4627 -0.8808
vn 0.0652 0.9654 -0.2525
vn 0.8084 0.3126 -0.4988
vn 0.1010 0.4588 -0.8828
vn -0.9842 0.0077 -0.1766
vn -0.9826 -0.0231 -0.1846
vn -0.9874 -0.0085 -0.1582
vn -0.9877 0.0016 -0.1561
vn -0.9622 0.2515 0.1041
vn -0.9693 0.2275 0.0931
vn -0.9625 0.2394 0.1279
vn -0.9571 0.2600 0.1278
vn -0.1044 0.4609 -0.8813
vn 0.6680 0.3110 -0.6761
vn -0.0682 -0.3444 -0.9363
vn -0.8006 0.1900 -0.5682
vn -0.8098 0.0652 -0.5830
vn -0.8053 0.0683 -0.5889
vn -0.7965 0.0439 -0.6030
vn -0.8081 0.0600 -0.5860
vn -0.1214 0.2009 0.9721
vn -0.7929 0.2995 0.5306
vn -0.1485 0.1816 0.9721
vn -0.1288 0.1804 0.9751
vn -0.8805 -0.2547 0.3998
vn -0.8773 -0.2710 0.3962
vn -0.8711 -0.2680 0.4116
vn -0.6515 -0.0505 -0.7569
vn -0.6491 -0.0583 -0.7585
vn -0.6568 -0.0555 -0.7520
vn -0.7250 0.1937 -0.6609
vn -0.7280 0.1862 -0.6598
vn -0.7338 0.1891 -0.6525
vn -0.7287 0.2016 -0.6544
vn -0.1038 0.4698 -0.8766
vn -0.0951 0.4675 -0.8788
vn -0.0990 0.4613 -0.8817
vn -0.1065 0.4656 -0.8786
vn -0.3074 0.2479 0.9187
vn -0.3263 0.2596 0.9089
vn -0.3418 0.2409 0.9084
vn -0.3183 0.2312 0.9194
vn -0.3588 0.0724 0.9306
vn -0.3738 0.0476 0.9263
vn -0.3465 0.0462 0.9369
vn -0.2277 -0.0173 0.9736
vn -0.2591 -0.0303 0.9654
vn -0.2294 -0.0422 0.9724
vn -0.9182 -0.0136 0.3958
vn -0.9271 0.0234 0.3742
vn -0.9262 -0.0278 0.3761
vn -0.9212 -0.0221 0.3885
vn -0.7611 -0.1295 0.6356
vn -0.7527 -0.1494 0.6412
vn -0.7341 -0.1613 0.6596
vn -0.7364 -0.1043 0.6684
vn -0.9078 0.1227 -0.4011
vn -0.9031 0.1251 -0.4108
vn -0.9063 0.1097 -0.4082
vn -0.9071 0.1174 -0.4042
vn -0.8039 -0.1965 0.5614
vn -0.8043 -0.2164 0.5535
vn -0.7933 -0.2209 0.5674
vn -0.7927 -0.2022 0.5751
vn -0.7854 -0.2046 0.5842
vn -0.7970 -0.2086 0.5668
vn -0.7954 -0.2224 0.5638
vn -0.7860 -0.2243 0.5760
vn -0.8414 -0.3112 0.4418
vn -0.8493 -0.3114 0.4264
vn -0.8423 -0.3259 0.4292
vn -0.8374 -0.3235 0.4407
vn 0.1170 0.1987 0.9730
vn 0.1082 0.1799 0.9777
vn -0.6105 -0.0683 0.7891
vn 0.7961 -0.0458 0.6035
vn 0.9839 0.0119 -0.1781
vn 0.9877 0.0150 -0.1554
vn 0.9910 -0.0066 -0.1341
vn 0.9876 -0.0080 -0.1566
vn 0.9587 0.2641 0.1057
vn 0.9537 0.2795 0.1107
vn 0.9563 0.2543 0.1446
vn 0.9608 0.2540 0.1115
vn 0.8097 0.0760 -0.5819
vn 0.8127 0.0473 -0.5807
vn 0.8052 0.0717 -0.5886
vn 0.8056 0.0787 -0.5872
vn 0.8805 -0.2400 0.4088
vn 0.8693 -0.2645 0.4176
vn 0.8819 -0.2545 0.3969
vn 0.6530 -0.0426 -0.7562
vn 0.6608 -0.0477 -0.7491
vn 0.6532 -0.0500 -0.7555
vn 0.7236 0.2023 -0.6599
vn 0.7289 0.2096 -0.6517
vn 0.7313 0.1979 -0.6527
vn 0.7272 0.1981 -0.6573
vn 0.1002 0.4709 -0.8765
vn 0.1061 0.4649 -0.8790
vn 0.0997 0.4607 -0.8819
vn 0.0909 0.4663 -0.8800
vn 0.3037 0.2402 0.9220
vn 0.3063 0.2303 0.9236
vn 0.3293 0.2311 0.9155
vn 0.3280 0.2516 0.9105
vn 0.3500 0.0677 0.9343
vn 0.3344 0.0372 0.9417
vn 0.3699 0.0442 0.9280
vn 0.2316 -0.0198 0.9726
vn 0.2382 -0.0432 0.9703
vn 0.2626 -0.0314 0.9644
vn 0.9178 0.0007 0.3969
vn 0.9219 -0.0207 0.3868
vn 0.9334 -0.0229 0.3581
vn 0.9250 0.0360 0.3781
vn 0.7611 -0.1122 0.6389
vn 0.7367 -0.0961 0.6693
vn 0.7510 -0.1391 0.6455
vn 0.7614 -0.1254 0.6360
vn 0.9068 0.1339 -0.3998
vn 0.9064 0.1209 -0.4049
vn 0.9052 0.1265 -0.4057
vn 0.9021 0.1357 -0.4097
vn 0.8081 -0.1926 0.5566
vn 0.7945 -0.1918 0.5762
vn 0.7925 -0.2106 0.5723
vn 0.8034 -0.2093 0.5575
vn 0.7897 -0.1907 0.5831
vn 0.7848 -0.2114 0.5825
vn 0.7961 -0.2076 0.5685
vn 0.7983 -0.1960 0.5695
vn 0.8438 -0.3016 0.4439
vn 0.8401 -0.3141 0.4422
vn 0.8450 -0.3183 0.4298
vn 0.8525 -0.3014 0.4272
vn -0.0052 1.0000 -0.0006
vn -0.7439 0.6628 0.0855
vn -0.7426 0.6628 0.0961
vn -0.0087 1.0000 0.0038
vn -0.0095 0.9999 0.0035
vn -0.0107 0.9998 0.0157
vn -0.0091 0.9998 0.0160
vn -0.0031 1.0000 0.0006
vn 0.0028 1.0000 0.0043
vn 0.0032 1.0000 0.0038
vn 0.0043 1.0000 0.0023
vn 0.0044 1.0000 0.0021
vn -0.0011 1.0000 0.0018
vn -0.0010 1.0000 0.0017
vn -0.0035 1.0000 0.0025
vn 0.0195 0.9998 0.0077
vn 0.0204 0.9998 0.0056
vn 0.0061 1.0000 -0.0022
vn 0.0060 1.0000 -0.0017
vn 0.0141 0.9997 0.0197
vn 0.0200 0.9997 0.0129
vn 0.0178 0.9997 0.0158
vn 0.0090 0.9999 -0.0073
vn 0.0035 1.0000 -0.0069
vn 0.0028 1.0000 -0.0086
vn 0.0080 0.9999 -0.0085
vn 0.0081 0.9999 -0.0085
vn 0.0081 0.9999 -0.0083
vn -0.0000 0.9998 -0.0178
vn 0.0019 0.9998 -0.0211
vn 0.0029 0.9998 -0.0206
vn 0.0013 0.9998 -0.0213
vn -0.0012 0.9998 -0.0222
vn -0.0013 0.9999 -0.0102
vn -0.0038 0.9999 -0.0115
vn 0.0212 0.9991 -0.0359
vn 0.0058 0.9996 -0.0265
vn -0.0008 0.9998 -0.0188
vn 0.0116 0.9999 -0.0111
vn 0.0104 0.9999 -0.0135
vn 0.0109 0.9999 -0.0126
vn 0.7710 0.6035 -0.2033
vn 0.0063 0.9998 -0.0185
vn 0.0042 0.9998 -0.0200
vn 0.0045 0.9998 -0.0198
vn -0.0104 0.9998 -0.0192
vn -0.0036 0.9996 -0.0294
vn 0.0006 0.9990 -0.0455
vn -0.0122 0.9999 -0.0093
vn -0.0135 0.9999 -0.0075
vn -0.0252 0.9997 -0.0007
vn -0.0254 0.9997 -0.0027
vn -0.0247 0.9997 0.0014
vn -0.0248 0.9997 0.0010
vn -0.0216 0.9998 -0.0027
vn -0.0154 0.9998 -0.0158
vn -0.0154 0.9998 -0.0159
vn -0.0152 0.9998 -0.0160
vn -0.0146 0.9998 -0.0099
vn -0.0155 0.9998 -0.0084
vn -0.0219 0.9998 -0.0021
vn -0.0315 0.9993 -0.0220
vn -0.0332 0.9993 -0.0193
vn -0.0366 0.9993 -0.0107
vn -0.0157 0.9999 0.0044
vn -0.0160 0.9999 0.0040
vn -0.0285 0.9995 0.0138
vn -0.0263 0.9995 0.0162
vn -0.0129 0.9999 -0.0019
vn -0.0117 0.9999 0.0016
vn -0.0115 0.9999 0.0017
vn -0.0110 0.9999 0.0074
vn -0.0114 0.9999 0.0073
vn -0.0098 0.9999 0.0079
vn -0.0087 0.9999 0.0082
vn -0.0068 1.0000 0.0017
vn -0.0170 0.9998 0.0131
vn -0.0144 0.9998 0.0145
vn -0.0101 0.9999 0.0032
vn -0.0105 0.9999 0.0030
vn -0.1499 0.0665 -0.9865
vn -0.8107 0.0478 -0.5835
vn -0.1149 0.7056 -0.6992
vn 0.4269 0.4205 -0.8006
vn -0.7902 -0.0965 -0.6052
vn -0.8018 -0.0853 -0.5915
vn -0.7929 -0.0721 -0.6051
vn -0.7852 -0.0755 -0.6146
vn 0.1512 0.0689 -0.9861
vn 0.1153 -0.5932 -0.7967
vn -0.6064 0.0466 -0.7938
vn 0.1507 0.0815 -0.9852
vn -0.8288 -0.0539 -0.5570
vn -0.8408 -0.0510 -0.5389
vn -0.8393 -0.0313 -0.5427
vn -0.8286 -0.0323 -0.5590
vn -0.7480 -0.5568 0.3613
vn -0.7549 -0.5534 0.3520
vn -0.7623 -0.5501 0.3409
vn -0.7496 -0.5686 0.3387
vn -0.7503 -0.4838 0.4505
vn -0.7359 -0.4894 0.4679
vn -0.7431 -0.4780 0.4683
vn -0.7522 -0.4693 0.4625
vn -0.8685 -0.0773 -0.4896
vn -0.8695 -0.0559 -0.4908
vn -0.8669 -0.0497 -0.4960
vn -0.8577 -0.0602 -0.5106
vn -0.9423 -0.0504 0.3311
vn -0.9478 -0.0123 0.3188
vn -0.9524 -0.0116 0.3047
vn -0.9539 -0.0262 0.2989
vn -0.9863 -0.1013 0.1303
vn -0.9816 -0.0656 0.1792
vn -0.9909 -0.0459 0.1262
vn -0.9540 -0.2764 0.1163
vn -0.9563 -0.2572 0.1394
vn -0.9573 -0.2641 0.1174
vn -0.6485 -0.0394 -0.7602
vn -0.6468 -0.0255 -0.7622
vn -0.6413 -0.0144 -0.7672
vn -0.6247 -0.0397 -0.7799
vn -0.5824 -0.0506 -0.8114
vn -0.6040 -0.0345 -0.7962
vn -0.5785 -0.0285 -0.8152
vn -0.8415 0.0225 -0.5399
vn -0.8518 0.0360 -0.5226
vn -0.8400 0.0432 -0.5408
vn -0.9005 0.0840 -0.4267
vn -0.9110 0.0829 -0.4040
vn -0.9070 0.1045 -0.4080
vn -0.9023 0.1076 -0.4175
vn -0.9579 -0.2793 0.0666
vn -0.9567 -0.2767 0.0904
vn -0.9615 -0.2512 0.1117
vn -0.9643 -0.2551 0.0706
vn -0.1726 0.0718 -0.9824
vn -0.1921 0.0658 -0.9792
vn -0.2006 0.0777 -0.9766
vn -0.1828 0.0869 -0.9793
vn -0.0489 0.0309 -0.9983
vn -0.7498 0.0228 -0.6613
vn -0.0434 0.0439 -0.9981
vn -0.9457 -0.2920 0.1429
vn -0.9532 -0.2647 0.1459
vn -0.9501 -0.2793 0.1390
vn -0.9489 -0.2872 0.1310
vn -0.2293 -0.2175 0.9487
vn -0.2178 -0.2253 0.9496
vn -0.2022 -0.2107 0.9564
vn -0.2277 -0.2136 0.9500
vn -0.2468 -0.1300 0.9603
vn -0.2220 -0.1239 0.9671
vn -0.2498 -0.1225 0.9605
vn -0.7631 -0.1549 -0.6274
vn -0.7715 -0.1308 -0.6227
vn -0.7541 -0.1287 -0.6440
vn -0.5599 0.0382 -0.8277
vn -0.5790 0.0241 -0.8150
vn -0.5808 0.0537 -0.8123
vn -0.5670 0.0514 -0.8221
vn -0.4835 -0.0097 -0.8753
vn -0.4962 0.0100 -0.8682
vn -0.4758 0.0180 -0.8794
vn -0.9737 0.1232 -0.1915
vn -0.9708 0.1733 -0.1656
vn -0.9566 0.2007 -0.2114
vn -0.5731 -0.3064 0.7601
vn -0.5781 -0.2920 0.7619
vn -0.6018 -0.3049 0.7381
vn -0.5755 -0.3312 0.7478
vn 0.7939 -0.0861 -0.6019
vn 0.7869 -0.0674 -0.6134
vn 0.7898 -0.0562 -0.6108
vn 0.8006 -0.0594 -0.5962
vn 0.8280 -0.0353 -0.5596
vn 0.8343 -0.0213 -0.5509
vn 0.8391 -0.0189 -0.5436
vn 0.8433 -0.0378 -0.5361
vn 0.7542 -0.5476 0.3624
vn 0.7509 -0.5617 0.3473
vn 0.7621 -0.5465 0.3471
vn 0.7641 -0.5385 0.3552
vn 0.7544 -0.4726 0.4555
vn 0.7501 -0.4668 0.4684
vn 0.7473 -0.4631 0.4764
vn 0.7396 -0.4787 0.4732
vn 0.8658 -0.0695 -0.4956
vn 0.8589 -0.0535 -0.5094
vn 0.8658 -0.0404 -0.4987
vn 0.8741 -0.0457 -0.4836
vn 0.9404 -0.0318 0.3386
vn 0.9538 -0.0137 0.3002
vn 0.9526 0.0011 0.3043
vn 0.9456 0.0229 0.3246
vn 0.9852 -0.0942 0.1434
vn 0.9886 -0.0521 0.1411
vn 0.9812 -0.0494 0.1868
vn 0.9567 -0.2651 0.1199
vn 0.9657 -0.2395 0.1005
vn 0.9587 -0.2543 0.1275
vn 0.6478 -0.0354 -0.7610
vn 0.6281 -0.0359 -0.7773
vn 0.6330 -0.0151 -0.7740
vn 0.6490 -0.0152 -0.7606
vn 0.5815 -0.0409 -0.8125
vn 0.5810 -0.0232 -0.8136
vn 0.6023 -0.0280 -0.7978
vn 0.8456 0.0304 -0.5329
vn 0.8400 0.0526 -0.5400
vn 0.8530 0.0478 -0.5198
vn 0.9005 0.0940 -0.4246
vn 0.9026 0.1164 -0.4146
vn 0.9054 0.1168 -0.4081
vn 0.9112 0.0997 -0.3998
vn 0.9656 -0.2511 0.0675
vn 0.9692 -0.2346 0.0748
vn 0.9633 -0.2515 0.0941
vn 0.9599 -0.2640 0.0939
vn 0.1781 0.0633 -0.9820
vn 0.1754 0.0799 -0.9812
vn 0.1922 0.0812 -0.9780
vn 0.1934 0.0688 -0.9787
vn 0.0505 0.0316 -0.9982
vn 0.0364 0.0432 -0.9984
vn 0.0553 0.0447 -0.9975
vn 0.9492 -0.2789 0.1456
vn 0.9512 -0.2781 0.1335
vn 0.9572 -0.2517 0.1426
vn 0.9527 -0.2677 0.1440
vn 0.2358 -0.2062 0.9497
vn 0.2508 -0.1961 0.9480
vn 0.2236 -0.2018 0.9536
vn 0.2258 -0.2163 0.9499
vn 0.2557 -0.1209 0.9592
vn 0.2565 -0.1108 0.9602
vn 0.2458 -0.1176 0.9622
vn 0.7727 -0.1412 -0.6189
vn 0.7599 -0.1234 -0.6382
vn 0.7745 -0.1112 -0.6228
vn 0.5608 0.0475 -0.8266
vn 0.5716 0.0642 -0.8180
vn 0.5758 0.0597 -0.8154
vn 0.5829 0.0345 -0.8118
vn 0.4877 -0.0034 -0.8730
vn 0.4720 0.0239 -0.8813
vn 0.4932 0.0247 -0.8696
vn 0.9703 0.1395 -0.1979
vn 0.9643 0.1934 -0.1810
vn 0.9734 0.1955 -0.1195
vn 0.5842 -0.3078 0.7510
vn 0.5951 -0.3312 0.7322
vn 0.6135 -0.3013 0.7299
vn 0.5940 -0.2969 0.7476
vn 0.0082 -0.9998 0.0193
vn 0.0156 -0.9996 0.0226
vn 0.0123 -0.9996 0.0247
vn -0.0055 -0.9996 0.0274
vn -0.0064 -0.9996 0.0266
vn 0.0036 -0.9997 0.0247
vn 0.0027 -0.9997 0.0245
vn 0.0013 -0.9997 0.0228
vn -0.0038 -0.9998 0.0181
vn -0.0041 -0.9998 0.0176
vn -0.0045 -0.9998 0.0169
vn -0.0045 -0.9998 0.0167
vn -0.0070 -0.9999 0.0147
vn -0.0073 -0.9999 0.0122
vn -0.0073 -0.9999 0.0111
vn 0.0007 -1.0000 0.0095
vn -0.0095 -0.9999 0.0130
vn -0.0097 -0.9999 -0.0053
vn -0.0106 -0.9999 -0.0044
vn -0.0091 -0.9999 -0.0059
vn -0.0229 -0.9997 0.0123
vn -0.0228 -0.9997 0.0094
vn -0.0228 -0.9997 0.0089
vn -0.0074 -0.9999 0.0112
vn -0.0071 -0.9999 0.0092
vn 0.0021 -1.0000 0.0039
vn 0.0009 -1.0000 0.0097
vn 0.0011 -1.0000 0.0094
vn 0.0012 -1.0000 0.0091
vn 0.0013 -1.0000 0.0089
vn -0.0114 -0.9999 0.0005
vn -0.0141 -0.9999 0.0011
vn -0.0138 -0.9999 0.0005
vn -0.0142 -0.9999 0.0013
vn -0.0105 -0.9999 0.0024
vn -0.0172 -0.9998 0.0105
vn -0.0163 -0.9999 0.0053
vn -0.0161 -0.9999 0.0046
vn 0.0071 -1.0000 0.0030
vn -0.6867 -0.7263 0.0299
vn -0.6868 -0.7268 -0.0090
vn -0.6868 -0.7268 -0.0081
vn 0.0095 -0.9999 0.0036
vn -0.0101 -0.9999 -0.0050
vn -0.0059 -0.9999 -0.0082
vn -0.0040 -0.9999 -0.0093
vn 0.0113 -0.9999 -0.0067
vn 0.0171 -0.9998 -0.0085
vn 0.0156 -0.9998 -0.0093
vn 0.0176 -0.9998 -0.0082
vn 0.0218 -0.9998 -0.0023
vn 0.0107 -0.9999 0.0082
vn 0.0108 -0.9999 0.0084
vn 0.0110 -0.9999 0.0087
vn 0.0112 -0.9999 0.0089
vn 0.0152 -0.9998 0.0131
vn 0.0178 -0.9998 0.0044
vn 0.0188 -0.9998 0.0062
vn 0.0337 -0.9994 0.0018
vn 0.0341 -0.9994 0.0030
vn 0.0347 -0.9994 0.0052
vn 0.0257 -0.9994 0.0249
vn 0.0255 -0.9994 0.0253
vn 0.0246 -0.9993 0.0265
vn 0.0221 -0.9997 0.0113
vn 0.0100 -0.9998 0.0166
vn 0.0177 -0.9997 0.0191
vn 0.0160 -0.9996 0.0213
vn 0.0157 -0.9997 0.0191
vn 0.0156 -0.9997 0.0192
vn 0.0152 -0.9997 0.0198
vn 0.0147 -0.9997 0.0202
vn 0.0177 -0.9997 0.0159
vn 0.0185 -0.9997 0.0168
vn 0.0181 -0.9997 0.0176
vn 0.0162 -0.9995 0.0287
vn 0.0151 -0.9995 0.0292
vn 0.0191 -0.9997 0.0179
vn 0.0179 -0.9996 0.0200
vn 0.7130 -0.6918 0.1140
vn 0.7132 -0.6943 -0.0965
usemtl sungaya_inexpectata_31mg
s off
f 505/1/1 29/2/2 493/3/3
f 505/1/4 509/4/5 29/2/6
f 39/5/7 100/6/8 17/7/9
f 11/8/10 67/9/11 20/10/12
f 35/11/13 31/12/14 29/2/15
f 12/13/16 98/14/17 90/15/18
f 3/16/19 167/17/20 104/18/21
f 416/19/22 95/20/23 420/21/24
f 153/22/25 154/23/26 7/24/27
f 433/25/28 399/26/29 60/27/29
f 120/28/30 67/29/31 11/30/32
f 90/31/33 178/32/34 139/33/35
f 137/34/36 37/35/37 142/36/38
f 401/37/39 433/25/40 60/27/40
f 61/38/41 98/39/42 69/40/43
f 13/41/44 38/42/45 101/43/46
f 179/44/47 81/45/48 50/46/49
f 104/47/50 33/48/51 3/49/52
f 55/50/53 61/51/54 24/52/55
f 78/53/56 124/54/57 106/55/58
f 47/56/59 134/57/60 103/58/61
f 382/59/62 185/60/63 176/61/64
f 54/62/65 90/63/66 98/64/67
f 137/34/68 23/65/69 2/66/70
f 120/28/71 121/67/72 116/68/73
f 65/69/74 122/70/75 35/71/76
f 125/72/77 94/73/78 114/74/79
f 134/75/80 17/76/81 114/74/82
f 17/77/83 134/78/84 136/79/85
f 48/80/86 127/81/87 123/82/88
f 123/82/89 127/81/90 105/83/91
f 8/84/92 131/85/93 38/86/94
f 67/29/95 16/87/96 133/88/97
f 53/89/98 180/90/99 22/91/100
f 70/92/101 89/93/102 52/94/103
f 141/95/104 3/96/105 170/97/106
f 143/98/107 144/99/108 119/100/109
f 144/99/110 143/98/111 39/5/112
f 32/101/113 73/102/114 89/103/115
f 20/104/116 67/29/117 25/105/118
f 152/106/119 28/107/120 13/108/121
f 103/109/122 125/72/123 92/110/124
f 157/111/125 70/112/126 155/113/127
f 156/114/128 155/115/129 70/116/130
f 63/117/131 44/118/132 6/119/133
f 116/68/134 108/120/135 177/121/136
f 166/122/137 6/123/138 44/124/139
f 166/122/140 160/125/141 6/123/142
f 10/126/143 108/120/144 123/127/145
f 16/128/146 83/129/147 133/130/148
f 71/131/149 108/132/150 59/133/151
f 159/134/152 163/135/153 158/136/154
f 3/96/155 87/137/156 170/97/157
f 121/138/158 93/139/159 163/140/160
f 161/141/161 140/142/162 148/143/163
f 40/144/164 161/145/165 79/146/166
f 161/141/167 148/143/168 79/147/169
f 385/148/170 184/149/171 41/150/172
f 137/34/173 87/151/174 37/35/175
f 20/152/176 165/153/177 30/154/178
f 20/152/179 25/105/180 165/153/181
f 5/155/182 99/156/183 34/157/184
f 4/158/185 57/159/186 85/160/187
f 30/154/188 93/139/189 20/152/190
f 7/161/191 9/162/192 138/163/193
f 21/164/194 56/165/195 46/166/196
f 151/167/197 4/158/198 2/66/199
f 150/168/200 95/169/201 107/170/202
f 63/171/203 6/172/204 14/173/205
f 32/174/206 58/175/207 40/176/208
f 509/177/209 510/178/210 155/179/211 29/180/212
f 113/181/213 10/126/214 105/182/215
f 134/78/216 47/56/217 136/79/218
f 39/183/219 143/184/220 100/185/221
f 1/186/222 19/187/223 145/188/224
f 404/189/225 22/190/226 424/191/227
f 66/192/228 95/20/229 150/193/230
f 135/194/231 95/20/232 66/192/233
f 153/195/234 7/196/235 8/197/236
f 133/198/237 25/199/238 67/200/239
f 73/201/240 32/202/241 79/203/242
f 32/204/243 40/205/244 79/147/245
f 57/159/246 89/93/247 73/206/248
f 88/207/249 2/66/250 4/158/251
f 29/208/252 126/209/253 35/11/254
f 43/210/255 18/211/256 174/212/257
f 59/213/258 162/214/259 71/215/260
f 133/88/261 83/216/262 26/217/263
f 93/218/264 121/219/265 11/220/266
f 37/221/267 87/222/268 175/223/269
f 33/224/270 21/225/271 175/226/272
f 101/227/273 24/228/274 152/229/275
f 479/230/276 167/231/277 496/232/278
f 108/120/279 71/233/280 112/234/281
f 123/127/282 108/120/283 112/234/284
f 375/235/285 381/236/286 92/110/287
f 66/192/288 99/156/289 5/155/290
f 51/237/291 99/156/292 66/192/293
f 98/238/294 158/136/295 163/135/296
f 85/160/297 57/159/298 73/206/299
f 42/239/300 143/184/301 166/240/302
f 61/51/303 30/154/304 24/52/305
f 45/241/306 75/242/307 164/243/308
f 46/244/309 37/245/310 21/246/311
f 21/247/312 37/248/313 175/249/314
f 177/250/315 108/251/316 113/252/317
f 483/253/318 496/254/319 167/255/320 3/256/321
f 419/257/322 158/258/323 422/259/324
f 128/260/325 84/261/326 176/262/327
f 46/263/328 102/264/329 28/265/330
f 405/266/331 12/13/332 423/267/333
f 495/268/334 486/269/335 140/270/336 161/271/337
f 138/272/338 139/273/339 7/161/340
f 97/274/341 149/275/342 145/188/343
f 47/56/344 34/157/345 27/276/346
f 178/277/347 54/62/348 55/278/349
f 143/184/350 43/210/351 100/185/352
f 176/61/353 84/279/354 168/280/355
f 48/281/356 80/282/357 81/283/358
f 140/284/359 141/285/360 148/286/361
f 30/154/362 23/287/363 24/52/364
f 86/288/365 83/129/366 16/128/367
f 36/289/368 57/159/369 4/158/370
f 63/290/371 56/291/372 21/292/373
f 38/86/374 13/293/375 28/294/376
f 108/132/377 116/295/378 59/133/379
f 5/155/380 109/296/381 173/297/382
f 83/216/383 89/93/384 36/289/385
f 182/298/386 392/299/387 168/300/388 82/301/389
f 182/298/390 82/301/391 394/302/392
f 123/82/393 112/303/394 80/304/395
f 8/197/396 38/305/397 153/306/398
f 113/252/399 108/251/400 10/307/401
f 55/308/402 98/39/403 61/38/404
f 91/309/405 111/310/406 17/77/407
f 159/311/408 72/312/409 59/313/410
f 491/314/411 499/315/412 40/316/413
f 105/83/414 10/317/415 123/82/416
f 120/318/417 116/319/418 177/320/419
f 106/55/420 92/321/421 78/53/422
f 427/322/423 107/323/424 426/324/425
f 70/92/426 52/94/427 156/325/428
f 52/94/429 62/326/430 77/327/431
f 154/328/432 53/329/433 9/330/434
f 558/331/435 498/332/436 130/333/437
f 63/334/438 14/335/439 56/336/440
f 77/327/441 62/326/442 64/337/443
f 88/338/444 73/206/445 172/339/446
f 117/340/447 106/341/448 124/342/449
f 13/343/450 101/344/451 152/345/452
f 399/26/453 434/346/454 132/347/455 60/27/456
f 129/348/457 64/349/458 97/350/459
f 53/351/460 171/352/461 180/353/462
f 128/354/463 176/61/464 76/355/465
f 114/356/466 17/357/467 111/358/468
f 421/359/469 432/360/470 9/361/471
f 170/362/472 87/151/473 137/34/474
f 170/363/475 137/364/476 88/365/477
f 94/366/478 103/58/479 134/57/480
f 47/56/481 103/58/482 109/296/483
f 47/56/484 109/296/485 34/157/486
f 413/367/487 412/368/488 117/369/489
f 393/370/490 389/371/491 125/372/492
f 150/373/493 107/374/494 22/190/495
f 12/375/496 90/376/497 139/377/498
f 99/378/499 51/379/500 180/380/501
f 180/353/502 51/237/503 150/193/504
f 89/93/505 57/159/506 36/289/507
f 106/381/508 132/382/509 173/383/510
f 129/384/511 19/385/512 128/386/513
f 129/387/514 146/388/515 19/187/516
f 46/389/517 68/390/518 37/221/519
f 408/391/520 15/392/521 410/393/522
f 173/297/523 132/347/524 135/194/525
f 68/390/526 152/394/527 142/395/528
f 387/396/529 397/397/530 114/74/531
f 489/398/532 484/399/533 167/400/534
f 484/401/535 490/402/536 49/403/537 167/404/538
f 44/124/539 42/405/540 166/122/541
f 14/406/542 160/125/543 27/407/544
f 379/408/545 383/409/546 130/410/547 122/70/548
f 101/411/549 178/412/550 55/413/551
f 5/155/552 173/297/553 66/192/554
f 158/258/555 98/14/556 169/414/557
f 72/312/558 162/415/559 59/313/560
f 175/226/561 87/416/562 33/224/563
f 392/299/564 396/417/565 168/300/566
f 56/418/567 102/419/568 46/420/569
f 102/421/570 56/422/571 171/423/572
f 14/424/573 171/425/574 56/426/575
f 144/99/576 160/125/577 119/100/578
f 160/125/579 166/122/580 119/100/581
f 2/66/582 23/65/583 165/427/584
f 556/428/585 558/429/586 130/410/587 383/409/588
f 34/157/589 99/156/590 27/276/591
f 159/311/592 115/430/593 163/140/594
f 59/431/595 115/432/596 159/433/597
f 68/434/598 28/435/599 152/106/600
f 100/185/601 43/210/602 174/212/603
f 91/309/604 100/185/605 174/212/606
f 32/204/607 70/92/608 157/436/609
f 29/208/610 156/325/611 126/209/612
f 87/437/613 3/438/614 33/439/615
f 43/210/616 143/184/617 42/239/618
f 133/88/619 26/217/620 25/105/621
f 508/440/622 503/441/623 157/442/624
f 29/208/625 155/443/626 156/325/627
f 145/188/628 149/275/629 113/181/630
f 153/444/631 38/445/632 28/446/633
f 153/447/634 28/448/635 154/449/636
f 390/450/637 378/451/638 179/44/639 50/46/640
f 373/452/641 50/46/642 374/453/643
f 101/411/644 38/86/645 131/85/646
f 39/5/647 136/454/648 144/99/649
f 60/27/650 132/347/651 106/455/652
f 117/456/653 60/27/654 106/455/655
f 30/457/656 61/458/657 93/459/658
f 189/460/659 380/461/660 118/462/661
f 137/34/662 2/66/663 88/207/664
f 125/463/665 103/464/666 94/465/667
f 16/87/668 67/29/669 120/28/670
f 84/279/671 82/466/672 168/280/673
f 82/466/674 84/279/675 19/467/676
f 97/274/677 145/188/678 146/388/679
f 146/388/680 129/387/681 97/274/682
f 54/468/683 178/469/684 90/470/685
f 35/71/686 122/70/687 31/471/688
f 142/395/689 152/394/690 23/472/691
f 23/472/692 152/394/693 24/473/694
f 412/474/695 401/475/696 60/476/696 117/477/697
f 397/478/698 393/479/699 125/480/700 114/481/701
f 85/482/702 73/483/703 4/484/704
f 88/485/705 4/158/706 73/206/707
f 106/455/708 173/297/709 109/296/710
f 34/157/711 109/296/712 5/155/713
f 116/68/714 121/67/715 115/430/716
f 33/224/717 49/486/718 147/487/719
f 33/224/720 104/488/721 49/486/722
f 375/489/723 92/490/724 186/491/725
f 171/492/726 53/493/727 154/328/728
f 1/186/729 145/188/730 105/182/731
f 33/494/732 63/495/733 21/496/734
f 142/36/735 23/65/736 137/34/737
f 68/497/738 46/498/739 28/499/740
f 91/500/741 118/501/742 111/502/743
f 414/503/744 420/21/745 95/20/746 135/194/747
f 136/79/748 27/276/749 160/504/750
f 160/125/751 14/406/752 6/123/753
f 26/217/754 4/158/755 151/167/756
f 99/156/757 14/173/758 27/276/759
f 14/406/760 99/505/761 96/506/762
f 372/507/763 189/508/764 118/509/765
f 120/510/766 11/511/767 121/512/768
f 115/513/769 59/514/770 116/515/771
f 163/140/772 93/139/773 69/516/774
f 98/14/775 163/140/776 69/516/777
f 25/517/778 151/518/779 165/519/780
f 165/153/781 151/167/782 2/66/783
f 17/520/784 136/521/785 39/522/786
f 515/523/787 18/211/788 481/524/789
f 165/525/790 23/526/791 30/527/792
f 188/528/793 78/529/794 376/530/795
f 154/328/796 9/531/797 7/161/798
f 429/532/799 428/533/800 139/534/801
f 180/353/802 171/352/803 96/535/804
f 20/536/805 93/537/806 11/538/807
f 86/539/808 16/87/809 149/275/810
f 101/540/811 55/541/812 24/542/813
f 26/217/814 151/167/815 25/105/816
f 36/543/817 26/544/818 83/545/819
f 491/546/820 40/547/821 511/548/822
f 31/549/823 122/550/824 130/551/825
f 176/61/826 41/150/827 65/69/828
f 128/354/829 19/467/830 84/279/831
f 100/185/832 91/309/833 17/77/834
f 102/552/835 171/553/836 154/554/837
f 86/539/838 97/274/839 64/337/840
f 149/275/841 97/274/842 86/539/843
f 114/74/844 111/555/845 110/556/846
f 82/557/847 1/558/848 127/559/849
f 160/125/850 144/99/851 136/454/852
f 76/560/853 126/209/854 77/327/855
f 65/561/856 126/562/857 76/563/858
f 35/71/859 126/564/860 65/69/861
f 147/565/862 49/566/863 74/567/864
f 15/568/865 71/233/866 162/415/867
f 156/325/868 52/94/869 77/327/870
f 32/204/871 89/93/872 70/92/873
f 478/569/874 508/570/875 157/571/876
f 93/139/877 61/51/878 69/516/879
f 170/572/880 88/573/881 172/574/882
f 434/346/883 414/503/884 135/194/885 132/347/886
f 63/575/887 33/224/888 147/487/889
f 147/576/890 44/577/891 63/578/892
f 178/579/893 7/161/894 139/273/895
f 178/412/896 131/580/897 7/581/898
f 8/582/899 7/583/900 131/584/901
f 37/585/902 68/586/903 142/36/904
f 102/587/905 154/588/906 28/499/907
f 65/69/908 41/150/909 122/70/910
f 83/216/911 52/94/912 89/93/913
f 83/216/914 62/326/915 52/94/916
f 501/589/917 493/3/918 29/2/919 31/12/920
f 428/590/921 402/591/922 139/592/923
f 101/593/924 131/594/925 178/595/926
f 64/337/927 76/560/928 77/327/929
f 53/329/930 22/596/931 9/330/932
f 45/241/933 164/243/934 42/597/935
f 42/405/936 44/124/937 45/598/938
f 167/599/939 49/600/940 104/601/941
f 134/602/942 114/74/943 94/73/944
f 109/296/945 103/58/946 106/455/947
f 106/603/948 103/604/949 92/605/950
f 127/606/951 1/607/952 105/608/953
f 82/466/954 19/467/955 1/609/956
f 76/355/957 176/61/958 65/69/959
f 44/124/960 147/610/961 45/598/962
f 45/241/963 147/565/964 74/567/965
f 74/567/966 75/242/967 45/241/968
f 62/326/969 83/216/970 86/539/971
f 86/539/972 64/337/973 62/326/974
f 126/209/975 156/325/976 77/327/977
f 150/193/978 51/237/979 66/192/980
f 180/611/981 150/612/982 22/190/983
f 419/613/984 398/614/985 158/615/986
f 398/614/987 411/616/988 159/617/989 158/615/990
f 96/535/991 171/352/992 14/173/993
f 81/618/994 179/619/995 48/620/996
f 74/621/997 49/622/998 75/242/999
f 136/79/1000 47/56/1001 27/276/1002
f 115/623/1003 121/624/1004 163/625/1005
f 123/82/1006 80/304/1007 48/626/1008
f 99/156/1009 180/353/1010 96/535/1011
f 26/217/1012 36/289/1013 4/158/1014
f 71/233/1015 15/568/1016 112/234/1017
f 177/627/1018 16/628/1019 120/629/1020
f 149/630/1021 16/628/1022 177/627/1023
f 418/631/1024 400/632/1025 15/568/1026 162/415/1027
f 410/633/1028 15/568/1029 400/632/1030
f 514/634/1031 506/635/1032 58/636/1033 32/637/1034
f 129/387/1035 128/638/1036 76/560/1037
f 64/337/1038 129/387/1039 76/560/1040
f 112/234/1041 15/568/1042 80/639/1043
f 79/640/1044 172/641/1045 73/642/1046
f 141/643/1047 170/644/1048 148/645/1049
f 172/646/1050 148/647/1051 170/648/1052
f 18/211/1053 43/210/1054 42/239/1055
f 169/414/1056 98/14/1057 12/13/1058
f 145/188/1059 113/181/1060 105/182/1061
f 475/649/1062 384/650/1063 476/651/1064
f 127/606/1065 48/620/1066 179/619/1067
f 79/652/1068 148/653/1069 172/654/1070
f 145/188/1071 19/187/1072 146/388/1073
f 173/297/1074 135/194/1075 66/192/1076
f 373/655/1077 181/656/1078 50/46/1079
f 98/14/1080 55/50/1081 54/657/1082
f 149/275/1083 177/121/1084 113/181/1085
f 119/100/1086 166/122/1087 143/98/1088
f 78/658/1089 188/659/1090 395/660/1091 124/661/1092
f 118/662/1093 391/663/1094 388/664/1095 111/665/1096
f 114/666/1097 110/667/1098 187/668/1099 387/669/1100
f 125/670/1101 389/671/1102 186/491/1103 92/490/1104
f 176/61/1105 185/60/1106 386/672/1107
f 176/673/1108 168/674/1109 396/675/1110 382/676/1111
f 118/677/1112 380/678/1113 391/679/1114
f 122/70/1115 41/150/1116 184/149/1117 379/408/1118
f 41/150/1119 176/61/1120 386/672/1121 377/680/1122
f 41/150/1123 377/680/1124 385/148/1125
f 92/681/1126 381/682/1127 376/683/1128 78/684/1129
f 81/685/1130 190/686/1131 374/687/1132 50/688/1133
f 425/689/1134 124/690/1135 477/691/1136
f 127/692/1137 183/693/1138 394/302/1139 82/301/1140
f 179/694/1141 378/695/1142 183/696/1143 127/697/1144
f 50/46/1145 181/656/1146 390/450/1147
f 81/698/1148 80/699/1149 384/700/1150 190/701/1151
f 111/555/1152 388/702/1153 371/703/1154 110/556/1155
f 110/704/1156 371/705/1157 187/706/1158
f 544/707/1159 532/708/1160 219/709/1161
f 544/707/1162 219/709/1163 549/710/1164
f 229/711/1165 207/712/1166 290/713/1167
f 201/714/1168 210/715/1169 257/716/1170
f 225/717/1171 219/709/1172 221/718/1173
f 202/719/1174 280/720/1175 288/721/1176
f 193/722/1177 294/723/1178 357/724/1179
f 453/725/1180 458/726/1181 285/727/1182
f 343/728/1183 197/729/1184 344/730/1185
f 472/731/1186 250/732/1186 436/733/1187
f 310/734/1188 201/735/1189 257/736/1190
f 280/737/1191 329/738/1192 368/739/1193
f 327/740/1194 332/741/1195 227/742/1196
f 438/743/1197 250/732/1197 472/731/1198
f 251/744/1199 259/745/1200 288/746/1201
f 203/747/1202 291/748/1203 228/749/1204
f 369/750/1205 240/751/1206 271/752/1207
f 294/753/1208 193/754/1209 223/755/1210
f 245/756/1211 214/757/1212 251/758/1213
f 268/759/1214 296/760/1215 314/761/1216
f 237/762/1217 293/763/1218 324/764/1219
f 382/59/1220 366/765/1221 185/60/1222
f 244/766/1223 288/767/1224 280/768/1225
f 327/740/1226 192/769/1227 213/770/1228
f 310/734/1229 306/771/1230 311/772/1231
f 255/773/1232 225/774/1233 312/775/1234
f 315/776/1235 304/777/1236 284/778/1237
f 324/779/1238 304/777/1239 207/780/1240
f 207/781/1241 326/782/1242 324/783/1243
f 238/784/1244 313/785/1245 317/786/1246
f 313/785/1247 295/787/1248 317/786/1249
f 198/788/1250 228/789/1251 321/790/1252
f 257/736/1253 323/791/1254 206/792/1255
f 243/793/1256 212/794/1257 370/795/1258
f 260/796/1259 242/797/1260 279/798/1261
f 331/799/1262 360/800/1263 193/801/1264
f 333/802/1265 309/803/1266 334/804/1267
f 334/804/1268 229/711/1269 333/802/1270
f 222/805/1271 279/806/1272 263/807/1273
f 210/808/1274 215/809/1275 257/736/1276
f 342/810/1277 203/811/1278 218/812/1279
f 293/813/1280 282/814/1281 315/776/1282
f 347/815/1283 345/816/1284 260/817/1285
f 346/818/1286 260/819/1287 345/820/1288
f 253/821/1289 196/822/1290 234/823/1291
f 306/771/1292 367/824/1293 298/825/1294
f 356/826/1295 234/827/1296 196/828/1297
f 356/826/1298 196/828/1299 350/829/1300
f 200/830/1301 313/831/1302 298/825/1303
f 206/832/1304 323/833/1305 273/834/1306
f 261/835/1307 249/836/1308 298/837/1309
f 349/838/1310 348/839/1311 353/840/1312
f 193/801/1313 360/800/1314 277/841/1315
f 311/842/1316 353/843/1317 283/844/1318
f 351/845/1319 338/846/1320 330/847/1321
f 230/848/1322 269/849/1323 351/850/1324
f 351/845/1325 269/851/1326 338/846/1327
f 385/148/1328 231/852/1329 184/149/1330
f 327/740/1331 227/742/1332 277/853/1333
f 210/854/1334 220/855/1335 355/856/1336
f 210/854/1337 355/856/1338 215/809/1339
f 195/857/1340 224/858/1341 289/859/1342
f 194/860/1343 275/861/1344 247/862/1345
f 220/855/1346 210/854/1347 283/844/1348
f 197/863/1349 328/864/1350 199/865/1351
f 211/866/1352 236/867/1353 246/868/1354
f 341/869/1355 192/769/1356 194/860/1357
f 340/870/1358 297/871/1359 285/872/1360
f 253/873/1361 204/874/1362 196/875/1363
f 222/876/1364 230/877/1365 248/878/1366
f 550/879/1367 549/880/1368 219/881/1369 345/882/1370
f 303/883/1371 295/884/1372 200/830/1373
f 324/783/1374 326/782/1375 237/762/1376
f 229/885/1377 290/886/1378 333/887/1379
f 191/888/1380 335/889/1381 209/890/1382
f 441/891/1383 462/892/1384 212/893/1385
f 256/894/1386 340/895/1387 285/727/1388
f 325/896/1389 256/894/1390 285/727/1391
f 343/897/1392 198/898/1393 197/899/1394
f 323/900/1395 257/901/1396 215/902/1397
f 263/903/1398 269/904/1399 222/905/1400
f 222/906/1401 269/851/1402 230/907/1403
f 247/862/1404 263/908/1405 279/798/1406
f 278/909/1407 194/860/1408 192/769/1409
f 219/910/1410 225/717/1411 316/911/1412
f 233/912/1413 364/913/1414 208/914/1415
f 249/915/1416 261/916/1417 352/917/1418
f 323/791/1419 216/918/1420 273/919/1421
f 283/920/1422 201/921/1423 311/922/1424
f 227/923/1425 365/924/1426 277/925/1427
f 223/926/1428 365/927/1429 211/928/1430
f 291/929/1431 342/930/1432 214/931/1433
f 517/932/1434 535/933/1435 357/934/1436
f 298/825/1437 302/935/1438 261/936/1439
f 313/831/1440 302/935/1441 298/825/1442
f 375/235/1443 282/814/1444 381/236/1445
f 256/894/1446 195/857/1447 289/859/1448
f 241/937/1449 256/894/1450 289/859/1451
f 288/938/1452 353/840/1453 348/839/1454
f 275/861/1455 263/908/1456 247/862/1457
f 232/939/1458 356/940/1459 333/887/1460
f 251/758/1461 214/757/1462 220/855/1463
f 235/941/1464 354/942/1465 265/943/1466
f 236/944/1467 211/945/1468 227/946/1469
f 211/947/1470 365/948/1471 227/949/1472
f 367/950/1473 303/951/1474 298/952/1475
f 535/953/1476 521/954/1477 193/955/1478 357/956/1479
f 457/957/1480 460/958/1481 348/959/1482
f 318/960/1483 366/961/1484 274/962/1485
f 236/963/1486 218/964/1487 292/965/1488
f 442/966/1489 461/967/1490 202/719/1491
f 525/968/1492 534/969/1493 351/970/1494 330/971/1495
f 328/972/1496 197/863/1497 329/973/1498
f 287/974/1499 335/889/1500 339/975/1501
f 237/762/1502 217/976/1503 224/858/1504
f 368/977/1505 245/978/1506 244/766/1507
f 333/887/1508 290/886/1509 233/912/1510
f 366/765/1511 358/979/1512 274/980/1513
f 238/981/1514 271/982/1515 270/983/1516
f 330/984/1517 338/985/1518 331/986/1519
f 220/855/1520 214/757/1521 213/987/1522
f 276/988/1523 206/832/1524 273/834/1525
f 226/989/1526 194/860/1527 247/862/1528
f 253/990/1529 211/991/1530 246/992/1531
f 228/789/1532 218/993/1533 203/994/1534
f 298/837/1535 249/836/1536 306/995/1537
f 195/857/1538 363/996/1539 299/997/1540
f 273/919/1541 226/989/1542 279/798/1543
f 182/298/1544 272/998/1545 358/999/1546 392/299/1547
f 182/298/1548 394/302/1549 272/998/1550
f 313/785/1551 270/1000/1552 302/1001/1553
f 198/898/1554 343/1002/1555 228/1003/1556
f 303/951/1557 200/1004/1558 298/952/1559
f 245/1005/1560 251/744/1561 288/746/1562
f 281/1006/1563 207/781/1564 301/1007/1565
f 349/1008/1566 249/1009/1567 262/1010/1568
f 530/1011/1569 230/1012/1570 538/1013/1571
f 295/787/1572 313/785/1573 200/1014/1574
f 310/1015/1575 367/1016/1576 306/1017/1577
f 296/760/1578 268/759/1579 282/1018/1580
f 466/1019/1581 464/1020/1582 297/1021/1583
f 260/796/1584 346/1022/1585 242/797/1586
f 242/797/1587 267/1023/1588 252/1024/1589
f 344/1025/1590 199/1026/1591 243/1027/1592
f 523/1028/1593 320/1029/1594 537/1030/1595
f 253/1031/1596 246/1032/1597 204/1033/1598
f 267/1023/1599 254/1034/1600 252/1024/1601
f 278/1035/1602 362/1036/1603 263/908/1604
f 307/1037/1605 314/1038/1606 296/1039/1607
f 203/1040/1608 342/1041/1609 291/1042/1610
f 473/1043/1611 436/733/1612 250/732/1612 322/1044/1613
f 319/1045/1614 287/1046/1615 254/1047/1616
f 243/1048/1617 370/1049/1618 361/1050/1619
f 318/1051/1620 266/1052/1621 366/765/1622
f 304/1053/1623 301/1054/1624 207/1055/1625
f 459/1056/1626 199/1057/1627 471/1058/1628
f 360/1059/1629 327/740/1630 277/853/1631
f 360/1060/1632 278/1061/1633 327/1062/1634
f 284/1063/1635 324/764/1636 293/763/1637
f 237/762/1638 299/997/1639 293/763/1640
f 237/762/1641 224/858/1642 299/997/1643
f 450/1064/1644 307/1065/1645 449/1066/1646
f 393/370/1647 315/1067/1648 389/371/1649
f 340/1068/1650 212/893/1651 297/1069/1652
f 202/1070/1653 329/1071/1654 280/1072/1655
f 289/1073/1656 370/1074/1657 241/1075/1658
f 370/1049/1659 340/895/1660 241/937/1661
f 279/798/1662 226/989/1663 247/862/1664
f 296/1076/1665 363/1077/1666 322/1078/1667
f 319/1079/1668 318/1080/1669 209/1081/1670
f 319/1082/1671 209/890/1672 336/1083/1673
f 236/1084/1674 227/923/1675 258/1085/1676
f 445/1086/1677 447/1087/1678 205/1088/1679
f 363/996/1680 325/896/1681 322/1044/1682
f 258/1085/1683 332/1089/1684 342/1090/1685
f 387/396/1686 304/777/1687 397/397/1688
f 528/1091/1689 357/1092/1690 522/1093/1691
f 529/1094/1692 522/1095/1693 357/1096/1694 239/1097/1695
f 234/827/1696 356/826/1697 232/1098/1698
f 204/1099/1699 217/1100/1700 350/829/1701
f 379/408/1702 312/775/1703 320/1101/1704 383/409/1705
f 291/1102/1706 245/1103/1707 368/1104/1708
f 195/857/1709 256/894/1710 363/996/1711
f 348/959/1712 359/1105/1713 288/721/1714
f 262/1010/1715 249/1009/1716 352/1106/1717
f 365/927/1718 223/926/1719 277/1107/1720
f 392/299/1721 358/999/1722 396/417/1723
f 246/1108/1724 236/1109/1725 292/1110/1726
f 292/1111/1727 361/1112/1728 246/1113/1729
f 204/1114/1730 246/1115/1731 361/1116/1732
f 334/804/1733 309/803/1734 350/829/1735
f 350/829/1736 309/803/1737 356/826/1738
f 192/769/1739 355/1117/1740 213/770/1741
f 523/1118/1742 556/428/1743 383/409/1744 320/1101/1745
f 224/858/1746 217/976/1747 289/859/1748
f 349/1008/1749 353/843/1750 305/1119/1751
f 249/1120/1752 349/1121/1753 305/1122/1754
f 258/1123/1755 342/810/1756 218/1124/1757
f 290/886/1758 364/913/1759 233/912/1760
f 281/1006/1761 364/913/1762 290/886/1763
f 222/906/1764 347/1125/1765 260/796/1766
f 219/910/1767 316/911/1768 346/1022/1769
f 277/1126/1770 223/1127/1771 193/1128/1772
f 233/912/1773 232/939/1774 333/887/1775
f 323/791/1776 215/809/1777 216/918/1778
f 548/1129/1779 347/1130/1780 542/1131/1781
f 219/910/1782 346/1022/1783 345/1132/1784
f 335/889/1785 303/883/1786 339/975/1787
f 343/1133/1788 218/1134/1789 228/1135/1790
f 343/1136/1791 344/1137/1792 218/1138/1793
f 390/450/1794 240/751/1795 369/750/1796 378/451/1797
f 373/452/1798 374/453/1799 240/751/1800
f 291/1102/1801 321/790/1802 228/789/1803
f 229/711/1804 334/804/1805 326/1139/1806
f 250/732/1807 296/1140/1808 322/1044/1809
f 307/1141/1810 296/1140/1811 250/732/1812
f 220/1142/1813 283/1143/1814 251/1144/1815
f 189/460/1816 308/1145/1817 380/461/1818
f 327/740/1819 278/909/1820 192/769/1821
f 315/1146/1822 284/1147/1823 293/1148/1824
f 206/792/1825 310/734/1826 257/736/1827
f 274/980/1828 358/979/1829 272/1149/1830
f 272/1149/1831 209/1150/1832 274/980/1833
f 287/974/1834 336/1083/1835 335/889/1836
f 336/1083/1837 287/974/1838 319/1082/1839
f 244/1151/1840 280/1152/1841 368/1153/1842
f 225/774/1843 221/1154/1844 312/775/1845
f 332/1089/1846 213/1155/1847 342/1090/1848
f 213/1155/1849 214/1156/1850 342/1090/1851
f 438/1157/1852 449/1158/1853 307/1159/1854 250/1160/1855
f 397/478/1856 304/1161/1857 315/1162/1858 393/479/1859
f 275/1163/1860 194/1164/1861 263/1165/1862
f 278/1166/1863 263/908/1864 194/860/1865
f 296/1140/1866 299/997/1867 363/996/1868
f 224/858/1869 195/857/1870 299/997/1871
f 306/771/1872 305/1119/1873 311/772/1874
f 223/926/1875 337/1167/1876 239/1168/1877
f 223/926/1878 239/1168/1879 294/1169/1880
f 375/489/1881 186/491/1882 282/1170/1883
f 361/1171/1884 344/1025/1885 243/1172/1886
f 191/888/1887 295/884/1888 335/889/1889
f 223/1173/1890 211/1174/1891 253/1175/1892
f 332/741/1893 327/740/1894 213/770/1895
f 258/1176/1896 218/1177/1897 236/1178/1898
f 281/1179/1899 301/1180/1900 308/1181/1901
f 458/726/1902 451/1182/1903 325/896/1904 285/727/1905
f 326/782/1906 350/1183/1907 217/976/1908
f 350/829/1909 196/828/1910 204/1099/1911
f 216/918/1912 341/869/1913 194/860/1914
f 289/859/1915 217/976/1916 204/874/1917
f 204/1099/1918 286/1184/1919 289/1185/1920
f 372/507/1921 308/1186/1922 189/508/1923
f 310/1187/1924 311/1188/1925 201/1189/1926
f 305/1190/1927 306/1191/1928 249/1192/1929
f 353/843/1930 259/1193/1931 283/844/1932
f 288/721/1933 259/1193/1934 353/843/1935
f 215/1194/1936 355/1195/1937 341/1196/1938
f 355/856/1939 192/769/1940 341/869/1941
f 207/1197/1942 229/1198/1943 326/1199/1944
f 555/1200/1945 519/1201/1946 208/914/1947
f 355/1202/1948 220/1203/1949 213/1204/1950
f 188/528/1951 376/530/1952 268/1205/1953
f 344/1025/1954 197/863/1955 199/1206/1956
f 468/1207/1957 329/1208/1958 467/1209/1959
f 370/1049/1960 286/1210/1961 361/1050/1962
f 210/1211/1963 201/1212/1964 283/1213/1965
f 276/1214/1966 339/975/1967 206/792/1968
f 291/1215/1969 214/1216/1970 245/1217/1971
f 216/918/1972 215/809/1973 341/869/1974
f 226/1218/1975 273/1219/1976 216/1220/1977
f 530/1221/1978 551/1222/1979 230/1223/1980
f 221/1224/1981 320/1225/1982 312/1226/1983
f 366/765/1984 255/773/1985 231/852/1986
f 318/1051/1987 274/980/1988 209/1150/1989
f 290/886/1990 207/781/1991 281/1006/1992
f 292/1227/1993 344/1228/1994 361/1229/1995
f 276/1214/1996 254/1034/1997 287/974/1998
f 339/975/1999 276/1214/2000 287/974/2001
f 304/777/2002 300/1230/2003 301/1231/2004
f 272/1232/2005 317/1233/2006 191/1234/2007
f 350/829/2008 326/1139/2009 334/804/2010
f 266/1235/2011 267/1023/2012 316/911/2013
f 255/1236/2014 266/1237/2015 316/1238/2016
f 225/774/2017 255/773/2018 316/1239/2019
f 337/1240/2020 264/1241/2021 239/1242/2022
f 205/1243/2023 352/1106/2024 261/936/2025
f 346/1022/2026 267/1023/2027 242/797/2028
f 222/906/2029 260/796/2030 279/798/2031
f 516/1244/2032 347/1245/2033 548/1246/2034
f 283/844/2035 259/1193/2036 251/758/2037
f 360/1247/2038 362/1248/2039 278/1249/2040
f 451/1182/2041 473/1043/2042 322/1044/2043 325/896/2044
f 253/1250/2045 337/1167/2046 223/926/2047
f 337/1251/2048 253/1252/2049 234/1253/2050
f 368/1254/2051 329/973/2052 197/863/2053
f 368/1104/2054 197/1255/2055 321/1256/2056
f 198/1257/2057 321/1258/2058 197/1259/2059
f 227/1260/2060 332/741/2061 258/1261/2062
f 292/1262/2063 218/1177/2064 344/1263/2065
f 255/773/2066 312/775/2067 231/852/2068
f 273/919/2069 279/798/2070 242/797/2071
f 273/919/2072 242/797/2073 252/1024/2074
f 532/708/2075 540/1264/2076 221/718/2077 219/709/2078
f 467/1265/2079 329/1266/2080 439/1267/2081
f 291/1268/2082 368/1269/2083 321/1270/2084
f 254/1034/2085 267/1023/2086 266/1235/2087
f 243/1027/2088 199/1026/2089 212/1271/2090
f 235/941/2091 232/1272/2092 354/942/2093
f 232/1098/2094 235/1273/2095 234/827/2096
f 357/1274/2097 294/1275/2098 239/1276/2099
f 324/1277/2100 284/778/2101 304/777/2102
f 299/997/2103 296/1140/2104 293/763/2105
f 296/1278/2106 282/1279/2107 293/1280/2108
f 317/1281/2109 295/1282/2110 191/1283/2111
f 272/1149/2112 191/1284/2113 209/1150/2114
f 266/1052/2115 255/773/2116 366/765/2117
f 234/827/2118 235/1273/2119 337/1285/2120
f 235/941/2121 264/1241/2122 337/1240/2123
f 264/1241/2124 235/941/2125 265/943/2126
f 252/1024/2127 276/1214/2128 273/919/2129
f 276/1214/2130 252/1024/2131 254/1034/2132
f 316/911/2133 267/1023/2134 346/1022/2135
f 340/895/2136 256/894/2137 241/937/2138
f 370/1286/2139 212/893/2140 340/1287/2141
f 457/1288/2142 348/1289/2143 435/1290/2144
f 448/1291/2145 435/1290/2146 348/1289/2147 349/1292/2148
f 286/1210/2149 204/874/2150 361/1050/2151
f 271/1293/2152 238/1294/2153 369/1295/2154
f 264/1296/2155 265/943/2156 239/1297/2157
f 326/782/2158 217/976/2159 237/762/2160
f 305/1298/2161 353/1299/2162 311/1300/2163
f 313/785/2164 238/1301/2165 270/1000/2166
f 289/859/2167 286/1210/2168 370/1049/2169
f 216/918/2170 194/860/2171 226/989/2172
f 261/936/2173 302/935/2174 205/1243/2175
f 367/1302/2176 310/1303/2177 206/1304/2178
f 339/1305/2179 367/1302/2180 206/1304/2181
f 437/1306/2182 455/1307/2183 352/1106/2184 205/1243/2185
f 447/1308/2186 437/1306/2187 205/1243/2188
f 545/1309/2189 554/1310/2190 222/1311/2191 248/1312/2192
f 319/1082/2193 266/1235/2194 318/1313/2195
f 254/1034/2196 266/1235/2197 319/1082/2198
f 302/935/2199 270/1314/2200 205/1243/2201
f 269/1315/2202 263/1316/2203 362/1317/2204
f 331/1318/2205 338/1319/2206 360/1320/2207
f 362/1321/2208 360/1322/2209 338/1323/2210
f 208/914/2211 232/939/2212 233/912/2213
f 359/1105/2214 202/719/2215 288/721/2216
f 335/889/2217 295/884/2218 303/883/2219
f 475/649/2220 456/1324/2221 384/650/2222
f 317/1281/2223 369/1295/2224 238/1294/2225
f 269/1325/2226 362/1326/2227 338/1327/2228
f 335/889/2229 336/1083/2230 209/890/2231
f 363/996/2232 256/894/2233 325/896/2234
f 373/655/2235 240/751/2236 181/656/2237
f 288/721/2238 244/1328/2239 245/756/2240
f 339/975/2241 303/883/2242 367/824/2243
f 309/803/2244 333/802/2245 356/826/2246
f 268/1329/2247 314/1330/2248 395/660/2249 188/659/2250
f 308/1331/2251 301/1332/2252 388/664/2253 391/663/2254
f 304/1333/2255 387/669/2256 187/668/2257 300/1334/2258
f 315/1335/2259 282/1170/2260 186/491/2261 389/671/2262
f 366/765/2263 386/672/2264 185/60/2265
f 366/1336/2266 382/676/2267 396/675/2268 358/1337/2269
f 308/1338/2270 391/679/2271 380/678/2272
f 312/775/2273 379/408/2274 184/149/2275 231/852/2276
f 231/852/2277 377/680/2278 386/672/2279 366/765/2280
f 231/852/2281 385/148/2282 377/680/2283
f 282/1339/2284 268/1340/2285 376/683/2286 381/682/2287
f 271/1341/2288 240/1342/2289 374/687/2290 190/686/2291
f 463/1343/2292 465/1344/2293 314/1345/2294
f 317/1346/2295 272/998/2296 394/302/2297 183/693/2298
f 369/1347/2299 317/1348/2300 183/696/2301 378/695/2302
f 240/751/2303 390/450/2304 181/656/2305
f 271/1349/2306 190/701/2307 384/700/2308 270/1350/2309
f 301/1231/2310 300/1230/2311 371/703/2312 388/702/2313
f 300/1351/2314 187/706/2315 371/705/2316
f 124/690/2317 395/1352/2318 474/1353/2319 477/691/2320
f 328/1354/2321 469/1355/2322 471/1356/2323 199/1357/2324
f 329/1266/2325 468/1358/2326 469/1359/2327 328/1360/2328
f 314/1345/2329 465/1344/2330 474/1353/2331 395/1352/2332
f 297/1361/2333 212/1271/2334 462/1362/2335 466/1363/2336
f 270/1364/2337 384/1365/2338 456/1366/2339 470/1367/2340
f 352/1106/2341 455/1307/2342 454/1368/2343
f 297/1069/2344 464/1369/2345 452/1370/2346
f 297/1069/2347 452/1370/2348 453/1371/2349 285/1372/2350
f 314/1373/2351 307/1374/2352 450/1375/2353 463/1376/2354
f 205/1243/2355 270/1314/2356 470/1377/2357 446/1378/2358
f 205/1243/2359 444/1379/2360 445/1380/2361
f 205/1381/2362 446/1382/2363 444/1383/2364
f 349/1384/2365 262/1385/2366 443/1386/2367 448/1387/2368
f 352/1106/2369 454/1368/2370 443/1388/2371 262/1010/2372
f 212/893/2373 199/1389/2374 459/1390/2375 441/891/2376
f 359/1105/2377 440/1391/2378 442/966/2379 202/719/2380
f 359/1105/2381 348/959/2382 460/1392/2383 440/1391/2384
f 329/1393/2385 202/719/2386 461/967/2387 439/1394/2388
f 80/1395/2389 431/1396/2390 476/1397/2391 384/1365/2392
f 138/1398/2393 9/1399/2394 432/1400/2395 430/1401/2396
f 139/592/2397 138/1402/2398 430/1403/2399 429/1404/2400
f 107/1405/2401 427/1406/2402 424/1407/2403 22/596/2404
f 162/415/2405 417/1408/2406 418/631/2407
f 107/374/2408 415/1409/2409 426/1410/2410
f 107/374/2411 95/1411/2412 416/1412/2413 415/1409/2414
f 124/1413/2415 425/1414/2416 413/1415/2417 117/1416/2418
f 15/568/2419 409/1417/2420 431/1418/2421 80/639/2422
f 15/568/2423 408/1419/2424 407/1420/2425
f 15/1421/2426 407/1422/2427 409/1423/2428
f 159/1424/2429 411/1425/2430 406/1426/2431 72/1427/2432
f 162/415/2433 72/312/2434 406/1428/2435 417/1408/2436
f 22/190/2437 404/189/2438 421/1429/2439 9/1430/2440
f 169/414/2441 12/13/2442 405/266/2443 403/1431/2444
f 169/414/2445 403/1431/2446 422/1432/2447 158/258/2448
f 139/1433/2449 402/1434/2450 423/267/2451 12/13/2452
f 477/691/2453 474/1353/2454 465/1344/2455 463/1343/2456 450/1375/2457 449/1066/2458 438/1157/2459 472/731/2460 436/733/2461 473/1043/2462 451/1182/2463 458/726/2464 453/725/2465 452/1370/2466 464/1369/2467 466/1019/2468 462/1362/2469 441/891/2470 459/1390/2471 471/1058/2472 469/1355/2473 468/1358/2474 467/1209/2475 439/1267/2476 461/967/2477 442/966/2478 440/1391/2479 460/1392/2480 457/957/2481 435/1290/2482 448/1291/2483 443/1386/2484 454/1368/2485 455/1307/2486 437/1306/2487 447/1308/2488 445/1086/2489 444/1379/2490 446/1382/2491 470/1377/2492 456/1366/2493 475/649/2494 476/651/2495 431/1396/2496 409/1417/2497 407/1422/2498 408/1419/2499 410/393/2500 400/632/2501 418/631/2502 417/1408/2503 406/1428/2504 411/1425/2505 398/614/2506 419/613/2507 422/259/2508 403/1431/2509 405/266/2510 423/267/2511 402/1434/2512 428/590/2513 429/532/2514 430/1403/2515 432/1400/2516 421/359/2517 404/189/2518 424/191/2519 427/1406/2520 426/324/2521 415/1409/2522 416/1412/2523 420/21/2524 414/503/2525 434/346/2526 399/26/2527 433/25/2528 401/37/2529 412/474/2530 413/367/2531 425/1414/2532
f 118/509/2533 559/1435/2534 557/1436/2535 372/507/2536
f 232/939/2537 208/914/2538 552/1437/2539 553/1438/2540
f 308/1186/2541 372/507/2542 557/1436/2543 547/1439/2544
f 354/942/2545 232/939/2546 553/1438/2547 546/1440/2548
f 230/1012/2549 551/1441/2550 545/1442/2551 248/878/2552
f 347/1443/2553 222/1311/2554 554/1310/2555 542/1444/2556
f 354/1445/2557 546/1446/2558 539/1447/2559 265/1448/2560
f 351/1449/2561 543/1450/2562 538/1451/2563 230/1452/2564
f 351/1453/2565 534/1454/2566 543/1455/2567
f 331/1456/2568 533/1457/2569 531/1458/2570
f 364/913/2571 527/1459/2572 555/1200/2573 208/914/2574
f 364/913/2575 541/1460/2576 527/1459/2577
f 265/943/2578 539/1461/2579 526/1462/2580
f 239/1297/2581 265/943/2582 526/1462/2583 529/1463/2584
f 330/1464/2585 331/1465/2586 531/1466/2587 525/1467/2588
f 281/1006/2589 308/1468/2590 524/1469/2591 536/1470/2592
f 308/1468/2593 547/1471/2594 524/1469/2595
f 193/1472/2596 521/1473/2597 533/1474/2598 331/1475/2599
f 320/1476/2600 221/718/2601 540/1264/2602 520/1477/2603
f 320/1476/2604 520/1477/2605 537/1478/2606
f 208/914/2607 519/1201/2608 552/1437/2609
f 364/913/2610 281/1006/2611 518/1479/2612 541/1460/2613
f 281/1006/2614 536/1470/2615 518/1479/2616
f 357/1092/2617 528/1091/2618 517/1480/2619
f 347/1481/2620 516/1482/2621 550/1483/2622 345/1484/2623
f 42/239/2624 513/1485/2625 512/1486/2626 18/211/2627
f 164/243/2628 507/1487/2629 513/1485/2630 42/239/2631
f 40/316/2632 58/175/2633 506/1488/2634 511/1489/2635
f 157/1490/2636 503/1491/2637 514/634/2638 32/637/2639
f 164/1492/2640 75/1493/2641 500/1494/2642 507/1495/2643
f 161/1496/2644 40/1497/2645 499/1498/2646 504/1499/2647
f 161/1500/2648 504/1501/2649 495/1502/2650
f 141/1503/2651 492/1504/2652 494/1505/2653
f 174/212/2654 18/211/2655 515/523/2656 488/1506/2657
f 174/212/2658 488/1506/2659 502/1507/2660
f 75/242/2661 487/1508/2662 500/1509/2663
f 49/622/2664 490/1510/2665 487/1508/2666 75/242/2667
f 140/1511/2668 486/1512/2669 492/1513/2670 141/1514/2671
f 91/309/2672 497/1515/2673 485/1516/2674 118/1517/2675
f 118/1517/2676 485/1516/2677 559/1518/2678
f 3/1519/2679 141/1520/2680 494/1521/2681 483/1522/2682
f 130/1523/2683 482/1524/2684 501/589/2685 31/12/2686
f 130/1523/2687 498/1525/2688 482/1524/2689
f 18/211/2690 512/1486/2691 481/524/2692
f 174/212/2693 502/1507/2694 480/1526/2695 91/309/2696
f 91/309/2697 480/1526/2698 497/1515/2699
f 167/400/2700 479/1527/2701 489/398/2702
f 157/1528/2703 155/1529/2704 510/1530/2705 478/1531/2706
f 559/1518/2707 485/1516/2708 497/1515/2709 480/1526/2710 502/1507/2711 488/1506/2712 515/523/2713 481/524/2714 512/1486/2715 513/1485/2716 507/1487/2717 500/1494/2718 487/1508/2719 490/1510/2720 484/401/2721 489/398/2722 479/1527/2723 496/232/2724 483/253/2725 494/1521/2726 492/1504/2727 486/1512/2728 495/268/2729 504/1501/2730 499/1498/2731 491/314/2732 511/548/2733 506/1488/2734 514/634/2735 503/1491/2736 508/440/2737 478/569/2738 510/1530/2739 509/177/2740 505/1/2741 493/3/2742 501/589/2743 482/1524/2744 498/1525/2745 558/331/2746 556/428/2747 523/1118/2748 537/1030/2749 520/1477/2750 540/1264/2751 532/708/2752 544/707/2753 549/710/2754 550/879/2755 516/1482/2756 548/1246/2757 542/1131/2758 554/1310/2759 545/1309/2760 551/1441/2761 530/1221/2762 538/1013/2763 543/1450/2764 534/1454/2765 525/968/2766 531/1466/2767 533/1457/2768 521/1473/2769 535/953/2770 517/932/2771 528/1091/2772 522/1093/2773 529/1094/2773 526/1462/2774 539/1461/2775 546/1446/2776 553/1438/2777 552/1437/2778 519/1201/2779 555/1200/2780 527/1459/2781 541/1460/2782 518/1479/2783 536/1470/2784 524/1469/2785 547/1471/2786 557/1436/2787
