# Blender v2.79 (sub 0) OBJ File: 'redo_fixed_360_joints.blend'
# www.blender.org
mtllib sungaya_inexpectata_31mg.mtl
o 10-a5.000_Sungaya_inexpectata_31mg.080
v 0.000519 -0.000535 0.000223
v 0.000454 -0.000465 -0.000350
v 0.000667 -0.000261 -0.000204
v 0.000175 0.000132 0.000611
v 0.000654 -0.000366 0.000050
v 0.000196 -0.000128 0.000599
v 0.000228 -0.000424 -0.000529
v 0.000509 0.000028 -0.000525
v 0.000617 -0.000353 -0.000081
v 0.000645 -0.000277 -0.000017
v 0.000386 0.000417 -0.000486
v 0.000383 -0.000074 0.000516
v 0.000415 0.000448 0.000498
v 0.000447 -0.000570 0.000357
v 0.000541 -0.000183 -0.000486
v 0.000462 -0.000621 0.000289
v 0.000559 0.000427 -0.000358
v 0.000171 -0.000649 -0.000493
v 0.000413 0.000039 0.000505
v 0.000467 0.000376 0.000427
v 0.000556 0.000388 0.000321
v 0.000688 0.000027 0.000148
v 0.000053 -0.000456 -0.000522
v 0.000575 -0.000217 -0.000397
v 0.000633 -0.000043 -0.000383
v 0.000674 -0.000057 -0.000148
v 0.000534 -0.000207 0.000409
v 0.000527 -0.000655 -0.000089
v 0.000294 -0.000535 -0.000444
v 0.000537 -0.000545 -0.000241
v 0.000660 0.000601 0.000001
v 0.000680 -0.000131 0.000205
v 0.000250 0.000547 0.000603
v 0.000518 -0.000680 0.000189
v 0.000674 -0.000097 -0.000254
v 0.000465 0.000217 0.000444
v 0.000666 0.000049 -0.000022
v 0.000328 -0.000185 0.000529
v 0.000376 0.000163 0.000519
v 0.000317 -0.000065 -0.000595
v 0.000617 0.000073 0.000331
v 0.000452 -0.000206 0.000458
v 0.000191 -0.000533 0.000526
v 0.000486 -0.000234 -0.000481
v 0.000127 0.000515 0.000628
v 0.000657 0.000206 -0.000219
v 0.000657 -0.000134 -0.000026
v 0.000677 0.000422 0.000151
v 0.000050 -0.000446 0.000597
v 0.000055 0.000395 0.000628
v 0.000467 -0.000574 -0.000300
v 0.000686 0.000126 0.000195
v 0.000587 -0.000050 -0.000475
v 0.000543 -0.000414 0.000295
v 0.000570 -0.000437 -0.000276
v 0.000658 -0.000330 -0.000216
v 0.000288 -0.000366 0.000510
v 0.000272 0.000454 -0.000542
v 0.000275 0.000163 -0.000545
v 0.000593 -0.000191 0.000348
v 0.000264 -0.000069 -0.000624
v 0.000572 -0.000616 0.000116
v 0.000308 0.000268 -0.000526
v 0.000688 0.000070 0.000246
v 0.000284 -0.000021 0.000566
v 0.000430 0.000276 -0.000492
v 0.000653 0.000278 0.000233
v 0.000575 -0.000562 0.000047
v 0.000679 0.000094 0.000059
v 0.000569 0.000592 -0.000329
v 0.000248 0.000460 0.000596
v 0.000190 0.000300 -0.000550
v 0.000516 0.000601 -0.000417
v 0.000508 0.000529 0.000412
v 0.000480 0.000380 -0.000444
v 0.000621 0.000479 0.000239
v 0.000626 0.000600 0.000240
v 0.000294 -0.000254 -0.000570
v 0.000700 0.000209 0.000129
v 0.000291 0.000227 0.000565
v 0.000460 -0.000473 0.000409
v 0.000350 0.000528 0.000546
v 0.000132 0.000153 -0.000590
v 0.000463 -0.000393 -0.000400
v 0.000097 -0.000278 0.000626
v 0.000163 -0.000380 0.000583
v 0.000410 0.000328 0.000479
v 0.000602 0.000511 -0.000257
v 0.000599 -0.000512 0.000139
v 0.000329 -0.000565 0.000445
v 0.000678 -0.000213 0.000229
v 0.000664 0.000447 -0.000096
v 0.000633 0.000424 -0.000203
v 0.000373 0.000273 0.000513
v 0.000164 0.000361 0.000613
v 0.000674 0.000312 -0.000012
v 0.000672 0.000121 -0.000090
v 0.000373 0.000515 -0.000512
v 0.000261 0.000542 -0.000570
v 0.000642 0.000252 -0.000314
v 0.000491 -0.000349 -0.000394
v 0.000120 -0.000644 0.000555
v 0.000624 -0.000041 0.000341
v 0.000056 -0.000570 0.000553
v 0.000376 0.000094 -0.000552
v 0.000489 0.000098 -0.000528
v 0.000612 -0.000330 -0.000283
v 0.000109 -0.000078 0.000639
v 0.000641 -0.000377 0.000145
v 0.000682 0.000330 -0.000074
v 0.000524 0.000110 0.000419
v 0.000543 -0.000506 -0.000122
v 0.000560 -0.000674 0.000052
v 0.000448 0.000578 0.000468
v 0.000678 -0.000297 0.000088
v 0.000604 0.000555 0.000304
v 0.000600 -0.000329 0.000236
v 0.000611 -0.000236 0.000301
v 0.000395 -0.000658 0.000374
v 0.000046 0.000002 -0.000682
v 0.000211 -0.000654 0.000512
v 0.000634 -0.000180 -0.000318
v 0.000149 -0.000095 -0.000663
v 0.000400 0.000587 -0.000523
v 0.000309 0.000374 0.000561
v 0.000051 -0.000598 -0.000507
v 0.000044 0.000063 0.000642
v 0.000507 0.000452 0.000396
v 0.000318 -0.000582 -0.000412
v 0.000591 0.000212 0.000326
v 0.000691 -0.000151 0.000114
v 0.000165 0.000598 0.000627
v 0.000031 -0.000113 0.000645
v 0.000107 -0.000489 0.000582
v 0.000037 -0.000682 0.000537
v 0.000328 -0.000665 -0.000404
v 0.000307 0.000104 0.000559
v 0.000635 0.000153 -0.000347
v 0.000154 -0.000272 -0.000613
v 0.000201 -0.000312 -0.000582
v 0.000201 -0.000264 0.000582
v 0.000504 -0.000341 0.000410
v 0.000017 0.000492 -0.000612
v 0.000181 -0.000558 -0.000488
v 0.000624 0.000610 -0.000163
v 0.000702 0.000455 0.000008
v 0.000494 -0.000120 -0.000541
v 0.000036 0.000274 0.000628
v 0.000164 0.000364 -0.000573
v 0.000666 0.000555 0.000127
v 0.000442 -0.000080 -0.000561
v 0.000394 -0.000404 0.000449
v 0.000702 0.000318 0.000093
v 0.000460 0.000496 -0.000455
v 0.000259 0.000008 -0.000612
v 0.000536 -0.000049 0.000424
v -0.000000 0.000168 -0.000626
v 0.000001 -0.000001 -0.000682
v 0.000001 -0.000106 0.000645
v -0.000002 0.000489 -0.000610
v 0.000004 -0.000657 0.000519
v 0.000002 -0.000159 -0.000628
v -0.000002 0.000283 0.000627
v -0.000000 0.000179 -0.000624
v 0.000004 -0.000485 -0.000510
v 0.000002 -0.000408 0.000599
v 0.000002 -0.000462 0.000576
v -0.000003 0.000440 0.000629
v -0.000511 -0.000541 0.000223
v -0.000447 -0.000471 -0.000350
v -0.000663 -0.000270 -0.000205
v -0.000175 0.000131 0.000611
v -0.000649 -0.000375 0.000049
v -0.000192 -0.000132 0.000601
v -0.000221 -0.000427 -0.000530
v -0.000508 0.000021 -0.000525
v -0.000612 -0.000361 -0.000082
v -0.000641 -0.000286 -0.000018
v -0.000390 0.000412 -0.000486
v -0.000379 -0.000077 0.000518
v -0.000420 0.000443 0.000500
v -0.000439 -0.000578 0.000358
v -0.000538 -0.000190 -0.000486
v -0.000453 -0.000627 0.000289
v -0.000563 0.000420 -0.000359
v -0.000161 -0.000651 -0.000493
v -0.000415 0.000034 0.000505
v -0.000470 0.000373 0.000428
v -0.000559 0.000381 0.000321
v -0.000688 0.000018 0.000147
v -0.000046 -0.000456 -0.000522
v -0.000571 -0.000224 -0.000398
v -0.000631 -0.000051 -0.000384
v -0.000673 -0.000066 -0.000150
v -0.000531 -0.000214 0.000410
v -0.000518 -0.000662 -0.000090
v -0.000286 -0.000538 -0.000445
v -0.000529 -0.000552 -0.000241
v -0.000667 0.000593 0.000000
v -0.000678 -0.000140 0.000204
v -0.000257 0.000542 0.000604
v -0.000510 -0.000687 0.000185
v -0.000672 -0.000105 -0.000255
v -0.000468 0.000209 0.000443
v -0.000666 0.000040 -0.000023
v -0.000329 -0.000190 0.000527
v -0.000376 0.000159 0.000520
v -0.000315 -0.000069 -0.000595
v -0.000618 0.000065 0.000330
v -0.000452 -0.000209 0.000457
v -0.000184 -0.000537 0.000525
v -0.000482 -0.000240 -0.000482
v -0.000133 0.000513 0.000628
v -0.000658 0.000198 -0.000220
v -0.000655 -0.000143 -0.000027
v -0.000682 0.000413 0.000150
v -0.000046 -0.000447 0.000596
v -0.000060 0.000394 0.000627
v -0.000458 -0.000579 -0.000301
v -0.000687 0.000118 0.000194
v -0.000585 -0.000057 -0.000476
v -0.000537 -0.000421 0.000294
v -0.000563 -0.000444 -0.000277
v -0.000653 -0.000338 -0.000217
v -0.000282 -0.000371 0.000509
v -0.000276 0.000450 -0.000543
v -0.000276 0.000159 -0.000545
v -0.000592 -0.000202 0.000345
v -0.000262 -0.000072 -0.000624
v -0.000564 -0.000623 0.000115
v -0.000310 0.000264 -0.000527
v -0.000689 0.000062 0.000245
v -0.000281 -0.000025 0.000567
v -0.000432 0.000270 -0.000492
v -0.000656 0.000271 0.000232
v -0.000567 -0.000570 0.000046
v -0.000680 0.000085 0.000058
v -0.000575 0.000585 -0.000330
v -0.000255 0.000457 0.000596
v -0.000192 0.000298 -0.000550
v -0.000522 0.000594 -0.000418
v -0.000514 0.000522 0.000412
v -0.000483 0.000374 -0.000445
v -0.000626 0.000471 0.000237
v -0.000633 0.000592 0.000239
v -0.000289 -0.000258 -0.000571
v -0.000702 0.000200 0.000128
v -0.000292 0.000226 0.000566
v -0.000456 -0.000480 0.000410
v -0.000358 0.000526 0.000546
v -0.000132 0.000151 -0.000590
v -0.000457 -0.000398 -0.000401
v -0.000094 -0.000279 0.000627
v -0.000157 -0.000383 0.000584
v -0.000415 0.000322 0.000477
v -0.000608 0.000503 -0.000258
v -0.000592 -0.000520 0.000139
v -0.000322 -0.000569 0.000443
v -0.000675 -0.000222 0.000228
v -0.000669 0.000439 -0.000097
v -0.000638 0.000416 -0.000204
v -0.000376 0.000271 0.000513
v -0.000169 0.000360 0.000613
v -0.000677 0.000303 -0.000013
v -0.000673 0.000112 -0.000091
v -0.000378 0.000510 -0.000513
v -0.000266 0.000539 -0.000571
v -0.000644 0.000243 -0.000315
v -0.000485 -0.000355 -0.000395
v -0.000113 -0.000645 0.000554
v -0.000624 -0.000048 0.000341
v -0.000050 -0.000571 0.000552
v -0.000375 0.000089 -0.000552
v -0.000489 0.000092 -0.000529
v -0.000607 -0.000338 -0.000284
v -0.000107 -0.000080 0.000641
v -0.000636 -0.000385 0.000143
v -0.000686 0.000321 -0.000076
v -0.000526 0.000105 0.000419
v -0.000536 -0.000513 -0.000123
v -0.000551 -0.000681 0.000052
v -0.000454 0.000572 0.000468
v -0.000674 -0.000305 0.000087
v -0.000611 0.000548 0.000303
v -0.000594 -0.000338 0.000235
v -0.000609 -0.000244 0.000299
v -0.000384 -0.000664 0.000376
v -0.000044 0.000001 -0.000682
v -0.000203 -0.000657 0.000510
v -0.000631 -0.000188 -0.000319
v -0.000146 -0.000096 -0.000663
v -0.000405 0.000582 -0.000523
v -0.000315 0.000373 0.000561
v -0.000042 -0.000598 -0.000507
v -0.000045 0.000063 0.000642
v -0.000512 0.000445 0.000395
v -0.000309 -0.000586 -0.000413
v -0.000594 0.000204 0.000324
v -0.000688 -0.000160 0.000113
v -0.000172 0.000596 0.000627
v -0.000030 -0.000113 0.000646
v -0.000101 -0.000491 0.000582
v -0.000028 -0.000683 0.000537
v -0.000318 -0.000669 -0.000405
v -0.000309 0.000100 0.000559
v -0.000636 0.000145 -0.000348
v -0.000149 -0.000274 -0.000613
v -0.000196 -0.000314 -0.000583
v -0.000195 -0.000265 0.000584
v -0.000500 -0.000349 0.000412
v -0.000021 0.000491 -0.000612
v -0.000172 -0.000560 -0.000488
v -0.000631 0.000602 -0.000164
v -0.000707 0.000446 0.000007
v -0.000491 -0.000127 -0.000542
v -0.000039 0.000274 0.000627
v -0.000167 0.000362 -0.000573
v -0.000672 0.000547 0.000126
v -0.000439 -0.000086 -0.000562
v -0.000388 -0.000410 0.000449
v -0.000706 0.000309 0.000092
v -0.000465 0.000490 -0.000456
v -0.000258 0.000005 -0.000612
v -0.000538 -0.000053 0.000423
v -0.000004 0.000535 0.000632
v 0.000004 -0.000678 0.000520
v -0.000003 0.000603 -0.000624
v -0.000001 0.000312 0.000627
v 0.000001 -0.000301 0.000620
v -0.000002 0.000409 -0.000613
v -0.000003 0.000393 0.000628
v 0.000001 -0.000186 0.000632
v -0.000000 0.000032 0.000642
v 0.000001 -0.000101 -0.000646
v 0.000003 -0.000343 -0.000560
v -0.000001 0.000070 0.000640
v 0.000000 0.000129 -0.000642
v 0.000002 -0.000190 -0.000619
v -0.000001 0.000256 -0.000604
v 0.000004 -0.000560 -0.000502
v 0.000001 -0.000131 0.000640
v -0.000001 0.000269 -0.000607
v -0.000002 0.000253 0.000629
v 0.000003 -0.000347 -0.000557
v -0.000003 0.000541 -0.000618
v 0.000003 -0.000371 -0.000549
v 0.000003 -0.000539 0.000542
v -0.000001 0.000293 0.000627
v 0.000005 -0.000642 -0.000496
v 0.000000 -0.000076 0.000646
v 0.000003 -0.000586 0.000526
v 0.000001 0.000055 -0.000673
v -0.000001 0.000111 0.000639
v 0.000666 0.000625 0.000150
v 0.000197 0.000624 0.000625
v 0.000582 0.000623 -0.000312
v 0.000481 0.000625 0.000451
v 0.000412 0.000622 -0.000526
v 0.000379 0.000622 -0.000542
v 0.000100 0.000621 -0.000621
v 0.000094 0.000624 0.000652
v 0.000542 0.000625 0.000362
v 0.000564 0.000623 -0.000350
v 0.000576 0.000625 0.000327
v 0.000611 0.000625 0.000271
v 0.000661 0.000624 0.000108
v 0.000636 0.000625 0.000223
v 0.000137 0.000624 0.000639
v 0.000625 0.000624 -0.000172
v 0.000412 0.000625 0.000508
v 0.000629 0.000624 -0.000151
v 0.000660 0.000624 -0.000012
v 0.000203 0.000622 -0.000599
v 0.000511 0.000623 -0.000431
v 0.000354 0.000625 0.000551
v 0.000597 0.000625 0.000304
v 0.000246 0.000625 0.000615
v 0.000660 0.000624 0.000043
v 0.000519 0.000623 -0.000421
v 0.000382 0.000625 0.000535
v 0.000278 0.000622 -0.000586
v -0.000673 0.000621 0.000150
v -0.000208 0.000623 0.000624
v -0.000590 0.000620 -0.000310
v -0.000492 0.000622 0.000449
v -0.000419 0.000620 -0.000527
v -0.000383 0.000620 -0.000544
v -0.000106 0.000621 -0.000621
v -0.000101 0.000624 0.000652
v -0.000559 0.000622 0.000351
v -0.000570 0.000620 -0.000354
v -0.000587 0.000622 0.000321
v -0.000615 0.000622 0.000276
v -0.000668 0.000621 0.000105
v -0.000645 0.000621 0.000219
v -0.000142 0.000624 0.000640
v -0.000632 0.000621 -0.000177
v -0.000420 0.000623 0.000509
v -0.000637 0.000621 -0.000148
v -0.000667 0.000621 -0.000016
v -0.000208 0.000621 -0.000600
v -0.000516 0.000620 -0.000434
v -0.000365 0.000623 0.000549
v -0.000604 0.000622 0.000302
v -0.000253 0.000623 0.000616
v -0.000667 0.000621 0.000051
v -0.000526 0.000620 -0.000422
v -0.000392 0.000623 0.000534
v -0.000284 0.000621 -0.000587
v -0.000032 0.000621 -0.000625
v -0.000003 0.000621 -0.000626
v -0.000004 0.000624 0.000650
v 0.000026 0.000621 -0.000625
v 0.000509 -0.000688 -0.000276
v 0.000243 -0.000689 -0.000461
v 0.000531 -0.000687 -0.000091
v 0.000526 -0.000688 -0.000262
v 0.000553 -0.000687 0.000011
v 0.000534 -0.000687 -0.000094
v 0.000127 -0.000690 -0.000500
v 0.000402 -0.000688 -0.000352
v 0.000342 -0.000687 0.000433
v 0.000040 -0.000690 -0.000511
v 0.000562 -0.000687 0.000069
v 0.000351 -0.000689 -0.000394
v 0.000524 -0.000687 0.000181
v 0.000112 -0.000687 0.000566
v 0.000168 -0.000690 -0.000497
v 0.000039 -0.000688 0.000540
v 0.000368 -0.000687 0.000404
v 0.000140 -0.000687 0.000560
v 0.000285 -0.000687 0.000486
v 0.000518 -0.000687 0.000193
v 0.000525 -0.000687 -0.000170
v 0.000233 -0.000687 0.000509
v 0.000205 -0.000687 0.000527
v 0.000507 -0.000687 0.000207
v 0.000570 -0.000687 0.000123
v 0.000245 -0.000689 -0.000460
v 0.000407 -0.000687 0.000364
v 0.000246 -0.000689 -0.000460
v 0.000239 -0.000689 -0.000463
v 0.000252 -0.000689 -0.000455
v 0.000333 -0.000689 -0.000409
v 0.000564 -0.000687 0.000049
v -0.000498 -0.000692 -0.000277
v -0.000232 -0.000691 -0.000462
v -0.000521 -0.000691 -0.000091
v -0.000516 -0.000692 -0.000262
v -0.000546 -0.000691 0.000020
v -0.000524 -0.000691 -0.000094
v -0.000118 -0.000691 -0.000500
v -0.000386 -0.000691 -0.000357
v -0.000333 -0.000689 0.000432
v -0.000030 -0.000690 -0.000511
v -0.000553 -0.000691 0.000066
v -0.000339 -0.000691 -0.000395
v -0.000513 -0.000691 0.000181
v -0.000104 -0.000688 0.000566
v -0.000158 -0.000691 -0.000497
v -0.000031 -0.000688 0.000540
v -0.000360 -0.000690 0.000403
v -0.000131 -0.000688 0.000560
v -0.000276 -0.000689 0.000484
v -0.000510 -0.000691 0.000187
v -0.000516 -0.000692 -0.000165
v -0.000223 -0.000689 0.000507
v -0.000196 -0.000689 0.000525
v -0.000503 -0.000691 0.000196
v -0.000561 -0.000691 0.000122
v -0.000235 -0.000691 -0.000461
v -0.000396 -0.000690 0.000365
v -0.000236 -0.000691 -0.000459
v -0.000228 -0.000691 -0.000464
v -0.000246 -0.000691 -0.000453
v -0.000323 -0.000691 -0.000409
v -0.000017 -0.000688 0.000534
v -0.000554 -0.000691 0.000050
v -0.000025 -0.000688 0.000538
v 0.000004 -0.000688 0.000524
v 0.000024 -0.000688 0.000534
v 0.000033 -0.000688 0.000539
v 0.000005 -0.000690 -0.000500
vt 0.039401 0.620267
vt 0.038500 0.619761
vt 0.038511 0.624413
vt 0.040153 0.621729
vt 0.830506 0.527167
vt 0.826442 0.522701
vt 0.827218 0.527389
vt 0.841945 0.553538
vt 0.846548 0.552037
vt 0.845311 0.549317
vt 0.183135 0.297869
vt 0.181423 0.304433
vt 0.182785 0.302492
vt 0.034685 0.635321
vt 0.029957 0.635155
vt 0.031165 0.637064
vt 0.835596 0.511895
vt 0.830227 0.513805
vt 0.834635 0.519080
vt 0.370537 0.853811
vt 0.371382 0.857955
vt 0.372209 0.857178
vt 0.160803 0.308590
vt 0.158038 0.312354
vt 0.166848 0.307475
vt 0.327092 0.471554
vt 0.326215 0.470918
vt 0.326315 0.472351
vt 0.156110 0.320958
vt 0.164047 0.317650
vt 0.158102 0.316431
vt 0.372598 0.857067
vt 0.372566 0.857574
vt 0.838134 0.552768
vt 0.838545 0.548027
vt 0.834787 0.551643
vt 0.825430 0.514318
vt 0.822737 0.520987
vt 0.826851 0.517753
vt 0.740087 0.099046
vt 0.740411 0.100303
vt 0.741645 0.099453
vt 0.152703 0.305877
vt 0.152543 0.309673
vt 0.155623 0.309217
vt 0.173743 0.305060
vt 0.172417 0.309123
vt 0.175926 0.306941
vt 0.236146 0.796982
vt 0.236456 0.796997
vt 0.236351 0.796791
vt 0.481032 0.241449
vt 0.480546 0.239682
vt 0.479965 0.240748
vt 0.067808 0.798261
vt 0.065683 0.798295
vt 0.065707 0.799779
vt 0.839021 0.535060
vt 0.834764 0.534294
vt 0.837665 0.537818
vt 0.217619 0.495273
vt 0.220029 0.493618
vt 0.219993 0.492388
vt 0.702960 0.866137
vt 0.705305 0.865145
vt 0.702860 0.862603
vt 0.037439 0.628665
vt 0.040644 0.631551
vt 0.832694 0.540539
vt 0.836483 0.543958
vt 0.836950 0.541131
vt 0.824179 0.545395
vt 0.827792 0.541851
vt 0.821955 0.538436
vt 0.835981 0.474953
vt 0.836759 0.477170
vt 0.837089 0.475634
vt 0.056324 0.981506
vt 0.056435 0.980860
vt 0.055964 0.981138
vt 0.470072 0.661893
vt 0.470146 0.663239
vt 0.470872 0.662816
vt 0.839770 0.554204
vt 0.840835 0.554043
vt 0.841175 0.550550
vt 0.188212 0.951011
vt 0.188949 0.953842
vt 0.191379 0.953830
vt 0.214638 0.451154
vt 0.213597 0.451576
vt 0.214714 0.452669
vt 0.840956 0.545529
vt 0.844320 0.527059
vt 0.841157 0.525571
vt 0.844856 0.534897
vt 0.841564 0.539768
vt 0.209056 0.510045
vt 0.211370 0.507495
vt 0.208101 0.503157
vt 0.169493 0.307360
vt 0.255056 0.806259
vt 0.254404 0.805939
vt 0.254213 0.806790
vt 0.165911 0.299351
vt 0.162191 0.303607
vt 0.165093 0.304285
vt 0.147844 0.365054
vt 0.149781 0.365067
vt 0.148732 0.363702
vt 0.149294 0.310380
vt 0.149694 0.311373
vt 0.150572 0.310983
vt 0.820418 0.522744
vt 0.819807 0.521107
vt 0.155924 0.302204
vt 0.153923 0.302186
vt 0.834216 0.525590
vt 0.839650 0.522557
vt 0.832802 0.522375
vt 0.830237 0.518685
vt 0.217349 0.093216
vt 0.215364 0.091781
vt 0.216178 0.093294
vt 0.368521 0.114611
vt 0.370283 0.115317
vt 0.369921 0.114237
vt 0.828835 0.548766
vt 0.824499 0.550588
vt 0.567317 0.440149
vt 0.567795 0.437660
vt 0.565518 0.437095
vt 0.835171 0.529795
vt 0.145448 0.351133
vt 0.145001 0.352896
vt 0.147145 0.357461
vt 0.176590 0.303677
vt 0.174521 0.298359
vt 0.178919 0.296101
vt 0.326809 0.965070
vt 0.323309 0.965464
vt 0.325582 0.968257
vt 0.037786 0.632788
vt 0.038204 0.635431
vt 0.676390 0.977959
vt 0.679205 0.974490
vt 0.675913 0.974785
vt 0.259535 0.807530
vt 0.260121 0.808998
vt 0.260778 0.807929
vt 0.471138 0.660792
vt 0.470531 0.658502
vt 0.819300 0.511216
vt 0.818946 0.511226
vt 0.818887 0.511382
vt 0.366586 0.246160
vt 0.366004 0.247126
vt 0.368138 0.245760
vt 0.840440 0.541720
vt 0.140633 0.364253
vt 0.143725 0.366970
vt 0.143178 0.363617
vt 0.015252 0.950410
vt 0.012535 0.951905
vt 0.013152 0.953085
vt 0.346606 0.795209
vt 0.345008 0.797691
vt 0.346318 0.798065
vt 0.028273 0.638373
vt 0.819220 0.528948
vt 0.815514 0.526491
vt 0.818026 0.531275
vt 0.155588 0.296199
vt 0.152671 0.296734
vt 0.150980 0.297692
vt 0.818682 0.530418
vt 0.169283 0.300436
vt 0.844324 0.547272
vt 0.839908 0.530355
vt 0.942774 0.403370
vt 0.941069 0.404019
vt 0.941208 0.405282
vt 0.883868 0.488910
vt 0.885289 0.489342
vt 0.885742 0.489040
vt 0.883806 0.487652
vt 0.743933 0.775377
vt 0.742458 0.774531
vt 0.741771 0.775728
vt 0.493651 0.772230
vt 0.494637 0.773238
vt 0.495800 0.772466
vt 0.533543 0.249950
vt 0.535173 0.249394
vt 0.532927 0.248909
vt 0.153642 0.320614
vt 0.367665 0.854919
vt 0.369382 0.856746
vt 0.189053 0.748793
vt 0.192064 0.748745
vt 0.193088 0.746512
vt 0.211679 0.505640
vt 0.210848 0.499501
vt 0.843205 0.519744
vt 0.840269 0.518403
vt 0.976709 0.556880
vt 0.978190 0.555859
vt 0.977184 0.554224
vt 0.480292 0.242590
vt 0.033099 0.631441
vt 0.805981 0.033541
vt 0.805694 0.032996
vt 0.805501 0.032983
vt 0.181232 0.879942
vt 0.180657 0.880327
vt 0.181324 0.880513
vt 0.154407 0.323311
vt 0.069690 0.798865
vt 0.068102 0.799008
vt 0.800321 0.059860
vt 0.799359 0.058821
vt 0.798923 0.059937
vt 0.151361 0.361440
vt 0.149757 0.355789
vt 0.964321 0.326664
vt 0.965654 0.325254
vt 0.963582 0.324246
vt 0.830551 0.537409
vt 0.159919 0.298672
vt 0.820205 0.546919
vt 0.821778 0.550018
vt 0.820261 0.543783
vt 0.158719 0.305321
vt 0.173588 0.294367
vt 0.167845 0.295026
vt 0.168935 0.298552
vt 0.185909 0.299124
vt 0.104614 0.502100
vt 0.104251 0.503328
vt 0.105262 0.503528
vt 0.833481 0.549498
vt 0.834418 0.546044
vt 0.425478 0.910513
vt 0.425920 0.908946
vt 0.424543 0.908284
vt 0.649189 0.508395
vt 0.649002 0.506454
vt 0.646655 0.507258
vt 0.264243 0.812371
vt 0.266981 0.813854
vt 0.267716 0.810140
vt 0.241510 0.803493
vt 0.247249 0.806076
vt 0.242880 0.802654
vt 0.472242 0.658915
vt 0.824844 0.533810
vt 0.826111 0.537521
vt 0.827493 0.511354
vt 0.833448 0.509504
vt 0.149674 0.306336
vt 0.666837 0.374117
vt 0.666979 0.371845
vt 0.665130 0.372351
vt 0.822759 0.512928
vt 0.822382 0.516329
vt 0.206533 0.507075
vt 0.208296 0.512752
vt 0.131834 0.472369
vt 0.130249 0.472840
vt 0.131297 0.473267
vt 0.369870 0.797325
vt 0.369999 0.797280
vt 0.369881 0.795344
vt 0.367704 0.795480
vt 0.163788 0.293383
vt 0.463823 0.619639
vt 0.464381 0.620276
vt 0.464084 0.618495
vt 0.491233 0.769134
vt 0.491851 0.771298
vt 0.494403 0.771421
vt 0.171509 0.303604
vt 0.267863 0.809927
vt 0.268108 0.809999
vt 0.178751 0.253634
vt 0.179192 0.252318
vt 0.177609 0.252678
vt 0.183756 0.305701
vt 0.184249 0.307752
vt 0.185695 0.305393
vt 0.033077 0.627231
vt 0.031892 0.629162
vt 0.035625 0.623253
vt 0.563403 0.446442
vt 0.565963 0.446760
vt 0.563356 0.443865
vt 0.824420 0.528747
vt 0.828863 0.532495
vt 0.172274 0.631803
vt 0.172103 0.630207
vt 0.171030 0.631829
vt 0.821577 0.525602
vt 0.822903 0.527391
vt 0.839322 0.511973
vt 0.968451 0.244388
vt 0.969732 0.242726
vt 0.968862 0.242657
vt 0.171393 0.579187
vt 0.169757 0.580397
vt 0.171333 0.580289
vt 0.484527 0.378936
vt 0.485821 0.379138
vt 0.485488 0.378127
vt 0.025572 0.633753
vt 0.846750 0.545561
vt 0.846009 0.543044
vt 0.253460 0.809323
vt 0.409668 0.203208
vt 0.411933 0.202961
vt 0.415386 0.201466
vt 0.410487 0.199421
vt 0.175518 0.296524
vt 0.167676 0.315470
vt 0.979331 0.962759
vt 0.979177 0.962200
vt 0.978900 0.962524
vt 0.217444 0.492087
vt 0.216532 0.488650
vt 0.215750 0.493011
vt 0.390575 0.768205
vt 0.397547 0.768675
vt 0.397490 0.766781
vt 0.820039 0.516724
vt 0.816531 0.515185
vt 0.173057 0.312246
vt 0.177579 0.312735
vt 0.827124 0.551593
vt 0.276169 0.819003
vt 0.277103 0.818226
vt 0.275828 0.818354
vt 0.320554 0.743645
vt 0.322055 0.741376
vt 0.320659 0.739794
vt 0.415662 0.202276
vt 0.208812 0.493230
vt 0.213589 0.497315
vt 0.212679 0.490096
vt 0.040943 0.636370
vt 0.038670 0.636826
vt 0.039122 0.638500
vt 0.605573 0.843739
vt 0.603871 0.845840
vt 0.606494 0.845559
vt 0.381779 0.720202
vt 0.378562 0.724115
vt 0.380962 0.724354
vt 0.247472 0.802110
vt 0.246119 0.801642
vt 0.432169 0.204557
vt 0.432213 0.204253
vt 0.429553 0.204440
vt 0.179194 0.948387
vt 0.180281 0.951884
vt 0.180706 0.948471
vt 0.270321 0.812878
vt 0.843285 0.543764
vt 0.908528 0.414901
vt 0.907654 0.416502
vt 0.910137 0.415340
vt 0.242682 0.799614
vt 0.236213 0.797186
vt 0.235067 0.800845
vt 0.236481 0.800953
vt 0.204743 0.501517
vt 0.206284 0.504532
vt 0.037775 0.619700
vt 0.033222 0.618698
vt 0.030008 0.618814
vt 0.125337 0.374456
vt 0.127070 0.373724
vt 0.125961 0.372908
vt 0.159088 0.294271
vt 0.157827 0.294949
vt 0.365197 0.799786
vt 0.364862 0.797885
vt 0.936356 0.019425
vt 0.937553 0.019518
vt 0.937029 0.018424
vt 0.217561 0.498557
vt 0.218642 0.497251
vt 0.216583 0.498328
vt 0.007789 0.234137
vt 0.008636 0.232788
vt 0.006388 0.233682
vt 0.421559 0.665231
vt 0.421060 0.666239
vt 0.421234 0.669069
vt 0.423751 0.667262
vt 0.420674 0.667892
vt 0.144696 0.364215
vt 0.147249 0.367408
vt 0.146100 0.364150
vt 0.481475 0.378240
vt 0.481702 0.377558
vt 0.783498 0.299705
vt 0.781332 0.301411
vt 0.782583 0.301605
vt 0.837267 0.509447
vt 0.238690 0.800185
vt 0.239363 0.801973
vt 0.148979 0.076290
vt 0.149903 0.075714
vt 0.148878 0.075706
vt 0.436812 0.199800
vt 0.435151 0.200538
vt 0.437181 0.200473
vt 0.018359 0.969801
vt 0.022109 0.970685
vt 0.020792 0.969847
vt 0.278550 0.815057
vt 0.276106 0.813789
vt 0.273746 0.816561
vt 0.277756 0.817506
vt 0.177831 0.310536
vt 0.590296 0.812853
vt 0.587036 0.812330
vt 0.588895 0.814196
vt 0.212468 0.508650
vt 0.213320 0.507015
vt 0.215204 0.515437
vt 0.217809 0.512968
vt 0.215247 0.510700
vt 0.236749 0.796567
vt 0.237262 0.796798
vt 0.390672 0.036546
vt 0.391725 0.038004
vt 0.391997 0.036864
vt 0.098091 0.660994
vt 0.099231 0.659487
vt 0.097226 0.659668
vt 0.445269 0.648764
vt 0.443968 0.645849
vt 0.441880 0.649039
vt 0.377116 0.254185
vt 0.376182 0.253483
vt 0.376407 0.255477
vt 0.398028 0.701606
vt 0.398852 0.697486
vt 0.395740 0.698820
vt 0.155951 0.296050
vt 0.484898 0.373655
vt 0.482241 0.374349
vt 0.154107 0.312784
vt 0.846002 0.531659
vt 0.040550 0.270716
vt 0.040460 0.269427
vt 0.039278 0.271692
vt 0.816659 0.524295
vt 0.836701 0.507912
vt 0.837305 0.508211
vt 0.087519 0.072844
vt 0.088364 0.074591
vt 0.088832 0.072831
vt 0.975896 0.960085
vt 0.976787 0.960131
vt 0.976656 0.957702
vt 0.777988 0.500311
vt 0.777996 0.503668
vt 0.779978 0.500831
vt 0.154099 0.360434
vt 0.582506 0.812265
vt 0.582501 0.815837
vt 0.420797 0.906676
vt 0.423537 0.906691
vt 0.422850 0.904431
vt 0.242056 0.798989
vt 0.239071 0.797702
vt 0.396195 0.205683
vt 0.394828 0.204435
vt 0.393310 0.205861
vt 0.669577 0.977889
vt 0.668162 0.978474
vt 0.670027 0.979378
vt 0.413288 0.612265
vt 0.413526 0.612508
vt 0.413326 0.612103
vt 0.404265 0.204274
vt 0.408928 0.203352
vt 0.406221 0.200158
vt 0.180289 0.314101
vt 0.182047 0.313302
vt 0.181170 0.311961
vt 0.573233 0.147510
vt 0.571455 0.147191
vt 0.572353 0.148602
vt 0.936498 0.507943
vt 0.937832 0.505937
vt 0.935891 0.506330
vt 0.452003 0.375670
vt 0.451340 0.374088
vt 0.450923 0.375200
vt 0.586719 0.815569
vt 0.535818 0.250375
vt 0.820875 0.548931
vt 0.820635 0.550229
vt 0.187003 0.295738
vt 0.186964 0.295691
vt 0.272759 0.990850
vt 0.272712 0.991137
vt 0.272832 0.991150
vt 0.328813 0.290879
vt 0.327987 0.291332
vt 0.328645 0.292366
vt 0.895827 0.694470
vt 0.897745 0.695128
vt 0.896562 0.693651
vt 0.497028 0.773395
vt 0.496398 0.774622
vt 0.497642 0.774369
vt 0.688824 0.040228
vt 0.690106 0.041738
vt 0.689875 0.040184
vt 0.820293 0.518854
vt 0.816765 0.519008
vt 0.183241 0.291957
vt 0.181077 0.293180
vt 0.183028 0.294332
vt 0.185868 0.293178
vt 0.674989 0.976586
vt 0.534989 0.044861
vt 0.534154 0.046019
vt 0.535991 0.045843
vt 0.272591 0.819134
vt 0.270246 0.818319
vt 0.821418 0.540708
vt 0.692181 0.993538
vt 0.688143 0.995467
vt 0.692795 0.996331
vt 0.151332 0.315630
vt 0.637604 0.116435
vt 0.636902 0.116864
vt 0.638297 0.116769
vt 0.403732 0.201885
vt 0.400237 0.204470
vt 0.403309 0.204591
vt 0.404077 0.204456
vt 0.267441 0.809791
vt 0.261559 0.808231
vt 0.399069 0.205747
vt 0.157488 0.295077
vt 0.408940 0.199063
vt 0.409395 0.203145
vt 0.161506 0.292881
vt 0.060128 0.704917
vt 0.061456 0.705947
vt 0.061988 0.704725
vt 0.060743 0.704665
vt 0.434493 0.204148
vt 0.253618 0.805627
vt 0.417368 0.202570
vt 0.250545 0.803726
vt 0.273116 0.812548
vt 0.271454 0.811806
vt 0.268390 0.810180
vt 0.826762 0.236810
vt 0.828321 0.237695
vt 0.828287 0.237335
vt 0.826955 0.236819
vt 0.437484 0.203020
vt 0.436569 0.201831
vt 0.437103 0.203628
vt 0.103151 0.298044
vt 0.102975 0.298207
vt 0.103159 0.298180
vt 0.038500 0.619839
vt 0.039457 0.620374
vt 0.040153 0.621729
vt 0.038511 0.624413
vt 0.830506 0.527167
vt 0.827218 0.527389
vt 0.826442 0.522701
vt 0.841882 0.553616
vt 0.845311 0.549317
vt 0.846613 0.552180
vt 0.183135 0.297869
vt 0.182785 0.302492
vt 0.181423 0.304433
vt 0.034685 0.635321
vt 0.031165 0.637064
vt 0.029957 0.635155
vt 0.835596 0.511895
vt 0.834635 0.519080
vt 0.830227 0.513805
vt 0.370537 0.853811
vt 0.372209 0.857178
vt 0.371382 0.857955
vt 0.160803 0.308590
vt 0.166848 0.307475
vt 0.158038 0.312354
vt 0.327092 0.471554
vt 0.326315 0.472351
vt 0.326215 0.470918
vt 0.156110 0.320958
vt 0.158102 0.316431
vt 0.164047 0.317650
vt 0.372572 0.857074
vt 0.372539 0.857544
vt 0.838134 0.552768
vt 0.834787 0.551643
vt 0.838545 0.548027
vt 0.825430 0.514318
vt 0.826851 0.517753
vt 0.822737 0.520987
vt 0.740087 0.099046
vt 0.741645 0.099453
vt 0.740411 0.100303
vt 0.152703 0.305877
vt 0.155623 0.309217
vt 0.152543 0.309673
vt 0.173743 0.305060
vt 0.175926 0.306941
vt 0.172417 0.309123
vt 0.236186 0.796984
vt 0.236361 0.796810
vt 0.236456 0.796997
vt 0.481032 0.241449
vt 0.479965 0.240748
vt 0.480546 0.239682
vt 0.067808 0.798261
vt 0.065707 0.799779
vt 0.065683 0.798295
vt 0.839021 0.535060
vt 0.837665 0.537818
vt 0.834764 0.534294
vt 0.217619 0.495273
vt 0.219993 0.492388
vt 0.220029 0.493618
vt 0.702960 0.866137
vt 0.702860 0.862603
vt 0.705305 0.865145
vt 0.037439 0.628665
vt 0.040644 0.631551
vt 0.832694 0.540539
vt 0.836950 0.541131
vt 0.836483 0.543958
vt 0.824179 0.545395
vt 0.821955 0.538436
vt 0.827792 0.541851
vt 0.835981 0.474953
vt 0.837089 0.475634
vt 0.836759 0.477170
vt 0.056302 0.981633
vt 0.055872 0.981193
vt 0.056435 0.980860
vt 0.470072 0.661893
vt 0.470872 0.662816
vt 0.470146 0.663239
vt 0.840832 0.554069
vt 0.839829 0.554257
vt 0.841175 0.550550
vt 0.188212 0.951011
vt 0.191379 0.953830
vt 0.188949 0.953842
vt 0.214638 0.451154
vt 0.214714 0.452669
vt 0.213597 0.451576
vt 0.840956 0.545529
vt 0.844320 0.527059
vt 0.844856 0.534897
vt 0.841157 0.525571
vt 0.841564 0.539768
vt 0.209056 0.510045
vt 0.208101 0.503157
vt 0.211370 0.507495
vt 0.169493 0.307360
vt 0.254213 0.806790
vt 0.165911 0.299351
vt 0.165093 0.304285
vt 0.162191 0.303607
vt 0.147844 0.365054
vt 0.148732 0.363702
vt 0.149781 0.365067
vt 0.149188 0.310329
vt 0.150572 0.310983
vt 0.149614 0.311408
vt 0.820418 0.522744
vt 0.819807 0.521107
vt 0.153923 0.302186
vt 0.155924 0.302204
vt 0.834216 0.525590
vt 0.839650 0.522557
vt 0.832802 0.522375
vt 0.830237 0.518685
vt 0.217349 0.093216
vt 0.216178 0.093294
vt 0.215364 0.091781
vt 0.368521 0.114611
vt 0.369921 0.114237
vt 0.370283 0.115317
vt 0.828835 0.548766
vt 0.824499 0.550588
vt 0.567317 0.440149
vt 0.565518 0.437095
vt 0.567795 0.437660
vt 0.835171 0.529795
vt 0.145448 0.351133
vt 0.147145 0.357461
vt 0.145001 0.352896
vt 0.176590 0.303677
vt 0.174521 0.298359
vt 0.178919 0.296101
vt 0.326809 0.965070
vt 0.325582 0.968257
vt 0.323309 0.965464
vt 0.037786 0.632788
vt 0.038204 0.635431
vt 0.676390 0.977959
vt 0.675913 0.974785
vt 0.679205 0.974490
vt 0.260121 0.808998
vt 0.471138 0.660792
vt 0.470531 0.658502
vt 0.819137 0.511281
vt 0.818887 0.511382
vt 0.818921 0.511293
vt 0.366586 0.246160
vt 0.368138 0.245760
vt 0.366004 0.247126
vt 0.840440 0.541720
vt 0.140633 0.364253
vt 0.143178 0.363617
vt 0.143725 0.366970
vt 0.015252 0.950410
vt 0.013152 0.953085
vt 0.012535 0.951905
vt 0.346606 0.795209
vt 0.346318 0.798065
vt 0.345008 0.797691
vt 0.028273 0.638373
vt 0.819220 0.528948
vt 0.818026 0.531275
vt 0.815514 0.526491
vt 0.150980 0.297692
vt 0.818682 0.530418
vt 0.169283 0.300436
vt 0.844324 0.547272
vt 0.839908 0.530355
vt 0.942774 0.403370
vt 0.941208 0.405282
vt 0.941069 0.404019
vt 0.885201 0.489401
vt 0.883873 0.489004
vt 0.883806 0.487652
vt 0.885742 0.489040
vt 0.743933 0.775377
vt 0.741771 0.775728
vt 0.742458 0.774531
vt 0.493651 0.772230
vt 0.495800 0.772466
vt 0.494637 0.773238
vt 0.533543 0.249950
vt 0.532927 0.248909
vt 0.535173 0.249394
vt 0.153642 0.320614
vt 0.369382 0.856746
vt 0.367665 0.854919
vt 0.189053 0.748793
vt 0.193088 0.746512
vt 0.192064 0.748745
vt 0.210848 0.499501
vt 0.211679 0.505640
vt 0.840269 0.518403
vt 0.843205 0.519744
vt 0.976709 0.556880
vt 0.977184 0.554224
vt 0.978190 0.555859
vt 0.480292 0.242590
vt 0.033099 0.631441
vt 0.805946 0.033500
vt 0.805501 0.032983
vt 0.805680 0.032995
vt 0.181190 0.879970
vt 0.181274 0.880499
vt 0.180657 0.880327
vt 0.154407 0.323311
vt 0.069690 0.798865
vt 0.068102 0.799008
vt 0.800321 0.059860
vt 0.798923 0.059937
vt 0.799359 0.058821
vt 0.151361 0.361440
vt 0.149757 0.355789
vt 0.964321 0.326664
vt 0.963582 0.324246
vt 0.965654 0.325254
vt 0.830551 0.537409
vt 0.159919 0.298672
vt 0.820205 0.546919
vt 0.820261 0.543783
vt 0.821778 0.550018
vt 0.158719 0.305321
vt 0.173588 0.294367
vt 0.167845 0.295026
vt 0.168935 0.298552
vt 0.185909 0.299124
vt 0.104614 0.502100
vt 0.105262 0.503528
vt 0.104251 0.503328
vt 0.833481 0.549498
vt 0.834418 0.546044
vt 0.425478 0.910513
vt 0.424543 0.908284
vt 0.425920 0.908946
vt 0.649189 0.508395
vt 0.646655 0.507258
vt 0.649002 0.506454
vt 0.264243 0.812371
vt 0.267716 0.810140
vt 0.266981 0.813854
vt 0.241510 0.803493
vt 0.242880 0.802654
vt 0.247249 0.806076
vt 0.472242 0.658915
vt 0.824844 0.533810
vt 0.826111 0.537521
vt 0.827493 0.511354
vt 0.833448 0.509504
vt 0.149674 0.306336
vt 0.666837 0.374117
vt 0.665130 0.372351
vt 0.666979 0.371845
vt 0.822759 0.512928
vt 0.822382 0.516329
vt 0.208296 0.512752
vt 0.206533 0.507075
vt 0.131834 0.472369
vt 0.131297 0.473267
vt 0.130249 0.472840
vt 0.367704 0.795480
vt 0.369881 0.795344
vt 0.163788 0.293383
vt 0.463827 0.619618
vt 0.464084 0.618495
vt 0.464377 0.620251
vt 0.491233 0.769134
vt 0.494403 0.771421
vt 0.491851 0.771298
vt 0.171509 0.303604
vt 0.178751 0.253634
vt 0.177609 0.252678
vt 0.179192 0.252318
vt 0.183756 0.305701
vt 0.185695 0.305393
vt 0.184249 0.307752
vt 0.033077 0.627231
vt 0.031892 0.629162
vt 0.035625 0.623253
vt 0.563403 0.446442
vt 0.563356 0.443865
vt 0.565963 0.446760
vt 0.824420 0.528747
vt 0.828863 0.532495
vt 0.172274 0.631803
vt 0.171030 0.631829
vt 0.172103 0.630207
vt 0.822903 0.527391
vt 0.821577 0.525602
vt 0.839322 0.511973
vt 0.968451 0.244388
vt 0.968862 0.242657
vt 0.969732 0.242726
vt 0.171393 0.579187
vt 0.171333 0.580289
vt 0.169757 0.580397
vt 0.484391 0.379050
vt 0.485488 0.378127
vt 0.485870 0.379285
vt 0.025572 0.633753
vt 0.846750 0.545561
vt 0.846009 0.543044
vt 0.253460 0.809323
vt 0.410487 0.199421
vt 0.415386 0.201466
vt 0.175518 0.296524
vt 0.167676 0.315470
vt 0.979365 0.962884
vt 0.978838 0.962597
vt 0.979177 0.962200
vt 0.217444 0.492087
vt 0.215750 0.493011
vt 0.216532 0.488650
vt 0.390575 0.768205
vt 0.397490 0.766781
vt 0.397547 0.768675
vt 0.820039 0.516724
vt 0.816531 0.515185
vt 0.173057 0.312246
vt 0.177579 0.312735
vt 0.827124 0.551593
vt 0.276206 0.819074
vt 0.275828 0.818354
vt 0.277172 0.818219
vt 0.320554 0.743645
vt 0.320659 0.739794
vt 0.322055 0.741376
vt 0.208812 0.493230
vt 0.212679 0.490096
vt 0.213589 0.497315
vt 0.040943 0.636370
vt 0.039122 0.638500
vt 0.038670 0.636826
vt 0.605573 0.843739
vt 0.606494 0.845559
vt 0.603871 0.845840
vt 0.381779 0.720202
vt 0.380962 0.724354
vt 0.378562 0.724115
vt 0.432213 0.204253
vt 0.179194 0.948387
vt 0.180706 0.948471
vt 0.180281 0.951884
vt 0.270321 0.812878
vt 0.843285 0.543764
vt 0.908528 0.414901
vt 0.910137 0.415340
vt 0.907654 0.416502
vt 0.235090 0.800847
vt 0.236248 0.797159
vt 0.236481 0.800953
vt 0.204743 0.501517
vt 0.206284 0.504532
vt 0.032976 0.618707
vt 0.037732 0.619771
vt 0.030008 0.618814
vt 0.125337 0.374456
vt 0.125961 0.372908
vt 0.127070 0.373724
vt 0.365197 0.799786
vt 0.364862 0.797885
vt 0.936356 0.019425
vt 0.937029 0.018424
vt 0.937553 0.019518
vt 0.218642 0.497251
vt 0.217561 0.498557
vt 0.216583 0.498328
vt 0.007789 0.234137
vt 0.006388 0.233682
vt 0.008636 0.232788
vt 0.421043 0.665959
vt 0.421447 0.665127
vt 0.423751 0.667262
vt 0.421234 0.669069
vt 0.420621 0.667781
vt 0.144696 0.364215
vt 0.147249 0.367408
vt 0.146100 0.364150
vt 0.481433 0.378365
vt 0.481702 0.377558
vt 0.783498 0.299705
vt 0.782583 0.301605
vt 0.781332 0.301411
vt 0.837267 0.509447
vt 0.239363 0.801973
vt 0.238690 0.800185
vt 0.148911 0.076333
vt 0.148802 0.075705
vt 0.149903 0.075714
vt 0.436857 0.199780
vt 0.437221 0.200472
vt 0.435151 0.200538
vt 0.018359 0.969801
vt 0.020792 0.969847
vt 0.022109 0.970685
vt 0.277783 0.817513
vt 0.273746 0.816561
vt 0.177831 0.310536
vt 0.590296 0.812853
vt 0.588895 0.814196
vt 0.587036 0.812330
vt 0.212468 0.508650
vt 0.213320 0.507015
vt 0.215204 0.515437
vt 0.215247 0.510700
vt 0.217809 0.512968
vt 0.390672 0.036546
vt 0.391997 0.036864
vt 0.391725 0.038004
vt 0.098091 0.660994
vt 0.097226 0.659668
vt 0.099231 0.659487
vt 0.445269 0.648764
vt 0.441880 0.649039
vt 0.443968 0.645849
vt 0.377116 0.254185
vt 0.376407 0.255477
vt 0.376182 0.253483
vt 0.398028 0.701606
vt 0.395740 0.698820
vt 0.398852 0.697486
vt 0.482241 0.374349
vt 0.484898 0.373655
vt 0.154107 0.312784
vt 0.846002 0.531659
vt 0.040550 0.270716
vt 0.039278 0.271692
vt 0.040460 0.269427
vt 0.816659 0.524295
vt 0.836710 0.507937
vt 0.837304 0.508231
vt 0.087519 0.072844
vt 0.088832 0.072831
vt 0.088364 0.074591
vt 0.975896 0.960085
vt 0.976656 0.957702
vt 0.976787 0.960131
vt 0.777988 0.500311
vt 0.779978 0.500831
vt 0.777996 0.503668
vt 0.154099 0.360434
vt 0.582501 0.815837
vt 0.582506 0.812265
vt 0.420797 0.906676
vt 0.422850 0.904431
vt 0.423537 0.906691
vt 0.394828 0.204435
vt 0.669577 0.977889
vt 0.670027 0.979378
vt 0.668162 0.978474
vt 0.413275 0.612323
vt 0.413326 0.612103
vt 0.413597 0.612652
vt 0.406221 0.200158
vt 0.180289 0.314101
vt 0.181170 0.311961
vt 0.182047 0.313302
vt 0.573233 0.147510
vt 0.572353 0.148602
vt 0.571455 0.147191
vt 0.936498 0.507943
vt 0.935891 0.506330
vt 0.937832 0.505937
vt 0.452027 0.375728
vt 0.450884 0.375304
vt 0.451340 0.374088
vt 0.586719 0.815569
vt 0.535818 0.250375
vt 0.820635 0.550229
vt 0.820875 0.548931
vt 0.186937 0.295707
vt 0.186991 0.295773
vt 0.272739 0.990970
vt 0.272780 0.991144
vt 0.272712 0.991137
vt 0.328813 0.290879
vt 0.328645 0.292366
vt 0.327987 0.291332
vt 0.895827 0.694470
vt 0.896562 0.693651
vt 0.897745 0.695128
vt 0.497028 0.773395
vt 0.497642 0.774369
vt 0.496398 0.774622
vt 0.688824 0.040228
vt 0.689875 0.040184
vt 0.690106 0.041738
vt 0.816765 0.519008
vt 0.820293 0.518854
vt 0.183241 0.291957
vt 0.183028 0.294332
vt 0.181077 0.293180
vt 0.185868 0.293178
vt 0.674989 0.976586
vt 0.534989 0.044861
vt 0.535991 0.045843
vt 0.534154 0.046019
vt 0.272591 0.819134
vt 0.270246 0.818319
vt 0.821418 0.540708
vt 0.692181 0.993538
vt 0.692795 0.996331
vt 0.688143 0.995467
vt 0.151332 0.315630
vt 0.637604 0.116435
vt 0.403732 0.201885
vt 0.400237 0.204470
vt 0.408940 0.199063
vt 0.060128 0.704917
vt 0.061456 0.705947
vt 0.826762 0.236810
vt 0.828321 0.237695
vt 0.436596 0.201816
vt 0.437489 0.203013
vt 0.103153 0.298042
vt 0.481150 0.378073
vt 0.582056 0.815720
vt 0.582183 0.812800
vt 0.217786 0.515423
vt 0.216552 0.515867
vt 0.147804 0.369183
vt 0.148914 0.368174
vt 0.149288 0.369503
vt 0.148731 0.369590
vt 0.421952 0.664399
vt 0.421183 0.664617
vt 0.147709 0.307104
vt 0.477884 0.378284
vt 0.477815 0.378864
vt 0.489516 0.378999
vt 0.489161 0.379562
vt 0.275469 0.819709
vt 0.481233 0.377995
vt 0.582268 0.812660
vt 0.582137 0.815741
vt 0.216305 0.515788
vt 0.217787 0.515255
vt 0.147804 0.369183
vt 0.148578 0.369523
vt 0.149264 0.369418
vt 0.148914 0.368174
vt 0.421952 0.664399
vt 0.421232 0.664603
vt 0.147761 0.307084
vt 0.477884 0.378284
vt 0.477821 0.378816
vt 0.489516 0.378999
vt 0.489253 0.379416
vt 0.275325 0.819681
vt 0.236451 0.796508
vt 0.027248 0.617655
vt 0.030108 0.618165
vt 0.029363 0.621455
vt 0.026864 0.617593
vt 0.825685 0.510854
vt 0.832925 0.508630
vt 0.833917 0.508286
vt 0.831523 0.509180
vt 0.355851 0.649111
vt 0.356178 0.648791
vt 0.356537 0.650352
vt 0.803769 0.738031
vt 0.803835 0.738056
vt 0.803784 0.738088
vt 0.186479 0.292819
vt 0.188058 0.293281
vt 0.815961 0.513771
vt 0.818647 0.511487
vt 0.030826 0.618242
vt 0.928343 0.962119
vt 0.928461 0.962306
vt 0.928863 0.963937
vt 0.928674 0.965121
vt 0.635865 0.789929
vt 0.636097 0.790045
vt 0.636206 0.790425
vt 0.490324 0.092207
vt 0.489642 0.092474
vt 0.488723 0.092508
vt 0.488592 0.092328
vt 0.829027 0.509849
vt 0.828128 0.510173
vt 0.391553 0.204959
vt 0.390859 0.203523
vt 0.391968 0.202661
vt 0.044687 0.618219
vt 0.044228 0.618301
vt 0.044939 0.617948
vt 0.073189 0.893317
vt 0.071691 0.891849
vt 0.072648 0.891768
vt 0.073323 0.892953
vt 0.183428 0.295427
vt 0.186930 0.295441
vt 0.186929 0.295648
vt 0.030115 0.618121
vt 0.027105 0.617595
vt 0.026838 0.617553
vt 0.029363 0.621455
vt 0.825576 0.510824
vt 0.833936 0.508237
vt 0.832905 0.508595
vt 0.831535 0.509134
vt 0.355851 0.649111
vt 0.356591 0.650450
vt 0.356197 0.648772
vt 0.803769 0.738031
vt 0.803786 0.738097
vt 0.803846 0.738060
vt 0.188117 0.293284
vt 0.186491 0.292813
vt 0.818473 0.511563
vt 0.815944 0.513728
vt 0.030885 0.618200
vt 0.928343 0.962119
vt 0.928674 0.965121
vt 0.928869 0.963902
vt 0.928491 0.962354
vt 0.635865 0.789929
vt 0.636295 0.790553
vt 0.636163 0.790078
vt 0.490324 0.092207
vt 0.488589 0.092328
vt 0.829014 0.509805
vt 0.828179 0.510080
vt 0.391968 0.202661
vt 0.390843 0.203535
vt 0.391548 0.204960
vt 0.044687 0.618219
vt 0.045011 0.617871
vt 0.044103 0.618323
vt 0.073189 0.893317
vt 0.073360 0.892855
vt 0.072724 0.891762
vt 0.071691 0.891849
vt 0.183428 0.295427
vt 0.186958 0.295649
vt 0.186959 0.295502
vn 0.9977 -0.0679 0.0011
vn 0.9979 -0.0601 0.0258
vn 0.9948 -0.0997 0.0194
vn 0.9973 -0.0740 -0.0040
vn 0.5194 -0.1132 0.8470
vn 0.5090 -0.0724 0.8577
vn 0.5061 -0.1173 0.8545
vn 0.4919 -0.1130 0.8633
vn 0.5225 -0.1159 0.8447
vn 0.5137 -0.0887 0.8534
vn 0.6014 -0.5067 -0.6177
vn 0.5855 -0.5220 -0.6203
vn 0.5861 -0.5100 -0.6296
vn 0.5677 -0.6672 -0.4823
vn 0.5759 -0.6667 -0.4730
vn 0.5716 -0.6718 -0.4710
vn 0.4759 -0.1808 0.8607
vn 0.4549 -0.1763 0.8729
vn 0.4598 -0.1994 0.8653
vn 0.6131 -0.0121 -0.7899
vn 0.5952 -0.0056 -0.8036
vn 0.6061 0.0040 -0.7954
vn 0.2876 0.2816 -0.9154
vn 0.2748 0.2606 -0.9255
vn 0.2767 0.2974 -0.9137
vn 0.9642 -0.0513 -0.2600
vn 0.9679 -0.0677 -0.2422
vn 0.9625 -0.0669 -0.2629
vn 0.8017 0.2404 -0.5472
vn 0.7973 0.2573 -0.5460
vn 0.8090 0.2398 -0.5367
vn 0.6122 0.2924 -0.7347
vn 0.6160 0.2791 -0.7367
vn 0.5985 0.2858 -0.7484
vn 0.6873 -0.0114 0.7263
vn 0.6906 0.0121 0.7232
vn 0.6759 -0.0022 0.7370
vn 0.8487 -0.2887 0.4430
vn 0.8272 -0.3494 0.4402
vn 0.8425 -0.3403 0.4176
vn 0.1162 -0.0674 0.9909
vn 0.1031 -0.0605 0.9928
vn 0.1066 -0.0788 0.9912
vn 0.3940 -0.1895 -0.8994
vn 0.3811 -0.2363 -0.8938
vn 0.3812 -0.1855 -0.9057
vn 0.6721 -0.1610 -0.7228
vn 0.6495 -0.1688 -0.7413
vn 0.6539 -0.1583 -0.7398
vn -0.4256 0.4202 0.8015
vn -0.4316 0.4055 0.8058
vn 0.1651 0.3390 0.9262
vn 0.6481 -0.3189 -0.6916
vn 0.6664 -0.3212 -0.6729
vn 0.6580 -0.3385 -0.6727
vn 0.9915 -0.0420 0.1230
vn 0.9892 -0.0702 0.1285
vn 0.9921 -0.0689 0.1050
vn 0.4855 0.0419 0.8732
vn 0.4723 0.0474 0.8802
vn 0.4736 0.0308 0.8802
vn 0.9980 -0.0508 0.0374
vn 0.9983 -0.0588 0.0038
vn 1.0000 -0.0013 0.0089
vn 0.8648 -0.4713 0.1735
vn 0.8711 -0.4573 0.1792
vn 0.8523 -0.4841 0.1980
vn 0.8031 -0.3957 -0.4454
vn 0.7807 -0.4152 -0.4670
vn 0.8052 -0.3720 -0.4618
vn 0.6188 0.0680 0.7826
vn 0.6299 0.0462 0.7753
vn 0.6280 0.0629 0.7757
vn 0.6292 0.0702 0.7740
vn 0.6169 0.0598 0.7847
vn 0.6258 0.0567 0.7780
vn 0.7542 0.1598 0.6369
vn 0.7658 0.1671 0.6210
vn 0.7498 0.1843 0.6355
vn 0.7893 -0.3831 0.4798
vn 0.7915 -0.4326 0.4318
vn 0.8066 -0.3782 0.4542
vn 0.8914 -0.0436 0.4511
vn 0.8845 -0.0181 0.4662
vn 0.8798 -0.0401 0.4737
vn 0.9887 -0.1376 -0.0599
vn 0.9869 -0.1319 -0.0926
vn 0.9904 -0.1243 -0.0598
vn 0.6550 -0.1531 0.7399
vn 0.6689 -0.1460 0.7288
vn 0.6702 -0.1214 0.7321
vn 0.6533 -0.1337 0.7452
vn 0.9688 -0.1659 0.1842
vn 0.9731 -0.1654 0.1602
vn 0.9738 -0.1371 0.1814
vn 0.9300 -0.3626 0.0607
vn 0.9259 -0.3661 0.0933
vn 0.9173 -0.3876 0.0910
vn 0.5743 -0.1671 0.8015
vn 0.5868 -0.1505 0.7956
vn 0.5693 -0.1434 0.8095
vn 0.4303 -0.0050 0.9027
vn 0.4075 0.0007 0.9132
vn 0.4101 -0.0174 0.9119
vn 0.5118 0.0572 0.8572
vn 0.5249 0.0585 0.8491
vn 0.5092 0.0719 0.8576
vn 0.9582 0.1053 -0.2660
vn 0.9489 0.1223 -0.2908
vn 0.9540 0.1340 -0.2683
vn 0.6403 0.1289 -0.7573
vn 0.6286 0.1492 -0.7633
vn 0.6414 0.1475 -0.7529
vn -0.0166 -0.5496 0.8352
vn 0.4885 -0.1250 0.8636
vn -0.0342 -0.0201 0.9992
vn 0.1949 0.3785 -0.9049
vn 0.1968 0.3667 -0.9093
vn 0.1831 0.3766 -0.9081
vn 0.8581 -0.2081 0.4695
vn 0.8651 -0.2159 0.4527
vn 0.8709 -0.1930 0.4519
vn 0.4490 -0.2312 -0.8631
vn 0.4208 -0.2284 -0.8779
vn 0.4317 -0.2071 -0.8779
vn 0.8416 -0.2311 0.4881
vn 0.8489 -0.2133 0.4835
vn 0.8288 -0.2145 0.5168
vn 0.3853 -0.1697 -0.9071
vn 0.3894 -0.1567 -0.9077
vn 0.3992 -0.1629 -0.9023
vn 0.4262 -0.1002 0.8990
vn 0.4391 -0.1058 0.8922
vn 0.4411 -0.0886 0.8931
vn 0.4562 -0.1693 0.8736
vn 0.4430 -0.1627 0.8816
vn 0.4384 -0.1816 0.8802
vn 0.5042 -0.0834 0.8595
vn 0.5098 -0.0984 0.8546
vn 0.5203 -0.0807 0.8502
vn 0.1729 0.2648 -0.9487
vn 0.1965 0.2614 -0.9450
vn 0.1880 0.2496 -0.9499
vn 0.9908 -0.0547 -0.1235
vn 0.9891 -0.0539 -0.1368
vn 0.9909 -0.0374 -0.1293
vn 0.7824 0.2080 0.5870
vn 0.7714 0.2219 0.5964
vn 0.7689 0.2058 0.6053
vn 0.8272 -0.1495 0.5417
vn 0.8402 -0.1389 0.5242
vn 0.8251 -0.1287 0.5502
vn 0.4721 -0.1405 0.8703
vn 0.4803 -0.1260 0.8680
vn 0.4638 -0.1270 0.8768
vn 0.9727 0.1917 0.1310
vn 0.9726 0.1753 0.1526
vn 0.9770 0.1645 0.1361
vn 0.4128 -0.4619 -0.7850
vn 0.4117 -0.4495 -0.7928
vn 0.4202 -0.4611 -0.7816
vn 0.4898 -0.3754 -0.7868
vn 0.4841 -0.3860 -0.7852
vn 0.4732 -0.3766 -0.7964
vn 0.9197 -0.1609 -0.3582
vn 0.9190 -0.1719 -0.3549
vn 0.9084 -0.1761 -0.3792
vn 0.8309 -0.2272 -0.5080
vn 0.8352 -0.2391 -0.4953
vn 0.8271 -0.2408 -0.5079
vn 0.7767 -0.3515 -0.5226
vn 0.7614 -0.3486 -0.5465
vn 0.7854 -0.3287 -0.5244
vn 0.8859 -0.3570 -0.2962
vn 0.8957 -0.3438 -0.2820
vn 0.8889 -0.3603 -0.2828
vn 0.4412 0.3441 0.8288
vn -0.0409 0.0276 0.9988
vn -0.0125 -0.5253 0.8508
vn 0.9645 -0.1282 -0.2308
vn 0.9660 -0.1410 -0.2169
vn 0.9627 -0.1387 -0.2325
vn 0.7482 0.3866 0.5392
vn 0.7297 0.3936 0.5591
vn 0.7369 0.3749 0.5624
vn 0.0115 -0.2897 -0.9570
vn 0.0276 -0.3035 -0.9524
vn 0.0095 -0.3045 -0.9525
vn 0.6467 0.0379 0.7618
vn 0.6424 0.0463 0.7650
vn 0.6319 0.0310 0.7744
vn 0.9710 0.1221 0.2057
vn 0.9761 0.1066 0.1892
vn 0.9742 0.1258 0.1872
vn 0.7267 -0.2972 0.6194
vn 0.7231 -0.3267 0.6086
vn 0.7358 -0.3238 0.5947
vn 0.7603 -0.1389 0.6345
vn 0.7705 -0.1602 0.6170
vn 0.7769 -0.1356 0.6148
vn 0.3533 -0.4542 -0.8178
vn 0.3595 -0.4755 -0.8030
vn 0.3484 -0.4559 -0.8190
vn 0.9949 -0.0970 0.0286
vn 0.9949 -0.0774 0.0643
vn 0.9925 -0.1045 0.0627
vn 0.1338 0.7608 -0.6350
vn 0.3092 0.7226 -0.6183
vn 0.2272 -0.0494 -0.9726
vn 0.2145 -0.0408 -0.9759
vn 0.9999 -0.0142 -0.0001
vn 0.9977 -0.0521 -0.0434
vn 0.9990 -0.0049 -0.0449
vn 0.4021 0.1004 -0.9101
vn 0.3913 0.0932 -0.9155
vn 0.3951 0.1083 -0.9122
vn 0.4657 -0.0812 0.8812
vn 0.4930 -0.0883 0.8656
vn 0.4892 -0.0593 0.8702
vn 0.3516 -0.0214 0.9359
vn 0.3679 -0.0218 0.9296
vn 0.3562 0.0048 0.9344
vn 0.9979 -0.0105 0.0643
vn 0.9967 -0.0053 0.0806
vn 0.9968 -0.0292 0.0742
vn 0.9178 -0.1216 0.3780
vn 0.9200 -0.1333 0.3684
vn 0.9277 -0.1127 0.3558
vn 0.9177 -0.1062 0.3828
vn 0.7720 -0.1547 0.6165
vn 0.7577 -0.1447 0.6363
vn 0.7546 -0.1673 0.6345
vn 0.3949 -0.1285 0.9097
vn 0.3784 -0.1697 0.9100
vn 0.4092 -0.1459 0.9007
vn 0.4929 -0.3320 -0.8042
vn 0.4763 -0.3326 -0.8139
vn 0.4926 -0.3186 -0.8098
vn 0.9262 -0.3740 -0.0470
vn 0.9294 -0.3674 -0.0346
vn 0.9235 -0.3820 -0.0344
vn 0.9170 0.0029 -0.3989
vn 0.9133 0.0124 -0.4071
vn 0.9180 0.0241 -0.3959
vn 0.6002 -0.2695 -0.7531
vn 0.5845 -0.2864 -0.7592
vn 0.5843 -0.2714 -0.7648
vn 0.9921 -0.0303 0.1219
vn 0.9972 0.0036 0.0751
vn 0.9918 -0.0012 0.1274
vn 0.9906 -0.0372 -0.1316
vn 0.9872 -0.0521 -0.1509
vn 0.9890 -0.0219 -0.1464
vn 0.3975 -0.1254 0.9090
vn 0.4292 -0.1344 0.8932
vn 0.4056 -0.0994 0.9086
vn 0.9983 -0.0440 0.0376
vn 0.9988 -0.0475 0.0078
vn 0.9997 -0.0204 0.0136
vn 0.6670 -0.2951 -0.6841
vn 0.6798 -0.3103 -0.6645
vn 0.6615 -0.3117 -0.6821
vn 0.6449 -0.4349 -0.6284
vn 0.6430 -0.4198 -0.6406
vn 0.6583 -0.4153 -0.6279
vn 0.7073 0.0626 0.7042
vn 0.6946 0.0600 0.7169
vn 0.7055 0.0418 0.7075
vn 0.9663 0.2363 -0.1020
vn 0.9661 0.2260 -0.1244
vn 0.9569 0.2515 -0.1448
vn 0.9456 0.0931 -0.3118
vn 0.9345 0.0865 -0.3452
vn 0.9405 0.1008 -0.3244
vn 0.9983 -0.0204 0.0543
vn 0.9968 -0.0358 0.0711
vn 0.9973 -0.0493 0.0541
vn 0.9950 -0.0979 -0.0207
vn 0.9937 -0.1119 0.0097
vn 0.9925 -0.1205 -0.0190
vn 0.7627 0.1570 0.6274
vn 0.7587 0.1814 0.6257
vn 0.7495 0.1713 0.6394
vn 0.6126 0.0192 0.7902
vn 0.6307 0.0259 0.7756
vn 0.6132 0.0440 0.7887
vn 0.5761 0.1539 0.8028
vn 0.5887 0.1324 0.7975
vn 0.5985 0.1415 0.7885
vn 0.2565 0.3669 -0.8942
vn 0.2665 0.3580 -0.8949
vn 0.2523 0.3573 -0.8993
vn 0.9542 0.0722 0.2902
vn 0.9578 0.0607 0.2810
vn 0.9552 0.0879 0.2826
vn 0.9244 0.0478 0.3785
vn 0.9288 0.0591 0.3657
vn 0.9201 0.0718 0.3851
vn 0.4469 0.0129 -0.8945
vn 0.4528 0.0029 -0.8916
vn 0.4402 0.0031 -0.8979
vn 0.3125 -0.2435 -0.9182
vn 0.3114 -0.2568 -0.9149
vn 0.3028 -0.2476 -0.9203
vn 0.3507 -0.2000 -0.9149
vn 0.3603 -0.2090 -0.9091
vn 0.3362 -0.2237 -0.9148
vn 0.5726 -0.2317 -0.7864
vn 0.5787 -0.2536 -0.7751
vn 0.5644 -0.2533 -0.7857
vn 0.4825 -0.1759 -0.8581
vn 0.4867 -0.1617 -0.8585
vn 0.5005 -0.1862 -0.8455
vn 0.4952 0.0289 0.8683
vn 0.4812 0.0215 0.8764
vn 0.4969 0.0091 0.8677
vn 0.7300 -0.1346 0.6701
vn 0.7361 -0.1539 0.6591
vn 0.7511 -0.1388 0.6454
vn 0.7426 -0.0997 0.6623
vn 0.7308 -0.1242 0.6711
vn 0.7528 -0.1180 0.6476
vn 0.7281 -0.3371 0.5968
vn 0.7143 -0.3286 0.6180
vn 0.7160 -0.3478 0.6053
vn 0.7252 -0.4631 0.5096
vn 0.7244 -0.4427 0.5285
vn 0.6999 -0.4694 0.5384
vn 0.1090 0.0033 0.9940
vn 0.1062 -0.0131 0.9943
vn 0.1299 -0.0061 0.9915
vn 0.1014 -0.1840 0.9777
vn 0.1100 -0.2319 0.9665
vn 0.1299 -0.2031 0.9705
vn 0.9550 -0.1532 -0.2540
vn 0.9601 -0.1502 -0.2361
vn 0.9563 -0.1664 -0.2403
vn 0.7620 0.1174 0.6369
vn 0.7502 0.0987 0.6538
vn 0.7643 0.0963 0.6376
vn 0.2902 0.1668 -0.9423
vn 0.2822 0.1593 -0.9460
vn 0.2675 0.1829 -0.9460
vn 0.4821 0.1791 -0.8576
vn 0.4676 0.1604 -0.8693
vn 0.4583 0.1668 -0.8730
vn 0.5421 -0.2308 0.8080
vn 0.5900 -0.2030 0.7815
vn 0.5816 -0.1814 0.7930
vn 0.4907 -0.0146 0.8712
vn 0.5105 -0.0245 0.8596
vn 0.5047 -0.0048 0.8633
vn 0.3567 -0.2491 -0.9004
vn 0.4048 -0.2714 -0.8732
vn 0.3792 -0.2825 -0.8812
vn 0.4222 -0.2213 -0.8791
vn 0.4350 -0.2129 -0.8749
vn 0.4272 -0.2372 -0.8725
vn 0.1810 -0.0777 -0.9804
vn 0.1941 -0.0900 -0.9768
vn 0.1728 -0.0984 -0.9800
vn 0.7070 0.1693 0.6867
vn 0.7104 0.1464 0.6884
vn 0.7249 0.1619 0.6695
vn 0.8797 -0.2598 0.3984
vn 0.8687 -0.2842 0.4057
vn 0.8944 -0.2812 0.3479
vn 0.9483 0.1973 -0.2486
vn 0.9517 0.2099 -0.2240
vn 0.9545 0.1934 -0.2269
vn 0.2735 0.3796 -0.8838
vn 0.2855 0.3835 -0.8783
vn 0.2777 0.3695 -0.8868
vn 0.0021 0.0818 -0.9966
vn 0.5725 -0.1846 -0.7988
vn 0.0078 -0.6093 -0.7929
vn -0.0019 -0.6016 -0.7988
vn 0.3051 0.1479 -0.9408
vn 0.3136 0.1374 -0.9396
vn 0.3000 0.1383 -0.9439
vn 0.0622 0.0882 -0.9942
vn 0.0830 0.0870 -0.9927
vn 0.0739 0.0717 -0.9947
vn 0.5324 -0.4494 0.7174
vn 0.4879 -0.4295 0.7599
vn 0.5153 -0.4670 0.7186
vn 0.3830 -0.1615 0.9095
vn 0.3598 -0.1757 0.9163
vn 0.3735 -0.1810 0.9098
vn 0.2819 0.1608 -0.9459
vn 0.2750 0.1453 -0.9504
vn 0.2612 0.1682 -0.9505
vn 0.5974 -0.1315 0.7911
vn -0.0272 0.0251 0.9993
vn -0.0553 -0.5515 0.8323
vn 0.6532 -0.4400 -0.6163
vn 0.6643 -0.4198 -0.6185
vn 0.6627 -0.4346 -0.6099
vn 0.3874 0.0053 -0.9219
vn 0.4078 -0.0107 -0.9130
vn 0.3980 -0.0276 -0.9170
vn 0.5685 -0.2899 -0.7699
vn 0.5500 -0.2959 -0.7810
vn 0.5647 -0.2804 -0.7762
vn 0.5472 -0.5196 -0.6562
vn 0.5447 -0.5358 -0.6451
vn 0.5299 -0.5277 -0.6639
vn 0.6716 -0.3978 -0.6251
vn 0.6880 -0.4053 -0.6020
vn 0.6761 -0.4222 -0.6039
vn 0.6948 -0.4696 0.5447
vn 0.7165 -0.4372 0.5436
vn 0.7077 -0.4221 0.5666
vn 0.6852 -0.0993 0.7216
vn 0.6786 -0.1179 0.7249
vn 0.6931 -0.1145 0.7117
vn 0.8294 -0.3268 0.4531
vn 0.8120 -0.3141 0.4919
vn 0.8016 -0.3403 0.4917
vn 0.8793 -0.3333 0.3403
vn 0.8677 -0.3480 0.3548
vn 0.8678 -0.3627 0.3397
vn 0.4376 -0.2337 0.8683
vn 0.4399 -0.2638 0.8585
vn 0.4619 -0.2320 0.8561
vn 0.9434 0.1470 -0.2972
vn 0.9392 0.1502 -0.3088
vn 0.9412 0.1683 -0.2930
vn 0.9428 0.0988 -0.3184
vn 0.9415 0.0716 -0.3294
vn 0.9393 0.1019 -0.3276
vn 0.9043 -0.1350 -0.4050
vn 0.8959 -0.1384 -0.4220
vn 0.9019 -0.1203 -0.4148
vn 0.2453 -0.1752 -0.9535
vn 0.2214 -0.1588 -0.9622
vn 0.2503 -0.1509 -0.9563
vn 0.4056 -0.4689 -0.7846
vn 0.4136 -0.4471 -0.7931
vn 0.4223 -0.4454 -0.7894
vn 0.2467 -0.0416 0.9682
vn 0.2468 -0.0273 0.9687
vn 0.2215 -0.0406 0.9743
vn 0.3803 -0.0990 0.9195
vn 0.3862 -0.0498 0.9210
vn 0.3667 -0.0789 0.9270
vn 0.1005 -0.0827 0.9915
vn 0.1276 -0.0712 0.9893
vn 0.1127 -0.0363 0.9930
vn -0.0761 0.4205 -0.9041
vn 0.1804 0.3715 -0.9107
vn -0.0936 -0.3012 -0.9490
vn -0.1045 -0.2895 -0.9515
vn 0.4335 -0.0351 0.9005
vn 0.4433 -0.0428 0.8954
vn 0.4548 -0.0185 0.8904
vn 0.3313 -0.3428 -0.8791
vn 0.3187 -0.3458 -0.8825
vn 0.3246 -0.3322 -0.8856
vn 0.7072 0.2251 -0.6703
vn 0.7175 0.2465 -0.6515
vn 0.7301 0.2351 -0.6416
vn 0.9999 0.0143 -0.0084
vn 0.9996 0.0259 0.0075
vn 0.9999 0.0130 0.0060
vn 0.4153 -0.2370 -0.8782
vn 0.3633 -0.2439 -0.8992
vn 0.4062 -0.2204 -0.8868
vn 0.9952 0.0168 -0.0967
vn 0.9961 0.0407 -0.0789
vn 0.9971 0.0207 -0.0732
vn 0.9723 -0.0165 -0.2331
vn 0.9707 0.0021 -0.2403
vn 0.9740 -0.0001 -0.2267
vn 0.8473 -0.1422 0.5117
vn 0.8479 -0.1194 0.5166
vn 0.8287 -0.1347 0.5433
vn 0.8693 -0.2685 -0.4149
vn 0.8651 -0.2654 -0.4257
vn 0.8710 -0.2585 -0.4179
vn 0.8586 -0.2170 -0.4644
vn 0.8538 -0.2259 -0.4690
vn 0.8552 -0.2139 -0.4721
vn 0.6431 0.2285 -0.7309
vn 0.6500 0.2515 -0.7171
vn 0.6630 0.2190 -0.7158
vn 0.8109 -0.0629 0.5818
vn 0.8196 -0.0789 0.5675
vn 0.8243 -0.0590 0.5630
vn 0.2202 -0.1885 0.9571
vn 0.2415 -0.1942 0.9507
vn 0.2302 -0.1694 0.9583
vn 0.7582 -0.1475 0.6351
vn 0.7585 -0.1233 0.6399
vn 0.7460 -0.1466 0.6496
vn 0.0165 0.3788 -0.9253
vn 0.6835 -0.2097 -0.6992
vn 0.0197 -0.3476 -0.9375
vn 0.9920 -0.0502 0.1160
vn 0.9932 -0.0604 0.0994
vn 0.9940 -0.0445 0.1001
vn 0.9115 -0.1375 -0.3876
vn 0.9161 -0.1539 -0.3702
vn 0.9099 -0.1754 -0.3760
vn 0.8801 -0.2299 -0.4154
vn 0.8716 -0.2264 -0.4348
vn 0.8848 -0.2164 -0.4127
vn 0.5299 -0.0982 0.8423
vn 0.5227 -0.0839 0.8484
vn 0.5154 -0.1018 0.8509
vn 0.9604 -0.1368 -0.2427
vn 0.9547 -0.1629 -0.2488
vn 0.9545 -0.1497 -0.2580
vn 0.5843 0.0692 0.8086
vn 0.5781 0.0861 0.8114
vn 0.5616 0.0777 0.8238
vn 0.8948 -0.3512 -0.2756
vn 0.8856 -0.3635 -0.2892
vn 0.8913 -0.3488 -0.2898
vn 0.6873 0.0734 0.7226
vn 0.6741 0.0717 0.7351
vn 0.6872 0.0533 0.7245
vn 0.6799 0.2041 0.7043
vn 0.6743 0.2261 0.7030
vn 0.6649 0.2029 0.7188
vn -0.0387 -0.6219 0.7821
vn 0.2530 -0.3906 0.8851
vn -0.0486 -0.1562 0.9865
vn -0.0729 -0.1890 0.9793
vn 0.6846 0.0558 0.7268
vn 0.6839 0.0834 0.7248
vn 0.6711 0.0789 0.7371
vn 0.7184 0.0968 0.6889
vn 0.7030 0.1193 0.7012
vn 0.6990 0.1041 0.7075
vn 0.5320 0.1260 -0.8373
vn -0.1414 0.0329 -0.9894
vn -0.0909 0.7908 -0.6053
vn 0.3989 -0.4025 -0.8240
vn 0.3918 -0.3891 -0.8337
vn 0.4069 -0.3857 -0.8281
vn 0.1307 -0.0053 0.9914
vn 0.1125 -0.0170 0.9935
vn 0.1278 -0.0276 0.9914
vn 0.3396 -0.1312 0.9314
vn 0.3444 -0.1538 0.9261
vn 0.3557 -0.1318 0.9253
vn 0.8495 -0.3759 0.3702
vn 0.8468 -0.3927 0.3589
vn 0.8794 -0.3428 0.3303
vn 0.0555 -0.2500 0.9667
vn -0.2786 -0.3761 0.8837
vn -0.2429 -0.7060 0.6653
vn -0.3174 0.3132 0.8951
vn -0.3515 0.3382 0.8729
vn -0.3621 0.2576 0.8958
vn -0.3187 0.2936 0.9012
vn 0.9899 0.0007 -0.1415
vn 0.9880 -0.0281 -0.1521
vn 0.9852 -0.0160 -0.1706
vn 0.9892 0.1199 -0.0848
vn 0.9901 0.0949 -0.1032
vn 0.9869 0.1252 -0.1016
vn 0.7301 0.1811 -0.6589
vn 0.7522 0.1688 -0.6370
vn 0.7397 0.1514 -0.6557
vn 0.5725 0.0441 -0.8187
vn 0.5860 0.0486 -0.8089
vn 0.5904 0.0396 -0.8062
vn 0.5780 0.0339 -0.8153
vn 0.2230 0.1099 -0.9686
vn 0.2300 0.0973 -0.9683
vn 0.2215 0.0963 -0.9704
vn 0.2821 0.1471 -0.9480
vn 0.2978 0.1470 -0.9432
vn 0.2913 0.1360 -0.9469
vn 0.7101 0.0640 -0.7012
vn 0.7271 0.0811 -0.6817
vn 0.7263 0.0525 -0.6854
vn 0.1645 0.9620 -0.2178
vn 0.9139 0.1582 -0.3738
vn 0.2741 0.3730 -0.8864
vn 0.2824 0.3849 -0.8787
vn 0.7320 0.1721 -0.6593
vn 0.7224 0.1858 -0.6660
vn 0.7366 0.1968 -0.6471
vn 0.0505 -0.4142 -0.9088
vn 0.0376 -0.4271 -0.9034
vn 0.0340 -0.4136 -0.9098
vn 0.1804 -0.0482 -0.9824
vn 0.1911 -0.0466 -0.9805
vn 0.1849 -0.0580 -0.9810
vn 0.9988 0.0488 -0.0045
vn 0.9997 0.0163 -0.0181
vn 0.9986 0.0383 -0.0352
vn 0.9974 0.0508 -0.0513
vn 0.9962 0.0436 -0.0748
vn 0.9949 0.0724 -0.0700
vn 0.9504 0.0909 -0.2975
vn 0.9469 0.1112 -0.3016
vn 0.9574 0.0932 -0.2733
vn 0.7161 0.0928 0.6918
vn 0.7250 0.0854 0.6834
vn 0.7284 0.0949 0.6786
vn 0.7193 0.1052 0.6866
vn 0.7642 -0.3682 0.5296
vn 0.7703 -0.3747 0.5160
vn 0.7753 -0.3604 0.5187
vn 0.7958 -0.1420 0.5887
vn 0.7688 -0.1735 0.6155
vn 0.7845 -0.1778 0.5941
vn 0.8849 0.0504 -0.4630
vn 0.8855 0.0796 -0.4579
vn 0.8909 0.0768 -0.4477
vn 0.9478 0.1429 0.2852
vn 0.9477 0.1233 0.2943
vn 0.9548 0.1193 0.2722
vn 0.8207 -0.0357 0.5702
vn 0.8258 -0.0617 0.5605
vn 0.8304 -0.0319 0.5562
vn 0.1998 0.0914 0.9756
vn 0.1827 0.0730 0.9805
vn 0.2000 0.0589 0.9780
vn 0.8266 -0.2224 -0.5169
vn 0.8187 -0.2291 -0.5265
vn 0.8183 -0.2128 -0.5340
vn 0.8251 -0.2152 -0.5223
vn 0.3121 -0.3090 -0.8984
vn 0.3176 -0.3187 -0.8931
vn 0.3043 -0.3202 -0.8972
vn 0.5273 -0.1166 0.8416
vn 0.5278 -0.0505 0.8479
vn 0.5005 -0.1041 0.8595
vn 0.0075 -0.3524 0.9358
vn 0.0183 -0.2924 0.9561
vn -0.0165 -0.3489 0.9370
vn -0.2518 -0.2047 0.9459
vn -0.1999 -0.1886 0.9615
vn -0.2676 -0.1329 0.9543
vn 0.9929 0.0317 -0.1146
vn 0.9935 0.0518 -0.1014
vn 0.9951 0.0366 -0.0915
vn 0.5307 -0.0249 -0.8472
vn 0.5159 -0.0470 -0.8554
vn 0.5098 -0.0326 -0.8596
vn 0.7603 0.1711 0.6266
vn 0.7431 0.1710 0.6470
vn 0.7597 0.1527 0.6321
vn 0.1583 -0.2355 -0.9589
vn 0.1641 -0.2081 -0.9642
vn 0.1804 -0.2262 -0.9572
vn 0.3035 -0.1791 0.9358
vn 0.3278 -0.2119 0.9207
vn 0.3236 -0.1603 0.9325
vn 0.9894 -0.0412 -0.1390
vn 0.9881 -0.0202 -0.1526
vn 0.9907 -0.0150 -0.1355
vn -0.0043 -0.8026 0.5965
vn 0.6560 -0.2531 0.7110
vn -0.0157 -0.2000 0.9797
vn -0.0118 -0.2114 0.9773
vn 0.2569 0.1509 -0.9546
vn 0.2707 0.1718 -0.9472
vn 0.2742 0.1442 -0.9508
vn 0.2127 0.0064 -0.9771
vn 0.1961 -0.0056 -0.9806
vn 0.1961 0.0190 -0.9804
vn 0.8209 -0.3480 -0.4528
vn 0.8273 -0.3373 -0.4493
vn 0.8259 -0.3483 -0.4434
vn 0.9340 -0.1193 -0.3369
vn 0.9356 -0.1406 -0.3240
vn 0.9301 -0.1449 -0.3375
vn 0.9652 0.1810 0.1885
vn 0.9655 0.1972 0.1698
vn 0.9596 0.2001 0.1976
vn 0.8556 -0.0348 0.5165
vn 0.8550 -0.0805 0.5124
vn 0.8645 -0.0648 0.4984
vn 0.9619 0.2662 0.0630
vn 0.9604 0.2749 0.0445
vn 0.9562 0.2860 0.0617
vn 0.2469 -0.1570 -0.9562
vn 0.2223 -0.1586 -0.9620
vn 0.2435 -0.1453 -0.9589
vn 0.0839 -0.0033 0.9965
vn 0.0857 0.0263 0.9960
vn 0.0616 0.0283 0.9977
vn 0.1626 -0.0427 0.9858
vn -0.4727 0.0385 0.8804
vn -0.4054 -0.4438 0.7992
vn 0.4555 0.1854 -0.8707
vn 0.4618 0.1716 -0.8702
vn 0.4356 0.1729 -0.8834
vn 0.2560 0.1250 -0.9585
vn 0.2657 0.1252 -0.9559
vn 0.2625 0.1119 -0.9584
vn 0.9958 0.0309 -0.0862
vn 0.9933 0.0427 -0.1076
vn 0.9944 0.0514 -0.0925
vn 0.8623 -0.4947 0.1081
vn 0.8679 -0.4783 0.1337
vn 0.8457 -0.5198 0.1210
vn 0.9470 -0.0193 -0.3206
vn 0.9554 -0.0254 -0.2942
vn 0.9495 -0.0372 -0.3114
vn 0.9349 -0.1409 -0.3258
vn 0.9363 -0.1588 -0.3133
vn 0.9282 -0.1635 -0.3341
vn 0.4660 0.1872 -0.8647
vn 0.4655 0.2131 -0.8590
vn 0.4893 0.1849 -0.8523
vn 0.7292 -0.1195 0.6738
vn 0.7178 -0.1352 0.6830
vn 0.7315 -0.1512 0.6649
vn 0.9938 -0.0645 0.0902
vn 0.9930 -0.0460 0.1086
vn 0.9921 -0.0720 0.1026
vn 0.2089 0.5686 -0.7956
vn 0.8618 0.2609 -0.4351
vn 0.3089 -0.2145 -0.9266
vn 0.3039 -0.2024 -0.9309
vn 0.6641 -0.0902 -0.7421
vn 0.6593 -0.0763 -0.7480
vn 0.6741 -0.0790 -0.7344
vn 0.8499 0.0294 -0.5262
vn 0.8534 0.0502 -0.5189
vn 0.8560 0.0353 -0.5158
vn 0.6485 0.0777 0.7573
vn 0.6340 0.0801 0.7692
vn 0.6310 0.0600 0.7734
vn 0.5542 -0.1756 -0.8136
vn 0.5095 -0.1633 -0.8448
vn 0.5229 -0.1480 -0.8395
vn 0.4809 -0.3116 -0.8196
vn 0.4701 -0.2930 -0.8326
vn 0.5070 -0.2607 -0.8216
vn 0.4688 -0.0718 0.8804
vn 0.4933 -0.0742 0.8667
vn 0.4989 -0.0536 0.8650
vn 0.4743 -0.0468 0.8791
vn 0.1892 0.0607 0.9801
vn 0.2142 0.0674 0.9745
vn 0.1962 0.0909 0.9763
vn 0.9942 -0.0338 0.1024
vn 0.9950 0.0322 0.0945
vn 0.9920 0.0080 0.1261
vn -0.1541 -0.0978 0.9832
vn -0.2110 -0.0889 0.9734
vn -0.1509 -0.1547 0.9764
vn 0.9316 -0.3022 0.2017
vn 0.9296 -0.3293 0.1654
vn 0.9425 -0.2822 0.1792
vn 0.1695 0.2387 0.9562
vn 0.2159 0.1543 0.9641
vn 0.2254 0.2180 0.9495
vn 0.9590 0.0450 -0.2797
vn 0.9584 0.0170 -0.2848
vn 0.9510 0.0559 -0.3042
vn 0.9823 0.0675 -0.1749
vn 0.9764 0.0696 -0.2046
vn 0.9743 0.1012 -0.2013
vn 0.9967 0.0806 -0.0119
vn 0.9986 0.0480 -0.0221
vn 0.9974 0.0644 -0.0322
vn 0.7573 0.1625 0.6325
vn 0.7429 0.1799 0.6447
vn 0.7445 0.1565 0.6491
vn 0.9662 0.1591 -0.2026
vn 0.9734 0.1351 -0.1849
vn 0.9656 0.1477 -0.2140
vn 0.8686 -0.1540 0.4709
vn 0.8620 -0.1405 0.4870
vn 0.8614 -0.1687 0.4790
vn 0.7501 -0.1926 0.6326
vn 0.7591 -0.1696 0.6285
vn 0.7332 -0.1683 0.6589
vn -0.3112 -0.6727 0.6713
vn 0.0717 -0.1612 0.9843
vn -0.4007 -0.3024 0.8648
vn 0.7224 -0.3937 -0.5684
vn 0.7380 -0.3781 -0.5590
vn 0.7331 -0.3920 -0.5558
vn 0.4653 -0.1993 0.8624
vn 0.4663 -0.1796 0.8662
vn 0.4497 -0.1960 0.8714
vn 0.3650 -0.4481 -0.8161
vn -0.1766 -0.0726 -0.9816
vn -0.1369 0.5435 -0.8282
vn 0.9677 -0.0879 -0.2362
vn 0.9666 -0.1031 -0.2345
vn 0.9623 -0.1016 -0.2525
vn 0.9732 -0.1495 -0.1746
vn 0.9665 -0.1562 -0.2037
vn 0.9767 -0.1228 -0.1759
vn -0.1195 0.3461 -0.9306
vn 0.4557 -0.5787 -0.6763
vn -0.1608 -0.3577 -0.9199
vn 0.3324 0.0015 0.9431
vn 0.3403 -0.0049 0.9403
vn 0.3394 0.0160 0.9405
vn 0.3746 -0.0258 0.9268
vn 0.3828 -0.0108 0.9238
vn 0.3681 -0.0099 0.9297
vn 0.8210 -0.0345 -0.5698
vn 0.8218 0.0076 -0.5697
vn 0.8325 -0.0163 -0.5537
vn 0.4351 -0.0368 0.8996
vn 0.4587 -0.0325 0.8880
vn 0.4358 -0.0224 0.8997
vn 0.5046 -0.2273 0.8329
vn 0.5260 -0.2326 0.8180
vn 0.5195 -0.2052 0.8295
vn 0.9345 -0.2315 0.2702
vn 0.9396 -0.2430 0.2409
vn 0.9435 -0.2280 0.2407
vn 0.9477 -0.1093 -0.2999
vn 0.9464 -0.0933 -0.3092
vn 0.9507 -0.0934 -0.2957
vn 0.6318 -0.1840 0.7530
vn 0.6231 -0.1707 0.7633
vn 0.6060 -0.1913 0.7721
vn 0.5055 -0.1494 0.8498
vn 0.5182 -0.1649 0.8392
vn 0.5311 -0.1446 0.8349
vn 0.4771 -0.1818 0.8598
vn 0.4741 -0.2045 0.8564
vn 0.4890 -0.1965 0.8498
vn 0.9073 0.2307 -0.3516
vn 0.9012 0.2466 -0.3565
vn 0.9077 0.2446 -0.3411
vn 0.8459 -0.2675 0.4614
vn 0.8323 -0.2804 0.4781
vn 0.8373 -0.3137 0.4479
vn 0.9642 -0.2279 -0.1356
vn 0.9712 -0.1916 -0.1418
vn 0.9672 -0.2206 -0.1258
vn 0.2709 0.0936 -0.9581
vn 0.2708 0.0853 -0.9588
vn 0.2587 0.0836 -0.9623
vn 0.1193 0.2716 -0.9550
vn 0.1219 0.2877 -0.9499
vn 0.1324 0.2778 -0.9515
vn 0.9751 0.1188 0.1871
vn 0.9721 0.1304 0.1951
vn 0.9715 0.1178 0.2058
vn 0.6827 -0.1302 -0.7190
vn 0.6922 -0.1411 -0.7077
vn 0.6832 -0.1560 -0.7134
vn 0.6720 -0.1498 -0.7252
vn 0.4341 -0.0773 0.8975
vn 0.4344 -0.1054 0.8945
vn 0.4487 -0.0837 0.8897
vn 0.4198 -0.1141 0.9004
vn 0.4088 -0.0856 0.9086
vn 0.4012 -0.0993 0.9106
vn 0.8295 0.3163 0.4602
vn 0.8440 0.3012 0.4438
vn 0.8407 0.3201 0.4368
vn 0.9854 -0.0692 -0.1556
vn 0.9837 -0.0855 -0.1579
vn 0.9818 -0.0737 -0.1751
vn 0.9863 -0.1650 0.0004
vn 0.9821 -0.1881 -0.0084
vn 0.9862 -0.1643 -0.0221
vn 0.9576 -0.0466 0.2842
vn 0.9527 -0.0326 0.3020
vn 0.9504 -0.0612 0.3050
vn 0.4178 -0.1571 0.8948
vn 0.3804 -0.1510 0.9124
vn 0.4121 -0.1740 0.8944
vn 0.3705 -0.0208 0.9286
vn 0.3695 -0.0037 0.9292
vn 0.3460 -0.0065 0.9382
vn 0.7917 -0.4199 0.4437
vn 0.8109 -0.4153 0.4122
vn 0.8115 -0.3991 0.4269
vn 0.7221 -0.2755 0.6345
vn 0.7424 -0.2472 0.6227
vn 0.7357 -0.2444 0.6317
vn 0.1820 -0.0964 -0.9786
vn 0.1824 -0.1177 -0.9762
vn 0.1665 -0.1064 -0.9803
vn 0.1272 0.0461 -0.9908
vn 0.1463 0.0421 -0.9883
vn 0.1293 0.0306 -0.9911
vn 0.9500 -0.1138 -0.2907
vn 0.9550 -0.1152 -0.2732
vn 0.9503 -0.1298 -0.2830
vn 0.9472 -0.3024 0.1062
vn 0.9441 -0.3194 0.0811
vn 0.9525 -0.2902 0.0928
vn 0.2051 -0.0890 0.9747
vn 0.2256 -0.1071 0.9683
vn 0.2291 -0.0832 0.9698
vn 0.2131 -0.0973 0.9722
vn 0.2295 -0.0801 0.9700
vn 0.2108 -0.0633 0.9755
vn 0.9313 0.1297 0.3405
vn 0.9274 0.1088 0.3579
vn 0.9357 0.1047 0.3370
vn 0.3969 -0.0942 0.9130
vn 0.4015 -0.1091 0.9093
vn 0.4309 -0.0882 0.8981
vn 0.5527 -0.0418 0.8323
vn 0.5580 -0.0498 0.8284
vn 0.5638 -0.0334 0.8253
vn 0.8172 -0.1874 0.5450
vn 0.8001 -0.1857 0.5704
vn 0.8011 -0.2071 0.5616
vn 0.4264 -0.1962 0.8830
vn 0.4427 -0.2055 0.8728
vn 0.4365 -0.1821 0.8811
vn 0.4194 -0.0450 0.9067
vn 0.4682 -0.0114 0.8836
vn 0.4177 -0.0250 0.9083
vn 0.5759 0.0786 0.8137
vn 0.5730 0.0534 0.8178
vn 0.5879 0.0702 0.8059
vn 0.5107 -0.0537 0.8581
vn 0.5240 -0.0620 0.8494
vn 0.5258 -0.0498 0.8491
vn 0.3718 0.0045 0.9283
vn 0.3573 0.0080 0.9340
vn 0.3566 -0.0104 0.9342
vn 0.6746 -0.0841 -0.7334
vn 0.6863 -0.1030 -0.7200
vn 0.6745 -0.0996 -0.7315
vn 0.5461 -0.0581 0.8357
vn 0.5281 -0.0636 0.8468
vn 0.5466 -0.0795 0.8336
vn 0.4581 -0.0298 0.8884
vn 0.4510 -0.0504 0.8911
vn 0.4772 -0.0400 0.8779
vn 0.7204 -0.0691 0.6901
vn 0.7291 -0.0844 0.6792
vn 0.7295 -0.0638 0.6810
vn -0.3496 -0.3064 0.8854
vn -0.3365 -0.3602 0.8701
vn -0.2980 -0.6623 0.6875
vn 0.0521 -0.5066 0.8606
vn -0.0617 -0.3212 -0.9450
vn -0.0428 0.3490 -0.9362
vn 0.3006 -0.8056 -0.5106
vn -0.0682 -0.3343 -0.9400
vn -0.0577 -0.3195 -0.9458
vn -0.0478 0.4054 -0.9129
vn 0.6066 -0.1298 -0.7843
vn -0.0164 0.0636 0.9978
vn 0.0006 -0.5711 0.8209
vn 0.5376 0.3620 0.7616
vn 0.0023 0.0545 0.9985
vn 0.0111 -0.5637 0.8259
vn 0.4042 -0.3661 0.8382
vn -0.0005 0.0861 0.9963
vn -0.1979 -0.1101 -0.9740
vn -0.1983 -0.0918 -0.9758
vn -0.1519 0.5537 -0.8187
vn 0.3861 0.2369 -0.8915
vn 0.2049 0.2442 -0.9478
vn 0.1259 0.9126 -0.3890
vn 0.8273 0.3272 -0.4567
vn -0.1116 -0.2778 -0.9541
vn -0.1114 -0.2667 -0.9573
vn -0.0851 0.4191 -0.9040
vn 0.5169 0.0603 -0.8539
vn 0.2626 0.3807 -0.8866
vn 0.1706 0.9418 -0.2895
vn 0.4187 -0.5000 -0.7581
vn -0.0410 0.0380 0.9984
vn -0.0178 -0.5535 0.8327
vn 0.5275 -0.0632 0.8472
vn -0.4731 -0.0459 0.8798
vn -0.5026 -0.0884 0.8600
vn -0.4204 -0.5076 0.7521
vn -0.0659 -0.3005 0.9515
vn -0.1111 -0.1532 -0.9819
vn -0.0823 0.5172 -0.8519
vn 0.1841 -0.7705 -0.6103
vn -0.0658 -0.1802 0.9814
vn -0.0425 -0.6624 0.7479
vn 0.3728 0.0930 0.9233
vn 0.0013 0.0388 0.9992
vn -0.0020 0.0089 1.0000
vn 0.0077 -0.5304 0.8477
vn 0.3507 -0.3816 0.8552
vn -0.0159 0.1572 -0.9874
vn -0.0086 0.7717 -0.6360
vn 0.4839 -0.4708 -0.7377
vn -0.0814 -0.1546 0.9846
vn -0.0613 -0.6129 0.7877
vn 0.1189 0.3174 0.9408
vn -0.0037 -0.0206 0.9998
vn 0.0102 -0.7090 0.7051
vn 0.6844 0.0092 0.7290
vn -0.0575 -0.1368 0.9889
vn -0.0485 -0.5859 0.8089
vn 0.4119 0.0025 0.9112
vn -0.0820 -0.1047 0.9911
vn -0.0544 -0.0266 0.9982
vn -0.0263 -0.6777 0.7349
vn 0.4699 -0.2947 0.8321
vn -0.0058 0.0125 0.9999
vn -0.0076 -0.0085 0.9999
vn 0.0122 -0.6838 0.7295
vn 0.4550 -0.4652 0.7593
vn 0.0588 -0.1088 -0.9923
vn 0.0408 -0.1052 -0.9936
vn 0.0512 -0.0910 -0.9945
vn 0.0306 0.6371 -0.7702
vn 0.6483 0.3118 -0.6947
vn -0.5763 -0.4562 -0.6781
vn 0.0331 0.6438 -0.7645
vn 0.7559 -0.0733 -0.6506
vn 0.2718 0.1590 -0.9491
vn 0.1729 0.8500 -0.4976
vn 0.7988 0.4936 -0.3439
vn 0.2706 0.1444 -0.9518
vn 0.0183 -0.0154 0.9997
vn 0.0129 -0.0300 0.9995
vn 0.0207 -0.6885 0.7249
vn 0.5593 -0.4382 0.7037
vn -0.9962 -0.0846 0.0182
vn -0.9968 -0.0798 -0.0002
vn -0.9959 -0.0907 -0.0055
vn -0.9934 -0.1134 0.0155
vn -0.5136 -0.1135 0.8505
vn -0.4981 -0.1092 0.8602
vn -0.5044 -0.0703 0.8606
vn -0.4910 -0.1046 0.8649
vn -0.5172 -0.0854 0.8516
vn -0.5114 -0.1042 0.8530
vn -0.5938 -0.5129 -0.6200
vn -0.5814 -0.5139 -0.6307
vn -0.5793 -0.5297 -0.6195
vn -0.5584 -0.6743 -0.4831
vn -0.5638 -0.6785 -0.4709
vn -0.5665 -0.6747 -0.4732
vn -0.4773 -0.1842 0.8592
vn -0.4629 -0.2060 0.8621
vn -0.4565 -0.1838 0.8705
vn -0.6078 -0.0255 -0.7937
vn -0.6022 -0.0019 -0.7983
vn -0.5942 -0.0146 -0.8042
vn -0.2896 0.2762 -0.9164
vn -0.2800 0.2940 -0.9139
vn -0.2784 0.2566 -0.9256
vn -0.9632 -0.0635 -0.2612
vn -0.9609 -0.0772 -0.2660
vn -0.9646 -0.0877 -0.2488
vn -0.8026 0.2314 -0.5498
vn -0.8108 0.2345 -0.5363
vn -0.8004 0.2475 -0.5460
vn -0.6161 0.2824 -0.7353
vn -0.6022 0.2781 -0.7483
vn -0.6187 0.2726 -0.7368
vn -0.6849 -0.0115 0.7286
vn -0.6759 -0.0008 0.7370
vn -0.6917 0.0118 0.7221
vn -0.8612 -0.3064 0.4055
vn -0.8411 -0.3667 0.3975
vn -0.8318 -0.3654 0.4179
vn -0.1135 -0.0683 0.9912
vn -0.1022 -0.0801 0.9915
vn -0.0948 -0.0677 0.9932
vn -0.3903 -0.1964 -0.8995
vn -0.3788 -0.1891 -0.9060
vn -0.3507 -0.2283 -0.9082
vn -0.6675 -0.1770 -0.7233
vn -0.6497 -0.1669 -0.7416
vn -0.6466 -0.1774 -0.7420
vn 0.8406 0.3442 0.4183
vn 0.3983 0.4174 0.8168
vn 0.4147 0.4079 0.8134
vn -0.6434 -0.3263 -0.6925
vn -0.6489 -0.3478 -0.6767
vn -0.6611 -0.3270 -0.6753
vn -0.9914 -0.0540 0.1192
vn -0.9925 -0.0718 0.0989
vn -0.9885 -0.0832 0.1262
vn -0.4830 0.0370 0.8748
vn -0.4731 0.0238 0.8807
vn -0.4713 0.0424 0.8809
vn -0.9969 -0.0714 0.0319
vn -0.9998 -0.0136 0.0147
vn -0.9972 -0.0740 0.0045
vn -0.8581 -0.4834 0.1729
vn -0.8487 -0.4886 0.2023
vn -0.8652 -0.4681 0.1795
vn -0.7944 -0.4113 -0.4469
vn -0.8004 -0.3822 -0.4619
vn -0.7756 -0.4267 -0.4651
vn -0.6266 0.0697 0.7763
vn -0.6349 0.0640 0.7700
vn -0.6240 0.0491 0.7799
vn -0.6321 0.0636 0.7723
vn -0.6298 0.0493 0.7752
vn -0.6208 0.0544 0.7821
vn -0.7590 0.1490 0.6338
vn -0.7548 0.1756 0.6320
vn -0.7692 0.1564 0.6196
vn -0.7795 -0.4165 0.4679
vn -0.7988 -0.4069 0.4431
vn -0.7684 -0.4661 0.4385
vn -0.8866 -0.0488 0.4599
vn -0.8754 -0.0566 0.4800
vn -0.8813 -0.0293 0.4717
vn -0.9865 -0.1489 -0.0685
vn -0.9883 -0.1360 -0.0685
vn -0.9842 -0.1451 -0.1016
vn -0.6693 -0.1605 0.7254
vn -0.6572 -0.1524 0.7382
vn -0.6557 -0.1403 0.7419
vn -0.6732 -0.1329 0.7275
vn -0.9665 -0.1845 0.1787
vn -0.9737 -0.1466 0.1743
vn -0.9714 -0.1772 0.1583
vn -0.9286 -0.3663 0.0588
vn -0.9146 -0.3976 0.0742
vn -0.9211 -0.3789 0.0895
vn -0.5712 -0.1870 0.7993
vn -0.5788 -0.1561 0.8004
vn -0.5858 -0.1727 0.7918
vn -0.4338 0.0053 0.9010
vn -0.4166 -0.0183 0.9089
vn -0.4134 -0.0016 0.9105
vn -0.5141 0.0545 0.8560
vn -0.5104 0.0689 0.8572
vn -0.5271 0.0587 0.8478
vn -0.9590 0.0933 -0.2674
vn -0.9547 0.1226 -0.2710
vn -0.9498 0.1113 -0.2922
vn -0.6398 0.1203 -0.7591
vn -0.6398 0.1436 -0.7550
vn -0.6292 0.1411 -0.7643
vn -0.3151 -0.4277 0.8472
vn 0.0365 -0.0190 0.9992
vn 0.0192 0.4965 0.8678
vn -0.1989 0.3756 -0.9052
vn -0.1867 0.3703 -0.9099
vn -0.2003 0.3642 -0.9095
vn -0.8562 -0.2161 0.4693
vn -0.8677 -0.2095 0.4508
vn -0.8606 -0.2321 0.4532
vn -0.4391 -0.2318 -0.8680
vn -0.4264 -0.2128 -0.8792
vn -0.4189 -0.2326 -0.8777
vn -0.8369 -0.2317 0.4958
vn -0.8259 -0.2194 0.5194
vn -0.8476 -0.2128 0.4862
vn -0.3810 -0.1739 -0.9081
vn -0.3943 -0.1732 -0.9025
vn -0.3874 -0.1615 -0.9076
vn -0.4262 -0.1058 0.8984
vn -0.4412 -0.0963 0.8923
vn -0.4411 -0.1117 0.8905
vn -0.4506 -0.1743 0.8755
vn -0.4317 -0.1870 0.8824
vn -0.4322 -0.1719 0.8853
vn -0.5057 -0.0810 0.8589
vn -0.5175 -0.0866 0.8513
vn -0.5050 -0.1016 0.8571
vn -0.1772 0.2661 -0.9475
vn -0.1892 0.2472 -0.9503
vn -0.1959 0.2621 -0.9450
vn -0.9908 -0.0604 -0.1210
vn -0.9903 -0.0501 -0.1297
vn -0.9881 -0.0660 -0.1387
vn -0.7838 0.1995 0.5881
vn -0.7709 0.1972 0.6056
vn -0.7713 0.2140 0.5995
vn -0.8285 -0.1559 0.5378
vn -0.8297 -0.1332 0.5421
vn -0.8427 -0.1402 0.5199
vn -0.4738 -0.1459 0.8684
vn -0.4663 -0.1311 0.8749
vn -0.4828 -0.1336 0.8655
vn -0.9759 0.1784 0.1254
vn -0.9795 0.1522 0.1322
vn -0.9743 0.1698 0.1477
vn -0.4050 -0.4659 -0.7867
vn -0.4131 -0.4664 -0.7822
vn -0.4032 -0.4554 -0.7938
vn -0.4827 -0.3798 -0.7891
vn -0.4666 -0.3838 -0.7968
vn -0.4778 -0.3921 -0.7861
vn -0.9159 -0.1719 -0.3627
vn -0.9063 -0.1784 -0.3832
vn -0.9164 -0.1830 -0.3559
vn -0.8250 -0.2392 -0.5120
vn -0.8245 -0.2532 -0.5061
vn -0.8314 -0.2494 -0.4965
vn -0.7774 -0.3555 -0.5190
vn -0.7810 -0.3392 -0.5244
vn -0.7559 -0.3656 -0.5431
vn -0.8815 -0.3658 -0.2987
vn -0.8846 -0.3706 -0.2829
vn -0.8909 -0.3559 -0.2823
vn 0.0171 0.5861 0.8101
vn -0.5230 -0.0609 0.8502
vn 0.0475 0.0323 0.9983
vn -0.9627 -0.1402 -0.2313
vn -0.9606 -0.1517 -0.2328
vn -0.9636 -0.1542 -0.2184
vn -0.7540 0.3822 0.5342
vn -0.7406 0.3739 0.5583
vn -0.7383 0.3917 0.5490
vn -0.0101 -0.2888 -0.9573
vn -0.0056 -0.3062 -0.9520
vn -0.0227 -0.3024 -0.9529
vn -0.6579 0.0304 0.7525
vn -0.6407 0.0389 0.7668
vn -0.6536 0.0394 0.7558
vn -0.9728 0.1082 0.2047
vn -0.9756 0.1147 0.1870
vn -0.9772 0.0932 0.1907
vn -0.7139 -0.3121 0.6269
vn -0.7215 -0.3409 0.6027
vn -0.7117 -0.3462 0.6113
vn -0.7559 -0.1589 0.6351
vn -0.7722 -0.1563 0.6158
vn -0.7613 -0.1823 0.6223
vn -0.3469 -0.4591 -0.8178
vn -0.3410 -0.4620 -0.8187
vn -0.3488 -0.4813 -0.8042
vn -0.9943 -0.1039 0.0242
vn -0.9915 -0.1157 0.0599
vn -0.9932 -0.0946 0.0675
vn -0.8126 0.3524 -0.4643
vn -0.2129 -0.0398 -0.9763
vn -0.2259 -0.0520 -0.9728
vn -0.1382 -0.7929 -0.5934
vn -0.9980 -0.0630 -0.0095
vn -0.9984 -0.0159 -0.0542
vn -0.9965 -0.0632 -0.0537
vn -0.4017 0.0939 -0.9109
vn -0.3976 0.1037 -0.9117
vn -0.3924 0.0871 -0.9157
vn -0.4704 -0.0895 0.8779
vn -0.4942 -0.0694 0.8666
vn -0.4922 -0.1036 0.8643
vn -0.3514 -0.0241 0.9359
vn -0.3521 0.0027 0.9359
vn -0.3658 -0.0251 0.9304
vn -0.9976 -0.0288 0.0625
vn -0.9960 -0.0400 0.0804
vn -0.9967 -0.0180 0.0793
vn -0.9205 -0.1342 0.3669
vn -0.9146 -0.1358 0.3808
vn -0.9178 -0.1159 0.3797
vn -0.9268 -0.1195 0.3561
vn -0.7709 -0.1732 0.6129
vn -0.7537 -0.1801 0.6321
vn -0.7585 -0.1576 0.6324
vn -0.3782 -0.1224 0.9176
vn -0.3862 -0.1366 0.9123
vn -0.3550 -0.1665 0.9199
vn -0.4885 -0.3364 -0.8051
vn -0.4812 -0.3242 -0.8145
vn -0.4711 -0.3397 -0.8141
vn -0.9243 -0.3784 -0.0509
vn -0.9182 -0.3940 -0.0420
vn -0.9246 -0.3788 -0.0409
vn -0.9157 -0.0092 -0.4018
vn -0.9169 0.0137 -0.3989
vn -0.9129 0.0047 -0.4082
vn -0.5960 -0.2801 -0.7526
vn -0.5770 -0.2823 -0.7664
vn -0.5773 -0.2929 -0.7622
vn -0.9921 -0.0430 0.1177
vn -0.9921 -0.0126 0.1249
vn -0.9964 0.0092 0.0838
vn -0.9899 -0.0474 -0.1333
vn -0.9872 -0.0378 -0.1548
vn -0.9861 -0.0643 -0.1529
vn -0.3953 -0.1312 0.9091
vn -0.3993 -0.1059 0.9107
vn -0.4305 -0.1319 0.8929
vn -0.9972 -0.0677 0.0305
vn -0.9994 -0.0330 0.0139
vn -0.9982 -0.0598 0.0060
vn -0.6646 -0.3023 -0.6833
vn -0.6586 -0.3249 -0.6787
vn -0.6739 -0.3210 -0.6654
vn -0.6386 -0.4430 -0.6293
vn -0.6527 -0.4261 -0.6264
vn -0.6336 -0.4325 -0.6414
vn -0.6923 0.0449 0.7202
vn -0.6865 0.0251 0.7267
vn -0.6601 0.0520 0.7493
vn -0.9689 0.2244 -0.1039
vn -0.9650 0.2297 -0.1265
vn -0.9697 0.2117 -0.1222
vn -0.9461 0.0797 -0.3138
vn -0.9425 0.0890 -0.3220
vn -0.9357 0.0721 -0.3455
vn -0.9982 -0.0340 0.0499
vn -0.9969 -0.0614 0.0501
vn -0.9972 -0.0343 0.0670
vn -0.9934 -0.1123 -0.0243
vn -0.9911 -0.1314 -0.0235
vn -0.9918 -0.1273 0.0081
vn -0.7639 0.1503 0.6276
vn -0.7515 0.1623 0.6395
vn -0.7609 0.1747 0.6249
vn -0.6132 0.0226 0.7896
vn -0.6178 0.0464 0.7850
vn -0.6321 0.0242 0.7745
vn -0.5782 0.1548 0.8011
vn -0.6014 0.1450 0.7857
vn -0.5890 0.1360 0.7966
vn -0.2605 0.3638 -0.8943
vn -0.2556 0.3538 -0.8997
vn -0.2705 0.3568 -0.8942
vn -0.9559 0.0561 0.2884
vn -0.9570 0.0758 0.2799
vn -0.9591 0.0489 0.2790
vn -0.9260 0.0361 0.3757
vn -0.9224 0.0616 0.3813
vn -0.9298 0.0508 0.3645
vn -0.4481 0.0067 -0.8940
vn -0.4381 -0.0004 -0.8989
vn -0.4497 -0.0045 -0.8932
vn -0.3103 -0.2495 -0.9173
vn -0.2983 -0.2512 -0.9208
vn -0.3077 -0.2602 -0.9152
vn -0.3469 -0.2044 -0.9154
vn -0.3395 -0.2333 -0.9112
vn -0.3567 -0.2121 -0.9098
vn -0.5746 -0.2398 -0.7825
vn -0.5597 -0.2597 -0.7869
vn -0.5765 -0.2553 -0.7762
vn -0.4769 -0.1794 -0.8605
vn -0.5018 -0.1856 -0.8448
vn -0.4834 -0.1679 -0.8592
vn -0.4923 0.0227 0.8702
vn -0.4967 0.0037 0.8679
vn -0.4793 0.0128 0.8775
vn -0.7357 -0.1440 0.6618
vn -0.7538 -0.1542 0.6388
vn -0.7384 -0.1675 0.6532
vn -0.7441 -0.1254 0.6562
vn -0.7541 -0.1452 0.6405
vn -0.7318 -0.1460 0.6657
vn -0.7176 -0.3701 0.5900
vn -0.7068 -0.3787 0.5976
vn -0.7029 -0.3619 0.6124
vn -0.7208 -0.4718 0.5078
vn -0.6916 -0.4864 0.5340
vn -0.7177 -0.4570 0.5253
vn -0.1063 0.0035 0.9943
vn -0.1248 -0.0098 0.9921
vn -0.1084 -0.0173 0.9940
vn -0.0826 -0.1823 0.9798
vn -0.1003 -0.1931 0.9760
vn -0.0868 -0.2340 0.9683
vn -0.9526 -0.1655 -0.2553
vn -0.9532 -0.1799 -0.2431
vn -0.9571 -0.1578 -0.2432
vn -0.7644 0.1138 0.6346
vn -0.7691 0.0967 0.6318
vn -0.7516 0.0981 0.6523
vn -0.2904 0.1639 -0.9428
vn -0.2621 0.1710 -0.9498
vn -0.2819 0.1562 -0.9466
vn -0.4765 0.1794 -0.8607
vn -0.4598 0.1632 -0.8729
vn -0.4677 0.1543 -0.8703
vn -0.5203 -0.2149 0.8265
vn -0.5653 -0.1842 0.8040
vn -0.5748 -0.2052 0.7921
vn -0.4927 -0.0267 0.8698
vn -0.5073 -0.0163 0.8616
vn -0.5143 -0.0334 0.8570
vn -0.3865 -0.2337 -0.8922
vn -0.3752 -0.2883 -0.8809
vn -0.3998 -0.2786 -0.8732
vn -0.4199 -0.2221 -0.8800
vn -0.4202 -0.2422 -0.8745
vn -0.4318 -0.2192 -0.8749
vn -0.1826 -0.0792 -0.9800
vn -0.1679 -0.0975 -0.9810
vn -0.1916 -0.0917 -0.9772
vn -0.7125 0.1584 0.6836
vn -0.7316 0.1560 0.6637
vn -0.7171 0.1384 0.6831
vn -0.8790 -0.2763 0.3885
vn -0.8905 -0.3114 0.3317
vn -0.8711 -0.2990 0.3895
vn -0.9503 0.1854 -0.2501
vn -0.9561 0.1810 -0.2303
vn -0.9542 0.1975 -0.2246
vn -0.2773 0.3770 -0.8838
vn -0.2840 0.3660 -0.8862
vn -0.2900 0.3783 -0.8791
vn -0.6513 -0.3418 -0.6774
vn 0.0106 -0.6014 -0.7989
vn 0.0048 -0.6089 -0.7933
vn 0.0044 -0.9794 -0.2018
vn -0.3030 0.1441 -0.9420
vn -0.3000 0.1352 -0.9443
vn -0.3134 0.1320 -0.9404
vn -0.0736 0.0898 -0.9932
vn -0.0685 0.0731 -0.9950
vn -0.0933 0.0876 -0.9918
vn -0.5069 -0.4643 0.7262
vn -0.4840 -0.4796 0.7319
vn -0.4814 -0.4276 0.7651
vn -0.3540 -0.1623 0.9211
vn -0.3497 -0.1810 0.9192
vn -0.3323 -0.1670 0.9283
vn -0.2841 0.1544 -0.9463
vn -0.2609 0.1637 -0.9514
vn -0.2777 0.1417 -0.9502
vn 0.0501 0.6371 0.7691
vn -0.5054 -0.2463 0.8270
vn 0.0155 0.0246 0.9996
vn -0.6467 -0.4483 -0.6171
vn -0.6553 -0.4438 -0.6112
vn -0.6600 -0.4280 -0.6174
vn -0.3831 -0.0022 -0.9237
vn -0.3920 -0.0312 -0.9194
vn -0.4065 -0.0176 -0.9135
vn -0.5614 -0.3002 -0.7711
vn -0.5573 -0.2870 -0.7791
vn -0.5444 -0.3011 -0.7829
vn -0.5417 -0.5283 -0.6538
vn -0.5228 -0.5330 -0.6653
vn -0.5385 -0.5415 -0.6456
vn -0.6689 -0.4023 -0.6250
vn -0.6689 -0.4303 -0.6061
vn -0.6815 -0.4121 -0.6048
vn -0.6860 -0.4822 0.5449
vn -0.6926 -0.4386 0.5727
vn -0.7057 -0.4545 0.5436
vn -0.6887 -0.1124 0.7163
vn -0.6960 -0.1291 0.7064
vn -0.6824 -0.1310 0.7192
vn -0.8318 -0.3387 0.4398
vn -0.8047 -0.3562 0.4750
vn -0.8143 -0.3283 0.4787
vn -0.8791 -0.3485 0.3251
vn -0.8684 -0.3772 0.3219
vn -0.8700 -0.3571 0.3399
vn -0.4413 -0.2422 0.8641
vn -0.4699 -0.2513 0.8462
vn -0.4483 -0.2709 0.8518
vn -0.9446 0.1339 -0.2997
vn -0.9428 0.1564 -0.2944
vn -0.9406 0.1379 -0.3103
vn -0.9439 0.0839 -0.3193
vn -0.9399 0.0896 -0.3295
vn -0.9435 0.0589 -0.3262
vn -0.9019 -0.1498 -0.4051
vn -0.9006 -0.1317 -0.4143
vn -0.8960 -0.1453 -0.4197
vn -0.2440 -0.1779 -0.9533
vn -0.2469 -0.1540 -0.9567
vn -0.2184 -0.1544 -0.9636
vn -0.3937 -0.4719 -0.7889
vn -0.4155 -0.4508 -0.7900
vn -0.4080 -0.4513 -0.7936
vn -0.2437 -0.0455 0.9688
vn -0.2201 -0.0425 0.9746
vn -0.2383 -0.0278 0.9708
vn -0.3881 -0.1049 0.9156
vn -0.3688 -0.0921 0.9249
vn -0.3836 -0.0581 0.9217
vn -0.0873 -0.0936 0.9918
vn -0.0898 -0.0435 0.9950
vn -0.1073 -0.0796 0.9910
vn -0.5234 0.0391 -0.8512
vn 0.1099 -0.2899 -0.9507
vn 0.1012 -0.3004 -0.9484
vn 0.0795 -0.8575 -0.5083
vn -0.4314 -0.0373 0.9014
vn -0.4500 -0.0208 0.8928
vn -0.4422 -0.0470 0.8957
vn -0.3254 -0.3472 -0.8795
vn -0.3178 -0.3363 -0.8865
vn -0.3129 -0.3497 -0.8830
vn -0.7096 0.2151 -0.6709
vn -0.7317 0.2223 -0.6444
vn -0.7188 0.2374 -0.6534
vn -0.9999 0.0031 -0.0104
vn -0.9999 -0.0003 0.0109
vn -0.9999 0.0146 0.0013
vn -0.4076 -0.2455 -0.8795
vn -0.4046 -0.2267 -0.8860
vn -0.3581 -0.2294 -0.9051
vn -0.9947 0.0140 -0.1019
vn -0.9971 0.0079 -0.0752
vn -0.9963 0.0282 -0.0810
vn -0.9716 -0.0287 -0.2350
vn -0.9740 -0.0160 -0.2260
vn -0.9700 -0.0115 -0.2430
vn -0.8408 -0.1526 0.5194
vn -0.8229 -0.1430 0.5499
vn -0.8448 -0.1309 0.5189
vn -0.8661 -0.2784 -0.4152
vn -0.8668 -0.2692 -0.4197
vn -0.8610 -0.2768 -0.4267
vn -0.8551 -0.2270 -0.4662
vn -0.8502 -0.2275 -0.4748
vn -0.8506 -0.2368 -0.4695
vn -0.6460 0.2189 -0.7312
vn -0.6676 0.2171 -0.7121
vn -0.6528 0.2430 -0.7175
vn -0.8095 -0.0771 0.5821
vn -0.8232 -0.0730 0.5630
vn -0.8125 -0.0932 0.5754
vn -0.2091 -0.1954 0.9582
vn -0.2234 -0.1708 0.9597
vn -0.2323 -0.1917 0.9536
vn -0.7581 -0.1620 0.6317
vn -0.7461 -0.1603 0.6463
vn -0.7612 -0.1391 0.6334
vn -0.2754 0.3315 -0.9023
vn -0.0126 -0.3461 -0.9381
vn -0.0124 -0.8796 -0.4755
vn -0.9914 -0.0632 0.1145
vn -0.9933 -0.0554 0.1016
vn -0.9921 -0.0743 0.1008
vn -0.9100 -0.1477 -0.3873
vn -0.9045 -0.1851 -0.3842
vn -0.9140 -0.1613 -0.3723
vn -0.8776 -0.2397 -0.4151
vn -0.8795 -0.2252 -0.4193
vn -0.8689 -0.2333 -0.4366
vn -0.5284 -0.1036 0.8426
vn -0.5133 -0.1060 0.8517
vn -0.5233 -0.0891 0.8475
vn -0.9587 -0.1561 -0.2377
vn -0.9526 -0.1600 -0.2587
vn -0.9518 -0.1752 -0.2516
vn -0.5876 0.0684 0.8063
vn -0.5642 0.0735 0.8223
vn -0.5834 0.0826 0.8080
vn -0.8890 -0.3649 -0.2764
vn -0.8860 -0.3604 -0.2918
vn -0.8802 -0.3734 -0.2930
vn -0.6911 0.0638 0.7199
vn -0.6900 0.0461 0.7223
vn -0.6766 0.0647 0.7335
vn -0.6809 0.2041 0.7033
vn -0.6663 0.2051 0.7169
vn -0.6732 0.2283 0.7034
vn -0.4202 -0.0481 0.9061
vn 0.0677 -0.1997 0.9775
vn 0.0572 -0.1628 0.9850
vn 0.0419 0.2110 0.9766
vn -0.6937 0.0552 0.7181
vn -0.6792 0.0777 0.7299
vn -0.6932 0.0805 0.7163
vn -0.7258 0.0950 0.6813
vn -0.7094 0.0958 0.6983
vn -0.7101 0.1164 0.6944
vn 0.1070 -0.6147 -0.7814
vn -0.0877 0.7724 -0.6290
vn 0.1419 0.0339 -0.9893
vn -0.3941 -0.4071 -0.8240
vn -0.4028 -0.3933 -0.8265
vn -0.3831 -0.3985 -0.8333
vn -0.1295 -0.0102 0.9915
vn -0.1256 -0.0312 0.9916
vn -0.1107 -0.0280 0.9935
vn -0.3383 -0.1367 0.9311
vn -0.3518 -0.1325 0.9267
vn -0.3425 -0.1598 0.9258
vn -0.8525 -0.3866 0.3519
vn -0.8798 -0.3666 0.3025
vn -0.8480 -0.4057 0.3411
vn 0.2341 -0.0359 0.9716
vn -0.0609 -0.5940 0.8021
vn 0.2715 -0.3814 0.8837
vn 0.3273 0.3137 0.8913
vn 0.3138 0.3097 0.8976
vn 0.3081 0.2991 0.9031
vn 0.3477 0.2567 0.9018
vn -0.9895 -0.0108 -0.1441
vn -0.9846 -0.0298 -0.1721
vn -0.9867 -0.0420 -0.1571
vn -0.9909 0.1038 -0.0853
vn -0.9882 0.1117 -0.1049
vn -0.9911 0.0825 -0.1047
vn -0.7299 0.1694 -0.6623
vn -0.7394 0.1433 -0.6579
vn -0.7536 0.1584 -0.6379
vn -0.5864 0.0422 -0.8089
vn -0.5753 0.0343 -0.8173
vn -0.5812 0.0248 -0.8134
vn -0.5894 0.0344 -0.8071
vn -0.2227 0.1071 -0.9690
vn -0.2186 0.0985 -0.9708
vn -0.2290 0.0934 -0.9689
vn -0.2823 0.1434 -0.9485
vn -0.2900 0.1323 -0.9478
vn -0.2966 0.1456 -0.9438
vn -0.7098 0.0527 -0.7025
vn -0.7234 0.0407 -0.6892
vn -0.7236 0.0746 -0.6861
vn -0.4199 -0.5033 -0.7552
vn -0.2874 0.3811 -0.8788
vn -0.2788 0.3671 -0.8874
vn -0.1804 -0.4610 -0.8689
vn -0.7349 0.1628 -0.6584
vn -0.7391 0.1862 -0.6474
vn -0.7240 0.1808 -0.6657
vn -0.0434 -0.4139 -0.9093
vn -0.0256 -0.4164 -0.9088
vn -0.0307 -0.4274 -0.9035
vn -0.1814 -0.0477 -0.9823
vn -0.1810 -0.0600 -0.9816
vn -0.1898 -0.0511 -0.9805
vn -0.9994 0.0340 -0.0044
vn -0.9990 0.0214 -0.0387
vn -0.9998 0.0048 -0.0168
vn -0.9979 0.0375 -0.0530
vn -0.9960 0.0616 -0.0646
vn -0.9968 0.0287 -0.0745
vn -0.9514 0.0781 -0.2978
vn -0.9581 0.0811 -0.2748
vn -0.9479 0.0996 -0.3027
vn -0.7234 0.0876 0.6848
vn -0.7144 0.0908 0.6939
vn -0.7197 0.1046 0.6864
vn -0.7283 0.0920 0.6790
vn -0.7570 -0.3834 0.5291
vn -0.7705 -0.3767 0.5143
vn -0.7631 -0.4016 0.5063
vn -0.7981 -0.1427 0.5854
vn -0.7829 -0.1836 0.5945
vn -0.7717 -0.1790 0.6103
vn -0.8851 0.0389 -0.4638
vn -0.8909 0.0663 -0.4494
vn -0.8852 0.0675 -0.4602
vn -0.9497 0.1308 0.2847
vn -0.9570 0.1094 0.2688
vn -0.9483 0.1161 0.2953
vn -0.8204 -0.0469 0.5698
vn -0.8330 -0.0514 0.5509
vn -0.8268 -0.0718 0.5578
vn -0.2038 0.0884 0.9750
vn -0.1970 0.0585 0.9787
vn -0.1818 0.0769 0.9803
vn -0.8143 -0.2343 -0.5311
vn -0.8204 -0.2313 -0.5228
vn -0.8216 -0.2257 -0.5235
vn -0.8154 -0.2217 -0.5347
vn -0.3072 -0.3129 -0.8987
vn -0.2989 -0.3239 -0.8976
vn -0.3115 -0.3242 -0.8932
vn -0.5276 -0.1321 0.8392
vn -0.5078 -0.1178 0.8534
vn -0.5305 -0.0597 0.8456
vn 0.0178 -0.3494 0.9368
vn 0.0493 -0.3342 0.9412
vn 0.0167 -0.2906 0.9567
vn 0.2696 -0.2099 0.9398
vn 0.2838 -0.1410 0.9484
vn 0.2140 -0.1794 0.9602
vn -0.9936 0.0210 -0.1114
vn -0.9956 0.0191 -0.0921
vn -0.9937 0.0393 -0.1047
vn -0.5286 -0.0306 -0.8483
vn -0.5079 -0.0398 -0.8605
vn -0.5165 -0.0532 -0.8547
vn -0.7602 0.1656 0.6282
vn -0.7625 0.1427 0.6310
vn -0.7471 0.1642 0.6441
vn -0.1476 -0.2401 -0.9595
vn -0.1778 -0.2342 -0.9558
vn -0.1634 -0.2094 -0.9641
vn -0.3009 -0.1926 0.9340
vn -0.3252 -0.1645 0.9312
vn -0.3286 -0.2139 0.9199
vn -0.9882 -0.0540 -0.1431
vn -0.9898 -0.0254 -0.1403
vn -0.9876 -0.0313 -0.1536
vn -0.6589 -0.1522 0.7366
vn 0.0187 -0.2091 0.9777
vn 0.0172 -0.1978 0.9801
vn 0.0069 0.5048 0.8632
vn -0.2581 0.1450 -0.9552
vn -0.2764 0.1424 -0.9504
vn -0.2701 0.1686 -0.9480
vn -0.2117 0.0054 -0.9773
vn -0.1936 0.0156 -0.9810
vn -0.1898 -0.0045 -0.9818
vn -0.8155 -0.3593 -0.4537
vn -0.8209 -0.3582 -0.4447
vn -0.8221 -0.3477 -0.4509
vn -0.9338 -0.1301 -0.3333
vn -0.9274 -0.1547 -0.3406
vn -0.9335 -0.1514 -0.3250
vn -0.9676 0.1690 0.1874
vn -0.9624 0.1869 0.1971
vn -0.9668 0.1894 0.1714
vn -0.8567 -0.0451 0.5139
vn -0.8666 -0.0741 0.4934
vn -0.8555 -0.0886 0.5101
vn -0.9645 0.2561 0.0644
vn -0.9600 0.2732 0.0618
vn -0.9647 0.2596 0.0436
vn -0.2404 -0.1625 -0.9570
vn -0.2403 -0.1484 -0.9593
vn -0.2193 -0.1627 -0.9620
vn -0.0597 -0.0036 0.9982
vn -0.0364 0.0183 0.9992
vn -0.0656 0.0256 0.9975
vn 0.3601 0.6388 0.6800
vn 0.0671 -0.2412 0.9682
vn 0.4669 0.0449 0.8832
vn -0.4570 0.1796 -0.8711
vn -0.4383 0.1623 -0.8840
vn -0.4617 0.1647 -0.8716
vn -0.2567 0.1227 -0.9587
vn -0.2612 0.1087 -0.9592
vn -0.2677 0.1187 -0.9562
vn -0.9960 0.0191 -0.0867
vn -0.9948 0.0389 -0.0937
vn -0.9943 0.0177 -0.1048
vn -0.8577 -0.5025 0.1085
vn -0.8391 -0.5293 0.1253
vn -0.8607 -0.4909 0.1351
vn -0.9507 -0.0220 -0.3094
vn -0.9487 -0.0496 -0.3122
vn -0.9544 -0.0346 -0.2965
vn -0.9340 -0.1521 -0.3234
vn -0.9258 -0.1636 -0.3408
vn -0.9345 -0.1681 -0.3137
vn -0.4672 0.1810 -0.8654
vn -0.4904 0.1798 -0.8527
vn -0.4770 0.2067 -0.8543
vn -0.7446 -0.1420 0.6522
vn -0.7379 -0.1688 0.6535
vn -0.7255 -0.1538 0.6708
vn -0.9934 -0.0732 0.0886
vn -0.9913 -0.0847 0.1005
vn -0.9923 -0.0597 0.1089
vn -0.8949 0.0057 -0.4462
vn -0.3010 -0.2043 -0.9315
vn -0.3006 -0.2170 -0.9287
vn -0.1845 -0.8962 -0.4035
vn -0.6617 -0.0986 -0.7432
vn -0.6729 -0.0943 -0.7337
vn -0.6560 -0.0859 -0.7499
vn -0.8485 0.0208 -0.5288
vn -0.8555 0.0244 -0.5172
vn -0.8523 0.0393 -0.5216
vn -0.6417 0.0507 0.7653
vn -0.6279 0.0515 0.7766
vn -0.6309 0.0726 0.7724
vn -0.5316 -0.2035 -0.8222
vn -0.5210 -0.1550 -0.8393
vn -0.5053 -0.1652 -0.8470
vn -0.4771 -0.3172 -0.8196
vn -0.5155 -0.2983 -0.8033
vn -0.4669 -0.2963 -0.8332
vn -0.4916 -0.0853 0.8666
vn -0.4754 -0.0740 0.8767
vn -0.4831 -0.0506 0.8741
vn -0.5047 -0.0639 0.8609
vn -0.1836 0.0673 0.9807
vn -0.1873 0.0958 0.9776
vn -0.2073 0.0639 0.9762
vn -0.9964 -0.0299 0.0799
vn -0.9923 0.0007 0.1240
vn -0.9951 0.0263 0.0953
vn 0.1501 -0.0902 0.9845
vn 0.1384 -0.1465 0.9795
vn 0.2074 -0.0909 0.9740
vn -0.9253 -0.3268 0.1925
vn -0.9391 -0.2914 0.1824
vn -0.9281 -0.3374 0.1577
vn -0.1853 0.2167 0.9585
vn -0.2400 0.2432 0.9398
vn -0.2113 0.1559 0.9649
vn -0.9588 0.0342 -0.2818
vn -0.9523 0.0483 -0.3013
vn -0.9584 0.0051 -0.2854
vn -0.9828 0.0577 -0.1753
vn -0.9759 0.0894 -0.1992
vn -0.9772 0.0561 -0.2046
vn -0.9980 0.0628 -0.0068
vn -0.9981 0.0525 -0.0334
vn -0.9991 0.0355 -0.0230
vn -0.7617 0.1571 0.6286
vn -0.7477 0.1518 0.6465
vn -0.7477 0.1741 0.6409
vn -0.9677 0.1470 -0.2050
vn -0.9678 0.1327 -0.2140
vn -0.9748 0.1266 -0.1838
vn -0.8697 -0.1625 0.4660
vn -0.8626 -0.1789 0.4732
vn -0.8614 -0.1526 0.4844
vn -0.7472 -0.2040 0.6325
vn -0.7283 -0.1848 0.6598
vn -0.7531 -0.1769 0.6337
vn -0.0238 -0.4945 0.8689
vn 0.3964 -0.3006 0.8674
vn 0.3059 0.1533 0.9396
vn -0.7187 -0.3960 -0.5715
vn -0.7271 -0.4011 -0.5572
vn -0.7314 -0.3872 -0.5613
vn -0.4631 -0.2159 0.8596
vn -0.4500 -0.2088 0.8683
vn -0.4667 -0.1939 0.8629
vn 0.1343 -0.6845 -0.7165
vn -0.2938 0.3536 -0.8880
vn 0.1793 -0.0627 -0.9818
vn -0.9657 -0.0990 -0.2402
vn -0.9605 -0.1149 -0.2536
vn -0.9637 -0.1184 -0.2393
vn -0.9726 -0.1702 -0.1584
vn -0.9739 -0.1345 -0.1827
vn -0.9690 -0.1626 -0.1858
vn -0.4502 -0.0047 -0.8929
vn 0.1667 -0.3537 -0.9204
vn 0.1250 -0.8763 -0.4652
vn -0.3303 -0.0035 0.9439
vn -0.3394 0.0100 0.9406
vn -0.3461 -0.0012 0.9382
vn -0.3703 -0.0307 0.9284
vn -0.3611 -0.0207 0.9323
vn -0.3797 -0.0167 0.9249
vn -0.8186 -0.0435 -0.5728
vn -0.8309 -0.0234 -0.5560
vn -0.8127 -0.0141 -0.5825
vn -0.4309 -0.0386 0.9016
vn -0.4339 -0.0259 0.9006
vn -0.4565 -0.0326 0.8891
vn -0.5083 -0.2360 0.8282
vn -0.5210 -0.2129 0.8266
vn -0.5329 -0.2351 0.8129
vn -0.9351 -0.2338 0.2662
vn -0.9410 -0.2407 0.2379
vn -0.9375 -0.2541 0.2379
vn -0.9455 -0.1211 -0.3023
vn -0.9489 -0.1052 -0.2975
vn -0.9432 -0.1120 -0.3128
vn -0.6384 -0.1949 0.7446
vn -0.6170 -0.1906 0.7635
vn -0.6276 -0.1764 0.7583
vn -0.5100 -0.1588 0.8454
vn -0.5330 -0.1488 0.8329
vn -0.5230 -0.1735 0.8345
vn -0.4745 -0.1969 0.8579
vn -0.4870 -0.2113 0.8474
vn -0.4705 -0.2179 0.8551
vn -0.9104 0.2189 -0.3512
vn -0.9098 0.2339 -0.3428
vn -0.9038 0.2375 -0.3559
vn -0.8543 -0.2781 0.4390
vn -0.8449 -0.3188 0.4295
vn -0.8393 -0.2869 0.4618
vn -0.9611 -0.2342 -0.1460
vn -0.9644 -0.2289 -0.1326
vn -0.9681 -0.2009 -0.1498
vn -0.2704 0.0903 -0.9585
vn -0.2581 0.0808 -0.9627
vn -0.2651 0.0778 -0.9611
vn -0.1208 0.2704 -0.9551
vn -0.1344 0.2764 -0.9516
vn -0.1202 0.2850 -0.9510
vn -0.9768 0.1082 0.1848
vn -0.9735 0.1043 0.2035
vn -0.9736 0.1182 0.1955
vn -0.6908 -0.1433 -0.7087
vn -0.6818 -0.1369 -0.7187
vn -0.6699 -0.1492 -0.7273
vn -0.6835 -0.1637 -0.7114
vn -0.4369 -0.0798 0.8960
vn -0.4497 -0.0847 0.8891
vn -0.4404 -0.1101 0.8910
vn -0.4181 -0.1184 0.9006
vn -0.3967 -0.1060 0.9118
vn -0.4056 -0.0926 0.9093
vn -0.8156 0.3093 0.4891
vn -0.8444 0.3130 0.4347
vn -0.8429 0.2944 0.4505
vn -0.9842 -0.0817 -0.1568
vn -0.9798 -0.0923 -0.1772
vn -0.9822 -0.0979 -0.1603
vn -0.9840 -0.1779 -0.0007
vn -0.9833 -0.1802 -0.0249
vn -0.9797 -0.2002 -0.0065
vn -0.9595 -0.0601 0.2752
vn -0.9534 -0.0749 0.2924
vn -0.9562 -0.0430 0.2896
vn -0.3929 -0.1548 0.9065
vn -0.3877 -0.1740 0.9052
vn -0.3567 -0.1526 0.9217
vn -0.3686 -0.0225 0.9293
vn -0.3454 -0.0155 0.9383
vn -0.3676 -0.0042 0.9300
vn -0.7841 -0.4421 0.4355
vn -0.8055 -0.4174 0.4206
vn -0.8038 -0.4331 0.4078
vn -0.7128 -0.2780 0.6439
vn -0.7186 -0.2520 0.6482
vn -0.7315 -0.2494 0.6346
vn -0.1846 -0.1028 -0.9774
vn -0.1643 -0.1054 -0.9808
vn -0.1808 -0.1193 -0.9763
vn -0.1338 0.0488 -0.9898
vn -0.1252 0.0315 -0.9916
vn -0.1451 0.0365 -0.9887
vn -0.9487 -0.1230 -0.2912
vn -0.9493 -0.1416 -0.2807
vn -0.9531 -0.1260 -0.2753
vn -0.9433 -0.3170 0.0983
vn -0.9492 -0.3016 0.0894
vn -0.9446 -0.3216 0.0661
vn -0.1973 -0.0819 0.9769
vn -0.2220 -0.0829 0.9715
vn -0.2224 -0.1034 0.9695
vn -0.2011 -0.1029 0.9742
vn -0.2053 -0.0739 0.9759
vn -0.2236 -0.0926 0.9703
vn -0.9347 0.1170 0.3357
vn -0.9379 0.0936 0.3340
vn -0.9288 0.1008 0.3566
vn -0.3947 -0.1018 0.9131
vn -0.4256 -0.0893 0.9005
vn -0.4008 -0.1169 0.9087
vn -0.5551 -0.0552 0.8299
vn -0.5646 -0.0449 0.8241
vn -0.5598 -0.0630 0.8262
vn -0.8163 -0.2013 0.5415
vn -0.8056 -0.2221 0.5492
vn -0.7998 -0.1983 0.5665
vn -0.4211 -0.2119 0.8819
vn -0.4284 -0.1919 0.8830
vn -0.4358 -0.2146 0.8741
vn -0.4303 -0.0549 0.9010
vn -0.4274 -0.0337 0.9034
vn -0.4746 -0.0145 0.8801
vn -0.5793 0.0770 0.8115
vn -0.5904 0.0652 0.8044
vn -0.5780 0.0494 0.8146
vn -0.5101 -0.0631 0.8578
vn -0.5254 -0.0606 0.8487
vn -0.5202 -0.0737 0.8509
vn -0.3704 -0.0057 0.9289
vn -0.3573 -0.0193 0.9338
vn -0.3544 -0.0006 0.9351
vn -0.6772 -0.0920 -0.7300
vn -0.6720 -0.1081 -0.7326
vn -0.6844 -0.1103 -0.7208
vn -0.5395 -0.0595 0.8399
vn -0.5369 -0.0812 0.8397
vn -0.5217 -0.0605 0.8510
vn -0.4599 -0.0320 0.8874
vn -0.4783 -0.0425 0.8772
vn -0.4507 -0.0515 0.8912
vn -0.7267 -0.0827 0.6819
vn -0.7398 -0.0821 0.6678
vn -0.7346 -0.0981 0.6714
vn 0.3527 -0.3071 0.8839
vn 0.2785 0.0496 0.9591
vn -0.0146 -0.2392 0.9709
vn 0.3259 -0.3616 0.8735
vn 0.0679 -0.3230 -0.9440
vn 0.0450 -0.8840 -0.4654
vn -0.4942 0.0572 -0.8675
vn 0.0739 -0.3333 -0.9399
vn 0.0529 -0.8749 -0.4814
vn -0.2828 -0.8127 -0.5094
vn 0.0654 -0.3184 -0.9457
vn 0.0043 0.0654 0.9979
vn -0.0104 0.6722 0.7403
vn -0.6141 -0.1028 0.7825
vn -0.0037 0.0576 0.9983
vn -0.0071 0.0896 0.9960
vn -0.0141 0.6353 0.7721
vn -0.5512 0.3579 0.7537
vn 0.1993 -0.1085 -0.9739
vn 0.1540 -0.7075 -0.6897
vn -0.3384 -0.4774 -0.8109
vn 0.1965 -0.0873 -0.9766
vn -0.2063 0.2421 -0.9481
vn -0.1416 -0.5351 -0.8328
vn -0.7658 0.5442 -0.3425
vn 0.1150 -0.2773 -0.9539
vn 0.0872 -0.8433 -0.5303
vn -0.4839 -0.5203 -0.7037
vn 0.1143 -0.2643 -0.9576
vn -0.2666 0.3776 -0.8867
vn -0.1579 -0.5174 -0.8411
vn -0.6578 -0.3366 -0.6738
vn 0.0450 0.0414 0.9981
vn 0.0230 0.5791 0.8149
vn -0.3671 -0.4013 0.8391
vn 0.4669 -0.0372 0.8835
vn 0.3869 0.4206 0.8206
vn 0.0182 0.0706 0.9973
vn 0.4888 -0.0853 0.8682
vn 0.1152 -0.1528 -0.9815
vn 0.0790 -0.8131 -0.5767
vn -0.5540 -0.0320 -0.8319
vn 0.0705 -0.1785 0.9814
vn 0.0476 0.3299 0.9428
vn -0.4573 -0.2601 0.8504
vn 0.0016 0.0386 0.9993
vn -0.0044 0.5550 0.8318
vn -0.4561 0.3370 0.8236
vn 0.0103 0.0110 0.9999
vn 0.0147 0.1591 -0.9872
vn 0.0084 -0.6472 -0.7623
vn -0.6593 0.1520 -0.7364
vn 0.0862 -0.1531 0.9844
vn 0.0653 0.3557 0.9323
vn -0.3540 0.1179 0.9278
vn 0.0021 -0.0209 0.9998
vn -0.0114 0.6631 0.7484
vn -0.5466 -0.4481 0.7074
vn 0.0654 -0.1356 0.9886
vn 0.0945 -0.1143 0.9889
vn 0.0556 0.3658 0.9290
vn -0.1294 0.3304 0.9349
vn 0.0413 -0.0256 0.9988
vn 0.0190 0.5404 0.8412
vn -0.4395 -0.4861 0.7554
vn -0.0011 0.0110 0.9999
vn -0.0154 0.6469 0.7624
vn -0.6849 0.0119 0.7286
vn 0.0022 -0.0111 0.9999
vn -0.0353 -0.1047 -0.9939
vn 0.5862 -0.4437 -0.6779
vn -0.0280 -0.7891 -0.6136
vn -0.2812 -0.7334 -0.6189
vn -0.0477 -0.0915 -0.9947
vn -0.0311 -0.7937 -0.6076
vn -0.6542 0.2985 -0.6950
vn -0.0395 -0.1106 -0.9931
vn -0.2683 0.1532 -0.9511
vn -0.2702 0.1417 -0.9523
vn -0.1654 -0.6845 -0.7100
vn -0.9082 0.0008 -0.4186
vn -0.0169 -0.0168 0.9997
vn -0.0198 0.6692 0.7428
vn -0.6749 -0.1287 0.7266
vn -0.0111 -0.0285 0.9995
vn -0.7455 -0.2299 -0.6256
vn -0.7394 -0.2383 -0.6297
vn -0.7474 -0.2359 -0.6210
vn -0.9737 -0.1138 -0.1972
vn -0.9659 -0.1206 -0.2293
vn -0.9668 -0.1299 -0.2199
vn -0.9679 -0.1460 -0.2048
vn -0.9986 0.0508 -0.0132
vn -0.9977 0.0577 -0.0342
vn -0.9983 0.0464 -0.0348
vn -0.9991 0.0399 -0.0175
vn -0.9153 0.0876 0.3931
vn -0.9236 0.0995 0.3702
vn -0.9249 0.0854 0.3706
vn -0.9234 0.0711 0.3771
vn -0.7273 0.0829 0.6813
vn -0.7396 0.0794 0.6684
vn -0.7366 0.0689 0.6729
vn -0.7280 0.0674 0.6822
vn -0.2700 -0.1288 0.9542
vn -0.2877 -0.1133 0.9510
vn -0.2913 -0.1269 0.9482
vn -0.2839 -0.1393 0.9487
vn -0.1866 -0.1919 -0.9635
vn -0.1903 -0.2067 -0.9597
vn -0.2054 -0.2078 -0.9564
vn -0.2083 -0.1939 -0.9587
vn -0.3941 -0.2495 -0.8846
vn -0.3694 -0.2566 -0.8931
vn -0.3714 -0.2801 -0.8852
vn -0.3874 -0.2739 -0.8803
vn -0.6685 -0.2841 -0.6873
vn -0.6572 -0.2920 -0.6949
vn -0.6527 -0.3030 -0.6944
vn -0.6647 -0.3034 -0.6828
vn -0.9248 -0.2187 -0.3114
vn -0.9279 -0.2316 -0.2922
vn -0.9288 -0.2389 -0.2834
vn -0.9344 -0.2225 -0.2783
vn -0.1784 -0.1172 0.9770
vn -0.2026 -0.1310 0.9705
vn -0.1883 -0.1395 0.9722
vn -0.1691 -0.1444 0.9750
vn 0.7493 -0.2205 -0.6245
vn 0.7549 -0.2295 -0.6143
vn 0.7470 -0.2274 -0.6247
vn 0.9753 -0.1049 -0.1943
vn 0.9688 -0.1176 -0.2181
vn 0.9668 -0.1201 -0.2256
vn 0.9683 -0.1058 -0.2263
vn 0.9981 0.0608 -0.0115
vn 0.9982 0.0581 -0.0116
vn 0.9981 0.0523 -0.0327
vn 0.9969 0.0723 -0.0305
vn 0.9124 0.0964 0.3977
vn 0.9189 0.0873 0.3847
vn 0.9238 0.0863 0.3729
vn 0.9207 0.1040 0.3761
vn 0.7255 0.0840 0.6831
vn 0.7287 0.0732 0.6809
vn 0.7356 0.0681 0.6740
vn 0.7384 0.0822 0.6693
vn 0.2681 -0.1187 0.9560
vn 0.2849 -0.1262 0.9502
vn 0.2926 -0.1219 0.9484
vn 0.2852 -0.1102 0.9521
vn 0.1886 -0.1939 -0.9627
vn 0.2126 -0.1918 -0.9581
vn 0.2137 -0.2038 -0.9554
vn 0.2009 -0.2130 -0.9562
vn 0.3954 -0.2415 -0.8862
vn 0.3973 -0.2722 -0.8764
vn 0.3778 -0.2665 -0.8867
vn 0.3748 -0.2500 -0.8928
vn 0.6738 -0.2772 -0.6849
vn 0.6681 -0.2936 -0.6837
vn 0.6620 -0.2891 -0.6915
vn 0.6618 -0.2838 -0.6939
vn 0.9294 -0.2030 -0.3082
vn 0.9376 -0.2094 -0.2777
vn 0.9339 -0.2199 -0.2819
vn 0.9242 -0.2356 -0.3007
vn 0.1793 -0.1288 0.9753
vn 0.1863 -0.1467 0.9715
vn 0.1919 -0.1609 0.9682
vn 0.2087 -0.1440 0.9673
vn -0.0025 1.0000 0.0077
vn -0.0106 0.9999 0.0067
vn -0.7200 0.6931 0.0358
vn -0.0097 0.9999 0.0075
vn -0.0085 0.9999 0.0082
vn -0.0083 0.9999 0.0083
vn 0.0061 0.9998 0.0187
vn 0.0091 0.9998 0.0172
vn 0.0031 1.0000 0.0078
vn 0.0051 1.0000 0.0064
vn 0.0012 1.0000 0.0064
vn 0.0023 1.0000 0.0058
vn 0.0013 1.0000 0.0024
vn 0.0018 1.0000 0.0019
vn 0.0021 1.0000 -0.0044
vn 0.0020 1.0000 -0.0046
vn 0.0011 1.0000 0.0083
vn 0.0003 1.0000 0.0086
vn 0.0063 1.0000 -0.0023
vn 0.0060 1.0000 -0.0046
vn 0.0049 1.0000 -0.0032
vn 0.0046 1.0000 -0.0045
vn 0.0042 1.0000 -0.0055
vn 0.0044 1.0000 -0.0049
vn 0.0157 0.9997 -0.0181
vn 0.0095 0.9998 -0.0183
vn 0.0081 0.9998 -0.0193
vn 0.0062 0.9998 -0.0203
vn 0.0012 1.0000 -0.0071
vn 0.0007 1.0000 -0.0075
vn -0.0035 0.9999 -0.0101
vn -0.0041 0.9999 -0.0100
vn 0.6695 0.7427 0.0112
vn -0.0061 0.9999 -0.0092
vn -0.0072 0.9999 -0.0085
vn -0.0017 1.0000 -0.0083
vn -0.0029 1.0000 -0.0084
vn -0.0137 0.9997 -0.0188
vn -0.0151 0.9997 -0.0178
vn -0.0166 0.9997 -0.0165
vn -0.0198 0.9996 -0.0189
vn -0.0065 0.9999 -0.0085
vn -0.0061 0.9999 -0.0087
vn -0.0074 0.9999 -0.0078
vn -0.0079 0.9999 -0.0073
vn -0.0097 0.9999 -0.0072
vn -0.0109 0.9999 -0.0047
vn -0.0066 0.9999 -0.0127
vn -0.0063 0.9999 -0.0128
vn -0.0062 1.0000 0.0009
vn -0.0057 1.0000 0.0014
vn -0.0082 1.0000 -0.0040
vn -0.0084 1.0000 -0.0033
vn -0.0118 0.9999 -0.0026
vn -0.0118 0.9999 -0.0014
vn -0.0117 0.9999 0.0046
vn -0.0100 0.9999 0.0064
vn -0.0098 0.9998 0.0191
vn -0.0068 0.9998 0.0199
vn -0.0118 0.9999 0.0054
vn -0.3197 -0.2891 0.9023
vn 0.1909 0.2827 0.9400
vn -0.4024 0.3523 0.8450
vn -0.4135 0.3419 0.8439
vn -0.2211 0.1896 0.9566
vn 0.3995 0.3456 0.8491
vn 0.8431 0.2853 0.4558
vn 0.3085 0.8380 0.4500
vn -0.4799 0.2456 -0.8422
vn -0.4955 0.2571 -0.8297
vn -0.4739 0.2602 -0.8413
vn -0.5508 -0.0156 -0.8345
vn -0.5534 -0.0350 -0.8322
vn -0.5704 -0.0117 -0.8213
vn -0.5547 -0.0102 -0.8320
vn -0.8263 0.1571 0.5409
vn -0.8278 0.1701 0.5347
vn -0.8360 0.1718 0.5212
vn -0.8427 0.1491 0.5173
vn -0.5407 0.2531 0.8023
vn -0.5325 0.2652 0.8038
vn -0.5446 0.2650 0.7957
vn -0.3875 0.1463 0.9102
vn -0.3901 0.1638 0.9061
vn -0.3986 0.1633 0.9025
vn -0.4022 0.1543 0.9025
vn -0.4905 0.2701 0.8285
vn -0.4425 0.2964 0.8464
vn -0.4330 0.3131 0.8453
vn -0.4643 0.3439 0.8162
vn -0.7180 0.0217 0.6957
vn -0.7089 0.0431 0.7040
vn -0.7297 0.0431 0.6824
vn 0.2471 0.3313 0.9106
vn 0.2621 0.3494 0.8996
vn 0.2394 0.3467 0.9069
vn -0.4297 0.0365 -0.9022
vn -0.4412 0.0524 -0.8959
vn -0.4212 0.0502 -0.9056
vn -0.7653 0.0026 0.6437
vn -0.7439 0.0316 0.6675
vn -0.7808 0.0394 0.6235
vn -0.7841 0.0257 0.6201
vn -0.6070 0.2543 -0.7530
vn -0.6044 0.2733 -0.7484
vn -0.5930 0.2661 -0.7600
vn -0.9886 -0.0647 -0.1361
vn -0.9935 -0.0599 -0.0970
vn -0.9849 -0.0451 -0.1669
vn -0.9837 -0.0928 -0.1540
vn -0.9692 0.2315 0.0845
vn -0.9666 0.2414 0.0857
vn -0.9675 0.2416 0.0743
vn 0.3009 0.0648 -0.9514
vn 0.2393 -0.5388 -0.8077
vn -0.3188 0.0573 -0.9461
vn 0.2975 0.0844 -0.9510
vn -0.6749 -0.0228 0.7375
vn -0.6684 0.0036 0.7438
vn -0.6847 -0.0019 0.7288
vn -0.7416 -0.0100 0.6708
vn -0.7264 0.0026 0.6873
vn -0.7368 0.0190 0.6758
vn -0.7428 0.0127 0.6694
vn -0.1294 0.0117 -0.9915
vn -0.1415 0.0362 -0.9893
vn -0.1318 0.0310 -0.9908
vn -0.1179 0.0251 -0.9927
vn -0.9209 0.2883 -0.2622
vn -0.9229 0.2957 -0.2467
vn -0.9175 0.3001 -0.2608
vn -0.9676 0.1243 -0.2197
vn -0.9724 0.1173 -0.2018
vn -0.9698 0.1324 -0.2048
vn -0.9682 0.1329 -0.2119
vn -0.4079 -0.0105 -0.9129
vn -0.4156 -0.0010 -0.9096
vn -0.4077 0.0170 -0.9129
vn -0.3988 0.0092 -0.9170
vn -0.3537 -0.0329 -0.9348
vn -0.3688 -0.0311 -0.9290
vn -0.3657 -0.0096 -0.9307
vn -0.3511 -0.0182 -0.9362
vn -0.6180 0.0409 -0.7851
vn -0.6368 0.0578 -0.7689
vn -0.6383 0.0658 -0.7670
vn -0.6193 0.0786 -0.7812
vn 0.4748 0.2539 -0.8427
vn 0.4732 0.2706 -0.8383
vn 0.4895 0.2620 -0.8317
vn 0.5546 -0.0045 -0.8321
vn 0.5618 0.0033 -0.8273
vn 0.5723 -0.0028 -0.8201
vn 0.5585 -0.0291 -0.8290
vn 0.8237 0.1638 0.5429
vn 0.8395 0.1566 0.5203
vn 0.8362 0.1759 0.5194
vn 0.8248 0.1779 0.5367
vn 0.5255 0.2523 0.8125
vn 0.5377 0.2687 0.7991
vn 0.5168 0.2638 0.8144
vn 0.3856 0.1528 0.9099
vn 0.4008 0.1615 0.9018
vn 0.3965 0.1702 0.9021
vn 0.3867 0.1744 0.9055
vn 0.4736 0.2605 0.8413
vn 0.4467 0.3085 0.8398
vn 0.4292 0.3018 0.8513
vn 0.4293 0.2912 0.8549
vn 0.7161 0.0476 0.6964
vn 0.7292 0.0695 0.6807
vn 0.7087 0.0720 0.7019
vn -0.2607 0.3281 0.9079
vn 0.3283 0.2813 0.9017
vn -0.2667 0.3430 0.9006
vn 0.4369 0.0457 -0.8983
vn 0.4163 0.0558 -0.9075
vn 0.4321 0.0607 -0.8998
vn 0.7714 0.0147 0.6362
vn 0.7889 0.0443 0.6129
vn 0.8087 0.0457 0.5864
vn 0.7660 0.0626 0.6398
vn 0.6034 0.2610 -0.7535
vn 0.5912 0.2726 -0.7591
vn 0.6051 0.2763 -0.7466
vn 0.9901 -0.0439 -0.1330
vn 0.9857 -0.0724 -0.1521
vn 0.9813 -0.0420 -0.1879
vn 0.9896 -0.0368 -0.1393
vn 0.9661 0.2440 0.0849
vn 0.9671 0.2520 0.0340
vn 0.9626 0.2564 0.0874
vn -0.2970 0.0594 -0.9530
vn -0.3058 0.0853 -0.9483
vn -0.2389 0.6540 -0.7178
vn 0.1887 0.4682 -0.8633
vn 0.6783 -0.0138 0.7346
vn 0.6856 0.0040 0.7280
vn 0.6731 0.0089 0.7395
vn 0.7484 0.0009 0.6633
vn 0.7499 0.0278 0.6610
vn 0.7418 0.0289 0.6700
vn 0.7335 0.0150 0.6795
vn 0.1366 0.0168 -0.9905
vn 0.1204 0.0189 -0.9925
vn 0.1219 0.0431 -0.9916
vn 0.1335 0.0342 -0.9905
vn 0.9183 0.2971 -0.2616
vn 0.9159 0.3062 -0.2596
vn 0.9194 0.3047 -0.2488
vn 0.9663 0.1352 -0.2190
vn 0.9664 0.1462 -0.2113
vn 0.9694 0.1425 -0.2001
vn 0.9707 0.1246 -0.2057
vn 0.4112 -0.0050 -0.9115
vn 0.3969 0.0158 -0.9177
vn 0.4026 0.0138 -0.9153
vn 0.4116 0.0155 -0.9112
vn 0.3525 -0.0247 -0.9355
vn 0.3550 -0.0056 -0.9348
vn 0.3646 -0.0079 -0.9311
vn 0.3723 -0.0227 -0.9278
vn 0.6206 0.0467 -0.7827
vn 0.6232 0.0730 -0.7786
vn 0.6363 0.0699 -0.7682
vn 0.6357 0.0611 -0.7695
vn -0.4966 -0.8283 -0.2594
vn 0.0054 -1.0000 -0.0077
vn -0.5479 -0.7969 0.2547
vn -0.0031 -1.0000 -0.0049
vn -0.0023 -1.0000 -0.0056
vn -0.0020 -1.0000 -0.0059
vn -0.0087 -0.9987 -0.0494
vn 0.0123 -0.9987 -0.0503
vn 0.0091 -0.9999 -0.0042
vn 0.0089 -1.0000 -0.0043
vn 0.0099 -0.9999 -0.0098
vn 0.0122 -0.9999 -0.0084
vn 0.0145 -0.9998 -0.0101
vn 0.0156 -0.9998 -0.0091
vn 0.0188 -0.9998 0.0015
vn 0.0188 -0.9998 0.0020
vn 0.0333 -0.9994 -0.0045
vn 0.0120 -0.9999 0.0015
vn 0.0121 -0.9999 0.0022
vn 0.0120 -0.9999 0.0032
vn 0.0161 -0.9998 0.0069
vn 0.0169 -0.9999 0.0023
vn 0.0149 -0.9998 0.0093
vn 0.0275 -0.9996 0.0099
vn 0.0033 -0.9999 0.0096
vn 0.0061 -0.9999 0.0127
vn 0.0065 -0.9999 0.0126
vn 0.0058 -0.9999 0.0127
vn 0.0050 -0.9999 0.0128
vn 0.0197 -0.9998 0.0088
vn 0.0037 -0.9999 0.0134
vn 0.0129 -0.9999 0.0103
vn 0.0136 -0.9999 0.0020
vn 0.0132 -0.9999 0.0051
vn 0.0101 -0.9999 0.0117
vn 0.5762 -0.7984 -0.1746
vn 0.0116 -0.9999 0.0106
vn 0.0125 -0.9999 0.0069
vn 0.0106 -0.9999 0.0093
vn 0.0104 -0.9999 0.0095
vn 0.0046 -0.9999 0.0142
vn -0.0062 -1.0000 0.0068
vn 0.0010 -0.9998 0.0190
vn -0.0050 -1.0000 0.0079
vn -0.0050 -1.0000 0.0078
vn -0.0056 -1.0000 0.0068
vn -0.0055 -1.0000 0.0070
vn -0.0032 -1.0000 0.0035
vn -0.0168 -0.9997 0.0155
vn -0.0076 -1.0000 -0.0035
vn -0.0060 -1.0000 -0.0059
vn -0.0036 -1.0000 -0.0082
vn -0.0035 -1.0000 0.0052
vn -0.0039 -1.0000 0.0039
vn -0.0039 -1.0000 0.0036
vn -0.0247 -0.9997 -0.0069
vn -0.0020 -0.9999 -0.0112
vn -0.0030 -0.9999 -0.0107
vn -0.0098 -0.9999 -0.0063
vn -0.0091 -0.9999 -0.0073
vn -0.0068 -1.0000 -0.0058
vn -0.0047 -1.0000 -0.0080
vn 0.0012 -1.0000 -0.0055
vn 0.0008 -1.0000 -0.0053
vn -0.0234 -0.9988 -0.0434
vn -0.0018 -0.9987 -0.0506
vn 0.0038 -1.0000 -0.0078
usemtl sungaya_inexpectata_31mg
s off
f 434/1/1 417/2/2 30/3/3 28/4/4
f 42/5/5 142/6/6 27/7/7
f 375/8/8 377/9/9 33/10/10
f 29/11/11 84/12/12 2/13/13
f 24/14/14 44/15/15 15/16/16
f 43/17/17 90/18/18 57/19/19
f 129/20/20 51/21/21 136/22/22
f 66/23/23 75/24/24 106/25/25
f 69/26/26 96/27/27 153/28/28
f 88/29/29 100/30/30 17/31/31
f 425/32/32 136/22/33 421/33/34
f 114/34/35 13/35/36 74/36/37
f 14/37/38 54/38/39 81/39/40
f 50/40/41 95/41/42 45/42/43
f 58/43/44 98/44/45 11/45/46
f 147/46/47 53/47/48 15/48/49
f 482/49/50 135/50/51 481/51/52
f 55/52/53 84/53/54 101/54/55
f 97/55/56 110/56/57 96/57/58
f 137/58/59 19/59/60 39/60/61
f 22/61/62 64/62/63 32/63/64
f 9/64/65 112/65/66 56/66/67
f 55/67/68 56/68/69 30/3/70
f 36/69/71 87/70/72 94/71/73
f 39/60/74 36/69/75 94/71/76
f 67/72/77 130/73/78 64/74/79
f 16/75/80 14/76/81 119/77/82
f 365/78/83 77/79/84 367/80/85
f 68/81/86 62/82/87 113/83/88
f 370/84/89 380/85/90 82/86/91 114/34/92
f 3/87/93 47/88/94 56/89/95
f 109/90/96 5/91/97 115/92/98
f 13/35/99 125/93/100 87/70/101
f 108/94/102 6/95/103 4/96/104
f 94/71/105 80/97/106 39/60/107
f 93/98/108 110/99/109 46/100/110
f 106/25/111 53/47/112 8/101/113
f 350/102/114 159/103/115 133/104/116
f 155/105/117 59/106/118 105/107/119
f 76/108/120 116/109/121 21/110/122
f 359/111/123 358/112/124 124/113/125
f 117/114/126 54/38/127 109/115/128
f 58/43/129 72/116/130 149/117/131
f 38/118/132 6/95/133 141/119/134
f 57/120/135 152/121/136 42/5/137
f 27/122/138 156/123/139 42/124/140
f 106/25/141 105/107/142 66/23/143
f 37/125/144 69/126/145 47/127/146
f 21/128/147 67/72/148 48/129/149
f 1/130/150 16/131/151 34/132/152
f 12/133/153 38/118/154 42/5/155
f 64/134/156 52/135/157 67/136/158
f 44/137/159 84/12/160 78/138/161
f 7/139/162 78/138/163 84/12/164
f 122/140/165 25/141/166 35/142/167
f 107/143/168 24/14/169 122/144/170
f 107/143/171 56/68/172 55/67/173
f 5/145/174 112/146/175 9/147/176
f 333/148/177 127/149/178 336/150/179
f 113/151/180 112/152/181 68/81/182
f 437/153/183 433/154/184 34/155/185
f 144/156/186 23/157/187 7/158/188
f 125/93/189 94/159/190 87/70/191
f 146/160/192 150/161/193 48/162/194
f 62/163/195 89/164/196 1/165/197
f 21/166/198 128/167/199 20/168/200
f 44/15/201 147/169/202 15/16/203
f 91/170/204 115/171/205 131/172/206
f 342/173/207 330/174/208 143/175/209 149/117/210
f 32/176/211 64/74/212 91/170/213
f 155/105/214 105/107/215 40/177/216
f 82/86/217 33/10/218 71/178/219
f 137/58/220 4/96/221 65/179/222
f 37/180/223 26/181/224 97/182/225
f 354/183/226 367/184/227 77/185/228 150/186/229
f 128/187/230 21/188/231 116/189/232
f 81/190/233 142/191/234 152/192/235
f 7/139/236 84/12/237 29/11/238
f 89/193/239 68/194/240 5/195/241
f 70/196/242 88/29/243 17/31/244
f 129/20/245 2/197/246 51/198/247
f 22/199/248 32/200/249 131/201/250
f 46/100/251 110/202/252 97/203/253
f 141/119/254 85/204/255 86/205/256
f 35/206/257 26/207/258 3/208/259
f 55/52/260 101/54/261 107/209/262
f 24/14/263 107/143/264 101/210/265
f 416/211/266 419/212/267 28/213/268
f 434/214/269 28/215/270 419/216/271
f 70/196/272 145/217/273 88/29/274
f 37/218/275 97/55/276 96/219/277
f 28/220/278 30/221/279 112/222/280
f 21/223/281 130/224/282 67/136/283
f 114/225/284 82/226/285 13/227/286
f 111/228/287 36/69/288 39/60/289
f 155/105/290 83/229/291 59/106/292
f 153/230/293 48/231/294 79/232/295
f 48/231/296 67/72/297 79/232/298
f 63/233/299 58/43/300 11/45/301
f 139/234/302 123/235/303 78/138/304
f 78/138/305 123/235/306 61/236/307
f 129/237/308 29/11/309 2/13/310
f 40/177/311 78/138/312 61/236/313
f 137/238/314 39/239/315 80/240/316
f 128/241/317 74/36/318 13/35/319
f 20/242/320 128/241/321 13/35/322
f 27/243/323 118/244/324 60/245/325
f 118/246/326 117/247/327 91/248/328
f 4/249/329 95/250/330 148/251/331
f 134/252/332 85/253/333 49/254/334
f 113/151/335 28/255/336 112/152/337
f 103/256/338 64/74/339 41/257/340
f 123/235/341 155/105/342 61/236/343
f 61/236/344 155/105/345 40/177/346
f 14/37/347 90/18/348 119/258/349
f 90/18/350 43/17/351 121/259/352
f 98/44/353 99/260/354 124/113/355
f 58/43/356 149/117/357 99/260/358
f 149/261/359 143/262/360 99/263/361
f 41/257/362 130/73/363 111/228/364
f 16/264/365 1/265/366 14/37/367
f 93/98/368 100/266/369 88/267/370
f 155/268/371 120/269/372 83/270/373
f 344/271/374 335/272/375 139/273/376 140/274/377
f 123/235/378 120/275/379 155/105/380
f 428/276/381 420/277/382 18/278/383
f 90/18/384 14/37/385 81/39/386
f 90/279/387 81/280/388 152/281/389
f 40/177/390 105/107/391 151/282/392
f 163/283/393 148/251/394 348/284/395
f 24/14/396 101/210/397 44/15/398
f 75/285/399 11/286/400 154/287/401
f 2/288/402 55/289/403 51/290/404
f 2/291/405 84/292/406 55/67/407
f 30/3/408 51/293/409 55/67/410
f 91/294/411 117/295/412 109/296/413
f 60/297/414 103/256/415 156/298/416
f 142/299/417 54/300/418 118/301/419
f 54/38/420 117/302/421 118/303/422
f 43/17/423 86/205/424 134/304/425
f 88/305/426 92/306/427 93/307/428
f 88/308/429 145/309/430 92/310/431
f 363/311/432 356/312/433 70/313/434
f 151/282/435 147/46/436 78/138/437
f 147/169/438 44/15/439 78/314/440
f 45/315/441 95/316/442 71/178/443
f 108/94/444 85/204/445 6/95/446
f 108/317/447 133/104/448 85/253/449
f 162/318/450 334/319/451 120/320/452 123/321/453
f 19/59/454 137/58/455 65/179/456
f 140/322/457 78/138/458 7/139/459
f 138/323/460 53/47/461 106/25/462
f 378/324/463 31/325/464 372/326/465
f 99/260/466 98/44/467 58/43/468
f 22/327/469 131/328/470 69/329/471
f 69/330/472 131/331/473 47/332/474
f 1/333/475 34/155/476 62/334/477
f 53/47/478 25/335/479 15/48/480
f 15/48/481 25/335/482 122/336/483
f 17/31/484 106/25/485 75/24/486
f 48/129/487 76/337/488 21/128/489
f 355/338/490 368/339/491 132/340/492
f 74/341/493 128/342/494 116/343/495
f 334/319/496 158/344/497 120/320/498
f 26/345/499 37/346/500 47/347/501
f 3/348/502 122/349/503 35/350/504
f 122/144/505 3/348/506 107/143/507
f 12/133/508 42/5/509 156/298/510
f 96/351/511 146/352/512 153/353/513
f 39/60/514 19/59/515 111/228/516
f 112/354/517 5/355/518 68/356/519
f 36/69/520 130/73/521 20/242/522
f 36/69/523 111/228/524 130/73/525
f 329/357/526 166/358/527 49/254/528 85/253/529
f 111/228/530 156/298/531 103/256/532
f 111/228/533 103/256/534 41/257/535
f 160/359/536 143/360/537 330/361/538
f 7/362/539 29/363/540 144/364/541
f 148/251/542 95/250/543 50/365/544
f 125/366/545 71/178/546 95/316/547
f 1/367/548 54/368/549 14/369/550
f 167/370/551 49/254/552 166/358/553
f 429/371/554 427/372/555 102/373/556 135/50/557
f 138/374/558 100/375/559 46/100/560
f 100/266/561 93/98/562 46/100/563
f 138/323/564 106/25/565 100/30/566
f 414/376/567 421/377/568 136/378/569 51/293/570
f 59/106/571 72/116/572 63/233/573
f 59/106/574 83/229/575 72/116/576
f 17/379/577 75/380/578 154/381/579
f 337/382/580 157/383/581 83/229/582 120/275/583
f 17/31/584 100/30/585 106/25/586
f 23/384/587 140/274/588 7/385/589
f 63/386/590 72/387/591 58/388/592
f 22/61/593 52/389/594 64/390/595
f 69/391/596 52/389/597 22/61/598
f 92/392/599 110/393/600 93/394/601
f 364/395/602 362/396/603 114/397/604 74/398/605
f 362/396/606 357/399/607 114/397/608
f 142/6/609 118/303/610 27/7/611
f 138/323/612 25/335/613 53/47/614
f 48/400/615 150/161/616 77/401/617
f 48/400/618 77/401/619 76/402/620
f 127/149/621 4/249/622 148/251/623
f 379/403/624 363/311/625 70/313/626 73/404/627
f 140/405/628 139/406/629 78/407/630
f 134/304/631 102/408/632 43/17/633
f 49/254/634 104/409/635 134/410/636
f 134/410/637 104/409/638 102/373/639
f 354/411/640 150/412/641 366/413/642
f 151/282/643 8/101/644 53/47/645
f 41/257/646 64/74/647 130/73/648
f 381/414/649 99/415/650 373/416/651
f 86/205/652 85/204/653 134/304/654
f 96/417/655 69/418/656 37/419/657
f 412/420/658 325/421/659 45/422/660 361/423/661
f 8/101/662 151/282/663 105/107/664
f 105/107/665 106/25/666 8/101/667
f 122/336/668 24/424/669 15/48/670
f 96/425/671 92/426/672 146/427/673
f 92/428/674 96/429/675 110/99/676
f 91/170/677 64/74/678 103/256/679
f 31/430/680 150/431/681 146/432/682
f 40/177/683 151/282/684 78/138/685
f 127/149/686 133/104/687 108/317/688
f 326/433/689 135/50/690 161/434/691
f 66/23/692 11/45/693 75/24/694
f 66/23/695 63/233/696 11/45/697
f 46/435/698 97/436/699 26/437/700
f 112/438/701 30/439/702 56/440/703
f 115/441/704 10/442/705 131/443/706
f 5/444/707 10/445/708 115/446/709
f 53/47/710 147/46/711 151/282/712
f 87/70/713 20/242/714 13/35/715
f 47/447/716 3/448/717 26/449/718
f 339/450/719 342/173/720 149/117/721 72/116/722
f 73/404/723 17/451/724 154/452/725
f 70/313/726 17/451/727 73/404/728
f 87/70/729 36/69/730 20/242/731
f 98/44/732 154/453/733 11/45/734
f 124/113/735 154/453/736 98/44/737
f 380/85/738 375/8/739 33/10/740 82/86/741
f 4/96/742 127/454/743 108/94/744
f 32/455/745 91/456/746 131/457/747
f 135/50/748 102/373/749 104/409/750
f 115/171/751 91/170/752 109/458/753
f 431/459/754 102/408/755 427/460/756
f 25/461/757 138/462/758 35/463/759
f 138/464/760 46/465/761 35/466/762
f 35/467/763 46/468/764 26/469/765
f 20/470/766 130/224/767 21/223/768
f 92/426/769 145/471/770 31/472/771
f 60/297/772 118/303/773 103/256/774
f 103/473/775 118/474/776 91/475/777
f 347/476/778 351/477/779 104/409/780
f 101/210/781 84/292/782 44/15/783
f 38/118/784 57/120/785 42/5/786
f 340/478/787 126/479/788 349/480/789
f 10/481/790 47/482/791 131/483/792
f 369/484/793 371/485/794 145/486/795
f 335/487/796 338/488/797 139/489/798
f 125/366/799 95/316/800 4/96/801
f 125/366/802 4/96/803 80/97/804
f 3/490/805 56/491/806 107/492/807
f 19/59/808 65/179/809 12/133/810
f 57/19/811 86/205/812 43/17/813
f 56/493/814 47/494/815 9/495/816
f 47/496/817 10/497/818 9/498/819
f 370/499/820 114/500/821 357/501/822
f 57/19/823 141/119/824 86/205/825
f 57/19/826 38/118/827 141/119/828
f 31/472/829 146/502/830 92/426/831
f 81/39/832 54/38/833 142/6/834
f 89/193/835 62/503/836 68/194/837
f 59/106/838 63/233/839 66/23/840
f 66/23/841 105/107/842 59/106/843
f 48/231/844 153/504/845 146/505/846
f 441/506/847 439/507/848 29/11/849 129/237/850
f 38/118/851 65/179/852 6/95/853
f 65/179/854 38/118/855 12/133/856
f 426/508/857 34/509/858 433/510/859
f 69/511/860 153/512/861 79/513/862
f 69/514/863 79/515/864 52/516/865
f 116/109/866 76/108/867 77/401/868
f 152/517/869 142/518/870 42/519/871
f 4/96/872 6/95/873 65/179/874
f 109/520/875 54/521/876 1/522/877
f 109/115/878 1/523/879 89/524/880
f 126/525/881 23/526/882 144/527/883
f 18/528/884 126/525/885 144/527/886
f 5/145/887 9/147/888 10/529/889
f 5/530/890 109/531/891 89/532/892
f 33/533/893 132/340/894 45/422/895
f 33/533/896 45/422/897 71/534/898
f 52/535/899 79/232/900 67/72/901
f 141/119/902 6/95/903 85/204/904
f 94/536/905 125/537/906 80/538/907
f 119/258/908 34/155/909 16/264/910
f 152/121/911 57/19/912 90/18/913
f 43/17/914 102/408/915 121/259/916
f 156/298/917 111/228/918 19/59/919
f 156/298/920 19/59/921 12/133/922
f 4/96/923 137/58/924 80/97/925
f 154/453/926 124/113/927 73/539/928
f 125/93/929 13/35/930 82/86/931
f 125/93/932 82/86/933 71/178/934
f 60/297/935 156/298/936 27/7/937
f 104/409/938 49/254/939 167/370/940 347/476/941
f 23/540/942 165/541/943 346/542/944
f 140/543/945 23/544/946 346/545/947 344/546/948
f 148/251/949 163/283/950 343/547/951
f 148/251/952 343/547/953 353/548/954 127/149/955
f 23/544/956 126/479/957 340/478/958 165/549/959
f 72/116/960 164/550/961 339/450/962
f 123/551/963 139/489/964 338/488/965 162/552/966
f 120/275/967 352/553/968 337/382/969
f 127/149/970 353/548/971 336/150/972
f 135/554/973 104/555/974 351/556/975 161/557/976
f 143/360/977 160/359/978 345/558/979
f 133/104/980 159/103/981 341/559/982
f 133/104/983 127/149/984 333/148/985 350/102/986
f 120/320/987 158/344/988 352/560/989
f 133/104/990 341/559/991 332/561/992
f 50/365/993 168/562/994 331/563/995
f 133/104/996 332/561/997 329/357/998 85/253/999
f 148/251/1000 328/564/1001 348/284/1002
f 148/565/1003 50/566/1004 331/567/1005 328/568/1006
f 413/569/1007 360/570/1008 143/360/1009 345/558/1010 327/571/1011
f 413/572/1012 327/573/1013 411/574/1014
f 83/229/1015 157/383/1016 164/550/1017 72/116/1018
f 50/365/1019 45/422/1020 325/421/1021 168/562/1022
f 449/575/1023 466/576/1024 196/577/1025 198/578/1026
f 210/579/1027 195/580/1028 310/581/1029
f 403/582/1030 201/583/1031 405/584/1032
f 197/585/1033 170/586/1034 252/587/1035
f 192/588/1036 183/589/1037 212/590/1038
f 211/591/1039 225/592/1040 258/593/1041
f 297/594/1042 304/595/1043 219/596/1044
f 234/597/1045 274/598/1046 243/599/1047
f 237/600/1048 321/601/1049 264/602/1050
f 256/603/1051 185/604/1052 268/605/1053
f 457/606/1054 453/607/1055 304/595/1056
f 282/608/1057 242/609/1058 181/610/1059
f 182/611/1060 249/612/1061 222/613/1062
f 218/614/1063 213/615/1064 263/616/1065
f 226/617/1066 179/618/1067 266/619/1068
f 315/620/1069 183/621/1070 221/622/1071
f 479/623/1072 477/624/1073 303/625/1074
f 223/626/1075 269/627/1076 252/628/1077
f 265/629/1078 264/630/1079 278/631/1080
f 305/632/1081 207/633/1082 187/634/1083
f 190/635/1084 200/636/1085 232/637/1086
f 177/638/1087 224/639/1088 280/640/1089
f 223/641/1090 198/578/1091 224/642/1092
f 204/643/1093 262/644/1094 255/645/1095
f 207/633/1096 262/644/1097 204/643/1098
f 235/646/1099 232/647/1100 298/648/1101
f 184/649/1102 287/650/1103 182/651/1104
f 393/652/1105 395/653/1106 245/654/1107
f 236/655/1108 281/656/1109 230/657/1110
f 408/658/1111 398/659/1112 282/608/1113 250/660/1114
f 171/661/1115 224/662/1116 215/663/1117
f 277/664/1118 283/665/1119 173/666/1120
f 181/610/1121 255/645/1122 293/667/1123
f 276/668/1124 172/669/1125 174/670/1126
f 262/644/1127 207/633/1128 248/671/1129
f 261/672/1130 214/673/1131 278/674/1132
f 274/598/1133 176/675/1134 221/622/1135
f 350/102/1136 301/676/1137 159/103/1138
f 323/677/1139 273/678/1140 227/679/1141
f 244/680/1142 189/681/1143 284/682/1144
f 387/683/1145 292/684/1146 386/685/1147
f 285/686/1148 277/687/1149 222/613/1150
f 226/617/1151 317/688/1152 240/689/1153
f 206/690/1154 309/691/1155 174/670/1156
f 225/692/1157 210/579/1158 320/693/1159
f 195/694/1160 210/695/1161 324/696/1162
f 274/598/1163 234/597/1164 273/678/1165
f 205/697/1166 215/698/1167 237/699/1168
f 189/700/1169 216/701/1170 235/646/1171
f 169/702/1172 202/703/1173 184/704/1174
f 180/705/1175 210/579/1176 206/690/1177
f 232/706/1178 235/707/1179 220/708/1180
f 212/709/1181 246/710/1182 252/587/1183
f 175/711/1184 252/587/1185 246/710/1186
f 290/712/1187 203/713/1188 193/714/1189
f 275/715/1190 290/716/1191 192/588/1192
f 275/715/1193 223/641/1194 224/642/1195
f 173/717/1196 177/718/1197 280/719/1198
f 333/148/1199 336/150/1200 295/720/1201
f 281/721/1202 236/655/1203 280/722/1204
f 469/723/1205 202/724/1206 465/725/1207
f 312/726/1208 175/727/1209 191/728/1210
f 293/667/1211 255/645/1212 262/729/1213
f 314/730/1214 216/731/1215 318/732/1216
f 230/733/1217 169/734/1218 257/735/1219
f 189/736/1220 188/737/1221 296/738/1222
f 212/590/1223 183/589/1224 315/739/1225
f 259/740/1226 299/741/1227 283/742/1228
f 342/173/1229 317/688/1230 311/743/1231 330/174/1232
f 200/744/1233 259/740/1234 232/647/1235
f 323/677/1236 208/745/1237 273/678/1238
f 250/660/1239 239/746/1240 201/583/1241
f 305/632/1242 233/747/1243 172/669/1244
f 205/748/1245 265/749/1246 194/750/1247
f 395/751/1248 382/752/1249 318/753/1250 245/754/1251
f 296/755/1252 284/756/1253 189/757/1254
f 249/758/1255 320/759/1256 310/760/1257
f 175/711/1258 197/585/1259 252/587/1260
f 257/761/1261 173/762/1262 236/763/1263
f 238/764/1264 185/604/1265 256/603/1266
f 297/594/1267 219/765/1268 170/766/1269
f 190/767/1270 299/768/1271 200/769/1272
f 214/673/1273 265/770/1274 278/771/1275
f 309/691/1276 254/772/1277 253/773/1278
f 203/774/1279 171/775/1280 194/776/1281
f 223/626/1282 275/777/1283 269/627/1284
f 192/588/1285 269/778/1286 275/715/1287
f 448/779/1288 196/780/1289 451/781/1290
f 466/782/1291 451/783/1292 196/784/1293
f 238/764/1294 256/603/1295 313/785/1296
f 205/786/1297 264/787/1298 265/629/1299
f 196/788/1300 280/789/1301 198/790/1302
f 189/791/1303 235/707/1304 298/792/1305
f 282/793/1306 181/794/1307 250/795/1308
f 279/796/1309 207/633/1310 204/643/1311
f 323/677/1312 227/679/1313 251/797/1314
f 321/798/1315 247/799/1316 216/800/1317
f 216/800/1318 247/799/1319 235/646/1320
f 231/801/1321 179/618/1322 226/617/1323
f 307/802/1324 246/710/1325 291/803/1326
f 246/710/1327 229/804/1328 291/803/1329
f 297/805/1330 170/586/1331 197/585/1332
f 208/745/1333 229/804/1334 246/710/1335
f 305/806/1336 248/807/1337 207/808/1338
f 296/809/1339 181/610/1340 242/609/1341
f 188/810/1342 181/610/1343 296/809/1344
f 195/811/1345 228/812/1346 286/813/1347
f 286/814/1348 259/815/1349 285/816/1350
f 172/817/1351 316/818/1352 263/819/1353
f 302/820/1354 217/821/1355 253/822/1356
f 281/721/1357 280/722/1358 196/823/1359
f 271/824/1360 209/825/1361 232/647/1362
f 291/803/1363 229/804/1364 323/677/1365
f 229/804/1366 208/745/1367 323/677/1368
f 182/611/1369 287/826/1370 258/593/1371
f 258/593/1372 289/827/1373 211/591/1374
f 266/619/1375 292/684/1376 267/828/1377
f 226/617/1378 267/828/1379 317/688/1380
f 317/829/1381 267/830/1382 311/831/1383
f 209/825/1384 279/796/1385 298/648/1386
f 184/832/1387 182/611/1388 169/833/1389
f 261/672/1390 256/834/1391 268/835/1392
f 323/836/1393 251/837/1394 288/838/1395
f 344/271/1396 308/839/1397 307/840/1398 335/272/1399
f 291/803/1400 323/677/1401 288/841/1402
f 460/842/1403 186/843/1404 452/844/1405
f 258/593/1406 249/612/1407 182/611/1408
f 258/845/1409 320/846/1410 249/847/1411
f 208/745/1412 319/848/1413 273/678/1414
f 163/283/1415 348/284/1416 316/818/1417
f 192/588/1418 212/590/1419 269/778/1420
f 243/849/1421 322/850/1422 179/851/1423
f 170/852/1424 219/853/1425 223/854/1426
f 170/855/1427 223/641/1428 252/856/1429
f 198/578/1430 223/641/1431 219/857/1432
f 259/858/1433 277/859/1434 285/860/1435
f 228/861/1436 324/862/1437 271/824/1438
f 310/863/1439 286/864/1440 222/865/1441
f 222/613/1442 286/866/1443 285/867/1444
f 211/591/1445 302/868/1446 254/772/1447
f 256/869/1448 261/870/1449 260/871/1450
f 256/872/1451 260/873/1452 313/874/1453
f 391/875/1454 238/876/1455 384/877/1456
f 319/848/1457 246/710/1458 315/620/1459
f 315/739/1460 246/878/1461 212/590/1462
f 213/879/1463 239/746/1464 263/880/1465
f 276/668/1466 174/670/1467 253/773/1468
f 276/881/1469 253/822/1470 301/676/1471
f 162/318/1472 291/882/1473 288/883/1474 334/319/1475
f 187/634/1476 233/747/1477 305/632/1478
f 308/884/1479 175/711/1480 246/710/1481
f 306/885/1482 274/598/1483 221/622/1484
f 406/886/1485 400/887/1486 199/888/1487
f 267/828/1488 226/617/1489 266/619/1490
f 190/889/1491 237/890/1492 299/891/1493
f 237/892/1494 215/893/1495 299/894/1496
f 169/895/1497 230/896/1498 202/724/1499
f 221/622/1500 183/621/1501 193/897/1502
f 183/621/1503 290/898/1504 193/897/1505
f 185/604/1506 243/599/1507 274/598/1508
f 216/701/1509 189/700/1510 244/899/1511
f 383/900/1512 300/901/1513 396/902/1514
f 242/903/1515 284/904/1516 296/905/1517
f 334/319/1518 288/883/1519 158/344/1520
f 194/906/1521 215/907/1522 205/908/1523
f 171/909/1524 203/910/1525 290/911/1526
f 290/716/1527 275/715/1528 171/909/1529
f 180/705/1530 324/862/1531 210/579/1532
f 264/912/1533 321/913/1534 314/914/1535
f 207/633/1536 279/796/1537 187/634/1538
f 280/915/1539 236/916/1540 173/917/1541
f 204/643/1542 188/810/1543 298/648/1544
f 204/643/1545 298/648/1546 279/796/1547
f 329/357/1548 253/822/1549 217/821/1550 166/358/1551
f 279/796/1552 271/824/1553 324/862/1554
f 279/796/1555 209/825/1556 271/824/1557
f 160/359/1558 330/361/1559 311/918/1560
f 175/919/1561 312/920/1562 197/921/1563
f 316/818/1564 218/922/1565 263/819/1566
f 293/923/1567 263/880/1568 239/746/1569
f 169/924/1570 182/925/1571 222/926/1572
f 167/370/1573 166/358/1574 217/821/1575
f 459/927/1576 461/928/1577 303/625/1578 270/929/1579
f 306/930/1580 214/673/1581 268/931/1582
f 268/835/1583 214/673/1584 261/672/1585
f 306/885/1586 268/605/1587 274/598/1588
f 453/932/1589 446/933/1590 219/857/1591 304/934/1592
f 227/679/1593 231/801/1594 240/689/1595
f 227/679/1596 240/689/1597 251/797/1598
f 185/935/1599 322/936/1600 243/937/1601
f 337/382/1602 288/841/1603 251/797/1604 157/383/1605
f 185/604/1606 274/598/1607 268/605/1608
f 191/938/1609 175/939/1610 308/839/1611
f 231/940/1612 226/941/1613 240/942/1614
f 190/635/1615 232/943/1616 220/944/1617
f 237/945/1618 190/635/1619 220/944/1620
f 260/946/1621 261/947/1622 278/948/1623
f 390/949/1624 392/950/1625 242/951/1626 282/952/1627
f 390/949/1628 282/952/1629 385/953/1630
f 310/581/1631 195/580/1632 286/866/1633
f 306/885/1634 221/622/1635 193/897/1636
f 216/954/1637 245/955/1638 318/732/1639
f 216/954/1640 244/956/1641 245/955/1642
f 295/720/1643 316/818/1644 172/817/1645
f 391/875/1646 407/957/1647 241/958/1648 238/876/1649
f 308/959/1650 246/960/1651 307/961/1652
f 302/868/1653 211/591/1654 270/962/1655
f 217/821/1656 302/963/1657 272/964/1658
f 302/963/1659 270/929/1660 272/964/1661
f 382/965/1662 394/966/1663 318/967/1664
f 319/848/1665 221/622/1666 176/675/1667
f 209/825/1668 298/648/1669 232/647/1670
f 409/968/1671 401/969/1672 267/970/1673
f 254/772/1674 302/868/1675 253/773/1676
f 264/971/1677 205/972/1678 237/973/1679
f 412/420/1680 389/974/1681 213/975/1682 325/421/1683
f 176/675/1684 273/678/1685 319/848/1686
f 273/678/1687 176/675/1688 274/598/1689
f 290/898/1690 183/621/1691 192/976/1692
f 264/977/1693 314/978/1694 260/979/1695
f 260/980/1696 278/674/1697 264/981/1698
f 259/740/1699 271/824/1700 232/647/1701
f 199/982/1702 314/983/1703 318/984/1704
f 208/745/1705 246/710/1706 319/848/1707
f 295/720/1708 276/881/1709 301/676/1710
f 326/433/1711 161/434/1712 303/625/1713
f 234/597/1714 243/599/1715 179/618/1716
f 234/597/1717 179/618/1718 231/801/1719
f 214/985/1720 194/986/1721 265/987/1722
f 280/988/1723 224/989/1724 198/990/1725
f 283/991/1726 299/992/1727 178/993/1728
f 173/994/1729 283/995/1730 178/996/1731
f 221/622/1732 319/848/1733 315/620/1734
f 255/645/1735 181/610/1736 188/810/1737
f 215/997/1738 194/998/1739 171/999/1740
f 339/450/1741 240/689/1742 317/688/1743 342/173/1744
f 241/958/1745 322/1000/1746 185/1001/1747
f 238/876/1748 241/958/1749 185/1001/1750
f 255/645/1751 188/810/1752 204/643/1753
f 266/619/1754 179/618/1755 322/1002/1756
f 292/684/1757 266/619/1758 322/1002/1759
f 403/582/1760 408/658/1761 250/660/1762 201/583/1763
f 172/669/1764 276/668/1765 295/1003/1766
f 200/1004/1767 299/1005/1768 259/1006/1769
f 303/625/1770 272/964/1771 270/929/1772
f 283/742/1773 277/1007/1774 259/740/1775
f 463/1008/1776 459/1009/1777 270/962/1778
f 193/1010/1779 203/1011/1780 306/1012/1781
f 306/1013/1782 203/1014/1783 214/1015/1784
f 203/1016/1785 194/1017/1786 214/1018/1787
f 188/1019/1788 189/791/1789 298/792/1790
f 260/979/1791 199/1020/1792 313/1021/1793
f 228/861/1794 271/824/1795 286/866/1796
f 271/1022/1797 259/1023/1798 286/1024/1799
f 347/476/1800 272/964/1801 351/477/1802
f 269/778/1803 212/590/1804 252/856/1805
f 206/690/1806 210/579/1807 225/692/1808
f 340/478/1809 349/480/1810 294/1025/1811
f 178/1026/1812 299/1027/1813 215/1028/1814
f 397/1029/1815 313/1030/1816 399/1031/1817
f 335/487/1818 307/1032/1819 338/488/1820
f 293/923/1821 172/669/1822 263/880/1823
f 293/923/1824 248/671/1825 172/669/1826
f 171/1033/1827 275/1034/1828 224/1035/1829
f 187/634/1830 180/705/1831 233/747/1832
f 225/592/1833 211/591/1834 254/772/1835
f 224/1036/1836 177/1037/1837 215/1038/1838
f 215/1039/1839 177/1040/1840 178/1041/1841
f 398/1042/1842 385/1043/1843 282/1044/1844
f 225/592/1845 254/772/1846 309/691/1847
f 225/592/1848 309/691/1849 206/690/1850
f 199/1020/1851 260/979/1852 314/1045/1853
f 249/612/1854 310/581/1855 222/613/1856
f 257/761/1857 236/763/1858 230/1046/1859
f 227/679/1860 234/597/1861 231/801/1862
f 234/597/1863 227/679/1864 273/678/1865
f 216/800/1866 314/1047/1867 321/1048/1868
f 471/1049/1869 473/1050/1870 297/805/1871 197/585/1872
f 206/690/1873 174/670/1874 233/747/1875
f 233/747/1876 180/705/1877 206/690/1878
f 458/1051/1879 465/1052/1880 202/1053/1881
f 237/1054/1882 247/1055/1883 321/1056/1884
f 237/1057/1885 220/1058/1886 247/1059/1887
f 284/682/1888 245/955/1889 244/680/1890
f 320/1060/1891 210/1061/1892 310/1062/1893
f 172/669/1894 233/747/1895 174/670/1896
f 277/1063/1897 169/1064/1898 222/1065/1899
f 277/687/1900 257/1066/1901 169/1067/1902
f 294/1068/1903 312/1069/1904 191/1070/1905
f 186/1071/1906 312/1069/1907 294/1068/1908
f 173/717/1909 178/1072/1910 177/718/1911
f 173/1073/1912 257/1074/1913 277/1075/1914
f 201/1076/1915 213/975/1916 300/901/1917
f 201/1076/1918 239/1077/1919 213/975/1920
f 220/1078/1921 235/646/1922 247/799/1923
f 309/691/1924 253/773/1925 174/670/1926
f 262/1079/1927 248/1080/1928 293/1081/1929
f 287/826/1930 184/832/1931 202/724/1932
f 320/693/1933 258/593/1934 225/592/1935
f 211/591/1936 289/827/1937 270/962/1938
f 324/862/1939 187/634/1940 279/796/1941
f 324/862/1942 180/705/1943 187/634/1944
f 172/669/1945 248/671/1946 305/632/1947
f 322/1002/1948 241/1082/1949 292/684/1950
f 293/667/1951 250/660/1952 181/610/1953
f 293/667/1954 239/746/1955 250/660/1956
f 228/861/1957 195/580/1958 324/862/1959
f 272/964/1960 347/476/1961 167/370/1962 217/821/1963
f 191/1083/1964 346/542/1965 165/541/1966
f 308/1084/1967 344/546/1968 346/545/1969 191/1085/1970
f 316/818/1971 343/547/1972 163/283/1973
f 316/818/1974 295/720/1975 353/548/1976 343/547/1977
f 191/1085/1978 165/549/1979 340/478/1980 294/1025/1981
f 240/689/1982 339/450/1983 164/550/1984
f 291/1086/1985 162/552/1986 338/488/1987 307/1032/1988
f 288/841/1989 337/382/1990 352/553/1991
f 295/720/1992 336/150/1993 353/548/1994
f 303/1087/1995 161/557/1996 351/556/1997 272/1088/1998
f 311/918/1999 345/558/2000 160/359/2001
f 301/676/2002 341/559/2003 159/103/2004
f 301/676/2005 350/102/2006 333/148/2007 295/720/2008
f 288/883/2009 352/560/2010 158/344/2011
f 301/676/2012 332/561/2013 341/559/2014
f 218/922/2015 331/563/2016 168/562/2017
f 301/676/2018 253/822/2019 329/357/2020 332/561/2021
f 316/818/2022 348/284/2023 328/564/2024
f 316/1089/2025 328/568/2026 331/567/2027 218/1090/2028
f 388/1091/2029 410/1092/2030 327/571/2031 345/558/2032 311/918/2033
f 411/574/2034 327/573/2035 410/1093/2036
f 251/797/2037 240/689/2038 164/550/2039 157/383/2040
f 218/922/2041 168/562/2042 325/421/2043 213/975/2044
f 241/958/2045 407/957/2046 402/1094/2047
f 313/1021/2048 199/1020/2049 400/1095/2050 399/1096/2051
f 199/982/2052 318/984/2053 394/1097/2054 406/1098/2055
f 245/1099/2056 284/1100/2057 404/1101/2058 393/1102/2059
f 284/1103/2060 242/951/2061 392/950/2062 404/1104/2063
f 300/901/2064 213/975/2065 389/974/2066 396/902/2067
f 267/970/2068 401/969/2069 388/1091/2070 311/918/2071
f 267/828/2072 292/684/2073 387/683/2074 409/1105/2075
f 292/1106/2076 241/958/2077 402/1094/2078 386/1107/2079
f 313/1108/2080 397/1109/2081 384/877/2082 238/876/2083
f 201/1076/2084 300/901/2085 383/900/2086 405/1110/2087
f 73/404/2088 374/1111/2089 379/403/2090
f 145/471/2091 371/1112/2092 372/1113/2093 31/472/2094
f 31/430/2095 378/1114/2096 366/1115/2097 150/431/2098
f 77/1116/2099 365/1117/2100 376/1118/2101 116/1119/2102
f 116/1120/2103 376/1121/2104 364/395/2105 74/398/2106
f 132/340/2107 368/339/2108 361/423/2109 45/422/2110
f 99/415/2111 143/360/2112 360/570/2113 373/416/2114
f 99/260/2115 381/1122/2116 359/111/2117 124/113/2118
f 124/1123/2119 358/1124/2120 374/1111/2121 73/404/2122
f 145/1125/2123 70/313/2124 356/312/2125 369/1126/2126
f 33/533/2127 377/1127/2128 355/338/2129 132/340/2130
f 360/570/2131 413/569/2132 411/574/2133 410/1093/2134 388/1091/2135 401/969/2136 409/968/2137 387/683/2138 386/685/2139 402/1094/2140 407/957/2141 391/875/2142 384/877/2143 397/1109/2144 399/1031/2145 400/1095/2146 406/886/2147 394/1097/2148 382/965/2149 395/751/2150 393/652/2151 404/1101/2152 392/950/2153 390/949/2154 385/953/2155 398/1042/2156 408/658/2157 403/582/2158 405/584/2159 383/900/2160 396/902/2161 389/974/2162 412/420/2163 361/423/2164 368/339/2165 355/338/2166 377/1127/2167 375/8/2168 380/85/2169 370/84/2170 357/501/2171 362/396/2172 364/395/2173 376/1121/2174 365/1117/2175 367/80/2176 354/183/2177 366/413/2178 378/1114/2179 372/326/2180 371/1112/2181 369/484/2182 356/312/2183 363/311/2184 379/403/2185 374/1111/2186 358/1124/2187 359/111/2188 381/1122/2189 373/416/2190
f 326/433/2191 480/1128/2192 481/51/2193 135/50/2194
f 326/433/2195 303/625/2196 477/624/2197 480/1128/2198
f 304/934/2199 475/1129/2200 476/1130/2201
f 304/934/2202 297/1131/2203 473/1132/2204 475/1129/2205
f 202/724/2206 469/723/2207 472/1133/2208 287/826/2209
f 289/827/2210 467/1134/2211 468/1135/2212
f 258/593/2213 464/1136/2214 467/1134/2215 289/827/2216
f 270/962/2217 289/827/2218 468/1135/2219 463/1008/2220
f 287/1137/2221 472/1138/2222 462/1139/2223
f 303/1140/2224 461/1141/2225 479/1142/2226
f 186/1071/2227 460/1143/2228 474/1144/2229
f 230/896/2230 470/1145/2231 458/1146/2232 202/724/2233
f 304/934/2234 476/1130/2235 457/1147/2236
f 281/1148/2237 456/1149/2238 470/1150/2239 230/1151/2240
f 281/1152/2241 478/1153/2242 456/1154/2243
f 294/1155/2244 349/1156/2245 483/1157/2246 455/1158/2247
f 258/593/2248 454/1159/2249 464/1136/2250
f 258/593/2251 287/826/2252 462/1160/2253 454/1159/2254
f 294/1025/2255 455/1161/2256 452/1162/2257 186/1163/2258
f 281/1164/2259 450/1165/2260 478/1166/2261
f 281/1167/2262 196/1168/2263 448/1169/2264 450/1170/2265
f 312/1171/2266 186/1071/2267 474/1172/2268 447/1173/2269
f 197/585/2270 312/1171/2271 447/1173/2272 471/1049/2273
f 198/578/2274 219/857/2275 446/933/2276 449/575/2277
f 136/378/2278 444/1174/2279 443/1175/2280
f 136/378/2281 443/1175/2282 441/1176/2283 129/1177/2284
f 34/155/2285 119/258/2286 440/1178/2287 437/153/2288
f 121/259/2289 436/1179/2290 435/1180/2291
f 90/18/2292 121/259/2293 435/1180/2294 432/1181/2295
f 102/408/2296 431/459/2297 436/1179/2298 121/259/2299
f 119/1182/2300 430/1183/2301 440/1184/2302
f 135/1185/2303 482/1186/2304 429/1187/2305
f 18/528/2306 442/1188/2307 428/1189/2308
f 62/334/2309 34/155/2310 426/1190/2311 438/1191/2312
f 136/378/2313 425/1192/2314 444/1174/2315
f 113/1193/2316 62/1194/2317 438/1195/2318 424/1196/2319
f 113/1197/2320 424/1198/2321 445/1199/2322
f 126/1200/2323 423/1201/2324 483/1157/2325 349/1156/2326
f 90/18/2327 432/1181/2328 422/1202/2329
f 90/18/2330 422/1202/2331 430/1203/2332 119/258/2333
f 126/479/2334 18/1204/2335 420/1205/2336 423/1206/2337
f 113/1207/2338 445/1208/2339 418/1209/2340
f 113/1210/2341 418/1211/2342 416/1212/2343 28/1213/2344
f 144/1214/2345 415/1215/2346 442/1216/2347 18/528/2348
f 29/11/2349 439/507/2350 415/1215/2351 144/1214/2352
f 30/3/2353 417/2/2354 414/376/2355 51/293/2356
f 482/1186/2357 481/51/2358 480/1128/2359 477/624/2360 479/1142/2361 461/928/2362 459/1009/2363 463/1008/2364 468/1135/2365 467/1134/2366 464/1136/2367 454/1159/2368 462/1139/2369 472/1133/2370 469/723/2371 465/1052/2371 458/1146/2372 470/1150/2373 456/1154/2374 478/1166/2375 450/1170/2376 448/779/2377 451/783/2378 466/576/2379 449/575/2380 446/933/2381 453/607/2382 457/1147/2383 476/1130/2384 475/1129/2385 473/1050/2386 471/1049/2387 447/1173/2388 474/1144/2389 460/842/2390 452/1162/2390 455/1158/2391 483/1157/2392 423/1206/2393 420/277/2394 428/1189/2395 442/1216/2396 415/1215/2397 439/507/2398 441/1176/2399 443/1175/2400 444/1174/2401 425/32/2402 421/377/2403 414/376/2404 417/2/2405 434/214/2406 419/212/2407 416/1212/2408 418/1209/2409 445/1199/2410 424/1196/2411 438/1191/2412 426/508/2413 433/154/2414 437/153/2413 440/1184/2415 430/1203/2416 422/1202/2417 432/1181/2418 435/1180/2419 436/1179/2420 431/459/2421 427/372/2422 429/1187/2423
