# Blender v2.79 (sub 0) OBJ File: 'redo_fixed_360_joints.blend'
# www.blender.org
mtllib sungaya_inexpectata_31mg.mtl
o 06-t3.000_Sungaya_inexpectata_31mg.084
v 0.000535 0.000244 0.000514
v 0.000739 0.000330 -0.000429
v 0.000484 0.000522 0.000524
v 0.000895 -0.000299 -0.000383
v 0.000562 0.000212 0.000448
v 0.000712 -0.000404 0.000036
v 0.000805 -0.000118 -0.000390
v 0.000759 0.000425 -0.000306
v 0.000076 -0.000028 0.000946
v 0.000642 0.000301 -0.000482
v 0.000553 -0.000106 0.000412
v 0.000564 -0.000030 0.000371
v 0.000348 0.000271 0.000736
v 0.000754 0.000575 -0.000288
v 0.000788 0.000389 -0.000200
v 0.000756 0.000328 -0.000362
v 0.000767 0.000599 -0.000402
v 0.000275 0.000334 -0.000732
v 0.000819 0.000037 -0.000244
v 0.000781 -0.000428 -0.000474
v 0.000779 0.000492 -0.000260
v 0.000403 -0.000031 -0.000661
v 0.000603 0.000627 0.000152
v 0.000458 0.000576 -0.000594
v 0.000642 -0.000567 -0.000631
v 0.000514 0.000604 0.000472
v 0.000942 -0.000457 -0.000243
v 0.000774 0.000467 -0.000411
v 0.000537 0.000330 0.000475
v 0.000380 -0.000247 0.000780
v 0.000580 -0.000251 0.000265
v 0.000832 -0.000527 -0.000421
v 0.000657 0.000156 0.000038
v 0.000504 0.000039 -0.000581
v 0.000720 0.000510 -0.000081
v 0.000674 0.000047 -0.000461
v 0.000350 0.000111 0.000766
v 0.000573 -0.000595 0.000418
v 0.000860 -0.000613 -0.000101
v 0.000677 -0.000022 -0.000006
v 0.000617 0.000226 0.000143
v 0.000175 -0.000211 0.000912
v 0.000436 -0.000460 0.000700
v 0.000496 -0.000439 0.000584
v 0.000145 0.000204 0.000907
v 0.000395 0.000189 -0.000641
v 0.000538 -0.000176 0.000465
v 0.000329 -0.000553 0.000815
v 0.000346 -0.000446 0.000812
v 0.000604 0.000125 0.000192
v 0.000773 0.000234 -0.000414
v 0.000487 -0.000305 0.000633
v 0.000065 -0.000493 0.000964
v 0.000692 -0.000130 -0.000468
v 0.000596 -0.000090 0.000219
v 0.000615 -0.000198 0.000159
v 0.000604 -0.000601 0.000225
v 0.000544 -0.000350 0.000406
v 0.000764 0.000194 -0.000187
v 0.000818 0.000229 -0.000275
v 0.000803 0.000308 -0.000246
v 0.000609 -0.000528 0.000153
v 0.000436 0.000410 -0.000612
v 0.000741 -0.000269 -0.000104
v 0.000254 0.000043 0.000853
v 0.000587 -0.000477 0.000239
v 0.000418 -0.000349 0.000742
v 0.000553 0.000346 0.000376
v 0.000559 0.000038 0.000436
v 0.000678 -0.000234 0.000037
v 0.000638 0.000003 0.000099
v 0.000750 0.000618 -0.000113
v 0.000778 0.000549 -0.000192
v 0.000345 -0.000036 0.000793
v 0.000567 0.000569 -0.000497
v 0.000819 0.000149 -0.000255
v 0.000538 -0.000041 0.000525
v 0.000212 -0.000593 -0.000728
v 0.000648 0.000311 0.000060
v 0.000572 -0.000132 0.000327
v 0.000363 0.000396 0.000685
v 0.000956 -0.000533 -0.000308
v 0.000849 -0.000581 -0.000368
v 0.000929 -0.000597 -0.000171
v 0.000322 -0.000312 0.000839
v 0.000501 -0.000041 0.000599
v 0.000378 -0.000137 0.000769
v 0.000556 0.000532 0.000305
v 0.000533 0.000517 0.000403
v 0.000097 0.000442 0.000929
v 0.000290 -0.000155 0.000850
v 0.000030 -0.000320 -0.000860
v 0.000054 0.000231 0.000949
v 0.000513 -0.000511 -0.000665
v 0.000555 0.000098 0.000530
v 0.000438 -0.000191 0.000696
v 0.000148 -0.000533 0.000935
v 0.000444 0.000374 0.000587
v 0.000423 -0.000556 0.000696
v 0.000084 0.000549 -0.000776
v 0.000434 0.000537 0.000570
v 0.000736 -0.000068 -0.000138
v 0.000020 -0.000232 -0.000863
v 0.000162 -0.000243 -0.000839
v 0.000328 0.000490 -0.000714
v 0.000671 -0.000288 0.000080
v 0.000562 -0.000504 0.000342
v 0.000937 -0.000607 -0.000231
v 0.000710 0.000279 -0.000092
v 0.000577 -0.000343 -0.000598
v 0.000854 -0.000209 -0.000289
v 0.000297 0.000440 0.000765
v 0.000755 -0.000484 0.000008
v 0.000635 -0.000534 0.000106
v 0.000946 -0.000459 -0.000345
v 0.000753 0.000599 -0.000422
v 0.000225 -0.000605 0.000897
v 0.000671 0.000602 0.000018
v 0.000157 0.000027 -0.000793
v 0.000487 0.000159 0.000593
v 0.000772 0.000130 -0.000401
v 0.000385 0.000540 0.000635
v 0.000185 -0.000399 0.000909
v 0.000239 -0.000500 0.000882
v 0.000714 0.000101 -0.000110
v 0.000658 -0.000154 0.000064
v 0.000780 0.000024 -0.000382
v 0.000706 0.000386 -0.000072
v 0.000515 -0.000284 0.000596
v 0.000016 0.000224 -0.000820
v 0.000528 -0.000091 0.000571
v 0.000349 -0.000256 -0.000737
v 0.000057 0.000431 -0.000797
v 0.000700 0.000423 -0.000450
v 0.000350 0.000304 -0.000679
v 0.000601 -0.000346 0.000180
v 0.000502 0.000404 -0.000553
v 0.000591 0.000339 0.000216
v 0.000570 0.000103 -0.000527
v 0.000463 0.000219 -0.000587
v 0.000838 0.000010 -0.000295
v 0.000431 0.000019 0.000686
v 0.000522 -0.000307 0.000493
v 0.000367 -0.000579 -0.000684
v 0.000159 0.000161 -0.000782
v 0.000451 -0.000420 -0.000663
v 0.000513 -0.000513 0.000514
v 0.000352 0.000601 -0.000692
v 0.000175 -0.000038 0.000904
v 0.000650 0.000465 0.000057
v 0.000570 0.000116 0.000330
v 0.000524 -0.000202 0.000576
v 0.000854 -0.000175 -0.000352
v 0.000823 0.000160 -0.000308
v 0.000416 0.000184 0.000678
v 0.000199 0.000511 0.000863
v 0.000520 0.000439 0.000472
v 0.000346 0.000101 -0.000681
v 0.000260 0.000257 0.000826
v 0.000492 -0.000601 0.000544
v 0.000021 0.000011 -0.000825
v 0.000060 -0.000295 0.000962
v 0.000001 -0.000380 -0.000858
v 0.000746 0.000363 -0.000142
v 0.000592 -0.000237 0.000210
v 0.000958 -0.000418 -0.000303
v -0.000006 -0.000466 0.000982
v -0.000001 -0.000607 -0.000788
v -0.000008 0.000306 0.000962
v -0.000005 0.000014 -0.000823
v -0.000002 -0.000381 -0.000857
v -0.000009 0.000651 -0.000783
v -0.000543 0.000236 0.000510
v -0.000753 0.000321 -0.000430
v -0.000503 0.000511 0.000518
v -0.000902 -0.000310 -0.000384
v -0.000567 0.000206 0.000442
v -0.000716 -0.000412 0.000036
v -0.000814 -0.000128 -0.000391
v -0.000771 0.000409 -0.000306
v -0.000088 -0.000028 0.000944
v -0.000655 0.000291 -0.000484
v -0.000552 -0.000098 0.000411
v -0.000559 -0.000033 0.000366
v -0.000345 0.000280 0.000712
v -0.000767 0.000558 -0.000294
v -0.000824 0.000378 -0.000215
v -0.000770 0.000318 -0.000364
v -0.000785 0.000589 -0.000404
v -0.000289 0.000330 -0.000732
v -0.000833 0.000026 -0.000247
v -0.000786 -0.000438 -0.000475
v -0.000798 0.000485 -0.000265
v -0.000413 -0.000037 -0.000662
v -0.000575 0.000647 0.000177
v -0.000475 0.000570 -0.000595
v -0.000645 -0.000575 -0.000632
v -0.000538 0.000588 0.000475
v -0.000947 -0.000469 -0.000245
v -0.000790 0.000457 -0.000413
v -0.000550 0.000322 0.000469
v -0.000340 -0.000234 0.000766
v -0.000560 -0.000252 0.000255
v -0.000836 -0.000537 -0.000422
v -0.000667 0.000161 0.000023
v -0.000515 0.000032 -0.000582
v -0.000730 0.000518 -0.000078
v -0.000685 0.000039 -0.000462
v -0.000323 0.000114 0.000748
v -0.000573 -0.000606 0.000423
v -0.000683 -0.000039 -0.000007
v -0.000605 0.000210 0.000146
v -0.000174 -0.000208 0.000900
v -0.000435 -0.000449 0.000676
v -0.000501 -0.000412 0.000568
v -0.000158 0.000198 0.000896
v -0.000406 0.000184 -0.000642
v -0.000541 -0.000182 0.000463
v -0.000323 -0.000564 0.000808
v -0.000326 -0.000449 0.000797
v -0.000583 0.000117 0.000187
v -0.000786 0.000224 -0.000415
v -0.000479 -0.000295 0.000632
v -0.000071 -0.000496 0.000968
v -0.000701 -0.000139 -0.000469
v -0.000574 -0.000096 0.000205
v -0.000600 -0.000208 0.000148
v -0.000607 -0.000606 0.000227
v -0.000542 -0.000349 0.000397
v -0.000769 0.000175 -0.000181
v -0.000836 0.000219 -0.000274
v -0.000826 0.000297 -0.000241
v -0.000611 -0.000538 0.000153
v -0.000451 0.000404 -0.000612
v -0.000749 -0.000278 -0.000109
v -0.000244 0.000050 0.000830
v -0.000589 -0.000487 0.000234
v -0.000389 -0.000336 0.000733
v -0.000542 0.000326 0.000359
v -0.000561 0.000034 0.000431
v -0.000685 -0.000243 0.000034
v -0.000636 -0.000005 0.000088
v -0.000783 0.000598 -0.000131
v -0.000806 0.000545 -0.000192
v -0.000309 -0.000031 0.000770
v -0.000585 0.000563 -0.000498
v -0.000834 0.000138 -0.000256
v -0.000544 -0.000052 0.000509
v -0.000215 -0.000595 -0.000728
v -0.000642 0.000309 0.000075
v -0.000559 -0.000136 0.000325
v -0.000364 0.000396 0.000671
v -0.000960 -0.000545 -0.000310
v -0.000852 -0.000592 -0.000370
v -0.000932 -0.000609 -0.000173
v -0.000285 -0.000306 0.000827
v -0.000499 -0.000064 0.000596
v -0.000340 -0.000129 0.000748
v -0.000539 0.000500 0.000293
v -0.000535 0.000513 0.000393
v -0.000108 0.000438 0.000923
v -0.000263 -0.000140 0.000825
v -0.000035 -0.000320 -0.000860
v -0.000069 0.000234 0.000949
v -0.000516 -0.000518 -0.000665
v -0.000556 0.000090 0.000522
v -0.000409 -0.000184 0.000689
v -0.000162 -0.000537 0.000927
v -0.000450 0.000365 0.000578
v -0.000417 -0.000559 0.000687
v -0.000101 0.000548 -0.000776
v -0.000440 0.000531 0.000563
v -0.000744 -0.000074 -0.000143
v -0.000027 -0.000232 -0.000863
v -0.000169 -0.000245 -0.000839
v -0.000344 0.000486 -0.000715
v -0.000675 -0.000295 0.000076
v -0.000567 -0.000511 0.000338
v -0.000941 -0.000619 -0.000233
v -0.000714 0.000277 -0.000098
v -0.000583 -0.000350 -0.000599
v -0.000862 -0.000220 -0.000292
v -0.000307 0.000433 0.000748
v -0.000761 -0.000493 0.000004
v -0.000643 -0.000543 0.000103
v -0.000950 -0.000471 -0.000347
v -0.000771 0.000589 -0.000423
v -0.000236 -0.000611 0.000889
v -0.000664 0.000593 0.000052
v -0.000168 0.000025 -0.000793
v -0.000484 0.000146 0.000589
v -0.000784 0.000120 -0.000402
v -0.000386 0.000536 0.000627
v -0.000184 -0.000400 0.000904
v -0.000237 -0.000507 0.000876
v -0.000720 0.000094 -0.000113
v -0.000659 -0.000163 0.000060
v -0.000791 0.000014 -0.000383
v -0.000801 0.000638 -0.000206
v -0.000713 0.000370 -0.000084
v -0.000515 -0.000302 0.000580
v -0.000028 0.000224 -0.000820
v -0.000532 -0.000114 0.000550
v -0.000356 -0.000260 -0.000737
v -0.000073 0.000430 -0.000797
v -0.000715 0.000415 -0.000451
v -0.000364 0.000299 -0.000679
v -0.000591 -0.000358 0.000176
v -0.000519 0.000398 -0.000554
v -0.000564 0.000324 0.000220
v -0.000581 0.000097 -0.000528
v -0.000476 0.000214 -0.000588
v -0.000849 0.000002 -0.000294
v -0.000397 0.000006 0.000681
v -0.000523 -0.000304 0.000501
v -0.000370 -0.000584 -0.000685
v -0.000171 0.000159 -0.000783
v -0.000455 -0.000426 -0.000663
v -0.000513 -0.000513 0.000515
v -0.000370 0.000596 -0.000693
v -0.000178 -0.000034 0.000888
v -0.000653 0.000459 0.000054
v -0.000553 0.000112 0.000320
v -0.000524 -0.000209 0.000564
v -0.000862 -0.000186 -0.000353
v -0.000837 0.000152 -0.000308
v -0.000399 0.000182 0.000663
v -0.000213 0.000500 0.000850
v -0.000538 0.000423 0.000467
v -0.000357 0.000097 -0.000681
v -0.000260 0.000254 0.000807
v -0.000495 -0.000609 0.000548
v -0.000031 0.000010 -0.000825
v -0.000070 -0.000293 0.000958
v -0.000006 -0.000380 -0.000858
v -0.000772 0.000364 -0.000161
v -0.000567 -0.000241 0.000196
v -0.000963 -0.000430 -0.000305
v -0.000006 -0.000549 0.000980
v -0.000004 -0.000186 -0.000855
v -0.000006 -0.000076 0.000969
v -0.000003 -0.000234 -0.000859
v -0.000008 0.000458 -0.000787
v -0.000003 -0.000301 0.000976
v -0.000008 0.000493 -0.000786
v -0.000006 0.000191 -0.000820
v -0.000008 0.000016 0.000966
v -0.000004 0.000489 0.000951
v -0.000008 0.000562 -0.000774
v -0.000002 -0.000467 -0.000831
v -0.000003 -0.000377 -0.000857
v -0.000009 0.000204 0.000966
v -0.000004 -0.000504 0.000979
v -0.000004 0.000650 0.000945
v -0.000003 -0.000346 0.000977
v -0.000005 -0.000247 0.000977
v -0.000008 0.000440 -0.000790
v -0.000006 0.000246 -0.000815
v 0.000456 0.000660 0.000538
v 0.000127 0.000658 0.000914
v 0.000769 0.000661 -0.000404
v 0.000446 0.000660 0.000548
v 0.000660 0.000661 0.000031
v 0.000776 0.000662 -0.000185
v 0.000722 0.000661 -0.000067
v 0.000532 0.000661 0.000380
v 0.000693 0.000661 -0.000019
v 0.000602 0.000661 0.000149
v 0.000511 0.000661 0.000473
v 0.000627 0.000661 0.000097
v 0.000779 0.000662 -0.000194
v 0.000473 0.000660 0.000516
v 0.000217 0.000659 0.000851
v 0.000040 0.000653 -0.000785
v 0.000435 0.000660 0.000562
v 0.000759 0.000661 -0.000364
v 0.000385 0.000660 0.000631
v 0.000754 0.000661 -0.000320
v 0.000584 0.000659 -0.000483
v 0.000432 0.000657 -0.000625
v 0.000113 0.000658 0.000923
v 0.000555 0.000660 0.000282
v 0.000552 0.000659 -0.000503
v 0.000611 0.000661 0.000129
v 0.000589 0.000661 0.000184
v 0.000525 0.000661 0.000411
v 0.000757 0.000662 -0.000112
v 0.000529 0.000661 0.000392
v 0.000308 0.000659 0.000749
v 0.000698 0.000660 -0.000439
v 0.000372 0.000657 -0.000680
v 0.000178 0.000655 -0.000757
v 0.000310 0.000659 0.000747
v -0.000007 0.000653 -0.000783
v 0.000760 0.000661 -0.000260
v 0.000526 0.000658 -0.000532
v 0.000334 0.000656 -0.000705
v 0.000777 0.000662 -0.000200
v 0.000462 0.000658 -0.000588
v 0.000760 0.000661 -0.000416
v 0.000312 0.000659 0.000744
v -0.000475 0.000651 0.000530
v -0.000142 0.000655 0.000905
v -0.000787 0.000646 -0.000406
v -0.000458 0.000651 0.000543
v -0.000661 0.000648 0.000044
v -0.000801 0.000646 -0.000200
v -0.000800 0.000646 -0.000206
v -0.000720 0.000648 -0.000043
v -0.000539 0.000650 0.000382
v -0.000701 0.000648 -0.000015
v -0.000575 0.000650 0.000176
v -0.000539 0.000651 0.000476
v -0.000578 0.000649 0.000171
v -0.000498 0.000651 0.000507
v -0.000233 0.000654 0.000841
v -0.000058 0.000652 -0.000785
v -0.000441 0.000652 0.000563
v -0.000778 0.000646 -0.000369
v -0.000388 0.000652 0.000622
v -0.000770 0.000647 -0.000323
v -0.000601 0.000648 -0.000485
v -0.000452 0.000649 -0.000624
v -0.000128 0.000655 0.000915
v -0.000540 0.000650 0.000262
v -0.000572 0.000648 -0.000504
v -0.000576 0.000649 0.000174
v -0.000573 0.000650 0.000180
v -0.000539 0.000650 0.000425
v -0.000791 0.000647 -0.000128
v -0.000539 0.000650 0.000399
v -0.000318 0.000653 0.000740
v -0.000721 0.000647 -0.000439
v -0.000389 0.000649 -0.000681
v -0.000195 0.000651 -0.000758
v -0.000320 0.000653 0.000738
v -0.000775 0.000647 -0.000261
v -0.000547 0.000648 -0.000531
v -0.000802 0.000646 -0.000204
v -0.000353 0.000650 -0.000705
v -0.000481 0.000649 -0.000589
v -0.000779 0.000646 -0.000418
v -0.000322 0.000653 0.000734
v -0.000030 0.000656 0.000939
v -0.000004 0.000657 0.000947
v 0.000022 0.000657 0.000941
v -0.000009 0.000653 -0.000783
v -0.000011 0.000653 -0.000783
v 0.000583 -0.000613 0.000384
v 0.000792 -0.000613 -0.000009
v 0.000939 -0.000613 -0.000227
v 0.000928 -0.000613 -0.000165
v 0.000140 -0.000614 0.000943
v 0.000897 -0.000613 -0.000291
v 0.000933 -0.000613 -0.000170
v 0.000797 -0.000614 -0.000442
v 0.000937 -0.000613 -0.000234
v 0.000640 -0.000613 0.000138
v 0.000214 -0.000613 0.000904
v 0.000652 -0.000613 0.000116
v 0.000483 -0.000613 0.000569
v 0.000652 -0.000615 -0.000648
v 0.000112 -0.000614 0.000954
v 0.000753 -0.000614 -0.000492
v 0.000398 -0.000613 0.000742
v 0.000210 -0.000617 -0.000724
v 0.000687 -0.000613 0.000073
v 0.000245 -0.000613 0.000885
v 0.000569 -0.000613 0.000433
v 0.000698 -0.000615 -0.000577
v 0.000562 -0.000616 -0.000696
v 0.000383 -0.000613 0.000762
v 0.000363 -0.000616 -0.000688
v 0.000634 -0.000613 0.000175
v 0.000497 -0.000613 0.000542
v 0.000810 -0.000614 -0.000420
v 0.000611 -0.000613 0.000222
v 0.000424 -0.000616 -0.000683
v 0.000593 -0.000613 0.000325
v 0.000577 -0.000613 0.000425
v 0.000327 -0.000613 0.000826
v 0.000731 -0.000613 0.000038
v 0.000603 -0.000613 0.000252
v 0.000436 -0.000613 0.000684
v 0.000502 -0.000616 -0.000701
v 0.000228 -0.000613 0.000897
v 0.000630 -0.000615 -0.000662
v 0.000340 -0.000617 -0.000685
v -0.000581 -0.000618 0.000397
v -0.000795 -0.000620 -0.000011
v -0.000879 -0.000620 -0.000118
v -0.000941 -0.000621 -0.000231
v -0.000932 -0.000621 -0.000168
v -0.000151 -0.000615 0.000938
v -0.000861 -0.000620 -0.000099
v -0.000925 -0.000621 -0.000256
v -0.000865 -0.000620 -0.000105
v -0.000935 -0.000621 -0.000172
v -0.000801 -0.000621 -0.000442
v -0.000940 -0.000621 -0.000234
v -0.000642 -0.000619 0.000138
v -0.000230 -0.000615 0.000893
v -0.000657 -0.000619 0.000113
v -0.000491 -0.000617 0.000562
v -0.000653 -0.000621 -0.000648
v -0.000121 -0.000615 0.000952
v -0.000749 -0.000621 -0.000502
v -0.000397 -0.000616 0.000736
v -0.000213 -0.000619 -0.000724
v -0.000690 -0.000619 0.000072
v -0.000244 -0.000615 0.000884
v -0.000571 -0.000618 0.000433
v -0.000697 -0.000621 -0.000582
v -0.000563 -0.000620 -0.000696
v -0.000371 -0.000616 0.000768
v -0.000365 -0.000620 -0.000689
v -0.000177 -0.000619 -0.000730
v -0.000636 -0.000619 0.000174
v -0.000499 -0.000617 0.000547
v -0.000817 -0.000621 -0.000416
v -0.000614 -0.000619 0.000223
v -0.000428 -0.000620 -0.000683
v -0.000596 -0.000618 0.000325
v -0.000576 -0.000618 0.000427
v -0.000326 -0.000616 0.000820
v -0.000732 -0.000619 0.000039
v -0.000607 -0.000618 0.000251
v -0.000436 -0.000617 0.000678
v -0.000504 -0.000620 -0.000701
v -0.000238 -0.000615 0.000889
v -0.000633 -0.000621 -0.000662
v -0.000344 -0.000619 -0.000685
v -0.000005 -0.000614 0.000976
v 0.000174 -0.000617 -0.000730
v -0.000001 -0.000618 -0.000783
vt 0.850203 0.681535
vt 0.853916 0.686889
vt 0.855040 0.680381
vt 0.407066 0.862233
vt 0.402316 0.860607
vt 0.402194 0.861319
vt 0.800628 0.257380
vt 0.799895 0.257117
vt 0.799823 0.258578
vt 0.860461 0.676782
vt 0.855948 0.676821
vt 0.055141 0.041892
vt 0.049145 0.039690
vt 0.050104 0.050114
vt 0.837476 0.685028
vt 0.830850 0.696661
vt 0.836665 0.693838
vt 0.946918 0.394509
vt 0.946281 0.392303
vt 0.945017 0.394793
vt 0.101750 0.711222
vt 0.102994 0.709787
vt 0.101573 0.708599
vt 0.854956 0.722682
vt 0.850659 0.717483
vt 0.849504 0.721695
vt 0.844123 0.682157
vt 0.847452 0.683371
vt 0.845582 0.679414
vt 0.166943 0.685804
vt 0.163915 0.687939
vt 0.165774 0.689220
vt 0.048702 0.069380
vt 0.046056 0.070540
vt 0.048884 0.075044
vt 0.391086 0.878704
vt 0.396296 0.876293
vt 0.392228 0.877207
vt 0.873241 0.688682
vt 0.878601 0.685244
vt 0.868612 0.685225
vt 0.871229 0.694945
vt 0.875862 0.696116
vt 0.467549 0.340958
vt 0.468051 0.342640
vt 0.469150 0.339660
vt 0.866595 0.711655
vt 0.863254 0.716856
vt 0.866600 0.716805
vt 0.845154 0.707524
vt 0.842484 0.699769
vt 0.840711 0.705164
vt 0.041157 0.068168
vt 0.044908 0.064079
vt 0.189164 0.408777
vt 0.188289 0.407228
vt 0.187986 0.408476
vt 0.704456 0.882004
vt 0.701393 0.879591
vt 0.701101 0.883868
vt 0.060602 0.065719
vt 0.062297 0.067401
vt 0.063144 0.064961
vt 0.857868 0.682144
vt 0.863012 0.680353
vt 0.051542 0.055699
vt 0.044512 0.057873
vt 0.047840 0.059091
vt 0.562747 0.187739
vt 0.565494 0.187383
vt 0.565544 0.187304
vt 0.872226 0.704146
vt 0.869810 0.711502
vt 0.873107 0.712038
vt 0.038003 0.282260
vt 0.039602 0.281880
vt 0.038367 0.281310
vt 0.834909 0.722509
vt 0.835967 0.718179
vt 0.834374 0.718259
vt 0.059375 0.072217
vt 0.060235 0.071944
vt 0.059088 0.068138
vt 0.480832 0.479823
vt 0.478662 0.480973
vt 0.480161 0.482095
vt 0.868079 0.680723
vt 0.874277 0.681543
vt 0.872138 0.678586
vt 0.034801 0.051663
vt 0.039524 0.056860
vt 0.041833 0.045059
vt 0.842202 0.711559
vt 0.843406 0.715229
vt 0.849095 0.712327
vt 0.051527 0.681198
vt 0.052867 0.684518
vt 0.052631 0.681666
vt 0.920478 0.175159
vt 0.921191 0.174163
vt 0.919623 0.173685
vt 0.843788 0.719671
vt 0.839447 0.721845
vt 0.841939 0.723664
vt 0.028228 0.064813
vt 0.033584 0.067203
vt 0.030875 0.062925
vt 0.960881 0.452006
vt 0.961466 0.454386
vt 0.962790 0.452357
vt 0.991486 0.895008
vt 0.992805 0.895075
vt 0.990932 0.893637
vt 0.882589 0.715931
vt 0.882396 0.715595
vt 0.882014 0.716271
vt 0.847040 0.688781
vt 0.696329 0.881326
vt 0.699187 0.881841
vt 0.697023 0.879034
vt 0.865626 0.699313
vt 0.869495 0.690959
vt 0.866060 0.690339
vt 0.052107 0.064186
vt 0.222475 0.137447
vt 0.220886 0.136076
vt 0.220822 0.137685
vt 0.055882 0.057301
vt 0.056687 0.059866
vt 0.059570 0.057493
vt 0.059967 0.059561
vt 0.979179 0.650155
vt 0.977989 0.650950
vt 0.978462 0.651593
vt 0.037815 0.373315
vt 0.038368 0.372914
vt 0.037688 0.371596
vt 0.864329 0.684272
vt 0.845815 0.699003
vt 0.844700 0.695811
vt 0.401405 0.860070
vt 0.032148 0.040613
vt 0.028062 0.042588
vt 0.028392 0.043286
vt 0.033389 0.041302
vt 0.846443 0.717190
vt 0.825598 0.682105
vt 0.825423 0.682141
vt 0.825546 0.682525
vt 0.867476 0.704312
vt 0.863513 0.704404
vt 0.837743 0.699991
vt 0.028378 0.053634
vt 0.874697 0.702875
vt 0.556750 0.182035
vt 0.560167 0.180423
vt 0.557407 0.180038
vt 0.840461 0.687932
vt 0.843363 0.691282
vt 0.842366 0.682530
vt 0.788906 0.744710
vt 0.787432 0.744630
vt 0.787623 0.746199
vt 0.837800 0.708503
vt 0.833831 0.704405
vt 0.838121 0.718863
vt 0.247517 0.921265
vt 0.248073 0.919982
vt 0.245597 0.919940
vt 0.817567 0.887929
vt 0.816688 0.888797
vt 0.819500 0.887963
vt 0.038980 0.061743
vt 0.100825 0.710064
vt 0.100822 0.710203
vt 0.872089 0.672996
vt 0.871668 0.673478
vt 0.871913 0.673730
vt 0.890656 0.661829
vt 0.890252 0.665024
vt 0.891261 0.664868
vt 0.528116 0.662586
vt 0.525039 0.658635
vt 0.524748 0.659993
vt 0.850688 0.696958
vt 0.074015 0.574043
vt 0.072963 0.573602
vt 0.072543 0.574707
vt 0.876196 0.713174
vt 0.879548 0.711160
vt 0.877505 0.705928
vt 0.041747 0.064372
vt 0.855617 0.676476
vt 0.850991 0.677495
vt 0.850692 0.678169
vt 0.868961 0.714982
vt 0.055945 0.068007
vt 0.053246 0.073867
vt 0.015610 0.364616
vt 0.016536 0.365511
vt 0.017836 0.365268
vt 0.200752 0.252603
vt 0.200270 0.254205
vt 0.202005 0.254260
vt 0.055668 0.053628
vt 0.909493 0.204744
vt 0.909135 0.206129
vt 0.910781 0.205477
vt 0.058225 0.063570
vt 0.061261 0.062532
vt 0.054361 0.049642
vt 0.771021 0.748226
vt 0.770381 0.746595
vt 0.768748 0.748465
vt 0.834147 0.707793
vt 0.833851 0.709282
vt 0.834363 0.710371
vt 0.037068 0.045155
vt 0.862038 0.698741
vt 0.875921 0.675640
vt 0.878595 0.677931
vt 0.879856 0.693068
vt 0.746887 0.701739
vt 0.749867 0.701756
vt 0.748637 0.701107
vt 0.562514 0.524477
vt 0.562599 0.522412
vt 0.560790 0.524291
vt 0.097004 0.830259
vt 0.096462 0.826856
vt 0.095222 0.826787
vt 0.862056 0.690736
vt 0.859131 0.692255
vt 0.055857 0.029733
vt 0.050985 0.032754
vt 0.055771 0.032061
vt 0.865660 0.678972
vt 0.075935 0.878900
vt 0.073626 0.876041
vt 0.072450 0.876591
vt 0.041588 0.038047
vt 0.050803 0.035374
vt 0.403525 0.863056
vt 0.410552 0.864369
vt 0.461852 0.330355
vt 0.460513 0.329839
vt 0.460704 0.334722
vt 0.888986 0.312977
vt 0.889630 0.312832
vt 0.888602 0.312575
vt 0.579744 0.653871
vt 0.583785 0.653568
vt 0.584322 0.650069
vt 0.564724 0.522138
vt 0.565617 0.520377
vt 0.563754 0.520773
vt 0.867568 0.687466
vt 0.869735 0.720464
vt 0.868294 0.718429
vt 0.866778 0.722490
vt 0.038394 0.070339
vt 0.034935 0.073561
vt 0.038107 0.077312
vt 0.861670 0.713646
vt 0.837477 0.726674
vt 0.835680 0.725608
vt 0.835748 0.726389
vt 0.056013 0.036551
vt 0.851529 0.702516
vt 0.850719 0.707597
vt 0.705242 0.880880
vt 0.991087 0.224078
vt 0.990981 0.222611
vt 0.989633 0.224120
vt 0.059111 0.052617
vt 0.626226 0.798327
vt 0.626746 0.796095
vt 0.625019 0.797022
vt 0.767041 0.746833
vt 0.767729 0.745167
vt 0.766488 0.746165
vt 0.030286 0.068690
vt 0.474559 0.478461
vt 0.470392 0.475953
vt 0.471215 0.481125
vt 0.852043 0.705116
vt 0.854673 0.711087
vt 0.854325 0.702686
vt 0.825109 0.688242
vt 0.827767 0.688811
vt 0.830007 0.681113
vt 0.883047 0.703014
vt 0.882842 0.691366
vt 0.039333 0.037121
vt 0.040100 0.036513
vt 0.056299 0.063584
vt 0.395234 0.858800
vt 0.401162 0.863282
vt 0.670927 0.808260
vt 0.672619 0.805769
vt 0.670457 0.804033
vt 0.039066 0.041745
vt 0.840114 0.946838
vt 0.839911 0.946968
vt 0.840428 0.946973
vt 0.521413 0.271377
vt 0.521084 0.271092
vt 0.521181 0.271365
vt 0.858439 0.697886
vt 0.859402 0.702872
vt 0.103289 0.853540
vt 0.103925 0.852452
vt 0.103463 0.851209
vt 0.176546 0.688796
vt 0.175455 0.685704
vt 0.174031 0.686649
vt 0.827659 0.687430
vt 0.750708 0.355372
vt 0.749462 0.354627
vt 0.749894 0.357560
vt 0.870042 0.700278
vt 0.041982 0.074410
vt 0.043912 0.077925
vt 0.465121 0.333275
vt 0.464136 0.337772
vt 0.465251 0.338339
vt 0.164359 0.627694
vt 0.163196 0.626986
vt 0.163708 0.628840
vt 0.314333 0.401541
vt 0.314139 0.400057
vt 0.313554 0.401397
vt 0.173094 0.148193
vt 0.174457 0.147497
vt 0.172579 0.146493
vt 0.217331 0.032350
vt 0.215564 0.032128
vt 0.216199 0.033376
vt 0.847607 0.694023
vt 0.860539 0.696612
vt 0.044586 0.812397
vt 0.045236 0.813520
vt 0.047446 0.811628
vt 0.273702 0.193222
vt 0.272520 0.193918
vt 0.274652 0.193885
vt 0.260138 0.059790
vt 0.261195 0.058812
vt 0.260259 0.058298
vt 0.390935 0.652639
vt 0.387828 0.651572
vt 0.386644 0.653610
vt 0.474069 0.474418
vt 0.476341 0.471249
vt 0.474078 0.473050
vt 0.840393 0.725280
vt 0.842159 0.725250
vt 0.161859 0.675724
vt 0.161733 0.675899
vt 0.161553 0.677728
vt 0.164057 0.676775
vt 0.844663 0.723890
vt 0.411328 0.185364
vt 0.412047 0.187327
vt 0.412801 0.185845
vt 0.460712 0.339406
vt 0.462869 0.342193
vt 0.855610 0.722971
vt 0.857255 0.720921
vt 0.857242 0.716723
vt 0.523292 0.430978
vt 0.522044 0.426859
vt 0.521638 0.428616
vt 0.022468 0.049222
vt 0.395171 0.858532
vt 0.395401 0.858595
vt 0.857408 0.710197
vt 0.855833 0.706382
vt 0.664992 0.121437
vt 0.663494 0.119716
vt 0.663548 0.121676
vt 0.233658 0.288489
vt 0.233273 0.289727
vt 0.234905 0.289766
vt 0.867008 0.676442
vt 0.738344 0.155660
vt 0.739401 0.156767
vt 0.740085 0.155721
vt 0.040455 0.080208
vt 0.043751 0.079694
vt 0.049750 0.077639
vt 0.048100 0.078160
vt 0.052323 0.077095
vt 0.678440 0.801202
vt 0.675873 0.800268
vt 0.675188 0.803168
vt 0.861390 0.686018
vt 0.056142 0.046069
vt 0.890756 0.518142
vt 0.891491 0.515519
vt 0.890525 0.516618
vt 0.860181 0.708272
vt 0.860196 0.712359
vt 0.105439 0.711350
vt 0.842334 0.296944
vt 0.840254 0.297657
vt 0.840960 0.298578
vt 0.105495 0.852500
vt 0.105569 0.850539
vt 0.105256 0.850055
vt 0.033252 0.074461
vt 0.034753 0.076894
vt 0.855801 0.692081
vt 0.856410 0.687779
vt 0.858292 0.689728
vt 0.793982 0.681022
vt 0.795665 0.681728
vt 0.795271 0.678933
vt 0.623610 0.798716
vt 0.621428 0.798240
vt 0.621135 0.799497
vt 0.839811 0.714774
vt 0.560900 0.182375
vt 0.562200 0.181480
vt 0.036225 0.079356
vt 0.700351 0.734631
vt 0.696783 0.734138
vt 0.698373 0.735858
vt 0.864754 0.721954
vt 0.865733 0.722306
vt 0.862106 0.719131
vt 0.880020 0.717959
vt 0.880523 0.717977
vt 0.852789 0.692596
vt 0.854624 0.692711
vt 0.462942 0.334410
vt 0.466107 0.326652
vt 0.394742 0.858342
vt 0.158211 0.240801
vt 0.159794 0.241464
vt 0.159432 0.239919
vt 0.445458 0.955938
vt 0.447013 0.957000
vt 0.446850 0.955705
vt 0.909999 0.052372
vt 0.910740 0.051176
vt 0.909202 0.051320
vt 0.775740 0.834609
vt 0.775652 0.834716
vt 0.775660 0.835076
vt 0.578210 0.186776
vt 0.583851 0.186067
vt 0.584784 0.185473
vt 0.577949 0.186248
vt 0.884089 0.693307
vt 0.884203 0.694359
vt 0.037165 0.083397
vt 0.037211 0.083354
vt 0.037145 0.083301
vt 0.835321 0.711481
vt 0.836220 0.713257
vt 0.961948 0.980458
vt 0.960718 0.980146
vt 0.963018 0.981693
vt 0.024087 0.052902
vt 0.391481 0.880881
vt 0.393559 0.880562
vt 0.392154 0.879367
vt 0.852712 0.724137
vt 0.853915 0.724010
vt 0.666326 0.752435
vt 0.667096 0.753880
vt 0.669014 0.750869
vt 0.134407 0.191764
vt 0.135718 0.190227
vt 0.134548 0.189896
vt 0.045173 0.079327
vt 0.972481 0.334697
vt 0.971368 0.337578
vt 0.972250 0.336495
vt 0.033286 0.074089
vt 0.813460 0.310002
vt 0.813546 0.310246
vt 0.813591 0.310055
vt 0.528215 0.695895
vt 0.526462 0.695054
vt 0.526316 0.695001
vt 0.528082 0.695876
vt 0.850775 0.690463
vt 0.849262 0.691800
vt 0.131402 0.140837
vt 0.131300 0.139559
vt 0.130228 0.139066
vt 0.110767 0.059524
vt 0.110874 0.060733
vt 0.112468 0.060208
vt 0.858590 0.709062
vt 0.376720 0.022065
vt 0.375622 0.021083
vt 0.375858 0.022710
vt 0.031126 0.059520
vt 0.870881 0.673536
vt 0.847447 0.723274
vt 0.048095 0.812901
vt 0.049760 0.812834
vt 0.042541 0.035092
vt 0.701897 0.271350
vt 0.701461 0.269465
vt 0.700888 0.269283
vt 0.026156 0.056344
vt 0.572287 0.185659
vt 0.566370 0.185740
vt 0.053497 0.076767
vt 0.314811 0.787253
vt 0.316112 0.784961
vt 0.313122 0.786053
vt 0.850570 0.677573
vt 0.348673 0.998236
vt 0.352781 0.996900
vt 0.349020 0.996023
vt 0.312935 0.144350
vt 0.310689 0.144789
vt 0.311380 0.145954
vt 0.927587 0.930932
vt 0.928129 0.933108
vt 0.928027 0.930864
vt 0.835234 0.680731
vt 0.854868 0.723779
vt 0.956159 0.098904
vt 0.955165 0.097637
vt 0.955376 0.099930
vt 0.859593 0.689093
vt 0.842628 0.693601
vt 0.478638 0.478370
vt 0.477065 0.479962
vt 0.701297 0.729472
vt 0.698856 0.728898
vt 0.572366 0.261146
vt 0.573686 0.262278
vt 0.573716 0.261444
vt 0.308046 0.716264
vt 0.304924 0.718175
vt 0.309359 0.716799
vt 0.473724 0.462879
vt 0.470846 0.464668
vt 0.473550 0.464479
vt 0.038225 0.082623
vt 0.479762 0.475235
vt 0.477042 0.473579
vt 0.992940 0.358689
vt 0.990487 0.356556
vt 0.991798 0.359885
vt 0.068361 0.458025
vt 0.066941 0.459524
vt 0.068522 0.459537
vt 0.303070 0.102262
vt 0.300927 0.101247
vt 0.301705 0.102666
vt 0.845747 0.702457
vt 0.843201 0.332634
vt 0.842864 0.335971
vt 0.844063 0.334427
vt 0.588624 0.184950
vt 0.585118 0.185623
vt 0.588580 0.185444
vt 0.565632 0.187362
vt 0.884161 0.699088
vt 0.881772 0.710170
vt 0.883499 0.704284
vt 0.022187 0.046035
vt 0.022304 0.048024
vt 0.572092 0.186239
vt 0.410244 0.863244
vt 0.573539 0.186251
vt 0.850203 0.681535
vt 0.855040 0.680381
vt 0.853916 0.686889
vt 0.402194 0.861319
vt 0.800628 0.257380
vt 0.799823 0.258578
vt 0.799895 0.257117
vt 0.860461 0.676782
vt 0.855948 0.676821
vt 0.055141 0.041892
vt 0.050104 0.050114
vt 0.049145 0.039690
vt 0.837476 0.685028
vt 0.836665 0.693838
vt 0.830850 0.696661
vt 0.946918 0.394509
vt 0.945017 0.394793
vt 0.946281 0.392303
vt 0.101750 0.711222
vt 0.101573 0.708599
vt 0.102994 0.709787
vt 0.854956 0.722682
vt 0.849504 0.721695
vt 0.850659 0.717483
vt 0.844123 0.682157
vt 0.845582 0.679414
vt 0.847452 0.683371
vt 0.166943 0.685804
vt 0.165774 0.689220
vt 0.163915 0.687939
vt 0.048702 0.069380
vt 0.048884 0.075044
vt 0.046056 0.070540
vt 0.391086 0.878704
vt 0.392228 0.877207
vt 0.396296 0.876293
vt 0.873241 0.688682
vt 0.868612 0.685225
vt 0.878601 0.685244
vt 0.871229 0.694945
vt 0.875862 0.696116
vt 0.467549 0.340958
vt 0.469150 0.339660
vt 0.468051 0.342640
vt 0.866595 0.711655
vt 0.866600 0.716805
vt 0.863254 0.716856
vt 0.845154 0.707524
vt 0.840711 0.705164
vt 0.842484 0.699769
vt 0.041157 0.068168
vt 0.044908 0.064079
vt 0.189164 0.408777
vt 0.187986 0.408476
vt 0.188289 0.407228
vt 0.704456 0.882004
vt 0.701101 0.883868
vt 0.701393 0.879591
vt 0.060602 0.065719
vt 0.063144 0.064961
vt 0.062297 0.067401
vt 0.863012 0.680353
vt 0.857868 0.682144
vt 0.051542 0.055699
vt 0.047840 0.059091
vt 0.044512 0.057873
vt 0.565544 0.187304
vt 0.872226 0.704146
vt 0.873107 0.712038
vt 0.869810 0.711502
vt 0.038003 0.282260
vt 0.038367 0.281310
vt 0.039602 0.281880
vt 0.834909 0.722509
vt 0.834374 0.718259
vt 0.835967 0.718179
vt 0.059375 0.072217
vt 0.059088 0.068138
vt 0.060235 0.071944
vt 0.480832 0.479823
vt 0.480161 0.482095
vt 0.478662 0.480973
vt 0.868079 0.680723
vt 0.872138 0.678586
vt 0.874277 0.681543
vt 0.034801 0.051663
vt 0.041833 0.045059
vt 0.039524 0.056860
vt 0.842202 0.711559
vt 0.849095 0.712327
vt 0.843406 0.715229
vt 0.051527 0.681198
vt 0.052631 0.681666
vt 0.052867 0.684518
vt 0.920478 0.175159
vt 0.919623 0.173685
vt 0.921191 0.174163
vt 0.843788 0.719671
vt 0.841939 0.723664
vt 0.839447 0.721845
vt 0.028228 0.064813
vt 0.030875 0.062925
vt 0.033584 0.067203
vt 0.960881 0.452006
vt 0.962790 0.452357
vt 0.961466 0.454386
vt 0.991486 0.895008
vt 0.990932 0.893637
vt 0.992805 0.895075
vt 0.882034 0.716235
vt 0.847040 0.688781
vt 0.696329 0.881326
vt 0.697023 0.879034
vt 0.699187 0.881841
vt 0.865626 0.699313
vt 0.866060 0.690339
vt 0.869495 0.690959
vt 0.052107 0.064186
vt 0.222475 0.137447
vt 0.220822 0.137685
vt 0.220886 0.136076
vt 0.055882 0.057301
vt 0.059570 0.057493
vt 0.056687 0.059866
vt 0.059967 0.059561
vt 0.979174 0.650158
vt 0.978464 0.651597
vt 0.977989 0.650950
vt 0.037812 0.373317
vt 0.037692 0.371604
vt 0.038368 0.372914
vt 0.864329 0.684272
vt 0.844700 0.695811
vt 0.845815 0.699003
vt 0.028074 0.042613
vt 0.032196 0.040639
vt 0.033389 0.041302
vt 0.028392 0.043286
vt 0.846443 0.717190
vt 0.825585 0.682208
vt 0.825546 0.682525
vt 0.825454 0.682236
vt 0.867476 0.704312
vt 0.863513 0.704404
vt 0.837743 0.699991
vt 0.028378 0.053634
vt 0.874697 0.702875
vt 0.556808 0.182007
vt 0.557462 0.180046
vt 0.560167 0.180423
vt 0.843363 0.691282
vt 0.840461 0.687932
vt 0.842366 0.682530
vt 0.788906 0.744710
vt 0.787623 0.746199
vt 0.787432 0.744630
vt 0.837800 0.708503
vt 0.833831 0.704405
vt 0.838121 0.718863
vt 0.247517 0.921265
vt 0.245597 0.919940
vt 0.248073 0.919982
vt 0.817567 0.887929
vt 0.819500 0.887963
vt 0.816688 0.888797
vt 0.038980 0.061743
vt 0.100778 0.710155
vt 0.872012 0.673317
vt 0.871913 0.673730
vt 0.871786 0.673600
vt 0.890656 0.661829
vt 0.891261 0.664868
vt 0.890252 0.665024
vt 0.528116 0.662586
vt 0.524748 0.659993
vt 0.525039 0.658635
vt 0.850688 0.696958
vt 0.074015 0.574043
vt 0.072543 0.574707
vt 0.072963 0.573602
vt 0.876196 0.713174
vt 0.877505 0.705928
vt 0.879548 0.711160
vt 0.041747 0.064372
vt 0.850901 0.677699
vt 0.855730 0.676594
vt 0.850692 0.678169
vt 0.868961 0.714982
vt 0.055945 0.068007
vt 0.053246 0.073867
vt 0.015610 0.364616
vt 0.017836 0.365268
vt 0.016536 0.365511
vt 0.200752 0.252603
vt 0.202005 0.254260
vt 0.200270 0.254205
vt 0.055668 0.053628
vt 0.909493 0.204744
vt 0.910781 0.205477
vt 0.909135 0.206129
vt 0.058225 0.063570
vt 0.061261 0.062532
vt 0.054361 0.049642
vt 0.771021 0.748226
vt 0.768748 0.748465
vt 0.770381 0.746595
vt 0.834147 0.707793
vt 0.834363 0.710371
vt 0.833851 0.709282
vt 0.037068 0.045155
vt 0.862038 0.698741
vt 0.875921 0.675640
vt 0.878595 0.677931
vt 0.879856 0.693068
vt 0.746887 0.701739
vt 0.748637 0.701107
vt 0.749867 0.701756
vt 0.562514 0.524477
vt 0.560790 0.524291
vt 0.562599 0.522412
vt 0.097004 0.830259
vt 0.095222 0.826787
vt 0.096462 0.826856
vt 0.859131 0.692255
vt 0.862056 0.690736
vt 0.055857 0.029733
vt 0.055771 0.032061
vt 0.050985 0.032754
vt 0.865660 0.678972
vt 0.075935 0.878900
vt 0.072450 0.876591
vt 0.073626 0.876041
vt 0.041588 0.038047
vt 0.050803 0.035374
vt 0.410552 0.864369
vt 0.403525 0.863056
vt 0.461852 0.330355
vt 0.460704 0.334722
vt 0.460513 0.329839
vt 0.888602 0.312575
vt 0.579744 0.653871
vt 0.584322 0.650069
vt 0.583785 0.653568
vt 0.565574 0.520386
vt 0.564631 0.522237
vt 0.563754 0.520773
vt 0.867568 0.687466
vt 0.869689 0.720399
vt 0.866949 0.722031
vt 0.868294 0.718429
vt 0.038394 0.070339
vt 0.038107 0.077312
vt 0.034935 0.073561
vt 0.861670 0.713646
vt 0.837355 0.726602
vt 0.835743 0.726326
vt 0.835680 0.725608
vt 0.056013 0.036551
vt 0.851529 0.702516
vt 0.850719 0.707597
vt 0.705242 0.880880
vt 0.991087 0.224078
vt 0.989633 0.224120
vt 0.990981 0.222611
vt 0.059111 0.052617
vt 0.626226 0.798327
vt 0.625019 0.797022
vt 0.626746 0.796095
vt 0.767048 0.746816
vt 0.766527 0.746133
vt 0.767729 0.745167
vt 0.030286 0.068690
vt 0.474559 0.478461
vt 0.471215 0.481125
vt 0.470392 0.475953
vt 0.852043 0.705116
vt 0.854325 0.702686
vt 0.854673 0.711087
vt 0.825109 0.688242
vt 0.827767 0.688811
vt 0.882842 0.691366
vt 0.883047 0.703014
vt 0.039455 0.037171
vt 0.040183 0.036599
vt 0.056299 0.063584
vt 0.395234 0.858800
vt 0.401162 0.863282
vt 0.670927 0.808260
vt 0.670457 0.804033
vt 0.672619 0.805769
vt 0.039066 0.041745
vt 0.840045 0.946882
vt 0.840211 0.946971
vt 0.839911 0.946968
vt 0.521342 0.271373
vt 0.521181 0.271365
vt 0.521113 0.271175
vt 0.858439 0.697886
vt 0.859402 0.702872
vt 0.103289 0.853540
vt 0.103463 0.851209
vt 0.103925 0.852452
vt 0.176546 0.688796
vt 0.174031 0.686649
vt 0.175455 0.685704
vt 0.827659 0.687430
vt 0.750708 0.355372
vt 0.749894 0.357560
vt 0.749462 0.354627
vt 0.870042 0.700278
vt 0.041982 0.074410
vt 0.043912 0.077925
vt 0.465121 0.333275
vt 0.465251 0.338339
vt 0.464136 0.337772
vt 0.164359 0.627694
vt 0.163708 0.628840
vt 0.163196 0.626986
vt 0.314333 0.401541
vt 0.313554 0.401397
vt 0.314139 0.400057
vt 0.173094 0.148193
vt 0.172579 0.146493
vt 0.174457 0.147497
vt 0.217331 0.032350
vt 0.216199 0.033376
vt 0.215564 0.032128
vt 0.847607 0.694023
vt 0.860539 0.696612
vt 0.044586 0.812397
vt 0.047446 0.811628
vt 0.045236 0.813520
vt 0.273702 0.193222
vt 0.274652 0.193885
vt 0.272520 0.193918
vt 0.260138 0.059790
vt 0.260259 0.058298
vt 0.261195 0.058812
vt 0.390935 0.652639
vt 0.386644 0.653610
vt 0.387828 0.651572
vt 0.474069 0.474418
vt 0.474078 0.473050
vt 0.476341 0.471249
vt 0.161755 0.675674
vt 0.164057 0.676775
vt 0.161553 0.677728
vt 0.842160 0.725257
vt 0.845724 0.723978
vt 0.411328 0.185364
vt 0.412801 0.185845
vt 0.412047 0.187327
vt 0.460712 0.339406
vt 0.462869 0.342193
vt 0.857259 0.721956
vt 0.855060 0.722728
vt 0.857242 0.716723
vt 0.523225 0.430758
vt 0.521538 0.429050
vt 0.522044 0.426859
vt 0.022468 0.049222
vt 0.855833 0.706382
vt 0.857408 0.710197
vt 0.664992 0.121437
vt 0.663548 0.121676
vt 0.663494 0.119716
vt 0.233658 0.288489
vt 0.234905 0.289766
vt 0.233273 0.289727
vt 0.867008 0.676442
vt 0.738344 0.155660
vt 0.740085 0.155721
vt 0.739401 0.156767
vt 0.043758 0.079623
vt 0.040429 0.080174
vt 0.049718 0.077544
vt 0.048127 0.078053
vt 0.052367 0.076943
vt 0.678440 0.801202
vt 0.675188 0.803168
vt 0.675873 0.800268
vt 0.861390 0.686018
vt 0.056142 0.046069
vt 0.890756 0.518142
vt 0.890525 0.516618
vt 0.891491 0.515519
vt 0.860181 0.708272
vt 0.860196 0.712359
vt 0.105439 0.711350
vt 0.842334 0.296944
vt 0.840960 0.298578
vt 0.840254 0.297657
vt 0.105438 0.850336
vt 0.105341 0.852496
vt 0.105256 0.850055
vt 0.855801 0.692081
vt 0.856410 0.687779
vt 0.858292 0.689728
vt 0.793982 0.681022
vt 0.795271 0.678933
vt 0.795665 0.681728
vt 0.623610 0.798716
vt 0.621135 0.799497
vt 0.621428 0.798240
vt 0.839811 0.714774
vt 0.562200 0.181480
vt 0.560900 0.182375
vt 0.700351 0.734631
vt 0.698373 0.735858
vt 0.696783 0.734138
vt 0.865506 0.721806
vt 0.864422 0.721600
vt 0.862106 0.719131
vt 0.880517 0.717937
vt 0.880006 0.717942
vt 0.854624 0.692711
vt 0.852789 0.692596
vt 0.466107 0.326652
vt 0.462942 0.334410
vt 0.158211 0.240801
vt 0.159432 0.239919
vt 0.159794 0.241464
vt 0.445458 0.955938
vt 0.446850 0.955705
vt 0.447013 0.957000
vt 0.909999 0.052372
vt 0.909202 0.051320
vt 0.910740 0.051176
vt 0.775660 0.835076
vt 0.577949 0.186248
vt 0.584784 0.185473
vt 0.037211 0.083354
vt 0.836220 0.713257
vt 0.835321 0.711481
vt 0.961948 0.980458
vt 0.963018 0.981693
vt 0.960718 0.980146
vt 0.805574 0.565210
vt 0.805522 0.565221
vt 0.805498 0.565121
vt 0.024087 0.052902
vt 0.391481 0.880881
vt 0.392154 0.879367
vt 0.393559 0.880562
vt 0.854766 0.722805
vt 0.854873 0.722787
vt 0.666725 0.754103
vt 0.666503 0.752331
vt 0.669014 0.750869
vt 0.666977 0.754068
vt 0.134407 0.191764
vt 0.134548 0.189896
vt 0.135718 0.190227
vt 0.045118 0.079265
vt 0.972481 0.334697
vt 0.972250 0.336495
vt 0.971368 0.337578
vt 0.813513 0.310153
vt 0.813563 0.310174
vt 0.813546 0.310246
vt 0.526372 0.695021
vt 0.528182 0.695891
vt 0.528082 0.695876
vt 0.526316 0.695001
vt 0.850775 0.690463
vt 0.849262 0.691800
vt 0.131402 0.140837
vt 0.130228 0.139066
vt 0.131300 0.139559
vt 0.110767 0.059524
vt 0.112468 0.060208
vt 0.110874 0.060733
vt 0.858590 0.709062
vt 0.376720 0.022065
vt 0.375858 0.022710
vt 0.375622 0.021083
vt 0.031126 0.059520
vt 0.871441 0.673642
vt 0.846894 0.723699
vt 0.048095 0.812901
vt 0.049760 0.812834
vt 0.042484 0.035269
vt 0.701897 0.271350
vt 0.700888 0.269283
vt 0.701461 0.269465
vt 0.026156 0.056344
vt 0.566370 0.185740
vt 0.572287 0.185659
vt 0.053484 0.076620
vt 0.314811 0.787253
vt 0.313122 0.786053
vt 0.316112 0.784961
vt 0.850607 0.677755
vt 0.348673 0.998236
vt 0.349020 0.996023
vt 0.352781 0.996900
vt 0.312935 0.144350
vt 0.311380 0.145954
vt 0.310689 0.144789
vt 0.927587 0.930932
vt 0.928027 0.930864
vt 0.928129 0.933108
vt 0.835285 0.680830
vt 0.830201 0.681215
vt 0.854949 0.722764
vt 0.956159 0.098904
vt 0.955376 0.099930
vt 0.955165 0.097637
vt 0.859593 0.689093
vt 0.842628 0.693601
vt 0.478638 0.478370
vt 0.477065 0.479962
vt 0.698856 0.728898
vt 0.701297 0.729472
vt 0.572366 0.261146
vt 0.573716 0.261444
vt 0.573686 0.262278
vt 0.308046 0.716264
vt 0.309359 0.716799
vt 0.304924 0.718175
vt 0.473724 0.462879
vt 0.473550 0.464479
vt 0.470846 0.464668
vt 0.038224 0.082607
vt 0.477042 0.473579
vt 0.479762 0.475235
vt 0.992940 0.358689
vt 0.991798 0.359885
vt 0.990487 0.356556
vt 0.068361 0.458025
vt 0.068522 0.459537
vt 0.066941 0.459524
vt 0.303070 0.102262
vt 0.301705 0.102666
vt 0.300927 0.101247
vt 0.845747 0.702457
vt 0.843201 0.332634
vt 0.844063 0.334427
vt 0.842864 0.335971
vt 0.588624 0.184950
vt 0.989108 0.795582
vt 0.987689 0.798837
vt 0.987659 0.798802
vt 0.987455 0.795980
vt 0.060258 0.074029
vt 0.058407 0.074641
vt 0.874916 0.721116
vt 0.874856 0.721153
vt 0.208988 0.840690
vt 0.208066 0.839835
vt 0.208174 0.839348
vt 0.210671 0.839069
vt 0.881406 0.711687
vt 0.054678 0.076227
vt 0.837958 0.722557
vt 0.838719 0.724311
vt 0.838482 0.725718
vt 0.837003 0.725186
vt 0.862681 0.721360
vt 0.675153 0.103083
vt 0.674447 0.103190
vt 0.674024 0.102788
vt 0.212475 0.837889
vt 0.210228 0.837969
vt 0.210092 0.837718
vt 0.211883 0.836423
vt 0.964579 0.473221
vt 0.964570 0.473359
vt 0.964522 0.473366
vt 0.840202 0.725479
vt 0.840386 0.725717
vt 0.224605 0.162342
vt 0.223775 0.162215
vt 0.223870 0.161267
vt 0.927036 0.649040
vt 0.926967 0.649016
vt 0.925327 0.647551
vt 0.925310 0.646661
vt 0.866422 0.721581
vt 0.248355 0.180288
vt 0.246984 0.180197
vt 0.245745 0.179942
vt 0.246429 0.179892
vt 0.989108 0.795582
vt 0.987455 0.795980
vt 0.987661 0.798830
vt 0.987683 0.798853
vt 0.058330 0.074833
vt 0.060334 0.074185
vt 0.874864 0.721198
vt 0.874908 0.721166
vt 0.208988 0.840690
vt 0.210671 0.839069
vt 0.207955 0.839372
vt 0.207946 0.839723
vt 0.054754 0.076352
vt 0.837958 0.722557
vt 0.838489 0.725762
vt 0.838773 0.724434
vt 0.837155 0.725380
vt 0.862627 0.721151
vt 0.675153 0.103083
vt 0.673876 0.102749
vt 0.674513 0.103180
vt 0.212475 0.837889
vt 0.211883 0.836423
vt 0.209990 0.837791
vt 0.210032 0.837976
vt 0.224605 0.162342
vt 0.224025 0.161495
vt 0.223574 0.162184
vt 0.927036 0.649040
vt 0.925310 0.646661
vt 0.925331 0.647767
vt 0.926223 0.648759
vt 0.866400 0.722163
vt 0.248355 0.180288
vt 0.246429 0.179892
vt 0.245686 0.179946
vt 0.246864 0.180189
vt 0.027368 0.042970
vt 0.022235 0.045632
vt 0.315595 0.786063
vt 0.316926 0.785261
vt 0.318309 0.786098
vt 0.697762 0.540224
vt 0.698113 0.539890
vt 0.698270 0.540285
vt 0.056466 0.871793
vt 0.056119 0.869825
vt 0.058438 0.869571
vt 0.057033 0.871486
vt 0.027399 0.042980
vt 0.912732 0.236569
vt 0.912443 0.236772
vt 0.911544 0.236772
vt 0.911278 0.236185
vt 0.032442 0.040124
vt 0.864140 0.675261
vt 0.866782 0.674420
vt 0.036930 0.038442
vt 0.037090 0.039933
vt 0.843934 0.451887
vt 0.844465 0.450741
vt 0.845362 0.450835
vt 0.845406 0.450937
vt 0.564718 0.523044
vt 0.859506 0.675250
vt 0.862395 0.675316
vt 0.863719 0.675874
vt 0.045791 0.033885
vt 0.391077 0.857422
vt 0.392289 0.856641
vt 0.839851 0.680234
vt 0.840805 0.679537
vt 0.946992 0.401421
vt 0.946211 0.399707
vt 0.947338 0.400747
vt 0.945165 0.401008
vt 0.945307 0.399545
vt 0.048199 0.032720
vt 0.048965 0.032365
vt 0.054962 0.029989
vt 0.055782 0.029619
vt 0.829959 0.681281
vt 0.874357 0.671122
vt 0.391691 0.858716
vt 0.390208 0.857578
vt 0.179333 0.745193
vt 0.179554 0.745179
vt 0.180729 0.746379
vt 0.829018 0.681426
vt 0.684596 0.861388
vt 0.683095 0.858813
vt 0.684661 0.858472
vt 0.684744 0.860637
vt 0.315595 0.786063
vt 0.318407 0.786099
vt 0.316994 0.785285
vt 0.697762 0.540224
vt 0.698312 0.540290
vt 0.698116 0.539888
vt 0.056466 0.871793
vt 0.057037 0.871483
vt 0.058556 0.869558
vt 0.056119 0.869825
vt 0.912732 0.236569
vt 0.911278 0.236185
vt 0.911548 0.236782
vt 0.912431 0.236781
vt 0.032401 0.040074
vt 0.866744 0.674083
vt 0.863699 0.675080
vt 0.036881 0.038367
vt 0.037050 0.039896
vt 0.843934 0.451887
vt 0.845406 0.450937
vt 0.845310 0.450713
vt 0.844554 0.450550
vt 0.564809 0.522984
vt 0.862617 0.675148
vt 0.859402 0.675082
vt 0.863497 0.675519
vt 0.046078 0.033600
vt 0.391108 0.857432
vt 0.840742 0.679416
vt 0.839747 0.680139
vt 0.946992 0.401421
vt 0.947356 0.400712
vt 0.946172 0.399620
vt 0.945165 0.401008
vt 0.945312 0.399486
vt 0.048729 0.032320
vt 0.048096 0.032615
vt 0.053560 0.030391
vt 0.055660 0.029432
vt 0.874370 0.671157
vt 0.390220 0.857587
vt 0.391691 0.858716
vt 0.179333 0.745193
vt 0.181127 0.746717
vt 0.179626 0.745175
vt 0.684596 0.861388
vt 0.684809 0.860311
vt 0.684717 0.858459
vt 0.683095 0.858813
vn 0.9608 0.0062 0.2772
vn 0.9614 -0.0372 0.2725
vn 0.9678 0.0176 0.2512
vn 0.1789 -0.7356 0.6533
vn 0.7975 0.0471 0.6015
vn 0.2111 -0.0115 0.9774
vn 0.8561 0.0895 -0.5091
vn 0.8682 0.1216 -0.4811
vn 0.8679 0.0682 -0.4920
vn 0.9174 -0.0683 0.3921
vn 0.8987 -0.0580 0.4347
vn 0.8903 -0.0888 0.4466
vn 0.4828 0.1606 -0.8609
vn 0.4986 0.1846 -0.8470
vn 0.5010 0.1582 -0.8509
vn 0.7489 0.3491 0.5633
vn 0.7434 0.3392 0.5765
vn 0.7546 0.3389 0.5619
vn 0.8923 -0.0958 0.4412
vn 0.8953 -0.0689 0.4402
vn 0.8838 -0.0840 0.4602
vn 0.9528 0.2201 -0.2091
vn 0.9547 0.2384 -0.1782
vn 0.9632 0.2112 -0.1664
vn 0.8949 -0.0144 0.4460
vn 0.8908 -0.0013 0.4544
vn 0.8858 -0.0151 0.4639
vn 0.9767 0.1074 0.1855
vn 0.9804 0.1012 0.1692
vn 0.9768 0.1256 0.1736
vn 0.7591 0.1993 0.6197
vn 0.7660 0.0318 0.6421
vn 0.9237 0.1189 0.3641
vn 0.6544 0.0023 -0.7561
vn 0.6666 0.0013 -0.7454
vn 0.6602 -0.0132 -0.7510
vn 0.9860 -0.0741 0.1494
vn 0.9811 -0.0598 0.1841
vn 0.9791 -0.0892 0.1828
vn 0.4511 0.0219 0.8922
vn 0.4728 0.0316 0.8806
vn 0.4580 0.0407 0.8880
vn 0.6025 0.0942 0.7925
vn 0.6263 0.0733 0.7762
vn 0.6114 0.1128 0.7832
vn 0.9820 -0.1247 0.1419
vn 0.9824 -0.1445 0.1180
vn 0.9875 -0.1077 0.1149
vn 0.7024 0.1244 0.7009
vn 0.6852 0.1037 0.7209
vn 0.7139 0.1024 0.6927
vn 0.9395 0.0085 0.3423
vn 0.9366 0.0290 0.3492
vn 0.9327 0.0169 0.3602
vn 0.6356 -0.0083 -0.7720
vn 0.6222 -0.0233 -0.7825
vn 0.6232 -0.0066 -0.7820
vn 0.7817 -0.1166 0.6126
vn 0.7868 -0.0958 0.6097
vn 0.7554 -0.0910 0.6489
vn 0.9971 -0.0091 0.0754
vn 0.9946 -0.0232 0.1009
vn 0.9953 -0.0586 0.0773
vn 0.9639 -0.0707 -0.2565
vn 0.9521 -0.0946 -0.2906
vn 0.9508 -0.0703 -0.3016
vn 0.8802 -0.1726 0.4420
vn 0.8870 -0.1897 0.4210
vn 0.8970 -0.1852 0.4015
vn 0.5615 0.1081 -0.8204
vn 0.5772 0.1092 -0.8093
vn 0.5712 0.1016 -0.8145
vn -0.1407 0.5962 -0.7904
vn 0.3152 0.0552 -0.9474
vn -0.2316 -0.2942 -0.9273
vn 0.7857 0.2232 0.5770
vn 0.7295 0.1190 0.6735
vn 0.9015 -0.0629 0.4281
vn 0.9943 0.0069 0.1060
vn 0.9917 0.0579 0.1147
vn 0.9909 0.0119 0.1341
vn 0.9860 0.0277 0.1644
vn 0.9884 0.0699 0.1347
vn 0.9770 0.0932 0.1919
vn 0.8307 0.0793 -0.5511
vn 0.8177 0.0750 -0.5707
vn 0.8147 0.1450 -0.5615
vn 0.9406 0.0090 0.3394
vn 0.9352 -0.0081 0.3540
vn 0.9449 -0.0150 0.3272
vn 0.5130 0.0589 0.8564
vn 0.5306 0.0552 0.8458
vn 0.5327 0.0659 0.8437
vn 0.5633 0.1471 -0.8130
vn 0.5534 0.1339 -0.8221
vn 0.5487 0.1481 -0.8228
vn 0.9196 -0.0199 0.3924
vn 0.9200 -0.0500 0.3887
vn 0.9276 -0.0354 0.3718
vn 0.7923 0.0651 0.6067
vn 0.8029 0.0653 0.5925
vn 0.7945 0.0875 0.6009
vn 0.8363 0.0418 0.5467
vn 0.8402 0.0625 0.5387
vn 0.8318 0.0548 0.5524
vn 0.9035 -0.1018 0.4163
vn 0.8845 -0.1154 0.4520
vn 0.8965 -0.1333 0.4226
vn 0.5527 0.1990 -0.8093
vn 0.5710 0.1868 -0.7994
vn 0.5664 0.1765 -0.8050
vn 0.2364 0.0764 -0.9686
vn 0.2103 0.0329 -0.9771
vn 0.2118 0.0758 -0.9744
vn 0.3307 0.0776 -0.9406
vn 0.2669 -0.1282 -0.9551
vn 0.2431 0.0755 -0.9671
vn 0.9860 -0.0830 0.1444
vn 0.9953 -0.0490 0.0832
vn 0.9878 -0.0437 0.1496
vn 0.1947 -0.8697 0.4535
vn 0.8816 0.0775 0.4656
vn -0.0511 -0.1981 0.9789
vn 0.9700 0.0103 0.2427
vn 0.9710 -0.0098 0.2390
vn 0.9736 0.0101 0.2282
vn 0.9756 0.1504 0.1602
vn 0.9647 0.2020 0.1688
vn 0.9689 0.1643 0.1849
vn 0.7923 0.0370 0.6090
vn 0.8004 0.0637 0.5961
vn 0.7904 0.0679 0.6088
vn 0.5063 0.0087 -0.8623
vn 0.4969 0.0060 -0.8678
vn 0.4999 0.0153 -0.8660
vn 0.8313 0.1956 -0.5202
vn 0.8407 0.1696 -0.5142
vn 0.8223 0.1754 -0.5414
vn 0.8906 -0.0594 -0.4509
vn 0.8888 -0.0808 -0.4510
vn 0.8684 -0.0654 -0.4915
vn 0.9239 0.2311 -0.3050
vn 0.9398 0.1915 -0.2829
vn 0.9319 0.1820 -0.3137
vn 0.7290 -0.1340 0.6713
vn 0.5155 0.2392 0.8228
vn 0.4497 -0.1199 0.8851
vn 0.8221 -0.2344 0.5189
vn 0.8087 0.1805 0.5598
vn 0.6549 -0.0965 0.7496
vn 0.7115 -0.0039 0.7027
vn 0.6972 -0.0207 0.7165
vn 0.7106 -0.0230 0.7033
vn 0.9348 0.0368 0.3531
vn 0.9417 0.0323 0.3350
vn 0.9377 0.0530 0.3434
vn 0.4898 0.0592 -0.8698
vn 0.4870 0.0454 -0.8722
vn 0.4789 0.0549 -0.8761
vn 0.6176 0.3644 0.6969
vn 0.2090 0.0149 0.9778
vn 0.1625 -0.6296 0.7597
vn 0.2808 -0.1750 -0.9437
vn 0.2881 -0.1787 -0.9408
vn 0.2876 -0.1895 -0.9388
vn 0.2382 -0.2189 -0.9462
vn 0.8912 -0.0906 0.4444
vn 0.8996 -0.0744 0.4304
vn 0.8956 -0.0609 0.4407
vn 0.7548 0.2518 0.6057
vn 0.7211 0.2474 0.6472
vn 0.7493 0.2036 0.6301
vn 0.7823 0.1819 0.5958
vn 0.7707 0.1824 0.6105
vn 0.7774 0.1625 0.6077
vn 0.9136 0.0659 0.4012
vn 0.9233 0.0553 0.3802
vn 0.9240 0.0725 0.3755
vn 0.4748 0.1875 -0.8599
vn 0.4870 0.1788 -0.8549
vn 0.4734 0.1680 -0.8647
vn 0.6488 0.1375 0.7484
vn 0.6936 -0.1865 0.6958
vn 0.7561 0.2345 0.6110
vn -0.1968 0.3494 -0.9161
vn -0.2222 0.3233 -0.9198
vn -0.2177 0.3488 -0.9116
vn 0.8094 0.0596 0.5842
vn 0.7965 0.0659 0.6011
vn 0.8041 0.0429 0.5930
vn 0.7674 -0.1026 0.6329
vn 0.7570 -0.1155 0.6431
vn 0.7695 -0.1218 0.6269
vn 0.8692 -0.0333 0.4933
vn 0.8631 -0.0320 0.5041
vn 0.8677 -0.0533 0.4942
vn 0.8007 0.0521 0.5969
vn 0.8069 0.0677 0.5868
vn 0.7852 0.0840 0.6135
vn 0.7695 -0.0088 0.6386
vn 0.7920 -0.0077 0.6105
vn 0.7940 0.0162 0.6078
vn 0.8345 -0.0535 0.5484
vn 0.8455 -0.0771 0.5283
vn 0.8473 -0.0507 0.5288
vn 0.8911 0.0276 0.4529
vn 0.8785 0.0421 0.4759
vn 0.8765 0.0044 0.4815
vn 0.9707 0.0677 0.2305
vn 0.9623 0.0735 0.2617
vn 0.9631 0.0593 0.2627
vn 0.4076 -0.2145 -0.8876
vn 0.4097 -0.2289 -0.8830
vn 0.3831 -0.2244 -0.8960
vn 0.5553 0.1182 -0.8232
vn 0.5674 0.1286 -0.8134
vn 0.5686 0.1151 -0.8145
vn 0.9702 -0.0335 -0.2398
vn 0.9625 -0.0241 -0.2702
vn 0.9651 0.0153 -0.2615
vn 0.9732 -0.0012 -0.2298
vn 0.4397 0.1246 0.8895
vn 0.4114 0.1276 0.9025
vn 0.4175 0.1083 0.9022
vn 0.9775 -0.0158 0.2103
vn 0.9717 -0.0642 0.2275
vn 0.9789 -0.0457 0.1990
vn 0.6428 0.1100 0.7581
vn 0.6295 0.0822 0.7727
vn 0.6939 -0.0800 0.7156
vn 0.9452 0.0485 0.3228
vn 0.9316 0.0476 0.3604
vn 0.9339 0.0259 0.3565
vn 0.7649 0.0994 0.6365
vn 0.7490 0.1182 0.6520
vn 0.7570 0.0863 0.6477
vn 0.3890 -0.1701 0.9054
vn 0.6837 -0.1481 0.7146
vn 0.5261 0.1750 0.8322
vn 0.4979 0.1133 -0.8598
vn 0.5360 0.1059 -0.8376
vn 0.4929 0.1043 -0.8638
vn 0.8047 0.2799 0.5236
vn 0.8038 0.2781 0.5259
vn 0.8015 0.2678 0.5347
vn 0.8123 0.2627 0.5207
vn 0.7733 0.1035 0.6255
vn 0.7890 0.0259 0.6139
vn 0.8355 0.1363 0.5323
vn 0.4421 0.1274 -0.8879
vn 0.4597 0.1291 -0.8786
vn 0.4520 0.1219 -0.8836
vn 0.8591 -0.0223 0.5113
vn 0.8500 -0.0324 0.5258
vn 0.8597 -0.0516 0.5081
vn 0.9802 -0.1251 0.1535
vn 0.9924 -0.1002 0.0710
vn 0.9920 -0.0687 0.1062
vn 0.8040 -0.0101 0.5945
vn 0.8125 -0.0191 0.5826
vn 0.8202 0.0111 0.5720
vn 0.5897 -0.1000 -0.8014
vn 0.5760 -0.1129 -0.8096
vn 0.5706 -0.0906 -0.8162
vn 0.9206 0.3146 -0.2315
vn 0.9378 0.2757 -0.2110
vn 0.9236 0.2883 -0.2529
vn 0.8944 0.3325 -0.2992
vn 0.9051 0.3302 -0.2678
vn 0.9127 0.3027 -0.2746
vn 0.8941 0.3111 -0.3222
vn 0.9123 0.2804 -0.2985
vn 0.8996 0.2811 -0.3343
vn 0.5336 0.2179 -0.8172
vn 0.5250 0.2445 -0.8153
vn 0.5425 0.2309 -0.8077
vn 0.9781 -0.0524 0.2016
vn 0.9863 0.0062 0.1646
vn 0.9695 0.0681 0.2354
vn 0.9982 0.0354 0.0485
vn 0.9932 0.0468 0.1068
vn 0.9974 0.0037 0.0716
vn 0.4871 -0.0873 -0.8689
vn 0.4962 -0.0634 -0.8659
vn 0.5007 -0.0946 -0.8604
vn 0.7967 0.0685 0.6005
vn 0.7807 0.0528 0.6226
vn 0.8043 0.0421 0.5927
vn 0.3645 0.0948 0.9264
vn 0.3615 0.0815 0.9288
vn 0.3711 0.0872 0.9245
vn 0.5094 0.0761 0.8572
vn 0.4827 0.0900 0.8712
vn 0.4877 0.0415 0.8720
vn 0.9185 0.0009 0.3953
vn 0.9304 -0.0055 0.3665
vn 0.9285 0.0153 0.3710
vn 0.6238 0.0606 0.7792
vn 0.6126 0.0587 0.7882
vn 0.6156 0.0447 0.7868
vn 0.8239 0.0296 0.5659
vn 0.8169 0.0363 0.5757
vn 0.8128 0.0077 0.5825
vn 0.8098 0.0080 0.5867
vn 0.8101 0.0381 0.5851
vn 0.7971 0.0425 0.6024
vn 0.5673 -0.6418 -0.5160
vn 0.5822 -0.6523 -0.4853
vn 0.5275 -0.7268 -0.4400
vn 0.7517 -0.0965 0.6524
vn 0.7512 -0.1462 0.6437
vn 0.7700 -0.1396 0.6226
vn 0.9695 -0.0208 0.2444
vn 0.9577 -0.0274 0.2863
vn 0.9693 -0.0285 0.2440
vn 0.9584 -0.0367 0.2829
vn 0.9682 -0.0109 0.2500
vn 0.9649 0.0159 0.2621
vn 0.7431 0.0282 -0.6686
vn 0.7370 0.0033 -0.6759
vn 0.7301 0.0292 -0.6827
vn 0.3850 0.0452 0.9218
vn 0.3695 0.0394 0.9284
vn 0.3828 0.0184 0.9237
vn 0.9830 -0.0272 0.1817
vn 0.9768 -0.0251 0.2125
vn 0.9772 -0.0735 0.1994
vn 0.6571 0.0525 0.7520
vn 0.6660 0.0414 0.7448
vn 0.6775 0.0550 0.7335
vn 0.5027 -0.4860 -0.7149
vn 0.5858 -0.4537 -0.6715
vn 0.5921 -0.4663 -0.6572
vn 0.1346 -0.8072 0.5748
vn 0.8591 0.3251 0.3953
vn 0.1379 0.0431 0.9895
vn 0.9171 -0.0080 0.3987
vn 0.9182 0.0090 0.3959
vn 0.9110 -0.0017 0.4125
vn 0.8815 -0.0058 0.4721
vn 0.8931 -0.0197 0.4495
vn 0.8932 -0.0040 0.4497
vn 0.6116 0.0759 0.7875
vn 0.6099 0.0717 0.7892
vn 0.6097 0.0636 0.7901
vn 0.6212 0.0637 0.7811
vn 0.6561 0.0722 0.7512
vn 0.6725 0.0751 0.7362
vn 0.6575 0.0956 0.7474
vn 0.8433 -0.0185 0.5371
vn 0.8158 0.0906 0.5712
vn 0.7823 0.0032 0.6229
vn 0.2217 0.1612 -0.9617
vn 0.4859 0.1172 -0.8661
vn 0.3577 -0.0814 -0.9303
vn 0.8120 0.0288 0.5830
vn 0.8296 -0.0073 0.5583
vn 0.8322 0.0262 0.5538
vn 0.9767 -0.0279 0.2129
vn 0.9727 -0.0026 0.2318
vn 0.9617 -0.0579 0.2679
vn 0.5742 -0.2368 -0.7837
vn 0.6518 -0.2653 -0.7105
vn 0.6358 -0.2831 -0.7181
vn 0.9451 0.0407 0.3241
vn 0.9367 0.0364 0.3481
vn 0.9421 0.0209 0.3347
vn 0.9947 -0.0275 0.0995
vn 0.9968 -0.0232 0.0761
vn 0.9954 -0.0009 0.0953
vn 0.9923 -0.0841 0.0913
vn 0.9945 -0.0195 0.1026
vn 0.9902 -0.0270 0.1367
vn 0.7897 0.0932 0.6063
vn 0.7968 0.0608 0.6011
vn 0.8099 0.0825 0.5808
vn 0.7734 0.0625 0.6308
vn 0.7955 0.0455 0.6042
vn 0.7827 0.0851 0.6166
vn 0.7998 -0.0047 0.6002
vn 0.7842 0.0092 0.6204
vn 0.7844 -0.0312 0.6195
vn 0.5683 0.1032 -0.8163
vn 0.5730 0.1127 -0.8118
vn 0.5740 0.0971 -0.8131
vn 0.6639 0.0062 -0.7478
vn 0.6677 -0.0080 -0.7444
vn 0.6603 -0.0045 -0.7510
vn 0.8316 -0.0017 -0.5554
vn 0.8280 0.0530 -0.5582
vn 0.8428 0.0456 -0.5364
vn 0.7559 0.0966 0.6475
vn 0.7503 0.1102 0.6519
vn 0.7426 0.0823 0.6647
vn 0.9717 0.1742 0.1598
vn 0.9704 0.1563 0.1840
vn 0.9772 0.1270 0.1700
vn 0.7630 0.1720 0.6231
vn 0.8156 0.1690 0.5533
vn 0.7604 0.1926 0.6203
vn 0.8763 -0.0002 0.4818
vn 0.8172 0.0810 0.5706
vn 0.8344 0.0138 0.5510
vn 0.2978 -0.0278 -0.9542
vn 0.2299 0.0103 -0.9731
vn 0.2745 0.0424 -0.9607
vn 0.9370 -0.0123 0.3491
vn 0.9298 -0.0070 0.3680
vn 0.9271 -0.0320 0.3733
vn 0.9685 0.0403 0.2459
vn 0.9704 0.0097 0.2415
vn 0.9734 0.0389 0.2257
vn 0.9479 0.0367 0.3164
vn 0.9573 0.0526 0.2842
vn 0.9580 0.0898 0.2723
vn 0.6474 0.2918 0.7040
vn 0.6578 0.3048 0.6887
vn 0.6239 0.3093 0.7177
vn 0.2998 -0.0398 0.9532
vn 0.4950 -0.0516 0.8674
vn 0.4250 0.0398 0.9043
vn 0.4021 0.0441 0.9145
vn 0.3719 0.0520 0.9268
vn 0.3723 -0.1088 0.9217
vn 0.5208 0.3788 -0.7651
vn 0.5177 0.3644 -0.7741
vn 0.4825 0.4117 -0.7731
vn 0.4674 0.0533 -0.8825
vn 0.4817 0.0438 -0.8753
vn 0.4557 0.0134 -0.8900
vn 0.4124 0.0274 0.9106
vn 0.4030 0.0207 0.9150
vn 0.4154 0.0105 0.9096
vn 0.4853 0.0593 -0.8723
vn 0.4955 0.0679 -0.8660
vn 0.5196 0.0347 -0.8537
vn 0.3180 0.2578 -0.9124
vn 0.3426 0.2345 -0.9098
vn 0.3172 0.2339 -0.9191
vn 0.8411 0.3137 0.4407
vn 0.8477 0.2961 0.4401
vn 0.8507 0.3071 0.4267
vn 0.9507 0.2779 0.1379
vn 0.9488 0.2785 0.1488
vn 0.9532 0.2677 0.1408
vn 0.3840 -0.2642 0.8847
vn 0.4914 0.0723 0.8679
vn 0.3230 0.1084 0.9402
vn 0.8838 -0.1111 0.4545
vn 0.8842 -0.1454 0.4438
vn 0.8992 -0.1173 0.4216
vn 0.5266 0.0057 -0.8501
vn 0.5341 -0.0018 -0.8454
vn 0.5308 -0.0108 -0.8474
vn 0.9021 -0.1604 0.4007
vn 0.9123 -0.1085 0.3949
vn 0.8876 -0.1457 0.4369
vn 0.6051 0.1572 -0.7805
vn 0.6096 0.1431 -0.7797
vn 0.5986 0.1488 -0.7871
vn 0.5673 0.0985 -0.8176
vn 0.5791 0.0893 -0.8103
vn 0.5646 0.0853 -0.8210
vn 0.8086 0.3791 0.4500
vn 0.7863 0.3916 0.4779
vn 0.8134 0.3605 0.4565
vn 0.9398 -0.2033 -0.2747
vn 0.9548 -0.1957 -0.2239
vn 0.9319 -0.2707 -0.2415
vn 0.6153 0.1240 0.7784
vn 0.6145 0.1104 0.7812
vn 0.6422 0.1256 0.7562
vn 0.4931 -0.0744 0.8668
vn 0.6601 0.0447 0.7498
vn 0.5331 0.1190 0.8376
vn 0.5107 0.0753 0.8564
vn 0.4791 0.0413 0.8768
vn 0.5490 -0.0849 0.8315
vn 0.6925 0.1505 0.7055
vn 0.6573 0.0838 0.7489
vn 0.8109 0.1127 0.5742
vn 0.7640 0.0560 0.6428
vn 0.7440 0.1408 0.6532
vn 0.7319 0.1302 0.6689
vn 0.7002 0.0311 -0.7133
vn 0.6961 -0.0464 -0.7165
vn 0.6758 -0.0070 -0.7371
vn 0.9877 -0.0528 0.1471
vn 0.9837 -0.0730 0.1644
vn 0.9856 -0.0880 0.1445
vn 0.4013 0.0303 0.9155
vn 0.3877 0.0522 0.9203
vn 0.3755 0.0212 0.9266
vn 0.4680 0.0471 0.8825
vn 0.4459 0.0449 0.8940
vn 0.4702 0.0163 0.8824
vn 0.9567 -0.0344 -0.2891
vn 0.9460 0.0942 -0.3101
vn 0.9650 -0.0010 -0.2623
vn 0.5860 -0.1150 -0.8021
vn 0.6031 -0.1005 -0.7913
vn 0.6132 -0.1218 -0.7804
vn 0.9771 -0.0227 0.2118
vn 0.9700 -0.0301 0.2413
vn 0.9739 -0.0494 0.2214
vn 0.5032 0.0427 0.8631
vn 0.4906 0.0470 0.8701
vn 0.4988 0.0324 0.8661
vn 0.3944 0.0110 0.9189
vn 0.3910 -0.0051 0.9204
vn 0.4096 0.0065 0.9122
vn 0.9206 -0.0498 0.3872
vn 0.9149 -0.0611 0.3989
vn 0.9288 -0.0792 0.3621
vn 0.6768 -0.0242 0.7358
vn 0.7203 -0.0192 0.6934
vn 0.7126 0.0247 0.7012
vn 0.9903 -0.1077 0.0875
vn 0.9952 -0.0679 0.0698
vn 0.9919 -0.0840 0.0957
vn 0.9893 0.1152 0.0896
vn 0.9978 0.0541 0.0378
vn 0.9958 0.0844 0.0353
vn 0.9421 0.0621 0.3296
vn 0.9536 0.0548 0.2962
vn 0.9442 0.0889 0.3173
vn 0.7331 0.3041 -0.6083
vn 0.7724 0.2545 -0.5820
vn 0.7620 0.2325 -0.6044
vn 0.9365 0.0055 0.3506
vn 0.9406 0.0271 0.3384
vn 0.9340 0.0265 0.3562
vn 0.9490 -0.1655 0.2685
vn 0.9577 -0.1699 0.2322
vn 0.9608 -0.1445 0.2366
vn 0.9352 -0.0142 0.3537
vn 0.9433 -0.0109 0.3318
vn 0.9471 0.0037 0.3209
vn 0.9366 0.0282 0.3494
vn 0.7532 -0.1471 0.6412
vn 0.7958 -0.1385 0.5895
vn 0.7845 -0.1183 0.6087
vn 0.8037 0.1362 0.5792
vn 0.8190 0.1523 0.5531
vn 0.8087 0.1788 0.5603
vn 0.9692 -0.0117 0.2458
vn 0.9749 -0.0099 0.2225
vn 0.9693 0.0280 0.2443
vn 0.8199 -0.0013 0.5725
vn 0.8215 0.0191 0.5699
vn 0.8081 0.0047 0.5891
vn 0.9400 0.0564 0.3366
vn 0.9428 0.0602 0.3278
vn 0.9423 0.0742 0.3264
vn 0.9369 0.0704 0.3425
vn 0.9755 0.0431 0.2155
vn 0.9731 0.0565 0.2232
vn 0.9720 0.0403 0.2316
vn 0.3137 -0.2531 -0.9152
vn 0.3132 -0.2372 -0.9196
vn 0.3372 -0.2386 -0.9107
vn 0.7917 0.1189 0.5992
vn 0.7889 0.0916 0.6076
vn 0.8340 0.0786 0.5461
vn 0.4609 0.0234 -0.8872
vn 0.4719 0.0135 -0.8816
vn 0.4562 0.0094 -0.8898
vn 0.7315 0.0480 0.6801
vn 0.2097 -0.0519 0.9764
vn 0.2037 -0.6011 0.7728
vn 0.3702 0.0318 -0.9284
vn 0.3584 0.0236 -0.9333
vn 0.3636 0.0437 -0.9305
vn 0.4347 -0.0609 -0.8985
vn 0.4601 0.0282 -0.8874
vn 0.4704 -0.0105 -0.8824
vn 0.9678 0.0184 0.2509
vn 0.9731 0.0248 0.2290
vn 0.9720 0.0422 0.2311
vn 0.9961 0.0873 0.0146
vn 0.9975 0.0705 0.0074
vn 0.9975 0.0643 -0.0290
vn 0.6261 0.0116 -0.7796
vn 0.6196 -0.0045 -0.7849
vn 0.6172 0.0028 -0.7868
vn 0.9679 0.0101 0.2511
vn 0.9686 -0.0057 0.2485
vn 0.9719 0.0082 0.2352
vn 0.6520 0.0890 0.7530
vn 0.6678 0.0692 0.7412
vn 0.6637 0.0919 0.7423
vn 0.6147 0.0479 0.7873
vn 0.5995 0.0392 0.7994
vn 0.6091 0.0271 0.7927
vn 0.7753 0.1221 0.6197
vn 0.7669 0.0972 0.6343
vn 0.7825 0.0924 0.6157
vn 0.9577 0.2473 -0.1473
vn 0.9464 0.2648 -0.1849
vn 0.9419 0.2892 -0.1708
vn 0.9268 0.1850 -0.3269
vn 0.9268 0.1364 -0.3499
vn 0.9151 0.1832 -0.3593
vn 0.6654 -0.0124 -0.7464
vn 0.6527 -0.0084 -0.7575
vn 0.6602 0.0024 -0.7510
vn 0.3524 -0.1736 -0.9196
vn 0.2870 -0.1486 -0.9463
vn 0.2811 -0.0885 -0.9556
vn 0.4625 -0.0293 -0.8861
vn 0.7674 -0.0092 -0.6411
vn 0.7698 0.0051 -0.6382
vn 0.7781 -0.0129 -0.6280
vn 0.6655 0.0066 -0.7463
vn 0.6612 0.0082 -0.7502
vn 0.6611 0.0121 -0.7502
vn 0.6671 0.0162 -0.7448
vn 0.2111 0.1650 -0.9634
vn 0.2147 0.1344 -0.9674
vn 0.2019 0.1454 -0.9686
vn 0.8605 -0.0609 0.5057
vn 0.8555 -0.0346 0.5167
vn 0.8516 -0.0585 0.5210
vn 0.8926 -0.1078 0.4378
vn 0.9015 -0.0897 0.4234
vn 0.8916 -0.0987 0.4420
vn 0.8147 0.3692 -0.4471
vn 0.7974 0.3393 -0.4990
vn 0.7996 0.3965 -0.4510
vn 0.9719 0.0677 0.2256
vn 0.9692 0.0788 0.2332
vn 0.9681 0.0695 0.2407
vn 0.7570 0.1593 0.6337
vn 0.7549 0.1799 0.6307
vn 0.7337 0.1598 0.6604
vn 0.7776 0.2247 0.5873
vn 0.7969 0.2291 0.5590
vn 0.7778 0.2637 0.5705
vn 0.9974 0.0632 -0.0338
vn 0.9970 0.0424 -0.0643
vn 0.9954 0.0790 -0.0536
vn 0.9199 0.0448 0.3896
vn 0.9240 0.0571 0.3781
vn 0.9156 0.0705 0.3958
vn 0.9408 0.1448 0.3064
vn 0.9250 0.1575 0.3457
vn 0.9372 0.0974 0.3348
vn 0.9182 0.1427 0.3694
vn 0.9143 0.1514 0.3756
vn 0.9115 0.1389 0.3872
vn 0.9314 0.1134 0.3459
vn 0.8479 -0.0423 0.5285
vn 0.8481 -0.0121 0.5297
vn 0.8384 -0.0145 0.5449
vn -0.1160 0.7068 -0.6978
vn 0.3858 -0.4660 -0.7962
vn -0.2967 0.1136 -0.9482
vn 0.6213 -0.0088 -0.7835
vn 0.6335 -0.0049 -0.7737
vn 0.6344 -0.0197 -0.7727
vn 0.3542 0.2375 -0.9045
vn 0.3376 0.2244 -0.9141
vn 0.3303 0.2359 -0.9139
vn 0.9612 -0.0776 0.2646
vn 0.9638 -0.0532 0.2611
vn 0.9562 -0.0310 0.2912
vn 0.9907 -0.1071 0.0842
vn 0.9900 -0.0917 0.1068
vn 0.9870 -0.1078 0.1192
vn 0.9719 -0.0165 0.2348
vn 0.9729 -0.0423 0.2275
vn 0.9775 -0.0199 0.2101
vn 0.9744 0.0664 0.2149
vn 0.9707 0.0395 0.2371
vn 0.9785 -0.0103 0.2058
vn 0.8392 -0.1435 0.5245
vn 0.8258 -0.1600 0.5408
vn 0.8404 -0.1595 0.5180
vn 0.5815 0.2887 -0.7606
vn 0.5863 0.2756 -0.7618
vn 0.5663 0.2763 -0.7765
vn 0.0745 0.0905 -0.9931
vn 0.1291 0.1284 -0.9833
vn 0.0961 0.0623 -0.9934
vn -0.0034 0.8069 -0.5907
vn 0.6971 0.0314 -0.7163
vn -0.1487 0.0793 -0.9857
vn -0.0183 0.3470 -0.9377
vn 0.8407 0.2973 0.4527
vn 0.8413 0.2837 0.4602
vn 0.8473 0.2897 0.4451
vn 0.2590 -0.0306 -0.9654
vn 0.2288 0.0193 -0.9733
vn 0.2808 -0.0102 -0.9597
vn 0.7717 0.0557 0.6336
vn 0.8001 0.0765 0.5950
vn 0.7881 0.1192 0.6038
vn 0.7548 0.0798 0.6511
vn 0.3523 -0.2000 0.9143
vn 0.6344 -0.2526 0.7305
vn 0.6837 0.1799 0.7072
vn 0.3384 0.0538 0.9394
vn 0.8480 -0.0671 0.5258
vn 0.8600 -0.0759 0.5046
vn 0.8616 -0.0465 0.5054
vn 0.9741 -0.0055 0.2259
vn 0.9705 -0.0518 0.2354
vn 0.9760 -0.0574 0.2101
vn 0.9693 -0.0370 0.2431
vn 0.9725 -0.0583 0.2256
vn 0.9793 -0.0127 0.2020
vn 0.1484 -0.5585 0.8161
vn 0.6905 0.4507 0.5657
vn 0.1991 0.0159 0.9798
vn 0.5525 0.1066 -0.8267
vn 0.5650 0.1023 -0.8187
vn 0.5561 0.0944 -0.8258
vn 0.6137 0.0854 -0.7849
vn 0.5968 0.0867 -0.7977
vn 0.6097 0.1024 -0.7860
vn 0.5498 0.1294 -0.8252
vn 0.5391 0.1535 -0.8282
vn 0.5566 0.1507 -0.8170
vn 0.8158 -0.1698 0.5528
vn 0.8282 -0.1484 0.5405
vn 0.8256 -0.1400 0.5466
vn 0.9709 0.0644 0.2307
vn 0.9711 0.0755 0.2264
vn 0.9654 0.0853 0.2466
vn -0.1051 0.7331 -0.6719
vn 0.3659 -0.4165 -0.8323
vn -0.2012 0.0741 -0.9767
vn -0.0413 0.6968 -0.7161
vn 0.3340 0.5831 -0.7406
vn -0.0695 -0.0417 -0.9967
vn -0.0565 0.0375 -0.9977
vn 0.7835 0.1323 0.6072
vn 0.7917 0.1330 0.5962
vn 0.7877 0.1492 0.5976
vn 0.7165 0.0052 0.6976
vn 0.7035 0.0132 0.7106
vn 0.7067 -0.0077 0.7075
vn 0.7865 0.3906 0.4784
vn 0.2377 0.0415 0.9705
vn 0.1702 -0.7647 0.6215
vn 0.4560 -0.0224 -0.8897
vn 0.4403 -0.0209 -0.8976
vn 0.4542 -0.0069 -0.8909
vn 0.5829 -0.1239 -0.8030
vn 0.5775 -0.1052 -0.8096
vn 0.5928 -0.1038 -0.7986
vn 0.7016 -0.0675 -0.7093
vn -0.5174 -0.5410 -0.6631
vn -0.0234 0.6006 -0.7992
vn 0.4030 0.0019 -0.9152
vn 0.4613 0.0099 -0.8872
vn 0.4553 -0.0133 -0.8903
vn 0.4397 0.1191 -0.8902
vn 0.2406 0.0990 -0.9655
vn 0.2443 0.1617 -0.9561
vn 0.8609 -0.0230 0.5082
vn 0.8443 -0.0206 0.5354
vn 0.8543 -0.0502 0.5173
vn 0.1722 0.1734 -0.9697
vn 0.1912 0.1750 -0.9658
vn 0.1783 0.1585 -0.9711
vn 0.2630 -0.1424 -0.9542
vn 0.2732 -0.1567 -0.9491
vn 0.2428 -0.1666 -0.9557
vn 0.8820 0.2260 0.4135
vn 0.8555 0.2917 0.4278
vn 0.8620 0.2278 0.4528
vn 0.9379 -0.0085 0.3468
vn 0.9460 0.0002 0.3241
vn 0.9357 0.0039 0.3527
vn 0.8852 0.0691 0.4601
vn 0.8972 0.0619 0.4373
vn 0.8986 0.0811 0.4312
vn 0.9642 0.0064 -0.2652
vn 0.9561 0.0117 -0.2929
vn 0.9634 0.0389 -0.2651
vn 0.9118 0.3282 0.2470
vn 0.9005 0.3416 0.2690
vn 0.9018 0.3312 0.2776
vn 0.5773 -0.0675 0.8138
vn 0.5652 -0.0539 0.8232
vn 0.5595 -0.0746 0.8255
vn 0.5251 -0.0348 -0.8504
vn 0.5602 0.0342 -0.8276
vn 0.6098 -0.0469 -0.7912
vn 0.9976 0.0320 0.0607
vn 0.9948 -0.0203 0.0998
vn 0.9975 -0.0239 0.0658
vn 0.7908 0.0701 0.6080
vn 0.8022 0.0600 0.5941
vn 0.8025 0.0793 0.5914
vn 0.7560 -0.1017 0.6466
vn 0.7620 -0.1273 0.6349
vn 0.7749 -0.1103 0.6224
vn 0.5885 -0.1174 -0.7999
vn -0.2433 0.2530 -0.9364
vn -0.0587 0.8229 -0.5652
vn 0.9729 0.0553 -0.2247
vn 0.9692 0.0082 -0.2463
vn 0.9590 0.0526 -0.2784
vn 0.9631 0.2597 0.0704
vn 0.9576 0.2667 0.1087
vn 0.9652 0.2291 0.1260
vn 0.9722 0.2239 0.0689
vn 0.9809 0.0155 0.1941
vn 0.9750 0.0348 0.2196
vn 0.9740 0.0066 0.2263
vn 0.9690 0.0192 0.2461
vn 0.9656 0.0076 0.2599
vn 0.9768 -0.0052 0.2141
vn 0.9773 0.0044 0.2119
vn 0.9657 -0.0042 0.2596
vn 0.9671 -0.0298 0.2526
vn 0.6069 0.0209 -0.7945
vn 0.6328 0.0178 -0.7741
vn 0.6170 -0.0055 -0.7869
vn 0.7417 0.1902 0.6432
vn 0.7470 0.1437 0.6491
vn 0.7565 0.1749 0.6301
vn 0.9349 0.1814 0.3049
vn 0.9225 0.1698 0.3466
vn 0.9459 0.1431 0.2911
vn 0.4498 0.0146 0.8930
vn 0.4410 0.0090 0.8975
vn 0.4520 -0.0035 0.8920
vn 0.4936 0.0800 -0.8660
vn 0.4847 0.0711 -0.8718
vn 0.4796 0.0868 -0.8732
vn 0.6527 -0.0634 -0.7549
vn 0.6631 -0.0490 -0.7469
vn 0.6817 -0.0959 -0.7253
vn 0.5450 -0.1366 -0.8272
vn 0.5396 -0.0834 -0.8378
vn 0.6348 -0.0237 -0.7723
vn 0.5708 0.1802 0.8011
vn 0.5890 0.1688 0.7903
vn 0.5878 0.1842 0.7878
vn 0.8252 0.1148 0.5531
vn 0.8360 0.0943 0.5406
vn 0.8345 0.1210 0.5375
vn 0.8544 -0.0198 0.5193
vn 0.8598 -0.0088 0.5105
vn 0.8615 0.0093 0.5077
vn 0.8475 0.0064 0.5308
vn 0.8543 -0.0644 0.5158
vn 0.8500 -0.0934 0.5185
vn 0.8637 -0.0864 0.4966
vn 0.9859 -0.1479 0.0786
vn 0.9873 -0.1249 0.0978
vn 0.9855 -0.1347 0.1036
vn 0.9281 0.0643 0.3668
vn 0.9223 0.0496 0.3832
vn 0.9253 0.0352 0.3775
vn 0.9474 0.0222 0.3193
vn 0.9521 0.0275 0.3046
vn 0.9482 0.0522 0.3133
vn 0.7840 0.3452 -0.5160
vn 0.7889 0.3312 -0.5177
vn 0.7694 0.3449 -0.5377
vn 0.8692 0.1709 -0.4641
vn 0.8834 0.1940 -0.4266
vn 0.8906 0.1643 -0.4242
vn 0.8325 0.0619 0.5505
vn 0.8318 -0.0190 0.5548
vn 0.8525 0.0327 0.5216
vn 0.7797 0.1141 0.6157
vn 0.7936 0.1396 0.5922
vn 0.7754 0.1611 0.6106
vn 0.6996 0.2517 0.6687
vn 0.5383 -0.0353 0.8420
vn 0.8260 -0.1213 0.5505
vn 0.5592 -0.2328 0.7957
vn 0.6456 0.1263 0.7532
vn 0.4185 0.0278 0.9078
vn 0.4984 0.1617 -0.8517
vn 0.5017 0.1472 -0.8524
vn 0.4863 0.1523 -0.8604
vn 0.1699 0.0123 -0.9854
vn 0.1800 -0.0200 -0.9835
vn 0.1594 -0.0139 -0.9871
vn -0.0135 -0.0106 -0.9999
vn -0.0186 -0.0465 -0.9987
vn -0.0358 -0.0484 -0.9982
vn 0.7313 0.0693 -0.6786
vn 0.7322 0.0740 -0.6771
vn 0.7360 0.0686 -0.6735
vn 0.9617 0.0957 0.2567
vn 0.9559 0.1107 0.2720
vn 0.9599 0.0866 0.2666
vn 0.6552 0.4050 0.6377
vn 0.6591 0.3908 0.6426
vn 0.6637 0.4036 0.6298
vn 0.9290 -0.0391 0.3680
vn 0.9223 -0.0152 0.3862
vn 0.9202 -0.0382 0.3897
vn 0.8612 0.4544 0.2276
vn 0.8842 0.3764 0.2767
vn 0.8818 0.4168 0.2210
vn 0.9151 0.3615 -0.1784
vn 0.9373 0.2931 -0.1887
vn 0.9000 0.3835 -0.2070
vn 0.7937 0.1543 0.5884
vn 0.7846 0.1517 0.6012
vn 0.7949 0.1414 0.5901
vn 0.8083 0.0477 0.5868
vn 0.8018 0.2139 0.5581
vn 0.7736 0.1510 0.6154
vn 0.7560 0.0963 0.6475
vn 0.7396 0.0896 0.6670
vn 0.7566 0.0813 0.6488
vn 0.8832 -0.0039 -0.4689
vn 0.8869 -0.0284 -0.4612
vn 0.8667 -0.0454 -0.4968
vn 0.9008 0.0437 0.4321
vn 0.9132 0.0410 0.4054
vn 0.9114 0.0618 0.4069
vn 0.6800 -0.0173 -0.7330
vn 0.6804 0.0001 -0.7328
vn 0.7155 -0.0069 -0.6986
vn 0.2174 -0.0040 -0.9761
vn 0.2163 0.1432 -0.9658
vn 0.3943 -0.0698 -0.9163
vn 0.5179 -0.0897 -0.8507
vn 0.5139 -0.0673 -0.8552
vn 0.5501 -0.0590 -0.8330
vn 0.9527 0.0009 0.3041
vn 0.9509 0.0340 0.3077
vn 0.9464 0.0243 0.3221
vn 0.8504 -0.0755 0.5207
vn 0.8380 -0.0564 0.5428
vn 0.8354 -0.0811 0.5437
vn 0.7698 0.0474 0.6365
vn 0.7779 0.0711 0.6244
vn 0.7587 0.0785 0.6467
vn 0.8725 0.1343 0.4698
vn 0.8793 0.1441 0.4539
vn 0.8679 0.1568 0.4713
vn 0.9332 0.1456 0.3284
vn 0.9409 0.1219 0.3160
vn 0.9377 0.1491 0.3140
vn 0.4815 0.0586 0.8745
vn 0.4959 0.0604 0.8663
vn 0.4859 0.0758 0.8707
vn 0.4900 -0.0937 0.8667
vn 0.4990 -0.0857 0.8623
vn 0.4860 -0.0752 0.8707
vn 0.5485 0.1485 -0.8228
vn 0.5588 0.1370 -0.8179
vn 0.5488 0.1336 -0.8252
vn 0.9406 0.0044 0.3396
vn 0.9334 0.0181 0.3584
vn 0.9354 -0.0063 0.3535
vn 0.7308 0.3675 0.5752
vn 0.7221 0.3728 0.5828
vn 0.7287 0.3554 0.5855
vn 0.9231 -0.0499 0.3813
vn 0.9296 -0.0809 0.3596
vn 0.9320 -0.0318 0.3611
vn 0.4537 -0.0914 -0.8864
vn 0.4772 -0.1083 -0.8721
vn 0.4603 -0.1146 -0.8803
vn 0.9613 -0.1397 0.2373
vn 0.9893 -0.0814 0.1214
vn 0.9855 -0.0617 0.1579
vn 0.5637 -0.0873 -0.8213
vn 0.5740 -0.2277 -0.7866
vn 0.5283 -0.1208 -0.8404
vn 0.9188 0.1820 0.3502
vn 0.9118 0.1943 0.3617
vn 0.9101 0.1792 0.3737
vn 0.9106 0.1752 0.3742
vn 0.9154 0.1584 0.3702
vn 0.9170 0.1856 0.3531
vn 0.9784 -0.0792 0.1909
vn 0.9831 -0.0932 0.1575
vn 0.9842 -0.0565 0.1677
vn 0.9237 0.1083 0.3676
vn 0.9135 0.1088 0.3921
vn 0.9215 0.0963 0.3764
vn 0.9126 0.0992 0.3967
vn 0.9106 0.0774 0.4059
vn 0.9200 0.0896 0.3815
vn 0.0303 -0.0661 -0.9974
vn 0.2246 0.1755 -0.9585
vn 0.2974 -0.0429 -0.9538
vn 0.4896 0.0086 -0.8719
vn 0.4862 -0.0076 -0.8738
vn 0.4569 0.0242 -0.8892
vn 0.2026 0.0222 -0.9790
vn 0.3113 0.1072 -0.9442
vn 0.4113 -0.0794 -0.9080
vn 0.9397 0.0028 0.3419
vn 0.9475 0.0059 0.3197
vn 0.9423 0.0251 0.3337
vn 0.9990 -0.0196 0.0399
vn 0.9981 -0.0037 0.0619
vn 0.9958 -0.0537 0.0736
vn 0.9666 0.0065 0.2562
vn 0.9754 -0.0114 0.2203
vn 0.9768 0.0112 0.2140
vn 0.9872 0.0168 0.1585
vn 0.9873 -0.0111 0.1586
vn 0.9898 0.0041 0.1423
vn 0.9464 0.0404 0.3204
vn 0.9382 0.0104 0.3460
vn 0.9438 -0.0033 0.3306
vn 0.9425 0.1366 0.3051
vn 0.9487 0.0838 0.3049
vn 0.9539 0.1363 0.2673
vn 0.6979 0.0689 0.7129
vn 0.7143 0.0584 0.6974
vn 0.7128 0.0933 0.6951
vn -0.2533 0.0634 -0.9653
vn -0.1027 0.1892 -0.9766
vn -0.0683 0.7617 -0.6444
vn 0.6182 -0.0001 -0.7861
vn -0.3058 -0.1738 -0.9361
vn -0.2310 0.4534 -0.8609
vn 0.2628 -0.4861 -0.8335
vn 0.2376 0.0190 0.9712
vn 0.2003 -0.0960 0.9750
vn 0.1528 -0.7955 0.5864
vn 0.8335 -0.3513 0.4264
vn 0.2049 0.1525 0.9668
vn -0.0196 0.0013 0.9998
vn 0.1313 -0.7508 0.6474
vn 0.6738 -0.5958 0.4370
vn 0.2693 -0.2821 -0.9208
vn 0.1645 0.5809 -0.7972
vn 0.1904 0.5881 -0.7860
vn 0.2861 -0.3024 -0.9092
vn -0.1861 -0.0219 -0.9823
vn -0.1893 0.0075 -0.9819
vn -0.1445 0.5986 -0.7879
vn 0.4793 0.0444 -0.8765
vn 0.2498 0.0561 0.9667
vn 0.2477 0.0327 0.9683
vn 0.1798 -0.7031 0.6880
vn 0.7523 -0.3937 0.5282
vn 0.2282 0.0286 0.9732
vn 0.2273 0.0104 0.9738
vn 0.1774 -0.5458 0.8189
vn 0.7069 -0.1709 0.6863
vn -0.0503 0.1510 -0.9873
vn -0.0367 0.1691 -0.9849
vn -0.0284 0.7853 -0.6185
vn 0.6516 0.0279 -0.7581
vn -0.1967 0.0827 -0.9770
vn -0.1468 0.6871 -0.7116
vn 0.1706 -0.5415 -0.8232
vn -0.9535 0.0470 0.2978
vn -0.9619 0.0530 0.2681
vn -0.9538 0.0054 0.3004
vn -0.7555 -0.4301 0.4942
vn -0.2489 -0.0266 0.9682
vn -0.2217 0.6214 0.7515
vn -0.7568 0.0728 -0.6496
vn -0.7706 0.0515 -0.6353
vn -0.7709 0.1068 -0.6279
vn -0.8922 0.0019 0.4516
vn -0.8612 -0.0087 0.5082
vn -0.8690 0.0164 0.4946
vn -0.4828 0.1613 -0.8607
vn -0.5009 0.1512 -0.8522
vn -0.5019 0.1774 -0.8465
vn -0.7478 0.3463 0.5664
vn -0.7535 0.3338 0.5663
vn -0.7428 0.3360 0.5791
vn -0.8440 -0.1575 0.5127
vn -0.8367 -0.1382 0.5299
vn -0.8499 -0.1310 0.5103
vn -0.9049 0.2483 -0.3458
vn -0.9193 0.2453 -0.3078
vn -0.9082 0.2738 -0.3166
vn -0.8092 -0.0604 0.5844
vn -0.7961 -0.0598 0.6022
vn -0.8024 -0.0487 0.5948
vn -0.9712 0.1415 0.1918
vn -0.9722 0.1557 0.1750
vn -0.9751 0.1308 0.1792
vn -0.7644 0.1474 0.6276
vn -0.9390 0.0829 0.3338
vn -0.7827 0.0028 0.6223
vn -0.6482 -0.0079 -0.7615
vn -0.6550 -0.0208 -0.7554
vn -0.6610 -0.0048 -0.7503
vn -0.9920 -0.0817 0.0966
vn -0.9871 -0.1053 0.1208
vn -0.9888 -0.0726 0.1304
vn -0.5948 0.0701 0.8008
vn -0.5937 0.0932 0.7993
vn -0.6073 0.0885 0.7895
vn -0.7054 0.0583 0.7064
vn -0.7107 0.0751 0.6995
vn -0.7169 0.0266 0.6967
vn -0.9863 -0.0981 0.1328
vn -0.9916 -0.0668 0.1110
vn -0.9888 -0.1033 0.1073
vn -0.5985 0.1133 0.7931
vn -0.6044 0.0850 0.7921
vn -0.5783 0.0926 0.8105
vn -0.9402 0.0096 0.3405
vn -0.9336 0.0186 0.3578
vn -0.9377 0.0304 0.3462
vn -0.6339 -0.0211 -0.7731
vn -0.6195 -0.0150 -0.7848
vn -0.6208 -0.0308 -0.7834
vn -0.7927 0.0221 0.6092
vn -0.7624 0.0511 0.6451
vn -0.7921 0.0432 0.6089
vn -0.9952 -0.0110 -0.0973
vn -0.9913 -0.0559 -0.1189
vn -0.9964 -0.0269 -0.0798
vn -0.8761 -0.0135 -0.4819
vn -0.8544 -0.0199 -0.5192
vn -0.8586 -0.0456 -0.5106
vn -0.8590 -0.1265 0.4962
vn -0.8750 -0.1466 0.4614
vn -0.8638 -0.1510 0.4806
vn -0.5611 0.0979 -0.8219
vn -0.5701 0.0923 -0.8164
vn -0.5774 0.0990 -0.8104
vn 0.1071 0.5955 -0.7962
vn 0.2430 -0.2871 -0.9266
vn 0.1870 -0.7933 -0.5794
vn -0.8063 0.1461 0.5732
vn -0.8997 -0.1432 0.4123
vn -0.7570 0.0026 0.6534
vn -0.9889 0.0074 0.1487
vn -0.9835 0.0047 0.1807
vn -0.9861 0.0508 0.1582
vn -0.9811 0.0111 0.1931
vn -0.9686 0.0340 0.2463
vn -0.9855 0.0512 0.1618
vn -0.8223 0.0611 -0.5657
vn -0.8109 0.1293 -0.5708
vn -0.8096 0.0594 -0.5840
vn -0.8797 0.0197 0.4751
vn -0.8898 -0.0021 0.4563
vn -0.8753 0.0041 0.4836
vn -0.6066 0.1029 0.7883
vn -0.6151 0.1166 0.7797
vn -0.6220 0.1012 0.7765
vn -0.5616 0.1451 -0.8146
vn -0.5496 0.1418 -0.8233
vn -0.5566 0.1272 -0.8210
vn -0.9117 -0.0442 0.4085
vn -0.9235 -0.0541 0.3798
vn -0.9155 -0.0659 0.3968
vn -0.6948 0.1052 0.7115
vn -0.6965 0.1276 0.7061
vn -0.7085 0.1138 0.6965
vn -0.7224 0.0945 0.6850
vn -0.7157 0.1065 0.6902
vn -0.7260 0.1153 0.6780
vn -0.8438 -0.2099 0.4939
vn -0.8298 -0.2344 0.5065
vn -0.8208 -0.2089 0.5317
vn -0.5553 0.1935 -0.8088
vn -0.5661 0.1696 -0.8067
vn -0.5725 0.1784 -0.8003
vn -0.2328 0.0797 -0.9693
vn -0.2142 0.0763 -0.9738
vn -0.1988 0.0348 -0.9794
vn -0.3268 0.0803 -0.9417
vn -0.2514 0.0812 -0.9645
vn -0.2992 -0.1294 -0.9454
vn -0.9803 -0.1087 0.1651
vn -0.9819 -0.0704 0.1760
vn -0.9908 -0.0832 0.1066
vn -0.9592 -0.1362 0.2476
vn 0.5517 -0.3084 0.7749
vn -0.2257 0.6226 0.7493
vn -0.9705 0.0933 0.2222
vn -0.9747 0.0853 0.2068
vn -0.9728 0.0724 0.2201
vn -0.9849 0.1469 -0.0919
vn -0.9851 0.1596 -0.0646
vn -0.9778 0.1986 -0.0671
vn -0.6758 0.0551 0.7350
vn -0.6763 0.0846 0.7318
vn -0.6897 0.0756 0.7202
vn -0.5064 0.0052 -0.8623
vn -0.5002 0.0091 -0.8659
vn -0.4956 0.0007 -0.8686
vn -0.8335 0.1838 -0.5211
vn -0.8245 0.1592 -0.5430
vn -0.8397 0.1555 -0.5204
vn -0.8861 -0.0648 -0.4590
vn -0.8642 -0.0694 -0.4984
vn -0.8848 -0.0866 -0.4578
vn -0.9216 0.2077 -0.3280
vn -0.9259 0.1591 -0.3425
vn -0.9358 0.1667 -0.3106
vn -0.7684 -0.1231 0.6280
vn -0.4058 -0.1954 0.8928
vn -0.5210 0.2187 0.8251
vn -0.8219 -0.1904 0.5369
vn -0.5859 -0.1591 0.7946
vn -0.8182 0.1664 0.5503
vn -0.6748 0.0552 0.7359
vn -0.6794 0.0359 0.7329
vn -0.6652 0.0353 0.7458
vn -0.8979 0.0514 0.4371
vn -0.9022 0.0663 0.4263
vn -0.9060 0.0440 0.4210
vn -0.4889 0.0545 -0.8706
vn -0.4798 0.0505 -0.8759
vn -0.4903 0.0401 -0.8706
vn -0.2048 0.5877 0.7827
vn -0.8150 0.0869 0.5730
vn -0.2432 0.0204 0.9698
vn -0.2845 -0.1801 -0.9416
vn -0.2766 -0.1322 -0.9518
vn -0.2264 -0.2066 -0.9519
vn -0.2838 -0.1931 -0.9392
vn -0.8711 -0.1300 0.4736
vn -0.8773 -0.1040 0.4685
vn -0.8822 -0.1148 0.4567
vn -0.7665 0.2361 0.5972
vn -0.7478 0.1952 0.6346
vn -0.7265 0.2471 0.6412
vn -0.6942 0.1465 0.7047
vn -0.6833 0.1352 0.7175
vn -0.6766 0.1544 0.7200
vn -0.9080 0.0332 0.4176
vn -0.9190 0.0441 0.3918
vn -0.9173 0.0273 0.3972
vn -0.4711 0.1780 -0.8639
vn -0.4759 0.1607 -0.8647
vn -0.4882 0.1717 -0.8557
vn -0.6917 0.0677 0.7190
vn -0.8356 0.1029 0.5396
vn -0.7085 -0.2520 0.6592
vn 0.1951 0.3520 -0.9154
vn 0.2238 0.3572 -0.9068
vn 0.2197 0.3261 -0.9194
vn -0.7592 0.0348 0.6499
vn -0.7429 0.0231 0.6690
vn -0.7447 0.0404 0.6662
vn -0.7316 -0.0466 0.6802
vn -0.7386 -0.0662 0.6709
vn -0.7251 -0.0616 0.6859
vn -0.8477 0.0367 0.5292
vn -0.8466 0.0184 0.5319
vn -0.8385 0.0352 0.5438
vn -0.7763 0.0401 0.6291
vn -0.7618 0.0755 0.6434
vn -0.7828 0.0558 0.6197
vn -0.7432 -0.0042 0.6691
vn -0.7655 0.0146 0.6433
vn -0.7676 -0.0116 0.6408
vn -0.7549 -0.1053 0.6473
vn -0.7698 -0.0992 0.6306
vn -0.7653 -0.1288 0.6306
vn -0.8391 0.0021 0.5439
vn -0.8175 -0.0095 0.5759
vn -0.8240 0.0216 0.5661
vn -0.9989 0.0400 -0.0231
vn -0.9997 0.0243 0.0089
vn -0.9992 0.0388 0.0088
vn -0.4035 -0.2196 -0.8882
vn -0.3790 -0.2269 -0.8972
vn -0.4044 -0.2348 -0.8839
vn -0.5551 0.1128 -0.8241
vn -0.5679 0.1068 -0.8161
vn -0.5630 0.1233 -0.8172
vn -0.9287 -0.0254 -0.3699
vn -0.9394 0.0037 -0.3429
vn -0.9238 0.0151 -0.3827
vn -0.4623 0.1360 0.8762
vn -0.4478 0.1213 0.8859
vn -0.4424 0.1375 0.8862
vn -0.9939 -0.0363 0.1038
vn -0.9946 -0.0576 0.0863
vn -0.9890 -0.0768 0.1263
vn -0.7229 0.0435 0.6895
vn -0.7026 -0.1543 0.6947
vn -0.6996 0.0240 0.7141
vn -0.8862 0.0375 0.4618
vn -0.8678 0.0266 0.4962
vn -0.8664 0.0484 0.4971
vn -0.7268 0.0613 0.6841
vn -0.7136 0.0515 0.6987
vn -0.7162 0.0836 0.6929
vn -0.4213 -0.1759 0.8897
vn -0.5538 0.1696 0.8152
vn -0.7597 -0.0171 0.6501
vn -0.5004 0.1076 -0.8591
vn -0.4960 0.0919 -0.8635
vn -0.5357 0.0928 -0.8393
vn -0.8124 0.2771 0.5131
vn -0.8155 0.2773 0.5080
vn -0.8221 0.2612 0.5059
vn -0.8127 0.2619 0.5205
vn -0.7463 0.0947 0.6589
vn -0.7994 0.1563 0.5801
vn -0.7518 0.0157 0.6592
vn -0.4442 0.1217 -0.8877
vn -0.4542 0.1135 -0.8837
vn -0.4593 0.1228 -0.8798
vn -0.8239 -0.0130 0.5666
vn -0.8280 -0.0396 0.5593
vn -0.8139 -0.0220 0.5806
vn -0.9752 -0.1493 0.1632
vn -0.9874 -0.0776 0.1379
vn -0.9884 -0.1147 0.0995
vn -0.7129 0.0103 0.7012
vn -0.7324 0.0299 0.6802
vn -0.7312 0.0072 0.6822
vn -0.5867 -0.1049 -0.8030
vn -0.5705 -0.0944 -0.8159
vn -0.5736 -0.1200 -0.8103
vn -0.9278 0.3001 -0.2218
vn -0.9285 0.2786 -0.2455
vn -0.9436 0.2680 -0.1942
vn -0.8854 0.3344 -0.3228
vn -0.9031 0.3027 -0.3046
vn -0.8969 0.3317 -0.2924
vn -0.8846 0.2942 -0.3618
vn -0.8895 0.2613 -0.3749
vn -0.9028 0.2604 -0.3422
vn -0.5292 0.2148 -0.8208
vn -0.5440 0.2227 -0.8090
vn -0.5282 0.2391 -0.8148
vn -0.9789 -0.0668 0.1931
vn -0.9589 -0.0253 0.2827
vn -0.9874 -0.0129 0.1577
vn -0.9991 0.0036 0.0415
vn -0.9980 -0.0445 0.0459
vn -0.9963 -0.0075 0.0861
vn -0.4847 -0.0927 -0.8698
vn -0.4994 -0.0991 -0.8607
vn -0.4971 -0.0704 -0.8648
vn -0.6691 0.0849 0.7383
vn -0.6733 0.0546 0.7374
vn -0.6486 0.0723 0.7577
vn -0.4323 0.0894 0.8973
vn -0.4437 0.0861 0.8920
vn -0.4342 0.0793 0.8973
vn -0.6527 0.0450 0.7563
vn -0.6205 0.0216 0.7839
vn -0.6263 0.0628 0.7770
vn -0.9179 0.0147 0.3965
vn -0.9256 0.0388 0.3764
vn -0.9282 0.0155 0.3716
vn -0.6335 0.0583 0.7715
vn -0.6281 0.0398 0.7771
vn -0.6232 0.0509 0.7804
vn -0.6879 0.0562 0.7236
vn -0.6721 0.0354 0.7396
vn -0.6785 0.0626 0.7320
vn -0.8289 -0.0073 0.5593
vn -0.8159 0.0165 0.5780
vn -0.8297 0.0227 0.5577
vn -0.5614 -0.6467 -0.5163
vn -0.4831 -0.7158 -0.5042
vn -0.5713 -0.6630 -0.4838
vn -0.7380 -0.0112 0.6747
vn -0.7531 -0.0561 0.6555
vn -0.7326 -0.0651 0.6775
vn -0.9771 -0.0701 0.2010
vn -0.9751 -0.0796 0.2070
vn -0.9674 -0.0701 0.2434
vn -0.9647 -0.0253 0.2621
vn -0.9741 0.0226 0.2249
vn -0.9743 -0.0055 0.2253
vn -0.7429 0.0170 -0.6692
vn -0.7291 0.0191 -0.6841
vn -0.7331 -0.0052 -0.6801
vn -0.4886 0.0250 0.8722
vn -0.4856 -0.0005 0.8742
vn -0.4710 0.0139 0.8820
vn -0.9943 -0.0370 0.1001
vn -0.9891 -0.0848 0.1205
vn -0.9902 -0.0419 0.1332
vn -0.6960 0.0723 0.7144
vn -0.7114 0.0760 0.6986
vn -0.7022 0.0576 0.7097
vn -0.4993 -0.4717 -0.7268
vn -0.5857 -0.4731 -0.6581
vn -0.5861 -0.4635 -0.6646
vn -0.6673 -0.6062 0.4326
vn -0.1462 0.0718 0.9866
vn -0.1465 0.8164 0.5586
vn -0.9147 -0.0116 0.4039
vn -0.9079 -0.0061 0.4191
vn -0.9172 0.0012 0.3984
vn -0.8638 -0.0582 0.5004
vn -0.8751 -0.0565 0.4806
vn -0.8757 -0.0737 0.4773
vn -0.6172 0.0762 0.7831
vn -0.6194 0.0805 0.7809
vn -0.6306 0.0702 0.7729
vn -0.6215 0.0642 0.7808
vn -0.6887 0.1115 0.7164
vn -0.6894 0.1298 0.7127
vn -0.7077 0.1158 0.6969
vn -0.7571 0.0088 0.6532
vn -0.7029 -0.0096 0.7112
vn -0.7672 0.0797 0.6364
vn -0.2265 0.1647 -0.9600
vn -0.3659 -0.0833 -0.9269
vn -0.4404 0.2077 -0.8735
vn -0.7738 -0.0367 0.6324
vn -0.7967 -0.0359 0.6033
vn -0.7920 -0.0687 0.6067
vn -0.9689 -0.0390 0.2445
vn -0.9624 -0.0473 0.2674
vn -0.9654 -0.0184 0.2602
vn -0.6026 -0.1997 -0.7726
vn -0.6302 -0.2907 -0.7200
vn -0.6473 -0.2731 -0.7116
vn -0.8946 0.0019 0.4468
vn -0.8936 -0.0172 0.4485
vn -0.8835 -0.0067 0.4683
vn -0.9986 0.0084 -0.0518
vn -0.9978 0.0342 -0.0572
vn -0.9967 0.0244 -0.0775
vn -0.9839 -0.1203 0.1318
vn -0.9837 -0.0646 0.1676
vn -0.9895 -0.0474 0.1367
vn -0.6557 0.0945 0.7491
vn -0.6823 0.0725 0.7274
vn -0.6638 0.0615 0.7454
vn -0.7632 0.0185 0.6459
vn -0.7621 0.0741 0.6432
vn -0.7738 0.0349 0.6325
vn -0.7841 -0.0195 0.6204
vn -0.7618 -0.0503 0.6458
vn -0.7683 -0.0130 0.6399
vn -0.5677 0.0955 -0.8177
vn -0.5745 0.0894 -0.8136
vn -0.5741 0.1035 -0.8123
vn -0.6590 -0.0006 -0.7521
vn -0.6576 -0.0125 -0.7533
vn -0.6640 -0.0158 -0.7476
vn -0.8301 -0.0165 -0.5574
vn -0.8442 0.0270 -0.5354
vn -0.8259 0.0326 -0.5628
vn -0.7015 0.0572 0.7103
vn -0.6841 0.0504 0.7277
vn -0.6987 0.0731 0.7116
vn -0.9860 0.1412 -0.0882
vn -0.9921 0.0934 -0.0843
vn -0.9903 0.1218 -0.0663
vn -0.7507 0.0878 0.6548
vn -0.7553 0.1091 0.6462
vn -0.8055 0.0753 0.5878
vn -0.9167 -0.0505 0.3964
vn -0.8266 -0.0318 0.5619
vn -0.8485 0.0752 0.5238
vn -0.3001 -0.0287 -0.9535
vn -0.2665 0.0419 -0.9629
vn -0.2250 0.0260 -0.9740
vn -0.9386 0.0018 0.3450
vn -0.9323 -0.0215 0.3611
vn -0.9315 0.0073 0.3636
vn -0.9707 0.0606 0.2326
vn -0.9760 0.0607 0.2092
vn -0.9741 0.0326 0.2238
vn -0.9499 0.0215 0.3118
vn -0.9605 0.0757 0.2678
vn -0.9594 0.0438 0.2788
vn -0.4053 -0.0464 0.9130
vn -0.5229 0.0355 0.8517
vn -0.5677 -0.0759 0.8197
vn -0.5346 0.0286 0.8446
vn -0.5050 -0.1265 0.8538
vn -0.5111 0.0377 0.8587
vn -0.5327 0.3744 -0.7590
vn -0.5160 0.3741 -0.7706
vn -0.5193 0.3584 -0.7758
vn -0.4685 0.0427 -0.8825
vn -0.4668 -0.0028 -0.8844
vn -0.4828 0.0321 -0.8751
vn -0.4681 0.0501 0.8823
vn -0.4698 0.0316 0.8822
vn -0.4599 0.0450 0.8868
vn -0.4847 0.0542 -0.8730
vn -0.5041 0.0161 -0.8635
vn -0.4972 0.0597 -0.8656
vn -0.3201 0.2538 -0.9128
vn -0.3183 0.2303 -0.9196
vn -0.3436 0.2271 -0.9113
vn -0.8396 0.3019 0.4516
vn -0.8495 0.2979 0.4354
vn -0.8467 0.2832 0.4504
vn -0.9420 0.2968 0.1566
vn -0.9459 0.2843 0.1565
vn -0.9387 0.2947 0.1786
vn -0.5194 -0.2534 0.8161
vn -0.4269 0.1177 0.8966
vn -0.6057 0.0472 0.7943
vn -0.8807 -0.0980 0.4635
vn -0.8985 -0.0990 0.4276
vn -0.8851 -0.1284 0.4473
vn -0.5235 -0.0023 -0.8520
vn -0.5284 -0.0172 -0.8488
vn -0.5330 -0.0092 -0.8461
vn -0.8826 -0.1134 0.4563
vn -0.8673 -0.0924 0.4892
vn -0.8966 -0.0692 0.4374
vn -0.6063 0.1493 -0.7811
vn -0.5986 0.1437 -0.7881
vn -0.6090 0.1346 -0.7816
vn -0.5680 0.0916 -0.8179
vn -0.5668 0.0749 -0.8205
vn -0.5784 0.0804 -0.8118
vn -0.8124 0.3705 0.4502
vn -0.8180 0.3511 0.4556
vn -0.7941 0.3643 0.4865
vn -0.9404 -0.2118 -0.2662
vn -0.9257 -0.2847 -0.2489
vn -0.9531 -0.2013 -0.2258
vn -0.6978 0.0464 0.7148
vn -0.7198 0.0253 0.6937
vn -0.6954 0.0316 0.7179
vn -0.5317 -0.0741 0.8437
vn -0.6445 0.0655 0.7618
vn -0.7486 -0.0030 0.6630
vn -0.6531 0.0548 0.7553
vn -0.6825 -0.1040 0.7235
vn -0.6244 0.0499 0.7795
vn -0.7367 0.0606 0.6735
vn -0.8208 -0.0650 0.5676
vn -0.6984 -0.0054 0.7157
vn -0.7346 -0.0233 0.6781
vn -0.7134 0.0636 0.6979
vn -0.7261 0.0646 0.6846
vn -0.7037 0.0171 -0.7103
vn -0.6744 -0.0148 -0.7382
vn -0.6992 -0.0510 -0.7131
vn -0.9977 -0.0585 0.0340
vn -0.9955 -0.0908 0.0285
vn -0.9955 -0.0778 0.0535
vn -0.5369 0.0341 0.8430
vn -0.5085 0.0276 0.8606
vn -0.5218 0.0536 0.8514
vn -0.6272 0.0459 0.7775
vn -0.6293 0.0109 0.7771
vn -0.6100 0.0316 0.7917
vn -0.9537 -0.0427 -0.2977
vn -0.9645 -0.0145 -0.2637
vn -0.9541 0.0882 -0.2864
vn -0.5832 -0.1218 -0.8031
vn -0.6095 -0.1313 -0.7818
vn -0.5993 -0.1076 -0.7933
vn -0.9938 -0.0506 0.0992
vn -0.9908 -0.0822 0.1078
vn -0.9898 -0.0658 0.1261
vn -0.5504 0.0634 0.8325
vn -0.5485 0.0499 0.8347
vn -0.5386 0.0557 0.8407
vn -0.4622 0.0482 0.8855
vn -0.4758 0.0396 0.8787
vn -0.4613 0.0296 0.8868
vn -0.8507 -0.0594 0.5224
vn -0.8571 -0.0930 0.5067
vn -0.8409 -0.0683 0.5369
vn -0.7872 0.0035 0.6167
vn -0.8190 0.0351 0.5727
vn -0.8280 -0.0074 0.5607
vn -0.9897 -0.0988 0.1032
vn -0.9908 -0.0733 0.1140
vn -0.9942 -0.0645 0.0865
vn -0.9937 0.0619 0.0932
vn -0.9973 0.0692 0.0232
vn -0.9989 0.0389 0.0274
vn -0.9448 0.0530 0.3233
vn -0.9494 0.0710 0.3059
vn -0.9565 0.0326 0.2899
vn -0.7472 0.3007 -0.5927
vn -0.7643 0.2212 -0.6058
vn -0.7751 0.2375 -0.5855
vn -0.8952 -0.0112 0.4456
vn -0.8930 0.0108 0.4499
vn -0.9016 0.0076 0.4326
vn -0.9528 0.0795 0.2930
vn -0.9506 0.1272 0.2833
vn -0.9600 0.0989 0.2619
vn -0.7457 -0.1699 0.6442
vn -0.7515 -0.1450 0.6436
vn -0.7679 -0.1646 0.6191
vn -0.7707 0.0903 0.6308
vn -0.7629 0.1214 0.6351
vn -0.7869 0.1092 0.6074
vn -0.9731 -0.0347 0.2277
vn -0.9748 0.0087 0.2231
vn -0.9777 -0.0322 0.2075
vn -0.7376 0.0645 0.6722
vn -0.7254 0.0826 0.6834
vn -0.7403 0.0856 0.6668
vn -0.9263 0.0659 0.3709
vn -0.9233 0.0633 0.3787
vn -0.9186 0.0716 0.3887
vn -0.9234 0.0830 0.3748
vn -0.9999 -0.0074 -0.0106
vn -0.9999 -0.0093 0.0074
vn -1.0000 0.0052 0.0036
vn -0.3076 -0.2565 -0.9163
vn -0.3316 -0.2533 -0.9088
vn -0.3088 -0.2411 -0.9201
vn -0.7641 0.1086 0.6359
vn -0.8013 0.0486 0.5962
vn -0.7547 0.0901 0.6498
vn -0.4630 0.0184 -0.8862
vn -0.4542 0.0066 -0.8909
vn -0.4719 0.0095 -0.8816
vn -0.1685 0.5148 0.8406
vn -0.6450 -0.2855 0.7088
vn -0.1686 -0.0697 0.9832
vn -0.3715 0.0276 -0.9280
vn -0.3682 0.0394 -0.9289
vn -0.3581 0.0203 -0.9335
vn -0.4198 -0.0523 -0.9061
vn -0.4694 -0.0216 -0.8827
vn -0.4562 0.0220 -0.8896
vn -0.9843 0.0112 0.1760
vn -0.9869 0.0376 0.1566
vn -0.9876 0.0203 0.1554
vn -0.9802 0.0976 -0.1720
vn -0.9722 0.1059 -0.2090
vn -0.9807 0.0804 -0.1780
vn -0.6216 0.0076 -0.7833
vn -0.6126 -0.0015 -0.7904
vn -0.6255 0.0021 -0.7802
vn -0.9699 0.0977 0.2232
vn -0.9725 0.0900 0.2146
vn -0.9707 0.0758 0.2281
vn -0.6731 0.0936 0.7336
vn -0.6834 0.1045 0.7225
vn -0.6902 0.0832 0.7188
vn -0.6581 0.1013 0.7461
vn -0.6601 0.0840 0.7465
vn -0.6446 0.0910 0.7591
vn -0.6785 0.0866 0.7295
vn -0.6754 0.0539 0.7355
vn -0.6625 0.0636 0.7463
vn -0.8921 0.1439 -0.4284
vn -0.8709 0.1810 -0.4569
vn -0.8704 0.1577 -0.4664
vn -0.9078 0.2300 -0.3508
vn -0.8927 0.2320 -0.3864
vn -0.9096 0.1879 -0.3707
vn -0.6615 -0.0192 -0.7497
vn -0.6546 -0.0056 -0.7560
vn -0.6495 -0.0195 -0.7601
vn -0.2632 -0.1701 -0.9496
vn -0.3815 -0.2713 -0.8837
vn -0.4575 -0.0284 -0.8888
vn -0.2751 -0.0977 -0.9564
vn -0.7676 -0.0160 -0.6408
vn -0.7741 -0.0177 -0.6328
vn -0.7692 -0.0046 -0.6390
vn -0.6578 -0.0020 -0.7531
vn -0.6635 -0.0045 -0.7482
vn -0.6648 0.0070 -0.7470
vn -0.6577 0.0032 -0.7532
vn -0.2127 0.1620 -0.9636
vn -0.2009 0.1448 -0.9688
vn -0.2257 0.1437 -0.9635
vn -0.7602 -0.0353 0.6487
vn -0.7484 -0.0353 0.6623
vn -0.7506 -0.0109 0.6606
vn -0.8642 -0.1168 0.4895
vn -0.8620 -0.1085 0.4952
vn -0.8729 -0.0972 0.4782
vn -0.8171 0.3578 -0.4521
vn -0.8035 0.3862 -0.4530
vn -0.7746 0.3756 -0.5088
vn -0.9993 0.0221 0.0287
vn -0.9988 0.0238 0.0433
vn -0.9988 0.0338 0.0362
vn -0.7075 0.1378 0.6931
vn -0.6811 0.1585 0.7148
vn -0.7055 0.1592 0.6906
vn -0.7450 0.2166 0.6309
vn -0.7526 0.2617 0.6043
vn -0.7639 0.2248 0.6049
vn -0.9697 0.1284 -0.2078
vn -0.9635 0.1459 -0.2245
vn -0.9663 0.1071 -0.2340
vn -0.9165 0.0528 0.3966
vn -0.9099 0.0732 0.4084
vn -0.9204 0.0653 0.3855
vn -0.9589 0.0734 0.2741
vn -0.9507 0.0436 0.3070
vn -0.9381 0.0920 0.3339
vn -0.8780 0.2266 0.4216
vn -0.8892 0.2486 0.3842
vn -0.8986 0.1887 0.3962
vn -0.8768 0.2201 0.4275
vn -0.8503 -0.0025 0.5263
vn -0.8443 0.0255 0.5352
vn -0.8535 0.0318 0.5201
vn -0.5260 -0.2631 -0.8088
vn 0.3093 0.0978 -0.9459
vn 0.1184 -0.6844 -0.7194
vn -0.6177 -0.0208 -0.7862
vn -0.6293 -0.0313 -0.7765
vn -0.6211 -0.0100 -0.7836
vn -0.3559 0.2327 -0.9051
vn -0.3347 0.2344 -0.9127
vn -0.3384 0.2202 -0.9149
vn -0.9746 -0.0945 0.2031
vn -0.9718 -0.0456 0.2312
vn -0.9768 -0.0765 0.2000
vn -0.9876 -0.1024 0.1186
vn -0.9820 -0.1130 0.1512
vn -0.9860 -0.0918 0.1389
vn -0.9935 -0.0258 0.1105
vn -0.9963 -0.0295 0.0813
vn -0.9937 -0.0485 0.1011
vn -0.9986 0.0277 -0.0451
vn -0.9971 -0.0514 -0.0560
vn -0.9996 -0.0024 -0.0265
vn -0.7172 -0.3663 0.5928
vn -0.7278 -0.3782 0.5720
vn -0.7101 -0.3801 0.5927
vn -0.5878 0.2794 -0.7592
vn -0.5679 0.2715 -0.7770
vn -0.5880 0.2676 -0.7633
vn -0.0742 0.0899 -0.9932
vn -0.0931 0.0610 -0.9938
vn -0.1380 0.1173 -0.9835
vn -0.4943 -0.3520 -0.7949
vn 0.0778 0.3296 -0.9409
vn 0.1395 0.0671 -0.9879
vn 0.0030 -0.5676 -0.8233
vn -0.8357 0.2954 0.4629
vn -0.8431 0.2899 0.4529
vn -0.8370 0.2823 0.4688
vn -0.2564 -0.0332 -0.9660
vn -0.2792 -0.0137 -0.9601
vn -0.2620 0.0391 -0.9643
vn -0.7312 0.0550 0.6800
vn -0.6798 0.0374 0.7325
vn -0.6629 0.0875 0.7435
vn -0.7042 0.1052 0.7021
vn -0.7505 -0.1721 0.6381
vn -0.4658 -0.2453 0.8502
vn -0.3676 0.0417 0.9291
vn -0.6558 0.2164 0.7233
vn -0.7781 -0.0959 0.6207
vn -0.7899 -0.0670 0.6095
vn -0.7928 -0.0964 0.6019
vn -0.9929 -0.0023 0.1188
vn -0.9938 -0.0450 0.1015
vn -0.9904 -0.0530 0.1276
vn -0.9925 -0.0497 0.1119
vn -0.9976 -0.0218 0.0656
vn -0.9941 -0.0647 0.0868
vn -0.6962 0.0931 0.7118
vn -0.1577 0.0283 0.9871
vn -0.0907 0.7319 0.6753
vn -0.5533 0.0997 -0.8270
vn -0.5579 0.0851 -0.8255
vn -0.5648 0.0923 -0.8200
vn -0.6160 0.0797 -0.7837
vn -0.6111 0.0941 -0.7859
vn -0.5960 0.0823 -0.7988
vn -0.5479 0.1233 -0.8274
vn -0.5578 0.1426 -0.8177
vn -0.5425 0.1515 -0.8263
vn -0.7946 -0.1750 0.5814
vn -0.8099 -0.1558 0.5656
vn -0.8126 -0.1644 0.5591
vn -0.9854 0.0666 0.1570
vn -0.9807 0.0857 0.1755
vn -0.9850 0.0777 0.1538
vn -0.2771 0.6213 -0.7330
vn 0.2011 0.0688 -0.9772
vn 0.1061 -0.6126 -0.7832
vn -0.6365 -0.0789 -0.7672
vn 0.0680 0.0290 -0.9973
vn 0.0690 -0.0415 -0.9968
vn 0.0423 -0.6629 -0.7475
vn -0.6863 0.1011 0.7203
vn -0.6834 0.0855 0.7250
vn -0.6722 0.1070 0.7326
vn -0.2022 0.7557 0.6229
vn -0.8449 -0.3495 0.4050
vn -0.2626 0.0287 0.9645
vn -0.4576 -0.0287 -0.8887
vn -0.4558 -0.0118 -0.8900
vn -0.4436 -0.0266 -0.8959
vn -0.5774 -0.1257 -0.8067
vn -0.5868 -0.1049 -0.8029
vn -0.5714 -0.1083 -0.8135
vn 0.0255 -0.7569 -0.6530
vn -0.4824 0.3785 -0.7900
vn 0.1415 -0.1348 -0.9807
vn -0.4245 0.0388 -0.9046
vn -0.4558 -0.0208 -0.8898
vn -0.4649 0.0005 -0.8854
vn -0.4398 0.1184 -0.8903
vn -0.2572 0.1662 -0.9520
vn -0.2439 0.0921 -0.9654
vn -0.8354 -0.1111 0.5383
vn -0.8252 -0.1380 0.5478
vn -0.8169 -0.1118 0.5658
vn -0.1746 0.1728 -0.9694
vn -0.1776 0.1566 -0.9716
vn -0.1933 0.1702 -0.9663
vn -0.9918 -0.1264 0.0197
vn -0.9864 -0.1384 0.0882
vn -0.9920 -0.0941 0.0845
vn -0.2620 -0.1478 -0.9537
vn -0.2391 -0.1694 -0.9561
vn -0.2441 -0.1872 -0.9515
vn -0.8829 0.1316 0.4508
vn -0.8632 0.1257 0.4890
vn -0.8624 0.1957 0.4668
vn -0.8799 -0.0005 0.4752
vn -0.8784 0.0161 0.4776
vn -0.8903 0.0110 0.4553
vn -0.8286 0.1139 0.5481
vn -0.8397 0.1223 0.5291
vn -0.8452 0.0993 0.5251
vn -0.9039 0.0530 -0.4245
vn -0.9125 0.0467 -0.4064
vn -0.9124 0.0821 -0.4009
vn -0.8972 0.0756 -0.4351
vn -0.9186 0.2985 0.2591
vn -0.9076 0.3066 0.2869
vn -0.9050 0.3172 0.2834
vn -0.6481 0.0573 0.7594
vn -0.6354 0.0408 0.7711
vn -0.6350 0.0636 0.7699
vn -0.5477 -0.0288 -0.8361
vn -0.5888 -0.0424 -0.8072
vn -0.5564 0.0272 -0.8305
vn -0.9988 0.0231 0.0443
vn -0.9996 -0.0041 0.0280
vn -0.9961 -0.0324 0.0826
vn -0.6893 0.1184 0.7147
vn -0.6997 0.1304 0.7024
vn -0.7006 0.1065 0.7056
vn -0.7326 -0.0280 0.6800
vn -0.7526 -0.0298 0.6578
vn -0.7435 -0.0521 0.6667
vn 0.0572 -0.5412 -0.8390
vn -0.6259 0.0467 -0.7785
vn 0.2462 0.2408 -0.9388
vn -0.9702 0.0320 -0.2403
vn -0.9606 0.0424 -0.2745
vn -0.9677 -0.0042 -0.2520
vn -0.9603 0.2534 0.1168
vn -0.9690 0.2386 0.0646
vn -0.9767 0.1959 0.0881
vn -0.9695 0.2124 0.1224
vn -0.9778 0.1609 0.1340
vn -0.9754 0.1476 0.1635
vn -0.9710 0.1786 0.1590
vn -0.9741 0.0831 0.2103
vn -0.9819 0.0507 0.1825
vn -0.9721 0.0719 0.2235
vn -0.9763 0.1337 0.1704
vn -0.9723 0.1041 0.2092
vn -0.9668 0.1312 0.2195
vn -0.6063 0.0138 -0.7951
vn -0.6110 -0.0119 -0.7915
vn -0.6323 0.0075 -0.7747
vn -0.7168 0.1327 0.6846
vn -0.7332 0.1213 0.6691
vn -0.7147 0.0919 0.6934
vn -0.9506 0.1205 0.2861
vn -0.9566 0.0736 0.2821
vn -0.9441 0.0812 0.3196
vn -0.5772 0.0521 0.8149
vn -0.5808 0.0360 0.8132
vn -0.5685 0.0458 0.8214
vn -0.4934 0.0726 -0.8668
vn -0.4773 0.0781 -0.8752
vn -0.4819 0.0663 -0.8737
vn -0.6507 -0.0734 -0.7558
vn -0.6740 -0.1095 -0.7305
vn -0.6644 -0.0588 -0.7451
vn -0.5379 -0.1431 -0.8308
vn -0.6423 -0.0572 -0.7643
vn -0.5404 -0.0872 -0.8369
vn -0.5972 0.1750 0.7828
vn -0.6066 0.1840 0.7734
vn -0.6090 0.1645 0.7759
vn -0.8226 0.1158 0.5567
vn -0.8328 0.1205 0.5404
vn -0.8365 0.0972 0.5393
vn -0.8339 0.0750 0.5468
vn -0.8302 0.0809 0.5516
vn -0.8221 0.1001 0.5604
vn -0.8380 0.1004 0.5363
vn -0.8268 -0.1750 0.5346
vn -0.8291 -0.1987 0.5225
vn -0.8134 -0.2018 0.5456
vn -0.9834 -0.1553 0.0939
vn -0.9840 -0.1348 0.1167
vn -0.9857 -0.1284 0.1094
vn -0.8730 0.0564 0.4844
vn -0.8711 0.0266 0.4903
vn -0.8660 0.0372 0.4986
vn -0.9513 -0.0012 0.3084
vn -0.9510 0.0308 0.3076
vn -0.9551 0.0106 0.2962
vn -0.7949 0.3639 -0.4855
vn -0.7815 0.3316 -0.5285
vn -0.7901 0.3194 -0.5232
vn -0.8685 0.1777 -0.4627
vn -0.8915 0.1522 -0.4266
vn -0.8858 0.1827 -0.4267
vn -0.7963 -0.0025 0.6049
vn -0.8178 -0.0301 0.5747
vn -0.7885 -0.0807 0.6097
vn -0.7428 0.0770 0.6651
vn -0.7359 0.1237 0.6657
vn -0.7566 0.1040 0.6456
vn -0.7565 0.1970 0.6236
vn -0.8326 -0.1654 0.5286
vn -0.5401 -0.0634 0.8392
vn -0.6409 -0.2556 0.7238
vn -0.5654 0.1315 0.8143
vn -0.7220 0.1079 0.6834
vn -0.5002 0.1547 -0.8520
vn -0.4877 0.1431 -0.8612
vn -0.4998 0.1387 -0.8550
vn -0.1853 0.0012 -0.9827
vn -0.1576 -0.0150 -0.9874
vn -0.1759 -0.0247 -0.9841
vn 0.0130 -0.0112 -0.9999
vn 0.0310 -0.0107 -0.9995
vn 0.0213 -0.0463 -0.9987
vn -0.7274 0.0530 -0.6841
vn -0.7337 0.0622 -0.6766
vn -0.7308 0.0660 -0.6794
vn -0.9651 0.1360 0.2238
vn -0.9622 0.1299 0.2393
vn -0.9598 0.1522 0.2357
vn -0.6985 0.3745 0.6098
vn -0.7038 0.3768 0.6022
vn -0.7021 0.3643 0.6119
vn -0.8150 0.0514 0.5772
vn -0.7986 0.0483 0.5999
vn -0.8017 0.0696 0.5937
vn -0.8676 0.4433 0.2253
vn -0.8884 0.4048 0.2164
vn -0.8997 0.3547 0.2546
vn -0.9238 0.3394 -0.1774
vn -0.9048 0.3738 -0.2042
vn -0.9388 0.2809 -0.1992
vn -0.7944 0.1441 0.5900
vn -0.7967 0.1347 0.5892
vn -0.7857 0.1432 0.6018
vn -0.8001 0.0135 0.5997
vn -0.7463 0.0993 0.6582
vn -0.7814 0.1599 0.6031
vn -0.7065 0.0432 0.7063
vn -0.7054 0.0295 0.7082
vn -0.6887 0.0485 0.7235
vn -0.8807 -0.0155 -0.4734
vn -0.8618 -0.0547 -0.5044
vn -0.8833 -0.0383 -0.4672
vn -0.8490 0.0715 0.5235
vn -0.8570 0.0861 0.5081
vn -0.8623 0.0434 0.5045
vn -0.6781 -0.0254 -0.7345
vn -0.7139 -0.0251 -0.6998
vn -0.6781 -0.0093 -0.7349
vn -0.2095 0.0056 -0.9778
vn -0.3954 -0.0688 -0.9159
vn -0.2353 0.1441 -0.9612
vn -0.5102 -0.0944 -0.8549
vn -0.5498 -0.0730 -0.8321
vn -0.5074 -0.0816 -0.8578
vn -0.8834 -0.0146 0.4685
vn -0.8737 -0.0008 0.4864
vn -0.8797 0.0179 0.4753
vn -0.7809 -0.0983 0.6169
vn -0.7616 -0.1143 0.6379
vn -0.7665 -0.0894 0.6360
vn -0.8263 -0.0077 0.5632
vn -0.8240 0.0369 0.5654
vn -0.8342 0.0149 0.5512
vn -0.7755 0.1616 0.6103
vn -0.7751 0.1866 0.6037
vn -0.7854 0.1680 0.5958
vn -0.8934 0.1538 0.4220
vn -0.9001 0.1753 0.3989
vn -0.9010 0.1504 0.4069
vn -0.5311 0.0920 0.8423
vn -0.5283 0.1144 0.8413
vn -0.5394 0.1034 0.8357
vn -0.5982 -0.0016 0.8014
vn -0.5897 0.0141 0.8075
vn -0.6048 0.0062 0.7963
vn -0.5493 0.1418 -0.8235
vn -0.5474 0.1277 -0.8271
vn -0.5601 0.1357 -0.8172
vn -0.8951 -0.0023 0.4459
vn -0.8882 -0.0201 0.4591
vn -0.8852 0.0016 0.4652
vn -0.7339 0.3612 0.5753
vn -0.7322 0.3479 0.5855
vn -0.7255 0.3631 0.5847
vn -0.8377 -0.0681 0.5418
vn -0.8482 -0.0535 0.5269
vn -0.8436 -0.1055 0.5266
vn -0.4518 -0.0964 -0.8869
vn -0.4637 -0.1243 -0.8772
vn -0.4743 -0.1150 -0.8728
vn -0.9599 -0.1651 0.2266
vn -0.9833 -0.0768 0.1650
vn -0.9875 -0.1044 0.1183
vn -0.5645 -0.0987 -0.8195
vn -0.5255 -0.1235 -0.8418
vn -0.5420 -0.2450 -0.8039
vn -0.9124 0.1711 0.3717
vn -0.9036 0.1800 0.3888
vn -0.9054 0.1944 0.3774
vn -0.9114 0.1363 0.3883
vn -0.9209 0.1389 0.3642
vn -0.9220 0.1255 0.3663
vn -0.9893 -0.0704 0.1276
vn -0.9928 -0.0468 0.1105
vn -0.9922 -0.0830 0.0927
vn -0.9099 0.1974 0.3648
vn -0.9171 0.1713 0.3600
vn -0.9085 0.1845 0.3749
vn -0.9002 0.1034 0.4231
vn -0.9077 0.0923 0.4094
vn -0.9001 0.0770 0.4288
vn -0.1241 -0.0251 -0.9919
vn -0.3370 -0.0929 -0.9369
vn -0.2124 0.1750 -0.9614
vn -0.4908 0.0013 -0.8713
vn -0.4534 0.0083 -0.8913
vn -0.4837 -0.0136 -0.8751
vn -0.1950 0.0434 -0.9798
vn -0.4437 -0.0497 -0.8948
vn -0.3258 0.1010 -0.9400
vn -0.8832 0.0010 0.4690
vn -0.8874 0.0241 0.4605
vn -0.8942 0.0078 0.4476
vn -0.9968 -0.0343 0.0722
vn -0.9928 -0.0773 0.0910
vn -0.9945 -0.0279 0.1005
vn -0.9868 0.0460 0.1550
vn -0.9916 0.0404 0.1231
vn -0.9921 0.0134 0.1248
vn -0.9983 0.0371 -0.0439
vn -0.9978 0.0245 -0.0623
vn -0.9989 0.0097 -0.0449
vn -0.8927 0.0271 0.4499
vn -0.8859 -0.0112 0.4637
vn -0.8772 0.0039 0.4802
vn -0.9492 0.1236 0.2894
vn -0.9612 0.1094 0.2533
vn -0.9539 0.0673 0.2924
vn -0.6996 0.0689 0.7112
vn -0.7133 0.0988 0.6939
vn -0.7159 0.0648 0.6952
vn 0.2003 -0.0108 -0.9797
vn 0.0669 -0.5922 -0.8030
vn -0.3972 -0.3845 -0.8333
vn 0.1058 0.1893 -0.9762
vn 0.3090 -0.1625 -0.9371
vn 0.2323 -0.7314 -0.6412
vn -0.2666 0.1343 -0.9544
vn -0.2546 0.0112 0.9670
vn -0.1660 0.7893 0.5911
vn -0.8530 0.3423 0.3939
vn -0.1969 -0.0896 0.9763
vn -0.2675 0.1780 0.9470
vn -0.1555 0.8621 0.4823
vn -0.8641 -0.2948 0.4080
vn -0.0949 -0.1140 0.9889
vn -0.2643 -0.2854 -0.9212
vn -0.2756 -0.3082 -0.9105
vn -0.1600 -0.9336 -0.3206
vn -0.9269 -0.1336 -0.3506
vn 0.1900 -0.0172 -0.9816
vn 0.1428 -0.6358 -0.7585
vn -0.3429 -0.3627 -0.8665
vn 0.1832 0.0129 -0.9830
vn -0.2832 0.0482 0.9578
vn -0.2041 0.7545 0.6238
vn -0.8035 0.3834 0.4554
vn -0.2806 0.0226 0.9596
vn -0.2290 0.0499 0.9722
vn -0.1805 0.5935 0.7844
vn -0.6303 0.3788 0.6777
vn -0.2266 0.0336 0.9734
vn 0.0393 0.1393 -0.9895
vn 0.0280 -0.5596 -0.8283
vn -0.2740 -0.4875 -0.8290
vn 0.0349 0.1698 -0.9849
vn 0.1957 0.0876 -0.9767
vn 0.1395 -0.6192 -0.7728
vn -0.4742 0.1067 -0.8739
vn -0.8921 0.2151 0.3973
vn -0.8802 -0.1337 0.4554
vn -0.8156 -0.0799 0.5731
vn -0.8058 -0.0068 0.5921
vn -0.3323 0.0566 -0.9415
vn -0.2939 0.0070 -0.9558
vn -0.3473 0.0368 -0.9370
vn -0.8763 0.0364 0.4805
vn -0.7493 -0.1450 0.6462
vn -0.5569 -0.1936 0.8077
vn -0.6149 0.2326 0.7535
vn -0.9972 -0.0299 -0.0681
vn -0.9991 -0.0343 -0.0241
vn -0.9994 -0.0336 -0.0075
vn -0.9998 -0.0161 -0.0099
vn -0.0724 0.2173 0.9734
vn -0.1541 0.8029 0.5759
vn -0.8826 0.1872 0.4312
vn -0.3942 -0.2135 0.8939
vn -0.0964 -0.2016 0.9747
vn -0.6649 -0.0753 -0.7431
vn -0.6654 -0.0951 -0.7404
vn -0.6881 -0.1160 -0.7163
vn -0.6986 -0.0562 -0.7133
vn -0.5392 0.0251 -0.8418
vn -0.5316 0.0190 -0.8468
vn -0.5417 0.0206 -0.8403
vn -0.3509 0.0759 -0.9333
vn -0.3554 0.0653 -0.9324
vn -0.3653 0.0686 -0.9283
vn -0.3646 0.0727 -0.9283
vn -0.9956 -0.0425 -0.0839
vn -0.9923 -0.0732 -0.1003
vn -0.9945 -0.0775 -0.0710
vn -0.9871 0.0365 0.1556
vn -0.9872 0.0137 0.1589
vn -0.9843 0.0053 0.1766
vn -0.9824 0.0266 0.1847
vn -0.6680 -0.1707 -0.7243
vn 0.1806 0.0078 -0.9835
vn 0.1278 -0.1692 -0.9773
vn 0.5314 -0.5276 -0.6628
vn 0.0319 -0.7506 -0.6600
vn -0.6019 0.0333 0.7979
vn -0.6478 -0.0347 0.7610
vn -0.5783 -0.0499 0.8143
vn -0.9991 0.0414 -0.0130
vn -0.9989 -0.0333 -0.0334
vn -0.9980 -0.0272 0.0578
vn -0.9118 0.0448 0.4081
vn -0.9192 0.0308 0.3926
vn -0.9110 0.0261 0.4115
vn -0.9991 -0.0207 0.0363
vn -0.9989 -0.0345 0.0325
vn -0.9983 -0.0363 0.0464
vn -0.9984 -0.0242 0.0513
vn -0.8954 0.0908 -0.4358
vn -0.8919 0.0505 -0.4494
vn -0.9050 0.0467 -0.4228
vn -0.9730 -0.1609 0.1654
vn -0.9793 -0.1535 0.1317
vn -0.9794 -0.1817 0.0885
vn -0.9699 -0.1902 0.1520
vn -0.8214 0.1338 0.5545
vn -0.8303 0.1096 0.5465
vn -0.8114 0.1193 0.5721
vn -0.8399 0.1211 0.5291
vn -0.8418 0.1008 0.5302
vn -0.8284 0.1126 0.5487
vn -0.8290 0.1321 0.5434
vn -0.8086 0.0170 0.5882
vn -0.7843 -0.0400 0.6191
vn -0.7537 -0.0121 0.6571
vn -0.7616 0.0154 0.6478
vn -0.8104 -0.0405 -0.5845
vn -0.7900 -0.0921 -0.6062
vn -0.8207 -0.0645 -0.5677
vn -0.8236 -0.0451 -0.5654
vn -0.6035 0.0537 0.7955
vn -0.6169 0.0182 0.7868
vn -0.5751 0.0280 0.8176
vn -0.5721 0.0677 0.8174
vn 0.8755 0.2348 0.4224
vn 0.7856 -0.0137 0.6186
vn 0.8005 -0.1389 0.5830
vn 0.9039 -0.2041 0.3758
vn 0.3341 0.0628 -0.9405
vn 0.3480 0.0481 -0.9363
vn 0.3302 0.0398 -0.9431
vn 0.8644 0.0411 0.5011
vn 0.5842 0.2529 0.7712
vn 0.6404 -0.0867 0.7631
vn 0.7491 -0.2246 0.6233
vn 0.9844 0.0475 0.1693
vn 0.9730 0.0531 0.2247
vn 0.9718 0.0369 0.2330
vn 0.9813 -0.0013 0.1923
vn 0.1078 0.2677 0.9574
vn -0.0512 -0.1166 0.9919
vn -0.6050 -0.1792 0.7758
vn 0.1260 -0.7544 0.6443
vn 0.8296 -0.3142 0.4615
vn 0.6666 -0.0677 -0.7423
vn 0.7025 -0.0530 -0.7098
vn 0.6741 -0.0866 -0.7335
vn 0.6685 -0.0798 -0.7394
vn 0.5394 0.0300 -0.8415
vn 0.5467 0.0181 -0.8372
vn 0.5368 0.0256 -0.8433
vn 0.3489 0.0765 -0.9340
vn 0.3639 0.0744 -0.9285
vn 0.3698 0.0688 -0.9266
vn 0.3586 0.0593 -0.9316
vn 0.9943 -0.0179 -0.1052
vn 0.9948 -0.0431 -0.0920
vn 0.9916 -0.0528 -0.1180
vn 0.9925 0.0572 0.1076
vn 0.9887 0.0527 0.1403
vn 0.9902 0.0379 0.1342
vn 0.9928 0.0265 0.1170
vn -0.0294 0.6296 -0.7764
vn 0.4725 0.3913 -0.7897
vn 0.0439 -0.1824 -0.9822
vn -0.1402 -0.2370 -0.9613
vn -0.1719 0.0151 -0.9850
vn 0.7262 0.0678 0.6841
vn 0.7175 -0.0053 0.6966
vn 0.7783 0.0044 0.6279
vn 0.9771 0.0837 0.1956
vn 0.9738 0.0298 0.2253
vn 0.9854 0.0014 0.1704
vn 0.9336 0.0585 0.3535
vn 0.9292 0.0183 0.3692
vn 0.9393 0.0418 0.3405
vn 0.9737 0.0511 0.2222
vn 0.9704 0.0480 0.2365
vn 0.9703 0.0352 0.2392
vn 0.9742 0.0355 0.2228
vn 0.8289 0.0511 0.5571
vn 0.8183 0.0263 0.5741
vn 0.8351 0.0309 0.5493
vn 0.8994 0.0773 0.4303
vn 0.8890 0.0840 0.4502
vn 0.8870 0.0617 0.4575
vn 0.8950 0.0641 0.4414
vn 0.8295 0.0756 0.5534
vn 0.7855 0.0463 0.6171
vn 0.7718 0.0109 0.6358
vn 0.8270 -0.0156 0.5620
vn 0.8193 -0.0288 -0.5727
vn 0.8317 -0.0306 -0.5544
vn 0.8451 -0.0825 -0.5283
vn 0.8189 -0.0533 -0.5715
vn 0.7051 0.0804 0.7045
vn 0.6826 0.0837 0.7260
vn 0.6718 0.0342 0.7400
vn 0.7096 0.0542 0.7026
vn -0.6895 0.7241 0.0171
vn -0.7265 0.6869 -0.0220
vn -0.0660 0.9929 0.0993
vn -0.0505 0.9930 0.1065
vn -0.0069 0.9975 0.0707
vn 0.0082 0.9976 0.0685
vn 0.0039 1.0000 0.0046
vn 0.0047 1.0000 0.0026
vn -0.0062 1.0000 0.0013
vn -0.0063 1.0000 0.0014
vn 0.0004 1.0000 0.0052
vn -0.0133 0.9999 0.0066
vn -0.0139 0.9999 0.0063
vn 0.0233 0.9987 0.0444
vn 0.0462 0.9989 0.0097
vn 0.0019 1.0000 0.0021
vn 0.0008 1.0000 0.0043
vn 0.0077 1.0000 0.0021
vn 0.0066 1.0000 0.0052
vn 0.0057 0.9999 -0.0106
vn 0.0246 0.9989 0.0387
vn 0.0395 0.9990 0.0189
vn 0.0035 0.9998 -0.0199
vn 0.0045 0.9998 -0.0191
vn 0.0133 0.9999 -0.0059
vn 0.0133 0.9999 -0.0056
vn 0.0144 0.9999 -0.0018
vn 0.0110 0.9995 -0.0305
vn 0.0020 1.0000 -0.0065
vn 0.0026 1.0000 -0.0040
vn 0.0018 1.0000 0.0040
vn 0.0017 1.0000 0.0043
vn 0.0016 1.0000 0.0043
vn 0.0382 0.9992 -0.0085
vn 0.0316 0.9992 -0.0251
vn 0.0305 0.9992 -0.0269
vn 0.0325 0.9992 -0.0233
vn 0.0341 0.9992 -0.0198
vn 0.0020 1.0000 -0.0003
vn 0.0959 0.9912 -0.0907
vn 0.0866 0.9911 -0.1007
vn 0.0785 0.9910 -0.1081
vn 0.1157 0.9852 -0.1266
vn 0.2478 0.9617 -0.1172
vn 0.2106 0.9612 -0.1782
vn 0.1938 0.9610 -0.1973
vn 0.8120 0.5369 -0.2288
vn 0.0812 0.9598 -0.2688
vn 0.0119 0.9591 -0.2829
vn -0.0289 0.9587 -0.2830
vn -0.1204 0.9829 -0.1393
vn -0.1230 0.9892 -0.0798
vn -0.1271 0.9892 -0.0735
vn -0.1342 0.9891 -0.0602
vn -0.0119 0.9998 -0.0137
vn -0.0360 0.9985 -0.0411
vn -0.0321 0.9985 -0.0435
vn -0.0331 0.9985 -0.0429
vn -0.0336 0.9985 -0.0427
vn -0.0409 0.9984 -0.0387
vn -0.0189 0.9998 -0.0112
vn -0.0189 0.9998 -0.0113
vn -0.0211 0.9998 -0.0063
vn -0.0208 0.9998 -0.0070
vn -0.0443 0.9990 -0.0001
vn -0.0220 0.9995 -0.0226
vn -0.0241 0.9995 -0.0201
vn -0.0225 0.9995 -0.0213
vn -0.0305 0.9995 -0.0085
vn -0.0304 0.9995 -0.0088
vn -0.0223 0.9983 -0.0541
vn -0.0352 0.9993 -0.0088
vn -0.0360 0.9993 -0.0025
vn -0.0347 0.9994 0.0058
vn -0.0269 0.9996 0.0012
vn -0.0195 0.9998 -0.0094
vn -0.0183 0.9998 -0.0107
vn -0.0659 0.9978 0.0062
vn -0.0461 0.9981 0.0414
vn -0.0185 0.9998 0.0013
vn -0.0189 0.9998 -0.0001
vn -0.0152 0.9998 0.0088
vn -0.0132 0.9999 0.0011
vn -0.0133 0.9999 0.0010
vn -0.0151 0.9998 0.0117
vn -0.0130 0.9998 0.0123
vn -0.0548 0.9970 0.0550
vn -0.0433 0.9971 0.0624
vn -0.0670 0.9929 0.0987
vn 0.2668 -0.3605 -0.8938
vn -0.5310 -0.2419 -0.8121
vn 0.1633 0.5145 -0.8418
vn 0.9278 -0.1669 -0.3336
vn -0.9621 0.2354 0.1376
vn -0.9568 0.2452 0.1565
vn -0.9558 0.2583 0.1404
vn -0.9594 0.2465 0.1372
vn -0.8870 0.3961 0.2373
vn -0.8801 0.4116 0.2367
vn -0.8864 0.4117 0.2117
vn -0.8656 0.3482 0.3600
vn -0.8583 0.3477 0.3774
vn -0.8524 0.3586 0.3805
vn -0.8589 0.3649 0.3594
vn -0.2608 -0.3639 -0.8942
vn -0.1597 -0.9548 -0.2507
vn -0.8929 -0.2432 -0.3790
vn -0.2668 -0.3544 -0.8962
vn -0.1171 0.0484 -0.9919
vn -0.1005 0.1095 -0.9889
vn -0.0795 0.1145 -0.9902
vn -0.0717 0.0847 -0.9938
vn 0.1642 0.0739 -0.9837
vn 0.1306 0.1293 -0.9830
vn 0.1607 0.1748 -0.9714
vn -0.7440 0.1724 0.6455
vn -0.7149 0.1845 0.6745
vn -0.7435 0.1906 0.6410
vn -0.4148 0.4105 -0.8121
vn -0.4101 0.4372 -0.8004
vn -0.3987 0.4327 -0.8086
vn -0.3927 0.4250 -0.8156
vn -0.0821 0.3009 -0.9501
vn -0.0837 0.3270 -0.9413
vn -0.0628 0.3302 -0.9418
vn -0.6045 0.1922 0.7730
vn -0.6043 0.2048 0.7700
vn -0.6084 0.2138 0.7643
vn -0.6181 0.2014 0.7599
vn -0.6260 0.0569 0.7777
vn -0.6127 0.0675 0.7874
vn -0.6187 0.0753 0.7820
vn -0.1543 -0.1874 -0.9701
vn -0.8418 -0.1232 -0.5256
vn -0.1533 -0.1750 -0.9726
vn -0.8104 0.1385 0.5692
vn -0.8087 0.1805 0.5599
vn -0.8332 0.1912 0.5189
vn -0.7688 0.2351 0.5947
vn -0.7387 0.2239 0.6357
vn -0.7377 0.2445 0.6294
vn -0.7609 0.2490 0.5992
vn -0.7945 0.3418 -0.5020
vn -0.7835 0.3674 -0.5012
vn -0.7836 0.3478 -0.5148
vn -0.2096 -0.0558 0.9762
vn -0.1915 -0.0397 0.9807
vn -0.1577 0.6701 0.7253
vn -0.6967 0.4142 0.5857
vn -0.7685 0.2126 0.6035
vn -0.7459 0.2372 0.6224
vn -0.7651 0.2323 0.6005
vn -0.9354 0.3148 0.1608
vn -0.9155 0.3496 0.1994
vn -0.9323 0.3278 0.1526
vn -0.8305 0.2118 0.5152
vn -0.8043 0.2531 0.5377
vn -0.8334 0.2277 0.5036
vn -0.8359 0.2155 0.5047
vn -0.8332 -0.2447 -0.4959
vn -0.8443 -0.2227 -0.4875
vn -0.8386 -0.2265 -0.4954
vn -0.8315 -0.2279 -0.5065
vn -0.7359 -0.1674 -0.6561
vn -0.7488 -0.1613 -0.6429
vn -0.7468 -0.1412 -0.6498
vn -0.7394 -0.1502 -0.6564
vn -0.8181 -0.1395 -0.5579
vn -0.8329 -0.1287 -0.5383
vn -0.8280 -0.1036 -0.5511
vn -0.8053 -0.1313 -0.5781
vn -0.7801 0.2032 -0.5917
vn -0.8037 0.2189 -0.5533
vn -0.7806 0.2449 -0.5750
vn -0.7848 0.1236 0.6073
vn -0.7837 0.1398 0.6052
vn -0.7883 0.1333 0.6006
vn -0.7927 0.1272 0.5961
vn -0.4984 0.0438 0.8658
vn -0.4834 0.0513 0.8739
vn -0.4842 0.0683 0.8723
vn -0.4973 0.0567 0.8657
vn -0.4354 0.0588 0.8983
vn -0.4271 0.0569 0.9024
vn -0.4150 0.0767 0.9066
vn -0.4328 0.0696 0.8988
vn -0.6425 0.2517 0.7237
vn -0.6475 0.2859 0.7064
vn -0.6868 0.2657 0.6765
vn -0.6527 0.2833 0.7027
vn -0.6451 0.3229 0.6925
vn -0.6490 0.3037 0.6975
vn -0.6599 0.2951 0.6910
vn -0.9538 0.2368 0.1849
vn -0.9545 0.2264 0.1940
vn -0.9477 0.2457 0.2035
vn -0.9509 0.2405 0.1950
vn 0.9606 0.2430 0.1348
vn 0.9561 0.2637 0.1281
vn 0.9539 0.2618 0.1466
vn 0.9565 0.2480 0.1539
vn 0.8803 0.4175 0.2255
vn 0.8762 0.4367 0.2039
vn 0.8676 0.4384 0.2349
vn 0.8415 0.3603 0.4025
vn 0.8377 0.3622 0.4087
vn 0.8302 0.3634 0.4227
vn 0.8364 0.3502 0.4216
vn 0.1423 0.0836 -0.9863
vn 0.0722 0.0855 -0.9937
vn 0.0817 0.1150 -0.9900
vn 0.1183 0.1441 -0.9825
vn -0.1539 0.0682 -0.9857
vn -0.1497 0.1370 -0.9792
vn -0.0933 0.1560 -0.9833
vn 0.7588 0.0887 0.6452
vn 0.7587 0.1024 0.6433
vn 0.7487 0.1037 0.6548
vn 0.4110 0.4158 -0.8113
vn 0.3919 0.4240 -0.8165
vn 0.3830 0.4431 -0.8105
vn 0.4044 0.4438 -0.7997
vn 0.0799 0.3019 -0.9500
vn 0.0598 0.3297 -0.9422
vn 0.0910 0.3331 -0.9385
vn 0.5669 0.1268 0.8140
vn 0.5827 0.1353 0.8013
vn 0.5741 0.1401 0.8067
vn 0.5663 0.1444 0.8114
vn 0.6234 0.0680 0.7790
vn 0.6222 0.1033 0.7760
vn 0.6088 0.0807 0.7892
vn 0.1581 -0.1854 -0.9699
vn 0.1573 -0.1708 -0.9727
vn 0.1698 -0.1764 -0.9696
vn 0.8330 0.0394 0.5519
vn 0.8521 0.0841 0.5166
vn 0.8102 0.1015 0.5774
vn 0.7853 0.1493 0.6009
vn 0.7989 0.1603 0.5796
vn 0.7569 0.1858 0.6265
vn 0.7574 0.1326 0.6393
vn 0.7908 0.3530 -0.5000
vn 0.7742 0.3583 -0.5217
vn 0.7811 0.3639 -0.5074
vn 0.2042 -0.0306 0.9784
vn 0.1599 -0.7375 0.6561
vn 0.8475 -0.0139 0.5306
vn 0.2015 -0.0198 0.9793
vn 0.7599 0.2289 0.6084
vn 0.7732 0.2711 0.5733
vn 0.7497 0.2463 0.6143
vn 0.9371 0.3116 0.1575
vn 0.9348 0.3230 0.1478
vn 0.9314 0.3246 0.1645
vn 0.8538 0.2382 0.4629
vn 0.8624 0.2371 0.4473
vn 0.8647 0.2777 0.4185
vn 0.8535 0.2518 0.4563
vn 0.8364 -0.2344 -0.4955
vn 0.8329 -0.2251 -0.5055
vn 0.8390 -0.2046 -0.5042
vn 0.8444 -0.2163 -0.4902
vn 0.7386 -0.1574 -0.6555
vn 0.7410 -0.1347 -0.6579
vn 0.7436 -0.1430 -0.6532
vn 0.7520 -0.1501 -0.6418
vn 0.8286 -0.1270 -0.5452
vn 0.8076 -0.1222 -0.5769
vn 0.8261 -0.1039 -0.5538
vn 0.8296 -0.1192 -0.5455
vn 0.7804 0.2098 -0.5890
vn 0.7853 0.2381 -0.5715
vn 0.8078 0.2297 -0.5428
vn 0.4711 0.0289 0.8816
vn 0.4863 0.0477 0.8725
vn 0.4675 0.0488 0.8827
vn 0.4593 0.0376 0.8875
vn 0.3556 0.0492 0.9333
vn 0.3657 0.0691 0.9282
vn 0.3497 0.0619 0.9348
vn 0.3443 0.0547 0.9372
vn 0.6504 0.2455 0.7188
vn 0.6683 0.2740 0.6916
vn 0.6332 0.2866 0.7190
vn 0.9580 0.2443 0.1501
vn 0.9520 0.2624 0.1579
vn 0.9545 0.2497 0.1628
vn 0.9577 0.2388 0.1607
vn 0.7164 -0.6623 0.2193
vn 0.0024 -0.9999 0.0100
vn 0.0025 -0.9999 0.0100
vn 0.0344 -0.9982 0.0500
vn 0.0335 -0.9982 0.0505
vn 0.0061 -0.9997 0.0220
vn 0.0060 -0.9997 0.0220
vn -0.0007 -0.9998 0.0215
vn 0.0063 -0.9999 0.0111
vn 0.0033 -0.9999 0.0113
vn 0.0023 -0.9999 0.0112
vn -0.0065 -0.9999 0.0083
vn 0.0055 -0.9999 0.0112
vn -0.0162 -0.9996 0.0244
vn -0.0201 -0.9996 0.0200
vn -0.0248 -0.9996 0.0102
vn -0.0115 -0.9996 -0.0275
vn 0.0042 -0.9995 -0.0314
vn -0.0080 -1.0000 -0.0042
vn -0.0012 -1.0000 0.0015
vn -0.0066 -1.0000 -0.0003
vn -0.0069 -1.0000 0.0015
vn -0.0069 -1.0000 0.0037
vn -0.0032 -1.0000 -0.0027
vn -0.0034 -1.0000 -0.0023
vn -0.0067 -0.9999 -0.0100
vn -0.0087 -0.9999 -0.0079
vn -0.0025 -1.0000 0.0030
vn -0.0030 -1.0000 0.0066
vn -0.0042 -1.0000 0.0031
vn -0.0042 -1.0000 0.0028
vn -0.0074 -1.0000 -0.0013
vn -0.0076 -1.0000 -0.0002
vn -0.0245 -0.9993 -0.0291
vn -0.0195 -0.9993 -0.0330
vn -0.0057 -1.0000 -0.0031
vn -0.0048 -1.0000 -0.0046
vn -0.0036 -1.0000 -0.0077
vn -0.0026 -1.0000 -0.0084
vn -0.0019 -1.0000 -0.0088
vn -0.0030 -1.0000 0.0001
vn 0.0007 -1.0000 -0.0036
vn -0.6930 -0.7069 -0.1416
vn 0.0047 -1.0000 -0.0045
vn 0.0013 -1.0000 -0.0047
vn 0.0099 -0.9999 -0.0091
vn 0.0107 -0.9999 -0.0087
vn 0.0117 -0.9999 -0.0080
vn 0.0104 -0.9999 -0.0072
vn 0.0114 -0.9999 -0.0065
vn 0.0452 -0.9989 -0.0093
vn 0.0462 -0.9989 -0.0050
vn 0.0136 -0.9999 -0.0054
vn 0.0131 -0.9999 -0.0060
vn 0.0060 -1.0000 -0.0060
vn 0.0087 -1.0000 -0.0049
vn 0.0096 -0.9999 -0.0042
vn 0.0104 -0.9999 -0.0005
vn 0.0201 -0.9998 0.0067
vn 0.0205 -0.9998 0.0047
vn 0.0131 -0.9999 0.0017
vn 0.0131 -0.9999 0.0015
vn 0.0072 -0.9999 -0.0085
vn 0.0050 -0.9999 -0.0088
vn 0.0043 -1.0000 -0.0089
vn 0.0051 -1.0000 -0.0031
vn 0.0055 -1.0000 -0.0030
vn 0.0087 -0.9999 -0.0060
vn 0.0379 -0.9993 0.0032
vn 0.0379 -0.9993 0.0042
vn 0.0366 -0.9993 0.0118
vn 0.0341 -0.9994 -0.0012
vn 0.0334 -0.9994 0.0097
vn 0.0321 -0.9994 0.0137
vn 0.0117 -0.9999 -0.0027
vn 0.0133 -0.9999 0.0106
vn 0.0131 -0.9999 0.0007
vn 0.0131 -0.9999 0.0005
vn 0.0133 -0.9999 0.0031
vn 0.0129 -0.9999 0.0049
vn 0.0099 -0.9997 0.0213
vn 0.0031 -0.9998 0.0221
vn 0.0033 -0.9998 0.0221
vn 0.0310 -0.9982 0.0519
vn 0.0411 -0.9981 0.0450
vn 0.0060 -0.9999 0.0100
usemtl sungaya_inexpectata_31mg
s off
f 107/1/1 58/2/2 147/3/3
f 356/4/4 344/5/5 162/6/6
f 21/7/7 8/8/8 14/9/9
f 99/10/10 160/11/11 147/3/12
f 4/12/13 20/13/14 54/14/15
f 113/15/16 111/16/17 64/17/18
f 15/18/19 59/19/20 61/20/21
f 73/21/22 21/22/23 14/23/24
f 23/24/25 150/25/26 118/26/27
f 62/27/28 66/28/29 57/29/30
f 81/30/31 122/31/32 112/32/33
f 137/33/34 63/34/35 24/35/36
f 77/36/37 11/37/38 69/38/39
f 91/39/40 42/40/41 85/41/42
f 74/42/43 65/43/44 91/39/45
f 69/44/46 95/45/47 77/46/48
f 98/47/49 3/48/50 101/49/51
f 33/50/52 40/51/53 125/52/54
f 135/53/55 63/34/56 140/54/57
f 49/55/58 48/56/59 99/57/60
f 69/58/61 151/59/62 5/60/63
f 8/61/64 21/62/65 15/63/66
f 147/3/67 44/64/68 43/65/69
f 36/66/70 34/67/71 139/68/72
f 350/69/73 171/70/74 163/71/75
f 13/72/76 81/73/77 112/74/78
f 14/75/79 8/76/80 17/77/81
f 17/78/82 8/79/83 28/80/84
f 116/81/85 17/82/86 28/83/87
f 41/84/88 79/85/89 138/86/90
f 49/87/91 123/88/92 124/89/93
f 132/90/94 22/91/95 110/92/96
f 109/93/97 128/94/98 79/95/99
f 96/96/100 30/97/101 67/98/102
f 96/99/103 67/100/104 52/101/105
f 35/102/106 73/103/107 72/104/108
f 20/13/109 110/92/110 54/14/111
f 161/105/112 145/106/113 119/107/114
f 130/108/115 133/109/116 145/110/117
f 77/111/118 131/112/119 47/113/120
f 445/114/121 354/115/122 446/116/123
f 62/27/124 136/117/125 66/28/126
f 29/118/127 5/119/128 68/120/129
f 142/121/130 87/122/131 96/123/132
f 140/54/133 10/124/134 139/68/135
f 7/125/136 127/126/137 141/127/138
f 121/128/139 51/129/140 154/130/141
f 154/130/142 51/129/143 60/131/144
f 360/132/145 156/133/146 373/134/147
f 373/135/148 156/136/149 389/137/150
f 49/87/151 67/138/152 85/41/153
f 40/51/154 71/139/155 126/140/156
f 140/54/157 137/33/158 10/124/159
f 355/141/160 162/6/161 344/5/162
f 488/142/163 466/143/164 78/144/165 144/145/166
f 35/102/167 150/146/168 128/94/169
f 452/147/170 455/148/171 84/149/172
f 155/150/173 120/151/174 98/47/175
f 102/152/176 40/51/177 126/140/178
f 132/90/179 104/153/180 22/91/181
f 13/72/182 112/74/183 159/154/184
f 478/155/185 94/156/186 485/157/187
f 136/117/188 6/158/189 106/159/190
f 114/160/191 6/158/192 136/117/193
f 62/161/194 114/162/195 136/163/196
f 59/164/197 125/52/198 19/165/199
f 19/165/200 125/52/201 102/152/202
f 15/166/203 35/102/204 128/94/205
f 35/102/206 15/166/207 73/103/208
f 157/167/209 68/168/210 89/169/211
f 78/170/212 104/171/213 146/172/214
f 34/67/215 22/91/216 158/173/217
f 398/174/218 371/175/219 73/21/220 14/23/221
f 459/176/222 486/177/223 117/178/224
f 31/179/225 55/180/226 80/181/227
f 65/182/228 37/183/229 159/184/230
f 55/185/231 126/140/232 71/139/233
f 37/186/234 142/187/235 155/188/236
f 156/189/237 90/190/238 45/191/239
f 158/173/240 145/106/241 46/192/242
f 475/193/243 469/194/244 38/195/245 160/11/246
f 98/47/247 122/196/248 81/73/249
f 134/197/250 137/33/251 75/198/252
f 125/52/253 59/164/254 109/93/255
f 28/199/256 8/200/257 16/201/258
f 15/202/259 164/203/260 109/204/261
f 36/66/262 121/128/263 127/205/264
f 51/206/265 2/207/266 16/208/267
f 60/131/268 51/129/269 16/209/270
f 60/131/271 16/209/272 61/210/273
f 7/211/274 4/12/275 54/14/276
f 166/212/277 84/213/278 82/214/279
f 76/215/280 154/216/281 60/217/282
f 110/92/283 146/218/284 132/90/285
f 96/123/286 86/219/287 142/121/288
f 97/220/289 123/88/290 53/221/291
f 149/222/292 91/39/293 65/43/294
f 109/223/295 79/224/296 33/225/297
f 114/226/298 113/227/299 6/228/300
f 96/229/301 52/230/302 86/231/303
f 86/219/304 52/232/305 152/233/306
f 108/234/307 83/235/308 82/236/309
f 99/237/310 43/65/311 49/87/312
f 44/238/313 58/239/314 143/240/315
f 58/2/316 44/64/317 147/3/318
f 25/241/319 20/13/320 32/242/321
f 162/6/322 42/243/323 9/244/324
f 31/245/325 165/246/326 55/247/327
f 87/122/328 74/42/329 91/39/330
f 82/236/331 83/235/332 32/242/333
f 169/248/334 352/249/335 93/250/336
f 150/251/337 79/252/338 128/253/339
f 35/102/340 118/26/341 150/25/342
f 482/254/343 450/255/344 113/256/345 114/226/346
f 87/122/347 91/39/348 30/257/349
f 377/258/350 122/259/351 375/260/352
f 18/261/353 133/262/354 100/263/355
f 157/264/356 3/48/357 98/47/358
f 376/265/359 17/266/360 361/267/361
f 82/236/362 32/242/363 115/268/364
f 50/269/365 33/50/366 41/270/367
f 151/59/368 69/58/369 12/271/370
f 131/272/371 152/273/372 47/274/373
f 86/219/374 120/151/375 142/121/376
f 76/215/377 59/164/378 19/165/379
f 102/152/380 111/16/381 19/165/382
f 139/68/383 34/67/384 140/54/385
f 137/33/386 24/35/387 75/198/388
f 154/130/389 141/275/390 127/205/391
f 74/42/392 87/122/393 142/121/394
f 29/276/395 68/277/396 157/278/397
f 98/47/398 13/72/399 155/150/400
f 401/279/401 122/280/402 377/281/403
f 130/282/404 145/106/405 161/105/406
f 33/283/407 125/284/408 109/285/409
f 50/286/410 138/287/411 151/288/412
f 166/289/413 27/290/414 84/149/415
f 27/290/416 39/291/417 84/149/418
f 45/191/419 93/292/420 9/293/421
f 9/293/422 149/222/423 45/191/424
f 487/294/425 25/241/426 462/295/427
f 51/129/428 10/124/429 2/296/430
f 53/297/431 123/298/432 162/6/433
f 158/299/434 119/300/435 145/301/436
f 94/302/437 146/218/438 110/92/439
f 475/303/440 160/304/441 461/305/442
f 480/306/443 449/307/444 38/308/445
f 90/190/446 93/292/447 45/191/448
f 77/309/449 95/310/450 86/219/451
f 36/66/452 139/68/453 10/124/454
f 43/311/455 99/312/456 147/313/457
f 110/92/458 34/67/459 54/14/460
f 54/314/461 34/315/462 36/316/463
f 27/317/464 166/289/465 111/16/466
f 16/318/467 2/319/468 28/320/469
f 74/42/470 37/321/471 65/43/472
f 159/154/473 45/191/474 65/43/475
f 149/222/476 65/43/477 45/191/478
f 37/321/479 13/72/480 159/154/481
f 13/72/482 37/321/483 155/150/484
f 105/322/485 148/323/486 24/35/487
f 11/324/488 12/325/489 69/326/490
f 9/293/491 42/40/492 149/222/493
f 42/327/494 91/328/495 149/329/496
f 166/330/497 82/331/498 115/332/499
f 115/333/500 32/334/501 20/335/502
f 47/336/503 80/337/504 11/338/505
f 97/220/506 124/89/507 123/88/508
f 123/298/509 42/243/510 162/6/511
f 56/339/512 126/140/513 55/185/514
f 131/340/515 86/219/516 152/233/517
f 152/341/518 129/342/519 143/343/520
f 153/344/521 141/345/522 111/346/523
f 141/347/524 19/348/525 111/349/526
f 153/350/527 7/351/528 141/352/529
f 33/353/530 71/354/531 40/355/532
f 364/356/533 387/357/534 72/104/535
f 371/358/536 364/359/537 72/360/538 73/361/539
f 387/357/540 365/362/541 72/104/542
f 60/363/543 59/364/544 76/365/545
f 50/366/546 151/367/547 55/247/548
f 56/339/549 136/117/550 106/159/551
f 385/368/552 382/369/553 88/370/554 23/24/555
f 366/371/556 88/372/557 382/373/558
f 104/153/559 78/144/560 163/374/561
f 98/47/562 101/49/563 122/196/564
f 10/124/565 137/33/566 134/197/567
f 353/375/568 53/297/569 167/376/570
f 75/198/571 116/81/572 134/197/573
f 28/83/574 2/296/575 134/197/576
f 138/287/577 68/377/578 151/378/579
f 151/379/580 68/380/581 5/381/582
f 158/173/583 46/192/584 140/54/585
f 66/28/586 136/117/587 107/1/588
f 30/382/589 91/383/590 85/384/591
f 117/178/592 48/385/593 124/89/594
f 142/121/595 120/151/596 155/150/597
f 8/386/598 15/387/599 61/388/600
f 16/209/601 8/61/602 61/210/603
f 63/34/604 137/33/605 140/54/606
f 392/389/607 397/390/608 148/323/609 100/263/610
f 399/391/611 24/35/612 380/392/613
f 399/391/614 396/393/615 75/198/616 24/35/617
f 103/394/618 161/395/619 119/396/620
f 67/138/621 43/65/622 52/397/623
f 52/397/624 43/65/625 44/64/626
f 7/211/627 153/398/628 4/12/629
f 89/399/630 68/400/631 88/401/632
f 98/47/633 120/151/634 1/402/635
f 29/403/636 98/47/637 1/402/638
f 21/22/639 73/21/640 15/404/641
f 125/52/642 40/51/643 102/152/644
f 1/405/645 5/406/646 29/407/647
f 484/408/648 461/409/649 160/410/650 99/312/651
f 147/3/652 160/11/653 38/195/654
f 343/411/655 345/412/656 133/262/657
f 140/54/658 46/192/659 135/53/660
f 94/302/661 110/92/662 25/241/663
f 47/413/664 143/414/665 58/2/666
f 152/415/667 143/414/668 47/413/669
f 80/416/670 12/417/671 11/418/672
f 157/419/673 89/420/674 26/421/675
f 164/422/676 15/166/677 128/94/678
f 25/241/679 110/92/680 20/13/681
f 94/156/682 144/423/683 146/424/684
f 345/412/685 349/425/686 100/263/687 133/262/688
f 113/426/689 64/427/690 6/428/691
f 146/218/692 144/145/693 78/144/694
f 372/429/695 359/430/696 3/48/697 26/431/698
f 360/432/699 381/433/700 90/190/701 156/189/702
f 164/422/703 128/94/704 109/93/705
f 58/2/706 80/434/707 47/435/708
f 31/245/709 80/436/710 58/437/711
f 353/375/712 339/438/713 53/297/714
f 34/67/715 158/173/716 140/54/717
f 36/66/718 127/205/719 54/14/720
f 127/439/721 7/440/722 54/441/723
f 129/442/724 52/443/725 44/444/726
f 88/445/727 68/446/728 138/447/729
f 346/448/730 358/449/731 130/450/732
f 170/451/733 346/452/734 130/453/735 161/454/736
f 27/290/737 113/15/738 39/291/739
f 85/41/740 67/138/741 30/257/742
f 341/455/743 9/293/744 347/456/745
f 10/124/746 51/129/747 36/66/748
f 51/129/749 121/128/750 36/66/751
f 447/457/752 394/458/753 172/459/754
f 28/83/755 134/197/756 116/81/757
f 100/263/758 148/323/759 105/322/760
f 59/164/761 60/460/762 61/461/763
f 104/462/764 103/463/765 119/464/766
f 163/374/767 92/465/768 104/153/769
f 86/466/770 131/467/771 77/468/772
f 150/25/773 138/287/774 79/95/775
f 370/469/776 384/470/777 23/24/778
f 395/471/779 398/472/780 14/473/781
f 147/3/782 38/195/783 107/1/784
f 124/474/785 48/475/786 49/476/787
f 391/477/788 148/323/789 397/390/790
f 19/478/791 154/479/792 76/480/793
f 96/123/794 87/122/795 30/257/796
f 43/65/797 67/138/798 49/87/799
f 343/411/800 133/262/801 357/481/802
f 457/482/803 108/483/804 451/484/805
f 455/485/806 451/486/807 108/487/808 84/488/809
f 31/489/810 136/117/811 165/490/812
f 107/1/813 136/117/814 58/2/815
f 58/491/816 136/492/817 31/493/818
f 115/268/819 20/13/820 4/12/821
f 95/494/822 1/495/823 120/496/824
f 95/310/825 5/497/826 1/402/827
f 123/498/828 85/499/829 42/500/830
f 119/501/831 158/173/832 22/91/833
f 63/34/834 135/53/835 105/322/836
f 105/322/837 135/53/838 18/261/839
f 468/502/840 117/178/841 486/177/842
f 111/16/843 102/152/844 64/17/845
f 365/362/846 367/503/847 118/26/848 72/104/849
f 35/102/850 72/104/851 118/26/852
f 129/504/853 44/505/854 143/343/855
f 138/287/856 150/25/857 23/24/858
f 23/24/859 88/370/860 138/287/861
f 462/295/862 25/241/863 470/506/864
f 166/507/865 115/508/866 4/509/867
f 157/264/868 26/431/869 3/48/870
f 157/264/871 98/47/872 29/403/873
f 159/154/874 112/74/875 156/189/876
f 156/189/877 45/191/878 159/154/879
f 104/153/880 119/501/881 22/91/882
f 92/465/883 103/510/884 104/153/885
f 163/71/886 103/511/887 92/512/888
f 383/513/889 75/198/890 396/393/891
f 107/514/892 57/515/893 66/516/894
f 480/517/895 38/195/896 469/194/897
f 165/518/898 136/519/899 56/520/900
f 166/521/901 153/522/902 111/523/903
f 4/524/904 153/525/905 166/526/906
f 450/527/907 39/291/908 113/15/909
f 81/73/910 13/72/911 98/47/912
f 74/42/913 142/121/914 37/321/915
f 127/205/916 121/128/917 154/130/918
f 384/470/919 368/528/920 23/24/921
f 24/35/922 63/34/923 105/322/924
f 105/322/925 18/261/926 100/263/927
f 135/53/928 46/192/929 145/106/930
f 138/287/931 50/286/932 41/270/933
f 109/529/934 59/530/935 15/531/936
f 152/233/937 52/232/938 129/532/939
f 126/140/940 56/339/941 106/159/942
f 70/533/943 126/140/944 106/159/945
f 124/89/946 97/220/947 117/178/948
f 85/41/949 123/88/950 49/87/951
f 110/92/952 22/91/953 34/67/954
f 41/534/955 33/283/956 79/535/957
f 113/426/958 27/536/959 111/537/960
f 56/339/961 55/185/962 165/490/963
f 146/218/964 104/153/965 132/90/966
f 82/538/967 84/539/968 108/540/969
f 145/106/970 18/261/971 135/53/972
f 106/159/973 6/158/974 64/17/975
f 64/17/976 70/533/977 106/159/978
f 11/541/979 77/542/980 47/543/981
f 70/544/982 64/545/983 126/546/984
f 64/17/985 102/152/986 126/140/987
f 392/389/988 100/263/989 374/547/990
f 10/124/991 134/197/992 2/296/993
f 18/261/994 145/106/995 133/262/996
f 33/283/997 50/548/998 71/549/999
f 95/550/1000 69/551/1001 5/552/1002
f 55/553/1003 151/554/1004 80/555/1005
f 80/556/1006 151/557/1007 12/558/1008
f 55/185/1009 71/559/1010 50/269/1011
f 141/560/1012 154/561/1013 19/562/1014
f 95/310/1015 120/151/1016 86/219/1017
f 133/563/1018 130/453/1019 358/564/1020 357/565/1021
f 163/71/1022 171/70/1023 351/566/1024
f 9/293/1025 93/292/1026 352/567/1027 347/456/1028
f 93/292/1029 90/190/1030 348/568/1031 169/569/1032
f 78/144/1033 168/570/1034 350/571/1035 163/374/1036
f 103/511/1037 163/71/1038 351/566/1039 342/572/1040
f 162/6/1041 9/244/1042 341/573/1043 356/4/1044
f 53/297/1045 162/6/1046 355/141/1047 167/376/1048
f 161/454/1049 103/511/1050 340/574/1051 170/451/1052
f 103/511/1053 342/572/1054 340/574/1055
f 278/575/1056 319/576/1057 229/577/1058
f 356/4/1059 334/578/1060 344/5/1061
f 193/579/1062 186/580/1063 180/581/1064
f 270/582/1065 319/576/1066 332/583/1067
f 176/584/1068 225/585/1069 192/586/1070
f 284/587/1071 235/588/1072 282/589/1073
f 187/590/1074 232/591/1075 230/592/1076
f 244/593/1077 186/594/1078 193/595/1079
f 195/596/1080 289/597/1081 322/598/1082
f 233/599/1083 228/600/1084 237/601/1085
f 252/602/1086 283/603/1087 293/604/1088
f 309/605/1089 196/606/1090 234/607/1091
f 248/608/1092 240/609/1093 183/610/1094
f 262/611/1095 256/612/1096 213/613/1097
f 245/614/1098 262/611/1099 236/615/1100
f 240/616/1101 248/617/1102 266/618/1103
f 269/619/1104 272/620/1105 175/621/1106
f 205/622/1107 296/623/1108 211/624/1109
f 307/625/1110 312/626/1111 234/607/1112
f 220/627/1113 270/628/1114 219/629/1115
f 240/630/1116 177/631/1117 323/632/1118
f 180/633/1119 187/634/1120 193/635/1121
f 319/576/1122 214/636/1123 215/637/1124
f 208/638/1125 311/639/1126 206/640/1127
f 350/69/1128 335/641/1129 171/70/1130
f 185/642/1131 283/643/1132 252/644/1133
f 186/645/1134 189/646/1135 180/647/1136
f 189/648/1137 200/649/1138 180/650/1139
f 287/651/1140 200/652/1141 189/653/1142
f 212/654/1143 310/655/1144 250/656/1145
f 220/657/1146 295/658/1147 294/659/1148
f 304/660/1149 281/661/1150 194/662/1151
f 280/663/1152 250/664/1153 300/665/1154
f 267/666/1155 238/667/1156 202/668/1157
f 267/669/1158 223/670/1159 238/671/1160
f 207/672/1161 243/673/1162 244/674/1163
f 192/586/1164 225/585/1165 281/661/1166
f 333/675/1167 290/676/1168 317/677/1169
f 302/678/1170 317/679/1171 305/680/1172
f 248/681/1173 218/682/1174 303/683/1175
f 445/114/1176 444/684/1177 354/115/1178
f 233/599/1179 237/601/1180 308/685/1181
f 201/686/1182 239/687/1183 177/688/1184
f 314/689/1185 267/690/1186 258/691/1187
f 312/626/1188 311/639/1189 182/692/1190
f 179/693/1191 313/694/1192 298/695/1193
f 292/696/1194 326/697/1195 222/698/1196
f 326/697/1197 231/699/1198 222/698/1199
f 403/700/1200 416/701/1201 328/702/1202
f 416/703/1203 432/704/1204 328/705/1205
f 220/657/1206 256/612/1207 238/706/1208
f 211/624/1209 297/707/1210 242/708/1211
f 312/626/1212 182/692/1213 309/605/1214
f 355/141/1215 344/5/1216 334/578/1217
f 509/709/1218 532/710/1219 316/711/1220 249/712/1221
f 207/672/1222 300/665/1223 322/713/1224
f 493/714/1225 255/715/1226 498/716/1227
f 327/717/1228 269/619/1229 291/718/1230
f 273/719/1231 297/707/1232 211/624/1233
f 304/660/1234 194/662/1235 275/720/1236
f 185/642/1237 331/721/1238 283/643/1239
f 522/722/1240 529/723/1241 265/724/1242
f 308/685/1243 277/725/1244 178/726/1245
f 285/727/1246 308/685/1247 178/726/1248
f 233/728/1249 308/729/1250 285/730/1251
f 230/731/1252 191/732/1253 296/623/1254
f 191/732/1255 273/719/1256 296/623/1257
f 187/733/1258 300/665/1259 207/672/1260
f 207/672/1261 244/674/1262 187/733/1263
f 329/734/1264 260/735/1265 239/736/1266
f 249/737/1267 318/738/1268 275/739/1269
f 206/640/1270 330/740/1271 194/662/1272
f 299/741/1273 186/594/1274 244/593/1275
f 502/742/1276 288/743/1277 530/744/1278
f 203/745/1279 251/746/1280 226/747/1281
f 236/748/1282 331/749/1283 209/750/1284
f 226/751/1285 242/708/1286 297/707/1287
f 209/752/1288 327/753/1289 314/754/1290
f 328/755/1291 216/756/1292 261/757/1293
f 330/740/1294 217/758/1295 317/677/1296
f 512/759/1297 519/760/1298 332/583/1299 210/761/1300
f 269/619/1301 252/644/1302 293/762/1303
f 306/763/1304 246/764/1305 309/605/1306
f 296/623/1307 280/663/1308 230/731/1309
f 200/765/1310 188/766/1311 180/767/1312
f 187/768/1313 280/769/1314 336/770/1315
f 208/638/1316 298/771/1317 292/696/1318
f 222/772/1319 188/773/1320 174/774/1321
f 231/699/1322 188/775/1323 222/698/1324
f 231/699/1325 232/776/1326 188/775/1327
f 179/777/1328 225/585/1329 176/584/1330
f 338/778/1331 253/779/1332 255/780/1333
f 247/781/1334 231/782/1335 326/783/1336
f 281/661/1337 304/660/1338 318/784/1339
f 267/690/1340 314/689/1341 257/785/1342
f 268/786/1343 224/787/1344 294/659/1345
f 321/788/1346 236/615/1347 262/611/1348
f 280/789/1349 205/790/1350 250/791/1351
f 285/792/1352 178/793/1353 284/794/1354
f 267/795/1355 257/796/1356 223/797/1357
f 257/785/1358 324/798/1359 223/799/1360
f 279/800/1361 253/801/1362 254/802/1363
f 270/803/1364 220/657/1365 214/636/1366
f 215/804/1367 315/805/1368 229/806/1369
f 229/577/1370 319/576/1371 215/637/1372
f 197/807/1373 204/808/1374 192/586/1375
f 334/578/1376 181/809/1377 213/810/1378
f 203/811/1379 226/812/1380 337/813/1381
f 258/691/1382 262/611/1383 245/614/1384
f 253/801/1385 204/808/1386 254/802/1387
f 169/248/1388 264/814/1389 352/249/1390
f 322/815/1391 300/816/1392 250/817/1393
f 207/672/1394 322/598/1395 289/597/1396
f 490/818/1397 526/819/1398 285/792/1399 284/820/1400
f 258/691/1401 202/821/1402 262/611/1403
f 420/822/1404 418/823/1405 293/824/1406
f 190/825/1407 271/826/1408 305/827/1409
f 329/828/1410 269/619/1411 175/621/1412
f 419/829/1413 404/830/1414 189/831/1415
f 253/801/1416 286/832/1417 204/808/1418
f 221/833/1419 212/834/1420 205/622/1421
f 323/632/1422 184/835/1423 240/630/1424
f 303/836/1425 218/837/1426 324/838/1427
f 257/785/1428 314/689/1429 291/718/1430
f 247/781/1431 191/732/1432 230/731/1433
f 273/719/1434 191/732/1435 282/589/1436
f 311/639/1437 312/626/1438 206/640/1439
f 309/605/1440 246/764/1441 196/606/1442
f 326/697/1443 298/771/1444 313/839/1445
f 245/614/1446 314/689/1447 258/691/1448
f 201/840/1449 329/841/1450 239/842/1451
f 269/619/1452 327/717/1453 185/642/1454
f 443/843/1455 420/844/1456 293/845/1457
f 302/846/1458 333/675/1459 317/677/1460
f 205/847/1461 280/848/1462 296/849/1463
f 221/850/1464 323/851/1465 310/852/1466
f 338/853/1467 255/715/1468 199/854/1469
f 216/756/1470 181/855/1471 264/856/1472
f 181/855/1473 216/756/1474 321/788/1475
f 531/857/1476 505/858/1477 197/807/1478
f 222/698/1479 174/859/1480 182/692/1481
f 224/860/1482 334/578/1483 294/861/1484
f 330/862/1485 317/863/1486 290/864/1487
f 265/865/1488 281/661/1489 318/784/1490
f 519/866/1491 504/867/1492 332/868/1493
f 524/869/1494 210/870/1495 489/871/1496
f 261/757/1497 216/756/1498 264/856/1499
f 248/872/1500 257/785/1501 266/873/1502
f 208/638/1503 182/692/1504 311/639/1505
f 214/874/1506 319/875/1507 270/876/1508
f 281/661/1509 225/585/1510 206/640/1511
f 225/877/1512 208/878/1513 206/879/1514
f 199/880/1515 282/589/1516 338/853/1517
f 188/881/1518 200/882/1519 174/883/1520
f 245/614/1521 236/615/1522 209/884/1523
f 331/721/1524 236/615/1525 216/756/1526
f 321/788/1527 216/756/1528 236/615/1529
f 209/884/1530 331/721/1531 185/642/1532
f 185/642/1533 327/717/1534 209/884/1535
f 276/885/1536 196/606/1537 320/886/1538
f 183/887/1539 240/888/1540 184/889/1541
f 181/855/1542 321/788/1543 213/613/1544
f 213/890/1545 321/891/1546 262/892/1547
f 338/893/1548 286/894/1549 253/895/1550
f 286/896/1551 192/897/1552 204/898/1553
f 218/899/1554 183/900/1555 251/901/1556
f 268/786/1557 294/659/1558 295/658/1559
f 294/861/1560 334/578/1561 213/810/1562
f 227/902/1563 226/751/1564 297/707/1565
f 303/903/1566 324/798/1567 257/785/1568
f 324/904/1569 315/905/1570 301/906/1571
f 325/907/1572 282/908/1573 313/909/1574
f 313/910/1575 282/911/1576 191/912/1577
f 325/913/1578 313/914/1579 179/915/1580
f 205/916/1581 211/917/1582 242/918/1583
f 299/919/1584 244/920/1585 243/921/1586
f 430/922/1587 243/673/1588 409/923/1589
f 231/924/1590 247/925/1591 230/926/1592
f 221/927/1593 226/812/1594 323/928/1595
f 227/902/1596 277/725/1597 308/685/1598
f 425/929/1599 428/930/1600 195/596/1601 259/931/1602
f 410/932/1603 425/933/1604 259/934/1605
f 275/720/1606 335/935/1607 249/712/1608
f 269/619/1609 293/762/1610 272/620/1611
f 182/692/1612 306/763/1613 309/605/1614
f 353/375/1615 167/376/1616 224/860/1617
f 246/764/1618 306/763/1619 287/651/1620
f 200/652/1621 306/763/1622 174/859/1623
f 310/852/1624 323/936/1625 239/937/1626
f 323/938/1627 177/939/1628 239/940/1629
f 330/740/1630 312/626/1631 217/758/1632
f 237/601/1633 278/575/1634 308/685/1635
f 202/941/1636 256/942/1637 262/943/1638
f 288/743/1639 295/658/1640 219/944/1641
f 314/689/1642 327/717/1643 291/718/1644
f 180/945/1645 232/946/1646 187/947/1647
f 188/775/1648 232/776/1649 180/633/1650
f 234/607/1651 312/626/1652 309/605/1653
f 440/948/1654 435/949/1655 271/826/1656 320/886/1657
f 441/950/1658 423/951/1659 196/606/1660
f 438/952/1661 441/950/1662 196/606/1663 246/764/1664
f 274/953/1665 290/954/1666 333/955/1667
f 238/706/1668 223/956/1669 214/636/1670
f 223/956/1671 215/637/1672 214/636/1673
f 179/777/1674 176/584/1675 325/957/1676
f 260/958/1677 259/959/1678 239/960/1679
f 269/619/1680 173/961/1681 291/718/1682
f 201/962/1683 173/961/1684 269/619/1685
f 193/595/1686 187/963/1687 244/593/1688
f 296/623/1689 273/719/1690 211/624/1691
f 173/964/1692 201/965/1693 177/966/1694
f 504/967/1695 528/968/1696 270/876/1697 332/969/1698
f 319/576/1699 210/761/1700 332/583/1701
f 343/411/1702 305/827/1703 345/412/1704
f 312/626/1705 307/625/1706 217/758/1707
f 265/865/1708 197/807/1709 281/661/1710
f 218/970/1711 229/577/1712 315/971/1713
f 324/972/1714 218/970/1715 315/971/1716
f 251/973/1717 183/974/1718 184/975/1719
f 329/976/1720 198/977/1721 260/978/1722
f 336/979/1723 300/665/1724 187/733/1725
f 197/807/1726 192/586/1727 281/661/1728
f 265/724/1729 318/980/1730 316/981/1731
f 345/412/1732 305/827/1733 271/826/1734 349/425/1735
f 284/982/1736 178/983/1737 235/984/1738
f 318/784/1739 249/712/1740 316/711/1741
f 402/985/1742 415/986/1743 198/987/1744 175/621/1745
f 424/988/1746 403/989/1747 328/755/1748 261/757/1749
f 336/979/1750 280/663/1751 300/665/1752
f 229/577/1753 218/990/1754 251/991/1755
f 203/811/1756 229/992/1757 251/993/1758
f 353/375/1759 224/860/1760 339/438/1761
f 206/640/1762 312/626/1763 330/740/1764
f 208/638/1765 225/585/1766 298/771/1767
f 298/994/1768 225/995/1769 179/996/1770
f 301/997/1771 215/998/1772 223/999/1773
f 259/1000/1774 310/1001/1775 239/1002/1776
f 346/448/1777 302/1003/1778 358/449/1779
f 170/451/1780 333/1004/1781 302/1005/1782 346/452/1783
f 256/612/1784 202/821/1785 238/706/1786
f 341/455/1787 347/456/1788 181/855/1789
f 182/692/1790 208/638/1791 222/698/1792
f 222/698/1793 208/638/1794 292/696/1795
f 447/457/1796 172/459/1797 448/1006/1798
f 200/652/1799 287/651/1800 306/763/1801
f 271/826/1802 276/885/1803 320/886/1804
f 230/731/1805 232/1007/1806 231/1008/1807
f 275/1009/1808 290/1010/1809 274/1011/1810
f 407/1012/1811 439/1013/1812 299/1014/1813
f 335/935/1814 275/720/1815 263/1015/1816
f 257/1016/1817 248/1017/1818 303/1018/1819
f 322/598/1820 250/664/1821 310/852/1822
f 414/1019/1823 195/596/1824 427/1020/1825
f 408/1021/1826 437/1022/1827 186/1023/1828 299/1024/1829
f 319/576/1830 278/575/1831 210/761/1832
f 295/1025/1833 220/1026/1834 219/1027/1835
f 434/1028/1836 440/948/1837 320/886/1838
f 191/1029/1839 247/1030/1840 326/1031/1841
f 267/690/1842 202/821/1843 258/691/1844
f 214/636/1845 220/657/1846 238/706/1847
f 343/411/1848 357/481/1849 305/827/1850
f 500/1032/1851 492/1033/1852 279/1034/1853
f 492/1035/1854 498/1036/1855 255/1037/1856 279/1038/1857
f 203/1039/1858 337/1040/1859 308/685/1860
f 278/575/1861 229/577/1862 308/685/1863
f 229/1041/1864 203/1042/1865 308/1043/1866
f 286/832/1867 176/584/1868 192/586/1869
f 266/1044/1870 291/1045/1871 173/1046/1872
f 266/873/1873 173/961/1874 177/1047/1875
f 294/1048/1876 213/1049/1877 256/1050/1878
f 290/1051/1879 194/662/1880 330/740/1881
f 234/607/1882 276/885/1883 307/625/1884
f 276/885/1885 190/825/1886 307/625/1887
f 511/1052/1888 530/744/1889 288/743/1890
f 282/589/1891 235/588/1892 273/719/1893
f 411/1053/1894 409/923/1895 243/673/1896 289/597/1897
f 207/672/1898 289/597/1899 243/673/1900
f 301/1054/1901 315/905/1902 215/1055/1903
f 310/852/1904 195/596/1905 322/598/1906
f 195/596/1907 310/852/1908 259/931/1909
f 505/858/1910 513/1056/1911 197/807/1912
f 338/1057/1913 176/1058/1914 286/1059/1915
f 329/828/1916 175/621/1917 198/987/1918
f 329/828/1919 201/962/1920 269/619/1921
f 331/721/1922 328/755/1923 283/643/1924
f 328/755/1925 331/721/1926 216/756/1927
f 275/720/1928 194/662/1929 290/1051/1930
f 263/1015/1931 275/720/1932 274/1060/1933
f 335/641/1934 263/1061/1935 274/1062/1936
f 426/1063/1937 438/952/1938 246/764/1939
f 278/1064/1940 237/1065/1941 228/1066/1942
f 524/1067/1943 512/759/1944 210/761/1945
f 337/1068/1946 227/1069/1947 308/1070/1948
f 338/1071/1949 282/1072/1950 325/1073/1951
f 176/1074/1952 338/1075/1953 325/1076/1954
f 490/1077/1955 284/587/1956 495/1078/1957
f 252/644/1958 269/619/1959 185/642/1960
f 245/614/1961 209/884/1962 314/689/1963
f 298/771/1964 326/697/1965 292/696/1966
f 427/1020/1967 195/596/1968 412/1079/1969
f 196/606/1970 276/885/1971 234/607/1972
f 276/885/1973 271/826/1974 190/825/1975
f 307/625/1976 317/677/1977 217/758/1978
f 310/852/1979 212/834/1980 221/850/1981
f 280/1080/1982 187/1081/1983 230/1082/1984
f 324/798/1985 301/1083/1986 223/799/1987
f 297/707/1988 277/725/1989 227/902/1990
f 241/1084/1991 277/725/1992 297/707/1993
f 295/658/1994 288/743/1995 268/786/1996
f 256/612/1997 220/657/1998 294/659/1999
f 281/661/2000 206/640/2001 194/662/2002
f 212/1085/2003 250/1086/2004 205/847/2005
f 284/982/2006 282/1087/2007 199/1088/2008
f 227/902/2009 337/1040/2010 226/751/2011
f 318/784/2012 304/660/2013 275/720/2014
f 253/1089/2015 279/1090/2016 255/1091/2017
f 317/677/2018 307/625/2019 190/825/2020
f 277/725/2021 235/588/2022 178/726/2023
f 235/588/2024 277/725/2025 241/1084/2026
f 183/1092/2027 218/1093/2028 248/1094/2029
f 241/1095/2030 297/1096/2031 235/1097/2032
f 235/588/2033 297/707/2034 273/719/2035
f 435/949/2036 417/1098/2037 271/826/2038
f 182/692/2039 174/859/2040 306/763/2041
f 190/825/2042 305/827/2043 317/677/2044
f 205/847/2045 242/1099/2046 221/1100/2047
f 266/1101/2048 177/1102/2049 240/1103/2050
f 226/1104/2051 251/1105/2052 323/1106/2053
f 251/1107/2054 184/1108/2055 323/1109/2056
f 226/751/2057 221/833/2058 242/1110/2059
f 313/1111/2060 191/1112/2061 326/1113/2062
f 266/873/2063 257/785/2064 291/718/2065
f 305/1114/2066 357/565/2067 358/564/2068 302/1005/2069
f 335/641/2070 351/566/2071 171/70/2072
f 181/855/2073 347/456/2074 352/567/2075 264/856/2076
f 264/856/2077 169/569/2078 348/568/2079 261/757/2080
f 249/712/2081 335/935/2082 350/571/2083 168/570/2084
f 274/1062/2085 342/572/2086 351/566/2087 335/641/2088
f 334/578/2089 356/4/2090 341/573/2091 181/809/2092
f 224/860/2093 167/376/2094 355/141/2095 334/578/2096
f 333/1004/2097 170/451/2098 340/574/2099 274/1062/2100
f 274/1062/2101 340/574/2102 342/572/2103
f 283/1115/2104 436/1116/2105 443/1117/2106 293/1118/2107
f 287/651/2108 442/1119/2109 433/1120/2110
f 328/755/2111 432/1121/2112 436/1122/2113 283/643/2114
f 198/1123/2115 429/1124/2116 431/1125/2117 260/1126/2118
f 261/757/2119 348/1127/2120 354/115/2121 444/684/2122 424/988/2123
f 196/606/2124 423/951/2125 434/1028/2126 320/886/2127
f 246/764/2128 422/1128/2129 426/1063/2130
f 287/651/2131 433/1120/2132 422/1128/2133 246/764/2134
f 186/1129/2135 437/1130/2136 421/1131/2137
f 186/1129/2138 421/1131/2139 419/1132/2140 189/648/2141
f 349/425/2142 271/826/2143 417/1098/2144 448/1006/2145 172/459/2146
f 198/987/2147 415/986/2148 413/1133/2149
f 198/1134/2150 413/1135/2151 429/1136/2152
f 195/596/2153 428/930/2154 412/1079/2155
f 260/1137/2156 431/1138/2157 410/1139/2158 259/1140/2159
f 299/1141/2160 439/1142/2161 408/1143/2162
f 299/1144/2163 243/673/2164 430/922/2165 407/1145/2166
f 289/1146/2167 406/1147/2168 411/1148/2169
f 195/1149/2170 414/1150/2171 406/1151/2172 289/1152/2173
f 293/824/2174 418/823/2175 405/1153/2176 272/620/2177
f 189/1154/2178 404/1155/2179 442/1156/2180 287/1157/2181
f 272/620/2182 405/1153/2183 402/985/2184 175/621/2185
f 112/1158/2186 122/1159/2187 401/1160/2188 393/1161/2189
f 116/81/2190 390/1162/2191 400/1163/2192
f 156/189/2193 112/74/2194 393/1164/2195 389/1165/2196
f 26/1166/2197 89/1167/2198 388/1168/2199 386/1169/2200
f 90/190/2201 381/433/2202 446/116/2203 354/115/2204 348/1127/2205
f 24/35/2206 148/323/2207 391/477/2208 380/392/2209
f 75/198/2210 383/513/2211 379/1170/2212
f 116/81/2213 75/198/2214 379/1170/2215 390/1162/2216
f 14/1171/2217 378/1172/2218 395/1173/2219
f 14/1171/2220 17/78/2221 376/1174/2222 378/1172/2223
f 349/425/2224 172/459/2225 394/458/2226 374/547/2227 100/263/2228
f 26/431/2229 369/1175/2230 372/429/2231
f 26/1176/2232 386/1177/2233 369/1178/2234
f 23/24/2235 368/528/2236 385/368/2237
f 89/1179/2238 88/1180/2239 366/1181/2240 388/1182/2241
f 118/1183/2242 367/1184/2243 363/1185/2244
f 23/1186/2245 118/1187/2246 363/1188/2247 370/1189/2248
f 122/259/2249 101/49/2250 362/1190/2251 375/260/2252
f 17/1191/2253 116/1192/2254 400/1193/2255 361/1194/2256
f 101/49/2257 3/48/2258 359/430/2259 362/1190/2260
f 394/458/2261 447/457/2262 448/1006/2263 417/1098/2264 435/949/2265 440/948/2266 434/1028/2267 423/951/2268 441/950/2269 438/952/2270 426/1063/2271 422/1128/2272 433/1120/2273 442/1119/2274 404/1155/2275 419/829/2276 421/1131/2277 437/1130/2278 408/1021/2279 439/1142/2280 407/1012/2281 430/922/2282 409/923/2283 411/1053/2284 406/1147/2285 414/1150/2286 427/1020/2287 412/1079/2288 428/930/2289 425/929/2290 410/932/2291 431/1138/2292 429/1124/2293 413/1135/2294 415/986/2295 402/985/2296 405/1153/2297 418/823/2298 420/822/2299 443/843/2300 436/1116/2301 432/1121/2302 416/703/2303 403/700/2304 424/988/2305 444/684/2306 445/114/2307 446/116/2308 381/433/2309 360/432/2310 373/134/2311 389/137/2312 393/1164/2313 401/1160/2314 377/281/2315 375/260/2316 362/1190/2317 359/430/2318 372/429/2319 369/1175/2320 386/1177/2321 388/1168/2322 366/1181/2321 382/373/2323 385/368/2324 368/528/2325 384/470/2326 370/469/2327 363/1188/2328 367/1184/2329 365/362/2330 387/357/2331 364/356/2332 371/358/2333 398/174/2334 395/471/2335 378/1172/2336 376/1174/2337 361/267/2338 400/1193/2339 390/1162/2340 379/1170/2341 383/513/2342 396/393/2343 399/391/2344 380/392/2345 391/477/2346 397/390/2347 392/389/2348 374/547/2349
f 78/144/2350 534/1195/2351 535/1196/2352 168/570/2353
f 278/1197/2354 228/1066/2355 527/1198/2356 523/1199/2357
f 228/1200/2358 521/1201/2359 527/1202/2360
f 228/1203/2361 233/1204/2362 518/1205/2363 521/1206/2364
f 249/712/2365 168/570/2366 535/1196/2367 517/1207/2368
f 316/1208/2369 516/1209/2370 522/1210/2371 265/1211/2372
f 316/711/2373 532/710/2374 516/1212/2375
f 219/944/2376 515/1213/2377 525/1214/2378
f 265/865/2379 514/1215/2380 531/857/2381 197/807/2382
f 265/865/2383 529/1216/2384 514/1215/2385
f 219/1217/2386 525/1218/2387 511/1219/2388 288/1220/2389
f 285/792/2390 526/819/2391 510/1221/2392
f 249/712/2393 517/1207/2394 509/709/2395
f 270/582/2396 528/1222/2397 508/1223/2398
f 219/944/2399 270/803/2400 508/1224/2401 515/1213/2402
f 197/807/2403 513/1056/2404 507/1225/2405
f 224/860/2406 506/1226/2407 533/1227/2408 339/438/2409
f 285/727/2410 510/1228/2411 503/1229/2412
f 233/1230/2413 501/1231/2414 518/1232/2415
f 285/1233/2416 503/1234/2417 501/1231/2418 233/1230/2419
f 204/808/2420 499/1235/2421 520/1236/2422 254/802/2423
f 204/808/2424 197/807/2425 507/1225/2426 499/1235/2427
f 254/802/2428 520/1236/2429 496/1237/2430 279/800/2431
f 279/800/2432 496/1237/2433 500/1238/2434
f 199/854/2435 497/1239/2436 495/1078/2437 284/587/2438
f 268/786/2439 288/743/2440 502/742/2441 494/1240/2442
f 224/860/2443 268/1241/2444 494/1242/2445 506/1226/2446
f 255/1243/2447 493/1244/2448 491/1245/2449
f 199/854/2450 255/715/2451 491/1246/2452 497/1239/2453
f 210/1247/2454 278/1248/2455 523/1249/2456 489/1250/2457
f 107/1251/2458 479/1252/2459 483/1253/2460 57/515/2461
f 57/1254/2462 483/1255/2463 477/1256/2464
f 57/1257/2465 477/1258/2466 474/1259/2467 62/1260/2468
f 144/1261/2469 94/1262/2470 478/1263/2471 473/1264/2472
f 144/145/2473 473/1265/2474 488/142/2475
f 48/385/2476 481/1266/2477 472/1267/2478
f 94/302/2479 25/241/2480 487/294/2481 471/1268/2482
f 94/302/2483 471/1268/2484 485/1269/2485
f 48/1270/2486 117/1271/2487 468/1272/2488 481/1273/2489
f 114/226/2490 467/1274/2491 482/254/2492
f 78/144/2493 466/143/2494 534/1195/2495
f 99/10/2496 465/1275/2497 484/1276/2498
f 48/385/2499 472/1267/2500 465/1277/2501 99/237/2502
f 25/241/2503 464/1278/2504 470/506/2505
f 53/297/2506 339/438/2507 533/1227/2508 463/1279/2509
f 114/160/2510 460/1280/2511 467/1281/2512
f 62/1282/2513 474/1283/2514 458/1284/2515
f 114/1285/2516 62/1282/2517 458/1284/2518 460/1286/2519
f 32/242/2520 83/235/2521 476/1287/2522 456/1288/2523
f 32/242/2524 456/1288/2525 464/1278/2526 25/241/2527
f 83/235/2528 108/234/2529 454/1289/2530 476/1287/2531
f 108/234/2532 457/1290/2533 454/1289/2534
f 97/220/2535 453/1291/2536 459/176/2537 117/178/2538
f 53/297/2539 463/1279/2540 453/1292/2541 97/1293/2542
f 84/1294/2543 39/1295/2544 452/1296/2545
f 38/1297/2546 449/1298/2547 479/1299/2548 107/1300/2549
f 535/1196/2550 534/1195/2551 466/143/2552 488/142/2553 473/1264/2554 478/155/2555 485/1269/2556 471/1268/2557 487/294/2558 462/295/2559 470/506/2560 464/1278/2559 456/1288/2561 476/1287/2562 454/1289/2563 457/482/2564 451/486/2565 455/148/2566 452/1296/2567 39/291/2568 450/255/2569 482/254/2570 467/1281/2571 460/1286/2572 458/1284/2573 474/1259/2574 477/1256/2575 483/1253/2576 479/1299/2577 449/307/2578 480/517/2579 469/194/2580 475/303/2581 461/409/2582 484/1276/2583 465/1277/2584 472/1267/2585 481/1273/2586 468/502/2587 486/177/2588 459/176/2589 453/1292/2590 463/1279/2591 533/1227/2592 506/1226/2593 494/1240/2594 502/742/2595 530/744/2596 511/1219/2597 525/1214/2598 515/1213/2599 508/1223/2600 528/968/2601 504/867/2602 519/760/2603 512/759/2604 524/869/2605 489/1250/2606 523/1199/2607 527/1202/2608 521/1206/2609 518/1232/2610 501/1231/2611 503/1229/2612 510/1221/2613 526/819/2614 490/1077/2615 495/1078/2616 497/1239/2617 491/1245/2618 493/714/2619 498/1036/2620 492/1033/2621 500/1238/2622 496/1237/2623 520/1236/2624 499/1235/2625 507/1225/2626 513/1056/2627 505/858/2628 531/857/2629 514/1215/2630 529/723/2631 522/1210/2632 516/1212/2633 532/710/2634 509/709/2635 517/1207/2635
