# Blender v2.79 (sub 0) OBJ File: 'redo_fixed_360_joints.blend'
# www.blender.org
mtllib sungaya_inexpectata_31mg.mtl
o 27-h-l-femur.000_Sungaya_inexpectata_31mg.073
v -0.001821 -0.000126 -0.000505
v -0.001916 -0.000119 -0.000467
v 0.000918 -0.000060 0.000566
v 0.000905 -0.000129 0.000577
v 0.001343 0.000056 0.000402
v -0.000590 -0.000128 0.000055
v -0.000593 -0.000011 -0.000120
v 0.001305 -0.000079 0.000613
v -0.001963 0.000101 -0.000678
v 0.000882 -0.000034 0.000450
v 0.000854 -0.000053 0.000499
v -0.001896 0.000228 -0.000707
v -0.001905 0.000220 -0.000638
v -0.000022 -0.000017 0.000376
v -0.000066 -0.000033 0.000329
v 0.000164 -0.000045 0.000419
v 0.000205 -0.000108 0.000391
v 0.001417 -0.000060 0.000580
v 0.001441 -0.000092 0.000664
v 0.002050 0.000082 0.000713
v -0.000408 -0.000137 0.000168
v -0.000353 -0.000155 0.000202
v 0.000158 -0.000075 0.000327
v 0.000352 0.000047 0.000212
v 0.001747 0.000103 0.000502
v 0.001973 0.000170 0.000504
v 0.000043 -0.000134 0.000209
v 0.002072 0.000131 0.000578
v -0.000592 0.000041 0.000111
v -0.000641 -0.000034 0.000062
v 0.002098 -0.000064 0.000614
v 0.002146 -0.000093 0.000664
v 0.000012 -0.000104 0.000105
v -0.000234 -0.000150 0.000248
v -0.001213 -0.000122 -0.000650
v 0.001894 0.000059 0.000622
v -0.000979 0.000071 -0.000093
v -0.001430 0.000054 -0.000340
v -0.001454 0.000090 -0.000226
v 0.001050 -0.000097 0.000314
v -0.000756 -0.000103 -0.000314
v -0.000630 -0.000101 -0.000264
v 0.000020 -0.000080 0.000279
v 0.000404 0.000014 0.000168
v -0.001573 -0.000026 -0.000766
v -0.001498 0.000045 -0.000747
v -0.000673 -0.000081 0.000060
v -0.001518 0.000014 -0.000205
v -0.001544 0.000132 -0.000538
v -0.001662 0.000059 -0.000273
v -0.001486 -0.000063 -0.000234
v 0.001052 -0.000093 0.000423
v 0.001150 -0.000086 0.000512
v -0.001589 0.000112 -0.000796
v 0.001018 -0.000089 0.000354
v -0.000989 -0.000145 -0.000020
v -0.001006 -0.000086 -0.000095
v -0.000930 -0.000113 -0.000048
v -0.001867 0.000030 -0.000885
v -0.001837 -0.000010 -0.000847
v -0.001094 0.000037 -0.000459
v -0.000867 -0.000161 0.000020
v -0.000722 -0.000171 0.000049
v 0.001675 -0.000069 0.000701
v 0.001617 -0.000032 0.000687
v -0.000967 0.000067 -0.000068
v -0.001006 0.000098 -0.000074
v 0.000650 -0.000147 0.000487
v 0.000681 -0.000173 0.000523
v 0.000655 -0.000097 0.000513
v 0.000559 -0.000120 0.000497
v 0.000570 -0.000168 0.000487
v -0.000310 0.000130 -0.000227
v 0.000321 0.000131 0.000150
v 0.002528 -0.000129 0.000584
v -0.000448 -0.000095 -0.000113
v -0.001846 0.000123 -0.000910
v -0.001709 0.000063 -0.000832
v -0.000247 0.000042 -0.000045
v -0.000229 0.000135 -0.000165
v 0.000486 -0.000166 0.000469
v -0.001099 0.000076 -0.000134
v 0.001407 0.000035 0.000535
v 0.001464 -0.000024 0.000497
v 0.001994 -0.000071 0.000751
v -0.001607 -0.000056 -0.000355
v 0.000784 -0.000063 0.000488
v -0.000055 -0.000053 0.000202
v 0.001568 -0.000009 0.000532
v 0.001283 0.000014 0.000509
v -0.000870 0.000055 -0.000353
v -0.000910 0.000047 -0.000264
v 0.002463 0.000231 0.000885
v -0.000093 0.000063 0.000001
v 0.001107 0.000035 0.000355
v -0.000120 -0.000011 0.000334
v 0.002125 -0.000088 0.000460
v 0.001858 0.000022 0.000742
v 0.001756 -0.000061 0.000430
v 0.001830 0.000115 0.000501
v 0.000307 0.000022 0.000140
v -0.000097 -0.000087 0.000039
v -0.001928 0.000246 -0.000779
v -0.001280 -0.000036 -0.000295
v 0.000261 -0.000128 0.000108
v 0.001587 -0.000054 0.000428
v 0.001635 -0.000054 0.000427
v 0.000286 0.000093 0.000142
v 0.001353 0.000077 0.000448
v 0.001230 0.000114 0.000419
v -0.000492 0.000042 -0.000196
v -0.000573 -0.000084 -0.000215
v -0.000188 -0.000093 0.000260
v -0.000154 -0.000024 0.000292
v 0.000156 -0.000134 0.000268
v 0.000176 -0.000123 0.000194
v 0.001448 -0.000051 0.000424
v 0.001414 -0.000078 0.000381
v -0.001418 -0.000043 -0.000349
v -0.001209 0.000047 -0.000268
v -0.001217 0.000077 -0.000203
v 0.000440 -0.000157 0.000448
v -0.001388 0.000083 -0.000482
v -0.000995 -0.000094 -0.000418
v -0.001146 -0.000095 -0.000479
v -0.000976 -0.000125 -0.000475
v 0.002350 -0.000179 0.000626
v 0.001981 0.000066 0.000655
v -0.001822 0.000094 -0.000319
v -0.001210 0.000055 -0.000619
v 0.001814 -0.000037 0.000515
v 0.001853 -0.000058 0.000442
v 0.001634 -0.000010 0.000528
v -0.001266 -0.000095 -0.000418
v -0.000324 -0.000061 0.000106
v -0.000538 -0.000082 -0.000015
v -0.000436 -0.000098 0.000059
v -0.000508 -0.000121 0.000096
v 0.000683 -0.000079 0.000513
v -0.001845 0.000187 -0.000360
v 0.000233 -0.000068 0.000415
v 0.000580 -0.000101 0.000389
v 0.000638 -0.000105 0.000227
v -0.000581 -0.000012 0.000058
v -0.000535 -0.000043 0.000009
v -0.000215 -0.000032 0.000115
v 0.000582 -0.000045 0.000388
v -0.001965 0.000028 -0.000632
v -0.000203 -0.000180 0.000232
v 0.000526 -0.000104 0.000289
v 0.002412 -0.000062 0.000445
v 0.002249 -0.000105 0.000468
v -0.001637 -0.000052 -0.000234
v -0.001900 -0.000121 -0.000815
v -0.000581 -0.000161 0.000088
v -0.000801 -0.000004 -0.000136
v 0.001733 -0.000027 0.000458
v -0.001945 -0.000085 -0.000463
v -0.000807 -0.000130 -0.000380
v -0.001291 -0.000112 -0.000133
v -0.001272 -0.000043 -0.000256
v -0.000349 -0.000136 0.000168
v 0.002217 -0.000114 0.000545
v 0.002411 0.000154 0.000469
v -0.000911 0.000008 -0.000089
v -0.001351 0.000070 -0.000226
v -0.000183 -0.000102 0.000002
v -0.001696 -0.000132 -0.000558
v -0.001563 -0.000135 -0.000566
v 0.000470 0.000103 0.000220
v 0.000561 0.000046 0.000267
v 0.001685 -0.000054 0.000630
v -0.001774 -0.000083 -0.000334
v -0.001686 -0.000069 -0.000262
v -0.000711 -0.000142 -0.000335
v 0.000926 -0.000005 0.000312
v 0.001117 -0.000022 0.000482
v 0.001024 -0.000021 0.000479
v -0.001138 -0.000124 -0.000076
v -0.000836 0.000061 -0.000008
v 0.001498 -0.000081 0.000395
v 0.000246 -0.000075 0.000307
v 0.002298 0.000217 0.000700
v 0.002355 0.000215 0.000766
v -0.001669 0.000159 -0.000728
v -0.001336 0.000064 -0.000659
v 0.002280 0.000213 0.000554
v -0.000849 -0.000040 -0.000197
v -0.000841 -0.000063 -0.000278
v 0.002493 -0.000201 0.000690
v 0.002181 -0.000113 0.000746
v 0.002162 -0.000044 0.000817
v -0.000159 0.000061 -0.000026
v -0.000168 0.000116 -0.000106
v -0.001923 0.000204 -0.000433
v 0.001635 0.000098 0.000517
v -0.001076 0.000022 -0.000619
v -0.001033 0.000067 -0.000650
v 0.000028 0.000014 0.000127
v 0.000149 0.000032 0.000153
v -0.001168 -0.000077 -0.000657
v -0.001156 0.000042 -0.000712
v -0.000412 -0.000057 0.000030
v -0.001552 -0.000052 -0.000323
v -0.000674 -0.000021 -0.000104
v 0.002438 0.000266 0.000756
v -0.001772 -0.000166 -0.000686
v -0.000825 -0.000077 -0.000066
v -0.000390 0.000079 -0.000187
v -0.000311 0.000058 -0.000130
v 0.001900 0.000037 0.000749
v 0.001957 0.000018 0.000463
v 0.000835 -0.000030 0.000279
v 0.000751 0.000042 0.000288
v -0.000016 0.000073 -0.000005
v -0.000722 -0.000084 -0.000022
v 0.002205 0.000069 0.000474
v 0.002302 0.000087 0.000846
v 0.002217 0.000080 0.000838
v -0.000318 -0.000116 -0.000135
v -0.000031 -0.000160 0.000272
v 0.000096 -0.000109 0.000352
v -0.001241 -0.000016 -0.000707
v 0.002137 0.000056 0.000485
v 0.000702 0.000019 0.000337
v -0.000366 -0.000094 -0.000000
v -0.000203 -0.000094 0.000097
v 0.002368 -0.000156 0.000513
v -0.001027 0.000029 -0.000571
v 0.000119 -0.000182 0.000332
v 0.000785 -0.000101 0.000306
v -0.001957 -0.000010 -0.000668
v 0.000069 -0.000047 0.000216
v -0.001853 0.000209 -0.000855
v 0.000021 -0.000103 0.000007
v -0.000667 0.000060 -0.000267
v 0.001511 0.000023 0.000549
v 0.002472 0.000271 0.000655
v -0.001053 -0.000055 -0.000288
v 0.000334 -0.000088 0.000272
v -0.001956 0.000185 -0.000705
v -0.001276 0.000052 -0.000556
v -0.000910 0.000070 -0.000509
v -0.000803 -0.000021 0.000035
v 0.002041 -0.000066 0.000445
v -0.001579 0.000142 -0.000562
v -0.001780 0.000220 -0.000777
v 0.000942 -0.000098 0.000461
v 0.001768 0.000032 0.000621
v -0.000829 -0.000037 -0.000470
v -0.001783 0.000058 -0.000332
v -0.001362 -0.000110 -0.000483
v -0.000943 -0.000054 -0.000268
v -0.001148 -0.000085 -0.000364
v -0.001200 -0.000108 -0.000583
v -0.001883 0.000273 -0.000514
v -0.000479 0.000007 0.000169
v 0.001136 0.000085 0.000402
v 0.002584 -0.000001 0.000532
v 0.002546 0.000082 0.000451
v -0.000596 0.000004 0.000104
v -0.000691 -0.000056 -0.000172
v 0.001133 -0.000027 0.000516
v 0.000420 -0.000146 0.000136
v -0.000692 0.000060 0.000063
v -0.000750 -0.000144 0.000016
v -0.001405 0.000077 -0.000611
v -0.001211 0.000017 -0.000116
v -0.001187 -0.000075 -0.000076
v 0.001175 -0.000095 0.000344
v 0.001147 -0.000080 0.000390
v 0.001108 -0.000130 0.000628
v -0.001449 -0.000085 -0.000140
v 0.000334 -0.000168 0.000090
v 0.000252 -0.000166 0.000048
v -0.001795 -0.000006 -0.000350
v -0.001863 -0.000083 -0.000358
v -0.001833 0.000241 -0.000452
v -0.001716 0.000201 -0.000550
v 0.000388 -0.000122 0.000448
v 0.001436 -0.000009 0.000637
v 0.000758 -0.000105 0.000404
v 0.001949 -0.000057 0.000741
v 0.002150 0.000143 0.000622
v 0.002266 0.000179 0.000644
v -0.000733 -0.000065 -0.000341
v -0.000415 -0.000035 -0.000207
v -0.001293 -0.000125 -0.000067
v -0.001443 -0.000048 -0.000269
v -0.000411 0.000015 -0.000095
v -0.001409 -0.000115 -0.000644
v -0.001409 -0.000120 -0.000556
v -0.001921 0.000036 -0.000351
v 0.000178 -0.000132 0.000046
v 0.000851 -0.000131 0.000518
v 0.000977 -0.000120 0.000545
v -0.001004 0.000047 -0.000421
v -0.000941 -0.000161 0.000004
v -0.001756 0.000185 -0.000339
v -0.001076 0.000062 -0.000647
v 0.001299 -0.000133 0.000676
v 0.000109 -0.000038 0.000408
v 0.000299 -0.000079 0.000430
v -0.000930 0.000002 -0.000133
v 0.001570 0.000112 0.000463
v -0.001009 -0.000127 -0.000549
v 0.000182 0.000072 0.000095
v 0.000509 -0.000180 0.000474
v 0.001549 -0.000075 0.000659
v -0.000841 0.000075 -0.000465
v -0.001109 -0.000122 -0.000610
v 0.001973 -0.000053 0.000600
v 0.001443 0.000061 0.000414
v -0.000397 -0.000144 -0.000217
v 0.002605 0.000050 0.000566
v 0.002069 0.000185 0.000512
v 0.002132 0.000195 0.000499
v -0.001034 0.000059 -0.000580
v -0.001116 0.000098 -0.000148
v 0.000371 -0.000121 0.000161
v 0.000525 0.000081 0.000237
v 0.000541 0.000009 0.000218
v -0.000474 -0.000035 0.000108
v 0.001476 0.000099 0.000454
v 0.002087 0.000071 0.000835
v 0.001354 -0.000050 0.000428
v -0.001935 0.000168 -0.000531
v -0.001230 0.000061 -0.000389
v 0.002616 -0.000063 0.000595
v -0.001976 0.000138 -0.000452
v 0.000277 -0.000066 0.000103
v 0.002244 0.000205 0.000499
v -0.000267 -0.000048 0.000181
v 0.002321 -0.000125 0.000780
v -0.001918 -0.000155 -0.000577
v -0.001495 0.000083 -0.000775
v -0.000516 0.000003 -0.000104
v -0.001780 -0.000113 -0.000416
v -0.001912 0.000140 -0.000332
v -0.001877 0.000058 -0.000357
v 0.000048 -0.000170 0.000309
v 0.002357 0.000219 0.000502
v -0.001523 0.000078 -0.000358
v 0.000236 -0.000103 0.000281
v 0.000292 -0.000124 0.000341
v -0.000160 -0.000142 0.000213
v 0.001223 -0.000011 0.000517
v 0.001835 -0.000002 0.000478
v -0.001407 -0.000105 -0.000710
v 0.002581 0.000203 0.000648
v 0.001215 0.000015 0.000374
v 0.002332 -0.000166 0.000707
v 0.000493 -0.000055 0.000358
v -0.001949 -0.000079 -0.000671
v -0.001695 0.000171 -0.000323
v 0.001981 -0.000068 0.000428
v -0.001189 0.000057 -0.000208
v 0.002459 0.000285 0.000690
v 0.002054 0.000004 0.000816
v 0.002189 0.000120 0.000793
v -0.000155 0.000049 -0.000081
v -0.000182 -0.000139 -0.000122
v -0.001331 0.000101 -0.000188
v -0.001856 0.000299 -0.000760
v -0.001885 0.000270 -0.000801
v -0.000554 -0.000072 -0.000127
v 0.001625 0.000019 0.000607
v -0.001006 0.000031 -0.000227
v 0.002208 0.000140 0.000729
v 0.002257 -0.000054 0.000456
v -0.000990 -0.000065 -0.000533
v -0.001609 -0.000096 -0.000468
v -0.001510 -0.000108 -0.000480
v 0.000081 -0.000080 0.000292
v 0.000432 -0.000042 0.000329
v 0.000987 -0.000042 0.000541
v 0.001236 0.000081 0.000425
v -0.000243 0.000036 -0.000136
v -0.001855 -0.000184 -0.000791
v -0.001897 -0.000215 -0.000745
v -0.000044 -0.000056 0.000292
v 0.000021 -0.000064 0.000319
v -0.000765 0.000074 -0.000341
v 0.001536 0.000011 0.000424
v -0.002002 0.000153 -0.000351
v 0.000530 -0.000058 0.000188
v -0.001834 0.000282 -0.000631
v -0.001300 -0.000102 -0.000531
v -0.000734 -0.000008 -0.000028
v -0.001182 -0.000033 -0.000260
v -0.001988 0.000154 -0.000625
v -0.002006 0.000133 -0.000522
v 0.001314 -0.000063 0.000359
v 0.000728 -0.000071 0.000244
v -0.001529 -0.000140 -0.000730
v 0.002283 -0.000061 0.000819
v -0.001345 0.000063 -0.000725
v 0.000395 -0.000087 0.000418
v 0.001260 -0.000077 0.000371
v 0.001682 -0.000054 0.000436
v 0.000127 0.000004 0.000042
v -0.000448 -0.000172 -0.000260
v -0.000514 -0.000156 -0.000269
v 0.000419 -0.000105 0.000299
v -0.000594 0.000018 -0.000302
v -0.000636 0.000081 -0.000337
v -0.000557 0.000031 -0.000270
v -0.001722 -0.000169 -0.000772
v -0.001324 -0.000113 -0.000707
v 0.001777 -0.000069 0.000720
v -0.000712 0.000096 -0.000387
v -0.000756 0.000082 -0.000403
v -0.001970 0.000081 -0.000499
v -0.000945 -0.000040 -0.000137
v 0.000056 -0.000099 0.000002
v -0.001020 -0.000031 -0.000189
v -0.000549 -0.000180 -0.000330
v -0.001138 -0.000127 -0.000041
v -0.000759 -0.000053 -0.000113
v -0.000073 -0.000103 -0.000061
v 0.001840 -0.000058 0.000416
v 0.001798 -0.000045 0.000443
v -0.001561 0.000098 -0.000267
v -0.000331 0.000011 -0.000157
v 0.002461 -0.000121 0.000512
v 0.001078 0.000090 0.000385
v -0.000385 -0.000060 0.000126
v 0.001312 -0.000007 0.000624
v -0.000407 0.000123 -0.000323
v -0.001918 -0.000210 -0.000683
v -0.000920 0.000007 -0.000505
v -0.000770 -0.000115 -0.000411
v -0.000725 -0.000158 -0.000415
v -0.000284 -0.000031 0.000239
v -0.000381 -0.000020 0.000191
v -0.000929 0.000024 -0.000063
v -0.000856 -0.000003 0.000005
v -0.001413 0.000092 -0.000738
v -0.001044 -0.000005 -0.000101
v 0.001164 -0.000059 0.000627
v 0.002547 0.000180 0.000604
v 0.000499 -0.000128 0.000176
v -0.000658 -0.000086 -0.000311
v -0.000558 -0.000029 -0.000260
v 0.000401 -0.000149 0.000390
v -0.000903 0.000088 -0.000012
v -0.000667 -0.000153 -0.000364
v 0.001072 -0.000023 0.000602
v 0.001109 -0.000095 0.000326
v -0.001093 -0.000053 -0.000156
v 0.000958 -0.000017 0.000571
v 0.001072 0.000002 0.000570
v 0.000859 -0.000038 0.000540
v -0.000999 0.000069 -0.000619
v 0.000896 0.000061 0.000327
v -0.001059 0.000031 -0.000153
v 0.002288 0.000159 0.000790
v 0.000771 -0.000189 0.000558
v -0.000893 0.000080 -0.000559
v 0.000264 -0.000167 0.000388
v -0.000873 -0.000135 -0.000503
v -0.000681 -0.000008 0.000007
v -0.000402 0.000109 -0.000253
v -0.002007 0.000084 -0.000391
v 0.002508 0.000297 0.000778
v 0.002456 -0.000201 0.000772
v 0.000538 -0.000082 0.000476
v 0.000028 0.000067 0.000041
v -0.000068 0.000103 -0.000038
v 0.000448 -0.000074 0.000469
v -0.001227 0.000110 -0.000142
v -0.000284 -0.000179 0.000186
v 0.001014 -0.000124 0.000285
v 0.000911 -0.000105 0.000288
v 0.000848 -0.000169 0.000572
v -0.000378 -0.000244 0.000196
v 0.001182 -0.000021 0.000585
v -0.001226 -0.000136 -0.000035
v 0.002403 0.000037 0.000434
v -0.000279 -0.000090 -0.000154
v -0.000300 -0.000154 -0.000178
v -0.001912 -0.000080 -0.000845
v -0.001974 -0.000078 -0.000668
v -0.001940 0.000245 -0.000771
v -0.001902 0.000185 -0.000879
v -0.001936 0.000243 -0.000782
v -0.001963 0.000194 -0.000705
v -0.001927 0.000253 -0.000808
v -0.001971 0.000115 -0.000680
v -0.001888 0.000085 -0.000917
v -0.001974 -0.000042 -0.000667
v -0.001979 -0.000015 -0.000654
v -0.001894 0.000133 -0.000902
v -0.001925 -0.000140 -0.000806
v -0.001920 -0.000120 -0.000822
v -0.001930 -0.000177 -0.000791
v -0.001946 -0.000189 -0.000745
v -0.001888 0.000111 -0.000916
v -0.001962 -0.000117 -0.000701
v -0.001957 -0.000166 -0.000714
v -0.001975 0.000080 -0.000668
v -0.001969 0.000132 -0.000685
v -0.001906 0.000195 -0.000869
v -0.001894 0.000031 -0.000899
v -0.001937 -0.000191 -0.000772
v -0.001943 0.000242 -0.000762
v -0.001923 0.000248 -0.000821
v 0.002605 0.000200 0.000633
v 0.002637 0.000044 0.000575
v 0.002537 0.000291 0.000761
v 0.002554 0.000270 0.000728
v 0.002486 -0.000135 0.000864
v 0.002575 -0.000190 0.000695
v 0.002493 -0.000179 0.000851
v 0.002465 0.000245 0.000898
v 0.002590 0.000219 0.000661
v 0.002630 0.000070 0.000588
v 0.002513 -0.000207 0.000814
v 0.002591 -0.000175 0.000665
v 0.002567 0.000248 0.000704
v 0.002467 0.000259 0.000895
v 0.002634 0.000019 0.000580
v 0.002633 -0.000065 0.000584
v 0.002600 0.000208 0.000642
v 0.002460 0.000231 0.000909
v 0.002618 -0.000139 0.000613
v 0.002465 0.000159 0.000900
v 0.002469 0.000211 0.000891
v 0.002479 0.000269 0.000872
v 0.002476 0.000074 0.000880
v 0.002477 0.000057 0.000878
v 0.002620 -0.000114 0.000608
v 0.002493 -0.000150 0.000851
v 0.002618 -0.000132 0.000612
v 0.002546 0.000286 0.000744
v 0.002515 0.000293 0.000802
v 0.002465 0.000258 0.000898
v 0.002527 -0.000207 0.000788
v 0.002488 -0.000139 0.000861
vt 0.304630 0.547442
vt 0.304233 0.547559
vt 0.304118 0.545738
vt 0.303362 0.544510
vt 0.494294 0.448775
vt 0.492838 0.449592
vt 0.488938 0.450845
vt 0.047002 0.924046
vt 0.486444 0.451773
vt 0.485058 0.452345
vt 0.455059 0.151923
vt 0.704180 0.459686
vt 0.702510 0.459767
vt 0.961128 0.371201
vt 0.787410 0.767746
vt 0.057331 0.208348
vt 0.492584 0.093616
vt 0.074718 0.055392
vt 0.375186 0.309777
vt 0.374404 0.309191
vt 0.371844 0.308810
vt 0.370312 0.308599
vt 0.588576 0.741895
vt 0.745322 0.903627
vt 0.306995 0.551404
vt 0.687127 0.267938
vt 0.136012 0.361561
vt 0.136946 0.361966
vt 0.136091 0.362761
vt 0.007464 0.912631
vt 0.010438 0.911724
vt 0.009103 0.913120
vt 0.012451 0.007022
vt 0.012874 0.002849
vt 0.014160 0.004455
vt 0.141265 0.575444
vt 0.143981 0.575673
vt 0.139243 0.581147
vt 0.377119 0.314234
vt 0.375310 0.310209
vt 0.378541 0.310968
vt 0.385477 0.444528
vt 0.382925 0.448434
vt 0.386107 0.443261
vt 0.016005 0.001609
vt 0.016920 0.004036
vt 0.426172 0.336373
vt 0.428437 0.335057
vt 0.429620 0.336972
vt 0.819827 0.267573
vt 0.823849 0.265006
vt 0.824024 0.269865
vt 0.780784 0.954885
vt 0.781755 0.955676
vt 0.782978 0.957495
vt 0.492899 0.450157
vt 0.495441 0.448964
vt 0.495891 0.450775
vt 0.351136 0.039686
vt 0.349243 0.037838
vt 0.351412 0.038849
vt 0.356224 0.663277
vt 0.355949 0.664631
vt 0.352502 0.664365
vt 0.390510 0.239978
vt 0.389375 0.241567
vt 0.388652 0.240522
vt 0.943308 0.723607
vt 0.944210 0.722774
vt 0.943542 0.725484
vt 0.949489 0.114703
vt 0.949438 0.112226
vt 0.950032 0.114215
vt 0.388760 0.358160
vt 0.390785 0.360210
vt 0.388093 0.359861
vt 0.341918 0.049719
vt 0.344226 0.049759
vt 0.342274 0.051527
vt 0.277854 0.772626
vt 0.278456 0.776120
vt 0.276615 0.774542
vt 0.530001 0.713367
vt 0.526843 0.710802
vt 0.528920 0.711302
vt 0.389004 0.131823
vt 0.388233 0.132927
vt 0.388130 0.131186
vt 0.406076 0.551011
vt 0.402878 0.551748
vt 0.401895 0.547997
vt 0.430734 0.324716
vt 0.432565 0.323579
vt 0.433417 0.325019
vt 0.856595 0.254522
vt 0.855707 0.255813
vt 0.854518 0.252942
vt 0.312798 0.474319
vt 0.311186 0.477047
vt 0.309017 0.477412
vt 0.541013 0.434328
vt 0.540790 0.431682
vt 0.544134 0.432778
vt 0.840243 0.258803
vt 0.840241 0.256925
vt 0.842722 0.259026
vt 0.958670 0.159749
vt 0.957739 0.159028
vt 0.959032 0.158831
vt 0.361238 0.416998
vt 0.363890 0.415127
vt 0.365281 0.416347
vt 0.529203 0.441269
vt 0.528410 0.440293
vt 0.529787 0.438845
vt 0.647837 0.557221
vt 0.649213 0.557562
vt 0.643818 0.559770
vt 0.794391 0.547623
vt 0.794675 0.548478
vt 0.793597 0.550158
vt 0.393062 0.361290
vt 0.396676 0.361494
vt 0.394807 0.364787
vt 0.260084 0.633765
vt 0.262456 0.631055
vt 0.262307 0.635455
vt 0.873704 0.027487
vt 0.871842 0.024972
vt 0.874195 0.024770
vt 0.142227 0.572006
vt 0.144437 0.567727
vt 0.146309 0.568265
vt 0.116649 0.614437
vt 0.121965 0.612786
vt 0.120391 0.615819
vt 0.711704 0.713028
vt 0.709629 0.714897
vt 0.708521 0.713119
vt 0.345135 0.046679
vt 0.346542 0.049219
vt 0.136105 0.589099
vt 0.139500 0.587670
vt 0.135392 0.594517
vt 0.931817 0.285525
vt 0.932640 0.283224
vt 0.933006 0.286212
vt 0.356667 0.661510
vt 0.358467 0.664140
vt 0.984781 0.163492
vt 0.986200 0.162626
vt 0.986094 0.164230
vt 0.351932 0.686613
vt 0.350230 0.687773
vt 0.352134 0.684410
vt 0.791449 0.348472
vt 0.792605 0.346441
vt 0.792788 0.347834
vt 0.539773 0.158131
vt 0.537649 0.158550
vt 0.539973 0.156338
vt 0.540360 0.157872
vt 0.411480 0.455512
vt 0.407628 0.451372
vt 0.412446 0.454280
vt 0.369617 0.319265
vt 0.366752 0.317148
vt 0.370522 0.316565
vt 0.279377 0.776115
vt 0.281620 0.777915
vt 0.910918 0.323181
vt 0.909993 0.325491
vt 0.909329 0.325606
vt 0.848270 0.119758
vt 0.847081 0.117880
vt 0.849468 0.117863
vt 0.609603 0.742730
vt 0.609014 0.741341
vt 0.613346 0.743755
vt 0.846525 0.128816
vt 0.846488 0.122747
vt 0.849795 0.128164
vt 0.430058 0.333091
vt 0.431313 0.334256
vt 0.300082 0.539114
vt 0.303401 0.540639
vt 0.300868 0.542118
vt 0.712302 0.710099
vt 0.714516 0.708897
vt 0.714043 0.712651
vt 0.058113 0.819912
vt 0.060287 0.821224
vt 0.056442 0.819913
vt 0.840186 0.125593
vt 0.842525 0.126147
vt 0.838719 0.126747
vt 0.093038 0.974950
vt 0.093068 0.976377
vt 0.090521 0.976747
vt 0.206982 0.017001
vt 0.206181 0.016002
vt 0.207036 0.014738
vt 0.010458 0.004124
vt 0.009295 0.008506
vt 0.273282 0.622188
vt 0.271274 0.621586
vt 0.273354 0.617887
vt 0.275438 0.618320
vt 0.274590 0.616477
vt 0.277621 0.614564
vt 0.386554 0.440047
vt 0.388722 0.440560
vt 0.123977 0.606828
vt 0.121374 0.609609
vt 0.495017 0.457580
vt 0.495360 0.458922
vt 0.493049 0.457375
vt 0.035358 0.148133
vt 0.034264 0.146711
vt 0.034276 0.145969
vt 0.153654 0.556726
vt 0.151665 0.555991
vt 0.154290 0.553081
vt 0.865797 0.245139
vt 0.865431 0.247106
vt 0.863122 0.246399
vt 0.519212 0.605355
vt 0.518275 0.611183
vt 0.517292 0.607992
vt 0.819509 0.325911
vt 0.819812 0.324394
vt 0.821109 0.325168
vt 0.350237 0.034212
vt 0.351941 0.030459
vt 0.354355 0.031474
vt 0.733824 0.370763
vt 0.736051 0.372486
vt 0.731780 0.372186
vt 0.343423 0.761805
vt 0.345931 0.760250
vt 0.345584 0.762278
vt 0.149922 0.559117
vt 0.149718 0.553592
vt 0.533678 0.158256
vt 0.537948 0.155802
vt 0.371989 0.318926
vt 0.118717 0.611067
vt 0.147610 0.563419
vt 0.146065 0.561598
vt 0.149481 0.564308
vt 0.823209 0.151497
vt 0.824305 0.150969
vt 0.824663 0.151879
vt 0.836052 0.133615
vt 0.838995 0.134550
vt 0.837170 0.134776
vt 0.383351 0.758947
vt 0.381317 0.756467
vt 0.385040 0.756671
vt 0.413691 0.454660
vt 0.412342 0.452190
vt 0.432060 0.911886
vt 0.434103 0.907198
vt 0.436779 0.908128
vt 0.588250 0.948425
vt 0.584851 0.950990
vt 0.584016 0.949382
vt 0.549778 0.089327
vt 0.549126 0.087684
vt 0.550343 0.086912
vt 0.985067 0.851025
vt 0.982866 0.852939
vt 0.982979 0.850867
vt 0.137378 0.584535
vt 0.135150 0.582758
vt 0.822402 0.800418
vt 0.821600 0.800317
vt 0.823230 0.798853
vt 0.882399 0.965071
vt 0.880779 0.964113
vt 0.881499 0.963554
vt 0.110935 0.879278
vt 0.114424 0.877796
vt 0.112674 0.880562
vt 0.112674 0.628870
vt 0.118005 0.629038
vt 0.117943 0.631690
vt 0.174946 0.744724
vt 0.170718 0.746689
vt 0.173748 0.744065
vt 0.894528 0.384276
vt 0.893398 0.385947
vt 0.892891 0.384540
vt 0.561990 0.685364
vt 0.558053 0.686042
vt 0.560222 0.683392
vt 0.261296 0.639483
vt 0.260658 0.636031
vt 0.156481 0.539507
vt 0.154806 0.538722
vt 0.156044 0.534257
vt 0.907523 0.182460
vt 0.907860 0.184049
vt 0.906643 0.183204
vt 0.343264 0.047826
vt 0.190036 0.482775
vt 0.189152 0.481810
vt 0.190659 0.481831
vt 0.396101 0.537512
vt 0.394329 0.538284
vt 0.393554 0.536157
vt 0.815562 0.623435
vt 0.814479 0.624862
vt 0.813124 0.622416
vt 0.218983 0.271468
vt 0.218870 0.270118
vt 0.220575 0.271247
vt 0.713645 0.787260
vt 0.711648 0.788972
vt 0.710975 0.786232
vt 0.409130 0.456431
vt 0.407963 0.453770
vt 0.123042 0.619461
vt 0.115272 0.619979
vt 0.839136 0.137175
vt 0.837642 0.137816
vt 0.218346 0.258232
vt 0.219322 0.258335
vt 0.219505 0.259248
vt 0.217983 0.260243
vt 0.218934 0.232493
vt 0.217445 0.232459
vt 0.217920 0.230578
vt 0.389921 0.353400
vt 0.392020 0.355892
vt 0.391367 0.353996
vt 0.015117 0.159078
vt 0.015252 0.161597
vt 0.014249 0.160133
vt 0.105967 0.982281
vt 0.104276 0.981021
vt 0.107349 0.981233
vt 0.432376 0.172815
vt 0.430737 0.172418
vt 0.431703 0.171135
vt 0.746630 0.855269
vt 0.745673 0.854806
vt 0.747146 0.854192
vt 0.900989 0.187145
vt 0.901063 0.187509
vt 0.900520 0.185983
vt 0.106834 0.162453
vt 0.107754 0.161893
vt 0.109070 0.162731
vt 0.058473 0.849178
vt 0.057208 0.848421
vt 0.059209 0.847899
vt 0.549498 0.843520
vt 0.546596 0.846088
vt 0.545331 0.843516
vt 0.287572 0.147498
vt 0.286911 0.146209
vt 0.287429 0.144647
vt 0.777218 0.453770
vt 0.777649 0.451722
vt 0.779412 0.454000
vt 0.792138 0.183518
vt 0.790970 0.185550
vt 0.790613 0.184469
vt 0.342145 0.056388
vt 0.338504 0.056012
vt 0.679327 0.463910
vt 0.677932 0.460364
vt 0.680616 0.459516
vt 0.488749 0.453555
vt 0.487568 0.451687
vt 0.491110 0.451010
vt 0.291942 0.711874
vt 0.291468 0.708604
vt 0.293312 0.709652
vt 0.018308 0.001365
vt 0.019311 0.004332
vt 0.709917 0.709879
vt 0.373477 0.315535
vt 0.372741 0.313178
vt 0.215439 0.120506
vt 0.213996 0.121085
vt 0.215371 0.119791
vt 0.369570 0.262892
vt 0.368637 0.262301
vt 0.368286 0.260731
vt 0.706351 0.889228
vt 0.703961 0.888711
vt 0.705593 0.886511
vt 0.294331 0.536503
vt 0.297895 0.536177
vt 0.383053 0.444271
vt 0.127529 0.597831
vt 0.128856 0.596468
vt 0.131665 0.601714
vt 0.345335 0.052153
vt 0.343562 0.053244
vt 0.089809 0.568683
vt 0.088092 0.568731
vt 0.088697 0.567469
vt 0.828549 0.266796
vt 0.828739 0.270063
vt 0.826935 0.266703
vt 0.476797 0.166379
vt 0.475614 0.165327
vt 0.477949 0.166272
vt 0.018438 0.014456
vt 0.016165 0.016362
vt 0.017923 0.014213
vt 0.018970 0.013530
vt 0.332220 0.681679
vt 0.330401 0.678800
vt 0.332599 0.679308
vt 0.354878 0.023476
vt 0.351616 0.026716
vt 0.350129 0.024824
vt 0.047571 0.923869
vt 0.047033 0.924162
vt 0.293364 0.707771
vt 0.295617 0.708842
vt 0.293601 0.533882
vt 0.295682 0.534602
vt 0.809917 0.557134
vt 0.808756 0.554341
vt 0.810095 0.555424
vt 0.363204 0.003513
vt 0.361209 0.007166
vt 0.359441 0.006323
vt 0.358526 0.010267
vt 0.359845 0.013421
vt 0.919386 0.966241
vt 0.921451 0.967284
vt 0.920707 0.968609
vt 0.130049 0.820381
vt 0.131667 0.820997
vt 0.130656 0.821948
vt 0.082392 0.554152
vt 0.081975 0.555704
vt 0.081285 0.554839
vt 0.355148 0.028319
vt 0.914975 0.600408
vt 0.914979 0.597050
vt 0.916113 0.598323
vt 0.414182 0.457196
vt 0.267280 0.624381
vt 0.269260 0.621205
vt 0.209909 0.166678
vt 0.209497 0.167733
vt 0.208625 0.165659
vt 0.425029 0.334201
vt 0.633649 0.126984
vt 0.632318 0.127595
vt 0.632158 0.126020
vt 0.126234 0.613773
vt 0.125453 0.614851
vt 0.077238 0.604361
vt 0.075544 0.604256
vt 0.076170 0.603109
vt 0.546916 0.454205
vt 0.548030 0.452844
vt 0.548389 0.453928
vt 0.494928 0.448078
vt 0.855679 0.250512
vt 0.860098 0.248220
vt 0.860224 0.249745
vt 0.898501 0.349577
vt 0.897064 0.351361
vt 0.896376 0.350749
vt 0.337179 0.909054
vt 0.338001 0.906986
vt 0.337709 0.910166
vt 0.139766 0.728997
vt 0.135681 0.728861
vt 0.138212 0.727046
vt 0.829452 0.347159
vt 0.831456 0.346121
vt 0.830833 0.347819
vt 0.828726 0.262912
vt 0.473765 0.168679
vt 0.474263 0.171305
vt 0.473967 0.170179
vt 0.529851 0.157956
vt 0.531712 0.155843
vt 0.381917 0.351846
vt 0.387737 0.356077
vt 0.385534 0.355887
vt 0.385988 0.350062
vt 0.204016 0.271464
vt 0.203936 0.270123
vt 0.205717 0.270377
vt 0.379426 0.314019
vt 0.202932 0.100290
vt 0.202611 0.098574
vt 0.204025 0.098732
vt 0.541412 0.799561
vt 0.541825 0.801076
vt 0.538760 0.801248
vt 0.192182 0.821866
vt 0.190276 0.822172
vt 0.191546 0.820636
vt 0.321253 0.455012
vt 0.322245 0.457243
vt 0.320249 0.457606
vt 0.547047 0.457585
vt 0.547063 0.456432
vt 0.548299 0.454980
vt 0.125661 0.601731
vt 0.127734 0.599681
vt 0.126391 0.603667
vt 0.125900 0.599725
vt 0.004314 0.837266
vt 0.002481 0.834569
vt 0.005269 0.836505
vt 0.140630 0.583264
vt 0.372694 0.317286
vt 0.373406 0.318627
vt 0.792581 0.969564
vt 0.794430 0.969089
vt 0.794926 0.969856
vt 0.263790 0.629495
vt 0.261512 0.629267
vt 0.462773 0.930008
vt 0.463807 0.928184
vt 0.465915 0.928754
vt 0.852830 0.124462
vt 0.472303 0.085890
vt 0.471747 0.084915
vt 0.472590 0.083719
vt 0.709217 0.790994
vt 0.709648 0.787389
vt 0.707239 0.790257
vt 0.156828 0.541498
vt 0.158034 0.544296
vt 0.830906 0.267040
vt 0.646098 0.562427
vt 0.649487 0.560902
vt 0.404230 0.547236
vt 0.144156 0.904759
vt 0.144836 0.902655
vt 0.144867 0.904716
vt 0.730515 0.371638
vt 0.959633 0.607889
vt 0.961240 0.606305
vt 0.962702 0.607326
vt 0.317737 0.719145
vt 0.320489 0.723130
vt 0.317600 0.720618
vt 0.843596 0.124984
vt 0.245021 0.651847
vt 0.242487 0.652970
vt 0.242066 0.651108
vt 0.339117 0.788395
vt 0.338790 0.789891
vt 0.337916 0.787812
vt 0.152354 0.549770
vt 0.822113 0.271312
vt 0.817184 0.268652
vt 0.547624 0.457107
vt 0.548701 0.457464
vt 0.547624 0.458543
vt 0.351702 0.017228
vt 0.352193 0.015018
vt 0.354066 0.015065
vt 0.745382 0.944145
vt 0.746371 0.942555
vt 0.746038 0.943953
vt 0.303873 0.548275
vt 0.863374 0.427756
vt 0.861576 0.429569
vt 0.863165 0.426472
vt 0.095000 0.974966
vt 0.345883 0.042170
vt 0.350684 0.041833
vt 0.348971 0.042934
vt 0.841491 0.124351
vt 0.843646 0.120446
vt 0.009366 0.013724
vt 0.003540 0.017657
vt 0.006449 0.012105
vt 0.371943 0.309524
vt 0.368501 0.314000
vt 0.762997 0.377577
vt 0.759873 0.376096
vt 0.761033 0.375443
vt 0.297583 0.539698
vt 0.486092 0.064085
vt 0.486545 0.062996
vt 0.487152 0.064287
vt 0.038793 0.180683
vt 0.036763 0.181091
vt 0.037210 0.180170
vt 0.904746 0.419246
vt 0.906709 0.418499
vt 0.905268 0.420342
vt 0.861836 0.530732
vt 0.863073 0.529794
vt 0.863211 0.530700
vt 0.857910 0.114702
vt 0.858158 0.119328
vt 0.857373 0.116989
vt 0.786057 0.774215
vt 0.787342 0.775239
vt 0.784890 0.775625
vt 0.302468 0.537639
vt 0.304002 0.538417
vt 0.637577 0.577641
vt 0.642513 0.578823
vt 0.640257 0.581553
vt 0.037580 0.876677
vt 0.036709 0.877611
vt 0.036207 0.874949
vt 0.281297 0.138942
vt 0.281387 0.137128
vt 0.282599 0.139887
vt 0.387282 0.316003
vt 0.392022 0.320703
vt 0.387810 0.318123
vt 0.754912 0.698170
vt 0.755856 0.697692
vt 0.755968 0.699101
vt 0.754020 0.697624
vt 0.390688 0.357208
vt 0.395635 0.534581
vt 0.393047 0.534725
vt 0.347399 0.045220
vt 0.320841 0.771603
vt 0.322497 0.768748
vt 0.323510 0.773760
vt 0.324612 0.768520
vt 0.351703 0.036857
vt 0.350093 0.022248
vt 0.350048 0.021039
vt 0.350688 0.019619
vt 0.548167 0.466249
vt 0.547229 0.467037
vt 0.546874 0.466003
vt 0.194600 0.259852
vt 0.193453 0.260728
vt 0.193087 0.258876
vt 0.640326 0.880988
vt 0.639045 0.882897
vt 0.636879 0.883952
vt 0.713326 0.826078
vt 0.712066 0.825505
vt 0.712056 0.828261
vt 0.149704 0.710794
vt 0.150085 0.712162
vt 0.148481 0.712837
vt 0.148893 0.549413
vt 0.114193 0.624329
vt 0.118786 0.626705
vt 0.118543 0.622685
vt 0.121804 0.621840
vt 0.157162 0.537331
vt 0.876914 0.019772
vt 0.877552 0.018286
vt 0.877724 0.021163
vt 0.881921 0.021415
vt 0.352433 0.197511
vt 0.353872 0.197388
vt 0.351513 0.198936
vt 0.141788 0.582245
vt 0.405252 0.555361
vt 0.279665 0.123004
vt 0.280213 0.124361
vt 0.278776 0.123890
vt 0.294950 0.711752
vt 0.294199 0.712894
vt 0.879379 0.296837
vt 0.877945 0.299666
vt 0.877656 0.296814
vt 0.356647 0.016715
vt 0.351579 0.019269
vt 0.618574 0.098114
vt 0.619280 0.099195
vt 0.618334 0.099986
vt 0.880308 0.240710
vt 0.876147 0.241233
vt 0.882833 0.237727
vt 0.882474 0.239788
vt 0.877439 0.242391
vt 0.514790 0.615992
vt 0.516393 0.609779
vt 0.405834 0.460443
vt 0.409505 0.459380
vt 0.408886 0.461783
vt 0.406879 0.457958
vt 0.533491 0.163348
vt 0.531361 0.162640
vt 0.533926 0.162156
vt 0.403903 0.893625
vt 0.405284 0.895115
vt 0.402893 0.895095
vt 0.948602 0.296646
vt 0.948966 0.299815
vt 0.947804 0.299208
vt 0.959357 0.807746
vt 0.960625 0.805702
vt 0.960271 0.808146
vt 0.265843 0.630502
vt 0.264557 0.634994
vt 0.253564 0.414321
vt 0.254031 0.415483
vt 0.252876 0.415494
vt 0.254748 0.414664
vt 0.469165 0.109117
vt 0.467551 0.107781
vt 0.470315 0.108880
vt 0.383277 0.754629
vt 0.543932 0.843296
vt 0.543067 0.847231
vt 0.542076 0.845086
vt 0.341087 0.890943
vt 0.338761 0.891159
vt 0.339914 0.889477
vt 0.453568 0.289302
vt 0.450902 0.290412
vt 0.452894 0.288329
vt 0.035573 0.683229
vt 0.034154 0.683452
vt 0.034732 0.681759
vt 0.928558 0.387022
vt 0.930387 0.386992
vt 0.928707 0.388417
vt 0.854300 0.119943
vt 0.851379 0.122395
vt 0.846273 0.260989
vt 0.847493 0.259234
vt 0.627866 0.587057
vt 0.626505 0.589573
vt 0.627545 0.585777
vt 0.573820 0.571575
vt 0.573628 0.572399
vt 0.573040 0.572249
vt 0.233417 0.823954
vt 0.231498 0.822144
vt 0.234819 0.819612
vt 0.276969 0.908826
vt 0.273254 0.909840
vt 0.271973 0.908646
vt 0.174803 0.666530
vt 0.171925 0.667929
vt 0.173311 0.665453
vt 0.009215 0.019225
vt 0.006209 0.018773
vt 0.012254 0.016456
vt 0.345649 0.402778
vt 0.342703 0.401330
vt 0.345233 0.401982
vt 0.447829 0.401831
vt 0.448699 0.402646
vt 0.447348 0.402464
vt 0.533800 0.438966
vt 0.531911 0.440618
vt 0.694619 0.819309
vt 0.693412 0.819714
vt 0.693196 0.819085
vt 0.617506 0.744019
vt 0.614205 0.742615
vt 0.844254 0.118224
vt 0.955111 0.829541
vt 0.955145 0.832027
vt 0.953999 0.831359
vt 0.561361 0.964630
vt 0.562174 0.963660
vt 0.562359 0.965697
vt 0.145580 0.571564
vt 0.070663 0.664715
vt 0.071800 0.663429
vt 0.073897 0.665149
vt 0.201217 0.611486
vt 0.202005 0.611083
vt 0.202532 0.612707
vt 0.276661 0.423916
vt 0.277179 0.425166
vt 0.275504 0.425107
vt 0.392697 0.360595
vt 0.392329 0.358283
vt 0.883624 0.024429
vt 0.885675 0.022170
vt 0.887803 0.024326
vt 0.148340 0.566629
vt 0.134274 0.592469
vt 0.133856 0.586449
vt 0.815717 0.975105
vt 0.814759 0.973595
vt 0.815868 0.973058
vt 0.380011 0.458864
vt 0.380048 0.454982
vt 0.383342 0.457001
vt 0.820848 0.322777
vt 0.318230 0.461639
vt 0.320953 0.461019
vt 0.565702 0.844756
vt 0.565158 0.843734
vt 0.565925 0.844596
vt 0.897158 0.349625
vt 0.263821 0.625117
vt 0.266574 0.627120
vt 0.361277 0.157037
vt 0.362783 0.156621
vt 0.362604 0.157823
vt 0.243822 0.890199
vt 0.246376 0.888491
vt 0.247123 0.890419
vt 0.432483 0.327364
vt 0.429278 0.329797
vt 0.715302 0.828549
vt 0.716397 0.826366
vt 0.818839 0.634499
vt 0.820910 0.634684
vt 0.819160 0.636576
vt 0.243168 0.437794
vt 0.241945 0.437925
vt 0.241236 0.436624
vt 0.846654 0.255270
vt 0.850882 0.254342
vt 0.849633 0.259239
vt 0.797332 0.802736
vt 0.799978 0.803708
vt 0.799203 0.804326
vt 0.551551 0.150021
vt 0.550381 0.148449
vt 0.553047 0.149318
vt 0.420562 0.481524
vt 0.419819 0.479866
vt 0.421513 0.477692
vt 0.420905 0.481901
vt 0.643778 0.042892
vt 0.643711 0.041830
vt 0.644322 0.041307
vt 0.521709 0.604629
vt 0.520926 0.609474
vt 0.805638 0.316145
vt 0.803767 0.319807
vt 0.803657 0.317385
vt 0.148746 0.896382
vt 0.148832 0.893849
vt 0.150133 0.895687
vt 0.889382 0.236135
vt 0.888470 0.234780
vt 0.892834 0.234100
vt 0.532858 0.978317
vt 0.530378 0.981715
vt 0.530065 0.980239
vt 0.868990 0.245431
vt 0.868393 0.243657
vt 0.871255 0.242171
vt 0.360162 0.922037
vt 0.362133 0.921693
vt 0.362164 0.922896
vt 0.365983 0.919820
vt 0.380237 0.935967
vt 0.379097 0.931683
vt 0.383744 0.934016
vt 0.697354 0.644859
vt 0.697364 0.648086
vt 0.692910 0.645682
vt 0.129405 0.605480
vt 0.739460 0.658411
vt 0.739389 0.657306
vt 0.740892 0.657737
vt 0.130185 0.592689
vt 0.132213 0.594595
vt 0.131151 0.588846
vt 0.049610 0.202603
vt 0.049147 0.204651
vt 0.048422 0.203063
vt 0.445850 0.686817
vt 0.447491 0.685507
vt 0.448610 0.686445
vt 0.883440 0.404892
vt 0.885856 0.404189
vt 0.885696 0.406721
vt 0.427603 0.328405
vt 0.841081 0.262120
vt 0.842203 0.261126
vt 0.029754 0.893963
vt 0.027960 0.890879
vt 0.030127 0.892644
vt 0.834552 0.266268
vt 0.176547 0.109757
vt 0.178054 0.109226
vt 0.177136 0.110969
vt 0.942681 0.241108
vt 0.941535 0.240218
vt 0.942781 0.239732
vt 0.312920 0.471932
vt 0.316247 0.466352
vt 0.316309 0.471286
vt 0.136303 0.579601
vt 0.136904 0.577791
vt 0.836147 0.260161
vt 0.834553 0.261193
vt 0.464236 0.116620
vt 0.464941 0.115680
vt 0.464357 0.117864
vt 0.378580 0.935069
vt 0.376806 0.934877
vt 0.717824 0.156384
vt 0.716335 0.156555
vt 0.715494 0.155852
vt 0.631144 0.594277
vt 0.630970 0.591588
vt 0.634874 0.594293
vt 0.853383 0.116402
vt 0.857256 0.115218
vt 0.346869 0.039661
vt 0.337983 0.889571
vt 0.285463 0.533689
vt 0.283216 0.532131
vt 0.284885 0.532589
vt 0.154028 0.541625
vt 0.156399 0.546047
vt 0.403312 0.465642
vt 0.401386 0.460399
vt 0.404630 0.464623
vt 0.349547 0.684966
vt 0.349269 0.686453
vt 0.400489 0.543153
vt 0.402512 0.543846
vt 0.147335 0.550701
vt 0.890588 0.971895
vt 0.891531 0.970931
vt 0.891826 0.972745
vt 0.862498 0.246963
vt 0.862990 0.250046
vt 0.814176 0.785435
vt 0.813596 0.784198
vt 0.815600 0.783465
vt 0.683747 0.711937
vt 0.684888 0.716252
vt 0.681883 0.712063
vt 0.062460 0.681415
vt 0.061491 0.684544
vt 0.061065 0.682998
vt 0.638470 0.581266
vt 0.639274 0.583107
vt 0.712879 0.830575
vt 0.715199 0.831837
vt 0.714050 0.714159
vt 0.991945 0.461394
vt 0.993049 0.461771
vt 0.992487 0.463325
vt 0.390289 0.438369
vt 0.104307 0.930537
vt 0.103821 0.929566
vt 0.108013 0.926734
vt 0.933710 0.929645
vt 0.932781 0.928997
vt 0.933289 0.926546
vt 0.349492 0.028474
vt 0.348661 0.026631
vt 0.382688 0.996258
vt 0.382535 0.994532
vt 0.383806 0.994835
vt 0.338947 0.404504
vt 0.338651 0.404831
vt 0.337664 0.403835
vt 0.338522 0.404005
vt 0.535291 0.160067
vt 0.535943 0.160146
vt 0.337237 0.905420
vt 0.334171 0.907728
vt 0.361871 0.413250
vt 0.356521 0.411420
vt 0.356403 0.409077
vt 0.357032 0.412824
vt 0.407658 0.558600
vt 0.406529 0.559681
vt 0.405424 0.558027
vt 0.278467 0.050399
vt 0.278110 0.048894
vt 0.279129 0.049144
vt 0.715170 0.249273
vt 0.714618 0.252095
vt 0.713732 0.249730
vt 0.307920 0.764423
vt 0.306895 0.763079
vt 0.309134 0.761426
vt 0.171409 0.089163
vt 0.170027 0.088754
vt 0.169903 0.087262
vt 0.189860 0.848640
vt 0.188230 0.845954
vt 0.192149 0.847027
vt 0.409407 0.893695
vt 0.408351 0.896143
vt 0.408123 0.893676
vt 0.308054 0.485511
vt 0.306270 0.485577
vt 0.307461 0.483177
vt 0.991251 0.462605
vt 0.990460 0.460541
vt 0.991581 0.459866
vt 0.461421 0.151581
vt 0.462698 0.150391
vt 0.463608 0.151712
vt 0.518252 0.111337
vt 0.517174 0.111967
vt 0.516835 0.110505
vt 0.000995 0.933731
vt 0.002058 0.931338
vt 0.003800 0.933045
vt 0.713375 0.110672
vt 0.712160 0.112458
vt 0.712499 0.110864
vt 0.961103 0.575481
vt 0.960881 0.572900
vt 0.962349 0.576241
vt 0.953715 0.650835
vt 0.955924 0.652183
vt 0.954619 0.652784
vt 0.858503 0.251995
vt 0.020980 0.008993
vt 0.019211 0.009496
vt 0.020060 0.008466
vt 0.407748 0.553968
vt 0.408307 0.555406
vt 0.424935 0.474981
vt 0.428157 0.474279
vt 0.427120 0.475603
vt 0.008150 0.006739
vt 0.007547 0.010497
vt 0.540700 0.437801
vt 0.538671 0.434316
vt 0.595157 0.818434
vt 0.596307 0.821850
vt 0.594405 0.819743
vt 0.423784 0.338077
vt 0.425466 0.338528
vt 0.808888 0.695677
vt 0.808816 0.696712
vt 0.806769 0.696550
vt 0.044349 0.913620
vt 0.043513 0.912060
vt 0.045945 0.911275
vt 0.046537 0.912199
vt 0.113479 0.618204
vt 0.115019 0.616402
vt 0.486018 0.453233
vt 0.026410 0.005615
vt 0.024035 0.007528
vt 0.109728 0.628864
vt 0.109627 0.626882
vt 0.110305 0.628574
vt 0.885093 0.238387
vt 0.065733 0.902657
vt 0.067780 0.902552
vt 0.065671 0.903954
vt 0.945463 0.553811
vt 0.946237 0.553014
vt 0.947301 0.556401
vt 0.427581 0.331966
vt 0.368272 0.311689
vt 0.369963 0.309455
vt 0.407010 0.449813
vt 0.407093 0.446146
vt 0.409293 0.450028
vt 0.866882 0.025969
vt 0.866545 0.024682
vt 0.868085 0.025216
vt 0.011209 0.010300
vt 0.014677 0.007938
vt 0.011994 0.011677
vt 0.127494 0.971349
vt 0.125868 0.971790
vt 0.129009 0.969532
vt 0.532830 0.713571
vt 0.532204 0.711728
vt 0.533719 0.712414
vt 0.533670 0.714134
vt 0.405469 0.302394
vt 0.406304 0.303448
vt 0.405359 0.303733
vt 0.337828 0.143605
vt 0.338028 0.144938
vt 0.336151 0.144517
vt 0.340231 0.785208
vt 0.341123 0.786932
vt 0.341894 0.785339
vt 0.989983 0.406053
vt 0.992038 0.408188
vt 0.990246 0.407604
vt 0.783415 0.561243
vt 0.783992 0.559789
vt 0.784813 0.562382
vt 0.119701 0.853136
vt 0.122046 0.856045
vt 0.119603 0.854202
vt 0.393861 0.356263
vt 0.392728 0.355337
vt 0.394156 0.355061
vt 0.421114 0.342270
vt 0.425249 0.341323
vt 0.895191 0.385973
vt 0.337944 0.061058
vt 0.336970 0.058820
vt 0.340388 0.060906
vt 0.913865 0.363596
vt 0.914000 0.365604
vt 0.912099 0.365597
vt 0.490293 0.795710
vt 0.488687 0.796260
vt 0.490005 0.793375
vt 0.422687 0.336207
vt 0.421406 0.339263
vt 0.980992 0.752364
vt 0.983102 0.749645
vt 0.982967 0.751290
vt 0.007788 0.016464
vt 0.019286 0.007999
vt 0.021605 0.005700
vt 0.410845 0.191074
vt 0.410645 0.189705
vt 0.412048 0.189505
vt 0.129694 0.594168
vt 0.429336 0.741778
vt 0.430993 0.743113
vt 0.429985 0.743539
vt 0.344974 0.044860
vt 0.102631 0.004074
vt 0.101043 0.004560
vt 0.100800 0.003753
vt 0.208521 0.368870
vt 0.209865 0.368042
vt 0.209650 0.369061
vt 0.563458 0.683513
vt 0.562272 0.682639
vt 0.253683 0.743967
vt 0.253903 0.741267
vt 0.257155 0.741902
vt 0.296254 0.538931
vt 0.229177 0.364608
vt 0.230352 0.363310
vt 0.230309 0.364786
vt 0.495446 0.791320
vt 0.493813 0.793539
vt 0.492727 0.792003
vt 0.923956 0.523035
vt 0.923597 0.524598
vt 0.923032 0.521869
vt 0.491989 0.453870
vt 0.495134 0.454386
vt 0.493928 0.455340
vt 0.590031 0.174176
vt 0.588797 0.174049
vt 0.590715 0.172504
vt 0.336166 0.056171
vt 0.337112 0.056677
vt 0.335416 0.057849
vt 0.397886 0.362606
vt 0.337467 0.891228
vt 0.336690 0.894855
vt 0.336218 0.893171
vt 0.938678 0.710801
vt 0.936669 0.709607
vt 0.938774 0.708834
vt 0.320629 0.778914
vt 0.319903 0.778008
vt 0.320690 0.777329
vt 0.071352 0.665936
vt 0.075148 0.665861
vt 0.146579 0.553886
vt 0.942967 0.738546
vt 0.942563 0.740277
vt 0.941721 0.737631
vt 0.126415 0.671917
vt 0.123502 0.672964
vt 0.123244 0.671670
vt 0.905342 0.222492
vt 0.904955 0.223331
vt 0.904727 0.221847
vt 0.968980 0.266590
vt 0.968915 0.268274
vt 0.967508 0.267848
vt 0.133914 0.597455
vt 0.029343 0.003903
vt 0.025896 0.004346
vt 0.219984 0.299475
vt 0.220266 0.300982
vt 0.219031 0.300476
vt 0.184435 0.221640
vt 0.186034 0.222644
vt 0.184102 0.223399
vt 0.010707 0.912975
vt 0.185950 0.849056
vt 0.186144 0.847727
vt 0.268454 0.629524
vt 0.266694 0.632606
vt 0.318652 0.779245
vt 0.316681 0.777894
vt 0.324072 0.452886
vt 0.324333 0.455064
vt 0.321593 0.780356
vt 0.324088 0.781058
vt 0.737196 0.395163
vt 0.737296 0.396591
vt 0.735553 0.394736
vt 0.155332 0.005814
vt 0.156455 0.005176
vt 0.157594 0.005496
vt 0.422369 0.742327
vt 0.425795 0.740332
vt 0.426384 0.743076
vt 0.272338 0.611584
vt 0.538669 0.152908
vt 0.731749 0.401342
vt 0.734290 0.398317
vt 0.733080 0.401446
vt 0.045588 0.227623
vt 0.045686 0.229616
vt 0.044626 0.227902
vt 0.253341 0.820257
vt 0.254310 0.821250
vt 0.252084 0.820647
vt 0.278611 0.612179
vt 0.058922 0.971607
vt 0.063960 0.968233
vt 0.063724 0.970176
vt 0.380852 0.451985
vt 0.382814 0.452034
vt 0.208212 0.406853
vt 0.209160 0.406104
vt 0.209755 0.407181
vt 0.762681 0.769752
vt 0.763989 0.771166
vt 0.762399 0.772718
vt 0.136768 0.576107
vt 0.139103 0.574066
vt 0.708401 0.078790
vt 0.707630 0.079057
vt 0.706970 0.077604
vt 0.151638 0.546652
vt 0.322051 0.460153
vt 0.323676 0.458084
vt 0.268019 0.116381
vt 0.267609 0.115199
vt 0.268854 0.114201
vt 0.125044 0.408196
vt 0.126074 0.408446
vt 0.124820 0.409857
vt 0.378875 0.995989
vt 0.380515 0.996917
vt 0.377001 0.998786
vt 0.521555 0.323452
vt 0.522950 0.323678
vt 0.521747 0.326091
vt 0.062950 0.230848
vt 0.062418 0.229878
vt 0.064821 0.231019
vt 0.608004 0.712408
vt 0.608957 0.710869
vt 0.609584 0.713719
vt 0.111695 0.880781
vt 0.112282 0.881269
vt 0.110675 0.881792
vt 0.309280 0.482740
vt 0.309107 0.481309
vt 0.489305 0.410903
vt 0.490171 0.409833
vt 0.490314 0.411262
vt 0.815943 0.771028
vt 0.814130 0.769944
vt 0.815374 0.768144
vt 0.134768 0.339165
vt 0.135956 0.338429
vt 0.135565 0.340220
vt 0.017671 0.012818
vt 0.016306 0.011527
vt 0.871028 0.029637
vt 0.874432 0.028381
vt 0.868710 0.029769
vt 0.870017 0.027176
vt 0.546582 0.455615
vt 0.131667 0.301146
vt 0.131611 0.300320
vt 0.133450 0.300106
vt 0.268363 0.626157
vt 0.271327 0.625877
vt 0.988110 0.980108
vt 0.988848 0.977814
vt 0.990423 0.977963
vt 0.911438 0.711226
vt 0.908607 0.712283
vt 0.911329 0.710184
vt 0.527390 0.324870
vt 0.529782 0.325640
vt 0.530123 0.326966
vt 0.912375 0.049012
vt 0.910833 0.048988
vt 0.912624 0.047944
vt 0.430667 0.336218
vt 0.842740 0.256280
vt 0.338382 0.063157
vt 0.682305 0.469828
vt 0.681490 0.470134
vt 0.682286 0.468366
vt 0.584408 0.179311
vt 0.586168 0.180959
vt 0.583917 0.180523
vt 0.675748 0.100212
vt 0.677374 0.099537
vt 0.678019 0.100020
vt 0.306642 0.486904
vt 0.902709 0.421249
vt 0.407072 0.087932
vt 0.406256 0.089264
vt 0.405116 0.089695
vt 0.847690 0.813883
vt 0.846990 0.812279
vt 0.848217 0.812593
vt 0.013523 0.237120
vt 0.014632 0.236866
vt 0.015616 0.237292
vt 0.301538 0.543841
vt 0.385552 0.437408
vt 0.382088 0.441764
vt 0.384125 0.438877
vt 0.299345 0.541914
vt 0.884832 0.021004
vt 0.538213 0.438132
vt 0.536493 0.438470
vt 0.932270 0.062814
vt 0.932605 0.063605
vt 0.931067 0.062616
vt 0.386097 0.175004
vt 0.384712 0.174823
vt 0.386376 0.173673
vt 0.345877 0.036519
vt 0.343241 0.037426
vt 0.344458 0.036397
vt 0.343145 0.058238
vt 0.342665 0.062675
vt 0.341644 0.060347
vt 0.208312 0.672304
vt 0.208361 0.671117
vt 0.209830 0.671647
vt 0.118631 0.352355
vt 0.117941 0.352179
vt 0.117605 0.350922
vt 0.118538 0.351949
vt 0.389644 0.310778
vt 0.387831 0.313293
vt 0.388060 0.309642
vt 0.637989 0.575832
vt 0.642517 0.574247
vt 0.850404 0.252003
vt 0.800996 0.993917
vt 0.802445 0.994867
vt 0.800959 0.995242
vt 0.134267 0.584049
vt 0.293164 0.537774
vt 0.872385 0.430306
vt 0.874089 0.430521
vt 0.871345 0.431023
vt 0.178013 0.148554
vt 0.178941 0.147557
vt 0.179210 0.149130
vt 0.781657 0.956995
vt 0.145709 0.038963
vt 0.146835 0.039508
vt 0.144503 0.039401
vt 0.374845 0.320168
vt 0.145840 0.045315
vt 0.144253 0.045460
vt 0.146589 0.044426
vt 0.947727 0.502827
vt 0.947143 0.499609
vt 0.948634 0.501974
vt 0.289438 0.533480
vt 0.286654 0.533351
vt 0.752367 0.574004
vt 0.750375 0.574622
vt 0.752219 0.572331
vt 0.042123 0.667743
vt 0.045885 0.669700
vt 0.043118 0.670159
vt 0.380130 0.980351
vt 0.384588 0.979361
vt 0.382653 0.981232
vt 0.970753 0.135301
vt 0.970594 0.136656
vt 0.969779 0.137249
vt 0.960573 0.635879
vt 0.960319 0.634806
vt 0.961778 0.634431
vt 0.281029 0.614180
vt 0.280558 0.612484
vt 0.282116 0.611200
vt 0.116952 0.465658
vt 0.115540 0.465752
vt 0.115843 0.464480
vt 0.427564 0.741614
vt 0.067166 0.903919
vt 0.069487 0.903141
vt 0.972440 0.824931
vt 0.971251 0.824044
vt 0.972624 0.823547
vt 0.971949 0.822818
vt 0.405236 0.265712
vt 0.403247 0.267589
vt 0.403880 0.265831
vt 0.404768 0.154018
vt 0.404432 0.155294
vt 0.402941 0.154610
vt 0.061824 0.246282
vt 0.061806 0.247895
vt 0.060595 0.248565
vt 0.033951 0.996616
vt 0.035974 0.996828
vt 0.036126 0.997949
vt 0.115089 0.389612
vt 0.113735 0.391090
vt 0.113735 0.389939
vt 0.688438 0.712023
vt 0.395574 0.639258
vt 0.394348 0.639886
vt 0.394912 0.638734
vt 0.534642 0.436250
vt 0.365442 0.313081
vt 0.365526 0.310840
vt 0.346973 0.034034
vt 0.483932 0.723286
vt 0.484884 0.723771
vt 0.483608 0.724364
vt 0.115253 0.879181
vt 0.114622 0.880564
vt 0.112476 0.453688
vt 0.113157 0.455151
vt 0.111618 0.455039
vt 0.111924 0.471635
vt 0.113161 0.472216
vt 0.111879 0.473204
vt 0.145944 0.094644
vt 0.146943 0.093639
vt 0.146423 0.095503
vt 0.706896 0.144839
vt 0.705467 0.145394
vt 0.706568 0.143243
vt 0.706615 0.146279
vt 0.281441 0.123479
vt 0.010228 0.901541
vt 0.007185 0.902409
vt 0.008802 0.899571
vt 0.800158 0.364026
vt 0.797893 0.363657
vt 0.799699 0.362206
vt 0.274216 0.618998
vt 0.730981 0.951880
vt 0.733093 0.952150
vt 0.730897 0.952998
vt 0.059358 0.253892
vt 0.061582 0.253307
vt 0.060806 0.254354
vt 0.520674 0.603395
vt 0.520300 0.601549
vt 0.133277 0.933604
vt 0.131640 0.932504
vt 0.132828 0.931914
vt 0.063636 0.848681
vt 0.062365 0.847350
vt 0.062312 0.846372
vt 0.410690 0.461941
vt 0.413322 0.460736
vt 0.767114 0.687809
vt 0.768437 0.689723
vt 0.767263 0.689438
vt 0.706024 0.890971
vt 0.708853 0.892082
vt 0.706923 0.893020
vt 0.977116 0.500100
vt 0.979262 0.501273
vt 0.978439 0.503507
vt 0.453542 0.276816
vt 0.453326 0.279048
vt 0.452432 0.278850
vt 0.835281 0.257908
vt 0.834737 0.258299
vt 0.140302 0.090411
vt 0.140162 0.088804
vt 0.141352 0.089073
vt 0.459085 0.930260
vt 0.459746 0.926890
vt 0.711041 0.887817
vt 0.711753 0.889271
vt 0.537927 0.350165
vt 0.538760 0.350369
vt 0.538177 0.351345
vt 0.390963 0.316960
vt 0.389757 0.313436
vt 0.531581 0.153270
vt 0.352921 0.036514
vt 0.354658 0.036422
vt 0.515997 0.616773
vt 0.122922 0.627555
vt 0.123575 0.625658
vt 0.147271 0.899966
vt 0.147008 0.901044
vt 0.773178 0.811351
vt 0.773513 0.810877
vt 0.773975 0.811054
vt 0.430653 0.479570
vt 0.429879 0.480844
vt 0.429220 0.478170
vt 0.732333 0.922324
vt 0.732198 0.921021
vt 0.734173 0.922601
vt 0.535626 0.976240
vt 0.534273 0.978461
vt 0.292910 0.534632
vt 0.786687 0.767084
vt 0.787996 0.767168
vt 0.381284 0.994280
vt 0.382334 0.995378
vt 0.132653 0.018616
vt 0.131998 0.018045
vt 0.132646 0.016566
vt 0.611344 0.730232
vt 0.615864 0.727386
vt 0.612824 0.730024
vt 0.085820 0.052094
vt 0.086360 0.050990
vt 0.087010 0.052220
vt 0.162202 0.693014
vt 0.165940 0.694895
vt 0.162234 0.694587
vt 0.286295 0.603998
vt 0.287157 0.600969
vt 0.288013 0.601996
vt 0.260373 0.823082
vt 0.255724 0.820986
vt 0.259695 0.822280
vt 0.376177 0.309562
vt 0.015021 0.019018
vt 0.009599 0.019270
vt 0.949552 0.297495
vt 0.404774 0.445680
vt 0.063635 0.056034
vt 0.062791 0.055692
vt 0.063115 0.054676
vt 0.643866 0.572310
vt 0.641439 0.572796
vt 0.413580 0.920487
vt 0.410021 0.924676
vt 0.410363 0.921938
vt 0.772274 0.981892
vt 0.773205 0.983768
vt 0.771981 0.984110
vt 0.489170 0.725004
vt 0.487545 0.727365
vt 0.486411 0.725971
vt 0.345163 0.038894
vt 0.344158 0.040710
vt 0.342773 0.042040
vt 0.647378 0.979186
vt 0.647191 0.978787
vt 0.648729 0.978977
vt 0.127781 0.610593
vt 0.726250 0.162105
vt 0.728112 0.162437
vt 0.726930 0.163371
vt 0.515410 0.218138
vt 0.515044 0.216626
vt 0.517615 0.217198
vt 0.146311 0.711760
vt 0.850714 0.114028
vt 0.850456 0.115475
vt 0.357998 0.007693
vt 0.922678 0.725157
vt 0.922902 0.724412
vt 0.924214 0.724266
vt 0.111455 0.630001
vt 0.642115 0.570233
vt 0.927377 0.494059
vt 0.924626 0.494897
vt 0.925295 0.494186
vt 0.591642 0.948885
vt 0.591640 0.946990
vt 0.499996 0.268016
vt 0.499338 0.266964
vt 0.500403 0.265648
vt 0.309224 0.480048
vt 0.313543 0.479711
vt 0.311753 0.481601
vt 0.195303 0.819479
vt 0.848104 0.253467
vt 0.948947 0.294180
vt 0.949826 0.296835
vt 0.389266 0.349322
vt 0.390827 0.349211
vt 0.391473 0.351723
vt 0.869115 0.031759
vt 0.869557 0.031189
vt 0.298510 0.539564
vt 0.136939 0.933113
vt 0.135707 0.930181
vt 0.136717 0.930369
vt 0.431192 0.116449
vt 0.430089 0.115745
vt 0.431520 0.114653
vt 0.452207 0.188913
vt 0.454707 0.189264
vt 0.453434 0.189923
vt 0.950233 0.299709
vt 0.914320 0.959640
vt 0.913389 0.957841
vt 0.914427 0.958555
vt 0.912099 0.958289
vt 0.398133 0.097007
vt 0.397239 0.096111
vt 0.398906 0.095258
vt 0.416020 0.456640
vt 0.413981 0.458662
vt 0.416545 0.459833
vt 0.424721 0.717292
vt 0.422571 0.718935
vt 0.422679 0.717857
vt 0.011223 0.015499
vt 0.012605 0.014951
vt 0.311937 0.912158
vt 0.308194 0.914244
vt 0.308128 0.910627
vt 0.306515 0.481193
vt 0.269491 0.833326
vt 0.270353 0.836183
vt 0.268683 0.834982
vt 0.486243 0.085261
vt 0.487695 0.085281
vt 0.485316 0.085904
vt 0.771956 0.409385
vt 0.775352 0.411387
vt 0.773090 0.411156
vt 0.820201 0.208838
vt 0.821570 0.208388
vt 0.821786 0.209738
vt 0.694032 0.648538
vt 0.359213 0.016326
vt 0.355260 0.012556
vt 0.306128 0.552364
vt 0.304796 0.552970
vt 0.390753 0.434909
vt 0.388785 0.436892
vt 0.388876 0.435085
vt 0.542415 0.688649
vt 0.545072 0.687706
vt 0.545591 0.691161
vt 0.548656 0.461330
vt 0.346897 0.021412
vt 0.347976 0.019544
vt 0.347989 0.021124
vt 0.363896 0.413767
vt 0.013959 0.639708
vt 0.012592 0.640190
vt 0.013337 0.638555
vt 0.597259 0.600894
vt 0.598410 0.601148
vt 0.597564 0.601782
vt 0.978431 0.922938
vt 0.977944 0.924278
vt 0.976807 0.922536
vt 0.013584 0.615459
vt 0.012246 0.616975
vt 0.012222 0.615595
vt 0.013885 0.629693
vt 0.012495 0.629222
vt 0.013803 0.628639
vt 0.768692 0.567704
vt 0.766478 0.568210
vt 0.767853 0.566504
vt 0.703369 0.461464
vt 0.087680 0.431184
vt 0.088035 0.431734
vt 0.086185 0.432489
vt 0.455426 0.151529
vt 0.456031 0.152048
vt 0.454961 0.152789
vt 0.401201 0.464382
vt 0.390650 0.326106
vt 0.390847 0.322173
vt 0.392812 0.324470
vt 0.604972 0.057884
vt 0.603140 0.058106
vt 0.603526 0.057028
vt 0.216340 0.424373
vt 0.215231 0.423095
vt 0.215848 0.423089
vt 0.396885 0.243025
vt 0.397884 0.243660
vt 0.396398 0.244400
vt 0.648839 0.565332
vt 0.651047 0.564562
vt 0.652314 0.567991
vt 0.450143 0.285612
vt 0.452084 0.287316
vt 0.450454 0.287828
vt 0.842156 0.128396
vt 0.842671 0.130113
vt 0.839514 0.130733
vt 0.350998 0.402110
vt 0.355969 0.404257
vt 0.350928 0.405006
vt 0.826442 0.810414
vt 0.826811 0.809024
vt 0.827935 0.809588
vt 0.279479 0.612902
vt 0.280227 0.614788
vt 0.286299 0.605061
vt 0.283978 0.607436
vt 0.284798 0.604096
vt 0.153105 0.542930
vt 0.287607 0.603121
vt 0.766086 0.618032
vt 0.764843 0.619068
vt 0.765355 0.617043
vt 0.940083 0.326549
vt 0.942036 0.327022
vt 0.941425 0.328332
vt 0.700636 0.256593
vt 0.701927 0.256137
vt 0.702338 0.257201
vt 0.306992 0.761843
vt 0.306445 0.762978
vt 0.042900 0.861838
vt 0.042813 0.860731
vt 0.045130 0.860242
vt 0.492476 0.794340
vt 0.318780 0.465119
vt 0.315683 0.464999
vt 0.240286 0.652155
vt 0.397039 0.112180
vt 0.395889 0.112725
vt 0.395375 0.110989
vt 0.871502 0.021536
vt 0.869485 0.022336
vt 0.404719 0.440354
vt 0.404186 0.441348
vt 0.842042 0.391889
vt 0.843273 0.393048
vt 0.840265 0.390806
vt 0.072773 0.943364
vt 0.068930 0.946667
vt 0.070913 0.942035
vt 0.261580 0.628139
vt 0.916162 0.690634
vt 0.914536 0.691858
vt 0.911829 0.692015
vt 0.412015 0.449372
vt 0.342218 0.039815
vt 0.415178 0.460328
vt 0.354267 0.052011
vt 0.354531 0.053040
vt 0.352829 0.052516
vt 0.588134 0.820648
vt 0.592052 0.819623
vt 0.591728 0.822149
vt 0.591337 0.823956
vt 0.356620 0.029147
vt 0.878620 0.239529
vt 0.088880 0.916825
vt 0.090782 0.916789
vt 0.088740 0.918906
vt 0.402012 0.123043
vt 0.402172 0.121230
vt 0.403434 0.121480
vt 0.373657 0.320798
vt 0.371677 0.321792
vt 0.309299 0.552457
vt 0.309287 0.552721
vt 0.348011 0.047840
vt 0.864848 0.029193
vt 0.541783 0.426981
vt 0.541294 0.428833
vt 0.540400 0.426395
vt 0.271682 0.623632
vt 0.355287 0.011104
vt 0.081798 0.439269
vt 0.081698 0.440912
vt 0.080188 0.439548
vt 0.368778 0.320473
vt 0.367851 0.322940
vt 0.877103 0.659763
vt 0.878215 0.658871
vt 0.879200 0.661712
vt 0.367070 0.319426
vt 0.358092 0.661258
vt 0.102848 0.001738
vt 0.103960 0.003942
vt 0.803453 0.985011
vt 0.803452 0.982928
vt 0.805167 0.983605
vt 0.103843 0.001181
vt 0.104129 0.004014
vt 0.571855 0.121320
vt 0.570138 0.121088
vt 0.569925 0.119487
vt 0.563771 0.680473
vt 0.352752 0.662709
vt 0.873743 0.241285
vt 0.890130 0.970452
vt 0.451819 0.282006
vt 0.423238 0.716193
vt 0.420800 0.716283
vt 0.423054 0.714778
vt 0.644576 0.880649
vt 0.641985 0.882156
vt 0.638869 0.573017
vt 0.425228 0.565585
vt 0.424465 0.567132
vt 0.424517 0.566416
vt 0.212587 0.108367
vt 0.213084 0.110088
vt 0.211943 0.110270
vt 0.255878 0.103853
vt 0.257755 0.103631
vt 0.258165 0.104777
vt 0.914929 0.984627
vt 0.914040 0.986970
vt 0.912373 0.985353
vt 0.842314 0.790965
vt 0.845057 0.792528
vt 0.841865 0.793207
vt 0.278782 0.616585
vt 0.108853 0.099503
vt 0.108295 0.100169
vt 0.107434 0.100927
vt 0.965519 0.636476
vt 0.966987 0.634858
vt 0.967414 0.636235
vt 0.892583 0.019341
vt 0.890051 0.020996
vt 0.891881 0.018153
vt 0.395646 0.353468
vt 0.396257 0.356715
vt 0.893048 0.020557
vt 0.892363 0.021519
vt 0.590922 0.958459
vt 0.589046 0.956336
vt 0.591295 0.956188
vt 0.529337 0.155614
vt 0.433022 0.330073
vt 0.431498 0.330968
vt 0.433413 0.328857
vt 0.796983 0.925925
vt 0.795640 0.924903
vt 0.797610 0.924437
vt 0.355679 0.029998
vt 0.356357 0.031652
vt 0.524123 0.323826
vt 0.524083 0.325466
vt 0.164521 0.714530
vt 0.163607 0.715000
vt 0.160186 0.714803
vt 0.968244 0.147649
vt 0.967845 0.146486
vt 0.968597 0.145184
vt 0.323232 0.482677
vt 0.324037 0.482118
vt 0.324332 0.483260
vt 0.039479 0.978812
vt 0.041485 0.977890
vt 0.040723 0.980344
vt 0.769481 0.595936
vt 0.768954 0.598139
vt 0.767867 0.596316
vt 0.113237 0.622046
vt 0.681124 0.061811
vt 0.679735 0.061980
vt 0.679902 0.060565
vt 0.076240 0.418009
vt 0.077707 0.418583
vt 0.076434 0.419504
vt 0.495063 0.078556
vt 0.492461 0.078782
vt 0.492666 0.077251
vt 0.075233 0.432560
vt 0.076999 0.431735
vt 0.076665 0.433145
vt 0.280797 0.606151
vt 0.279321 0.607116
vt 0.278687 0.604125
vt 0.281280 0.602813
vt 0.540682 0.791816
vt 0.537949 0.790281
vt 0.540854 0.790452
vt 0.717261 0.829332
vt 0.156607 0.547476
vt 0.077940 0.951078
vt 0.076607 0.951058
vt 0.080233 0.949902
vt 0.851083 0.922654
vt 0.851690 0.920691
vt 0.853006 0.920044
vt 0.451378 0.298409
vt 0.452864 0.297194
vt 0.452704 0.299533
vt 0.337533 0.785650
vt 0.876422 0.299219
vt 0.392662 0.242422
vt 0.394372 0.242100
vt 0.393336 0.243491
vt 0.060871 0.679772
vt 0.061035 0.681767
vt 0.116951 0.632529
vt 0.117429 0.632605
vt 0.433994 0.326138
vt 0.648788 0.563636
vt 0.742474 0.883766
vt 0.741197 0.883170
vt 0.742739 0.882109
vt 0.743687 0.882236
vt 0.845111 0.811909
vt 0.531360 0.711417
vt 0.528481 0.710389
vt 0.358082 0.024021
vt 0.538492 0.975894
vt 0.875290 0.244415
vt 0.702032 0.257482
vt 0.699867 0.257406
vt 0.387838 0.359211
vt 0.836270 0.132065
vt 0.233013 0.096553
vt 0.233599 0.095706
vt 0.234110 0.097272
vt 0.767245 0.585817
vt 0.766977 0.589294
vt 0.765733 0.587146
vt 0.391573 0.984389
vt 0.390758 0.984337
vt 0.392020 0.983721
vt 0.080240 0.950608
vt 0.083208 0.950431
vt 0.423738 0.720858
vt 0.421282 0.720432
vt 0.425707 0.719013
vt 0.959953 0.104142
vt 0.958326 0.103637
vt 0.959673 0.103059
vt 0.207678 0.903599
vt 0.209044 0.905420
vt 0.206101 0.904647
vt 0.854366 0.457884
vt 0.856577 0.459928
vt 0.854654 0.459077
vt 0.353590 0.408967
vt 0.355496 0.407380
vt 0.825521 0.808664
vt 0.824435 0.810166
vt 0.022921 0.517358
vt 0.021992 0.516110
vt 0.023057 0.515702
vt 0.035381 0.146486
vt 0.892556 0.233045
vt 0.941971 0.774902
vt 0.940313 0.776540
vt 0.940423 0.775393
vt 0.499652 0.676843
vt 0.498931 0.678451
vt 0.495946 0.678264
vt 0.278667 0.677684
vt 0.273924 0.677890
vt 0.276958 0.677153
vt 0.829373 0.019468
vt 0.829853 0.021139
vt 0.828648 0.020052
vt 0.003612 0.018091
vt 0.002812 0.017857
vt 0.004157 0.018080
vt 0.003420 0.013212
vt 0.393289 0.364767
vt 0.392501 0.362838
vt 0.156296 0.951527
vt 0.157448 0.951358
vt 0.152828 0.953085
vt 0.347168 0.403970
vt 0.551061 0.453249
vt 0.549383 0.455460
vt 0.549411 0.453235
vt 0.355717 0.009469
vt 0.108172 0.928644
vt 0.360917 0.012881
vt 0.360643 0.014701
vt 0.770892 0.539574
vt 0.770764 0.542421
vt 0.769334 0.542002
vt 0.356779 0.019373
vt 0.359906 0.020630
vt 0.775533 0.412512
vt 0.009615 0.301526
vt 0.008414 0.302441
vt 0.008378 0.300881
vt 0.019887 0.123844
vt 0.021197 0.125731
vt 0.019717 0.125536
vt 0.748137 0.502129
vt 0.747725 0.504566
vt 0.747018 0.504156
vt 0.596688 0.824059
vt 0.594312 0.824177
vt 0.594195 0.822592
vt 0.218859 0.143676
vt 0.219136 0.143827
vt 0.219511 0.145027
vt 0.219377 0.145170
vt 0.961205 0.368542
vt 0.962067 0.372557
vt 0.960601 0.369664
vt 0.705059 0.458947
vt 0.705432 0.459726
vt 0.487515 0.451364
vt 0.074943 0.055451
vt 0.074147 0.054127
vt 0.074370 0.053734
vt 0.492514 0.094051
vt 0.493154 0.094501
vt 0.687210 0.268316
vt 0.687381 0.268020
vt 0.588240 0.742196
vt 0.588954 0.741799
vt 0.745386 0.903662
vt 0.745495 0.903525
vt 0.059023 0.208305
vt 0.056903 0.208883
vt 0.058344 0.208010
vt 0.084133 0.931049
vt 0.085831 0.930392
vt 0.084798 0.932260
vt 0.084558 0.932524
vt 0.536441 0.159787
vt 0.419843 0.480592
vt 0.005764 0.018774
vt 0.423013 0.478911
vt 0.421018 0.481957
vt 0.118262 0.632503
vt 0.002284 0.017677
vt 0.085712 0.933098
vt 0.532745 0.165933
vt 0.818104 0.133756
vt 0.818604 0.134643
vt 0.818537 0.134689
vt 0.817051 0.134376
vt 0.611218 0.166354
vt 0.610474 0.165290
vt 0.610220 0.164681
vt 0.612344 0.165616
vt 0.112819 0.630630
vt 0.111863 0.630292
vn -0.9451 -0.0247 -0.3260
vn -0.9460 -0.0187 -0.3237
vn -0.9536 -0.0530 -0.2965
vn -0.9642 -0.0524 -0.2600
vn -0.9560 -0.0292 -0.2919
vn -0.9521 -0.0099 -0.3056
vn -0.9550 0.0043 -0.2965
vn -0.9506 0.0224 -0.3097
vn -0.9547 0.0225 -0.2967
vn -0.9569 0.0322 -0.2887
vn -0.9470 0.0262 -0.3202
vn -0.9439 0.0500 -0.3264
vn -0.9322 0.0337 -0.3603
vn -0.9345 -0.0019 -0.3561
vn -0.9328 0.0035 -0.3605
vn -0.9363 0.0075 -0.3511
vn -0.9334 -0.0018 -0.3588
vn -0.9342 -0.0186 -0.3563
vn -0.9357 -0.0218 -0.3520
vn -0.9371 -0.0151 -0.3488
vn -0.9385 -0.0174 -0.3448
vn -0.9401 -0.0266 -0.3399
vn -0.9441 -0.0358 -0.3278
vn -0.9402 -0.0184 -0.3401
vn -0.9414 -0.0233 -0.3366
vn -0.9465 -0.0251 -0.3218
vn 0.1170 -0.9930 0.0137
vn -0.1048 -0.9411 0.3216
vn -0.2276 -0.3533 0.9074
vn 0.0337 0.6676 0.7437
vn 0.0659 0.9950 -0.0751
vn -0.0202 0.7534 0.6572
vn -0.3121 0.8932 0.3236
vn -0.3002 0.9031 -0.3070
vn -0.3561 0.7851 0.5068
vn 0.2059 0.2410 -0.9484
vn -0.0454 0.9443 -0.3260
vn 0.2605 0.4059 -0.8760
vn -0.9823 -0.1527 -0.1086
vn -0.7129 0.1627 0.6821
vn -0.5873 -0.1447 0.7963
vn 0.2205 0.9679 0.1209
vn 0.2206 0.9742 -0.0480
vn 0.3420 0.9396 -0.0125
vn -0.1664 0.9254 -0.3405
vn -0.2129 0.8965 0.3884
vn 0.1164 -0.8055 -0.5810
vn 0.1495 -0.7373 -0.6588
vn -0.2151 -0.7187 0.6612
vn -0.2022 -0.9279 0.3131
vn 0.0327 -0.9796 0.1985
vn -0.3261 0.1417 0.9347
vn -0.1595 -0.9793 0.1246
vn -0.2150 0.4865 0.8468
vn -0.2664 0.0489 0.9626
vn 0.4183 -0.4255 -0.8025
vn 0.2388 0.1039 -0.9655
vn 0.3326 -0.2723 -0.9029
vn -0.2916 -0.8655 0.4072
vn 0.1424 -0.9512 -0.2737
vn 0.0119 -0.9317 0.3631
vn -0.3780 -0.3118 0.8717
vn -0.0612 0.9374 0.3429
vn -0.3460 0.2206 0.9119
vn -0.0099 0.9618 0.2737
vn 0.0612 0.9980 0.0129
vn -0.1257 0.8347 0.5361
vn -0.2834 0.8441 0.4551
vn -0.4206 0.4625 0.7805
vn -0.0782 0.3160 0.9455
vn -0.4259 0.8503 -0.3093
vn 0.0447 0.9413 -0.3347
vn 0.3483 0.1645 -0.9228
vn -0.2156 0.4355 0.8740
vn -0.0935 0.6685 0.7378
vn -0.1190 0.9928 0.0109
vn 0.0908 -0.9958 -0.0072
vn 0.2792 -0.9205 -0.2733
vn 0.0489 -0.9536 -0.2970
vn 0.1497 0.9823 -0.1122
vn -0.2597 0.9482 0.1831
vn 0.2146 0.8838 -0.4157
vn -0.0752 -0.9939 0.0805
vn -0.2288 -0.5886 -0.7754
vn -0.0450 -0.9968 0.0655
vn -0.0463 -0.9989 -0.0125
vn 0.1016 -0.9942 -0.0341
vn 0.1976 -0.7215 -0.6636
vn 0.0129 -0.9744 0.2243
vn 0.0350 -0.9740 0.2240
vn -0.0165 -0.9694 0.2448
vn -0.0261 -0.9678 -0.2503
vn 0.0490 -0.9664 -0.2525
vn 0.3476 -0.7875 -0.5089
vn -0.3139 -0.3923 0.8646
vn 0.2928 0.7828 -0.5491
vn 0.3943 0.8045 -0.4442
vn 0.1406 0.9900 -0.0080
vn -0.2054 0.8468 0.4907
vn 0.1464 0.9821 0.1182
vn -0.1038 0.9063 0.4097
vn -0.0937 -0.2204 0.9709
vn 0.4962 -0.8536 0.1587
vn -0.5267 -0.8500 -0.0085
vn -0.0790 -0.7794 -0.6215
vn 0.2800 -0.3518 -0.8932
vn 0.2147 0.9633 -0.1609
vn -0.1922 0.8121 0.5509
vn -0.1359 0.9605 -0.2427
vn -0.1025 0.8373 0.5371
vn -0.0887 0.8527 0.5148
vn -0.2669 -0.6956 0.6670
vn -0.2013 0.3158 0.9272
vn -0.2715 -0.9239 0.2698
vn -0.3029 -0.7442 0.5953
vn -0.3497 -0.9171 0.1914
vn -0.1348 0.9873 -0.0846
vn -0.1341 0.8597 0.4929
vn -0.0611 0.8524 0.5194
vn 0.2325 0.2509 -0.9397
vn 0.6282 -0.4773 -0.6145
vn 0.4614 -0.3229 -0.8264
vn -0.3431 0.5625 0.7522
vn -0.2723 0.9254 0.2635
vn 0.2515 0.2572 -0.9331
vn 0.2050 -0.2307 -0.9512
vn -0.0132 0.8706 -0.4918
vn -0.0552 -0.0935 -0.9941
vn -0.0306 0.1362 -0.9902
vn -0.1634 0.1306 -0.9779
vn -0.1989 0.8942 0.4010
vn 0.2286 -0.9413 -0.2483
vn -0.2337 -0.9155 0.3275
vn 0.0770 0.4036 -0.9117
vn -0.0106 -0.9919 -0.1264
vn -0.0855 -0.9875 -0.1326
vn -0.0296 -0.9993 0.0207
vn -0.5189 -0.0450 0.8536
vn -0.1981 0.7334 0.6502
vn -0.1127 0.9778 0.1766
vn 0.0438 0.9808 0.1902
vn -0.1143 0.9263 0.3590
vn 0.0162 -0.9621 0.2722
vn 0.0127 -0.9711 0.2382
vn 0.0556 -0.9759 0.2112
vn 0.0172 -0.9989 0.0432
vn 0.0879 -0.9913 -0.0983
vn -0.0704 -0.9063 -0.4168
vn 0.8692 -0.1600 -0.4679
vn 0.0328 -0.3010 -0.9531
vn 0.6383 0.2424 -0.7306
vn 0.8782 0.1276 -0.4609
vn -0.3652 -0.0454 0.9298
vn -0.1396 -0.5791 0.8032
vn -0.2881 -0.0704 0.9550
vn -0.5672 0.8013 0.1905
vn -0.3081 0.9316 0.1926
vn -0.7114 0.7023 0.0257
vn 0.1147 0.8940 -0.4331
vn -0.1255 0.9040 0.4087
vn -0.4477 -0.1374 0.8836
vn -0.5809 0.1932 0.7908
vn -0.2794 -0.0079 0.9601
vn -0.3612 0.7290 0.5814
vn 0.6007 0.7048 -0.3774
vn -0.3209 0.8031 0.5021
vn -0.1738 0.9151 0.3638
vn -0.2894 0.8265 0.4829
vn -0.1227 0.9907 0.0597
vn 0.1887 -0.6839 -0.7047
vn 0.2807 -0.2166 -0.9350
vn 0.3105 -0.4140 -0.8557
vn 0.0408 0.9562 -0.2900
vn -0.1337 0.8326 0.5374
vn -0.1426 -0.4681 0.8721
vn 0.3544 0.8429 -0.4050
vn -0.2038 0.8255 0.5263
vn 0.1437 0.9888 0.0403
vn 0.4614 0.8862 0.0408
vn 0.0801 0.9317 0.3542
vn 0.0921 0.7246 0.6830
vn -0.2083 0.5830 0.7853
vn 0.5579 0.8244 -0.0948
vn -0.1718 0.8280 -0.5338
vn -0.5875 0.7947 0.1526
vn 0.6059 0.1014 -0.7891
vn 0.3350 0.5989 -0.7274
vn 0.5935 -0.1277 -0.7947
vn 0.4251 0.0206 -0.9049
vn 0.3356 -0.3870 -0.8588
vn 0.4697 -0.1062 -0.8764
vn 0.4658 0.8680 -0.1722
vn -0.0173 0.3287 -0.9443
vn 0.1020 -0.2141 -0.9715
vn 0.0869 -0.9945 -0.0580
vn 0.1133 -0.9932 0.0268
vn 0.0483 -0.9763 0.2112
vn -0.0364 -0.5957 0.8024
vn 0.0766 -0.9094 -0.4089
vn 0.1686 -0.9388 -0.3004
vn 0.1889 0.8512 -0.4896
vn -0.3409 -0.9397 0.0268
vn -0.3025 -0.9463 -0.1144
vn -0.0961 -0.9951 -0.0224
vn -0.1911 -0.9667 -0.1701
vn -0.1012 0.9866 0.1281
vn 0.0064 0.9968 0.0792
vn -0.0245 0.9985 -0.0487
vn 0.0637 -0.9811 -0.1826
vn 0.2170 -0.8997 -0.3787
vn 0.1608 0.6761 0.7190
vn -0.5695 0.6343 0.5229
vn -0.3163 -0.5218 0.7922
vn 0.0668 0.9972 0.0330
vn 0.2003 0.9779 0.0597
vn 0.1531 0.9882 -0.0035
vn 0.3510 0.2137 -0.9117
vn 0.3626 0.2522 -0.8972
vn 0.3485 -0.7013 -0.6218
vn 0.7414 -0.2614 -0.6180
vn -0.8944 0.4283 -0.1288
vn -0.0791 -0.6902 -0.7192
vn 0.3406 0.4421 -0.8298
vn 0.3447 0.1790 -0.9215
vn 0.4782 0.8780 -0.0212
vn -0.0524 -0.1532 0.9868
vn -0.0541 -0.1328 0.9897
vn -0.1227 0.2264 0.9663
vn -0.2169 0.8010 0.5579
vn -0.0910 0.9224 0.3755
vn 0.1257 0.9921 -0.0039
vn 0.1833 0.9830 0.0045
vn -0.0351 0.6522 0.7573
vn -0.1136 -0.9278 0.3553
vn 0.0952 -0.7187 -0.6888
vn 0.1315 -0.8562 -0.4996
vn 0.0190 -0.9945 -0.1030
vn -0.1668 0.9853 0.0372
vn -0.2438 0.9334 0.2632
vn -0.1291 0.9706 -0.2030
vn 0.1729 0.3224 -0.9307
vn 0.5229 -0.4236 -0.7397
vn -0.2553 -0.9614 -0.1027
vn 0.3437 0.8524 -0.3939
vn 0.3429 0.5892 -0.7316
vn -0.1595 0.7295 0.6651
vn 0.5669 0.6159 -0.5471
vn -0.0451 0.7031 -0.7097
vn 0.3070 0.9496 0.0630
vn 0.0730 0.9973 -0.0098
vn -0.1331 0.8662 0.4816
vn -0.3278 0.3758 0.8668
vn 0.0666 -0.7149 -0.6960
vn 0.1761 -0.2345 -0.9560
vn 0.4680 -0.0167 -0.8835
vn 0.3427 -0.7770 -0.5281
vn 0.4053 0.1504 -0.9017
vn -0.6371 0.7382 0.2214
vn -0.1087 0.9874 -0.1149
vn -0.1757 0.9041 -0.3896
vn 0.2626 0.9604 -0.0930
vn 0.0633 0.9885 0.1376
vn 0.2796 0.8587 -0.4296
vn -0.1461 -0.9237 0.3541
vn -0.1708 -0.9531 0.2500
vn -0.2146 -0.8959 0.3889
vn -0.0243 -0.9984 0.0514
vn -0.1668 -0.9730 0.1597
vn -0.2041 -0.9119 0.3562
vn 0.0321 -0.9401 0.3393
vn -0.0164 -0.9397 0.3416
vn 0.3275 -0.7990 -0.5043
vn -0.2470 -0.6931 0.6773
vn -0.2524 -0.6715 0.6967
vn -0.1305 0.7653 -0.6303
vn -0.0100 0.0746 -0.9972
vn -0.0818 0.9966 0.0072
vn 0.4234 0.7707 -0.4762
vn 0.5544 0.8221 -0.1295
vn -0.1007 0.9934 0.0547
vn -0.1403 0.9858 0.0924
vn -0.1099 0.9939 0.0063
vn 0.0637 0.8700 -0.4889
vn -0.7820 0.3014 0.5456
vn -0.6645 0.7468 -0.0260
vn 0.1002 0.9949 0.0131
vn -0.1091 0.9248 0.3645
vn 0.0459 0.9765 0.2107
vn -0.1226 0.7295 0.6729
vn -0.0984 0.8925 0.4402
vn -0.0169 -0.9562 0.2923
vn -0.0475 -0.9884 0.1441
vn 0.3517 0.8388 -0.4156
vn 0.1777 0.9700 -0.1657
vn -0.9478 0.3157 -0.0437
vn -0.9508 0.2891 0.1115
vn 0.0270 -0.9794 -0.2002
vn 0.2335 -0.8057 -0.5443
vn 0.1241 -0.4572 -0.8806
vn -0.1522 -0.9259 0.3458
vn -0.2315 -0.8289 0.5092
vn -0.2061 0.8801 -0.4276
vn 0.3421 -0.3115 -0.8865
vn 0.3722 0.1154 -0.9209
vn 0.0895 -0.9798 0.1787
vn 0.0771 -0.9799 -0.1842
vn 0.0227 -0.9971 0.0721
vn 0.2900 0.5892 -0.7542
vn 0.1888 -0.7154 -0.6728
vn 0.3763 -0.4623 -0.8030
vn -0.1987 -0.8880 0.4148
vn -0.2907 0.6206 0.7283
vn 0.3359 0.9178 0.2116
vn 0.3318 0.7024 -0.6297
vn -0.1424 -0.3516 0.9253
vn -0.2807 -0.9073 0.3132
vn 0.1573 -0.9764 -0.1478
vn 0.0367 -0.9989 0.0282
vn 0.4313 -0.4549 -0.7791
vn 0.2849 -0.5863 -0.7584
vn -0.2551 -0.8498 0.4613
vn -0.1783 -0.8201 0.5437
vn -0.2325 -0.8551 0.4635
vn -0.1598 -0.7499 0.6420
vn -0.0041 -0.9543 -0.2989
vn 0.1072 -0.9483 -0.2986
vn -0.1536 0.9215 0.3566
vn -0.0593 0.9712 0.2307
vn 0.2449 -0.5234 -0.8161
vn 0.1115 -0.9810 -0.1585
vn -0.4809 0.8417 0.2455
vn -0.9568 -0.2899 -0.0209
vn 0.0419 -0.9427 -0.3311
vn -0.0027 -0.9948 -0.1019
vn -0.0611 -0.9720 0.2270
vn 0.0179 -0.9866 -0.1619
vn -0.1304 -0.9890 0.0700
vn 0.1522 0.3057 -0.9399
vn 0.4065 -0.1966 -0.8922
vn -0.1266 -0.9335 0.3355
vn -0.1029 -0.9640 0.2451
vn -0.2959 0.0399 0.9544
vn 0.0220 0.5252 -0.8507
vn -0.0611 0.4574 -0.8871
vn -0.2801 -0.5095 -0.8136
vn -0.2504 -0.7890 0.5611
vn -0.2158 -0.8873 0.4077
vn 0.0392 -0.9854 0.1655
vn 0.4503 -0.6538 -0.6082
vn -0.0039 -0.9708 0.2397
vn -0.0148 -0.8631 -0.5048
vn 0.4051 -0.6703 -0.6217
vn -0.2894 0.8453 0.4492
vn 0.1175 0.9874 -0.1062
vn 0.3062 0.8832 -0.3552
vn -0.6718 -0.3938 0.6273
vn 0.4285 0.8132 -0.3938
vn 0.0307 0.4555 -0.8897
vn 0.1733 -0.6684 -0.7233
vn 0.6299 0.4190 -0.6540
vn 0.5217 -0.7032 -0.4831
vn 0.2395 -0.5665 -0.7885
vn 0.2228 0.4252 -0.8772
vn -0.3232 0.6701 0.6682
vn 0.0588 0.9894 -0.1328
vn 0.2586 0.8417 -0.4740
vn -0.1753 -0.7608 -0.6248
vn -0.1727 -0.9811 0.0878
vn 0.2853 0.9526 -0.1054
vn -0.3756 0.1876 0.9076
vn -0.0103 -0.9894 0.1452
vn -0.4801 0.8054 0.3475
vn -0.0302 0.9909 -0.1308
vn -0.5075 0.8456 0.1656
vn -0.2400 0.8289 0.5053
vn -0.2055 -0.9786 0.0037
vn 0.1806 -0.9708 0.1576
vn 0.4125 0.2417 -0.8783
vn 0.0045 -0.8771 -0.4802
vn -0.0587 -0.8765 0.4779
vn 0.1257 -0.9902 0.0604
vn -0.0111 -0.8473 -0.5311
vn 0.0137 0.6991 -0.7149
vn 0.2413 0.6502 -0.7204
vn 0.1439 0.5498 -0.8228
vn 0.0210 -0.9906 -0.1353
vn 0.2963 -0.6250 -0.7222
vn -0.0233 -0.9017 -0.4318
vn 0.1345 -0.9284 -0.3464
vn 0.2210 0.8526 -0.4735
vn -0.4252 0.6813 0.5958
vn -0.9120 0.1353 0.3872
vn -0.2456 0.7371 0.6295
vn 0.0521 -0.9966 0.0637
vn 0.2765 -0.8095 -0.5180
vn 0.4520 -0.8917 -0.0229
vn 0.0050 0.8307 0.5567
vn -0.0413 -0.6437 0.7641
vn -0.1329 0.4713 0.8719
vn -0.2034 0.8675 0.4540
vn -0.8493 -0.4628 0.2540
vn 0.3379 -0.6626 -0.6685
vn 0.0166 -0.2438 -0.9697
vn 0.3887 -0.8498 -0.3561
vn 0.2441 0.9550 0.1685
vn -0.0155 -0.9506 0.3099
vn -0.1948 0.8536 0.4831
vn -0.1913 0.8641 0.4654
vn 0.5635 0.2033 -0.8007
vn 0.4764 0.8426 -0.2510
vn 0.1480 0.5158 -0.8438
vn 0.0287 0.7879 -0.6152
vn 0.4415 -0.1833 -0.8783
vn 0.1015 -0.8529 -0.5121
vn -0.0054 -0.5378 -0.8431
vn -0.2694 0.9539 0.1323
vn -0.1272 -0.5979 0.7914
vn 0.0394 -0.7147 0.6984
vn -0.0711 0.5413 0.8378
vn -0.3468 0.2382 0.9072
vn -0.3111 -0.5705 0.7601
vn -0.4149 -0.8289 0.3753
vn 0.7185 -0.6888 0.0961
vn 0.0377 -0.9715 -0.2339
vn 0.7595 -0.6474 -0.0642
vn 0.4204 -0.0641 -0.9051
vn 0.2441 -0.8776 -0.4126
vn -0.2595 0.9646 0.0469
vn -0.0873 0.9913 -0.0986
vn -0.0406 -0.9870 0.1556
vn 0.0190 -0.9725 -0.2320
vn 0.0632 -0.9975 0.0321
vn 0.0350 0.5642 0.8249
vn -0.2893 0.8763 0.3851
vn -0.1156 0.8685 0.4820
vn -0.1235 0.9419 0.3123
vn 0.3826 -0.1793 0.9063
vn 0.3536 0.0218 0.9352
vn -0.2879 0.1538 0.9452
vn -0.2154 0.9087 0.3577
vn -0.3772 0.8189 0.4326
vn -0.4816 -0.5406 0.6898
vn -0.1400 0.3426 0.9290
vn 0.4708 0.3191 -0.8225
vn 0.3925 -0.7478 -0.5354
vn 0.2369 -0.9031 -0.3583
vn -0.1432 0.5124 0.8467
vn -0.1268 -0.8092 0.5737
vn 0.1664 0.4496 -0.8776
vn 0.1984 0.9763 -0.0870
vn 0.7362 0.1691 -0.6553
vn 0.5843 -0.2248 -0.7798
vn 0.1193 -0.8113 -0.5723
vn 0.2441 -0.7647 -0.5964
vn -0.3364 -0.9367 -0.0975
vn -0.0853 0.9689 0.2321
vn -0.4620 -0.8264 0.3220
vn -0.5341 -0.7964 0.2839
vn -0.9553 -0.2128 0.2052
vn 0.3810 0.7457 0.5465
vn -0.0423 0.9970 0.0648
vn 0.3654 0.7655 0.5297
vn -0.0168 -0.2962 0.9550
vn 0.4426 -0.7582 0.4788
vn 0.2493 -0.8786 -0.4073
vn -0.0603 -0.8913 0.4494
vn -0.1691 0.7842 0.5970
vn 0.1096 -0.7963 0.5949
vn 0.2065 -0.7731 -0.5997
vn 0.2222 0.2343 -0.9464
vn -0.1678 0.8247 0.5401
vn 0.3106 -0.7707 -0.5564
vn -0.7333 -0.0060 0.6799
vn -0.3632 -0.7931 0.4889
vn -0.4934 0.8512 0.1788
vn 0.0344 -0.9966 0.0744
vn -0.2891 0.8684 0.4029
vn -0.1925 0.6836 0.7040
vn -0.1380 0.7159 0.6845
vn -0.1940 0.8079 0.5565
vn 0.3997 -0.2426 -0.8840
vn 0.2240 0.8548 -0.4682
vn 0.8261 -0.4098 -0.3868
vn 0.9208 -0.1200 -0.3711
vn -0.0639 -0.7685 -0.6367
vn -0.0294 0.9792 0.2008
vn -0.5339 -0.5224 0.6648
vn 0.5645 0.6279 -0.5358
vn 0.2592 -0.4478 -0.8557
vn 0.0759 -0.9770 0.1994
vn -0.1337 0.6721 0.7283
vn -0.2190 -0.0929 0.9713
vn -0.3020 0.5327 0.7906
vn 0.1302 -0.8821 -0.4528
vn 0.1048 -0.9377 -0.3311
vn 0.1916 -0.3591 -0.9134
vn -0.1233 -0.7300 -0.6722
vn 0.2042 -0.7594 -0.6178
vn -0.2452 -0.6020 0.7599
vn 0.6409 -0.2299 -0.7324
vn 0.8599 -0.2336 -0.4539
vn -0.1884 0.4349 0.8805
vn 0.0778 -0.9706 -0.2276
vn -0.2619 0.9287 0.2624
vn -0.3416 0.3032 0.8896
vn -0.5051 0.8547 0.1199
vn -0.3178 0.9281 0.1942
vn 0.1425 -0.6118 -0.7781
vn -0.0862 0.8928 0.4421
vn 0.0819 -0.9415 -0.3269
vn 0.0196 -0.9431 -0.3319
vn 0.7702 0.6296 -0.1021
vn 0.5703 0.8013 -0.1806
vn -0.2707 -0.1935 0.9430
vn 0.0319 0.9563 -0.2908
vn 0.2145 -0.7913 -0.5725
vn 0.3568 0.5492 -0.7557
vn 0.0341 -0.4734 -0.8802
vn 0.1819 -0.4350 -0.8818
vn -0.2128 0.9374 0.2758
vn -0.3181 -0.2691 0.9091
vn 0.6619 0.0873 -0.7445
vn 0.3348 -0.7760 0.5346
vn 0.0676 0.5402 -0.8388
vn -0.3061 0.5895 0.7475
vn 0.0628 -0.4488 -0.8914
vn -0.0018 -0.6377 -0.7703
vn 0.6239 -0.7319 0.2740
vn 0.3683 0.1702 -0.9140
vn -0.2126 -0.9214 -0.3255
vn 0.7095 0.6789 0.1889
vn 0.5104 0.7119 0.4824
vn -0.6416 -0.3128 0.7004
vn 0.1332 -0.2914 0.9473
vn 0.5108 0.1294 0.8499
vn 0.2461 0.2689 0.9312
vn 0.3310 -0.3499 0.8764
vn 0.4805 -0.0526 0.8754
vn -0.7631 -0.4268 0.4854
vn -0.5399 -0.8416 -0.0147
vn 0.0301 -0.9844 -0.1731
vn -0.2137 -0.8878 -0.4075
vn -0.1751 -0.4501 0.8756
vn 0.4488 0.6080 -0.6549
vn -0.3123 0.9500 -0.0009
vn -0.3496 0.9342 -0.0712
vn 0.8271 0.5559 -0.0832
vn 0.7172 0.6968 0.0039
vn 0.6579 0.4662 -0.5914
vn 0.5517 0.7820 -0.2902
vn -0.4109 -0.1033 0.9058
vn -0.6894 0.2131 0.6924
vn -0.0320 -0.0113 0.9994
vn -0.0800 0.7684 -0.6350
vn 0.5740 -0.0938 0.8135
vn 0.2529 -0.1015 0.9621
vn 0.4545 -0.3723 -0.8092
vn 0.2874 0.2681 0.9195
vn 0.5438 0.4308 0.7202
vn 0.5825 0.5446 0.6034
vn 0.1656 0.9522 0.2567
vn 0.1185 -0.4825 0.8678
vn 0.3889 -0.4573 0.7998
vn -0.1637 0.4008 0.9014
vn 0.8723 0.4031 -0.2769
usemtl sungaya_inexpectata_31mg
s off
f 503/1/1 485/2/2 493/3/3 498/4/4 490/5/5 504/6/6 482/7/7 495/8/8 494/9/9 496/10/10 505/11/11 497/12/12 500/13/13 499/14/14 483/15/15 491/16/16 492/17/17 501/18/18 489/19/19 502/20/20 487/21/21 506/22/22 484/23/23 486/24/24 488/25/25 507/26/26
s 1
f 346/27/27 221/28/28 113/29/29
f 141/30/30 23/31/31 16/32/32
f 284/33/33 316/34/34 28/35/35
f 176/36/36 455/37/37 95/38/38
f 148/39/39 9/40/40 232/41/41
f 49/42/42 267/43/43 246/44/44
f 26/45/45 36/46/46 28/35/35
f 57/47/47 58/48/48 56/49/49
f 62/50/50 63/51/51 244/52/52
f 69/53/53 70/54/54 71/55/55
f 59/56/56 77/57/57 78/58/58
f 81/59/59 142/60/60 72/61/61
f 66/62/62 67/63/63 82/64/64
f 88/65/65 43/66/66 233/67/67
f 360/68/68 325/69/69 219/70/70
f 108/71/71 74/72/72 101/73/73
f 377/74/74 109/75/75 110/76/76
f 116/77/77 115/78/78 27/79/79
f 120/80/80 363/81/81 121/82/82
f 131/83/83 99/84/84 132/85/85
f 133/86/86 89/87/87 107/88/88
f 119/89/89 252/90/90 134/91/91
f 136/92/92 137/93/93 138/94/94
f 141/95/30 16/96/32 17/97/95
f 462/98/96 144/99/97 145/100/98
f 147/101/99 171/102/100 353/103/101
f 34/104/102 149/105/103 113/106/29
f 476/107/104 162/108/105 472/109/106
f 170/110/107 375/111/108 171/112/100
f 376/113/109 177/114/110 178/115/111
f 56/116/49 298/117/112 439/118/113
f 466/119/114 334/120/115 352/121/116
f 324/122/117 237/123/118 196/124/119
f 202/125/120 197/126/121 201/127/122
f 211/128/123 128/129/124 36/130/46
f 213/131/125 394/132/126 214/133/127
f 370/134/128 224/135/129 217/136/130
f 249/137/131 211/138/123 36/139/46
f 344/140/132 230/141/133 115/78/78
f 5/142/134 110/143/76 324/144/117
f 235/145/135 33/146/136 102/147/137
f 66/62/62 436/148/138 446/149/139
f 383/150/140 156/151/141 236/152/142
f 338/153/143 1/154/144 168/155/145
f 55/156/146 52/157/147 248/158/148
f 522/159/149 329/160/150 315/161/151 509/162/152
f 276/163/153 153/164/154 251/165/155
f 195/166/156 256/167/157 327/168/158
f 363/81/81 166/169/159 39/170/160
f 261/171/161 30/172/162 47/173/163
f 210/174/164 80/175/165 209/176/166
f 27/177/79 33/178/136 116/179/77
f 146/180/167 79/181/168 135/182/169
f 266/183/170 62/184/50 58/48/48
f 45/185/171 60/186/172 78/187/58
f 25/188/173 196/189/119 367/190/174
f 325/191/69 192/192/175 219/193/70
f 215/194/176 94/195/177 468/196/178
f 279/197/179 278/198/180 355/199/181
f 15/200/182 381/201/183 88/202/65
f 317/203/184 284/33/33 285/204/185
f 286/205/186 411/206/187 405/207/188
f 444/208/189 407/209/190 287/210/191
f 185/211/192 279/212/179 246/44/44
f 212/213/193 224/135/129 245/214/194
f 291/215/195 292/216/196 169/217/197
f 66/62/62 446/149/139 67/63/63
f 301/218/198 8/219/199 18/220/200
f 108/221/71 101/222/73 307/223/201
f 72/224/61 71/225/55 308/226/202
f 32/227/203 312/228/204 31/229/205
f 318/230/206 130/231/207 61/232/208
f 282/233/209 248/234/148 295/235/210
f 302/236/211 14/237/212 222/238/213
f 328/239/214 123/240/215 38/241/216
f 44/242/217 331/243/218 101/222/73
f 75/244/219 259/245/220 329/160/150
f 327/168/158 330/246/221 195/166/156
f 245/214/194 224/135/129 97/247/222
f 44/242/217 322/248/223 386/249/224
f 44/242/217 321/250/225 322/248/223
f 340/251/226 129/252/227 339/253/228
f 200/254/229 233/255/67 182/256/230
f 242/257/231 130/258/207 186/259/232
f 129/260/227 251/165/155 299/261/233
f 38/262/216 123/263/215 49/264/42
f 105/265/234 116/266/77 294/267/235
f 345/268/236 344/269/132 240/270/237
f 452/271/238 347/272/239 263/273/240
f 351/274/241 270/275/242 95/38/38
f 352/276/116 127/277/243 466/278/114
f 267/279/43 438/280/244 54/281/245
f 147/282/99 353/283/101 467/284/246
f 315/285/151 441/286/247 350/287/248
f 246/288/44 343/289/249 49/290/42
f 178/291/111 258/292/250 10/293/251
f 48/294/252 363/295/81 39/296/160
f 409/297/253 223/298/254 201/127/122
f 361/299/255 362/300/256 480/301/257
f 12/302/258 364/303/259 365/304/260
f 344/140/132 115/78/78 116/305/77
f 304/306/261 368/307/262 456/308/263
f 124/309/264 126/310/265 159/311/266
f 226/312/267 76/313/268 220/314/269
f 372/315/270 373/316/271 119/317/89
f 220/318/269 76/319/268 314/320/272
f 173/321/273 174/322/274 276/163/153
f 217/136/130 332/323/275 479/324/276
f 233/255/67 374/325/277 23/326/31
f 310/327/278 243/328/279 297/329/280
f 91/330/281 310/327/278 297/329/280
f 11/331/282 178/332/111 10/333/251
f 377/74/74 177/334/110 347/335/239
f 177/334/110 263/336/240 347/335/239
f 381/337/183 382/338/283 43/339/66
f 120/340/80 328/341/214 38/342/216
f 330/343/221 385/344/284 195/345/156
f 256/346/157 13/347/285 327/348/158
f 256/349/157 387/350/286 13/351/285
f 7/352/287 205/353/288 145/354/98
f 281/355/289 237/356/118 83/357/290
f 124/358/264 254/359/291 125/360/292
f 165/361/293 389/362/294 156/363/141
f 13/364/285 391/365/295 327/366/158
f 391/367/295 392/368/296 327/369/158
f 346/370/27 227/371/297 27/79/79
f 227/372/297 33/373/136 27/374/79
f 408/375/298 154/376/299 60/377/172
f 189/378/300 159/379/266 41/380/301
f 26/45/45 100/381/302 36/382/46
f 36/139/46 100/383/302 249/137/131
f 392/384/296 391/385/295 9/40/40
f 46/386/303 45/387/171 336/388/304
f 18/389/200 8/390/199 326/391/305
f 289/392/306 204/393/307 119/394/89
f 397/395/308 349/396/309 45/185/171
f 267/43/43 54/397/245 246/44/44
f 400/398/310 107/399/88 25/400/173
f 341/401/311 27/79/79 115/78/78
f 341/401/311 221/402/28 27/79/79
f 182/403/230 24/404/312 200/405/229
f 30/406/162 265/407/313 244/52/52
f 47/408/163 30/406/162 244/52/52
f 405/409/188 406/410/314 407/411/190
f 334/412/115 396/413/315 192/414/175
f 334/412/115 192/414/175 191/415/316
f 137/416/93 76/417/268 226/418/267
f 53/419/317 52/420/147 271/421/318
f 482/422/319 154/423/299 495/8/320
f 175/424/321 42/425/322 41/380/301
f 223/426/254 409/427/253 397/395/308
f 174/428/274 204/429/307 153/430/154
f 85/431/323 410/432/324 312/433/204
f 172/434/325 410/432/324 309/435/326
f 337/436/327 145/437/98 203/438/328
f 271/439/318 399/440/329 53/441/317
f 61/442/208 328/443/214 297/444/280
f 295/235/210 248/234/148 52/420/147
f 296/445/330 295/235/210 52/420/147
f 321/446/225 44/447/217 170/448/107
f 129/260/227 340/449/226 251/165/155
f 411/206/187 310/450/278 412/451/331
f 413/452/332 392/453/296 148/454/39
f 57/47/47 414/455/333 58/48/48
f 414/456/333 416/457/334 253/458/335
f 212/213/193 316/459/34 317/460/184
f 419/461/336 188/462/337 189/463/300
f 99/464/84 131/465/83 133/466/86
f 498/467/338 77/57/57 490/5/339
f 460/468/340 122/469/341 280/470/342
f 422/471/343 348/472/344 421/473/345
f 42/474/322 403/475/346 112/476/347
f 227/477/297 226/478/267 167/479/348
f 420/480/349 102/481/137 167/482/348
f 155/483/350 47/408/163 63/51/51
f 326/484/305 8/485/199 53/486/317
f 228/487/351 425/488/352 75/244/219
f 455/489/37 258/490/250 426/491/353
f 10/492/251 258/490/250 455/489/37
f 427/493/354 135/494/169 323/495/355
f 148/39/39 232/41/41 354/496/356
f 381/497/183 43/498/66 88/499/65
f 53/419/317 296/445/330 52/420/147
f 328/500/214 120/501/80 368/502/262
f 167/503/348 220/504/269 362/505/256
f 120/506/80 121/507/82 357/508/357
f 107/509/88 400/510/310 133/511/86
f 422/512/343 157/513/358 348/514/344
f 99/515/84 157/513/358 422/512/343
f 165/516/293 156/517/141 304/518/261
f 351/274/241 95/38/38 258/519/250
f 392/520/296 413/521/332 330/246/221
f 461/522/359 432/523/360 433/524/361
f 229/525/362 197/126/121 198/526/363
f 201/127/122 197/126/121 229/525/362
f 434/527/364 333/528/365 435/529/366
f 135/182/169 79/181/168 203/530/328
f 105/531/234 294/532/235 275/533/367
f 366/534/368 314/535/272 76/319/268
f 314/535/272 366/534/368 112/536/347
f 28/35/35 316/34/34 26/45/45
f 361/537/255 469/538/369 362/300/256
f 265/407/313 30/406/162 261/539/161
f 436/540/138 298/117/112 437/541/370
f 104/542/371 119/89/89 134/91/91
f 184/543/372 358/544/373 183/545/374
f 302/236/211 222/238/213 17/546/95
f 17/547/95 16/548/32 302/549/211
f 258/550/250 177/551/110 377/552/74
f 193/553/375 79/181/168 146/180/167
f 112/554/347 262/555/376 42/556/322
f 168/557/145 1/558/144 207/559/377
f 331/243/218 401/560/378 307/223/201
f 62/50/50 437/561/370 298/562/112
f 107/563/88 89/564/87 106/565/379
f 117/566/380 106/567/379 84/568/381
f 181/569/382 106/570/379 117/571/380
f 503/1/383 234/572/384 485/2/385
f 231/573/386 394/574/126 474/575/387
f 387/576/286 278/198/180 279/197/179
f 404/577/388 122/578/341 445/579/389
f 193/553/375 94/580/177 194/581/390
f 457/582/391 93/583/392 184/584/372
f 241/585/393 391/385/295 13/586/285
f 419/587/336 112/588/347 366/589/368
f 45/185/171 78/187/58 336/590/304
f 252/591/90 388/592/394 134/593/91
f 389/594/294 205/595/288 156/596/141
f 388/597/394 252/598/90 292/599/196
f 236/600/142 156/601/141 205/602/288
f 236/603/142 205/604/288 7/605/287
f 135/606/169 333/607/365 146/608/167
f 60/186/172 395/609/395 408/610/298
f 60/186/172 45/185/171 395/609/395
f 402/611/396 444/612/189 287/613/191
f 185/614/192 246/615/44 54/616/245
f 423/617/397 343/618/249 355/619/181
f 372/620/270 338/621/143 168/622/145
f 418/623/398 82/624/64 269/625/399
f 82/624/64 418/623/398 439/626/113
f 479/324/276 370/134/128 217/136/130
f 90/627/400 377/74/74 347/335/239
f 224/135/129 317/460/184 217/136/130
f 189/628/300 124/309/264 159/629/266
f 400/398/310 25/400/173 157/513/358
f 345/630/236 404/577/388 445/579/389
f 413/631/332 148/632/39 158/633/401
f 148/632/39 354/634/356 158/633/401
f 72/61/61 142/60/60 68/635/402
f 27/79/79 221/402/28 346/370/27
f 399/636/329 393/637/403 118/638/404
f 326/639/305 399/640/329 118/641/404
f 437/642/370 180/643/405 446/644/139
f 124/645/264 239/646/406 254/647/291
f 127/648/243 352/649/116 32/650/203
f 111/651/407 337/652/327 290/653/408
f 294/654/235 401/560/378 331/243/218
f 260/655/409 238/656/410 441/286/247
f 164/657/411 238/656/410 260/655/409
f 342/658/412 238/656/410 164/657/411
f 361/299/255 480/301/257 378/659/413
f 100/660/302 25/661/173 249/662/131
f 25/661/173 367/663/174 249/662/131
f 355/664/181 278/665/180 299/666/233
f 95/38/38 426/667/353 258/519/250
f 119/89/89 373/668/271 252/90/90
f 188/669/337 208/670/414 414/671/333
f 41/380/301 262/672/376 189/673/300
f 84/674/381 326/675/305 117/676/380
f 18/677/200 326/678/305 84/568/381
f 449/679/415 271/680/318 52/681/147
f 451/682/416 4/683/417 272/684/418
f 451/682/416 272/684/418 448/685/419
f 451/682/416 3/686/420 4/683/417
f 312/228/204 132/687/85 97/688/222
f 1/689/144 277/690/421 2/691/422
f 1/689/144 338/692/143 277/690/421
f 513/693/423 190/694/424 519/695/425
f 189/696/300 188/697/337 253/698/335
f 376/699/109 452/700/238 263/701/240
f 177/702/110 376/703/109 263/704/240
f 371/705/426 311/706/427 229/525/362
f 317/707/184 187/708/428 332/709/275
f 317/707/184 285/710/185 187/708/428
f 130/711/207 300/712/429 397/713/308
f 130/258/207 397/714/308 186/259/232
f 255/715/430 125/360/292 134/716/91
f 388/717/394 255/715/430 134/716/91
f 130/718/207 318/719/206 300/720/429
f 169/721/197 395/722/395 291/723/195
f 51/724/431 153/725/154 204/726/307
f 150/727/432 404/728/388 240/729/237
f 337/730/327 203/530/328 290/731/408
f 96/732/433 113/106/29 15/733/182
f 114/734/434 113/735/29 96/736/433
f 114/737/434 96/738/433 15/739/182
f 147/740/99 225/741/435 171/742/100
f 225/743/435 87/744/436 455/745/37
f 87/746/436 10/747/251 455/748/37
f 530/749/437 527/750/438 218/751/439
f 210/174/164 79/181/168 80/175/165
f 79/752/168 210/753/164 290/754/408
f 406/755/314 236/756/142 463/757/440
f 178/115/111 11/758/282 376/759/109
f 11/760/282 453/761/441 376/762/109
f 63/51/51 47/408/163 244/52/52
f 240/763/237 116/179/77 105/764/234
f 80/765/165 79/181/168 194/581/390
f 363/766/81 273/767/442 268/768/443
f 454/769/444 318/770/206 61/771/208
f 455/37/37 176/36/36 213/131/125
f 213/131/125 214/772/127 455/37/37
f 386/773/224 442/774/445 264/775/446
f 396/776/315 218/777/439 192/778/175
f 219/779/70 192/780/175 218/781/439
f 324/122/117 109/75/75 83/782/290
f 83/782/290 109/75/75 90/783/400
f 65/784/447 281/785/289 19/786/448
f 214/133/127 322/248/223 171/787/100
f 313/788/449 393/789/403 5/142/134
f 340/790/226 276/791/153 251/792/155
f 61/793/208 242/794/231 328/795/214
f 130/231/207 242/796/231 61/232/208
f 121/507/82 456/797/263 357/508/357
f 319/798/450 456/797/263 121/507/82
f 132/799/85 99/800/84 422/801/343
f 421/473/345 132/802/85 422/471/343
f 258/519/250 110/143/76 351/274/241
f 459/803/451 431/804/452 371/705/426
f 212/805/193 421/806/345 348/807/344
f 266/808/170 216/809/453 6/810/454
f 6/811/454 216/812/453 136/92/92
f 163/813/455 228/814/351 127/648/243
f 382/815/283 14/816/212 374/817/277
f 460/468/340 141/95/30 17/97/95
f 47/408/163 155/483/350 261/539/161
f 92/818/456 91/819/281 297/820/280
f 221/821/28 222/822/213 14/823/212
f 430/824/457 335/825/458 354/826/356
f 464/827/459 413/828/332 158/829/401
f 529/830/460 465/831/461 358/832/373 521/833/462
f 514/834/463 466/835/114 518/836/464
f 32/227/203 191/837/316 85/838/323
f 85/839/323 312/840/204 32/841/203
f 105/842/234 274/843/465 320/844/466
f 428/845/467 301/846/198 281/847/289
f 70/848/54 467/849/246 71/850/55
f 70/851/54 69/852/53 458/853/468
f 92/854/456 297/855/280 368/856/262
f 297/855/280 328/857/214 368/856/262
f 56/858/49 439/859/113 418/860/398
f 231/861/386 282/862/209 143/863/469
f 100/864/302 212/213/193 348/514/344
f 337/865/327 7/866/287 145/867/98
f 181/868/382 313/788/449 384/869/470
f 118/870/404 313/788/449 181/868/382
f 304/871/261 156/872/141 368/873/262
f 156/874/141 92/875/456 368/876/262
f 366/877/368 136/878/92 419/879/336
f 136/92/92 216/812/453 419/880/336
f 34/104/102 113/106/29 434/881/364
f 113/106/29 114/882/434 434/881/364
f 257/883/471 435/884/366 323/885/355
f 257/886/471 261/539/161 155/483/350
f 186/887/232 438/888/244 267/889/43
f 123/890/215 186/891/232 267/892/43
f 462/98/96 389/893/294 165/894/293
f 165/894/293 180/895/405 462/98/96
f 95/38/38 449/896/415 40/897/472
f 434/881/364 22/898/473 34/104/102
f 434/881/364 21/899/474 22/898/473
f 317/900/184 316/901/34 284/902/33
f 439/859/113 298/903/112 436/904/138
f 184/905/372 206/906/475 358/907/373
f 21/908/474 434/909/364 257/910/471
f 111/911/407 236/912/142 7/605/287
f 111/911/407 7/605/287 337/730/327
f 397/395/308 409/427/253 349/396/309
f 122/578/341 150/913/432 142/60/60
f 122/578/341 142/60/60 81/59/59
f 300/720/429 318/719/206 454/914/444
f 300/915/429 454/916/444 198/917/363
f 78/58/58 60/377/172 59/56/56
f 420/918/349 362/300/256 469/538/369
f 215/919/176 420/918/349 469/538/369
f 430/920/457 207/921/377 335/922/458
f 207/923/377 1/154/144 335/924/458
f 254/925/291 104/542/371 134/91/91
f 254/925/291 390/926/476 104/542/371
f 294/654/235 331/243/218 275/927/367
f 398/928/477 280/929/342 470/930/478
f 280/470/342 81/931/59 470/932/478
f 140/933/479 385/934/284 339/935/228
f 246/936/44 355/937/181 343/938/249
f 94/939/177 199/940/480 468/941/178
f 402/942/396 287/613/191 314/943/272
f 163/813/455 31/944/205 97/945/222
f 249/137/131 367/190/174 65/946/447
f 364/947/259 387/948/286 185/949/192
f 279/212/179 185/211/192 387/950/286
f 378/951/413 424/952/481 73/953/482
f 480/954/257 424/955/481 378/956/413
f 52/420/147 55/957/146 449/958/415
f 55/959/146 40/960/472 449/961/415
f 519/962/425 190/963/424 75/964/219 526/965/483
f 526/966/483 75/244/219 534/967/484
f 402/968/396 403/475/346 417/969/485
f 437/561/370 62/50/50 244/52/52
f 24/970/312 307/971/201 200/972/229
f 108/973/71 307/971/201 24/970/312
f 372/974/270 168/975/145 169/976/197
f 33/977/136 294/978/235 116/979/77
f 144/980/97 29/981/486 323/982/355
f 268/983/443 288/984/487 269/985/399
f 332/323/275 342/658/412 164/657/411
f 190/986/424 127/987/243 228/988/351
f 197/989/121 202/990/120 198/991/363
f 262/992/376 419/993/336 189/994/300
f 435/995/366 135/996/169 427/997/354
f 185/998/192 247/999/488 364/1000/259
f 265/1001/313 462/1002/96 180/1003/405
f 447/1004/489 175/1005/321 433/1006/361
f 331/1007/218 274/1008/465 275/1009/367
f 150/1010/432 240/1011/237 320/1012/466
f 338/1013/143 86/1014/490 173/1015/273
f 86/1016/490 174/1017/274 173/1018/273
f 303/1019/491 460/468/340 280/470/342
f 283/1020/492 211/1021/123 98/1022/493
f 204/1023/307 86/1024/490 372/974/270
f 358/1025/373 187/1026/428 183/1027/374
f 187/1028/428 285/204/185 183/1029/374
f 70/1030/54 225/1031/435 147/101/99
f 416/1032/334 57/1033/47 450/1034/494
f 450/1035/494 57/47/47 179/1036/495
f 467/1037/246 70/1038/54 147/1039/99
f 176/36/36 95/38/38 40/897/472
f 125/1040/292 255/1041/430 126/1042/265
f 124/1043/264 125/1040/292 126/1042/265
f 479/324/276 151/1044/496 152/1045/497
f 379/1046/498 154/376/299 408/375/298
f 64/1047/499 410/1048/324 98/1022/493
f 523/1049/500 532/1050/501 329/1051/150
f 272/684/418 440/1052/502 448/685/419
f 291/1053/195 35/1054/503 388/1055/394
f 409/1056/253 35/1057/503 291/1058/195
f 332/323/275 217/136/130 317/460/184
f 208/1059/414 58/48/48 414/455/333
f 241/585/393 12/1060/258 103/1061/504
f 201/127/122 229/525/362 311/706/427
f 153/1062/154 48/1063/252 50/1064/505
f 369/1065/506 284/1066/33 20/1067/507
f 369/1068/506 20/1069/507 360/1070/68
f 373/1071/271 169/1072/197 292/1073/196
f 132/1074/85 356/1075/508 245/1076/194
f 132/1074/85 245/1076/194 97/1077/222
f 124/1078/264 253/1079/335 239/1080/406
f 264/1081/446 320/1082/466 274/1083/465
f 408/1084/298 168/1085/145 207/559/377
f 169/1086/197 168/1085/145 408/1084/298
f 311/1087/427 255/1088/430 35/1089/503
f 120/1090/80 38/1091/216 166/1092/159
f 38/1093/216 39/1094/160 166/1095/159
f 90/1096/400 347/1097/239 477/1098/509
f 161/1099/510 450/1035/494 160/1100/511
f 177/1101/110 258/292/250 178/291/111
f 137/1102/93 227/1103/297 162/1104/105
f 227/1105/297 137/1106/93 226/1107/267
f 416/1108/334 390/1109/476 239/1110/406
f 416/1111/334 450/1035/494 390/1112/476
f 54/1113/245 234/1114/384 185/1115/192
f 457/582/391 218/1116/439 93/583/392
f 98/1022/493 211/1117/123 249/1118/131
f 343/1119/249 38/1120/216 49/1121/42
f 106/1122/379 384/869/470 107/399/88
f 154/376/299 59/56/56 60/377/172
f 403/1123/346 314/1124/272 112/1125/347
f 326/678/305 53/419/317 399/636/329
f 153/164/154 50/1064/505 251/165/155
f 240/1126/237 344/140/132 116/305/77
f 520/1127/512 516/1128/513 350/1129/248
f 348/1130/344 157/1131/358 100/1132/302
f 48/1133/252 39/296/160 423/1134/397
f 5/142/134 324/144/117 313/788/449
f 203/530/328 79/181/168 290/731/408
f 111/1135/407 463/1136/440 236/1137/142
f 336/590/304 438/1138/244 397/395/308
f 56/1139/49 58/1140/48 298/1141/112
f 188/1142/337 414/1143/333 253/1144/335
f 45/1145/171 349/1146/309 395/1147/395
f 395/1148/395 349/1149/309 291/1150/195
f 230/1151/133 341/1152/311 115/1153/78
f 102/1154/137 227/1155/297 167/1156/348
f 237/123/118 367/1157/174 196/124/119
f 393/789/403 351/274/241 110/143/76
f 5/142/134 393/789/403 110/143/76
f 454/1158/444 297/1159/280 243/1160/279
f 297/1161/280 454/1162/444 61/1163/208
f 461/1164/359 371/1165/426 431/1166/452
f 264/775/446 44/1167/217 386/773/224
f 44/1167/217 264/775/446 274/1168/465
f 331/243/218 44/242/217 274/1169/465
f 340/1170/226 293/1171/514 276/1172/153
f 276/1173/153 293/1174/514 277/1175/421
f 152/1176/497 97/1177/222 370/1178/128
f 97/1179/222 224/1180/129 370/1181/128
f 384/869/470 313/788/449 305/1182/515
f 322/248/223 214/133/127 394/132/126
f 386/249/224 322/248/223 394/132/126
f 19/1183/448 64/1047/499 65/1184/447
f 377/1185/74 90/1186/400 109/1187/75
f 23/1188/31 374/1189/277 302/1190/211
f 16/32/32 23/31/31 302/1191/211
f 201/1192/122 223/1193/254 202/990/120
f 371/705/426 461/1194/359 306/1195/516
f 461/1164/359 126/1196/265 306/1197/516
f 166/1198/159 363/1199/81 120/506/80
f 126/1200/265 461/1164/359 433/1201/361
f 159/1202/266 126/1203/265 433/1204/361
f 175/1205/321 447/1206/489 417/1207/485
f 175/1208/321 417/1209/485 42/1210/322
f 429/1211/517 287/210/191 407/209/190
f 260/1212/409 315/161/151 259/245/220
f 474/1213/387 394/1214/126 213/1215/125
f 434/1216/364 114/1217/434 333/1218/365
f 429/1219/517 463/1220/440 73/1221/482
f 287/210/191 429/1211/517 424/1222/481
f 424/1223/481 429/1224/517 73/1225/482
f 242/1226/231 123/1227/215 328/795/214
f 234/1228/384 247/1229/488 185/1230/192
f 356/1231/508 212/1232/193 245/1233/194
f 176/36/36 473/1234/518 474/1235/387
f 474/1235/387 213/131/125 176/36/36
f 215/1236/176 468/1237/178 401/1238/378
f 215/919/176 401/560/378 415/1239/519
f 319/1240/450 121/507/82 471/1241/520
f 421/1242/345 212/1243/193 356/1244/508
f 85/1245/323 191/1246/316 192/1247/175
f 474/1248/387 55/1249/146 231/1250/386
f 55/1251/146 248/1252/148 231/1253/386
f 81/1254/59 72/1255/61 308/1256/202
f 208/1059/414 216/812/453 266/183/170
f 58/48/48 208/1059/414 266/183/170
f 208/1257/414 419/1258/336 216/1259/453
f 157/513/358 25/400/173 100/864/302
f 467/1260/246 470/1261/478 71/1262/55
f 435/1263/366 427/997/354 323/1264/355
f 135/1265/169 203/1266/328 323/1267/355
f 359/1268/521 85/1269/323 192/1270/175
f 77/1271/57 54/1272/245 78/1273/58
f 359/1274/521 325/1275/69 211/1021/123
f 359/1276/521 211/128/123 283/1277/492
f 325/1278/69 20/1279/507 211/128/123
f 20/1279/507 128/129/124 211/128/123
f 400/1280/310 99/464/84 133/466/86
f 461/1281/359 431/1282/452 250/1283/522
f 250/1284/522 432/1285/360 461/1194/359
f 250/1284/522 310/450/278 432/1285/360
f 460/1286/340 303/1287/491 141/1288/30
f 15/1289/182 221/1290/28 14/1291/212
f 181/868/382 384/869/470 106/1122/379
f 164/657/411 260/655/409 479/324/276
f 315/285/151 260/655/409 441/286/247
f 363/1199/81 471/1241/520 121/507/82
f 295/1292/210 475/1293/523 458/1294/468
f 69/1295/53 295/1296/210 458/1297/468
f 62/184/50 298/1298/112 58/48/48
f 57/47/47 416/1111/334 414/455/333
f 149/105/103 346/1299/27 113/106/29
f 138/1300/94 137/1102/93 162/1104/105
f 21/1301/474 138/1302/94 162/1303/105
f 162/1304/105 476/1305/104 22/1306/473
f 21/1307/474 162/1308/105 22/1309/473
f 333/1310/365 135/996/169 435/995/366
f 292/599/196 291/1311/195 388/597/394
f 395/1312/395 169/1313/197 408/1314/298
f 431/1315/452 243/1316/279 250/1317/522
f 411/1318/187 406/1319/314 405/1320/188
f 493/3/524 234/572/384 77/1321/57 498/4/338
f 234/1322/384 54/1323/245 77/1324/57
f 438/1138/244 336/590/304 54/1325/245
f 237/1326/118 281/785/289 367/663/174
f 225/1031/435 139/1327/525 87/1328/436
f 225/1031/435 70/1030/54 139/1327/525
f 114/1329/434 15/1330/182 88/1331/65
f 123/1332/215 242/1333/231 186/1334/232
f 336/590/304 78/187/58 54/1325/245
f 494/9/526 154/376/299 379/1046/498 496/10/527
f 143/1335/469 386/1336/224 394/1337/126
f 149/1338/103 476/1339/104 472/1340/106
f 391/1341/295 241/1342/393 9/1343/40
f 518/1344/464 466/1345/114 190/1346/424 538/1347/528
f 204/1348/307 372/1349/270 119/1350/89
f 444/612/189 417/1351/485 443/1352/529
f 444/612/189 402/611/396 417/1351/485
f 17/97/95 222/822/213 230/1353/133
f 399/1354/329 271/1355/318 270/1356/242
f 399/1357/329 351/274/241 393/789/403
f 270/275/242 351/274/241 399/1357/329
f 186/1358/232 397/395/308 438/1138/244
f 75/1359/219 190/1360/424 228/1361/351
f 94/1362/177 469/1363/369 194/1364/390
f 72/1365/61 69/53/53 71/55/55
f 68/1366/402 69/1367/53 72/1368/61
f 464/1369/459 330/246/221 413/521/332
f 21/1370/474 155/1371/350 138/1372/94
f 118/1373/404 181/1374/382 117/1375/380
f 202/1376/120 397/395/308 300/1377/429
f 300/1377/429 198/917/363 202/1376/120
f 159/1378/266 433/1379/361 175/1380/321
f 41/380/301 159/379/266 175/424/321
f 479/1381/276 152/1382/497 370/1383/128
f 25/1384/173 305/1385/515 196/1386/119
f 410/1387/324 64/1388/499 309/1389/326
f 171/1390/100 375/1391/108 353/1392/101
f 481/1393/530 480/1394/257 362/1395/256
f 137/1396/93 136/1397/92 76/1398/268
f 403/1399/346 42/1210/322 417/1209/485
f 388/1400/394 35/1054/503 255/1401/430
f 31/1402/205 163/1403/455 32/1404/203
f 163/1403/455 127/1405/243 32/1404/203
f 241/1406/393 13/1407/285 12/1408/258
f 423/1409/397 355/1410/181 50/1411/505
f 339/1412/228 129/1413/227 140/1414/479
f 299/1415/233 140/1416/479 129/1417/227
f 332/1418/275 187/1419/428 342/1420/412
f 64/1047/499 98/1022/493 65/1184/447
f 98/1022/493 249/1118/131 65/1184/447
f 246/936/44 279/1421/179 355/937/181
f 392/1422/296 330/1423/221 327/1424/158
f 10/1425/251 87/1328/436 11/758/282
f 12/1060/258 387/1426/286 364/1427/259
f 387/1426/286 12/1060/258 13/586/285
f 231/1428/386 143/1335/469 394/1337/126
f 324/1429/117 83/1430/290 237/1431/118
f 353/283/101 375/1432/108 470/1433/478
f 353/1434/101 470/1435/478 467/1436/246
f 375/1437/108 398/1438/477 470/1439/478
f 182/1440/230 233/1441/67 23/1442/31
f 43/1443/66 374/1444/277 233/1445/67
f 43/1443/66 382/1446/283 374/1444/277
f 419/1447/336 208/670/414 188/669/337
f 256/1448/157 278/1449/180 387/1450/286
f 158/1451/401 335/1452/458 2/1453/422
f 407/209/190 444/208/189 405/207/188
f 444/208/189 443/1454/529 405/207/188
f 443/1454/529 286/205/186 405/207/188
f 331/243/218 307/223/201 101/222/73
f 91/1455/281 92/1456/456 383/1457/140
f 383/1458/140 92/1459/456 156/1460/141
f 191/1461/316 32/227/203 352/1462/116
f 334/1463/115 191/1464/316 352/1465/116
f 195/1466/156 278/1467/180 256/1468/157
f 158/1469/401 277/690/421 464/1470/459
f 277/690/421 158/1469/401 2/691/422
f 252/1471/90 373/1472/271 292/1473/196
f 51/1474/431 160/1475/511 273/1476/442
f 306/1477/516 126/1478/265 255/1479/430
f 306/1480/516 255/1481/430 311/1482/427
f 371/705/426 306/1195/516 311/706/427
f 476/1483/104 149/105/103 34/104/102
f 22/898/473 476/1484/104 34/104/102
f 333/1485/365 88/1486/65 146/1487/167
f 114/1488/434 88/1489/65 333/528/365
f 104/1490/371 161/1491/510 289/392/306
f 390/1492/476 161/1493/510 104/1494/371
f 40/897/472 473/1234/518 176/36/36
f 338/1495/143 372/620/270 86/1496/490
f 75/244/219 425/488/352 259/245/220
f 425/488/352 260/1212/409 259/245/220
f 425/488/352 151/1497/496 260/1212/409
f 68/1498/402 295/235/210 69/1499/53
f 282/233/209 295/235/210 68/1498/402
f 312/228/204 131/1500/83 132/687/85
f 238/1501/410 342/658/412 358/1502/373
f 342/1503/412 187/1504/428 358/544/373
f 372/974/270 169/976/197 373/668/271
f 107/399/88 305/1182/515 25/400/173
f 384/869/470 305/1182/515 107/399/88
f 510/1505/531 465/1506/461 536/1507/532
f 360/1508/68 457/1509/391 183/1510/374
f 360/1070/68 183/1029/374 369/1068/506
f 285/1511/185 369/1512/506 183/1513/374
f 70/848/54 458/1514/468 139/1515/525
f 223/1516/254 397/395/308 202/1376/120
f 499/1517/533 354/1518/356 483/15/534
f 474/1248/387 473/1519/518 55/1249/146
f 55/1249/146 473/1519/518 40/1520/472
f 141/1521/30 303/1522/491 182/1523/230
f 398/1524/477 182/1525/230 303/1526/491
f 420/1527/349 235/1528/135 102/1529/137
f 267/1530/43 49/1531/42 123/1532/215
f 65/784/447 367/663/174 281/785/289
f 415/1533/519 401/1534/378 294/1535/235
f 406/1536/314 429/1537/517 407/1538/190
f 501/1539/535 9/40/40 489/19/536
f 512/1540/537 531/1541/538 396/413/315
f 451/1542/416 452/700/238 376/699/109
f 48/1063/252 153/1062/154 273/1543/442
f 153/1544/154 51/1545/431 273/1546/442
f 286/1547/186 443/1352/529 447/1548/489
f 406/1549/314 463/1550/440 429/1551/517
f 362/1552/256 220/1553/269 481/1554/530
f 90/1555/400 428/1556/467 83/1557/290
f 143/1558/469 150/1559/432 442/1560/445
f 109/1561/75 324/1562/117 110/1563/76
f 100/864/302 26/1564/45 212/213/193
f 86/1565/490 204/1566/307 174/1567/274
f 455/1568/37 214/1569/127 225/1570/435
f 210/174/164 209/176/166 111/911/407
f 290/653/408 210/1571/164 111/651/407
f 463/1572/440 111/911/407 209/1573/166
f 329/160/150 259/245/220 315/161/151
f 131/1574/83 312/433/204 410/432/324
f 354/1575/356 335/1576/458 158/1577/401
f 522/1578/149 523/1049/500 329/1051/150
f 286/1547/186 447/1548/489 432/1579/360
f 432/1580/360 447/1581/489 433/1582/361
f 21/899/474 257/886/471 155/483/350
f 240/1583/237 105/265/234 320/1584/466
f 257/1585/471 29/1586/486 261/1587/161
f 323/1588/355 29/1589/486 257/1590/471
f 420/1591/349 167/503/348 362/505/256
f 222/822/213 341/1592/311 230/1353/133
f 221/821/28 341/1592/311 222/822/213
f 376/699/109 453/1593/441 451/1594/416
f 453/1595/441 3/1596/420 451/1597/416
f 192/1598/175 325/1278/69 359/1599/521
f 336/590/304 397/395/308 46/1600/303
f 46/1600/303 397/395/308 45/185/171
f 466/1601/114 127/1602/243 190/1603/424
f 462/98/96 145/100/98 389/893/294
f 389/1604/294 145/1605/98 205/1606/288
f 119/1607/89 104/1608/371 289/1609/306
f 452/700/238 451/1542/416 448/1610/419
f 477/1611/509 448/1612/419 440/1613/502
f 477/1611/509 452/1614/238 448/1612/419
f 142/1615/60 150/1616/432 143/1617/469
f 150/913/432 122/578/341 404/577/388
f 160/1475/511 51/1474/431 161/1491/510
f 161/1491/510 51/1474/431 289/392/306
f 340/449/226 339/1618/228 293/1619/514
f 293/1619/514 339/1618/228 385/1620/284
f 82/1621/64 268/1622/443 269/1623/399
f 360/1070/68 218/1624/439 457/582/391
f 360/1070/68 219/1625/70 218/1624/439
f 167/1626/348 226/1627/267 220/1628/269
f 144/99/97 323/1588/355 145/100/98
f 203/1629/328 145/100/98 323/1588/355
f 273/1630/442 288/1631/487 268/1632/443
f 374/1633/277 14/1634/212 302/1635/211
f 332/323/275 164/657/411 479/324/276
f 310/1636/278 91/1637/281 412/1638/331
f 142/1639/60 282/1640/209 68/1641/402
f 142/1642/60 143/863/469 282/862/209
f 174/322/274 153/164/154 276/163/153
f 309/435/326 18/677/200 84/568/381
f 309/435/326 19/1643/448 18/677/200
f 89/1644/87 309/435/326 84/568/381
f 365/1645/260 364/1646/259 234/572/384
f 364/1647/259 247/1648/488 234/1649/384
f 184/584/372 183/1029/374 457/582/391
f 285/1650/185 284/1651/33 369/1652/506
f 84/1653/381 106/565/379 89/564/87
f 214/1654/127 171/1655/100 225/1656/435
f 24/970/312 375/1657/108 170/110/107
f 88/1658/65 233/1659/67 199/1660/480
f 266/1661/170 63/1662/51 62/1663/50
f 357/1664/357 456/1665/263 120/1666/80
f 120/1667/80 456/1668/263 368/1669/262
f 423/1670/397 39/1671/160 343/1672/249
f 39/1673/160 38/1674/216 343/1675/249
f 500/13/539 497/12/540 430/1676/457
f 319/1677/450 82/1678/64 67/1679/63
f 496/1680/527 379/1681/498 380/1682/541 505/11/542
f 207/921/377 430/920/457 380/1683/541
f 335/1684/458 1/1685/144 2/1686/422
f 478/1687/543 288/1688/487 160/1689/511
f 273/1690/442 160/1691/511 288/1692/487
f 254/1693/291 239/1694/406 390/1695/476
f 180/1696/405 244/1697/52 265/1698/313
f 409/1699/253 291/1700/195 349/1701/309
f 94/1702/177 88/1703/65 199/1704/480
f 146/1705/167 88/1706/65 94/1707/177
f 446/1708/139 37/1709/544 67/1710/63
f 480/1711/257 481/1712/530 287/210/191
f 287/210/191 424/1222/481 480/1711/257
f 235/1713/135 420/1714/349 415/1715/519
f 420/1716/349 215/919/176 415/1239/519
f 113/106/29 221/821/28 15/733/182
f 294/1717/235 235/1713/135 415/1533/519
f 33/1718/136 235/1719/135 294/1720/235
f 274/1721/465 105/1722/234 275/1723/367
f 71/225/55 470/932/478 81/931/59
f 71/225/55 81/931/59 308/226/202
f 11/1724/282 87/1725/436 139/1726/525
f 478/1727/543 269/985/399 288/1728/487
f 227/1729/297 102/1730/137 33/1731/136
f 253/1144/335 416/1732/334 239/1110/406
f 37/1733/544 165/894/293 304/1734/261
f 212/213/193 317/460/184 224/135/129
f 41/1735/301 42/556/322 262/555/376
f 128/1736/124 20/1737/507 28/1738/35
f 36/1739/46 128/129/124 28/1740/35
f 28/35/35 20/1069/507 284/33/33
f 363/1741/81 48/1063/252 273/1742/442
f 243/1743/279 459/1744/451 454/1745/444
f 459/1746/451 371/1747/426 454/1748/444
f 229/525/362 198/526/363 454/1749/444
f 371/1750/426 229/1751/362 454/1752/444
f 251/165/155 50/1064/505 355/1753/181
f 355/1753/181 299/261/233 251/165/155
f 442/1560/445 386/1754/224 143/1335/469
f 338/692/143 173/321/273 277/690/421
f 173/321/273 276/163/153 277/690/421
f 464/1755/459 277/690/421 293/1619/514
f 293/1619/514 385/1620/284 464/1755/459
f 418/1756/398 478/1757/543 179/1758/495
f 160/1759/511 450/1760/494 179/1761/495
f 478/1762/543 160/1759/511 179/1761/495
f 296/445/330 4/1763/417 295/235/210
f 296/1764/330 272/684/418 4/683/417
f 9/40/40 148/39/39 392/384/296
f 240/1765/237 404/1766/388 345/1767/236
f 265/1768/313 144/1769/97 462/1770/96
f 464/1771/459 385/1772/284 330/246/221
f 486/1773/545 103/1774/504 365/1645/260 488/25/546
f 460/468/340 17/97/95 230/1353/133
f 460/1775/340 230/141/133 344/140/132
f 460/1775/340 344/140/132 345/630/236
f 345/630/236 445/579/389 460/1775/340
f 20/1279/507 325/1278/69 360/1776/68
f 170/1777/107 171/1778/100 321/1779/225
f 310/450/278 286/1780/186 432/1285/360
f 286/1780/186 310/450/278 411/206/187
f 89/1644/87 133/1781/86 172/434/325
f 402/1782/396 314/1783/272 403/1784/346
f 26/1564/45 316/459/34 212/213/193
f 195/1785/156 385/1772/284 140/1786/479
f 278/1787/180 140/1788/479 299/1789/233
f 140/1786/479 278/1790/180 195/1785/156
f 437/1791/370 446/149/139 436/148/138
f 520/1127/512 350/1129/248 441/1792/247 511/1793/547
f 441/1794/247 238/1795/410 358/1796/373
f 511/1793/547 441/1792/247 358/1797/373 535/1798/548
f 322/248/223 321/250/225 171/787/100
f 452/1799/238 477/1800/509 347/1801/239
f 423/1134/397 50/1802/505 48/1133/252
f 436/148/138 66/62/62 439/1803/113
f 439/1803/113 66/62/62 82/64/64
f 458/853/468 475/1804/523 3/686/420
f 3/686/420 475/1804/523 4/683/417
f 280/929/342 398/928/477 303/1805/491
f 409/1699/253 311/1482/427 35/1806/503
f 409/297/253 201/127/122 311/706/427
f 125/360/292 254/359/291 134/716/91
f 269/1807/399 478/1808/543 418/1809/398
f 124/645/264 189/1810/300 253/1811/335
f 443/1352/529 417/1351/485 447/1812/489
f 257/1813/471 434/1814/364 435/1815/366
f 182/1816/230 23/1817/31 141/1818/30
f 101/1819/73 74/1820/72 44/1821/217
f 265/1822/313 29/1823/486 144/1824/97
f 481/1825/530 220/1826/269 314/1827/272
f 481/1712/530 314/1828/272 287/210/191
f 442/1829/445 320/1830/466 264/1831/446
f 122/469/341 81/931/59 280/470/342
f 99/1832/84 400/1833/310 157/1834/358
f 477/1835/509 428/1836/467 90/1837/400
f 440/1838/502 428/1839/467 477/1098/509
f 428/1836/467 440/1840/502 301/1841/198
f 228/1842/351 152/1843/497 151/1844/496
f 425/488/352 228/1845/351 151/1497/496
f 63/1846/51 266/1847/170 155/1848/350
f 266/1847/170 6/811/454 155/1848/350
f 29/1849/486 265/1850/313 261/1851/161
f 295/235/210 4/1852/417 475/1853/523
f 231/1253/386 248/1854/148 282/1855/209
f 85/1856/323 283/1857/492 410/1858/324
f 283/1859/492 98/1860/493 410/1861/324
f 162/1104/105 346/370/27 472/1340/106
f 346/370/27 162/1104/105 227/1103/297
f 83/1862/290 428/1863/467 281/1864/289
f 194/581/390 79/181/168 193/553/375
f 366/1865/368 76/1866/268 136/1867/92
f 243/1868/279 310/1869/278 250/1870/522
f 479/324/276 260/655/409 151/1871/496
f 24/1872/312 170/1873/107 74/1874/72
f 170/1875/107 44/1876/217 74/1877/72
f 108/1878/71 24/1879/312 74/1880/72
f 378/1881/413 80/1882/165 194/1883/390
f 361/1884/255 378/1885/413 194/1886/390
f 469/1887/369 361/1884/255 194/1886/390
f 163/1888/455 97/1889/222 152/1890/497
f 163/813/455 152/1891/497 228/814/351
f 307/223/201 401/560/378 468/1892/178
f 67/1893/63 37/1894/544 319/1895/450
f 37/1896/544 456/1897/263 319/1898/450
f 379/1899/498 207/1900/377 380/1901/541
f 207/559/377 379/1902/498 408/1084/298
f 118/870/404 393/789/403 313/788/449
f 326/675/305 118/1903/404 117/676/380
f 262/1904/376 112/1905/347 419/1906/336
f 469/1907/369 94/939/177 215/1908/176
f 508/1909/549 350/287/248 524/1910/550
f 138/94/94 155/1911/350 6/811/454
f 6/811/454 136/92/92 138/94/94
f 244/1697/52 180/1696/405 437/1912/370
f 14/1913/212 382/1914/283 381/1915/183
f 381/1915/183 15/1916/182 14/1913/212
f 243/1316/279 431/1315/452 459/1917/451
f 356/1918/508 132/85/85 421/1919/345
f 272/1920/418 296/445/330 53/419/317
f 139/1515/525 458/1514/468 453/1921/441
f 453/1922/441 458/853/468 3/686/420
f 11/1724/282 139/1923/525 453/1924/441
f 258/490/250 377/74/74 110/1925/76
f 440/1052/502 272/684/418 301/846/198
f 199/1704/480 233/255/67 200/1926/229
f 346/370/27 149/1338/103 472/1340/106
f 161/1927/510 390/1928/476 450/1929/494
f 150/1930/432 320/1931/466 442/1932/445
f 449/896/415 95/38/38 270/275/242
f 271/1933/318 449/1934/415 270/1935/242
f 289/392/306 51/1474/431 204/393/307
f 82/1936/64 319/1895/450 471/1937/520
f 268/1622/443 471/1938/520 363/1939/81
f 268/1622/443 82/1940/64 471/1938/520
f 312/1941/204 97/1942/222 31/1943/205
f 85/1944/323 359/1945/521 283/1946/492
f 456/797/263 37/1733/544 304/1734/261
f 468/1947/178 200/1948/229 307/1949/201
f 468/1950/178 199/1951/480 200/972/229
f 165/1952/293 446/1708/139 180/1953/405
f 446/1954/139 165/1955/293 37/1956/544
f 19/1957/448 301/218/198 18/220/200
f 301/846/198 19/1958/448 281/847/289
f 182/1959/230 375/1960/108 24/1961/312
f 182/1962/230 398/1963/477 375/1964/108
f 209/1965/166 80/1966/165 73/1967/482
f 463/1968/440 209/1969/166 73/1970/482
f 426/667/353 95/38/38 455/37/37
f 525/1971/551 515/1972/552 93/583/392
f 528/1973/553 525/1971/551 93/583/392
f 93/583/392 206/1974/475 184/584/372
f 196/124/119 305/1975/515 324/1976/117
f 305/1182/515 313/788/449 324/144/117
f 445/1977/389 122/1978/341 460/1979/340
f 146/1705/167 94/1707/177 193/1980/375
f 172/1981/325 133/1982/86 131/1983/83
f 410/432/324 172/434/325 131/1984/83
f 378/951/413 73/953/482 80/1985/165
f 309/435/326 64/1986/499 19/1987/448
f 103/1988/504 12/1989/258 365/1990/260
f 172/434/325 309/435/326 89/1644/87
f 272/1920/418 8/1991/199 301/1992/198
f 272/1920/418 53/419/317 8/1991/199
f 91/1637/281 383/1993/140 412/1638/331
f 383/1994/140 411/1995/187 412/1996/331
f 383/1997/140 236/1998/142 406/1999/314
f 383/2000/140 406/2001/314 411/2002/187
f 56/2003/49 418/2004/398 179/2005/495
f 56/2003/49 179/2005/495 57/1033/47
f 234/2006/384 503/2007/383 507/2008/554 365/2009/260
f 430/2010/457 354/2011/356 499/14/533 500/2012/539
f 430/1676/457 497/12/540 505/2013/542 380/2014/541
f 154/376/299 494/9/526 495/2015/320
f 9/2016/40 501/18/535 492/2017/555 232/2018/41
f 232/2019/41 492/17/555 491/2020/556
f 77/57/57 59/56/56 504/6/557 490/5/339
f 9/40/40 502/20/558 489/19/536
f 365/2021/260 507/26/554 488/2022/546
f 9/40/40 241/585/393 487/21/559 502/20/558
f 103/1061/504 506/22/560 487/21/559 241/585/393
f 234/572/384 493/3/524 485/2/385
f 103/2023/504 484/23/561 506/2024/560
f 103/2025/504 486/24/545 484/2026/561
f 354/2027/356 232/2028/41 491/16/556 483/2029/534
f 59/56/56 154/376/299 482/7/319 504/6/557
f 334/2030/115 466/2031/114 533/2032/562 539/2033/563
f 75/244/219 329/160/150 532/2034/501 534/967/484
f 396/413/315 531/1541/538 530/749/437 218/751/439
f 465/831/461 529/830/460 536/2035/532
f 218/1116/439 527/2036/438 528/1973/553 93/583/392
f 206/2037/475 537/2038/564 521/833/462 358/832/373
f 350/287/248 516/2039/513 524/1910/550
f 93/583/392 515/1972/552 537/2040/564 206/1974/475
f 466/2031/114 514/2041/463 533/2032/562
f 190/694/424 513/693/423 538/2042/528
f 334/2043/115 539/2044/563 512/2045/537 396/2046/315
f 465/2047/461 510/2048/531 535/2049/548 358/2050/373
f 315/285/151 350/287/248 517/2051/565 509/2052/152
f 350/287/248 508/1909/549 517/2051/565
f 539/2044/563 533/2032/562 514/834/463 518/1344/464 538/2042/528 513/693/423 519/962/425 526/966/483 534/967/484 532/1050/501 523/1049/500 522/159/149 509/2052/152 517/2051/565 508/1909/549 524/1910/550 516/1128/513 520/1127/512 511/1793/547 535/2049/548 510/1505/531 536/2035/532 529/830/460 521/833/462 537/2040/564 515/1972/552 525/1971/551 528/1973/553 527/750/438 530/749/437 531/1541/538 512/2045/537
