# Blender v2.79 (sub 0) OBJ File: 'redo_fixed_360_joints.blend'
# www.blender.org
mtllib sungaya_inexpectata_31mg.mtl
o 43-h-r-femur.000_Sungaya_inexpectata_31mg.068
v 0.001823 -0.000103 -0.000502
v 0.001918 -0.000095 -0.000465
v -0.000918 -0.000071 0.000565
v -0.000905 -0.000140 0.000576
v -0.001344 0.000039 0.000400
v 0.000591 -0.000121 0.000056
v 0.000594 -0.000004 -0.000119
v -0.001305 -0.000096 0.000611
v 0.001962 0.000126 -0.000675
v -0.000882 -0.000046 0.000448
v -0.000854 -0.000064 0.000498
v 0.001894 0.000252 -0.000704
v 0.001903 0.000244 -0.000636
v 0.000022 -0.000016 0.000376
v 0.000066 -0.000032 0.000329
v -0.000164 -0.000047 0.000419
v -0.000205 -0.000110 0.000391
v -0.001417 -0.000078 0.000578
v -0.001441 -0.000110 0.000662
v -0.002052 0.000056 0.000710
v 0.000409 -0.000131 0.000168
v 0.000355 -0.000151 0.000203
v -0.000157 -0.000077 0.000327
v -0.000352 0.000043 0.000211
v -0.001748 0.000081 0.000500
v -0.001975 0.000146 0.000501
v -0.000042 -0.000135 0.000209
v -0.002075 0.000105 0.000575
v 0.000591 0.000048 0.000112
v 0.000641 -0.000026 0.000063
v -0.002098 -0.000091 0.000611
v -0.002146 -0.000120 0.000661
v -0.000011 -0.000104 0.000105
v 0.000236 -0.000147 0.000249
v 0.001215 -0.000107 -0.000648
v -0.001895 0.000035 0.000619
v 0.000979 0.000084 -0.000091
v 0.001430 0.000072 -0.000338
v 0.001453 0.000108 -0.000223
v -0.001049 -0.000110 0.000313
v 0.000758 -0.000093 -0.000313
v 0.000632 -0.000093 -0.000263
v -0.000019 -0.000080 0.000279
v -0.000404 0.000009 0.000168
v 0.001574 -0.000006 -0.000764
v 0.001499 0.000064 -0.000744
v 0.000674 -0.000073 0.000061
v 0.001518 0.000033 -0.000203
v 0.001543 0.000152 -0.000535
v 0.001661 0.000080 -0.000270
v 0.001488 -0.000044 -0.000232
v -0.001051 -0.000106 0.000422
v -0.001150 -0.000101 0.000510
v 0.001589 0.000132 -0.000794
v -0.001017 -0.000102 0.000352
v 0.000991 -0.000132 -0.000018
v 0.001008 -0.000074 -0.000094
v 0.000931 -0.000101 -0.000047
v 0.001867 0.000053 -0.000882
v 0.001839 0.000013 -0.000844
v 0.001095 0.000051 -0.000458
v 0.000869 -0.000151 0.000021
v 0.000724 -0.000162 0.000050
v -0.001675 -0.000091 0.000698
v -0.001618 -0.000052 0.000684
v 0.000966 0.000079 -0.000067
v 0.001005 0.000111 -0.000072
v -0.000649 -0.000156 0.000486
v -0.000680 -0.000182 0.000522
v -0.000654 -0.000106 0.000512
v -0.000559 -0.000127 0.000496
v -0.000569 -0.000175 0.000486
v 0.000308 0.000134 -0.000227
v -0.000323 0.000127 0.000149
v -0.002527 -0.000161 0.000580
v 0.000450 -0.000089 -0.000112
v 0.001846 0.000147 -0.000907
v 0.001709 0.000085 -0.000829
v 0.000247 0.000045 -0.000045
v 0.000228 0.000138 -0.000165
v -0.000485 -0.000172 0.000468
v 0.001098 0.000089 -0.000132
v -0.001409 0.000017 0.000533
v -0.001464 -0.000042 0.000495
v -0.001994 -0.000096 0.000748
v 0.001609 -0.000036 -0.000352
v -0.000784 -0.000072 0.000487
v 0.000055 -0.000052 0.000202
v -0.001569 -0.000029 0.000530
v -0.001284 -0.000002 0.000507
v 0.000870 0.000066 -0.000352
v 0.000909 0.000059 -0.000263
v -0.002467 0.000200 0.000881
v 0.000092 0.000064 0.000001
v -0.001108 0.000021 0.000354
v 0.000119 -0.000010 0.000334
v -0.002125 -0.000115 0.000457
v -0.001859 -0.000001 0.000739
v -0.001756 -0.000083 0.000427
v -0.001832 0.000092 0.000498
v -0.000308 0.000018 0.000140
v 0.000098 -0.000085 0.000039
v 0.001926 0.000270 -0.000776
v 0.001281 -0.000019 -0.000293
v -0.000259 -0.000131 0.000108
v -0.001587 -0.000074 0.000426
v -0.001635 -0.000074 0.000425
v -0.000288 0.000089 0.000141
v -0.001355 0.000060 0.000446
v -0.001232 0.000099 0.000417
v 0.000492 0.000049 -0.000195
v 0.000574 -0.000077 -0.000214
v 0.000188 -0.000090 0.000261
v 0.000154 -0.000022 0.000292
v -0.000155 -0.000136 0.000268
v -0.000174 -0.000125 0.000194
v -0.001448 -0.000069 0.000422
v -0.001414 -0.000095 0.000379
v 0.001419 -0.000025 -0.000347
v 0.001208 0.000063 -0.000266
v 0.001216 0.000092 -0.000201
v -0.000438 -0.000162 0.000447
v 0.001388 0.000100 -0.000480
v 0.000997 -0.000081 -0.000416
v 0.001148 -0.000080 -0.000477
v 0.000978 -0.000113 -0.000474
v -0.002348 -0.000208 0.000623
v -0.001983 0.000041 0.000652
v 0.001821 0.000117 -0.000316
v 0.001211 0.000070 -0.000617
v -0.001814 -0.000060 0.000512
v -0.001853 -0.000081 0.000439
v -0.001635 -0.000031 0.000526
v 0.001268 -0.000079 -0.000416
v 0.000325 -0.000057 0.000106
v 0.000539 -0.000075 -0.000014
v 0.000437 -0.000092 0.000059
v 0.000509 -0.000115 0.000097
v -0.000683 -0.000088 0.000512
v 0.001843 0.000210 -0.000357
v -0.000233 -0.000071 0.000415
v -0.000579 -0.000108 0.000388
v -0.000637 -0.000113 0.000226
v 0.000581 -0.000005 0.000059
v 0.000535 -0.000037 0.000009
v 0.000215 -0.000030 0.000115
v -0.000582 -0.000052 0.000387
v 0.001966 0.000053 -0.000629
v 0.000205 -0.000177 0.000232
v -0.000525 -0.000111 0.000288
v -0.002412 -0.000093 0.000441
v -0.002248 -0.000133 0.000464
v 0.001638 -0.000032 -0.000232
v 0.001903 -0.000097 -0.000812
v 0.000583 -0.000153 0.000089
v 0.000801 0.000006 -0.000134
v -0.001734 -0.000049 0.000455
v 0.001946 -0.000060 -0.000460
v 0.000809 -0.000120 -0.000378
v 0.001292 -0.000095 -0.000131
v 0.001273 -0.000027 -0.000254
v 0.000351 -0.000132 0.000169
v -0.002216 -0.000142 0.000541
v -0.002414 0.000124 0.000465
v 0.000911 0.000019 -0.000088
v 0.001350 0.000087 -0.000223
v 0.000185 -0.000100 0.000002
v 0.001698 -0.000111 -0.000555
v 0.001566 -0.000115 -0.000564
v -0.000471 0.000097 0.000219
v -0.000562 0.000039 0.000266
v -0.001685 -0.000075 0.000628
v 0.001775 -0.000061 -0.000331
v 0.001687 -0.000047 -0.000260
v 0.000713 -0.000133 -0.000334
v -0.000927 -0.000017 0.000311
v -0.001117 -0.000036 0.000481
v -0.001025 -0.000034 0.000477
v 0.001139 -0.000110 -0.000074
v 0.000836 0.000072 -0.000007
v -0.001498 -0.000100 0.000393
v -0.000246 -0.000078 0.000306
v -0.002302 0.000188 0.000697
v -0.002359 0.000185 0.000762
v 0.001668 0.000180 -0.000725
v 0.001336 0.000080 -0.000657
v -0.002283 0.000184 0.000550
v 0.000850 -0.000029 -0.000196
v 0.000842 -0.000052 -0.000277
v -0.002491 -0.000232 0.000686
v -0.002181 -0.000141 0.000743
v -0.002162 -0.000071 0.000814
v 0.000158 0.000063 -0.000026
v 0.000166 0.000118 -0.000106
v 0.001921 0.000229 -0.000431
v -0.001637 0.000077 0.000515
v 0.001076 0.000036 -0.000617
v 0.001033 0.000080 -0.000648
v -0.000028 0.000013 0.000127
v -0.000150 0.000030 0.000153
v 0.001170 -0.000062 -0.000655
v 0.001156 0.000056 -0.000710
v 0.000412 -0.000052 0.000030
v 0.001553 -0.000032 -0.000320
v 0.000674 -0.000012 -0.000103
v -0.002442 0.000235 0.000752
v 0.001775 -0.000144 -0.000683
v 0.000826 -0.000067 -0.000065
v 0.000389 0.000084 -0.000187
v 0.000310 0.000062 -0.000130
v -0.001901 0.000013 0.000746
v -0.001958 -0.000006 0.000460
v -0.000835 -0.000041 0.000278
v -0.000752 0.000032 0.000287
v 0.000015 0.000073 -0.000005
v 0.000723 -0.000075 -0.000021
v -0.002206 0.000041 0.000471
v -0.002304 0.000058 0.000842
v -0.002219 0.000052 0.000835
v 0.000320 -0.000112 -0.000135
v 0.000033 -0.000160 0.000272
v -0.000095 -0.000110 0.000352
v 0.001242 -0.000000 -0.000706
v -0.002139 0.000030 0.000482
v -0.000703 0.000010 0.000336
v 0.000367 -0.000090 0.000000
v 0.000204 -0.000092 0.000097
v -0.002367 -0.000186 0.000510
v 0.001027 0.000041 -0.000569
v -0.000117 -0.000184 0.000332
v -0.000784 -0.000111 0.000305
v 0.001958 0.000015 -0.000665
v -0.000068 -0.000048 0.000215
v 0.001851 0.000232 -0.000852
v -0.000019 -0.000103 0.000007
v 0.000666 0.000068 -0.000266
v -0.001512 0.000004 0.000547
v -0.002476 0.000240 0.000652
v 0.001054 -0.000042 -0.000286
v -0.000333 -0.000092 0.000271
v 0.001954 0.000209 -0.000702
v 0.001276 0.000068 -0.000554
v 0.000909 0.000081 -0.000508
v 0.000803 -0.000011 0.000037
v -0.002041 -0.000091 0.000442
v 0.001578 0.000162 -0.000560
v 0.001779 0.000242 -0.000775
v -0.000941 -0.000110 0.000459
v -0.001770 0.000010 0.000618
v 0.000830 -0.000027 -0.000469
v 0.001783 0.000080 -0.000329
v 0.001364 -0.000093 -0.000481
v 0.000944 -0.000042 -0.000266
v 0.001149 -0.000071 -0.000362
v 0.001203 -0.000093 -0.000581
v 0.001880 0.000297 -0.000511
v 0.000478 0.000013 0.000169
v -0.001137 0.000071 0.000400
v -0.002585 -0.000034 0.000528
v -0.002547 0.000050 0.000447
v 0.000596 0.000011 0.000105
v 0.000692 -0.000047 -0.000171
v -0.001133 -0.000042 0.000514
v -0.000418 -0.000151 0.000135
v 0.000691 0.000069 0.000064
v 0.000752 -0.000134 0.000017
v 0.001405 0.000095 -0.000609
v 0.001211 0.000032 -0.000114
v 0.001188 -0.000060 -0.000074
v -0.001174 -0.000109 0.000342
v -0.001146 -0.000094 0.000389
v -0.001107 -0.000144 0.000626
v 0.001450 -0.000067 -0.000138
v -0.000332 -0.000172 0.000090
v -0.000250 -0.000169 0.000048
v 0.001796 0.000017 -0.000347
v 0.001864 -0.000060 -0.000355
v 0.001830 0.000264 -0.000449
v 0.001714 0.000222 -0.000547
v -0.000387 -0.000127 0.000447
v -0.001437 -0.000027 0.000635
v -0.000758 -0.000115 0.000402
v -0.001950 -0.000082 0.000738
v -0.002153 0.000116 0.000619
v -0.002269 0.000150 0.000640
v 0.000734 -0.000056 -0.000340
v 0.000416 -0.000030 -0.000206
v 0.001294 -0.000109 -0.000065
v 0.001444 -0.000030 -0.000266
v 0.000411 0.000020 -0.000094
v 0.001411 -0.000097 -0.000642
v 0.001412 -0.000102 -0.000554
v 0.001921 0.000060 -0.000348
v -0.000176 -0.000134 0.000046
v -0.000850 -0.000141 0.000517
v -0.000976 -0.000132 0.000544
v 0.001003 0.000059 -0.000419
v 0.000942 -0.000149 0.000006
v 0.001754 0.000207 -0.000337
v 0.001077 0.000076 -0.000646
v -0.001298 -0.000149 0.000674
v -0.000109 -0.000039 0.000407
v -0.000299 -0.000083 0.000429
v 0.000930 0.000014 -0.000131
v -0.001572 0.000092 0.000461
v 0.001012 -0.000114 -0.000547
v -0.000183 0.000070 0.000095
v -0.000507 -0.000186 0.000473
v -0.001549 -0.000095 0.000656
v 0.000841 0.000086 -0.000464
v 0.001112 -0.000108 -0.000609
v -0.001973 -0.000078 0.000597
v -0.001445 0.000043 0.000412
v 0.000399 -0.000139 -0.000216
v -0.002606 0.000018 0.000562
v -0.002072 0.000159 0.000508
v -0.002135 0.000168 0.000496
v 0.001034 0.000072 -0.000579
v 0.001115 0.000112 -0.000146
v -0.000369 -0.000126 0.000160
v -0.000526 0.000075 0.000237
v -0.000541 0.000002 0.000218
v 0.000474 -0.000029 0.000109
v -0.001478 0.000080 0.000452
v -0.002089 0.000044 0.000832
v -0.001354 -0.000067 0.000425
v 0.001933 0.000192 -0.000528
v 0.001230 0.000077 -0.000387
v -0.002616 -0.000096 0.000591
v 0.001975 0.000163 -0.000449
v -0.000277 -0.000070 0.000102
v -0.002248 0.000177 0.000495
v 0.000268 -0.000045 0.000181
v -0.002320 -0.000154 0.000777
v 0.001920 -0.000131 -0.000574
v 0.001495 0.000102 -0.000773
v 0.000516 0.000009 -0.000103
v 0.001782 -0.000090 -0.000413
v 0.001911 0.000164 -0.000330
v 0.001877 0.000082 -0.000354
v -0.000046 -0.000170 0.000309
v -0.002361 0.000189 0.000498
v 0.001522 0.000097 -0.000355
v -0.000235 -0.000106 0.000281
v -0.000291 -0.000128 0.000340
v 0.000162 -0.000140 0.000213
v -0.001223 -0.000026 0.000515
v -0.001836 -0.000025 0.000476
v 0.001409 -0.000087 -0.000708
v -0.002585 0.000170 0.000644
v -0.001216 0.000000 0.000372
v -0.002331 -0.000195 0.000704
v -0.000493 -0.000061 0.000357
v 0.001951 -0.000055 -0.000668
v 0.001694 0.000193 -0.000321
v -0.001981 -0.000093 0.000425
v 0.001188 0.000072 -0.000207
v -0.002464 0.000254 0.000687
v -0.002055 -0.000022 0.000813
v -0.002192 0.000092 0.000790
v 0.000155 0.000051 -0.000081
v 0.000183 -0.000136 -0.000122
v 0.001330 0.000117 -0.000186
v 0.001854 0.000322 -0.000757
v 0.001883 0.000294 -0.000798
v 0.000555 -0.000065 -0.000126
v -0.001626 -0.000002 0.000604
v 0.001006 0.000043 -0.000226
v -0.002210 0.000112 0.000726
v -0.002256 -0.000083 0.000452
v 0.000992 -0.000053 -0.000532
v 0.001610 -0.000076 -0.000465
v 0.001512 -0.000089 -0.000478
v -0.000081 -0.000081 0.000292
v -0.000432 -0.000047 0.000328
v -0.000988 -0.000054 0.000540
v -0.001238 0.000065 0.000423
v 0.000243 0.000039 -0.000136
v 0.001858 -0.000161 -0.000789
v 0.001900 -0.000191 -0.000742
v 0.000044 -0.000055 0.000292
v -0.000021 -0.000064 0.000319
v 0.000765 0.000083 -0.000340
v -0.001536 -0.000008 0.000422
v 0.002000 0.000178 -0.000348
v -0.000530 -0.000064 0.000187
v 0.001831 0.000305 -0.000628
v 0.001302 -0.000086 -0.000529
v 0.000734 0.000001 -0.000027
v 0.001183 -0.000018 -0.000258
v 0.001987 0.000179 -0.000622
v 0.002004 0.000159 -0.000518
v -0.001314 -0.000079 0.000357
v -0.000727 -0.000080 0.000243
v 0.001532 -0.000120 -0.000728
v -0.002283 -0.000090 0.000815
v 0.001346 0.000080 -0.000723
v -0.000395 -0.000091 0.000417
v -0.001259 -0.000093 0.000369
v -0.001682 -0.000075 0.000434
v -0.000127 0.000002 0.000041
v 0.000450 -0.000166 -0.000260
v 0.000517 -0.000149 -0.000269
v -0.000418 -0.000110 0.000298
v 0.000594 0.000026 -0.000301
v 0.000636 0.000089 -0.000336
v 0.000557 0.000038 -0.000270
v 0.001726 -0.000147 -0.000769
v 0.001327 -0.000096 -0.000705
v -0.001777 -0.000092 0.000717
v 0.000711 0.000105 -0.000386
v 0.000755 0.000091 -0.000402
v 0.001970 0.000106 -0.000496
v 0.000945 -0.000028 -0.000135
v -0.000054 -0.000100 0.000002
v 0.001020 -0.000018 -0.000187
v 0.000552 -0.000174 -0.000330
v 0.001140 -0.000113 -0.000040
v 0.000759 -0.000043 -0.000111
v 0.000075 -0.000102 -0.000061
v -0.001840 -0.000081 0.000413
v -0.001798 -0.000068 0.000441
v 0.001560 0.000118 -0.000265
v 0.000331 0.000015 -0.000156
v -0.002460 -0.000152 0.000509
v -0.001080 0.000076 0.000383
v 0.000385 -0.000055 0.000127
v -0.001313 -0.000023 0.000622
v 0.000406 0.000128 -0.000322
v 0.001922 -0.000186 -0.000681
v 0.000921 0.000019 -0.000503
v 0.000772 -0.000106 -0.000410
v 0.000728 -0.000149 -0.000413
v 0.000284 -0.000027 0.000240
v 0.000381 -0.000015 0.000192
v 0.000928 0.000035 -0.000062
v 0.000856 0.000008 0.000007
v 0.001413 0.000110 -0.000736
v 0.001045 0.000009 -0.000099
v -0.001164 -0.000073 0.000625
v -0.002550 0.000148 0.000600
v -0.000497 -0.000135 0.000176
v 0.000659 -0.000078 -0.000310
v 0.000559 -0.000022 -0.000259
v -0.000400 -0.000154 0.000389
v 0.000902 0.000099 -0.000011
v 0.000670 -0.000145 -0.000362
v -0.001073 -0.000036 0.000600
v -0.001108 -0.000109 0.000325
v 0.001093 -0.000039 -0.000154
v -0.000959 -0.000029 0.000570
v -0.001072 -0.000012 0.000568
v -0.000859 -0.000049 0.000538
v 0.000999 0.000082 -0.000618
v -0.000897 0.000050 0.000326
v 0.001059 0.000044 -0.000152
v -0.002291 0.000130 0.000787
v -0.000770 -0.000199 0.000557
v 0.000892 0.000091 -0.000558
v -0.000263 -0.000170 0.000388
v 0.000875 -0.000124 -0.000501
v 0.000681 0.000000 0.000008
v 0.000401 0.000115 -0.000252
v 0.002007 0.000109 -0.000387
v -0.002513 0.000266 0.000774
v -0.002454 -0.000232 0.000769
v -0.000538 -0.000088 0.000476
v -0.000029 0.000067 0.000041
v 0.000067 0.000103 -0.000038
v -0.000448 -0.000079 0.000469
v 0.001225 0.000125 -0.000141
v 0.000286 -0.000176 0.000186
v -0.001013 -0.000136 0.000283
v -0.000910 -0.000116 0.000287
v -0.000846 -0.000180 0.000570
v 0.000381 -0.000239 0.000197
v -0.001183 -0.000036 0.000584
v 0.001227 -0.000120 -0.000033
v -0.002404 0.000007 0.000431
v 0.000280 -0.000087 -0.000154
v 0.000303 -0.000151 -0.000178
v 0.001914 -0.000056 -0.000842
v 0.001975 -0.000053 -0.000665
v 0.001938 0.000270 -0.000768
v 0.001901 0.000209 -0.000876
v 0.001934 0.000267 -0.000779
v 0.001961 0.000218 -0.000702
v 0.001925 0.000278 -0.000805
v 0.001970 0.000140 -0.000677
v 0.001888 0.000108 -0.000914
v 0.001976 -0.000017 -0.000664
v 0.001980 0.000010 -0.000650
v 0.001893 0.000157 -0.000899
v 0.001928 -0.000116 -0.000803
v 0.001922 -0.000095 -0.000819
v 0.001933 -0.000152 -0.000788
v 0.001949 -0.000164 -0.000742
v 0.001888 0.000135 -0.000913
v 0.001964 -0.000093 -0.000698
v 0.001960 -0.000141 -0.000711
v 0.001975 0.000105 -0.000665
v 0.001968 0.000157 -0.000682
v 0.001904 0.000219 -0.000866
v 0.001895 0.000054 -0.000896
v 0.001940 -0.000166 -0.000769
v 0.001941 0.000267 -0.000759
v 0.001920 0.000272 -0.000818
v -0.002608 0.000167 0.000629
v -0.002638 0.000011 0.000571
v -0.002541 0.000259 0.000758
v -0.002559 0.000238 0.000724
v -0.002486 -0.000166 0.000860
v -0.002574 -0.000223 0.000691
v -0.002492 -0.000211 0.000848
v -0.002469 0.000214 0.000894
v -0.002594 0.000186 0.000657
v -0.002631 0.000037 0.000584
v -0.002511 -0.000239 0.000810
v -0.002589 -0.000208 0.000661
v -0.002571 0.000216 0.000700
v -0.002471 0.000228 0.000891
v -0.002635 -0.000014 0.000576
v -0.002632 -0.000098 0.000580
v -0.002604 0.000176 0.000638
v -0.002464 0.000200 0.000905
v -0.002617 -0.000172 0.000609
v -0.002468 0.000128 0.000896
v -0.002473 0.000180 0.000887
v -0.002483 0.000237 0.000868
v -0.002478 0.000043 0.000877
v -0.002479 0.000026 0.000874
v -0.002619 -0.000147 0.000604
v -0.002492 -0.000182 0.000847
v -0.002617 -0.000164 0.000608
v -0.002550 0.000254 0.000740
v -0.002520 0.000261 0.000798
v -0.002469 0.000226 0.000895
v -0.002525 -0.000239 0.000784
v -0.002487 -0.000170 0.000857
vt 0.304630 0.547442
vt 0.687127 0.267938
vt 0.306995 0.551404
vt 0.745322 0.903627
vt 0.588576 0.741895
vt 0.370312 0.308599
vt 0.371844 0.308810
vt 0.374404 0.309191
vt 0.375186 0.309777
vt 0.074718 0.055392
vt 0.492584 0.093616
vt 0.057331 0.208348
vt 0.787410 0.767746
vt 0.961128 0.371201
vt 0.702510 0.459767
vt 0.704180 0.459686
vt 0.455059 0.151923
vt 0.485058 0.452345
vt 0.486444 0.451773
vt 0.047002 0.924046
vt 0.488938 0.450845
vt 0.492838 0.449592
vt 0.494294 0.448775
vt 0.303362 0.544510
vt 0.304118 0.545738
vt 0.304233 0.547559
vt 0.136012 0.361561
vt 0.136091 0.362761
vt 0.136946 0.361966
vt 0.007464 0.912631
vt 0.009103 0.913120
vt 0.010438 0.911724
vt 0.012451 0.007022
vt 0.014160 0.004455
vt 0.012874 0.002849
vt 0.141265 0.575444
vt 0.139243 0.581147
vt 0.143981 0.575673
vt 0.377119 0.314234
vt 0.378541 0.310968
vt 0.375310 0.310209
vt 0.385477 0.444528
vt 0.386107 0.443261
vt 0.382925 0.448434
vt 0.016005 0.001609
vt 0.016920 0.004036
vt 0.426172 0.336373
vt 0.429620 0.336972
vt 0.428437 0.335057
vt 0.819827 0.267573
vt 0.824024 0.269865
vt 0.823849 0.265006
vt 0.780784 0.954885
vt 0.782978 0.957495
vt 0.781755 0.955676
vt 0.492899 0.450157
vt 0.495891 0.450775
vt 0.495441 0.448964
vt 0.351136 0.039686
vt 0.351412 0.038849
vt 0.349243 0.037838
vt 0.356224 0.663277
vt 0.352502 0.664365
vt 0.355949 0.664631
vt 0.390510 0.239978
vt 0.388652 0.240522
vt 0.389375 0.241567
vt 0.943308 0.723607
vt 0.943542 0.725484
vt 0.944210 0.722774
vt 0.949489 0.114703
vt 0.950032 0.114215
vt 0.949438 0.112226
vt 0.388760 0.358160
vt 0.388093 0.359861
vt 0.390785 0.360210
vt 0.341918 0.049719
vt 0.342274 0.051527
vt 0.344226 0.049759
vt 0.277854 0.772626
vt 0.276615 0.774542
vt 0.278456 0.776120
vt 0.530001 0.713367
vt 0.528920 0.711302
vt 0.526843 0.710802
vt 0.389004 0.131823
vt 0.388130 0.131186
vt 0.388233 0.132927
vt 0.406076 0.551011
vt 0.401895 0.547997
vt 0.402878 0.551748
vt 0.430734 0.324716
vt 0.433417 0.325019
vt 0.432565 0.323579
vt 0.856595 0.254522
vt 0.854518 0.252942
vt 0.855707 0.255813
vt 0.312798 0.474319
vt 0.309017 0.477412
vt 0.311186 0.477047
vt 0.541013 0.434328
vt 0.544134 0.432778
vt 0.540790 0.431682
vt 0.840243 0.258803
vt 0.842722 0.259026
vt 0.840241 0.256925
vt 0.958670 0.159749
vt 0.959032 0.158831
vt 0.957739 0.159028
vt 0.361238 0.416998
vt 0.365281 0.416347
vt 0.363890 0.415127
vt 0.529203 0.441269
vt 0.529787 0.438845
vt 0.528410 0.440293
vt 0.647837 0.557221
vt 0.643818 0.559770
vt 0.649213 0.557562
vt 0.794391 0.547623
vt 0.793597 0.550158
vt 0.794675 0.548478
vt 0.393062 0.361290
vt 0.394807 0.364787
vt 0.396676 0.361494
vt 0.260084 0.633765
vt 0.262307 0.635455
vt 0.262456 0.631055
vt 0.873704 0.027487
vt 0.874195 0.024770
vt 0.871842 0.024972
vt 0.142227 0.572006
vt 0.146309 0.568265
vt 0.144437 0.567727
vt 0.116649 0.614437
vt 0.120391 0.615819
vt 0.121965 0.612786
vt 0.711704 0.713028
vt 0.708521 0.713119
vt 0.709629 0.714897
vt 0.345135 0.046679
vt 0.346542 0.049219
vt 0.136105 0.589099
vt 0.135392 0.594517
vt 0.139500 0.587670
vt 0.931817 0.285525
vt 0.933006 0.286212
vt 0.932640 0.283224
vt 0.358467 0.664140
vt 0.356667 0.661510
vt 0.984781 0.163492
vt 0.986094 0.164230
vt 0.986200 0.162626
vt 0.351932 0.686613
vt 0.352134 0.684410
vt 0.350230 0.687773
vt 0.791449 0.348472
vt 0.792788 0.347834
vt 0.792605 0.346441
vt 0.539773 0.158131
vt 0.540360 0.157872
vt 0.539973 0.156338
vt 0.537649 0.158550
vt 0.411480 0.455512
vt 0.412446 0.454280
vt 0.407628 0.451372
vt 0.369617 0.319265
vt 0.370522 0.316565
vt 0.366752 0.317148
vt 0.281620 0.777915
vt 0.279377 0.776115
vt 0.910918 0.323181
vt 0.909329 0.325606
vt 0.909993 0.325491
vt 0.848270 0.119758
vt 0.849468 0.117863
vt 0.847081 0.117880
vt 0.609603 0.742730
vt 0.613346 0.743755
vt 0.609014 0.741341
vt 0.846525 0.128816
vt 0.849795 0.128164
vt 0.846488 0.122747
vt 0.430058 0.333091
vt 0.431313 0.334256
vt 0.300082 0.539114
vt 0.300868 0.542118
vt 0.303401 0.540639
vt 0.712302 0.710099
vt 0.714043 0.712651
vt 0.714516 0.708897
vt 0.058113 0.819912
vt 0.056442 0.819913
vt 0.060287 0.821224
vt 0.840186 0.125593
vt 0.838719 0.126747
vt 0.842525 0.126147
vt 0.093038 0.974950
vt 0.090521 0.976747
vt 0.093068 0.976377
vt 0.206982 0.017001
vt 0.207036 0.014738
vt 0.206181 0.016002
vt 0.010458 0.004124
vt 0.009295 0.008506
vt 0.273282 0.622188
vt 0.273354 0.617887
vt 0.271274 0.621586
vt 0.275438 0.618320
vt 0.277621 0.614564
vt 0.274590 0.616477
vt 0.386554 0.440047
vt 0.388722 0.440560
vt 0.123977 0.606828
vt 0.121374 0.609609
vt 0.495017 0.457580
vt 0.493049 0.457375
vt 0.495360 0.458922
vt 0.035358 0.148133
vt 0.034276 0.145969
vt 0.034264 0.146711
vt 0.153654 0.556726
vt 0.154290 0.553081
vt 0.151665 0.555991
vt 0.865797 0.245139
vt 0.863122 0.246399
vt 0.865431 0.247106
vt 0.519212 0.605355
vt 0.517292 0.607992
vt 0.518275 0.611183
vt 0.819509 0.325911
vt 0.821109 0.325168
vt 0.819812 0.324394
vt 0.350237 0.034212
vt 0.354355 0.031474
vt 0.351941 0.030459
vt 0.733824 0.370763
vt 0.731780 0.372186
vt 0.736051 0.372486
vt 0.343423 0.761805
vt 0.345584 0.762278
vt 0.345931 0.760250
vt 0.149922 0.559117
vt 0.149718 0.553592
vt 0.533678 0.158256
vt 0.537948 0.155802
vt 0.371989 0.318926
vt 0.118717 0.611067
vt 0.146065 0.561598
vt 0.147610 0.563419
vt 0.149481 0.564308
vt 0.823209 0.151497
vt 0.824663 0.151879
vt 0.824305 0.150969
vt 0.836052 0.133615
vt 0.837170 0.134776
vt 0.838995 0.134550
vt 0.383351 0.758947
vt 0.385040 0.756671
vt 0.381317 0.756467
vt 0.413691 0.454660
vt 0.412342 0.452190
vt 0.432060 0.911886
vt 0.436779 0.908128
vt 0.434103 0.907198
vt 0.588250 0.948425
vt 0.584016 0.949382
vt 0.584851 0.950990
vt 0.549778 0.089327
vt 0.550343 0.086912
vt 0.549126 0.087684
vt 0.985067 0.851025
vt 0.982979 0.850867
vt 0.982866 0.852939
vt 0.137378 0.584535
vt 0.135150 0.582758
vt 0.822402 0.800418
vt 0.823230 0.798853
vt 0.821600 0.800317
vt 0.882399 0.965071
vt 0.881499 0.963554
vt 0.880779 0.964113
vt 0.110935 0.879278
vt 0.112674 0.880562
vt 0.114424 0.877796
vt 0.112674 0.628870
vt 0.117943 0.631690
vt 0.118005 0.629038
vt 0.174946 0.744724
vt 0.173748 0.744065
vt 0.170718 0.746689
vt 0.894528 0.384276
vt 0.892891 0.384540
vt 0.893398 0.385947
vt 0.561990 0.685364
vt 0.560222 0.683392
vt 0.558053 0.686042
vt 0.261296 0.639483
vt 0.260658 0.636031
vt 0.156481 0.539507
vt 0.156044 0.534257
vt 0.154806 0.538722
vt 0.907523 0.182460
vt 0.906643 0.183204
vt 0.907860 0.184049
vt 0.343264 0.047826
vt 0.190036 0.482775
vt 0.190659 0.481831
vt 0.189152 0.481810
vt 0.396101 0.537512
vt 0.393554 0.536157
vt 0.394329 0.538284
vt 0.815562 0.623435
vt 0.813124 0.622416
vt 0.814479 0.624862
vt 0.218983 0.271468
vt 0.220575 0.271247
vt 0.218870 0.270118
vt 0.713645 0.787260
vt 0.710975 0.786232
vt 0.711648 0.788972
vt 0.409130 0.456431
vt 0.407963 0.453770
vt 0.115272 0.619979
vt 0.123042 0.619461
vt 0.837642 0.137816
vt 0.839136 0.137175
vt 0.218346 0.258232
vt 0.219505 0.259248
vt 0.219322 0.258335
vt 0.217983 0.260243
vt 0.218934 0.232493
vt 0.217920 0.230578
vt 0.217445 0.232459
vt 0.392020 0.355892
vt 0.389921 0.353400
vt 0.391367 0.353996
vt 0.015117 0.159078
vt 0.014249 0.160133
vt 0.015252 0.161597
vt 0.105967 0.982281
vt 0.107349 0.981233
vt 0.104276 0.981021
vt 0.432376 0.172815
vt 0.431703 0.171135
vt 0.430737 0.172418
vt 0.746630 0.855269
vt 0.747146 0.854192
vt 0.745673 0.854806
vt 0.900989 0.187145
vt 0.900520 0.185983
vt 0.901063 0.187509
vt 0.106834 0.162453
vt 0.109070 0.162731
vt 0.107754 0.161893
vt 0.058473 0.849178
vt 0.059209 0.847899
vt 0.057208 0.848421
vt 0.549498 0.843520
vt 0.545331 0.843516
vt 0.546596 0.846088
vt 0.287572 0.147498
vt 0.287429 0.144647
vt 0.286911 0.146209
vt 0.777218 0.453770
vt 0.779412 0.454000
vt 0.777649 0.451722
vt 0.792138 0.183518
vt 0.790613 0.184469
vt 0.790970 0.185550
vt 0.342145 0.056388
vt 0.338504 0.056012
vt 0.679327 0.463910
vt 0.680616 0.459516
vt 0.677932 0.460364
vt 0.488749 0.453555
vt 0.491110 0.451010
vt 0.487568 0.451687
vt 0.291942 0.711874
vt 0.293312 0.709652
vt 0.291468 0.708604
vt 0.019311 0.004332
vt 0.018308 0.001365
vt 0.709917 0.709879
vt 0.373477 0.315535
vt 0.372741 0.313178
vt 0.215439 0.120506
vt 0.215371 0.119791
vt 0.213996 0.121085
vt 0.369570 0.262892
vt 0.368286 0.260731
vt 0.368637 0.262301
vt 0.706351 0.889228
vt 0.705593 0.886511
vt 0.703961 0.888711
vt 0.294331 0.536503
vt 0.297895 0.536177
vt 0.383053 0.444271
vt 0.127529 0.597831
vt 0.131665 0.601714
vt 0.128856 0.596468
vt 0.345335 0.052153
vt 0.343562 0.053244
vt 0.089809 0.568683
vt 0.088697 0.567469
vt 0.088092 0.568731
vt 0.828549 0.266796
vt 0.828739 0.270063
vt 0.826935 0.266703
vt 0.476797 0.166379
vt 0.477949 0.166272
vt 0.475614 0.165327
vt 0.018438 0.014456
vt 0.017923 0.014213
vt 0.016165 0.016362
vt 0.018970 0.013530
vt 0.332220 0.681679
vt 0.332599 0.679308
vt 0.330401 0.678800
vt 0.354878 0.023476
vt 0.350129 0.024824
vt 0.351616 0.026716
vt 0.047571 0.923869
vt 0.047033 0.924162
vt 0.293364 0.707771
vt 0.295617 0.708842
vt 0.293601 0.533882
vt 0.295682 0.534602
vt 0.809917 0.557134
vt 0.810095 0.555424
vt 0.808756 0.554341
vt 0.363204 0.003513
vt 0.359441 0.006323
vt 0.361209 0.007166
vt 0.358526 0.010267
vt 0.359845 0.013421
vt 0.919386 0.966241
vt 0.920707 0.968609
vt 0.921451 0.967284
vt 0.130049 0.820381
vt 0.130656 0.821948
vt 0.131667 0.820997
vt 0.082392 0.554152
vt 0.081285 0.554839
vt 0.081975 0.555704
vt 0.355148 0.028319
vt 0.914975 0.600408
vt 0.916113 0.598323
vt 0.914979 0.597050
vt 0.414182 0.457196
vt 0.269260 0.621205
vt 0.267280 0.624381
vt 0.209909 0.166678
vt 0.208625 0.165659
vt 0.209497 0.167733
vt 0.425029 0.334201
vt 0.633649 0.126984
vt 0.632158 0.126020
vt 0.632318 0.127595
vt 0.125453 0.614851
vt 0.126234 0.613773
vt 0.077238 0.604361
vt 0.076170 0.603109
vt 0.075544 0.604256
vt 0.546916 0.454205
vt 0.548389 0.453928
vt 0.548030 0.452844
vt 0.494928 0.448078
vt 0.855679 0.250512
vt 0.860224 0.249745
vt 0.860098 0.248220
vt 0.898501 0.349577
vt 0.896376 0.350749
vt 0.897064 0.351361
vt 0.337179 0.909054
vt 0.337709 0.910166
vt 0.338001 0.906986
vt 0.139766 0.728997
vt 0.138212 0.727046
vt 0.135681 0.728861
vt 0.829452 0.347159
vt 0.830833 0.347819
vt 0.831456 0.346121
vt 0.828726 0.262912
vt 0.473765 0.168679
vt 0.473967 0.170179
vt 0.474263 0.171305
vt 0.529851 0.157956
vt 0.531712 0.155843
vt 0.381917 0.351846
vt 0.385534 0.355887
vt 0.387737 0.356077
vt 0.385988 0.350062
vt 0.204016 0.271464
vt 0.205717 0.270377
vt 0.203936 0.270123
vt 0.379426 0.314019
vt 0.202932 0.100290
vt 0.204025 0.098732
vt 0.202611 0.098574
vt 0.541412 0.799561
vt 0.538760 0.801248
vt 0.541825 0.801076
vt 0.192182 0.821866
vt 0.191546 0.820636
vt 0.190276 0.822172
vt 0.321253 0.455012
vt 0.320249 0.457606
vt 0.322245 0.457243
vt 0.547047 0.457585
vt 0.548299 0.454980
vt 0.547063 0.456432
vt 0.125661 0.601731
vt 0.126391 0.603667
vt 0.127734 0.599681
vt 0.125900 0.599725
vt 0.004314 0.837266
vt 0.005269 0.836505
vt 0.002481 0.834569
vt 0.140630 0.583264
vt 0.372694 0.317286
vt 0.373406 0.318627
vt 0.792581 0.969564
vt 0.794926 0.969856
vt 0.794430 0.969089
vt 0.263790 0.629495
vt 0.261512 0.629267
vt 0.462773 0.930008
vt 0.465915 0.928754
vt 0.463807 0.928184
vt 0.852830 0.124462
vt 0.472303 0.085890
vt 0.472590 0.083719
vt 0.471747 0.084915
vt 0.709217 0.790994
vt 0.709648 0.787389
vt 0.707239 0.790257
vt 0.156828 0.541498
vt 0.158034 0.544296
vt 0.830906 0.267040
vt 0.646098 0.562427
vt 0.649487 0.560902
vt 0.404230 0.547236
vt 0.144156 0.904759
vt 0.144867 0.904716
vt 0.144836 0.902655
vt 0.730515 0.371638
vt 0.959633 0.607889
vt 0.962702 0.607326
vt 0.961240 0.606305
vt 0.317737 0.719145
vt 0.317600 0.720618
vt 0.320489 0.723130
vt 0.843596 0.124984
vt 0.245021 0.651847
vt 0.242066 0.651108
vt 0.242487 0.652970
vt 0.339117 0.788395
vt 0.337916 0.787812
vt 0.338790 0.789891
vt 0.152354 0.549770
vt 0.817184 0.268652
vt 0.822113 0.271312
vt 0.547624 0.457107
vt 0.547624 0.458543
vt 0.548701 0.457464
vt 0.351702 0.017228
vt 0.354066 0.015065
vt 0.352193 0.015018
vt 0.745382 0.944145
vt 0.746038 0.943953
vt 0.746371 0.942555
vt 0.303873 0.548275
vt 0.863374 0.427756
vt 0.863165 0.426472
vt 0.861576 0.429569
vt 0.095000 0.974966
vt 0.345883 0.042170
vt 0.348971 0.042934
vt 0.350684 0.041833
vt 0.843646 0.120446
vt 0.841491 0.124351
vt 0.009366 0.013724
vt 0.006449 0.012105
vt 0.003540 0.017657
vt 0.371943 0.309524
vt 0.368501 0.314000
vt 0.762997 0.377577
vt 0.761033 0.375443
vt 0.759873 0.376096
vt 0.297583 0.539698
vt 0.486092 0.064085
vt 0.487152 0.064287
vt 0.486545 0.062996
vt 0.038793 0.180683
vt 0.037210 0.180170
vt 0.036763 0.181091
vt 0.904746 0.419246
vt 0.905268 0.420342
vt 0.906709 0.418499
vt 0.861836 0.530732
vt 0.863211 0.530700
vt 0.863073 0.529794
vt 0.857910 0.114702
vt 0.857373 0.116989
vt 0.858158 0.119328
vt 0.786057 0.774215
vt 0.784890 0.775625
vt 0.787342 0.775239
vt 0.304002 0.538417
vt 0.302468 0.537639
vt 0.637577 0.577641
vt 0.640257 0.581553
vt 0.642513 0.578823
vt 0.037580 0.876677
vt 0.036207 0.874949
vt 0.036709 0.877611
vt 0.281297 0.138942
vt 0.282599 0.139887
vt 0.281387 0.137128
vt 0.387282 0.316003
vt 0.387810 0.318123
vt 0.392022 0.320703
vt 0.754912 0.698170
vt 0.755968 0.699101
vt 0.755856 0.697692
vt 0.754020 0.697624
vt 0.390688 0.357208
vt 0.395635 0.534581
vt 0.393047 0.534725
vt 0.347399 0.045220
vt 0.320841 0.771603
vt 0.323510 0.773760
vt 0.322497 0.768748
vt 0.324612 0.768520
vt 0.351703 0.036857
vt 0.350093 0.022248
vt 0.350688 0.019619
vt 0.350048 0.021039
vt 0.548167 0.466249
vt 0.546874 0.466003
vt 0.547229 0.467037
vt 0.194600 0.259852
vt 0.193087 0.258876
vt 0.193453 0.260728
vt 0.640326 0.880988
vt 0.636879 0.883952
vt 0.639045 0.882897
vt 0.713326 0.826078
vt 0.712056 0.828261
vt 0.712066 0.825505
vt 0.149704 0.710794
vt 0.148481 0.712837
vt 0.150085 0.712162
vt 0.148893 0.549413
vt 0.114193 0.624329
vt 0.118786 0.626705
vt 0.118543 0.622685
vt 0.121804 0.621840
vt 0.157162 0.537331
vt 0.876914 0.019772
vt 0.877724 0.021163
vt 0.877552 0.018286
vt 0.881921 0.021415
vt 0.352433 0.197511
vt 0.351513 0.198936
vt 0.353872 0.197388
vt 0.141788 0.582245
vt 0.405252 0.555361
vt 0.279665 0.123004
vt 0.278776 0.123890
vt 0.280213 0.124361
vt 0.294199 0.712894
vt 0.294950 0.711752
vt 0.879379 0.296837
vt 0.877656 0.296814
vt 0.877945 0.299666
vt 0.356647 0.016715
vt 0.351579 0.019269
vt 0.618574 0.098114
vt 0.618334 0.099986
vt 0.619280 0.099195
vt 0.880308 0.240710
vt 0.882833 0.237727
vt 0.876147 0.241233
vt 0.882474 0.239788
vt 0.877439 0.242391
vt 0.516393 0.609779
vt 0.514790 0.615992
vt 0.405834 0.460443
vt 0.408886 0.461783
vt 0.409505 0.459380
vt 0.406879 0.457958
vt 0.533491 0.163348
vt 0.533926 0.162156
vt 0.531361 0.162640
vt 0.403903 0.893625
vt 0.402893 0.895095
vt 0.405284 0.895115
vt 0.948602 0.296646
vt 0.947804 0.299208
vt 0.948966 0.299815
vt 0.959357 0.807746
vt 0.960271 0.808146
vt 0.960625 0.805702
vt 0.265843 0.630502
vt 0.264557 0.634994
vt 0.253564 0.414321
vt 0.252876 0.415494
vt 0.254031 0.415483
vt 0.254748 0.414664
vt 0.469165 0.109117
vt 0.470315 0.108880
vt 0.467551 0.107781
vt 0.383277 0.754629
vt 0.543932 0.843296
vt 0.543067 0.847231
vt 0.542076 0.845086
vt 0.341087 0.890943
vt 0.339914 0.889477
vt 0.338761 0.891159
vt 0.453568 0.289302
vt 0.452894 0.288329
vt 0.450902 0.290412
vt 0.035573 0.683229
vt 0.034732 0.681759
vt 0.034154 0.683452
vt 0.928558 0.387022
vt 0.928707 0.388417
vt 0.930387 0.386992
vt 0.854300 0.119943
vt 0.851379 0.122395
vt 0.846273 0.260989
vt 0.847493 0.259234
vt 0.627866 0.587057
vt 0.627545 0.585777
vt 0.626505 0.589573
vt 0.573820 0.571575
vt 0.573040 0.572249
vt 0.573628 0.572399
vt 0.233417 0.823954
vt 0.234819 0.819612
vt 0.231498 0.822144
vt 0.276969 0.908826
vt 0.271973 0.908646
vt 0.273254 0.909840
vt 0.174803 0.666530
vt 0.173311 0.665453
vt 0.171925 0.667929
vt 0.009215 0.019225
vt 0.012254 0.016456
vt 0.006209 0.018773
vt 0.345649 0.402778
vt 0.345233 0.401982
vt 0.342703 0.401330
vt 0.447829 0.401831
vt 0.447348 0.402464
vt 0.448699 0.402646
vt 0.531911 0.440618
vt 0.533800 0.438966
vt 0.694619 0.819309
vt 0.693196 0.819085
vt 0.693412 0.819714
vt 0.617506 0.744019
vt 0.614205 0.742615
vt 0.844254 0.118224
vt 0.955111 0.829541
vt 0.953999 0.831359
vt 0.955145 0.832027
vt 0.561361 0.964630
vt 0.562359 0.965697
vt 0.562174 0.963660
vt 0.145580 0.571564
vt 0.070663 0.664715
vt 0.073897 0.665149
vt 0.071800 0.663429
vt 0.201217 0.611486
vt 0.202532 0.612707
vt 0.202005 0.611083
vt 0.276661 0.423916
vt 0.275504 0.425107
vt 0.277179 0.425166
vt 0.392697 0.360595
vt 0.392329 0.358283
vt 0.883624 0.024429
vt 0.887803 0.024326
vt 0.885675 0.022170
vt 0.148340 0.566629
vt 0.134274 0.592469
vt 0.133856 0.586449
vt 0.815717 0.975105
vt 0.815868 0.973058
vt 0.814759 0.973595
vt 0.380011 0.458864
vt 0.383342 0.457001
vt 0.380048 0.454982
vt 0.820848 0.322777
vt 0.318230 0.461639
vt 0.320953 0.461019
vt 0.565702 0.844756
vt 0.565925 0.844596
vt 0.565158 0.843734
vt 0.897158 0.349625
vt 0.263821 0.625117
vt 0.266574 0.627120
vt 0.361277 0.157037
vt 0.362604 0.157823
vt 0.362783 0.156621
vt 0.243822 0.890199
vt 0.247123 0.890419
vt 0.246376 0.888491
vt 0.432483 0.327364
vt 0.429278 0.329797
vt 0.715302 0.828549
vt 0.716397 0.826366
vt 0.818839 0.634499
vt 0.819160 0.636576
vt 0.820910 0.634684
vt 0.243168 0.437794
vt 0.241236 0.436624
vt 0.241945 0.437925
vt 0.846654 0.255270
vt 0.849633 0.259239
vt 0.850882 0.254342
vt 0.797332 0.802736
vt 0.799203 0.804326
vt 0.799978 0.803708
vt 0.551551 0.150021
vt 0.553047 0.149318
vt 0.550381 0.148449
vt 0.420562 0.481524
vt 0.420905 0.481901
vt 0.421513 0.477692
vt 0.419819 0.479866
vt 0.643778 0.042892
vt 0.644322 0.041307
vt 0.643711 0.041830
vt 0.520926 0.609474
vt 0.521709 0.604629
vt 0.805638 0.316145
vt 0.803657 0.317385
vt 0.803767 0.319807
vt 0.148746 0.896382
vt 0.150133 0.895687
vt 0.148832 0.893849
vt 0.889382 0.236135
vt 0.892834 0.234100
vt 0.888470 0.234780
vt 0.532858 0.978317
vt 0.530065 0.980239
vt 0.530378 0.981715
vt 0.868990 0.245431
vt 0.871255 0.242171
vt 0.868393 0.243657
vt 0.360162 0.922037
vt 0.362164 0.922896
vt 0.362133 0.921693
vt 0.365983 0.919820
vt 0.380237 0.935967
vt 0.383744 0.934016
vt 0.379097 0.931683
vt 0.697354 0.644859
vt 0.692910 0.645682
vt 0.697364 0.648086
vt 0.129405 0.605480
vt 0.739460 0.658411
vt 0.740892 0.657737
vt 0.739389 0.657306
vt 0.130185 0.592689
vt 0.132213 0.594595
vt 0.131151 0.588846
vt 0.049610 0.202603
vt 0.048422 0.203063
vt 0.049147 0.204651
vt 0.445850 0.686817
vt 0.448610 0.686445
vt 0.447491 0.685507
vt 0.883440 0.404892
vt 0.885696 0.406721
vt 0.885856 0.404189
vt 0.427603 0.328405
vt 0.841081 0.262120
vt 0.842203 0.261126
vt 0.029754 0.893963
vt 0.030127 0.892644
vt 0.027960 0.890879
vt 0.834552 0.266268
vt 0.176547 0.109757
vt 0.177136 0.110969
vt 0.178054 0.109226
vt 0.942681 0.241108
vt 0.942781 0.239732
vt 0.941535 0.240218
vt 0.316247 0.466352
vt 0.312920 0.471932
vt 0.316309 0.471286
vt 0.136904 0.577791
vt 0.136303 0.579601
vt 0.836147 0.260161
vt 0.834553 0.261193
vt 0.464236 0.116620
vt 0.464357 0.117864
vt 0.464941 0.115680
vt 0.376806 0.934877
vt 0.378580 0.935069
vt 0.717824 0.156384
vt 0.715494 0.155852
vt 0.716335 0.156555
vt 0.631144 0.594277
vt 0.634874 0.594293
vt 0.630970 0.591588
vt 0.853383 0.116402
vt 0.857256 0.115218
vt 0.346869 0.039661
vt 0.337983 0.889571
vt 0.285463 0.533689
vt 0.284885 0.532589
vt 0.283216 0.532131
vt 0.154028 0.541625
vt 0.156399 0.546047
vt 0.403312 0.465642
vt 0.404630 0.464623
vt 0.401386 0.460399
vt 0.349547 0.684966
vt 0.349269 0.686453
vt 0.400489 0.543153
vt 0.402512 0.543846
vt 0.147335 0.550701
vt 0.890588 0.971895
vt 0.891826 0.972745
vt 0.891531 0.970931
vt 0.862990 0.250046
vt 0.862498 0.246963
vt 0.814176 0.785435
vt 0.815600 0.783465
vt 0.813596 0.784198
vt 0.683747 0.711937
vt 0.681883 0.712063
vt 0.684888 0.716252
vt 0.062460 0.681415
vt 0.061065 0.682998
vt 0.061491 0.684544
vt 0.638470 0.581266
vt 0.639274 0.583107
vt 0.715199 0.831837
vt 0.712879 0.830575
vt 0.714050 0.714159
vt 0.991945 0.461394
vt 0.992487 0.463325
vt 0.993049 0.461771
vt 0.390289 0.438369
vt 0.104307 0.930537
vt 0.108013 0.926734
vt 0.103821 0.929566
vt 0.933710 0.929645
vt 0.933289 0.926546
vt 0.932781 0.928997
vt 0.348661 0.026631
vt 0.349492 0.028474
vt 0.382688 0.996258
vt 0.383806 0.994835
vt 0.382535 0.994532
vt 0.338947 0.404504
vt 0.338522 0.404005
vt 0.337664 0.403835
vt 0.338651 0.404831
vt 0.535291 0.160067
vt 0.535943 0.160146
vt 0.337237 0.905420
vt 0.334171 0.907728
vt 0.361871 0.413250
vt 0.356403 0.409077
vt 0.356521 0.411420
vt 0.357032 0.412824
vt 0.407658 0.558600
vt 0.405424 0.558027
vt 0.406529 0.559681
vt 0.278467 0.050399
vt 0.279129 0.049144
vt 0.278110 0.048894
vt 0.715170 0.249273
vt 0.713732 0.249730
vt 0.714618 0.252095
vt 0.307920 0.764423
vt 0.309134 0.761426
vt 0.306895 0.763079
vt 0.171409 0.089163
vt 0.169903 0.087262
vt 0.170027 0.088754
vt 0.189860 0.848640
vt 0.192149 0.847027
vt 0.188230 0.845954
vt 0.409407 0.893695
vt 0.408123 0.893676
vt 0.408351 0.896143
vt 0.308054 0.485511
vt 0.307461 0.483177
vt 0.306270 0.485577
vt 0.991251 0.462605
vt 0.991581 0.459866
vt 0.990460 0.460541
vt 0.461421 0.151581
vt 0.463608 0.151712
vt 0.462698 0.150391
vt 0.518252 0.111337
vt 0.516835 0.110505
vt 0.517174 0.111967
vt 0.000995 0.933731
vt 0.003800 0.933045
vt 0.002058 0.931338
vt 0.713375 0.110672
vt 0.712499 0.110864
vt 0.712160 0.112458
vt 0.961103 0.575481
vt 0.962349 0.576241
vt 0.960881 0.572900
vt 0.953715 0.650835
vt 0.954619 0.652784
vt 0.955924 0.652183
vt 0.858503 0.251995
vt 0.020980 0.008993
vt 0.020060 0.008466
vt 0.019211 0.009496
vt 0.407748 0.553968
vt 0.408307 0.555406
vt 0.424935 0.474981
vt 0.427120 0.475603
vt 0.428157 0.474279
vt 0.008150 0.006739
vt 0.007547 0.010497
vt 0.540700 0.437801
vt 0.538671 0.434316
vt 0.595157 0.818434
vt 0.594405 0.819743
vt 0.596307 0.821850
vt 0.423784 0.338077
vt 0.425466 0.338528
vt 0.808888 0.695677
vt 0.806769 0.696550
vt 0.808816 0.696712
vt 0.044349 0.913620
vt 0.045945 0.911275
vt 0.043513 0.912060
vt 0.046537 0.912199
vt 0.115019 0.616402
vt 0.113479 0.618204
vt 0.486018 0.453233
vt 0.026410 0.005615
vt 0.024035 0.007528
vt 0.109728 0.628864
vt 0.110305 0.628574
vt 0.109627 0.626882
vt 0.885093 0.238387
vt 0.065733 0.902657
vt 0.065671 0.903954
vt 0.067780 0.902552
vt 0.945463 0.553811
vt 0.947301 0.556401
vt 0.946237 0.553014
vt 0.427581 0.331966
vt 0.369963 0.309455
vt 0.368272 0.311689
vt 0.407010 0.449813
vt 0.409293 0.450028
vt 0.407093 0.446146
vt 0.866882 0.025969
vt 0.868085 0.025216
vt 0.866545 0.024682
vt 0.011209 0.010300
vt 0.011994 0.011677
vt 0.014677 0.007938
vt 0.127494 0.971349
vt 0.129009 0.969532
vt 0.125868 0.971790
vt 0.532830 0.713571
vt 0.533719 0.712414
vt 0.532204 0.711728
vt 0.533670 0.714134
vt 0.405469 0.302394
vt 0.405359 0.303733
vt 0.406304 0.303448
vt 0.337828 0.143605
vt 0.336151 0.144517
vt 0.338028 0.144938
vt 0.340231 0.785208
vt 0.341123 0.786932
vt 0.341894 0.785339
vt 0.989983 0.406053
vt 0.990246 0.407604
vt 0.992038 0.408188
vt 0.783415 0.561243
vt 0.784813 0.562382
vt 0.783992 0.559789
vt 0.119701 0.853136
vt 0.119603 0.854202
vt 0.122046 0.856045
vt 0.393861 0.356263
vt 0.394156 0.355061
vt 0.392728 0.355337
vt 0.421114 0.342270
vt 0.425249 0.341323
vt 0.895191 0.385973
vt 0.337944 0.061058
vt 0.340388 0.060906
vt 0.336970 0.058820
vt 0.913865 0.363596
vt 0.912099 0.365597
vt 0.914000 0.365604
vt 0.490293 0.795710
vt 0.490005 0.793375
vt 0.488687 0.796260
vt 0.422687 0.336207
vt 0.421406 0.339263
vt 0.980992 0.752364
vt 0.982967 0.751290
vt 0.983102 0.749645
vt 0.007788 0.016464
vt 0.021605 0.005700
vt 0.019286 0.007999
vt 0.410845 0.191074
vt 0.412048 0.189505
vt 0.410645 0.189705
vt 0.129694 0.594168
vt 0.429336 0.741778
vt 0.429985 0.743539
vt 0.430993 0.743113
vt 0.344974 0.044860
vt 0.102631 0.004074
vt 0.100800 0.003753
vt 0.101043 0.004560
vt 0.208521 0.368870
vt 0.209650 0.369061
vt 0.209865 0.368042
vt 0.563458 0.683513
vt 0.562272 0.682639
vt 0.253683 0.743967
vt 0.257155 0.741902
vt 0.253903 0.741267
vt 0.296254 0.538931
vt 0.229177 0.364608
vt 0.230309 0.364786
vt 0.230352 0.363310
vt 0.495446 0.791320
vt 0.492727 0.792003
vt 0.493813 0.793539
vt 0.923956 0.523035
vt 0.923032 0.521869
vt 0.923597 0.524598
vt 0.491989 0.453870
vt 0.493928 0.455340
vt 0.495134 0.454386
vt 0.590031 0.174176
vt 0.590715 0.172504
vt 0.588797 0.174049
vt 0.336166 0.056171
vt 0.335416 0.057849
vt 0.337112 0.056677
vt 0.397886 0.362606
vt 0.337467 0.891228
vt 0.336218 0.893171
vt 0.336690 0.894855
vt 0.938678 0.710801
vt 0.938774 0.708834
vt 0.936669 0.709607
vt 0.320629 0.778914
vt 0.320690 0.777329
vt 0.319903 0.778008
vt 0.071352 0.665936
vt 0.075148 0.665861
vt 0.146579 0.553886
vt 0.942967 0.738546
vt 0.941721 0.737631
vt 0.942563 0.740277
vt 0.126415 0.671917
vt 0.123244 0.671670
vt 0.123502 0.672964
vt 0.905342 0.222492
vt 0.904727 0.221847
vt 0.904955 0.223331
vt 0.968980 0.266590
vt 0.967508 0.267848
vt 0.968915 0.268274
vt 0.133914 0.597455
vt 0.029343 0.003903
vt 0.025896 0.004346
vt 0.219984 0.299475
vt 0.219031 0.300476
vt 0.220266 0.300982
vt 0.184435 0.221640
vt 0.184102 0.223399
vt 0.186034 0.222644
vt 0.010707 0.912975
vt 0.185950 0.849056
vt 0.186144 0.847727
vt 0.266694 0.632606
vt 0.268454 0.629524
vt 0.316681 0.777894
vt 0.318652 0.779245
vt 0.324072 0.452886
vt 0.324333 0.455064
vt 0.321593 0.780356
vt 0.324088 0.781058
vt 0.737196 0.395163
vt 0.735553 0.394736
vt 0.737296 0.396591
vt 0.155332 0.005814
vt 0.157594 0.005496
vt 0.156455 0.005176
vt 0.422369 0.742327
vt 0.426384 0.743076
vt 0.425795 0.740332
vt 0.272338 0.611584
vt 0.538669 0.152908
vt 0.731749 0.401342
vt 0.733080 0.401446
vt 0.734290 0.398317
vt 0.045588 0.227623
vt 0.044626 0.227902
vt 0.045686 0.229616
vt 0.253341 0.820257
vt 0.252084 0.820647
vt 0.254310 0.821250
vt 0.278611 0.612179
vt 0.058922 0.971607
vt 0.063724 0.970176
vt 0.063960 0.968233
vt 0.380852 0.451985
vt 0.382814 0.452034
vt 0.208212 0.406853
vt 0.209755 0.407181
vt 0.209160 0.406104
vt 0.762681 0.769752
vt 0.762399 0.772718
vt 0.763989 0.771166
vt 0.139103 0.574066
vt 0.136768 0.576107
vt 0.708401 0.078790
vt 0.706970 0.077604
vt 0.707630 0.079057
vt 0.151638 0.546652
vt 0.322051 0.460153
vt 0.323676 0.458084
vt 0.268019 0.116381
vt 0.268854 0.114201
vt 0.267609 0.115199
vt 0.125044 0.408196
vt 0.124820 0.409857
vt 0.126074 0.408446
vt 0.378875 0.995989
vt 0.377001 0.998786
vt 0.380515 0.996917
vt 0.521555 0.323452
vt 0.521747 0.326091
vt 0.522950 0.323678
vt 0.062950 0.230848
vt 0.064821 0.231019
vt 0.062418 0.229878
vt 0.608004 0.712408
vt 0.609584 0.713719
vt 0.608957 0.710869
vt 0.111695 0.880781
vt 0.110675 0.881792
vt 0.112282 0.881269
vt 0.309280 0.482740
vt 0.309107 0.481309
vt 0.489305 0.410903
vt 0.490314 0.411262
vt 0.490171 0.409833
vt 0.815943 0.771028
vt 0.815374 0.768144
vt 0.814130 0.769944
vt 0.134768 0.339165
vt 0.135565 0.340220
vt 0.135956 0.338429
vt 0.017671 0.012818
vt 0.016306 0.011527
vt 0.871028 0.029637
vt 0.874432 0.028381
vt 0.868710 0.029769
vt 0.870017 0.027176
vt 0.546582 0.455615
vt 0.131667 0.301146
vt 0.133450 0.300106
vt 0.131611 0.300320
vt 0.268363 0.626157
vt 0.271327 0.625877
vt 0.988110 0.980108
vt 0.990423 0.977963
vt 0.988848 0.977814
vt 0.911438 0.711226
vt 0.911329 0.710184
vt 0.908607 0.712283
vt 0.527390 0.324870
vt 0.530123 0.326966
vt 0.529782 0.325640
vt 0.912375 0.049012
vt 0.912624 0.047944
vt 0.910833 0.048988
vt 0.430667 0.336218
vt 0.842740 0.256280
vt 0.338382 0.063157
vt 0.682305 0.469828
vt 0.682286 0.468366
vt 0.681490 0.470134
vt 0.584408 0.179311
vt 0.583917 0.180523
vt 0.586168 0.180959
vt 0.675748 0.100212
vt 0.678019 0.100020
vt 0.677374 0.099537
vt 0.306642 0.486904
vt 0.902709 0.421249
vt 0.407072 0.087932
vt 0.405116 0.089695
vt 0.406256 0.089264
vt 0.847690 0.813883
vt 0.848217 0.812593
vt 0.846990 0.812279
vt 0.013523 0.237120
vt 0.015616 0.237292
vt 0.014632 0.236866
vt 0.301538 0.543841
vt 0.385552 0.437408
vt 0.384125 0.438877
vt 0.382088 0.441764
vt 0.299345 0.541914
vt 0.884832 0.021004
vt 0.536493 0.438470
vt 0.538213 0.438132
vt 0.932270 0.062814
vt 0.931067 0.062616
vt 0.932605 0.063605
vt 0.386097 0.175004
vt 0.386376 0.173673
vt 0.384712 0.174823
vt 0.345877 0.036519
vt 0.344458 0.036397
vt 0.343241 0.037426
vt 0.343145 0.058238
vt 0.341644 0.060347
vt 0.342665 0.062675
vt 0.208312 0.672304
vt 0.209830 0.671647
vt 0.208361 0.671117
vt 0.118631 0.352355
vt 0.118538 0.351949
vt 0.117605 0.350922
vt 0.117941 0.352179
vt 0.389644 0.310778
vt 0.388060 0.309642
vt 0.387831 0.313293
vt 0.642517 0.574247
vt 0.637989 0.575832
vt 0.850404 0.252003
vt 0.800996 0.993917
vt 0.800959 0.995242
vt 0.802445 0.994867
vt 0.134267 0.584049
vt 0.293164 0.537774
vt 0.872385 0.430306
vt 0.871345 0.431023
vt 0.874089 0.430521
vt 0.178013 0.148554
vt 0.179210 0.149130
vt 0.178941 0.147557
vt 0.781657 0.956995
vt 0.145709 0.038963
vt 0.144503 0.039401
vt 0.146835 0.039508
vt 0.374845 0.320168
vt 0.145840 0.045315
vt 0.146589 0.044426
vt 0.144253 0.045460
vt 0.947727 0.502827
vt 0.948634 0.501974
vt 0.947143 0.499609
vt 0.289438 0.533480
vt 0.286654 0.533351
vt 0.752367 0.574004
vt 0.752219 0.572331
vt 0.750375 0.574622
vt 0.042123 0.667743
vt 0.043118 0.670159
vt 0.045885 0.669700
vt 0.380130 0.980351
vt 0.382653 0.981232
vt 0.384588 0.979361
vt 0.970753 0.135301
vt 0.969779 0.137249
vt 0.970594 0.136656
vt 0.960573 0.635879
vt 0.961778 0.634431
vt 0.960319 0.634806
vt 0.281029 0.614180
vt 0.282116 0.611200
vt 0.280558 0.612484
vt 0.116952 0.465658
vt 0.115843 0.464480
vt 0.115540 0.465752
vt 0.427564 0.741614
vt 0.067166 0.903919
vt 0.069487 0.903141
vt 0.972440 0.824931
vt 0.972624 0.823547
vt 0.971251 0.824044
vt 0.971949 0.822818
vt 0.405236 0.265712
vt 0.403880 0.265831
vt 0.403247 0.267589
vt 0.404768 0.154018
vt 0.402941 0.154610
vt 0.404432 0.155294
vt 0.061824 0.246282
vt 0.060595 0.248565
vt 0.061806 0.247895
vt 0.033951 0.996616
vt 0.036126 0.997949
vt 0.035974 0.996828
vt 0.115089 0.389612
vt 0.113735 0.389939
vt 0.113735 0.391090
vt 0.688438 0.712023
vt 0.395574 0.639258
vt 0.394912 0.638734
vt 0.394348 0.639886
vt 0.534642 0.436250
vt 0.365526 0.310840
vt 0.365442 0.313081
vt 0.346973 0.034034
vt 0.483932 0.723286
vt 0.483608 0.724364
vt 0.484884 0.723771
vt 0.114622 0.880564
vt 0.115253 0.879181
vt 0.112476 0.453688
vt 0.111618 0.455039
vt 0.113157 0.455151
vt 0.111924 0.471635
vt 0.111879 0.473204
vt 0.113161 0.472216
vt 0.145944 0.094644
vt 0.146423 0.095503
vt 0.146943 0.093639
vt 0.706896 0.144839
vt 0.706568 0.143243
vt 0.705467 0.145394
vt 0.706615 0.146279
vt 0.281441 0.123479
vt 0.010228 0.901541
vt 0.008802 0.899571
vt 0.007185 0.902409
vt 0.800158 0.364026
vt 0.799699 0.362206
vt 0.797893 0.363657
vt 0.274216 0.618998
vt 0.730981 0.951880
vt 0.730897 0.952998
vt 0.733093 0.952150
vt 0.059358 0.253892
vt 0.060806 0.254354
vt 0.061582 0.253307
vt 0.520674 0.603395
vt 0.520300 0.601549
vt 0.133277 0.933604
vt 0.132828 0.931914
vt 0.131640 0.932504
vt 0.063636 0.848681
vt 0.062312 0.846372
vt 0.062365 0.847350
vt 0.410690 0.461941
vt 0.413322 0.460736
vt 0.767114 0.687809
vt 0.767263 0.689438
vt 0.768437 0.689723
vt 0.706024 0.890971
vt 0.706923 0.893020
vt 0.708853 0.892082
vt 0.977116 0.500100
vt 0.978439 0.503507
vt 0.979262 0.501273
vt 0.453542 0.276816
vt 0.452432 0.278850
vt 0.453326 0.279048
vt 0.835281 0.257908
vt 0.834737 0.258299
vt 0.140302 0.090411
vt 0.141352 0.089073
vt 0.140162 0.088804
vt 0.459085 0.930260
vt 0.459746 0.926890
vt 0.711041 0.887817
vt 0.711753 0.889271
vt 0.537927 0.350165
vt 0.538177 0.351345
vt 0.538760 0.350369
vt 0.390963 0.316960
vt 0.389757 0.313436
vt 0.531581 0.153270
vt 0.352921 0.036514
vt 0.354658 0.036422
vt 0.515997 0.616773
vt 0.122922 0.627555
vt 0.123575 0.625658
vt 0.147271 0.899966
vt 0.147008 0.901044
vt 0.773178 0.811351
vt 0.773975 0.811054
vt 0.773513 0.810877
vt 0.430653 0.479570
vt 0.429220 0.478170
vt 0.429879 0.480844
vt 0.732333 0.922324
vt 0.734173 0.922601
vt 0.732198 0.921021
vt 0.534273 0.978461
vt 0.535626 0.976240
vt 0.292910 0.534632
vt 0.786687 0.767084
vt 0.787996 0.767168
vt 0.381284 0.994280
vt 0.382334 0.995378
vt 0.132653 0.018616
vt 0.132646 0.016566
vt 0.131998 0.018045
vt 0.611344 0.730232
vt 0.612824 0.730024
vt 0.615864 0.727386
vt 0.085820 0.052094
vt 0.087010 0.052220
vt 0.086360 0.050990
vt 0.162202 0.693014
vt 0.162234 0.694587
vt 0.165940 0.694895
vt 0.286295 0.603998
vt 0.288013 0.601996
vt 0.287157 0.600969
vt 0.260373 0.823082
vt 0.259695 0.822280
vt 0.255724 0.820986
vt 0.376177 0.309562
vt 0.015021 0.019018
vt 0.009599 0.019270
vt 0.949552 0.297495
vt 0.404774 0.445680
vt 0.063635 0.056034
vt 0.063115 0.054676
vt 0.062791 0.055692
vt 0.643866 0.572310
vt 0.641439 0.572796
vt 0.413580 0.920487
vt 0.410363 0.921938
vt 0.410021 0.924676
vt 0.772274 0.981892
vt 0.771981 0.984110
vt 0.773205 0.983768
vt 0.489170 0.725004
vt 0.486411 0.725971
vt 0.487545 0.727365
vt 0.345163 0.038894
vt 0.342773 0.042040
vt 0.344158 0.040710
vt 0.647378 0.979186
vt 0.648729 0.978977
vt 0.647191 0.978787
vt 0.127781 0.610593
vt 0.726250 0.162105
vt 0.726930 0.163371
vt 0.728112 0.162437
vt 0.515410 0.218138
vt 0.517615 0.217198
vt 0.515044 0.216626
vt 0.146311 0.711760
vt 0.850714 0.114028
vt 0.850456 0.115475
vt 0.357998 0.007693
vt 0.922678 0.725157
vt 0.924214 0.724266
vt 0.922902 0.724412
vt 0.111455 0.630001
vt 0.642115 0.570233
vt 0.927377 0.494059
vt 0.925295 0.494186
vt 0.924626 0.494897
vt 0.591642 0.948885
vt 0.591640 0.946990
vt 0.499996 0.268016
vt 0.500403 0.265648
vt 0.499338 0.266964
vt 0.309224 0.480048
vt 0.311753 0.481601
vt 0.313543 0.479711
vt 0.195303 0.819479
vt 0.848104 0.253467
vt 0.949826 0.296835
vt 0.948947 0.294180
vt 0.389266 0.349322
vt 0.391473 0.351723
vt 0.390827 0.349211
vt 0.869115 0.031759
vt 0.869557 0.031189
vt 0.298510 0.539564
vt 0.136939 0.933113
vt 0.136717 0.930369
vt 0.135707 0.930181
vt 0.431192 0.116449
vt 0.431520 0.114653
vt 0.430089 0.115745
vt 0.452207 0.188913
vt 0.453434 0.189923
vt 0.454707 0.189264
vt 0.950233 0.299709
vt 0.914320 0.959640
vt 0.914427 0.958555
vt 0.913389 0.957841
vt 0.912099 0.958289
vt 0.398133 0.097007
vt 0.398906 0.095258
vt 0.397239 0.096111
vt 0.413981 0.458662
vt 0.416020 0.456640
vt 0.416545 0.459833
vt 0.424721 0.717292
vt 0.422679 0.717857
vt 0.422571 0.718935
vt 0.011223 0.015499
vt 0.012605 0.014951
vt 0.311937 0.912158
vt 0.308128 0.910627
vt 0.308194 0.914244
vt 0.306515 0.481193
vt 0.269491 0.833326
vt 0.268683 0.834982
vt 0.270353 0.836183
vt 0.486243 0.085261
vt 0.485316 0.085904
vt 0.487695 0.085281
vt 0.771956 0.409385
vt 0.773090 0.411156
vt 0.775352 0.411387
vt 0.820201 0.208838
vt 0.821786 0.209738
vt 0.821570 0.208388
vt 0.694032 0.648538
vt 0.359213 0.016326
vt 0.355260 0.012556
vt 0.306128 0.552364
vt 0.304796 0.552970
vt 0.390753 0.434909
vt 0.388876 0.435085
vt 0.388785 0.436892
vt 0.542415 0.688649
vt 0.545591 0.691161
vt 0.545072 0.687706
vt 0.548656 0.461330
vt 0.346897 0.021412
vt 0.347989 0.021124
vt 0.347976 0.019544
vt 0.363896 0.413767
vt 0.013959 0.639708
vt 0.013337 0.638555
vt 0.012592 0.640190
vt 0.597259 0.600894
vt 0.597564 0.601782
vt 0.598410 0.601148
vt 0.978431 0.922938
vt 0.976807 0.922536
vt 0.977944 0.924278
vt 0.013584 0.615459
vt 0.012222 0.615595
vt 0.012246 0.616975
vt 0.013885 0.629693
vt 0.013803 0.628639
vt 0.012495 0.629222
vt 0.768692 0.567704
vt 0.767853 0.566504
vt 0.766478 0.568210
vt 0.703369 0.461464
vt 0.087680 0.431184
vt 0.086185 0.432489
vt 0.088035 0.431734
vt 0.455426 0.151529
vt 0.454961 0.152789
vt 0.456031 0.152048
vt 0.401201 0.464382
vt 0.390650 0.326106
vt 0.392812 0.324470
vt 0.390847 0.322173
vt 0.604972 0.057884
vt 0.603526 0.057028
vt 0.603140 0.058106
vt 0.216340 0.424373
vt 0.215848 0.423089
vt 0.215231 0.423095
vt 0.396885 0.243025
vt 0.396398 0.244400
vt 0.397884 0.243660
vt 0.648839 0.565332
vt 0.652314 0.567991
vt 0.651047 0.564562
vt 0.450143 0.285612
vt 0.450454 0.287828
vt 0.452084 0.287316
vt 0.842156 0.128396
vt 0.839514 0.130733
vt 0.842671 0.130113
vt 0.350998 0.402110
vt 0.350928 0.405006
vt 0.355969 0.404257
vt 0.826442 0.810414
vt 0.827935 0.809588
vt 0.826811 0.809024
vt 0.279479 0.612902
vt 0.280227 0.614788
vt 0.286299 0.605061
vt 0.284798 0.604096
vt 0.283978 0.607436
vt 0.153105 0.542930
vt 0.287607 0.603121
vt 0.766086 0.618032
vt 0.765355 0.617043
vt 0.764843 0.619068
vt 0.940083 0.326549
vt 0.941425 0.328332
vt 0.942036 0.327022
vt 0.700636 0.256593
vt 0.702338 0.257201
vt 0.701927 0.256137
vt 0.306992 0.761843
vt 0.306445 0.762978
vt 0.042900 0.861838
vt 0.045130 0.860242
vt 0.042813 0.860731
vt 0.492476 0.794340
vt 0.318780 0.465119
vt 0.315683 0.464999
vt 0.240286 0.652155
vt 0.397039 0.112180
vt 0.395375 0.110989
vt 0.395889 0.112725
vt 0.871502 0.021536
vt 0.869485 0.022336
vt 0.404719 0.440354
vt 0.404186 0.441348
vt 0.842042 0.391889
vt 0.840265 0.390806
vt 0.843273 0.393048
vt 0.072773 0.943364
vt 0.070913 0.942035
vt 0.068930 0.946667
vt 0.261580 0.628139
vt 0.916162 0.690634
vt 0.911829 0.692015
vt 0.914536 0.691858
vt 0.412015 0.449372
vt 0.342218 0.039815
vt 0.415178 0.460328
vt 0.354267 0.052011
vt 0.352829 0.052516
vt 0.354531 0.053040
vt 0.588134 0.820648
vt 0.591728 0.822149
vt 0.592052 0.819623
vt 0.591337 0.823956
vt 0.356620 0.029147
vt 0.878620 0.239529
vt 0.088880 0.916825
vt 0.088740 0.918906
vt 0.090782 0.916789
vt 0.402012 0.123043
vt 0.403434 0.121480
vt 0.402172 0.121230
vt 0.373657 0.320798
vt 0.371677 0.321792
vt 0.309299 0.552457
vt 0.309287 0.552721
vt 0.348011 0.047840
vt 0.864848 0.029193
vt 0.541783 0.426981
vt 0.540400 0.426395
vt 0.541294 0.428833
vt 0.271682 0.623632
vt 0.355287 0.011104
vt 0.081798 0.439269
vt 0.080188 0.439548
vt 0.081698 0.440912
vt 0.368778 0.320473
vt 0.367851 0.322940
vt 0.877103 0.659763
vt 0.879200 0.661712
vt 0.878215 0.658871
vt 0.367070 0.319426
vt 0.358092 0.661258
vt 0.103960 0.003942
vt 0.102848 0.001738
vt 0.803453 0.985011
vt 0.805167 0.983605
vt 0.803452 0.982928
vt 0.104129 0.004014
vt 0.103843 0.001181
vt 0.571855 0.121320
vt 0.569925 0.119487
vt 0.570138 0.121088
vt 0.563771 0.680473
vt 0.352752 0.662709
vt 0.873743 0.241285
vt 0.890130 0.970452
vt 0.451819 0.282006
vt 0.423238 0.716193
vt 0.423054 0.714778
vt 0.420800 0.716283
vt 0.641985 0.882156
vt 0.644576 0.880649
vt 0.638869 0.573017
vt 0.425228 0.565585
vt 0.424517 0.566416
vt 0.424465 0.567132
vt 0.212587 0.108367
vt 0.211943 0.110270
vt 0.213084 0.110088
vt 0.255878 0.103853
vt 0.258165 0.104777
vt 0.257755 0.103631
vt 0.914929 0.984627
vt 0.912373 0.985353
vt 0.914040 0.986970
vt 0.842314 0.790965
vt 0.841865 0.793207
vt 0.845057 0.792528
vt 0.278782 0.616585
vt 0.108853 0.099503
vt 0.107434 0.100927
vt 0.108295 0.100169
vt 0.965519 0.636476
vt 0.967414 0.636235
vt 0.966987 0.634858
vt 0.892583 0.019341
vt 0.891881 0.018153
vt 0.890051 0.020996
vt 0.395646 0.353468
vt 0.396257 0.356715
vt 0.892363 0.021519
vt 0.893048 0.020557
vt 0.590922 0.958459
vt 0.591295 0.956188
vt 0.589046 0.956336
vt 0.529337 0.155614
vt 0.433022 0.330073
vt 0.433413 0.328857
vt 0.431498 0.330968
vt 0.796983 0.925925
vt 0.797610 0.924437
vt 0.795640 0.924903
vt 0.356357 0.031652
vt 0.355679 0.029998
vt 0.524083 0.325466
vt 0.524123 0.323826
vt 0.164521 0.714530
vt 0.160186 0.714803
vt 0.163607 0.715000
vt 0.968244 0.147649
vt 0.968597 0.145184
vt 0.967845 0.146486
vt 0.323232 0.482677
vt 0.324332 0.483260
vt 0.324037 0.482118
vt 0.039479 0.978812
vt 0.040723 0.980344
vt 0.041485 0.977890
vt 0.769481 0.595936
vt 0.767867 0.596316
vt 0.768954 0.598139
vt 0.113237 0.622046
vt 0.681124 0.061811
vt 0.679902 0.060565
vt 0.679735 0.061980
vt 0.076240 0.418009
vt 0.076434 0.419504
vt 0.077707 0.418583
vt 0.495063 0.078556
vt 0.492666 0.077251
vt 0.492461 0.078782
vt 0.075233 0.432560
vt 0.076665 0.433145
vt 0.076999 0.431735
vt 0.280797 0.606151
vt 0.278687 0.604125
vt 0.279321 0.607116
vt 0.281280 0.602813
vt 0.540682 0.791816
vt 0.540854 0.790452
vt 0.537949 0.790281
vt 0.717261 0.829332
vt 0.156607 0.547476
vt 0.077940 0.951078
vt 0.080233 0.949902
vt 0.076607 0.951058
vt 0.851083 0.922654
vt 0.853006 0.920044
vt 0.851690 0.920691
vt 0.451378 0.298409
vt 0.452704 0.299533
vt 0.452864 0.297194
vt 0.337533 0.785650
vt 0.876422 0.299219
vt 0.392662 0.242422
vt 0.393336 0.243491
vt 0.394372 0.242100
vt 0.060871 0.679772
vt 0.061035 0.681767
vt 0.116951 0.632529
vt 0.117429 0.632605
vt 0.433994 0.326138
vt 0.648788 0.563636
vt 0.742474 0.883766
vt 0.742739 0.882109
vt 0.741197 0.883170
vt 0.743687 0.882236
vt 0.845111 0.811909
vt 0.531360 0.711417
vt 0.528481 0.710389
vt 0.358082 0.024021
vt 0.538492 0.975894
vt 0.875290 0.244415
vt 0.699867 0.257406
vt 0.702032 0.257482
vt 0.387838 0.359211
vt 0.836270 0.132065
vt 0.233013 0.096553
vt 0.234110 0.097272
vt 0.233599 0.095706
vt 0.767245 0.585817
vt 0.765733 0.587146
vt 0.766977 0.589294
vt 0.391573 0.984389
vt 0.392020 0.983721
vt 0.390758 0.984337
vt 0.080240 0.950608
vt 0.083208 0.950431
vt 0.421282 0.720432
vt 0.423738 0.720858
vt 0.425707 0.719013
vt 0.959953 0.104142
vt 0.959673 0.103059
vt 0.958326 0.103637
vt 0.207678 0.903599
vt 0.206101 0.904647
vt 0.209044 0.905420
vt 0.854366 0.457884
vt 0.854654 0.459077
vt 0.856577 0.459928
vt 0.353590 0.408967
vt 0.355496 0.407380
vt 0.825521 0.808664
vt 0.824435 0.810166
vt 0.022921 0.517358
vt 0.023057 0.515702
vt 0.021992 0.516110
vt 0.035381 0.146486
vt 0.892556 0.233045
vt 0.941971 0.774902
vt 0.940423 0.775393
vt 0.940313 0.776540
vt 0.499652 0.676843
vt 0.495946 0.678264
vt 0.498931 0.678451
vt 0.278667 0.677684
vt 0.276958 0.677153
vt 0.273924 0.677890
vt 0.829373 0.019468
vt 0.828648 0.020052
vt 0.829853 0.021139
vt 0.003612 0.018091
vt 0.002812 0.017857
vt 0.004157 0.018080
vt 0.003420 0.013212
vt 0.392501 0.362838
vt 0.393289 0.364767
vt 0.156296 0.951527
vt 0.152828 0.953085
vt 0.157448 0.951358
vt 0.347168 0.403970
vt 0.551061 0.453249
vt 0.549411 0.453235
vt 0.549383 0.455460
vt 0.355717 0.009469
vt 0.108172 0.928644
vt 0.360643 0.014701
vt 0.360917 0.012881
vt 0.770892 0.539574
vt 0.769334 0.542002
vt 0.770764 0.542421
vt 0.359906 0.020630
vt 0.356779 0.019373
vt 0.775533 0.412512
vt 0.009615 0.301526
vt 0.008378 0.300881
vt 0.008414 0.302441
vt 0.019887 0.123844
vt 0.019717 0.125536
vt 0.021197 0.125731
vt 0.748137 0.502129
vt 0.747018 0.504156
vt 0.747725 0.504566
vt 0.596688 0.824059
vt 0.594195 0.822592
vt 0.594312 0.824177
vt 0.218859 0.143676
vt 0.219377 0.145170
vt 0.219511 0.145027
vt 0.219136 0.143827
vt 0.961205 0.368542
vt 0.960601 0.369664
vt 0.962067 0.372557
vt 0.705432 0.459726
vt 0.705059 0.458947
vt 0.487515 0.451364
vt 0.074943 0.055451
vt 0.074370 0.053734
vt 0.074147 0.054127
vt 0.492514 0.094051
vt 0.493154 0.094501
vt 0.687210 0.268316
vt 0.687381 0.268020
vt 0.588240 0.742196
vt 0.588954 0.741799
vt 0.745386 0.903662
vt 0.745495 0.903525
vt 0.059023 0.208305
vt 0.058344 0.208010
vt 0.056903 0.208883
vt 0.084133 0.931049
vt 0.084558 0.932524
vt 0.084798 0.932260
vt 0.085831 0.930392
vt 0.536441 0.159787
vt 0.419843 0.480592
vt 0.005764 0.018774
vt 0.423013 0.478911
vt 0.421018 0.481957
vt 0.118262 0.632503
vt 0.002284 0.017677
vt 0.085712 0.933098
vt 0.532745 0.165933
vt 0.818104 0.133756
vt 0.817051 0.134376
vt 0.818537 0.134689
vt 0.818604 0.134643
vt 0.611218 0.166354
vt 0.612344 0.165616
vt 0.610220 0.164681
vt 0.610474 0.165290
vt 0.111863 0.630292
vt 0.112819 0.630630
vn 0.9504 0.0016 -0.3109
vn 0.9491 -0.0092 -0.3148
vn 0.9471 -0.0114 -0.3206
vn 0.9476 -0.0083 -0.3193
vn 0.9428 -0.0235 -0.3325
vn 0.9412 -0.0153 -0.3375
vn 0.9394 -0.0066 -0.3427
vn 0.9374 -0.0004 -0.3482
vn 0.9350 0.0025 -0.3546
vn 0.9341 0.0016 -0.3570
vn 0.9339 0.0103 -0.3573
vn 0.9354 0.0044 -0.3535
vn 0.9339 0.0206 -0.3570
vn 0.9378 0.0263 -0.3463
vn 0.9272 0.0232 -0.3738
vn 0.9305 0.0475 -0.3631
vn 0.9466 0.0386 -0.3202
vn 0.9581 0.0399 -0.2838
vn 0.9573 0.0225 -0.2883
vn 0.9553 0.0152 -0.2954
vn 0.9529 0.0291 -0.3019
vn 0.9492 0.0257 -0.3138
vn 0.9538 0.0380 -0.2981
vn 0.9692 -0.0011 -0.2463
vn 0.9619 -0.0005 -0.2733
vn 0.9489 0.0033 -0.3154
vn -0.1472 -0.9891 -0.0031
vn 0.1972 -0.3224 0.9258
vn 0.1103 -0.9523 0.2844
vn 0.0239 0.5399 0.8414
vn -0.2303 0.5204 0.8223
vn -0.0706 0.9949 -0.0722
vn 0.3235 0.8800 0.3477
vn 0.3334 0.7830 0.5251
vn 0.2496 0.9158 -0.3147
vn -0.1685 0.2592 -0.9510
vn -0.2655 0.3919 -0.8809
vn 0.0088 0.9636 -0.2674
vn 0.9873 -0.1187 -0.1053
vn 0.5692 -0.1400 0.8102
vn 0.7151 0.1699 0.6781
vn -0.2153 0.9692 0.1193
vn -0.3542 0.9350 -0.0156
vn -0.2436 0.9697 -0.0200
vn 0.2089 0.9184 -0.3359
vn 0.2108 0.9020 0.3768
vn -0.1594 -0.7806 -0.6044
vn 0.4150 -0.6936 0.5887
vn -0.1392 -0.7613 -0.6333
vn 0.3050 -0.8494 0.4308
vn 0.3316 0.1456 0.9321
vn -0.0558 -0.8936 0.4453
vn 0.0959 -0.8499 0.5182
vn 0.2613 0.0810 0.9619
vn 0.2706 0.5208 0.8096
vn -0.3717 -0.3879 -0.8434
vn -0.3252 -0.2884 -0.9006
vn -0.3532 0.1723 -0.9195
vn 0.3154 -0.8841 0.3447
vn 0.0441 -0.9172 0.3959
vn -0.1118 -0.9525 -0.2834
vn 0.3894 -0.3414 0.8554
vn 0.3391 0.2662 0.9023
vn 0.0052 0.9310 0.3651
vn -0.0234 0.9721 0.2333
vn 0.1322 0.8538 0.5035
vn -0.1640 0.9865 0.0049
vn 0.2680 0.8479 0.4574
vn 0.0670 0.3270 0.9426
vn 0.3779 0.3738 0.8470
vn 0.3742 0.8907 -0.2580
vn -0.3050 0.1579 -0.9392
vn 0.1774 0.9841 0.0131
vn 0.1925 0.4250 0.8845
vn 0.2927 0.9439 0.1531
vn 0.1224 0.5539 0.8236
vn -0.0843 -0.9964 -0.0002
vn -0.0395 -0.9485 -0.3142
vn -0.2448 -0.9327 -0.2649
vn -0.1313 0.9824 -0.1325
vn -0.3005 0.8215 -0.4845
vn 0.2133 0.9331 0.2896
vn 0.1175 -0.9897 0.0815
vn 0.0651 -0.9966 0.0506
vn 0.1951 -0.4773 -0.8568
vn 0.0987 -0.9947 0.0290
vn -0.1103 -0.7191 -0.6861
vn -0.0523 -0.9941 -0.0952
vn 0.0127 -0.9771 0.2125
vn 0.0298 -0.9620 0.2715
vn -0.0337 -0.9748 0.2206
vn 0.0538 -0.9693 -0.2401
vn -0.1925 -0.7941 -0.5764
vn -0.0341 -0.9768 -0.2113
vn 0.2052 -0.4028 0.8920
vn -0.2971 0.8038 -0.5155
vn -0.1636 0.9864 0.0178
vn -0.3343 0.8333 -0.4402
vn 0.1671 0.8654 0.4724
vn 0.0677 0.8841 0.4624
vn -0.1718 0.9779 0.1193
vn 0.0936 -0.2739 0.9572
vn -0.3870 -0.9044 0.1796
vn 0.7559 -0.6540 -0.0314
vn -0.2721 -0.4097 -0.8707
vn 0.0489 -0.7707 -0.6353
vn -0.1736 0.9767 -0.1264
vn 0.1602 0.8092 0.5653
vn 0.1470 0.9514 -0.2707
vn 0.1081 0.8422 0.5282
vn 0.0953 0.8493 0.5193
vn 0.2252 0.3025 0.9261
vn 0.1959 -0.9453 0.2608
vn 0.2809 -0.9263 0.2509
vn 0.3640 -0.9111 0.1933
vn 0.3239 -0.7432 0.5854
vn 0.1110 0.9893 -0.0950
vn 0.0509 0.8633 0.5021
vn 0.0916 0.8571 0.5070
vn -0.3584 0.4004 -0.8433
vn -0.4472 -0.3250 -0.8333
vn -0.5900 -0.6380 -0.4948
vn 0.3397 0.5663 0.7509
vn 0.2638 0.9314 0.2509
vn -0.2495 0.2315 -0.9403
vn -0.1339 0.8937 -0.4282
vn -0.2589 -0.2991 -0.9184
vn 0.0537 -0.0898 -0.9945
vn 0.1438 0.1218 -0.9821
vn 0.0316 0.1330 -0.9906
vn 0.1895 0.8929 0.4085
vn -0.2250 -0.9518 -0.2084
vn 0.2417 -0.9119 0.3317
vn -0.1151 0.3998 -0.9094
vn 0.0214 -0.9920 -0.1248
vn 0.0390 -0.9992 -0.0022
vn 0.0936 -0.9864 -0.1347
vn -0.0091 0.9531 0.3025
vn 0.5289 -0.0386 0.8478
vn 0.1640 0.9661 0.1992
vn 0.1031 0.9317 0.3483
vn -0.0514 0.9809 0.1878
vn 0.0150 -0.9624 0.2712
vn -0.0536 -0.9736 0.2221
vn -0.0062 -0.9744 0.2247
vn -0.0170 -0.9989 0.0441
vn 0.0691 -0.9140 -0.3997
vn -0.0535 -0.9975 -0.0458
vn -0.8619 -0.2058 -0.4634
vn -0.9031 0.0610 -0.4250
vn -0.6553 0.2575 -0.7101
vn 0.0088 -0.2989 -0.9542
vn 0.3548 -0.0576 0.9332
vn 0.2987 -0.0714 0.9517
vn 0.1438 -0.5381 0.8305
vn 0.5184 0.8315 0.1996
vn 0.6999 0.7139 0.0223
vn 0.3465 0.9331 0.0960
vn 0.1020 0.9337 0.3433
vn -0.0588 0.8795 -0.4723
vn 0.4918 -0.0726 0.8677
vn 0.3100 0.0243 0.9504
vn 0.6077 0.1671 0.7764
vn 0.2941 0.7500 0.5925
vn 0.3425 0.7274 0.5946
vn -0.5869 0.7847 -0.1996
vn 0.1476 0.9255 0.3489
vn 0.1003 0.9919 0.0779
vn 0.3175 0.8216 0.4734
vn -0.1804 -0.6771 -0.7134
vn -0.2748 -0.2247 -0.9349
vn -0.3015 -0.3975 -0.8667
vn -0.0370 0.9424 -0.3326
vn 0.1024 0.8311 0.5466
vn 0.1090 -0.4650 0.8786
vn -0.3548 0.8402 -0.4101
vn -0.1296 0.9881 0.0826
vn 0.1943 0.8112 0.5515
vn -0.4569 0.8889 0.0331
vn -0.1439 0.7312 0.6668
vn -0.0914 0.9279 0.3615
vn 0.2884 0.6022 0.7444
vn -0.5882 0.7783 -0.2197
vn 0.1759 0.8312 -0.5274
vn 0.5670 0.8129 0.1331
vn -0.5540 0.1272 -0.8227
vn -0.5883 -0.1745 -0.7896
vn -0.5075 0.7519 -0.4208
vn -0.4282 0.0106 -0.9036
vn -0.4646 -0.1215 -0.8771
vn -0.3862 -0.3554 -0.8512
vn -0.4620 0.8701 -0.1717
vn 0.0079 0.3501 -0.9367
vn -0.0717 -0.2163 -0.9737
vn -0.0996 -0.9941 -0.0424
vn -0.0306 -0.9830 0.1808
vn -0.0753 -0.9959 0.0504
vn 0.2763 -0.7434 0.6091
vn -0.1376 -0.9333 -0.3318
vn -0.0913 -0.8941 -0.4385
vn -0.0866 0.9811 -0.1732
vn 0.2497 -0.9203 -0.3010
vn 0.3102 -0.9429 -0.1210
vn 0.1884 -0.9686 -0.1625
vn 0.1061 -0.9938 -0.0330
vn 0.1124 0.9906 0.0781
vn -0.0049 0.9987 -0.0500
vn 0.0009 0.9940 0.1096
vn -0.0407 -0.9850 -0.1677
vn -0.1918 -0.9042 -0.3817
vn -0.1732 0.6626 0.7286
vn 0.2626 -0.5072 0.8208
vn 0.5320 0.6970 0.4807
vn -0.0816 0.9965 0.0182
vn -0.1771 0.9842 0.0080
vn -0.1937 0.9787 0.0675
vn -0.3477 0.2258 -0.9100
vn -0.3419 0.2675 -0.9009
vn -0.3438 -0.7088 -0.6160
vn -0.7289 -0.2754 -0.6267
vn 0.8901 0.4342 -0.1385
vn 0.1064 -0.6970 -0.7092
vn -0.3123 0.1608 -0.9363
vn -0.3878 0.3884 -0.8359
vn -0.4925 0.8700 -0.0212
vn 0.0389 -0.1568 0.9869
vn 0.1267 0.2205 0.9671
vn 0.0562 -0.1025 0.9931
vn 0.2122 0.8031 0.5567
vn 0.0576 0.9323 0.3569
vn -0.1580 0.9874 -0.0015
vn -0.1841 0.9827 0.0190
vn 0.0284 0.6536 0.7563
vn 0.1242 -0.9240 0.3616
vn -0.1928 -0.6505 -0.7346
vn -0.1229 -0.8573 -0.5000
vn 0.0027 -0.9931 -0.1169
vn 0.1355 0.9884 0.0688
vn 0.1717 0.9686 -0.1798
vn 0.2283 0.9319 0.2820
vn -0.1726 0.3250 -0.9299
vn -0.0842 -0.4443 -0.8919
vn 0.2521 -0.9619 -0.1055
vn -0.3286 0.6538 -0.6816
vn -0.2917 0.8385 -0.4602
vn -0.0456 0.7383 0.6729
vn 0.0041 0.6977 -0.7164
vn -0.5733 0.6391 -0.5127
vn -0.3302 0.9420 0.0592
vn 0.1202 0.8626 0.4914
vn -0.0668 0.9963 -0.0549
vn 0.3178 0.3750 0.8709
vn -0.0454 -0.6900 -0.7224
vn -0.1878 -0.2355 -0.9536
vn -0.4777 -0.0300 -0.8780
vn -0.4033 0.1573 -0.9015
vn -0.2826 -0.7968 -0.5341
vn 0.6464 0.7346 0.2063
vn 0.2077 0.9006 -0.3818
vn 0.0817 0.9713 -0.2232
vn -0.2879 0.9501 -0.1198
vn -0.2670 0.8403 -0.4719
vn -0.0382 0.9896 0.1385
vn 0.1572 -0.9218 0.3543
vn 0.2305 -0.8841 0.4064
vn 0.1379 -0.9623 0.2344
vn 0.0224 -0.9985 0.0493
vn 0.1638 -0.8965 0.4117
vn 0.1813 -0.9692 0.1666
vn -0.0257 -0.9478 0.3178
vn 0.0048 -0.9362 0.3514
vn -0.2777 -0.8222 -0.4968
vn 0.2280 -0.6980 0.6788
vn 0.2779 -0.6218 0.7322
vn 0.0163 0.0645 -0.9978
vn 0.0796 0.7744 -0.6277
vn 0.0152 0.9967 0.0793
vn -0.4386 0.7414 -0.5080
vn 0.0684 0.9936 0.0896
vn -0.2603 0.9597 -0.1054
vn 0.1193 0.9889 0.0888
vn 0.1237 0.9917 -0.0349
vn -0.1546 0.8275 -0.5398
vn 0.6739 0.4112 0.6138
vn 0.6704 0.7416 -0.0259
vn -0.0777 0.9960 -0.0448
vn 0.0984 0.9263 0.3638
vn -0.0560 0.9737 0.2207
vn 0.0031 0.7194 0.6945
vn 0.1036 0.8838 0.4562
vn 0.0805 -0.9842 0.1577
vn 0.0630 -0.9612 0.2686
vn -0.3592 0.8235 -0.4391
vn -0.1956 0.9652 -0.1738
vn 0.9099 0.3838 -0.1574
vn 0.9253 0.3400 0.1679
vn -0.0115 -0.9802 -0.1977
vn -0.1972 -0.8302 -0.5214
vn -0.1162 -0.4568 -0.8820
vn 0.1813 -0.9261 0.3308
vn 0.2469 -0.8080 0.5350
vn 0.2302 0.8951 -0.3819
vn -0.3528 -0.2812 -0.8924
vn -0.3990 0.1049 -0.9109
vn -0.0896 -0.9800 0.1778
vn -0.0688 -0.9801 -0.1861
vn -0.0109 -0.9977 0.0671
vn -0.3032 0.5794 -0.7565
vn -0.1581 -0.7237 -0.6718
vn 0.2681 -0.6122 -0.7439
vn 0.3152 -0.8834 0.3469
vn 0.2889 0.6354 0.7161
vn 0.0850 0.9891 0.1206
vn -0.3372 0.7815 -0.5249
vn 0.1548 -0.3426 0.9266
vn 0.2548 -0.9207 0.2956
vn -0.1301 -0.9814 -0.1412
vn -0.1275 -0.9868 0.1003
vn -0.4220 -0.4737 -0.7730
vn -0.2813 -0.5691 -0.7727
vn 0.2387 -0.8515 0.4668
vn 0.1821 -0.8239 0.5367
vn 0.2616 -0.8358 0.4828
vn 0.1790 -0.7860 0.5918
vn 0.0027 -0.9554 -0.2953
vn -0.0948 -0.9262 -0.3650
vn 0.1724 0.9162 0.3617
vn 0.0218 0.9810 0.1930
vn -0.4441 -0.7432 -0.5004
vn -0.0841 -0.9847 -0.1524
vn 0.1931 0.8993 0.3923
vn 0.9742 -0.2258 0.0044
vn -0.0483 -0.9448 -0.3240
vn 0.0499 -0.9704 0.2363
vn 0.0184 -0.9902 -0.1381
vn 0.0021 -0.9877 -0.1565
vn 0.1463 -0.9874 0.0606
vn -0.1601 0.2484 -0.9553
vn -0.3969 -0.2666 -0.8783
vn 0.0909 -0.9674 0.2364
vn 0.3268 0.0493 0.9438
vn 0.1111 -0.9720 0.2073
vn -0.0051 0.6125 -0.7905
vn 0.2352 -0.3632 -0.9015
vn 0.0712 0.4612 -0.8844
vn 0.2395 -0.8812 0.4076
vn 0.2528 -0.7815 0.5703
vn -0.0233 -0.9867 0.1609
vn -0.4184 -0.6595 -0.6245
vn 0.0165 -0.9696 0.2440
vn 0.0256 -0.8530 -0.5213
vn -0.4170 -0.6716 -0.6124
vn 0.0890 0.8569 0.5078
vn -0.1495 0.9829 -0.1078
vn -0.3168 0.8822 -0.3485
vn 0.6991 -0.3831 0.6038
vn -0.4233 0.8313 -0.3602
vn -0.0351 0.4550 -0.8898
vn -0.2163 -0.5669 -0.7949
vn -0.6424 -0.5268 -0.5566
vn -0.6586 0.3975 -0.6389
vn -0.1572 -0.6251 -0.7646
vn -0.6374 0.6161 -0.4628
vn 0.0633 0.7976 0.5999
vn -0.2658 0.8569 -0.4417
vn -0.0573 0.9872 -0.1489
vn 0.0736 -0.8366 -0.5429
vn 0.1897 -0.9797 0.0641
vn -0.4803 0.8520 -0.2085
vn 0.3843 0.2340 0.8931
vn 0.0252 -0.9888 0.1468
vn 0.4339 0.8275 0.3564
vn 0.5036 0.8436 0.1862
vn 0.0366 0.9795 -0.1980
vn 0.2253 0.8297 0.5107
vn 0.2234 -0.9747 -0.0037
vn -0.1819 -0.9710 0.1551
vn -0.3962 0.2989 -0.8681
vn -0.0997 -0.8253 -0.5558
vn 0.0557 -0.8841 0.4639
vn -0.1019 -0.9932 0.0555
vn -0.4696 -0.7283 -0.4990
vn -0.0259 0.6850 -0.7280
vn -0.1524 0.5353 -0.8308
vn -0.2661 0.6172 -0.7405
vn 0.0190 -0.9892 -0.1456
vn -0.2572 -0.8163 -0.5172
vn 0.0057 -0.9022 -0.4312
vn -0.1224 -0.9301 -0.3463
vn -0.3016 0.7892 -0.5350
vn 0.4126 0.6792 0.6070
vn 0.9043 0.2587 0.3396
vn 0.2540 0.7306 0.6338
vn -0.0464 -0.9968 0.0658
vn -0.2934 -0.7554 -0.5859
vn -0.1944 -0.9620 -0.1917
vn -0.0834 0.8361 0.5421
vn -0.0152 -0.6207 0.7839
vn 0.1236 0.4461 0.8864
vn 0.1870 0.8752 0.4461
vn 0.8550 -0.4471 0.2626
vn -0.1242 -0.9446 -0.3039
vn -0.4201 -0.7082 -0.5675
vn -0.0940 -0.2393 -0.9664
vn -0.2077 0.9741 0.0888
vn 0.0699 -0.9451 0.3191
vn 0.1902 0.8540 0.4842
vn 0.1672 0.8802 0.4441
vn -0.5709 0.1928 -0.7981
vn -0.4923 0.8350 -0.2457
vn -0.1494 0.5229 -0.8392
vn -0.0376 0.7907 -0.6110
vn -0.4764 -0.1568 -0.8651
vn -0.1167 -0.8424 -0.5260
vn -0.3222 -0.4356 -0.8405
vn 0.2349 0.9624 0.1366
vn -0.0307 -0.8170 0.5758
vn 0.0346 -0.7147 0.6986
vn 0.1049 0.5723 0.8133
vn 0.3431 0.2414 0.9078
vn 0.4080 -0.8500 0.3331
vn 0.3043 -0.5722 0.7615
vn -0.6893 -0.7163 0.1091
vn -0.7563 -0.6519 -0.0551
vn -0.0248 -0.9714 -0.2362
vn -0.4002 -0.1148 -0.9092
vn -0.2114 -0.7280 -0.6521
vn 0.2287 0.9732 0.0229
vn 0.0790 0.9968 0.0145
vn 0.0412 -0.9870 0.1552
vn 0.0076 -0.9786 -0.2056
vn -0.0504 -0.9985 -0.0214
vn 0.1746 0.5647 0.8066
vn 0.5293 0.8123 0.2448
vn 0.1046 0.8836 0.4565
vn 0.0819 0.9455 0.3152
vn -0.4709 -0.0747 0.8790
vn 0.2843 0.1562 0.9459
vn -0.2955 0.0490 0.9541
vn 0.2014 0.9173 0.3437
vn 0.2478 0.8151 0.5237
vn 0.1304 0.3634 0.9225
vn 0.4210 -0.6073 0.6738
vn -0.4640 0.3041 -0.8320
vn -0.2678 -0.7729 -0.5752
vn -0.2047 -0.8094 -0.5505
vn 0.1351 0.5269 0.8392
vn -0.0149 -0.8774 0.4795
vn -0.1472 0.4928 -0.8576
vn -0.3939 0.9181 -0.0440
vn -0.9404 0.3368 0.0470
vn -0.5771 -0.2394 -0.7808
vn -0.2429 -0.7502 -0.6150
vn -0.1637 -0.7981 -0.5798
vn 0.3423 -0.9307 -0.1292
vn 0.0268 0.9729 0.2295
vn 0.3297 -0.8478 0.4153
vn 0.4962 -0.8247 0.2715
vn 0.9652 -0.1799 0.1900
vn -0.4187 0.7665 0.4870
vn -0.4065 0.7434 0.5311
vn 0.0335 0.9991 0.0277
vn 0.0546 -0.2908 0.9552
vn -0.4367 -0.7567 0.4865
vn 0.0886 -0.8811 0.4646
vn -0.2043 -0.8830 -0.4226
vn 0.1758 0.7759 0.6059
vn -0.1283 -0.9214 0.3669
vn -0.1978 -0.7735 -0.6022
vn -0.2279 0.2202 -0.9485
vn 0.0464 0.7308 0.6810
vn -0.2381 -0.5826 -0.7771
vn 0.6937 -0.0871 0.7149
vn 0.3114 -0.8551 0.4146
vn 0.4573 0.8753 0.1571
vn 0.0333 -0.9942 0.1018
vn 0.2967 0.8637 0.4074
vn 0.1865 0.5735 0.7977
vn 0.1144 0.6971 0.7078
vn 0.1865 0.8089 0.5576
vn -0.2200 0.7400 -0.6356
vn -0.4277 -0.2734 -0.8616
vn -0.8312 -0.4317 -0.3504
vn -0.9127 -0.1149 -0.3922
vn -0.0531 -0.5991 -0.7989
vn -0.1886 0.8056 0.5616
vn 0.3581 -0.7104 0.6059
vn -0.5817 0.6125 -0.5352
vn -0.2322 -0.6497 -0.7239
vn -0.0665 -0.9811 0.1816
vn 0.1377 0.6713 0.7283
vn 0.2047 -0.0795 0.9756
vn 0.3355 0.3958 0.8549
vn -0.1229 -0.8605 -0.4945
vn -0.0064 -0.9023 -0.4311
vn 0.1800 -0.6607 -0.7287
vn -0.1631 -0.3919 -0.9054
vn -0.0787 -0.7292 -0.6797
vn 0.2580 -0.5811 0.7718
vn -0.6575 -0.2531 -0.7097
vn -0.8637 -0.2405 -0.4430
vn 0.1860 0.4596 0.8685
vn -0.0960 -0.9810 -0.1689
vn 0.2795 0.9241 0.2607
vn 0.3405 0.3037 0.8899
vn 0.4841 0.8689 0.1036
vn 0.3103 0.9330 0.1821
vn -0.1716 -0.6120 -0.7720
vn 0.0480 0.8850 0.4631
vn -0.0881 -0.9380 -0.3352
vn 0.0284 -0.9314 -0.3629
vn -0.7957 0.6002 -0.0818
vn -0.5924 0.7701 -0.2367
vn 0.2705 -0.2084 0.9399
vn -0.1644 0.9057 -0.3908
vn -0.1836 -0.7315 -0.6567
vn -0.2216 0.6118 -0.7594
vn 0.1416 -0.7302 -0.6684
vn -0.3008 -0.4580 -0.8365
vn -0.0628 0.8339 0.5483
vn 0.2837 -0.2590 0.9233
vn -0.6666 0.0609 -0.7429
vn -0.1802 -0.7870 0.5901
vn -0.0799 0.5033 -0.8604
vn 0.3316 0.6063 0.7228
vn -0.0579 -0.4390 -0.8966
vn 0.0092 -0.6314 -0.7754
vn -0.6094 -0.7351 0.2970
vn -0.3843 0.3277 -0.8631
vn 0.2050 -0.7770 -0.5952
vn -0.7057 0.6873 0.1723
vn -0.5351 0.6939 0.4819
vn 0.6436 -0.3178 0.6963
vn -0.1319 -0.3002 0.9447
vn -0.5127 0.1141 0.8509
vn -0.2494 0.2534 0.9347
vn -0.2990 -0.3766 0.8768
vn -0.3866 -0.0129 0.9221
vn 0.7725 -0.3797 0.5090
vn 0.5727 -0.8187 0.0403
vn 0.2263 -0.8858 -0.4050
vn 0.0466 -0.9851 -0.1656
vn 0.1506 -0.5620 0.8133
vn -0.3754 0.6360 -0.6742
vn 0.2953 0.9553 -0.0148
vn 0.3303 0.9392 -0.0935
vn -0.8537 0.5175 -0.0580
vn -0.7692 0.6390 0.0031
vn -0.6206 0.4554 -0.6383
vn -0.6137 0.7193 -0.3254
vn 0.2756 0.0470 0.9601
vn 0.7353 0.2411 0.6334
vn -0.0451 0.0184 0.9988
vn 0.0687 0.7637 -0.6419
vn -0.5740 -0.1015 0.8125
vn -0.2516 -0.0914 0.9635
vn -0.4449 -0.4033 -0.7997
vn -0.2919 0.2615 0.9200
vn -0.5505 0.4251 0.7185
vn -0.5906 0.5379 0.6015
vn -0.1752 0.9485 0.2640
vn -0.3531 -0.4528 0.8187
vn -0.1144 -0.4646 0.8781
vn 0.1253 0.4059 0.9053
vn -0.8918 0.3349 -0.3041
usemtl sungaya_inexpectata_31mg
s off
f 503/1/1 507/2/2 488/3/3 486/4/4 484/5/5 506/6/6 487/7/7 502/8/8 489/9/9 501/10/10 492/11/11 491/12/12 483/13/13 499/14/14 500/15/15 497/16/16 505/17/17 496/18/18 494/19/19 495/20/20 482/21/21 504/22/22 490/23/23 498/24/24 493/25/25 485/26/26
s 1
f 346/27/27 113/28/28 221/29/29
f 141/30/30 16/31/31 23/32/32
f 284/33/33 28/34/34 316/35/35
f 176/36/36 95/37/37 455/38/38
f 148/39/39 232/40/40 9/41/41
f 49/42/42 246/43/43 267/44/44
f 26/45/45 28/34/34 36/46/46
f 57/47/47 56/48/48 58/49/49
f 62/50/50 244/51/51 63/52/52
f 69/53/53 71/54/54 70/55/55
f 59/56/56 78/57/57 77/58/58
f 81/59/59 72/60/60 142/61/61
f 66/62/62 82/63/63 67/64/64
f 88/65/65 233/66/66 43/67/67
f 360/68/68 219/69/69 325/70/70
f 108/71/71 101/72/72 74/73/73
f 377/74/74 110/75/75 109/76/76
f 116/77/77 27/78/78 115/79/79
f 120/80/80 121/81/81 363/82/82
f 131/83/83 132/84/84 99/85/85
f 133/86/86 107/87/87 89/88/88
f 119/89/89 134/90/90 252/91/91
f 136/92/92 138/93/93 137/94/94
f 141/95/30 17/96/95 16/97/31
f 462/98/96 145/99/97 144/100/98
f 147/101/99 353/102/100 171/103/101
f 34/104/102 113/105/28 149/106/103
f 476/107/104 472/108/105 162/109/106
f 170/110/107 171/111/101 375/112/108
f 376/113/109 178/114/110 177/115/111
f 56/116/48 439/117/112 298/118/113
f 466/119/114 352/120/115 334/121/116
f 324/122/117 196/123/118 237/124/119
f 202/125/120 201/126/121 197/127/122
f 211/128/123 36/129/46 128/130/124
f 213/131/125 214/132/126 394/133/127
f 370/134/128 217/135/129 224/136/130
f 249/137/131 36/138/46 211/139/123
f 344/140/132 115/79/79 230/141/133
f 5/142/134 324/143/117 110/144/75
f 235/145/135 102/146/136 33/147/137
f 66/62/62 446/148/138 436/149/139
f 383/150/140 236/151/141 156/152/142
f 338/153/143 168/154/144 1/155/145
f 55/156/146 248/157/147 52/158/148
f 522/159/149 509/160/150 315/161/151 329/162/152
f 276/163/153 251/164/154 153/165/155
f 195/166/156 327/167/157 256/168/158
f 363/82/82 39/169/159 166/170/160
f 261/171/161 47/172/162 30/173/163
f 210/174/164 209/175/165 80/176/166
f 27/177/78 116/178/77 33/179/137
f 146/180/167 135/181/168 79/182/169
f 266/183/170 58/49/49 62/184/50
f 45/185/171 78/186/57 60/187/172
f 25/188/173 367/189/174 196/190/118
f 325/191/70 219/192/69 192/193/175
f 215/194/176 468/195/177 94/196/178
f 279/197/179 355/198/180 278/199/181
f 15/200/182 88/201/65 381/202/183
f 317/203/184 285/204/185 284/33/33
f 286/205/186 405/206/187 411/207/188
f 444/208/189 287/209/190 407/210/191
f 185/211/192 246/43/43 279/212/179
f 212/213/193 245/214/194 224/136/130
f 291/215/195 169/216/196 292/217/197
f 66/62/62 67/64/64 446/148/138
f 301/218/198 18/219/199 8/220/200
f 108/221/71 307/222/201 101/223/72
f 72/224/60 308/225/202 71/226/54
f 32/227/203 31/228/204 312/229/205
f 318/230/206 61/231/207 130/232/208
f 282/233/209 295/234/210 248/235/147
f 302/236/211 222/237/212 14/238/213
f 328/239/214 38/240/215 123/241/216
f 44/242/217 101/223/72 331/243/218
f 75/244/219 329/162/152 259/245/220
f 327/167/157 195/166/156 330/246/221
f 245/214/194 97/247/222 224/136/130
f 44/242/217 386/248/223 322/249/224
f 44/242/217 322/249/224 321/250/225
f 340/251/226 339/252/227 129/253/228
f 200/254/229 182/255/230 233/256/66
f 242/257/231 186/258/232 130/259/208
f 129/260/228 299/261/233 251/164/154
f 38/262/215 49/263/42 123/264/216
f 105/265/234 294/266/235 116/267/77
f 345/268/236 240/269/237 344/270/132
f 452/271/238 263/272/239 347/273/240
f 351/274/241 95/37/37 270/275/242
f 352/276/115 466/277/114 127/278/243
f 267/279/44 54/280/244 438/281/245
f 147/282/99 467/283/246 353/284/100
f 315/285/151 350/286/247 441/287/248
f 246/288/43 49/289/42 343/290/249
f 178/291/110 10/292/250 258/293/251
f 48/294/252 39/295/159 363/296/82
f 409/297/253 201/126/121 223/298/254
f 361/299/255 480/300/256 362/301/257
f 12/302/258 365/303/259 364/304/260
f 344/140/132 116/305/77 115/79/79
f 304/306/261 456/307/262 368/308/263
f 124/309/264 159/310/265 126/311/266
f 226/312/267 220/313/268 76/314/269
f 372/315/270 119/316/89 373/317/271
f 220/318/268 314/319/272 76/320/269
f 173/321/273 276/163/153 174/322/274
f 217/135/129 479/323/275 332/324/276
f 233/256/66 23/325/32 374/326/277
f 310/327/278 297/328/279 243/329/280
f 91/330/281 297/328/279 310/327/278
f 11/331/282 10/332/250 178/333/110
f 377/74/74 347/334/240 177/335/111
f 177/335/111 347/334/240 263/336/239
f 381/337/183 43/338/67 382/339/283
f 120/340/80 38/341/215 328/342/214
f 330/343/221 195/344/156 385/345/284
f 256/346/158 327/347/157 13/348/285
f 256/349/158 13/350/285 387/351/286
f 7/352/287 145/353/97 205/354/288
f 281/355/289 83/356/290 237/357/119
f 124/358/264 125/359/291 254/360/292
f 165/361/293 156/362/142 389/363/294
f 13/364/285 327/365/157 391/366/295
f 391/367/295 327/368/157 392/369/296
f 346/370/27 27/78/78 227/371/297
f 227/372/297 27/373/78 33/374/137
f 408/375/298 60/376/172 154/377/299
f 189/378/300 41/379/301 159/380/265
f 26/45/45 36/381/46 100/382/302
f 36/138/46 249/137/131 100/383/302
f 392/384/296 9/41/41 391/385/295
f 46/386/303 336/387/304 45/388/171
f 18/389/199 326/390/305 8/391/200
f 289/392/306 119/393/89 204/394/307
f 397/395/308 45/185/171 349/396/309
f 267/44/44 246/43/43 54/397/244
f 400/398/310 25/399/173 107/400/87
f 341/401/311 115/79/79 27/78/78
f 341/401/311 27/78/78 221/402/29
f 182/403/230 200/404/229 24/405/312
f 30/406/163 244/51/51 265/407/313
f 47/408/162 244/51/51 30/406/163
f 405/409/187 407/410/191 406/411/314
f 334/412/116 192/413/175 396/414/315
f 334/412/116 191/415/316 192/413/175
f 137/416/94 226/417/267 76/418/269
f 53/419/317 271/420/318 52/421/148
f 482/422/319 495/20/320 154/423/299
f 175/424/321 41/379/301 42/425/322
f 223/426/254 397/395/308 409/427/253
f 174/428/274 153/429/155 204/430/307
f 85/431/323 312/432/205 410/433/324
f 172/434/325 309/435/326 410/433/324
f 337/436/327 203/437/328 145/438/97
f 271/439/318 53/440/317 399/441/329
f 61/442/207 297/443/279 328/444/214
f 295/234/210 52/421/148 248/235/147
f 296/445/330 52/421/148 295/234/210
f 321/446/225 170/447/107 44/448/217
f 129/260/228 251/164/154 340/449/226
f 411/207/188 412/450/331 310/451/278
f 413/452/332 148/453/39 392/454/296
f 57/47/47 58/49/49 414/455/333
f 414/456/333 253/457/334 416/458/335
f 212/213/193 317/459/184 316/460/35
f 419/461/336 189/462/300 188/463/337
f 99/464/85 133/465/86 131/466/83
f 498/467/338 490/23/339 77/58/58
f 460/468/340 280/469/341 122/470/342
f 422/471/343 421/472/344 348/473/345
f 42/474/322 112/475/346 403/476/347
f 227/477/297 167/478/348 226/479/267
f 420/480/349 167/481/348 102/482/136
f 155/483/350 63/52/52 47/408/162
f 326/484/305 53/485/317 8/486/200
f 228/487/351 75/244/219 425/488/352
f 455/489/38 426/490/353 258/491/251
f 10/492/250 455/489/38 258/491/251
f 427/493/354 323/494/355 135/495/168
f 148/39/39 354/496/356 232/40/40
f 381/497/183 88/498/65 43/499/67
f 53/419/317 52/421/148 296/445/330
f 328/500/214 368/501/263 120/502/80
f 167/503/348 362/504/257 220/505/268
f 120/506/80 357/507/357 121/508/81
f 107/509/87 133/510/86 400/511/310
f 422/512/343 348/513/345 157/514/358
f 99/515/85 422/512/343 157/514/358
f 165/516/293 304/517/261 156/518/142
f 351/274/241 258/519/251 95/37/37
f 392/520/296 330/246/221 413/521/332
f 461/522/359 433/523/360 432/524/361
f 229/525/362 198/526/363 197/127/122
f 201/126/121 229/525/362 197/127/122
f 434/527/364 435/528/365 333/529/366
f 135/181/168 203/530/328 79/182/169
f 105/531/234 275/532/367 294/533/235
f 366/534/368 76/320/269 314/535/272
f 314/535/272 112/536/346 366/534/368
f 28/34/34 26/45/45 316/35/35
f 361/537/255 362/301/257 469/538/369
f 265/407/313 261/539/161 30/406/163
f 436/540/139 437/541/370 298/118/113
f 104/542/371 134/90/90 119/89/89
f 184/543/372 183/544/373 358/545/374
f 302/236/211 17/546/95 222/237/212
f 17/547/95 302/548/211 16/549/31
f 258/550/251 377/551/74 177/552/111
f 193/553/375 146/180/167 79/182/169
f 112/554/346 42/555/322 262/556/376
f 168/557/144 207/558/377 1/559/145
f 331/243/218 307/222/201 401/560/378
f 62/50/50 298/561/113 437/562/370
f 107/563/87 106/564/379 89/565/88
f 117/566/380 84/567/381 106/568/379
f 181/569/382 117/570/380 106/571/379
f 503/1/383 485/26/384 234/572/385
f 231/573/386 474/574/387 394/575/127
f 387/576/286 279/197/179 278/199/181
f 404/577/388 445/578/389 122/579/342
f 193/553/375 194/580/390 94/581/178
f 457/582/391 184/583/372 93/584/392
f 241/585/393 13/586/285 391/385/295
f 419/587/336 366/588/368 112/589/346
f 45/185/171 336/590/304 78/186/57
f 252/591/91 134/592/90 388/593/394
f 389/594/294 156/595/142 205/596/288
f 388/597/394 292/598/197 252/599/91
f 236/600/141 205/601/288 156/602/142
f 236/603/141 7/604/287 205/605/288
f 135/606/168 146/607/167 333/608/366
f 60/187/172 408/609/298 395/610/395
f 60/187/172 395/610/395 45/185/171
f 402/611/396 287/612/190 444/613/189
f 185/614/192 54/615/244 246/616/43
f 423/617/397 355/618/180 343/619/249
f 372/620/270 168/621/144 338/622/143
f 418/623/398 269/624/399 82/625/63
f 82/625/63 439/626/112 418/623/398
f 479/323/275 217/135/129 370/134/128
f 90/627/400 347/334/240 377/74/74
f 224/136/130 217/135/129 317/459/184
f 189/628/300 159/629/265 124/309/264
f 400/398/310 157/514/358 25/399/173
f 345/630/236 445/578/389 404/577/388
f 413/631/332 158/632/401 148/633/39
f 148/633/39 158/632/401 354/634/356
f 72/60/60 68/635/402 142/61/61
f 27/78/78 346/370/27 221/402/29
f 399/636/329 118/637/403 393/638/404
f 326/639/305 118/640/403 399/641/329
f 437/642/370 446/643/138 180/644/405
f 124/645/264 254/646/292 239/647/406
f 127/648/243 32/649/203 352/650/115
f 111/651/407 290/652/408 337/653/327
f 294/654/235 331/243/218 401/560/378
f 260/655/409 441/287/248 238/656/410
f 164/657/411 260/655/409 238/656/410
f 342/658/412 164/657/411 238/656/410
f 361/299/255 378/659/413 480/300/256
f 100/660/302 249/661/131 25/662/173
f 25/662/173 249/661/131 367/663/174
f 355/664/180 299/665/233 278/666/181
f 95/37/37 258/519/251 426/667/353
f 119/89/89 252/91/91 373/668/271
f 188/669/337 414/670/333 208/671/414
f 41/379/301 189/672/300 262/673/376
f 84/674/381 117/675/380 326/676/305
f 18/677/199 84/567/381 326/678/305
f 449/679/415 52/680/148 271/681/318
f 451/682/416 272/683/417 4/684/418
f 451/682/416 448/685/419 272/683/417
f 451/682/416 4/684/418 3/686/420
f 312/229/205 97/687/222 132/688/84
f 1/689/145 2/690/421 277/691/422
f 1/689/145 277/691/422 338/692/143
f 513/693/423 519/694/424 190/695/425
f 189/696/300 253/697/334 188/698/337
f 376/699/109 263/700/239 452/701/238
f 177/702/111 263/703/239 376/704/109
f 371/705/426 229/525/362 311/706/427
f 317/707/184 332/708/276 187/709/428
f 317/707/184 187/709/428 285/710/185
f 130/711/208 397/712/308 300/713/429
f 130/259/208 186/258/232 397/714/308
f 255/715/430 134/716/90 125/359/291
f 388/717/394 134/716/90 255/715/430
f 130/718/208 300/719/429 318/720/206
f 169/721/196 291/722/195 395/723/395
f 51/724/431 204/725/307 153/726/155
f 150/727/432 240/728/237 404/729/388
f 337/730/327 290/731/408 203/530/328
f 96/732/433 15/733/182 113/105/28
f 114/734/434 96/735/433 113/736/28
f 114/737/434 15/738/182 96/739/433
f 147/740/99 171/741/101 225/742/435
f 225/743/435 455/744/38 87/745/436
f 87/746/436 455/747/38 10/748/250
f 530/749/437 218/750/438 527/751/439
f 210/174/164 80/176/166 79/182/169
f 79/752/169 290/753/408 210/754/164
f 406/755/314 463/756/440 236/757/141
f 178/114/110 376/758/109 11/759/282
f 11/760/282 376/761/109 453/762/441
f 63/52/52 244/51/51 47/408/162
f 240/763/237 105/764/234 116/178/77
f 80/765/166 194/580/390 79/182/169
f 363/766/82 268/767/442 273/768/443
f 454/769/444 61/770/207 318/771/206
f 455/38/38 213/131/125 176/36/36
f 213/131/125 455/38/38 214/772/126
f 386/773/223 264/774/445 442/775/446
f 396/776/315 192/777/175 218/778/438
f 219/779/69 218/780/438 192/781/175
f 324/122/117 83/782/290 109/76/76
f 83/782/290 90/783/400 109/76/76
f 65/784/447 19/785/448 281/786/289
f 214/132/126 171/787/101 322/249/224
f 313/788/449 5/142/134 393/789/404
f 340/790/226 251/791/154 276/792/153
f 61/793/207 328/794/214 242/795/231
f 130/232/208 61/231/207 242/796/231
f 121/508/81 357/507/357 456/797/262
f 319/798/450 121/508/81 456/797/262
f 132/799/84 422/800/343 99/801/85
f 421/472/344 422/471/343 132/802/84
f 258/519/251 351/274/241 110/144/75
f 459/803/451 371/705/426 431/804/452
f 212/805/193 348/806/345 421/807/344
f 266/808/170 6/809/453 216/810/454
f 6/811/453 136/92/92 216/812/454
f 163/813/455 127/648/243 228/814/351
f 382/815/283 374/816/277 14/817/213
f 460/468/340 17/96/95 141/95/30
f 47/408/162 261/539/161 155/483/350
f 92/818/456 297/819/279 91/820/281
f 221/821/29 14/822/213 222/823/212
f 430/824/457 354/825/356 335/826/458
f 464/827/459 158/828/401 413/829/332
f 529/830/460 521/831/461 358/832/374 465/833/462
f 514/834/463 518/835/464 466/836/114
f 32/227/203 85/837/323 191/838/316
f 85/839/323 32/840/203 312/841/205
f 105/842/234 320/843/465 274/844/466
f 428/845/467 281/846/289 301/847/198
f 70/848/55 71/849/54 467/850/246
f 70/851/55 458/852/468 69/853/53
f 92/854/456 368/855/263 297/856/279
f 297/856/279 368/855/263 328/857/214
f 56/858/48 418/859/398 439/860/112
f 231/861/386 143/862/469 282/863/209
f 100/864/302 348/513/345 212/213/193
f 337/865/327 145/866/97 7/867/287
f 181/868/382 384/869/470 313/788/449
f 118/870/403 181/868/382 313/788/449
f 304/871/261 368/872/263 156/873/142
f 156/874/142 368/875/263 92/876/456
f 366/877/368 419/878/336 136/879/92
f 136/92/92 419/880/336 216/812/454
f 34/104/102 434/881/364 113/105/28
f 113/105/28 434/881/364 114/882/434
f 257/883/471 323/884/355 435/885/365
f 257/886/471 155/483/350 261/539/161
f 186/887/232 267/888/44 438/889/245
f 123/890/216 267/891/44 186/892/232
f 462/98/96 165/893/293 389/894/294
f 165/893/293 462/98/96 180/895/405
f 95/37/37 40/896/472 449/897/415
f 434/881/364 34/104/102 22/898/473
f 434/881/364 22/898/473 21/899/474
f 317/900/184 284/901/33 316/902/35
f 439/860/112 436/903/139 298/904/113
f 184/905/372 358/906/374 206/907/475
f 21/908/474 257/909/471 434/910/364
f 111/911/407 7/604/287 236/912/141
f 111/911/407 337/730/327 7/604/287
f 397/395/308 349/396/309 409/427/253
f 122/579/342 142/61/61 150/913/432
f 122/579/342 81/59/59 142/61/61
f 300/719/429 454/914/444 318/720/206
f 300/915/429 198/916/363 454/917/444
f 78/57/57 59/56/56 60/376/172
f 420/918/349 469/538/369 362/301/257
f 215/919/176 469/538/369 420/918/349
f 430/920/457 335/921/458 207/922/377
f 207/923/377 335/924/458 1/155/145
f 254/925/292 134/90/90 104/542/371
f 254/925/292 104/542/371 390/926/476
f 294/654/235 275/927/367 331/243/218
f 398/928/477 470/929/478 280/930/341
f 280/469/341 470/931/478 81/932/59
f 140/933/479 339/934/227 385/935/284
f 246/936/43 343/937/249 355/938/180
f 94/939/178 468/940/177 199/941/480
f 402/942/396 314/943/272 287/612/190
f 163/813/455 97/944/222 31/945/204
f 249/137/131 65/946/447 367/189/174
f 364/947/260 185/948/192 387/949/286
f 279/212/179 387/950/286 185/211/192
f 378/951/413 73/952/481 424/953/482
f 480/954/256 378/955/413 424/956/482
f 52/421/148 449/957/415 55/958/146
f 55/959/146 449/960/415 40/961/472
f 519/962/424 526/963/483 75/964/219 190/965/425
f 526/966/483 534/967/484 75/244/219
f 402/968/396 417/969/485 403/476/347
f 437/562/370 244/51/51 62/50/50
f 24/970/312 200/971/229 307/972/201
f 108/973/71 24/970/312 307/972/201
f 372/974/270 169/975/196 168/976/144
f 33/977/137 116/978/77 294/979/235
f 144/980/98 323/981/355 29/982/486
f 268/983/442 269/984/399 288/985/487
f 332/324/276 164/657/411 342/658/412
f 190/986/425 228/987/351 127/988/243
f 197/989/122 198/990/363 202/991/120
f 262/992/376 189/993/300 419/994/336
f 435/995/365 427/996/354 135/997/168
f 185/998/192 364/999/260 247/1000/488
f 265/1001/313 180/1002/405 462/1003/96
f 447/1004/489 433/1005/360 175/1006/321
f 331/1007/218 275/1008/367 274/1009/466
f 150/1010/432 320/1011/465 240/1012/237
f 338/1013/143 173/1014/273 86/1015/490
f 86/1016/490 173/1017/273 174/1018/274
f 303/1019/491 280/469/341 460/468/340
f 283/1020/492 98/1021/493 211/1022/123
f 204/1023/307 372/974/270 86/1024/490
f 358/1025/374 183/1026/373 187/1027/428
f 187/1028/428 183/1029/373 285/204/185
f 70/1030/55 147/101/99 225/1031/435
f 416/1032/335 450/1033/494 57/1034/47
f 450/1035/494 179/1036/495 57/47/47
f 467/1037/246 147/1038/99 70/1039/55
f 176/36/36 40/896/472 95/37/37
f 125/1040/291 126/1041/266 255/1042/430
f 124/1043/264 126/1041/266 125/1040/291
f 479/323/275 152/1044/496 151/1045/497
f 379/1046/498 408/375/298 154/377/299
f 64/1047/499 98/1021/493 410/1048/324
f 523/1049/500 329/1050/152 532/1051/501
f 272/683/417 448/685/419 440/1052/502
f 291/1053/195 388/1054/394 35/1055/503
f 409/1056/253 291/1057/195 35/1058/503
f 332/324/276 317/459/184 217/135/129
f 208/1059/414 414/455/333 58/49/49
f 241/585/393 103/1060/504 12/1061/258
f 201/126/121 311/706/427 229/525/362
f 153/1062/155 50/1063/505 48/1064/252
f 369/1065/506 20/1066/507 284/1067/33
f 369/1068/506 360/1069/68 20/1070/507
f 373/1071/271 292/1072/197 169/1073/196
f 132/1074/84 245/1075/194 356/1076/508
f 132/1074/84 97/1077/222 245/1075/194
f 124/1078/264 239/1079/406 253/1080/334
f 264/1081/445 274/1082/466 320/1083/465
f 408/1084/298 207/558/377 168/1085/144
f 169/1086/196 408/1084/298 168/1085/144
f 311/1087/427 35/1088/503 255/1089/430
f 120/1090/80 166/1091/160 38/1092/215
f 38/1093/215 166/1094/160 39/1095/159
f 90/1096/400 477/1097/509 347/1098/240
f 161/1099/510 160/1100/511 450/1035/494
f 177/1101/111 178/291/110 258/293/251
f 137/1102/94 162/1103/106 227/1104/297
f 227/1105/297 226/1106/267 137/1107/94
f 416/1108/335 239/1109/406 390/1110/476
f 416/1111/335 390/1112/476 450/1035/494
f 54/1113/244 185/1114/192 234/1115/385
f 457/582/391 93/584/392 218/1116/438
f 98/1021/493 249/1117/131 211/1118/123
f 343/1119/249 49/1120/42 38/1121/215
f 106/1122/379 107/400/87 384/869/470
f 154/377/299 60/376/172 59/56/56
f 403/1123/347 112/1124/346 314/1125/272
f 326/678/305 399/636/329 53/419/317
f 153/165/155 251/164/154 50/1063/505
f 240/1126/237 116/305/77 344/140/132
f 520/1127/512 350/1128/247 516/1129/513
f 348/1130/345 100/1131/302 157/1132/358
f 48/1133/252 423/1134/397 39/295/159
f 5/142/134 313/788/449 324/143/117
f 203/530/328 290/731/408 79/182/169
f 111/1135/407 236/1136/141 463/1137/440
f 336/590/304 397/395/308 438/1138/245
f 56/1139/48 298/1140/113 58/1141/49
f 188/1142/337 253/1143/334 414/1144/333
f 45/1145/171 395/1146/395 349/1147/309
f 395/1148/395 291/1149/195 349/1150/309
f 230/1151/133 115/1152/79 341/1153/311
f 102/1154/136 167/1155/348 227/1156/297
f 237/124/119 196/123/118 367/1157/174
f 393/789/404 110/144/75 351/274/241
f 5/142/134 110/144/75 393/789/404
f 454/1158/444 243/1159/280 297/1160/279
f 297/1161/279 61/1162/207 454/1163/444
f 461/1164/359 431/1165/452 371/1166/426
f 264/774/445 386/773/223 44/1167/217
f 44/1167/217 274/1168/466 264/774/445
f 331/243/218 274/1169/466 44/242/217
f 340/1170/226 276/1171/153 293/1172/514
f 276/1173/153 277/1174/422 293/1175/514
f 152/1176/496 370/1177/128 97/1178/222
f 97/1179/222 370/1180/128 224/1181/130
f 384/869/470 305/1182/515 313/788/449
f 322/249/224 394/133/127 214/132/126
f 386/248/223 394/133/127 322/249/224
f 19/1183/448 65/1184/447 64/1047/499
f 377/1185/74 109/1186/76 90/1187/400
f 23/1188/32 302/1189/211 374/1190/277
f 16/31/31 302/1191/211 23/32/32
f 201/1192/121 202/991/120 223/1193/254
f 371/705/426 306/1194/516 461/1195/359
f 461/1164/359 306/1196/516 126/1197/266
f 166/1198/160 120/506/80 363/1199/82
f 126/1200/266 433/1201/360 461/1164/359
f 159/1202/265 433/1203/360 126/1204/266
f 175/1205/321 417/1206/485 447/1207/489
f 175/1208/321 42/1209/322 417/1210/485
f 429/1211/517 407/210/191 287/209/190
f 260/1212/409 259/245/220 315/161/151
f 474/1213/387 213/1214/125 394/1215/127
f 434/1216/364 333/1217/366 114/1218/434
f 429/1219/517 73/1220/481 463/1221/440
f 287/209/190 424/1222/482 429/1211/517
f 424/1223/482 73/1224/481 429/1225/517
f 242/1226/231 328/794/214 123/1227/216
f 234/1228/385 185/1229/192 247/1230/488
f 356/1231/508 245/1232/194 212/1233/193
f 176/36/36 474/1234/387 473/1235/518
f 474/1234/387 176/36/36 213/131/125
f 215/1236/176 401/1237/378 468/1238/177
f 215/919/176 415/1239/519 401/560/378
f 319/1240/450 471/1241/520 121/508/81
f 421/1242/344 356/1243/508 212/1244/193
f 85/1245/323 192/1246/175 191/1247/316
f 474/1248/387 231/1249/386 55/1250/146
f 55/1251/146 231/1252/386 248/1253/147
f 81/1254/59 308/1255/202 72/1256/60
f 208/1059/414 266/183/170 216/812/454
f 58/49/49 266/183/170 208/1059/414
f 208/1257/414 216/1258/454 419/1259/336
f 157/514/358 100/864/302 25/399/173
f 467/1260/246 71/1261/54 470/1262/478
f 435/1263/365 323/1264/355 427/996/354
f 135/1265/168 323/1266/355 203/1267/328
f 359/1268/521 192/1269/175 85/1270/323
f 77/1271/58 78/1272/57 54/1273/244
f 359/1274/521 211/1022/123 325/1275/70
f 359/1276/521 283/1277/492 211/128/123
f 325/1278/70 211/128/123 20/1279/507
f 20/1279/507 211/128/123 128/130/124
f 400/1280/310 133/465/86 99/464/85
f 461/1281/359 250/1282/522 431/1283/452
f 250/1284/522 461/1195/359 432/1285/361
f 250/1284/522 432/1285/361 310/451/278
f 460/1286/340 141/1287/30 303/1288/491
f 15/1289/182 14/1290/213 221/1291/29
f 181/868/382 106/1122/379 384/869/470
f 164/657/411 479/323/275 260/655/409
f 315/285/151 441/287/248 260/655/409
f 363/1199/82 121/508/81 471/1241/520
f 295/1292/210 458/1293/468 475/1294/523
f 69/1295/53 458/1296/468 295/1297/210
f 62/184/50 58/49/49 298/1298/113
f 57/47/47 414/455/333 416/1111/335
f 149/106/103 113/105/28 346/1299/27
f 138/1300/93 162/1103/106 137/1102/94
f 21/1301/474 162/1302/106 138/1303/93
f 162/1304/106 22/1305/473 476/1306/104
f 21/1307/474 22/1308/473 162/1309/106
f 333/1310/366 435/995/365 135/997/168
f 292/598/197 388/597/394 291/1311/195
f 395/1312/395 408/1313/298 169/1314/196
f 431/1315/452 250/1316/522 243/1317/280
f 411/1318/188 405/1319/187 406/1320/314
f 493/25/524 498/24/338 77/1321/58 234/572/385
f 234/1322/385 77/1323/58 54/1324/244
f 438/1138/245 54/1325/244 336/590/304
f 237/1326/119 367/663/174 281/786/289
f 225/1031/435 87/1327/436 139/1328/525
f 225/1031/435 139/1328/525 70/1030/55
f 114/1329/434 88/1330/65 15/1331/182
f 123/1332/216 186/1333/232 242/1334/231
f 336/590/304 54/1325/244 78/186/57
f 494/19/526 496/18/527 379/1046/498 154/377/299
f 143/1335/469 394/1336/127 386/1337/223
f 149/1338/103 472/1339/105 476/1340/104
f 391/1341/295 9/1342/41 241/1343/393
f 518/1344/464 538/1345/528 190/1346/425 466/1347/114
f 204/1348/307 119/1349/89 372/1350/270
f 444/613/189 443/1351/529 417/1352/485
f 444/613/189 417/1352/485 402/611/396
f 17/96/95 230/1353/133 222/823/212
f 399/1354/329 270/1355/242 271/1356/318
f 399/1357/329 393/789/404 351/274/241
f 270/275/242 399/1357/329 351/274/241
f 186/1358/232 438/1138/245 397/395/308
f 75/1359/219 228/1360/351 190/1361/425
f 94/1362/178 194/1363/390 469/1364/369
f 72/1365/60 71/54/54 69/53/53
f 68/1366/402 72/1367/60 69/1368/53
f 464/1369/459 413/521/332 330/246/221
f 21/1370/474 138/1371/93 155/1372/350
f 118/1373/403 117/1374/380 181/1375/382
f 202/1376/120 300/1377/429 397/395/308
f 300/1377/429 202/1376/120 198/916/363
f 159/1378/265 175/1379/321 433/1380/360
f 41/379/301 175/424/321 159/380/265
f 479/1381/275 370/1382/128 152/1383/496
f 25/1384/173 196/1385/118 305/1386/515
f 410/1387/324 309/1388/326 64/1389/499
f 171/1390/101 353/1391/100 375/1392/108
f 481/1393/530 362/1394/257 480/1395/256
f 137/1396/94 76/1397/269 136/1398/92
f 403/1399/347 417/1210/485 42/1209/322
f 388/1400/394 255/1401/430 35/1055/503
f 31/1402/204 32/1403/203 163/1404/455
f 163/1404/455 32/1403/203 127/1405/243
f 241/1406/393 12/1407/258 13/1408/285
f 423/1409/397 50/1410/505 355/1411/180
f 339/1412/227 140/1413/479 129/1414/228
f 299/1415/233 129/1416/228 140/1417/479
f 332/1418/276 342/1419/412 187/1420/428
f 64/1047/499 65/1184/447 98/1021/493
f 98/1021/493 65/1184/447 249/1117/131
f 246/936/43 355/938/180 279/1421/179
f 392/1422/296 327/1423/157 330/1424/221
f 10/1425/250 11/759/282 87/1327/436
f 12/1061/258 364/1426/260 387/1427/286
f 387/1427/286 13/586/285 12/1061/258
f 231/1428/386 394/1336/127 143/1335/469
f 324/1429/117 237/1430/119 83/1431/290
f 353/284/100 470/1432/478 375/1433/108
f 353/1434/100 467/1435/246 470/1436/478
f 375/1437/108 470/1438/478 398/1439/477
f 182/1440/230 23/1441/32 233/1442/66
f 43/1443/67 233/1444/66 374/1445/277
f 43/1443/67 374/1445/277 382/1446/283
f 419/1447/336 188/669/337 208/671/414
f 256/1448/158 387/1449/286 278/1450/181
f 158/1451/401 2/1452/421 335/1453/458
f 407/210/191 405/206/187 444/208/189
f 444/208/189 405/206/187 443/1454/529
f 443/1454/529 405/206/187 286/205/186
f 331/243/218 101/223/72 307/222/201
f 91/1455/281 383/1456/140 92/1457/456
f 383/1458/140 156/1459/142 92/1460/456
f 191/1461/316 352/1462/115 32/227/203
f 334/1463/116 352/1464/115 191/1465/316
f 195/1466/156 256/1467/158 278/1468/181
f 158/1469/401 464/1470/459 277/691/422
f 277/691/422 2/690/421 158/1469/401
f 252/1471/91 292/1472/197 373/1473/271
f 51/1474/431 273/1475/443 160/1476/511
f 306/1477/516 255/1478/430 126/1479/266
f 306/1480/516 311/1481/427 255/1482/430
f 371/705/426 311/706/427 306/1194/516
f 476/1483/104 34/104/102 149/106/103
f 22/898/473 34/104/102 476/1484/104
f 333/1485/366 146/1486/167 88/1487/65
f 114/1488/434 333/529/366 88/1489/65
f 104/1490/371 289/392/306 161/1491/510
f 390/1492/476 104/1493/371 161/1494/510
f 40/896/472 176/36/36 473/1235/518
f 338/1495/143 86/1496/490 372/620/270
f 75/244/219 259/245/220 425/488/352
f 425/488/352 259/245/220 260/1212/409
f 425/488/352 260/1212/409 151/1497/497
f 68/1498/402 69/1499/53 295/234/210
f 282/233/209 68/1498/402 295/234/210
f 312/229/205 132/688/84 131/1500/83
f 238/1501/410 358/1502/374 342/658/412
f 342/1503/412 358/545/374 187/1504/428
f 372/974/270 373/668/271 169/975/196
f 107/400/87 25/399/173 305/1182/515
f 384/869/470 107/400/87 305/1182/515
f 510/1505/531 536/1506/532 465/1507/462
f 360/1508/68 183/1509/373 457/1510/391
f 360/1069/68 369/1068/506 183/1029/373
f 285/1511/185 183/1512/373 369/1513/506
f 70/848/55 139/1514/525 458/1515/468
f 223/1516/254 202/1376/120 397/395/308
f 499/1517/533 483/13/534 354/1518/356
f 474/1248/387 55/1250/146 473/1519/518
f 55/1250/146 40/1520/472 473/1519/518
f 141/1521/30 182/1522/230 303/1523/491
f 398/1524/477 303/1525/491 182/1526/230
f 420/1527/349 102/1528/136 235/1529/135
f 267/1530/44 123/1531/216 49/1532/42
f 65/784/447 281/786/289 367/663/174
f 415/1533/519 294/1534/235 401/1535/378
f 406/1536/314 407/1537/191 429/1538/517
f 501/1539/535 489/9/536 9/41/41
f 512/1540/537 396/414/315 531/1541/538
f 451/1542/416 376/699/109 452/701/238
f 48/1064/252 273/1543/443 153/1062/155
f 153/1544/155 273/1545/443 51/1546/431
f 286/1547/186 447/1548/489 443/1351/529
f 406/1549/314 429/1550/517 463/1551/440
f 362/1552/257 481/1553/530 220/1554/268
f 90/1555/400 83/1556/290 428/1557/467
f 143/1558/469 442/1559/446 150/1560/432
f 109/1561/76 110/1562/75 324/1563/117
f 100/864/302 212/213/193 26/1564/45
f 86/1565/490 174/1566/274 204/1567/307
f 455/1568/38 225/1569/435 214/1570/126
f 210/174/164 111/911/407 209/175/165
f 290/652/408 111/651/407 210/1571/164
f 463/1572/440 209/1573/165 111/911/407
f 329/162/152 315/161/151 259/245/220
f 131/1574/83 410/433/324 312/432/205
f 354/1575/356 158/1576/401 335/1577/458
f 522/1578/149 329/1050/152 523/1049/500
f 286/1547/186 432/1579/361 447/1548/489
f 432/1580/361 433/1581/360 447/1582/489
f 21/899/474 155/483/350 257/886/471
f 240/1583/237 320/1584/465 105/265/234
f 257/1585/471 261/1586/161 29/1587/486
f 323/1588/355 257/1589/471 29/1590/486
f 420/1591/349 362/504/257 167/503/348
f 222/823/212 230/1353/133 341/1592/311
f 221/821/29 222/823/212 341/1592/311
f 376/699/109 451/1593/416 453/1594/441
f 453/1595/441 451/1596/416 3/1597/420
f 192/1598/175 359/1599/521 325/1278/70
f 336/590/304 46/1600/303 397/395/308
f 46/1600/303 45/185/171 397/395/308
f 466/1601/114 190/1602/425 127/1603/243
f 462/98/96 389/894/294 145/99/97
f 389/1604/294 205/1605/288 145/1606/97
f 119/1607/89 289/1608/306 104/1609/371
f 452/701/238 448/1610/419 451/1542/416
f 477/1611/509 440/1612/502 448/1613/419
f 477/1611/509 448/1613/419 452/1614/238
f 142/1615/61 143/1616/469 150/1617/432
f 150/913/432 404/577/388 122/579/342
f 160/1476/511 161/1491/510 51/1474/431
f 161/1491/510 289/392/306 51/1474/431
f 340/449/226 293/1618/514 339/1619/227
f 293/1618/514 385/1620/284 339/1619/227
f 82/1621/63 269/1622/399 268/1623/442
f 360/1069/68 457/582/391 218/1624/438
f 360/1069/68 218/1624/438 219/1625/69
f 167/1626/348 220/1627/268 226/1628/267
f 144/100/98 145/99/97 323/1588/355
f 203/1629/328 323/1588/355 145/99/97
f 273/1630/443 268/1631/442 288/1632/487
f 374/1633/277 302/1634/211 14/1635/213
f 332/324/276 479/323/275 164/657/411
f 310/1636/278 412/1637/331 91/1638/281
f 142/1639/61 68/1640/402 282/1641/209
f 142/1642/61 282/863/209 143/862/469
f 174/322/274 276/163/153 153/165/155
f 309/435/326 84/567/381 18/677/199
f 309/435/326 18/677/199 19/1643/448
f 89/1644/88 84/567/381 309/435/326
f 365/1645/259 234/572/385 364/1646/260
f 364/1647/260 234/1648/385 247/1649/488
f 184/583/372 457/582/391 183/1029/373
f 285/1650/185 369/1651/506 284/1652/33
f 84/1653/381 89/565/88 106/564/379
f 214/1654/126 225/1655/435 171/1656/101
f 24/970/312 170/110/107 375/1657/108
f 88/1658/65 199/1659/480 233/1660/66
f 266/1661/170 62/1662/50 63/1663/52
f 357/1664/357 120/1665/80 456/1666/262
f 120/1667/80 368/1668/263 456/1669/262
f 423/1670/397 343/1671/249 39/1672/159
f 39/1673/159 343/1674/249 38/1675/215
f 500/15/539 430/1676/457 497/16/540
f 319/1677/450 67/1678/64 82/1679/63
f 496/1680/527 505/17/541 380/1681/542 379/1682/498
f 207/922/377 380/1683/542 430/920/457
f 335/1684/458 2/1685/421 1/1686/145
f 478/1687/543 160/1688/511 288/1689/487
f 273/1690/443 288/1691/487 160/1692/511
f 254/1693/292 390/1694/476 239/1695/406
f 180/1696/405 265/1697/313 244/1698/51
f 409/1699/253 349/1700/309 291/1701/195
f 94/1702/178 199/1703/480 88/1704/65
f 146/1705/167 94/1706/178 88/1707/65
f 446/1708/138 67/1709/64 37/1710/544
f 480/1711/256 287/209/190 481/1712/530
f 287/209/190 480/1711/256 424/1222/482
f 235/1713/135 415/1714/519 420/1715/349
f 420/1716/349 415/1239/519 215/919/176
f 113/105/28 15/733/182 221/821/29
f 294/1717/235 415/1533/519 235/1713/135
f 33/1718/137 294/1719/235 235/1720/135
f 274/1721/466 275/1722/367 105/1723/234
f 71/226/54 81/932/59 470/931/478
f 71/226/54 308/225/202 81/932/59
f 11/1724/282 139/1725/525 87/1726/436
f 478/1727/543 288/1728/487 269/984/399
f 227/1729/297 33/1730/137 102/1731/136
f 253/1143/334 239/1109/406 416/1732/335
f 37/1733/544 304/1734/261 165/893/293
f 212/213/193 224/136/130 317/459/184
f 41/1735/301 262/556/376 42/555/322
f 128/1736/124 28/1737/34 20/1738/507
f 36/1739/46 28/1740/34 128/130/124
f 28/34/34 284/33/33 20/1070/507
f 363/1741/82 273/1742/443 48/1064/252
f 243/1743/280 454/1744/444 459/1745/451
f 459/1746/451 454/1747/444 371/1748/426
f 229/525/362 454/1749/444 198/526/363
f 371/1750/426 454/1751/444 229/1752/362
f 251/164/154 355/1753/180 50/1063/505
f 355/1753/180 251/164/154 299/261/233
f 442/1559/446 143/1335/469 386/1754/223
f 338/692/143 277/691/422 173/321/273
f 173/321/273 277/691/422 276/163/153
f 464/1755/459 293/1618/514 277/691/422
f 293/1618/514 464/1755/459 385/1620/284
f 418/1756/398 179/1757/495 478/1758/543
f 160/1759/511 179/1760/495 450/1761/494
f 478/1762/543 179/1760/495 160/1759/511
f 296/445/330 295/234/210 4/1763/418
f 296/1764/330 4/684/418 272/683/417
f 9/41/41 392/384/296 148/39/39
f 240/1765/237 345/1766/236 404/1767/388
f 265/1768/313 462/1769/96 144/1770/98
f 464/1771/459 330/246/221 385/1772/284
f 486/1773/545 488/3/546 365/1645/259 103/1774/504
f 460/468/340 230/1353/133 17/96/95
f 460/1775/340 344/140/132 230/141/133
f 460/1775/340 345/630/236 344/140/132
f 345/630/236 460/1775/340 445/578/389
f 20/1279/507 360/1776/68 325/1278/70
f 170/1777/107 321/1778/225 171/1779/101
f 310/451/278 432/1285/361 286/1780/186
f 286/1780/186 411/207/188 310/451/278
f 89/1644/88 172/434/325 133/1781/86
f 402/1782/396 403/1783/347 314/1784/272
f 26/1564/45 212/213/193 316/460/35
f 195/1785/156 140/1786/479 385/1772/284
f 278/1787/181 299/1788/233 140/1789/479
f 140/1786/479 195/1785/156 278/1790/181
f 437/1791/370 436/149/139 446/148/138
f 520/1127/512 511/1792/547 441/1793/248 350/1128/247
f 441/1794/248 358/1795/374 238/1796/410
f 511/1792/547 535/1797/548 358/1798/374 441/1793/248
f 322/249/224 171/787/101 321/250/225
f 452/1799/238 347/1800/240 477/1801/509
f 423/1134/397 48/1133/252 50/1802/505
f 436/149/139 439/1803/112 66/62/62
f 439/1803/112 82/63/63 66/62/62
f 458/852/468 3/686/420 475/1804/523
f 3/686/420 4/684/418 475/1804/523
f 280/930/341 303/1805/491 398/928/477
f 409/1699/253 35/1806/503 311/1481/427
f 409/297/253 311/706/427 201/126/121
f 125/359/291 134/716/90 254/360/292
f 269/1807/399 418/1808/398 478/1809/543
f 124/645/264 253/1810/334 189/1811/300
f 443/1351/529 447/1812/489 417/1352/485
f 257/1813/471 435/1814/365 434/1815/364
f 182/1816/230 141/1817/30 23/1818/32
f 101/1819/72 44/1820/217 74/1821/73
f 265/1822/313 144/1823/98 29/1824/486
f 481/1825/530 314/1826/272 220/1827/268
f 481/1712/530 287/209/190 314/1828/272
f 442/1829/446 264/1830/445 320/1831/465
f 122/470/342 280/469/341 81/932/59
f 99/1832/85 157/1833/358 400/1834/310
f 477/1835/509 90/1836/400 428/1837/467
f 440/1838/502 477/1097/509 428/1839/467
f 428/1837/467 301/1840/198 440/1841/502
f 228/1842/351 151/1843/497 152/1844/496
f 425/488/352 151/1497/497 228/1845/351
f 63/1846/52 155/1847/350 266/1848/170
f 266/1848/170 155/1847/350 6/811/453
f 29/1849/486 261/1850/161 265/1851/313
f 295/234/210 475/1852/523 4/1853/418
f 231/1252/386 282/1854/209 248/1855/147
f 85/1856/323 410/1857/324 283/1858/492
f 283/1859/492 410/1860/324 98/1861/493
f 162/1103/106 472/1339/105 346/370/27
f 346/370/27 227/1104/297 162/1103/106
f 83/1862/290 281/1863/289 428/1864/467
f 194/580/390 193/553/375 79/182/169
f 366/1865/368 136/1866/92 76/1867/269
f 243/1868/280 250/1869/522 310/1870/278
f 479/323/275 151/1871/497 260/655/409
f 24/1872/312 74/1873/73 170/1874/107
f 170/1875/107 74/1876/73 44/1877/217
f 108/1878/71 74/1879/73 24/1880/312
f 378/1881/413 194/1882/390 80/1883/166
f 361/1884/255 194/1885/390 378/1886/413
f 469/1887/369 194/1885/390 361/1884/255
f 163/1888/455 152/1889/496 97/1890/222
f 163/813/455 228/814/351 152/1891/496
f 307/222/201 468/1892/177 401/560/378
f 67/1893/64 319/1894/450 37/1895/544
f 37/1896/544 319/1897/450 456/1898/262
f 379/1899/498 380/1900/542 207/1901/377
f 207/558/377 408/1084/298 379/1902/498
f 118/870/403 313/788/449 393/789/404
f 326/676/305 117/675/380 118/1903/403
f 262/1904/376 419/1905/336 112/1906/346
f 469/1907/369 215/1908/176 94/939/178
f 508/1909/549 524/1910/550 350/286/247
f 138/93/93 6/811/453 155/1911/350
f 6/811/453 138/93/93 136/92/92
f 244/1698/51 437/1912/370 180/1696/405
f 14/1913/213 381/1914/183 382/1915/283
f 381/1914/183 14/1913/213 15/1916/182
f 243/1317/280 459/1917/451 431/1315/452
f 356/1918/508 421/1919/344 132/84/84
f 272/1920/417 53/419/317 296/445/330
f 139/1514/525 453/1921/441 458/1515/468
f 453/1922/441 3/686/420 458/852/468
f 11/1724/282 453/1923/441 139/1924/525
f 258/491/251 110/1925/75 377/74/74
f 440/1052/502 301/847/198 272/683/417
f 199/1703/480 200/1926/229 233/256/66
f 346/370/27 472/1339/105 149/1338/103
f 161/1927/510 450/1928/494 390/1929/476
f 150/1930/432 442/1931/446 320/1932/465
f 449/897/415 270/275/242 95/37/37
f 271/1933/318 270/1934/242 449/1935/415
f 289/392/306 204/394/307 51/1474/431
f 82/1936/63 471/1937/520 319/1894/450
f 268/1623/442 363/1938/82 471/1939/520
f 268/1623/442 471/1939/520 82/1940/63
f 312/1941/205 31/1942/204 97/1943/222
f 85/1944/323 283/1945/492 359/1946/521
f 456/797/262 304/1734/261 37/1733/544
f 468/1947/177 307/1948/201 200/1949/229
f 468/1950/177 200/971/229 199/1951/480
f 165/1952/293 180/1953/405 446/1708/138
f 446/1954/138 37/1955/544 165/1956/293
f 19/1957/448 18/219/199 301/218/198
f 301/847/198 281/846/289 19/1958/448
f 182/1959/230 24/1960/312 375/1961/108
f 182/1962/230 375/1963/108 398/1964/477
f 209/1965/165 73/1966/481 80/1967/166
f 463/1968/440 73/1969/481 209/1970/165
f 426/667/353 455/38/38 95/37/37
f 525/1971/551 93/584/392 515/1972/552
f 528/1973/553 93/584/392 525/1971/551
f 93/584/392 184/583/372 206/1974/475
f 196/123/118 324/1975/117 305/1976/515
f 305/1182/515 324/143/117 313/788/449
f 445/1977/389 460/1978/340 122/1979/342
f 146/1705/167 193/1980/375 94/1706/178
f 172/1981/325 131/1982/83 133/1983/86
f 410/433/324 131/1984/83 172/434/325
f 378/951/413 80/1985/166 73/952/481
f 309/435/326 19/1986/448 64/1987/499
f 103/1988/504 365/1989/259 12/1990/258
f 172/434/325 89/1644/88 309/435/326
f 272/1920/417 301/1991/198 8/1992/200
f 272/1920/417 8/1992/200 53/419/317
f 91/1638/281 412/1637/331 383/1993/140
f 383/1994/140 412/1995/331 411/1996/188
f 383/1997/140 406/1998/314 236/1999/141
f 383/2000/140 411/2001/188 406/2002/314
f 56/2003/48 179/2004/495 418/2005/398
f 56/2003/48 57/1034/47 179/2004/495
f 234/2006/385 365/2007/259 507/2008/554 503/2009/383
f 430/2010/457 500/2011/539 499/14/533 354/2012/356
f 430/1676/457 380/2013/542 505/2014/541 497/16/540
f 154/377/299 495/2015/320 494/19/526
f 9/2016/41 232/2017/40 492/2018/555 501/10/535
f 232/2019/40 491/2020/556 492/11/555
f 77/58/58 490/23/339 504/22/557 59/56/56
f 9/41/41 489/9/536 502/8/558
f 365/2021/259 488/2022/546 507/2/554
f 9/41/41 502/8/558 487/7/559 241/585/393
f 103/1060/504 241/585/393 487/7/559 506/6/560
f 234/572/385 485/26/384 493/25/524
f 103/2023/504 506/2024/560 484/5/561
f 103/2025/504 484/2026/561 486/4/545
f 354/2027/356 483/2028/534 491/12/556 232/2029/40
f 59/56/56 504/22/557 482/21/319 154/377/299
f 334/2030/116 539/2031/562 533/2032/563 466/2033/114
f 75/244/219 534/967/484 532/2034/501 329/162/152
f 396/414/315 218/750/438 530/749/437 531/1541/538
f 465/833/462 536/2035/532 529/830/460
f 218/1116/438 93/584/392 528/1973/553 527/2036/439
f 206/2037/475 358/832/374 521/831/461 537/2038/564
f 350/286/247 524/1910/550 516/2039/513
f 93/584/392 206/1974/475 537/2040/564 515/1972/552
f 466/2033/114 533/2032/563 514/2041/463
f 190/695/425 538/2042/528 513/693/423
f 334/2043/116 396/2044/315 512/2045/537 539/2046/562
f 465/2047/462 358/2048/374 535/2049/548 510/2050/531
f 315/285/151 509/2051/150 517/2052/565 350/286/247
f 350/286/247 517/2052/565 508/1909/549
f 539/2046/562 512/2045/537 531/1541/538 530/749/437 527/751/439 528/1973/553 525/1971/551 515/1972/552 537/2040/564 521/831/461 529/830/460 536/2035/532 510/1505/531 535/2049/548 511/1792/547 520/1127/512 516/1129/513 524/1910/550 508/1909/549 517/2052/565 509/2051/150 522/159/149 523/1049/500 532/1051/501 534/967/484 526/966/483 519/962/424 513/693/423 538/2042/528 518/1344/464 514/834/463 533/2032/563
