# Blender v2.79 (sub 0) OBJ File: 'redo_fixed_360_joints.blend'
# www.blender.org
mtllib sungaya_inexpectata_31mg.mtl
o 11-a6_Sungaya_inexpectata_31mg.024
v 0.000482 -0.000105 -0.000534
v 0.000507 -0.000216 -0.000488
v 0.000254 0.000155 0.000609
v 0.000343 0.000487 0.000448
v 0.000422 -0.000376 -0.000496
v 0.000368 -0.000447 -0.000480
v 0.000126 -0.000251 0.000670
v 0.000385 -0.000175 0.000549
v 0.000449 0.000260 -0.000490
v 0.000022 0.000556 -0.000551
v 0.000529 -0.000096 0.000417
v 0.000304 0.000171 -0.000619
v 0.000091 -0.000066 0.000658
v 0.000510 0.000510 0.000253
v 0.000561 0.000437 0.000217
v 0.000243 0.000511 0.000517
v 0.000176 0.000551 0.000535
v 0.000656 0.000165 -0.000157
v 0.000047 0.000133 0.000641
v 0.000128 0.000134 0.000633
v 0.000353 0.000518 -0.000470
v 0.000456 0.000426 -0.000432
v 0.000465 -0.000459 0.000467
v 0.000051 0.000268 0.000625
v 0.000433 0.000211 -0.000542
v 0.000467 0.000087 0.000480
v 0.000565 0.000371 -0.000345
v 0.000454 0.000086 -0.000542
v 0.000323 -0.000178 -0.000597
v 0.000548 -0.000519 0.000333
v 0.000675 -0.000189 0.000150
v 0.000563 -0.000593 -0.000098
v 0.000060 -0.000535 0.000634
v 0.000721 -0.000050 0.000038
v 0.000712 -0.000074 0.000090
v 0.000593 0.000360 -0.000265
v 0.000635 0.000337 -0.000152
v 0.000529 -0.000480 0.000405
v 0.000262 -0.000152 0.000630
v 0.000279 -0.000018 0.000618
v 0.000380 0.000047 -0.000603
v 0.000271 -0.000308 0.000620
v 0.000625 -0.000323 0.000292
v 0.000707 0.000127 0.000054
v 0.000655 -0.000428 0.000037
v 0.000557 0.000209 0.000338
v 0.000515 0.000611 -0.000304
v 0.000674 -0.000116 -0.000046
v 0.000555 -0.000200 0.000377
v 0.000023 -0.000196 0.000666
v 0.000681 0.000055 0.000206
v 0.000642 -0.000197 -0.000137
v 0.000693 -0.000020 0.000122
v 0.000376 -0.000601 -0.000427
v 0.000634 0.000428 -0.000052
v 0.000583 -0.000292 -0.000349
v 0.000507 -0.000450 -0.000350
v 0.000637 -0.000054 0.000317
v 0.000055 -0.000396 0.000668
v 0.000113 -0.000042 -0.000681
v 0.000660 0.000041 -0.000059
v 0.000583 0.000549 -0.000007
v 0.000533 0.000511 -0.000314
v 0.000644 -0.000252 0.000274
v 0.000643 -0.000046 -0.000205
v 0.000489 0.000282 0.000403
v 0.000363 0.000326 0.000496
v 0.000688 0.000284 -0.000059
v 0.000708 -0.000279 0.000027
v 0.000593 0.000012 0.000354
v 0.000560 -0.000434 -0.000229
v 0.000608 -0.000410 0.000300
v 0.000611 -0.000444 0.000252
v 0.000659 -0.000333 0.000126
v 0.000104 -0.000213 -0.000665
v 0.000527 0.000616 -0.000129
v 0.000560 0.000498 -0.000153
v 0.000259 -0.000571 0.000581
v 0.000363 -0.000599 0.000513
v 0.000034 -0.000364 -0.000595
v 0.000324 -0.000456 0.000579
v 0.000657 0.000032 -0.000313
v 0.000298 -0.000028 -0.000632
v 0.000383 0.000199 0.000521
v 0.000338 0.000161 0.000569
v 0.000436 -0.000491 -0.000408
v 0.000563 0.000022 -0.000444
v 0.000052 0.000180 -0.000674
v 0.000155 0.000294 -0.000598
v 0.000134 0.000299 0.000614
v 0.000154 -0.000399 -0.000579
v 0.000609 -0.000397 -0.000129
v 0.000084 0.000550 0.000556
v 0.000686 0.000298 0.000021
v 0.000244 0.000429 0.000547
v 0.000416 -0.000361 0.000523
v 0.000235 0.000645 -0.000497
v 0.000259 0.000302 0.000575
v 0.000039 -0.000029 0.000659
v 0.000680 0.000218 0.000154
v 0.000065 0.000386 -0.000577
v 0.000154 0.000547 -0.000542
v 0.000339 0.000027 0.000589
v 0.000445 0.000493 0.000341
v 0.000647 -0.000091 -0.000312
v 0.000713 0.000251 0.000114
v 0.000659 0.000300 0.000166
v 0.000670 0.000409 0.000123
v 0.000635 0.000472 0.000075
v 0.000244 0.000441 -0.000538
v 0.000418 0.000603 0.000311
v 0.000051 -0.000518 -0.000558
v 0.000523 -0.000574 -0.000221
v 0.000499 -0.000264 0.000435
v 0.000636 0.000171 -0.000327
v 0.000165 -0.000430 0.000649
v 0.000328 0.000283 -0.000562
v 0.000644 0.000094 0.000267
v 0.000406 0.000583 -0.000404
v 0.000549 0.000341 0.000288
v 0.000337 0.000625 0.000393
v 0.000147 0.000426 0.000590
v 0.000288 -0.000562 -0.000505
v 0.000630 -0.000063 -0.000372
v 0.000223 -0.000499 -0.000535
v 0.000654 -0.000421 -0.000026
v 0.000031 0.000044 -0.000682
v 0.000258 0.000600 0.000466
v 0.000621 -0.000218 -0.000208
v 0.000507 -0.000336 -0.000447
v 0.000560 0.000606 0.000091
v 0.000457 0.000413 0.000363
v 0.000419 -0.000002 0.000531
v 0.000252 -0.000333 -0.000584
v 0.000567 -0.000584 0.000215
v 0.000583 -0.000558 -0.000030
v 0.000563 -0.000340 0.000371
v 0.000184 -0.000023 0.000644
v 0.000565 -0.000171 -0.000450
v 0.000536 0.000096 0.000404
v 0.000172 0.000076 -0.000679
v 0.000233 -0.000082 -0.000661
v 0.000001 0.000026 -0.000674
v -0.000000 0.000163 -0.000666
v -0.000001 0.000145 0.000642
v 0.000002 -0.000207 -0.000646
v 0.000001 -0.000225 0.000666
v 0.000001 -0.000051 -0.000671
v -0.000003 0.000584 -0.000541
v 0.000004 -0.000604 0.000620
v 0.000004 -0.000488 -0.000553
v 0.000003 -0.000555 0.000627
v -0.000003 0.000408 0.000595
v 0.000001 -0.000006 -0.000675
v 0.000000 -0.000193 0.000665
v -0.000480 -0.000111 -0.000535
v -0.000503 -0.000223 -0.000489
v -0.000257 0.000154 0.000610
v -0.000348 0.000482 0.000449
v -0.000416 -0.000381 -0.000496
v -0.000361 -0.000452 -0.000481
v -0.000122 -0.000254 0.000670
v -0.000383 -0.000182 0.000549
v -0.000451 0.000254 -0.000490
v -0.000028 0.000556 -0.000551
v -0.000528 -0.000103 0.000417
v -0.000305 0.000167 -0.000620
v -0.000091 -0.000068 0.000658
v -0.000516 0.000503 0.000253
v -0.000566 0.000431 0.000215
v -0.000248 0.000507 0.000518
v -0.000183 0.000548 0.000535
v -0.000657 0.000157 -0.000158
v -0.000049 0.000133 0.000641
v -0.000129 0.000135 0.000633
v -0.000358 0.000514 -0.000470
v -0.000460 0.000420 -0.000432
v -0.000464 -0.000467 0.000466
v -0.000055 0.000265 0.000625
v -0.000434 0.000206 -0.000543
v -0.000468 0.000081 0.000481
v -0.000568 0.000364 -0.000346
v -0.000454 0.000080 -0.000543
v -0.000319 -0.000182 -0.000598
v -0.000540 -0.000527 0.000336
v -0.000673 -0.000197 0.000149
v -0.000555 -0.000601 -0.000099
v -0.000054 -0.000536 0.000634
v -0.000720 -0.000059 0.000037
v -0.000711 -0.000083 0.000089
v -0.000597 0.000352 -0.000266
v -0.000639 0.000329 -0.000153
v -0.000526 -0.000484 0.000407
v -0.000262 -0.000154 0.000630
v -0.000278 -0.000021 0.000619
v -0.000379 0.000042 -0.000603
v -0.000266 -0.000312 0.000623
v -0.000622 -0.000329 0.000291
v -0.000709 0.000118 0.000052
v -0.000649 -0.000436 0.000036
v -0.000560 0.000202 0.000338
v -0.000521 0.000604 -0.000305
v -0.000672 -0.000125 -0.000047
v -0.000552 -0.000205 0.000376
v -0.000021 -0.000196 0.000666
v -0.000681 0.000047 0.000204
v -0.000639 -0.000205 -0.000138
v -0.000692 -0.000029 0.000121
v -0.000368 -0.000606 -0.000427
v -0.000638 0.000420 -0.000053
v -0.000579 -0.000299 -0.000350
v -0.000500 -0.000457 -0.000351
v -0.000636 -0.000062 0.000316
v -0.000051 -0.000398 0.000668
v -0.000111 -0.000043 -0.000682
v -0.000660 0.000032 -0.000060
v -0.000590 0.000542 -0.000007
v -0.000538 0.000505 -0.000315
v -0.000642 -0.000262 0.000273
v -0.000641 -0.000054 -0.000206
v -0.000494 0.000278 0.000402
v -0.000367 0.000321 0.000496
v -0.000691 0.000275 -0.000060
v -0.000704 -0.000288 0.000026
v -0.000594 0.000004 0.000354
v -0.000553 -0.000441 -0.000229
v -0.000606 -0.000416 0.000296
v -0.000605 -0.000455 0.000253
v -0.000654 -0.000341 0.000124
v -0.000100 -0.000214 -0.000666
v -0.000534 0.000610 -0.000130
v -0.000565 0.000491 -0.000154
v -0.000253 -0.000575 0.000581
v -0.000359 -0.000604 0.000510
v -0.000028 -0.000364 -0.000595
v -0.000318 -0.000460 0.000581
v -0.000656 0.000024 -0.000314
v -0.000296 -0.000032 -0.000632
v -0.000385 0.000195 0.000521
v -0.000341 0.000160 0.000569
v -0.000428 -0.000496 -0.000409
v -0.000562 0.000015 -0.000445
v -0.000053 0.000179 -0.000674
v -0.000158 0.000292 -0.000598
v -0.000137 0.000299 0.000614
v -0.000147 -0.000400 -0.000579
v -0.000603 -0.000405 -0.000130
v -0.000092 0.000548 0.000555
v -0.000689 0.000289 0.000020
v -0.000249 0.000426 0.000548
v -0.000416 -0.000370 0.000521
v -0.000242 0.000642 -0.000498
v -0.000262 0.000300 0.000576
v -0.000039 -0.000028 0.000659
v -0.000682 0.000209 0.000153
v -0.000069 0.000385 -0.000577
v -0.000159 0.000546 -0.000542
v -0.000339 0.000024 0.000589
v -0.000452 0.000487 0.000340
v -0.000645 -0.000099 -0.000313
v -0.000716 0.000242 0.000113
v -0.000663 0.000292 0.000165
v -0.000675 0.000401 0.000122
v -0.000641 0.000464 0.000074
v -0.000249 0.000438 -0.000539
v -0.000425 0.000600 0.000309
v -0.000043 -0.000519 -0.000558
v -0.000515 -0.000581 -0.000222
v -0.000498 -0.000269 0.000432
v -0.000637 0.000163 -0.000328
v -0.000159 -0.000430 0.000651
v -0.000330 0.000279 -0.000563
v -0.000645 0.000085 0.000266
v -0.000412 0.000578 -0.000404
v -0.000554 0.000334 0.000287
v -0.000344 0.000621 0.000392
v -0.000153 0.000424 0.000590
v -0.000280 -0.000565 -0.000505
v -0.000628 -0.000071 -0.000373
v -0.000216 -0.000502 -0.000536
v -0.000648 -0.000430 -0.000027
v -0.000030 0.000044 -0.000682
v -0.000265 0.000596 0.000465
v -0.000617 -0.000226 -0.000209
v -0.000501 -0.000342 -0.000448
v -0.000567 0.000600 0.000090
v -0.000462 0.000408 0.000363
v -0.000421 -0.000010 0.000531
v -0.000247 -0.000336 -0.000584
v -0.000559 -0.000592 0.000218
v -0.000575 -0.000566 -0.000032
v -0.000559 -0.000347 0.000371
v -0.000183 -0.000025 0.000644
v -0.000562 -0.000178 -0.000451
v -0.000537 0.000089 0.000404
v -0.000172 0.000074 -0.000679
v -0.000230 -0.000085 -0.000661
v 0.000001 -0.000172 0.000664
v 0.000001 -0.000050 0.000659
v 0.000004 -0.000548 -0.000540
v -0.000001 0.000201 -0.000656
v -0.000002 0.000281 0.000623
v 0.000003 -0.000303 -0.000610
v -0.000001 0.000195 0.000634
v 0.000000 0.000064 -0.000674
v -0.000003 0.000511 -0.000552
v 0.000000 -0.000012 0.000655
v 0.000003 -0.000516 0.000637
v 0.000002 -0.000378 0.000668
v 0.000002 -0.000430 0.000663
v 0.000001 -0.000089 -0.000667
v -0.000003 0.000550 -0.000542
v -0.000002 0.000385 -0.000565
v -0.000004 0.000598 0.000512
v -0.000003 0.000477 0.000572
v -0.000003 0.000347 0.000607
v 0.000003 -0.000389 -0.000580
v 0.000000 0.000034 0.000655
v -0.000003 0.000521 0.000555
v -0.000001 0.000325 -0.000596
v -0.000002 0.000317 0.000615
v 0.000001 -0.000198 0.000665
v -0.000004 0.000640 0.000491
v 0.000500 0.000649 -0.000312
v 0.000234 0.000647 -0.000498
v 0.000523 0.000649 -0.000127
v 0.000517 0.000649 -0.000298
v 0.000545 0.000650 -0.000025
v 0.000526 0.000649 -0.000130
v 0.000119 0.000647 -0.000536
v 0.000393 0.000648 -0.000389
v 0.000334 0.000650 0.000396
v 0.000032 0.000646 -0.000548
v 0.000554 0.000650 0.000033
v 0.000342 0.000648 -0.000431
v 0.000515 0.000650 0.000144
v 0.000103 0.000649 0.000530
v 0.000160 0.000647 -0.000533
v 0.000031 0.000649 0.000503
v 0.000360 0.000650 0.000367
v 0.000131 0.000649 0.000523
v 0.000276 0.000650 0.000449
v 0.000509 0.000650 0.000156
v 0.000517 0.000649 -0.000207
v 0.000225 0.000650 0.000472
v 0.000196 0.000650 0.000490
v 0.000499 0.000650 0.000170
v 0.000562 0.000650 0.000087
v 0.000236 0.000647 -0.000497
v 0.000399 0.000650 0.000327
v 0.000237 0.000647 -0.000496
v 0.000231 0.000647 -0.000499
v 0.000244 0.000647 -0.000492
v 0.000325 0.000648 -0.000445
v 0.000555 0.000650 0.000013
v -0.000507 0.000645 -0.000314
v -0.000241 0.000646 -0.000499
v -0.000530 0.000645 -0.000128
v -0.000525 0.000645 -0.000299
v -0.000554 0.000645 -0.000017
v -0.000533 0.000645 -0.000131
v -0.000126 0.000646 -0.000537
v -0.000395 0.000645 -0.000394
v -0.000342 0.000647 0.000395
v -0.000039 0.000646 -0.000548
v -0.000561 0.000645 0.000029
v -0.000348 0.000645 -0.000432
v -0.000522 0.000646 0.000144
v -0.000112 0.000648 0.000529
v -0.000167 0.000646 -0.000533
v -0.000039 0.000649 0.000503
v -0.000368 0.000647 0.000366
v -0.000140 0.000648 0.000523
v -0.000285 0.000647 0.000447
v -0.000518 0.000646 0.000151
v -0.000524 0.000645 -0.000201
v -0.000232 0.000648 0.000470
v -0.000205 0.000648 0.000488
v -0.000512 0.000646 0.000159
v -0.000569 0.000646 0.000085
v -0.000243 0.000645 -0.000497
v -0.000404 0.000647 0.000328
v -0.000245 0.000645 -0.000496
v -0.000236 0.000646 -0.000501
v -0.000255 0.000645 -0.000490
v -0.000331 0.000645 -0.000446
v -0.000026 0.000649 0.000497
v -0.000562 0.000645 0.000013
v -0.000034 0.000649 0.000501
v -0.000004 0.000649 0.000487
v 0.000016 0.000649 0.000497
v 0.000025 0.000649 0.000502
v -0.000003 0.000646 -0.000537
v 0.000262 -0.000614 0.000574
v 0.000112 -0.000615 0.000615
v 0.000203 -0.000614 0.000592
v 0.000256 -0.000616 -0.000510
v 0.000408 -0.000613 0.000451
v 0.000351 -0.000613 0.000518
v 0.000570 -0.000613 0.000158
v 0.000561 -0.000614 -0.000106
v 0.000455 -0.000615 -0.000331
v 0.000363 -0.000613 0.000510
v 0.000409 -0.000613 0.000450
v 0.000577 -0.000613 0.000049
v 0.000147 -0.000615 0.000613
v 0.000366 -0.000616 -0.000433
v 0.000574 -0.000613 -0.000034
v 0.000493 -0.000613 0.000353
v 0.000290 -0.000616 -0.000497
v 0.000565 -0.000613 -0.000076
v 0.000086 -0.000618 -0.000547
v 0.000528 -0.000613 0.000273
v 0.000483 -0.000613 0.000373
v 0.000447 -0.000615 -0.000342
v 0.000377 -0.000615 -0.000425
v 0.000567 -0.000613 0.000189
v 0.000529 -0.000614 -0.000204
v 0.000518 -0.000614 -0.000234
v 0.000562 -0.000613 0.000215
v 0.000038 -0.000618 -0.000548
v 0.000194 -0.000617 -0.000532
v -0.000255 -0.000617 0.000574
v -0.000105 -0.000616 0.000615
v -0.000197 -0.000617 0.000592
v -0.000387 -0.000618 0.000465
v -0.000247 -0.000620 -0.000510
v -0.000396 -0.000618 0.000452
v -0.000347 -0.000618 0.000516
v -0.000398 -0.000618 0.000450
v -0.000562 -0.000620 0.000157
v -0.000552 -0.000621 -0.000107
v -0.000447 -0.000620 -0.000331
v -0.000359 -0.000618 0.000508
v -0.000444 -0.000620 -0.000335
v -0.000568 -0.000620 0.000049
v -0.000140 -0.000616 0.000613
v -0.000357 -0.000620 -0.000434
v -0.000566 -0.000620 -0.000035
v -0.000483 -0.000619 0.000356
v -0.000281 -0.000620 -0.000497
v -0.000557 -0.000621 -0.000077
v -0.000077 -0.000619 -0.000547
v -0.000520 -0.000619 0.000274
v -0.000472 -0.000619 0.000376
v -0.000438 -0.000620 -0.000342
v -0.000368 -0.000620 -0.000426
v -0.000559 -0.000620 0.000190
v -0.000520 -0.000621 -0.000205
v -0.000509 -0.000621 -0.000235
v -0.000554 -0.000620 0.000216
v -0.000029 -0.000618 -0.000548
v -0.000185 -0.000619 -0.000532
v 0.000005 -0.000618 -0.000537
v 0.000004 -0.000615 0.000618
v 0.000399 -0.000613 0.000462
v 0.000453 -0.000615 -0.000335
vt 0.035857 0.594060
vt 0.039350 0.592342
vt 0.038192 0.590516
vt 0.388151 0.206142
vt 0.389394 0.206113
vt 0.388348 0.205473
vt 0.228313 0.797022
vt 0.231830 0.800599
vt 0.230416 0.797143
vt 0.269051 0.644174
vt 0.268090 0.643227
vt 0.267077 0.646590
vt 0.434782 0.885181
vt 0.437358 0.887391
vt 0.438565 0.886250
vt 0.073360 0.892855
vt 0.073798 0.891671
vt 0.072724 0.891762
vt 0.769917 0.413986
vt 0.768782 0.412874
vt 0.768786 0.414390
vt 0.847437 0.395363
vt 0.845888 0.393606
vt 0.845808 0.394877
vt 0.030881 0.584693
vt 0.034866 0.577017
vt 0.032062 0.578702
vt 0.034258 0.600319
vt 0.038012 0.598215
vt 0.047530 0.615166
vt 0.044256 0.614787
vt 0.042609 0.618588
vt 0.758669 0.615157
vt 0.757440 0.616432
vt 0.760032 0.616618
vt 0.032854 0.604170
vt 0.027875 0.601221
vt 0.458518 0.635617
vt 0.459151 0.631950
vt 0.456855 0.632037
vt 0.002946 0.807373
vt 0.000942 0.805777
vt 0.000969 0.807910
vt 0.074425 0.997545
vt 0.069737 0.997436
vt 0.068254 0.999135
vt 0.220995 0.795857
vt 0.219590 0.795806
vt 0.220152 0.796824
vt 0.850530 0.449456
vt 0.852283 0.448307
vt 0.851185 0.447520
vt 0.653886 0.753329
vt 0.651462 0.750274
vt 0.650338 0.752448
vt 0.051237 0.577854
vt 0.047558 0.578559
vt 0.051009 0.585122
vt 0.217607 0.802378
vt 0.217251 0.798882
vt 0.212301 0.799171
vt 0.651280 0.442789
vt 0.651337 0.445242
vt 0.653748 0.446281
vt 0.463184 0.622437
vt 0.460029 0.626540
vt 0.462550 0.629993
vt 0.894112 0.482184
vt 0.894283 0.483997
vt 0.895642 0.484526
vt 0.828466 0.488472
vt 0.830844 0.487005
vt 0.823971 0.481417
vt 0.570535 0.308987
vt 0.571498 0.310334
vt 0.573015 0.309442
vt 0.824307 0.506817
vt 0.820282 0.507727
vt 0.822429 0.509953
vt 0.030710 0.614273
vt 0.033964 0.612013
vt 0.026692 0.610525
vt 0.261107 0.870746
vt 0.259811 0.869836
vt 0.259990 0.871555
vt 0.549855 0.470932
vt 0.549832 0.474265
vt 0.551788 0.472550
vt 0.042743 0.605176
vt 0.039727 0.610816
vt 0.042897 0.610182
vt 0.809651 0.500726
vt 0.812190 0.501748
vt 0.810825 0.499407
vt 0.819300 0.511216
vt 0.825576 0.510824
vt 0.046853 0.338341
vt 0.046230 0.338899
vt 0.046822 0.340111
vt 0.462014 0.632692
vt 0.462863 0.630708
vt 0.461301 0.633221
vt 0.382122 0.203431
vt 0.386200 0.201711
vt 0.028762 0.594963
vt 0.024028 0.597509
vt 0.030723 0.598496
vt 0.817391 0.505386
vt 0.811872 0.504962
vt 0.026775 0.617456
vt 0.024168 0.613651
vt 0.181443 0.959221
vt 0.183171 0.956596
vt 0.181946 0.956099
vt 0.114991 0.938976
vt 0.115877 0.940632
vt 0.117755 0.940702
vt 0.819793 0.493250
vt 0.815155 0.494811
vt 0.819812 0.496741
vt 0.645713 0.388271
vt 0.647450 0.385134
vt 0.643648 0.382122
vt 0.034239 0.605444
vt 0.236451 0.796508
vt 0.236179 0.796453
vt 0.236351 0.796791
vt 0.186958 0.295649
vt 0.187030 0.295654
vt 0.186959 0.295502
vt 0.186964 0.295691
vt 0.806532 0.489932
vt 0.807755 0.485812
vt 0.803286 0.483303
vt 0.818861 0.480539
vt 0.817401 0.487315
vt 0.832905 0.508595
vt 0.833936 0.508237
vt 0.835410 0.504414
vt 0.832075 0.507207
vt 0.342935 0.920381
vt 0.345445 0.920085
vt 0.343407 0.918155
vt 0.152184 0.982428
vt 0.152471 0.981460
vt 0.150913 0.981859
vt 0.047855 0.613096
vt 0.046181 0.610345
vt 0.666747 0.879849
vt 0.669562 0.879553
vt 0.671849 0.878416
vt 0.036697 0.581512
vt 0.039796 0.586497
vt 0.039983 0.580711
vt 0.928491 0.962354
vt 0.928869 0.963902
vt 0.928990 0.963146
vt 0.051999 0.589924
vt 0.053850 0.589151
vt 0.054094 0.584311
vt 0.758304 0.621486
vt 0.759701 0.621446
vt 0.758199 0.619426
vt 0.516853 0.316828
vt 0.514760 0.312223
vt 0.514202 0.318490
vt 0.824412 0.487686
vt 0.829062 0.493873
vt 0.572207 0.533649
vt 0.569519 0.533917
vt 0.567629 0.534622
vt 0.571749 0.535374
vt 0.779741 0.900503
vt 0.778074 0.901735
vt 0.779597 0.902039
vt 0.828664 0.504051
vt 0.833498 0.500943
vt 0.827289 0.498024
vt 0.482745 0.613130
vt 0.480907 0.605664
vt 0.478602 0.611350
vt 0.831508 0.492905
vt 0.832274 0.497577
vt 0.214086 0.794155
vt 0.212490 0.795600
vt 0.216435 0.795040
vt 0.949314 0.532367
vt 0.949423 0.530524
vt 0.946799 0.530474
vt 0.566571 0.308523
vt 0.565715 0.312726
vt 0.026670 0.592335
vt 0.031158 0.590458
vt 0.761029 0.578481
vt 0.762278 0.580173
vt 0.761156 0.576998
vt 0.823255 0.827615
vt 0.822371 0.828974
vt 0.823945 0.828385
vt 0.829014 0.509805
vt 0.831535 0.509134
vt 0.828766 0.508988
vt 0.365912 0.202399
vt 0.366925 0.202199
vt 0.365847 0.199637
vt 0.361367 0.200763
vt 0.647717 0.389427
vt 0.207869 0.793281
vt 0.207862 0.793323
vt 0.207904 0.793288
vt 0.823089 0.502878
vt 0.537340 0.931016
vt 0.538061 0.928693
vt 0.536497 0.928417
vt 0.576924 0.313370
vt 0.573550 0.312040
vt 0.569297 0.314029
vt 0.977836 0.839462
vt 0.978721 0.840294
vt 0.979732 0.840445
vt 0.820851 0.467041
vt 0.820237 0.467109
vt 0.820500 0.467635
vt 0.080375 0.884501
vt 0.449131 0.675927
vt 0.080187 0.884570
vt 0.808099 0.491306
vt 0.648951 0.383504
vt 0.649991 0.386235
vt 0.820035 0.501257
vt 0.821978 0.500156
vt 0.976990 0.815846
vt 0.975932 0.816141
vt 0.976801 0.820042
vt 0.827954 0.496156
vt 0.042835 0.576595
vt 0.039123 0.575973
vt 0.039024 0.576491
vt 0.368900 0.202212
vt 0.370694 0.201522
vt 0.037178 0.584232
vt 0.835541 0.497338
vt 0.835986 0.498585
vt 0.921979 0.805376
vt 0.920000 0.802845
vt 0.921056 0.806326
vt 0.038648 0.575859
vt 0.035234 0.575065
vt 0.820987 0.475818
vt 0.828668 0.476094
vt 0.824824 0.471913
vt 0.199483 0.795378
vt 0.203077 0.795353
vt 0.199425 0.792247
vt 0.532603 0.252890
vt 0.531205 0.253963
vt 0.531270 0.255239
vt 0.638961 0.436977
vt 0.639303 0.439668
vt 0.640442 0.438830
vt 0.255912 0.982749
vt 0.250314 0.983289
vt 0.252732 0.983746
vt 0.457992 0.639230
vt 0.457328 0.637544
vt 0.350117 0.205901
vt 0.352249 0.205339
vt 0.351117 0.204327
vt 0.464653 0.038958
vt 0.465691 0.040250
vt 0.465841 0.039462
vt 0.192663 0.787821
vt 0.195405 0.790484
vt 0.195427 0.788655
vt 0.816619 0.490944
vt 0.027105 0.617595
vt 0.030115 0.618121
vt 0.831328 0.472491
vt 0.038788 0.614487
vt 0.811630 0.477392
vt 0.808460 0.477595
vt 0.809748 0.479868
vt 0.043140 0.582704
vt 0.047413 0.583958
vt 0.635422 0.091253
vt 0.636655 0.092273
vt 0.636933 0.090443
vt 0.815944 0.513728
vt 0.818473 0.511563
vt 0.815580 0.512825
vt 0.826292 0.466377
vt 0.824470 0.466376
vt 0.825033 0.467866
vt 0.650290 0.451357
vt 0.645702 0.449625
vt 0.648201 0.452327
vt 0.140187 0.380817
vt 0.138912 0.380279
vt 0.139545 0.381897
vt 0.832414 0.488741
vt 0.358555 0.204050
vt 0.356501 0.203717
vt 0.355689 0.204682
vt 0.349138 0.118822
vt 0.348740 0.120724
vt 0.350141 0.121091
vt 0.814335 0.478637
vt 0.811743 0.480607
vt 0.810802 0.483671
vt 0.130336 0.409290
vt 0.131905 0.409316
vt 0.130490 0.408035
vt 0.816543 0.502783
vt 0.788156 0.126334
vt 0.790877 0.124948
vt 0.788676 0.124674
vt 0.224550 0.800234
vt 0.224807 0.797840
vt 0.186491 0.292813
vt 0.188117 0.293284
vt 0.188264 0.293291
vt 0.188012 0.291919
vt 0.801474 0.539546
vt 0.804254 0.538457
vt 0.803002 0.537972
vt 0.654565 0.444318
vt 0.552922 0.474985
vt 0.551496 0.475718
vt 0.554747 0.482433
vt 0.044447 0.594646
vt 0.044356 0.587892
vt 0.042000 0.592916
vt 0.297796 0.837895
vt 0.296304 0.840896
vt 0.298419 0.842404
vt 0.640849 0.433447
vt 0.638983 0.433213
vt 0.041135 0.588448
vt 0.641469 0.377167
vt 0.644544 0.378465
vt 0.826276 0.508398
vt 0.608799 0.114316
vt 0.609839 0.112288
vt 0.607805 0.113481
vt 0.836701 0.507912
vt 0.809105 0.470609
vt 0.808538 0.474323
vt 0.812572 0.472022
vt 0.023708 0.593076
vt 0.810663 0.493900
vt 0.683581 0.096595
vt 0.685757 0.096676
vt 0.685112 0.095719
vt 0.051506 0.609796
vt 0.050410 0.612296
vt 0.048498 0.609273
vt 0.260252 0.454136
vt 0.259528 0.455374
vt 0.261403 0.455079
vt 0.259209 0.865262
vt 0.258904 0.867698
vt 0.261786 0.866847
vt 0.311829 0.400689
vt 0.311231 0.400944
vt 0.311799 0.401529
vt 0.178625 0.960126
vt 0.029502 0.606375
vt 0.457705 0.630570
vt 0.456804 0.630321
vt 0.021522 0.600775
vt 0.044103 0.618323
vt 0.045011 0.617871
vt 0.813924 0.488955
vt 0.815873 0.484144
vt 0.576559 0.533915
vt 0.697637 0.499004
vt 0.572565 0.537221
vt 0.573772 0.538507
vt 0.574642 0.976488
vt 0.570447 0.978300
vt 0.574819 0.977808
vt 0.116999 0.939928
vt 0.114035 0.936567
vt 0.477541 0.605492
vt 0.477304 0.601081
vt 0.475417 0.603968
vt 0.375863 0.203047
vt 0.377300 0.203353
vt 0.377157 0.201990
vt 0.513356 0.314996
vt 0.512692 0.321608
vt 0.511267 0.318856
vt 0.441608 0.044773
vt 0.443337 0.044779
vt 0.442945 0.043763
vt 0.570429 0.312731
vt 0.815251 0.473622
vt 0.773612 0.750286
vt 0.771927 0.750562
vt 0.773315 0.751881
vt 0.823225 0.491729
vt 0.407493 0.315212
vt 0.408128 0.315827
vt 0.408393 0.315106
vt 0.287068 0.386695
vt 0.287998 0.385665
vt 0.287017 0.384907
vt 0.557233 0.485063
vt 0.557577 0.483082
vt 0.818156 0.473653
vt 0.296791 0.395947
vt 0.297682 0.395683
vt 0.297785 0.394516
vt 0.207984 0.793314
vt 0.001711 0.804266
vt 0.004412 0.806170
vt 0.347754 0.204753
vt 0.348738 0.203871
vt 0.205531 0.796974
vt 0.207111 0.800216
vt 0.208053 0.796155
vt 0.046888 0.607220
vt 0.168336 0.847071
vt 0.166041 0.850049
vt 0.169363 0.848048
vt 0.038500 0.619761
vt 0.038497 0.618506
vt 0.037775 0.619700
vt 0.347752 0.205871
vt 0.920461 0.751643
vt 0.917768 0.752517
vt 0.919515 0.753513
vt 0.033314 0.616500
vt 0.829021 0.482305
vt 0.985537 0.915080
vt 0.986038 0.912856
vt 0.984274 0.914536
vt 0.262288 0.645395
vt 0.258655 0.646665
vt 0.262584 0.647584
vt 0.206671 0.795446
vt 0.114913 0.447942
vt 0.115413 0.449120
vt 0.116424 0.447631
vt 0.808906 0.469665
vt 0.810772 0.468594
vt 0.757604 0.142081
vt 0.758701 0.140339
vt 0.757502 0.140026
vt 0.126120 0.943643
vt 0.122440 0.941751
vt 0.123723 0.943407
vt 0.323670 0.191269
vt 0.322230 0.191674
vt 0.324504 0.192749
vt 0.649645 0.389723
vt 0.650868 0.389626
vt 0.213472 0.794184
vt 0.917008 0.457050
vt 0.915369 0.458764
vt 0.917238 0.459083
vt 0.382342 0.205267
vt 0.386840 0.205920
vt 0.373966 0.525937
vt 0.374418 0.526268
vt 0.374738 0.525934
vt 0.820398 0.254239
vt 0.821865 0.253890
vt 0.820766 0.252993
vt 0.021681 0.595867
vt 0.025609 0.587221
vt 0.357435 0.201619
vt 0.572309 0.980782
vt 0.575659 0.979250
vt 0.361731 0.203323
vt 0.391548 0.204960
vt 0.390843 0.203535
vt 0.532531 0.931465
vt 0.535136 0.929199
vt 0.833918 0.503468
vt 0.806645 0.481699
vt 0.397723 0.021883
vt 0.396891 0.020616
vt 0.396427 0.021483
vt 0.612016 0.128199
vt 0.611546 0.129088
vt 0.612018 0.128986
vt 0.473741 0.601026
vt 0.471622 0.602125
vt 0.650804 0.448881
vt 0.828179 0.510080
vt 0.731063 0.410367
vt 0.729386 0.411468
vt 0.730755 0.411566
vt 0.380244 0.204418
vt 0.837216 0.213754
vt 0.836109 0.214440
vt 0.836906 0.214731
vt 0.024211 0.074042
vt 0.023352 0.074946
vt 0.024940 0.076054
vt 0.478134 0.535601
vt 0.477211 0.534834
vt 0.477102 0.536423
vt 0.211692 0.797161
vt 0.227034 0.796992
vt 0.226570 0.801597
vt 0.046887 0.590726
vt 0.833448 0.498157
vt 0.001260 0.504941
vt 0.001011 0.506303
vt 0.002017 0.505306
vt 0.984503 0.311656
vt 0.982900 0.314184
vt 0.983959 0.316167
vt 0.286251 0.757518
vt 0.282932 0.759829
vt 0.289086 0.757282
vt 0.809465 0.881185
vt 0.810104 0.883307
vt 0.811268 0.882382
vt 0.650474 0.446583
vt 0.356197 0.648772
vt 0.356591 0.650450
vt 0.357226 0.651598
vt 0.356766 0.648216
vt 0.971040 0.740295
vt 0.968886 0.741885
vt 0.970257 0.741676
vt 0.030885 0.618200
vt 0.026838 0.617553
vt 0.074622 0.998567
vt 0.052980 0.612708
vt 0.224359 0.796662
vt 0.255779 0.166142
vt 0.257070 0.166924
vt 0.258036 0.165526
vt 0.370508 0.202329
vt 0.371300 0.202349
vt 0.687222 0.038292
vt 0.687343 0.037992
vt 0.686591 0.038338
vt 0.042608 0.594723
vt 0.471421 0.599949
vt 0.469352 0.598485
vt 0.713686 0.427223
vt 0.713678 0.425887
vt 0.712499 0.427617
vt 0.557520 0.071411
vt 0.558096 0.070344
vt 0.556346 0.070747
vt 0.570764 0.980765
vt 0.866901 0.536283
vt 0.866696 0.535177
vt 0.865065 0.535203
vt 0.368524 0.528506
vt 0.370713 0.527525
vt 0.370163 0.526740
vt 0.891372 0.703167
vt 0.890311 0.703963
vt 0.891092 0.704926
vt 0.634986 0.430707
vt 0.636584 0.429345
vt 0.634024 0.428600
vt 0.201142 0.791193
vt 0.199716 0.790758
vt 0.640200 0.792551
vt 0.639358 0.791841
vt 0.637742 0.792654
vt 0.253787 0.260293
vt 0.251089 0.260356
vt 0.252689 0.261132
vt 0.638485 0.791241
vt 0.636163 0.790078
vt 0.636295 0.790553
vt 0.226524 0.796897
vt 0.225887 0.796917
vt 0.803846 0.738060
vt 0.803786 0.738097
vt 0.803941 0.738699
vt 0.804236 0.739262
vt 0.805232 0.738585
vt 0.197070 0.789417
vt 0.488589 0.092328
vt 0.486896 0.092447
vt 0.487533 0.092552
vt 0.488723 0.092508
vt 0.207812 0.793270
vt 0.035857 0.594060
vt 0.038192 0.590516
vt 0.039350 0.592342
vt 0.388348 0.205473
vt 0.231830 0.800599
vt 0.269051 0.644174
vt 0.267077 0.646590
vt 0.268090 0.643227
vt 0.434782 0.885181
vt 0.438565 0.886250
vt 0.437358 0.887391
vt 0.073323 0.892953
vt 0.072648 0.891768
vt 0.073798 0.891671
vt 0.769917 0.413986
vt 0.768786 0.414390
vt 0.768782 0.412874
vt 0.847437 0.395363
vt 0.845808 0.394877
vt 0.845888 0.393606
vt 0.030881 0.584693
vt 0.032062 0.578702
vt 0.034866 0.577017
vt 0.038012 0.598215
vt 0.034258 0.600319
vt 0.047530 0.615166
vt 0.042609 0.618588
vt 0.044256 0.614787
vt 0.758669 0.615157
vt 0.760032 0.616618
vt 0.757440 0.616432
vt 0.032854 0.604170
vt 0.027875 0.601221
vt 0.458518 0.635617
vt 0.456855 0.632037
vt 0.459151 0.631950
vt 0.002946 0.807373
vt 0.000969 0.807910
vt 0.000942 0.805777
vt 0.074425 0.997545
vt 0.068254 0.999135
vt 0.069737 0.997436
vt 0.220152 0.796824
vt 0.850530 0.449456
vt 0.851185 0.447520
vt 0.852283 0.448307
vt 0.653886 0.753329
vt 0.650338 0.752448
vt 0.651462 0.750274
vt 0.051237 0.577854
vt 0.051009 0.585122
vt 0.047558 0.578559
vt 0.217607 0.802378
vt 0.212301 0.799171
vt 0.217251 0.798882
vt 0.651280 0.442789
vt 0.653748 0.446281
vt 0.651337 0.445242
vt 0.463184 0.622437
vt 0.462550 0.629993
vt 0.460029 0.626540
vt 0.894112 0.482184
vt 0.895642 0.484526
vt 0.894283 0.483997
vt 0.828466 0.488472
vt 0.823971 0.481417
vt 0.830844 0.487005
vt 0.570535 0.308987
vt 0.573015 0.309442
vt 0.571498 0.310334
vt 0.824307 0.506817
vt 0.822429 0.509953
vt 0.820282 0.507727
vt 0.030710 0.614273
vt 0.026692 0.610525
vt 0.033964 0.612013
vt 0.261107 0.870746
vt 0.259990 0.871555
vt 0.259811 0.869836
vt 0.549855 0.470932
vt 0.551788 0.472550
vt 0.549832 0.474265
vt 0.042743 0.605176
vt 0.042897 0.610182
vt 0.039727 0.610816
vt 0.809651 0.500726
vt 0.810825 0.499407
vt 0.812190 0.501748
vt 0.819137 0.511281
vt 0.825685 0.510854
vt 0.046853 0.338341
vt 0.046822 0.340111
vt 0.046230 0.338899
vt 0.461301 0.633221
vt 0.382122 0.203431
vt 0.386200 0.201711
vt 0.028762 0.594963
vt 0.030723 0.598496
vt 0.024028 0.597509
vt 0.817391 0.505386
vt 0.811872 0.504962
vt 0.026775 0.617456
vt 0.024168 0.613651
vt 0.181443 0.959221
vt 0.181946 0.956099
vt 0.183171 0.956596
vt 0.114991 0.938976
vt 0.117755 0.940702
vt 0.115877 0.940632
vt 0.819793 0.493250
vt 0.819812 0.496741
vt 0.815155 0.494811
vt 0.645713 0.388271
vt 0.643648 0.382122
vt 0.647450 0.385134
vt 0.034239 0.605444
vt 0.236361 0.796810
vt 0.186929 0.295648
vt 0.186930 0.295441
vt 0.187030 0.295654
vt 0.186937 0.295707
vt 0.806532 0.489932
vt 0.803286 0.483303
vt 0.807755 0.485812
vt 0.818861 0.480539
vt 0.817401 0.487315
vt 0.833917 0.508286
vt 0.832925 0.508630
vt 0.832075 0.507207
vt 0.835410 0.504414
vt 0.342935 0.920381
vt 0.343407 0.918155
vt 0.345445 0.920085
vt 0.152184 0.982428
vt 0.150913 0.981859
vt 0.152471 0.981460
vt 0.047855 0.613096
vt 0.046181 0.610345
vt 0.666747 0.879849
vt 0.671849 0.878416
vt 0.669562 0.879553
vt 0.036697 0.581512
vt 0.039983 0.580711
vt 0.039796 0.586497
vt 0.928461 0.962306
vt 0.928990 0.963146
vt 0.928863 0.963937
vt 0.051999 0.589924
vt 0.053850 0.589151
vt 0.054094 0.584311
vt 0.758304 0.621486
vt 0.758199 0.619426
vt 0.759701 0.621446
vt 0.516853 0.316828
vt 0.514202 0.318490
vt 0.514760 0.312223
vt 0.829062 0.493873
vt 0.824412 0.487686
vt 0.569426 0.533952
vt 0.572200 0.533674
vt 0.571749 0.535374
vt 0.567629 0.534622
vt 0.779741 0.900503
vt 0.779597 0.902039
vt 0.778074 0.901735
vt 0.828664 0.504051
vt 0.827289 0.498024
vt 0.833498 0.500943
vt 0.482745 0.613130
vt 0.478602 0.611350
vt 0.480907 0.605664
vt 0.831508 0.492905
vt 0.832274 0.497577
vt 0.212490 0.795600
vt 0.949314 0.532367
vt 0.946799 0.530474
vt 0.949423 0.530524
vt 0.566571 0.308523
vt 0.565715 0.312726
vt 0.031158 0.590458
vt 0.026670 0.592335
vt 0.761029 0.578481
vt 0.761156 0.576998
vt 0.762278 0.580173
vt 0.823255 0.827615
vt 0.823945 0.828385
vt 0.822371 0.828974
vt 0.831523 0.509180
vt 0.829027 0.509849
vt 0.828766 0.508988
vt 0.361367 0.200763
vt 0.365847 0.199637
vt 0.647717 0.389427
vt 0.207862 0.793323
vt 0.823089 0.502878
vt 0.537340 0.931016
vt 0.536497 0.928417
vt 0.538061 0.928693
vt 0.576924 0.313370
vt 0.569297 0.314029
vt 0.573550 0.312040
vt 0.977836 0.839462
vt 0.979732 0.840445
vt 0.978721 0.840294
vt 0.820833 0.467071
vt 0.820500 0.467635
vt 0.820256 0.467147
vt 0.080361 0.884506
vt 0.080187 0.884570
vt 0.079526 0.883236
vt 0.808099 0.491306
vt 0.648951 0.383504
vt 0.649991 0.386235
vt 0.820035 0.501257
vt 0.821978 0.500156
vt 0.976990 0.815846
vt 0.976801 0.820042
vt 0.975932 0.816141
vt 0.827954 0.496156
vt 0.042835 0.576595
vt 0.039024 0.576491
vt 0.039123 0.575972
vt 0.370694 0.201522
vt 0.037178 0.584232
vt 0.835541 0.497338
vt 0.835986 0.498585
vt 0.921979 0.805376
vt 0.921056 0.806326
vt 0.920000 0.802845
vt 0.035234 0.575065
vt 0.038648 0.575859
vt 0.820987 0.475818
vt 0.824824 0.471913
vt 0.828668 0.476094
vt 0.199483 0.795378
vt 0.199425 0.792247
vt 0.203077 0.795353
vt 0.532603 0.252890
vt 0.531270 0.255239
vt 0.531205 0.253963
vt 0.638961 0.436977
vt 0.640442 0.438830
vt 0.639303 0.439668
vt 0.255912 0.982749
vt 0.252732 0.983746
vt 0.250314 0.983289
vt 0.457992 0.639230
vt 0.457328 0.637544
vt 0.351117 0.204327
vt 0.464653 0.038958
vt 0.465841 0.039462
vt 0.465691 0.040250
vt 0.195405 0.790484
vt 0.816619 0.490944
vt 0.030108 0.618165
vt 0.027248 0.617655
vt 0.831328 0.472491
vt 0.038788 0.614487
vt 0.811630 0.477392
vt 0.809748 0.479868
vt 0.808460 0.477595
vt 0.047413 0.583958
vt 0.043140 0.582704
vt 0.635422 0.091253
vt 0.636933 0.090443
vt 0.636655 0.092273
vt 0.815961 0.513771
vt 0.815580 0.512825
vt 0.818647 0.511487
vt 0.826300 0.466369
vt 0.825033 0.467866
vt 0.824473 0.466386
vt 0.650290 0.451357
vt 0.648201 0.452327
vt 0.645702 0.449625
vt 0.140187 0.380817
vt 0.139545 0.381897
vt 0.138912 0.380279
vt 0.832414 0.488741
vt 0.356501 0.203717
vt 0.349138 0.118822
vt 0.350141 0.121091
vt 0.348740 0.120724
vt 0.814335 0.478637
vt 0.810802 0.483671
vt 0.811743 0.480607
vt 0.130336 0.409290
vt 0.130490 0.408035
vt 0.131905 0.409316
vt 0.816543 0.502783
vt 0.788156 0.126334
vt 0.788676 0.124674
vt 0.790877 0.124948
vt 0.224550 0.800234
vt 0.224807 0.797840
vt 0.188058 0.293281
vt 0.186479 0.292819
vt 0.188012 0.291919
vt 0.188264 0.293291
vt 0.801474 0.539546
vt 0.803002 0.537972
vt 0.804254 0.538457
vt 0.654565 0.444318
vt 0.552922 0.474985
vt 0.554747 0.482433
vt 0.551496 0.475718
vt 0.044447 0.594646
vt 0.042000 0.592916
vt 0.044356 0.587892
vt 0.297796 0.837895
vt 0.298419 0.842404
vt 0.296304 0.840896
vt 0.640849 0.433447
vt 0.638983 0.433213
vt 0.041135 0.588448
vt 0.641469 0.377167
vt 0.644544 0.378465
vt 0.826276 0.508398
vt 0.608799 0.114316
vt 0.607805 0.113481
vt 0.609839 0.112288
vt 0.836710 0.507937
vt 0.809105 0.470609
vt 0.812572 0.472022
vt 0.808538 0.474323
vt 0.023708 0.593076
vt 0.810663 0.493900
vt 0.683581 0.096595
vt 0.685112 0.095719
vt 0.685757 0.096676
vt 0.051506 0.609796
vt 0.050410 0.612296
vt 0.048498 0.609273
vt 0.260252 0.454136
vt 0.261403 0.455079
vt 0.259528 0.455374
vt 0.259209 0.865262
vt 0.261786 0.866847
vt 0.258904 0.867698
vt 0.311830 0.400662
vt 0.311799 0.401529
vt 0.311231 0.400944
vt 0.178625 0.960126
vt 0.029502 0.606375
vt 0.456804 0.630321
vt 0.457705 0.630570
vt 0.021522 0.600775
vt 0.044939 0.617948
vt 0.044228 0.618301
vt 0.813924 0.488955
vt 0.815873 0.484144
vt 0.576505 0.533916
vt 0.576545 0.533938
vt 0.573772 0.538507
vt 0.572565 0.537221
vt 0.574642 0.976488
vt 0.574819 0.977808
vt 0.570447 0.978300
vt 0.114035 0.936567
vt 0.116999 0.939928
vt 0.477541 0.605492
vt 0.475417 0.603968
vt 0.477304 0.601081
vt 0.377157 0.201990
vt 0.513356 0.314996
vt 0.512692 0.321608
vt 0.511267 0.318856
vt 0.441608 0.044773
vt 0.442945 0.043763
vt 0.443337 0.044779
vt 0.570429 0.312731
vt 0.815251 0.473622
vt 0.773612 0.750286
vt 0.773315 0.751881
vt 0.771927 0.750562
vt 0.823225 0.491729
vt 0.408128 0.315827
vt 0.287068 0.386695
vt 0.287017 0.384907
vt 0.287998 0.385665
vt 0.557577 0.483082
vt 0.557233 0.485063
vt 0.818156 0.473653
vt 0.296791 0.395947
vt 0.297785 0.394516
vt 0.297682 0.395683
vt 0.001711 0.804266
vt 0.004412 0.806170
vt 0.347754 0.204753
vt 0.348738 0.203871
vt 0.205531 0.796974
vt 0.207111 0.800216
vt 0.208053 0.796155
vt 0.046888 0.607220
vt 0.168336 0.847071
vt 0.169363 0.848048
vt 0.166041 0.850049
vt 0.038500 0.619839
vt 0.037732 0.619771
vt 0.038497 0.618506
vt 0.920461 0.751643
vt 0.919515 0.753513
vt 0.917768 0.752517
vt 0.033314 0.616500
vt 0.829021 0.482305
vt 0.985537 0.915080
vt 0.984274 0.914536
vt 0.986038 0.912856
vt 0.262288 0.645395
vt 0.262584 0.647584
vt 0.258655 0.646665
vt 0.206671 0.795446
vt 0.114913 0.447942
vt 0.116424 0.447631
vt 0.115413 0.449120
vt 0.808909 0.469681
vt 0.810690 0.468693
vt 0.757604 0.142081
vt 0.757502 0.140026
vt 0.758701 0.140339
vt 0.126120 0.943643
vt 0.123723 0.943407
vt 0.122440 0.941751
vt 0.323670 0.191269
vt 0.324504 0.192749
vt 0.322230 0.191674
vt 0.649645 0.389723
vt 0.650868 0.389626
vt 0.917008 0.457050
vt 0.917238 0.459083
vt 0.915369 0.458764
vt 0.373967 0.525938
vt 0.374739 0.525933
vt 0.374418 0.526268
vt 0.820398 0.254239
vt 0.820766 0.252993
vt 0.821865 0.253890
vt 0.021681 0.595867
vt 0.025609 0.587221
vt 0.357435 0.201619
vt 0.575659 0.979250
vt 0.572309 0.980782
vt 0.391553 0.204959
vt 0.390859 0.203523
vt 0.532531 0.931465
vt 0.535136 0.929199
vt 0.833918 0.503468
vt 0.806645 0.481699
vt 0.397723 0.021883
vt 0.396427 0.021483
vt 0.396891 0.020616
vt 0.611998 0.128233
vt 0.612010 0.128988
vt 0.611546 0.129088
vt 0.471622 0.602125
vt 0.473741 0.601026
vt 0.650804 0.448881
vt 0.828128 0.510173
vt 0.731063 0.410367
vt 0.730755 0.411566
vt 0.729386 0.411468
vt 0.837212 0.213757
vt 0.706683 0.374331
vt 0.836109 0.214440
vt 0.024211 0.074042
vt 0.024940 0.076054
vt 0.023352 0.074946
vt 0.478134 0.535601
vt 0.477102 0.536423
vt 0.477211 0.534834
vt 0.211692 0.797161
vt 0.226570 0.801597
vt 0.046887 0.590726
vt 0.833448 0.498157
vt 0.001260 0.504941
vt 0.002017 0.505306
vt 0.001011 0.506303
vt 0.984503 0.311656
vt 0.983959 0.316167
vt 0.982900 0.314184
vt 0.286251 0.757518
vt 0.289086 0.757282
vt 0.282932 0.759829
vt 0.809465 0.881185
vt 0.811268 0.882382
vt 0.810104 0.883307
vt 0.650474 0.446583
vt 0.356537 0.650352
vt 0.356178 0.648791
vt 0.356766 0.648216
vt 0.357226 0.651598
vt 0.971040 0.740295
vt 0.970257 0.741676
vt 0.968886 0.741885
vt 0.030826 0.618242
vt 0.026864 0.617593
vt 0.074622 0.998567
vt 0.052980 0.612708
vt 0.255779 0.166142
vt 0.258036 0.165526
vt 0.257070 0.166924
vt 0.687343 0.037992
vt 0.042608 0.594723
vt 0.469352 0.598485
vt 0.471421 0.599949
vt 0.713640 0.427238
vt 0.712499 0.427617
vt 0.713711 0.425839
vt 0.557520 0.071411
vt 0.556346 0.070747
vt 0.558096 0.070344
vt 0.570764 0.980765
vt 0.866901 0.536283
vt 0.865065 0.535203
vt 0.866696 0.535177
vt 0.368524 0.528506
vt 0.370163 0.526740
vt 0.370713 0.527525
vt 0.891372 0.703167
vt 0.891092 0.704926
vt 0.890311 0.703963
vt 0.634986 0.430707
vt 0.634024 0.428600
vt 0.636584 0.429345
vt 0.640200 0.792551
vt 0.637742 0.792654
vt 0.639358 0.791841
vt 0.253787 0.260293
vt 0.252689 0.261132
vt 0.251089 0.260356
vt 0.638485 0.791241
vt 0.636206 0.790425
vt 0.636097 0.790045
vt 0.803784 0.738088
vt 0.803835 0.738056
vt 0.805232 0.738585
vt 0.488592 0.092328
vt 0.486896 0.092447
vt 0.233303 0.796847
vt 0.236146 0.796982
vt 0.236186 0.796984
vt 0.186991 0.295773
vt 0.818921 0.511293
vt 0.236248 0.797159
vt 0.235090 0.800847
vt 0.837391 0.505380
vt 0.837304 0.508231
vt 0.273087 0.988842
vt 0.275519 0.991432
vt 0.272780 0.991144
vt 0.272739 0.990970
vt 0.373677 0.856759
vt 0.373153 0.858225
vt 0.372539 0.857544
vt 0.372572 0.857074
vt 0.463827 0.619618
vt 0.464377 0.620251
vt 0.465040 0.624226
vt 0.181925 0.879478
vt 0.184487 0.881396
vt 0.181274 0.880499
vt 0.181190 0.879970
vt 0.039457 0.620374
vt 0.806480 0.034121
vt 0.805946 0.033500
vt 0.805680 0.032995
vt 0.806611 0.033057
vt 0.032976 0.618707
vt 0.187003 0.295738
vt 0.818946 0.511226
vt 0.235067 0.800845
vt 0.236213 0.797186
vt 0.837305 0.508211
vt 0.837391 0.505380
vt 0.273087 0.988842
vt 0.272759 0.990850
vt 0.272832 0.991150
vt 0.275519 0.991432
vt 0.373677 0.856759
vt 0.372598 0.857067
vt 0.372566 0.857574
vt 0.373153 0.858225
vt 0.465040 0.624226
vt 0.464381 0.620276
vt 0.463823 0.619639
vt 0.181925 0.879478
vt 0.181232 0.879942
vt 0.181324 0.880513
vt 0.184487 0.881396
vt 0.039401 0.620267
vt 0.806480 0.034121
vt 0.806611 0.033057
vt 0.805694 0.032996
vt 0.805981 0.033541
vt 0.033222 0.618698
vt 0.370849 0.526635
vt 0.347155 0.202456
vt 0.348934 0.202070
vt 0.815214 0.468908
vt 0.816197 0.468950
vt 0.712573 0.423047
vt 0.712111 0.420235
vt 0.713099 0.420485
vt 0.713946 0.421747
vt 0.043153 0.576648
vt 0.043306 0.576665
vt 0.435123 0.951846
vt 0.437191 0.952127
vt 0.436887 0.953087
vt 0.435562 0.953856
vt 0.032271 0.574351
vt 0.034336 0.574847
vt 0.818389 0.469020
vt 0.818855 0.468627
vt 0.828418 0.466281
vt 0.828698 0.465861
vt 0.830414 0.467790
vt 0.058633 0.640055
vt 0.058528 0.639235
vt 0.059278 0.638678
vt 0.059264 0.638738
vt 0.370849 0.526636
vt 0.348934 0.202070
vt 0.347155 0.202456
vt 0.816201 0.468930
vt 0.815253 0.468862
vt 0.712573 0.423047
vt 0.713946 0.421747
vt 0.713097 0.420484
vt 0.712111 0.420235
vt 0.043307 0.576665
vt 0.148302 0.561073
vt 0.435123 0.951846
vt 0.435562 0.953856
vt 0.436851 0.953108
vt 0.437128 0.952119
vt 0.034336 0.574847
vt 0.032271 0.574351
vt 0.818764 0.468682
vt 0.818390 0.468997
vt 0.828435 0.466319
vt 0.830414 0.467790
vt 0.828705 0.465869
vt 0.058633 0.640055
vt 0.058528 0.639238
vn 0.6367 -0.1846 -0.7487
vn 0.6264 -0.1734 -0.7600
vn 0.6363 -0.1633 -0.7540
vn -0.2872 0.5748 -0.7662
vn 0.0973 -0.4043 -0.9094
vn -0.3587 0.0298 -0.9330
vn 0.3447 0.6751 0.6522
vn -0.1483 0.3624 0.9202
vn -0.1112 -0.2214 0.9688
vn 0.6738 0.2260 -0.7035
vn 0.6768 0.2152 -0.7040
vn 0.6565 0.2118 -0.7240
vn 0.7314 -0.0196 0.6817
vn 0.7443 -0.0241 0.6674
vn 0.7284 0.0089 0.6851
vn 0.9659 0.1345 -0.2212
vn 0.9682 0.1439 -0.2045
vn 0.9707 0.1249 -0.2052
vn 0.9508 -0.1933 0.2422
vn 0.9501 -0.1819 0.2534
vn 0.9448 -0.2083 0.2530
vn 0.9852 0.1254 -0.1168
vn 0.9868 0.1262 -0.1011
vn 0.9871 0.1143 -0.1125
vn 0.1551 -0.3075 -0.9388
vn 0.1507 -0.2947 -0.9436
vn 0.1640 -0.2961 -0.9410
vn 0.6941 0.0862 -0.7147
vn 0.6951 0.0630 -0.7161
vn 0.6868 0.0722 -0.7233
vn 0.9160 0.3065 -0.2590
vn 0.9114 0.3366 -0.2369
vn 0.9211 0.2975 -0.2511
vn 0.5442 0.2269 -0.8077
vn 0.5551 0.2104 -0.8048
vn 0.5347 0.2226 -0.8152
vn 0.4864 0.0723 -0.8708
vn 0.4910 0.0950 -0.8660
vn 0.5087 0.0845 -0.8568
vn 0.2172 0.4132 -0.8844
vn 0.2062 0.3981 -0.8939
vn 0.1904 0.4091 -0.8924
vn 0.8020 -0.3900 -0.4525
vn 0.7964 -0.4110 -0.4437
vn 0.7919 -0.4077 -0.4547
vn 0.1004 0.1171 0.9880
vn 0.0910 0.0975 0.9911
vn 0.1157 0.0895 0.9892
vn 0.0595 -0.5033 0.8620
vn 0.7239 -0.0497 0.6881
vn 0.0527 0.1808 0.9821
vn 0.9731 0.1817 -0.1417
vn 0.9627 0.2002 -0.1818
vn 0.9692 0.2011 -0.1422
vn 0.5495 -0.0139 0.8354
vn 0.5412 -0.0241 0.8405
vn 0.5576 -0.0327 0.8295
vn 0.9056 -0.2473 -0.3445
vn 0.9052 -0.2610 -0.3355
vn 0.9011 -0.2699 -0.3393
vn 0.1489 0.1237 0.9811
vn 0.1729 0.1237 0.9772
vn 0.1602 0.1387 0.9773
vn 0.8726 0.1495 0.4649
vn 0.8863 0.1333 0.4435
vn 0.8851 0.1562 0.4384
vn 0.1804 0.1027 -0.9782
vn 0.1669 0.1193 -0.9787
vn 0.1824 0.1219 -0.9756
vn 0.1040 0.3250 -0.9400
vn 0.1136 0.3150 -0.9423
vn 0.0984 0.3128 -0.9447
vn 0.4720 -0.0748 0.8784
vn 0.4861 -0.0643 0.8715
vn 0.4759 -0.0582 0.8776
vn 0.9931 -0.0883 0.0776
vn 0.9952 -0.0798 0.0574
vn 0.9947 -0.0694 0.0757
vn 0.7287 0.3533 0.5867
vn 0.7159 0.3465 0.6061
vn 0.7314 0.3286 0.5975
vn 0.4512 0.1342 -0.8822
vn 0.4474 0.1474 -0.8821
vn 0.4619 0.1475 -0.8746
vn 0.7871 -0.0814 0.6114
vn 0.7895 -0.1067 0.6044
vn 0.8041 -0.1033 0.5855
vn 0.9462 -0.0942 -0.3095
vn 0.9428 -0.1176 -0.3119
vn 0.9368 -0.0981 -0.3359
vn 0.9084 0.3099 -0.2806
vn 0.9208 0.2900 -0.2609
vn 0.9128 0.2874 -0.2903
vn 0.7150 0.0763 0.6950
vn 0.7421 0.0649 0.6672
vn 0.7360 0.0995 0.6697
vn 0.8238 0.1633 0.5429
vn 0.8389 0.1559 0.5215
vn 0.8348 0.1780 0.5210
vn 0.1990 0.2608 -0.9446
vn 0.2175 0.2578 -0.9414
vn 0.2110 0.2460 -0.9460
vn -0.1067 0.8976 -0.4277
vn 0.3736 0.7537 -0.5407
vn -0.1361 0.4201 -0.8972
vn -0.1434 0.4367 -0.8881
vn 0.0820 0.1784 -0.9805
vn 0.0954 0.1566 -0.9830
vn 0.0694 0.1600 -0.9847
vn 0.3505 0.0041 -0.9365
vn 0.3573 -0.0201 -0.9338
vn 0.3384 -0.0144 -0.9409
vn 0.6717 0.2135 0.7094
vn 0.6592 0.2331 0.7149
vn 0.6504 0.1796 0.7380
vn 0.2673 0.1872 -0.9452
vn 0.2696 0.2093 -0.9400
vn 0.2862 0.2056 -0.9359
vn 0.5628 0.2448 0.7895
vn 0.5460 0.2609 0.7961
vn 0.5466 0.2348 0.8038
vn 0.7758 0.1579 0.6109
vn 0.7895 0.1684 0.5902
vn 0.7759 0.1744 0.6063
vn 0.7755 0.2107 0.5952
vn 0.7651 0.2105 0.6086
vn 0.7736 0.1882 0.6050
vn 0.7492 0.0233 -0.6620
vn 0.7377 0.0290 -0.6745
vn 0.7492 0.0349 -0.6614
vn 0.7236 0.0357 -0.6893
vn 0.7347 0.0310 -0.6776
vn 0.7236 0.0238 -0.6898
vn 0.8906 0.1634 -0.4243
vn 0.8985 0.1433 -0.4149
vn 0.8908 0.1468 -0.4301
vn -0.3285 -0.2545 0.9096
vn 0.1768 0.5120 0.8406
vn -0.4135 0.3412 0.8442
vn 0.3992 -0.0052 -0.9168
vn 0.3989 0.0183 -0.9168
vn 0.4172 0.0061 -0.9088
vn 0.3490 -0.0272 -0.9367
vn 0.3615 -0.0038 -0.9324
vn 0.3718 -0.0239 -0.9280
vn 0.9287 -0.1513 0.3387
vn 0.9360 -0.1219 0.3302
vn 0.9308 -0.1099 0.3486
vn 0.6856 -0.0410 0.7268
vn 0.6826 -0.0495 0.7291
vn 0.6917 -0.0456 0.7208
vn 0.5218 0.2529 0.8147
vn 0.5321 0.2416 0.8115
vn 0.5344 0.2733 0.7998
vn 0.5162 0.2626 0.8152
vn 0.4653 0.3799 0.7995
vn 0.4353 0.3999 0.8066
vn 0.4431 0.3775 0.8131
vn 0.8767 0.4114 -0.2494
vn 0.8786 0.4180 -0.2310
vn 0.8920 0.3771 -0.2493
vn 0.8466 0.3890 -0.3632
vn 0.8464 0.4019 -0.3494
vn 0.8678 0.3707 -0.3310
vn 0.9597 -0.1310 -0.2485
vn 0.9598 -0.1148 -0.2562
vn 0.9649 -0.1027 -0.2418
vn 0.5259 -0.4244 -0.7371
vn 0.5088 -0.4319 -0.7447
vn 0.5149 -0.4129 -0.7513
vn 0.9900 -0.0470 -0.1333
vn 0.9860 -0.0922 -0.1389
vn 0.9839 -0.0150 -0.1780
vn 0.8854 -0.1686 -0.4331
vn 0.8766 -0.1677 -0.4510
vn 0.8883 -0.1601 -0.4305
vn 0.8782 -0.1834 -0.4417
vn 0.8853 -0.1626 -0.4356
vn 0.8889 -0.1709 -0.4250
vn 0.8655 0.0214 -0.5004
vn 0.8506 0.0310 -0.5249
vn 0.8649 0.0483 -0.4996
vn 0.6631 0.1520 0.7329
vn 0.6503 0.1721 0.7399
vn 0.6516 0.1429 0.7450
vn 0.6173 0.1218 0.7773
vn 0.5945 0.1285 0.7938
vn 0.6094 0.1117 0.7850
vn 0.8407 -0.4081 0.3560
vn 0.8447 -0.3961 0.3601
vn 0.8330 -0.4072 0.3745
vn 0.8347 -0.4216 0.3544
vn 0.7509 0.2892 0.5938
vn 0.7428 0.2699 0.6127
vn 0.7582 0.2650 0.5957
vn 0.5736 0.2835 0.7685
vn 0.6002 0.2903 0.7453
vn 0.5734 0.3091 0.7588
vn 0.8806 0.0865 -0.4658
vn 0.8786 0.1250 -0.4608
vn 0.8911 0.1079 -0.4408
vn 0.4208 0.1987 0.8851
vn 0.4046 0.1973 0.8929
vn 0.4148 0.1806 0.8918
vn 0.3500 0.0936 -0.9321
vn 0.3707 0.0905 -0.9243
vn 0.3561 0.0749 -0.9315
vn 0.4811 -0.2320 0.8454
vn -0.0977 0.0234 0.9949
vn -0.0678 -0.6738 0.7358
vn 0.7522 0.3240 0.5738
vn 0.7551 0.3380 0.5617
vn 0.7402 0.3386 0.5810
vn 0.5751 -0.0240 0.8177
vn 0.5658 -0.0462 0.8232
vn 0.5802 -0.0422 0.8134
vn 0.9934 -0.0793 0.0831
vn 0.9939 -0.0848 0.0710
vn 0.9957 -0.0655 0.0661
vn 0.3709 -0.2389 -0.8974
vn 0.3745 -0.2547 -0.8916
vn 0.3582 -0.2432 -0.9014
vn 0.8823 -0.4675 -0.0547
vn 0.8818 -0.4657 -0.0744
vn 0.8923 -0.4480 -0.0556
vn 0.6958 0.0082 0.7182
vn 0.6914 -0.0107 0.7224
vn 0.7150 0.0114 0.6990
vn 0.6732 -0.0100 0.7394
vn 0.6835 -0.0079 0.7299
vn 0.6852 0.0049 0.7284
vn 0.6687 0.0064 0.7435
vn -0.0699 0.5865 -0.8069
vn 0.6049 -0.0107 -0.7962
vn -0.1008 -0.1055 -0.9893
vn -0.0901 -0.0770 -0.9930
vn 0.7800 0.0869 -0.6198
vn 0.7784 0.1110 -0.6179
vn 0.7863 0.0973 -0.6101
vn 0.5478 0.0468 0.8353
vn -0.0605 0.0111 0.9981
vn 0.0325 -0.5697 0.8212
vn 0.6977 0.2794 0.6597
vn 0.6766 0.2980 0.6734
vn 0.6792 0.2744 0.6807
vn 0.7178 0.0131 0.6961
vn 0.7087 0.0279 0.7049
vn 0.7101 0.0022 0.7041
vn 0.9946 -0.0410 -0.0949
vn 0.9958 -0.0467 -0.0785
vn 0.9932 -0.0557 -0.1018
vn 0.9835 0.1455 -0.1075
vn 0.9863 0.1289 -0.1029
vn 0.9841 0.1343 -0.1166
vn 0.5898 -0.1655 0.7904
vn 0.5638 -0.1507 0.8121
vn 0.5687 -0.1975 0.7985
vn 0.8058 -0.1218 0.5796
vn 0.7787 -0.1236 0.6151
vn 0.8050 -0.1485 0.5743
vn 0.8523 0.0076 0.5230
vn 0.8364 -0.0087 0.5480
vn 0.8513 -0.0057 0.5247
vn 0.9470 -0.0744 -0.3124
vn 0.9536 -0.0772 -0.2908
vn 0.9475 -0.0899 -0.3067
vn 0.7356 0.3560 0.5764
vn 0.7508 0.3431 0.5644
vn 0.7454 0.3641 0.5584
vn 0.9941 0.0326 -0.1036
vn 0.9967 -0.0046 -0.0808
vn 0.9937 -0.0210 -0.1099
vn 0.6353 0.2357 0.7354
vn 0.6316 0.2589 0.7308
vn 0.6172 0.2479 0.7467
vn 0.7578 -0.0391 -0.6513
vn 0.7712 -0.0330 -0.6358
vn 0.7699 -0.0475 -0.6364
vn -0.0687 0.6094 -0.7899
vn 0.2692 0.4889 -0.8297
vn -0.0868 -0.0974 -0.9915
vn -0.1083 -0.0780 -0.9911
vn 0.5833 -0.2578 -0.7703
vn 0.5711 -0.2774 -0.7726
vn 0.5672 -0.2611 -0.7811
vn 0.3017 0.1657 0.9389
vn 0.2785 0.1545 0.9479
vn 0.2916 0.1395 0.9463
vn 0.9431 -0.0419 0.3300
vn 0.9410 -0.0195 0.3379
vn 0.9378 -0.0490 0.3437
vn 0.6294 -0.0840 -0.7725
vn 0.6378 -0.0872 -0.7653
vn 0.6395 -0.0992 -0.7624
vn 0.6273 -0.0962 -0.7728
vn 0.3297 -0.4365 -0.8371
vn 0.3128 -0.4375 -0.8431
vn 0.3281 -0.4223 -0.8450
vn 0.5319 -0.0365 0.8460
vn 0.5526 -0.0413 0.8324
vn 0.5474 -0.0243 0.8365
vn 0.5483 -0.0326 0.8357
vn 0.5568 -0.0227 0.8303
vn 0.5425 -0.0095 0.8400
vn 0.1389 -0.0656 0.9881
vn 0.1518 -0.1003 0.9833
vn 0.1587 -0.0792 0.9841
vn 0.4408 0.3704 -0.8176
vn 0.4486 0.3526 -0.8213
vn 0.4359 0.3540 -0.8274
vn 0.8633 -0.3769 0.3356
vn 0.8638 -0.3962 0.3111
vn 0.8727 -0.3682 0.3207
vn 0.9763 0.0720 0.2040
vn 0.9815 0.0343 0.1882
vn 0.9814 0.0817 0.1737
vn 0.0131 0.0667 -0.9977
vn 0.0130 0.0447 -0.9989
vn -0.0099 0.0657 -0.9978
vn -0.1879 0.3988 -0.8976
vn 0.3339 -0.4953 -0.8020
vn -0.2342 -0.2086 -0.9495
vn 0.2070 -0.3787 -0.9021
vn 0.1948 -0.3701 -0.9083
vn 0.2028 -0.3671 -0.9078
vn 0.7159 0.0146 0.6980
vn 0.7191 0.0364 0.6939
vn 0.7097 0.0213 0.7042
vn 0.3882 0.4385 0.8105
vn -0.0818 -0.1523 0.9849
vn -0.0505 -0.7522 0.6570
vn 0.7820 0.1630 0.6016
vn 0.7713 0.1873 0.6083
vn 0.7713 0.1650 0.6147
vn 0.4793 0.2512 -0.8409
vn 0.4725 0.2546 -0.8437
vn 0.4758 0.2722 -0.8364
vn 0.4938 0.2554 -0.8312
vn 0.4027 -0.1118 0.9085
vn 0.3756 -0.1113 0.9201
vn 0.3841 -0.1248 0.9148
vn 0.6860 0.3068 -0.6597
vn 0.6812 0.2943 -0.6703
vn 0.6639 0.3180 -0.6769
vn 0.9748 -0.1483 0.1665
vn 0.9698 -0.1612 0.1832
vn 0.9678 -0.1788 0.1774
vn 0.8991 -0.2507 -0.3588
vn 0.9022 -0.2562 -0.3471
vn 0.8904 -0.2665 -0.3691
vn 0.9190 0.2905 -0.2666
vn 0.9133 0.2925 -0.2833
vn 0.9121 0.3074 -0.2711
vn 0.8973 -0.2560 -0.3597
vn 0.9015 -0.2505 -0.3530
vn 0.9036 -0.2648 -0.3368
vn 0.7668 0.0201 0.6415
vn 0.8055 0.0164 0.5923
vn 0.7794 0.0885 0.6203
vn 0.3109 -0.1390 0.9402
vn 0.2887 -0.1331 0.9481
vn 0.2888 -0.1521 0.9452
vn 0.7916 0.2755 0.5454
vn 0.7964 0.2480 0.5516
vn 0.8048 0.2536 0.5366
vn 0.5984 0.2981 0.7436
vn 0.5748 0.2811 0.7685
vn 0.6023 0.2678 0.7520
vn -0.0246 -0.0008 0.9997
vn -0.0282 0.0149 0.9995
vn -0.0438 -0.0070 0.9990
vn 0.2647 0.0927 0.9599
vn 0.2502 0.0914 0.9639
vn 0.2548 0.0753 0.9641
vn 0.1443 -0.8049 -0.5755
vn -0.1876 -0.3308 -0.9249
vn -0.1450 0.3156 -0.9377
vn 0.5720 0.3106 -0.7592
vn 0.5629 0.3039 -0.7686
vn 0.5569 0.3195 -0.7667
vn 0.8021 -0.0496 0.5951
vn 0.7905 -0.0476 0.6106
vn 0.7855 -0.0706 0.6148
vn 0.7652 0.0071 0.6437
vn 0.7639 0.0346 0.6444
vn 0.7490 0.0173 0.6623
vn 0.7341 0.3503 0.5817
vn 0.7361 0.3367 0.5871
vn 0.7507 0.3367 0.5683
vn 0.7731 0.2332 0.5899
vn 0.7788 0.2525 0.5742
vn 0.7657 0.2505 0.5923
vn 0.9747 -0.1202 -0.1886
vn 0.9771 -0.0981 -0.1887
vn 0.9780 -0.1091 -0.1778
vn 0.0767 0.0907 0.9929
vn 0.0962 0.1031 0.9900
vn 0.0821 0.1218 0.9892
vn 0.4384 0.0494 -0.8974
vn 0.4240 0.0375 -0.9049
vn 0.4158 0.0506 -0.9080
vn 0.4334 0.0658 -0.8988
vn 0.3043 0.2004 0.9312
vn 0.2833 0.2194 0.9336
vn 0.2790 0.1974 0.9398
vn 0.1725 0.1159 0.9782
vn 0.1536 0.1110 0.9819
vn 0.1725 0.0859 0.9813
vn 0.6652 0.3337 0.6679
vn 0.6787 0.3505 0.6453
vn 0.6580 0.3560 0.6635
vn 0.8807 0.1583 0.4464
vn 0.8829 0.1254 0.4526
vn 0.8888 0.1482 0.4337
vn 0.9442 0.2918 -0.1529
vn 0.9538 0.2706 -0.1307
vn 0.9589 0.2294 -0.1670
vn 0.8863 -0.2144 -0.4105
vn 0.8918 -0.1912 -0.4101
vn 0.8920 -0.2074 -0.4016
vn 0.8758 -0.4823 0.0194
vn 0.8649 -0.5019 0.0050
vn 0.8754 -0.4833 -0.0095
vn 0.9328 -0.3242 0.1575
vn 0.9221 -0.3442 0.1771
vn 0.9261 -0.3432 0.1570
vn 0.6638 -0.2513 -0.7045
vn 0.6536 -0.2494 -0.7146
vn 0.6593 -0.2337 -0.7147
vn 0.8181 -0.2876 -0.4980
vn 0.8110 -0.3023 -0.5009
vn 0.8063 -0.2915 -0.5147
vn 0.7299 0.2707 0.6276
vn 0.7238 0.2962 0.6232
vn 0.7098 0.2815 0.6458
vn 0.5809 0.3076 0.7536
vn 0.5933 0.3176 0.7397
vn 0.5815 0.3371 0.7405
vn 0.4471 -0.2447 -0.8603
vn 0.4652 -0.2535 -0.8481
vn 0.4464 -0.2652 -0.8546
vn 0.4496 0.2820 0.8476
vn 0.4337 0.3152 0.8441
vn 0.4296 0.2909 0.8549
vn 0.8691 -0.3516 0.3479
vn 0.8626 -0.3722 0.3425
vn 0.8719 -0.3640 0.3276
vn 0.6185 -0.2623 -0.7407
vn 0.6100 -0.2802 -0.7412
vn 0.6044 -0.2671 -0.7506
vn 0.9121 0.2799 -0.2996
vn 0.9145 0.2962 -0.2758
vn 0.9210 0.2643 -0.2860
vn 0.1715 -0.0476 -0.9840
vn 0.1476 -0.0729 -0.9863
vn 0.1439 -0.0509 -0.9883
vn 0.3808 0.0472 -0.9234
vn 0.3864 0.0224 -0.9220
vn 0.3642 0.0415 -0.9304
vn 0.9762 -0.0833 0.2002
vn 0.9786 -0.0549 0.1981
vn 0.9752 -0.0731 0.2089
vn 0.9742 -0.0696 0.2149
vn 0.9782 -0.0538 0.2003
vn 0.9732 -0.0601 0.2218
vn 0.9394 0.3213 -0.1193
vn 0.9444 0.3119 -0.1039
vn 0.9469 0.2936 -0.1309
vn 0.7812 0.6189 -0.0818
vn 0.7777 0.6209 -0.0981
vn 0.7743 0.6276 -0.0815
vn 0.9456 0.2416 -0.2180
vn 0.9384 0.2612 -0.2262
vn 0.9414 0.2611 -0.2135
vn 0.8850 0.4411 -0.1489
vn 0.8913 0.4257 -0.1563
vn 0.8854 0.4283 -0.1804
vn 0.9605 -0.1883 0.2050
vn 0.9607 -0.2023 0.1899
vn 0.9641 -0.1793 0.1960
vn 0.9885 -0.1417 -0.0522
vn 0.9902 -0.1385 -0.0200
vn 0.9863 -0.1625 -0.0267
vn 0.5571 0.2548 0.7904
vn 0.5403 0.2478 0.8042
vn 0.5627 0.2228 0.7960
vn 0.5424 0.2651 -0.7972
vn 0.5307 0.2535 -0.8088
vn 0.5282 0.2658 -0.8064
vn 0.4999 0.5605 -0.6602
vn 0.5165 0.5421 -0.6628
vn 0.5006 0.5447 -0.6728
vn 0.2024 0.4227 -0.8834
vn 0.2165 0.4070 -0.8874
vn 0.2004 0.4013 -0.8938
vn 0.2181 0.3065 -0.9265
vn 0.2259 0.2907 -0.9298
vn 0.1967 0.2886 -0.9370
vn 0.6920 0.2673 0.6706
vn 0.6878 0.2956 0.6630
vn 0.6733 0.2830 0.6830
vn 0.6263 0.3529 0.6952
vn 0.6395 0.3680 0.6750
vn 0.6235 0.3761 0.6854
vn 0.9205 0.2959 -0.2550
vn 0.9179 0.3001 -0.2597
vn 0.9159 0.3070 -0.2586
vn 0.9208 0.3022 -0.2467
vn 0.7078 -0.1270 0.6949
vn 0.6988 -0.1093 0.7069
vn 0.6989 -0.1323 0.7029
vn 0.7360 -0.0848 0.6716
vn 0.7424 -0.0725 0.6660
vn 0.7239 -0.0703 0.6863
vn 0.6175 -0.2975 0.7281
vn 0.6111 -0.2988 0.7330
vn 0.6069 -0.3050 0.7339
vn 0.6197 -0.3231 0.7153
vn 0.1511 -0.3068 -0.9397
vn 0.1517 -0.2914 -0.9445
vn 0.1566 -0.3016 -0.9405
vn 0.8826 0.1034 0.4587
vn 0.8821 0.1194 0.4558
vn 0.8747 0.1088 0.4723
vn 0.9332 0.0190 -0.3588
vn 0.9292 0.0479 -0.3665
vn 0.9356 0.0372 -0.3512
vn -0.1792 0.7869 -0.5905
vn 0.3809 -0.0319 -0.9241
vn -0.2382 0.2392 -0.9413
vn 0.6416 0.2234 0.7338
vn 0.6384 0.2091 0.7408
vn 0.6555 0.2106 0.7252
vn 0.7131 0.1901 0.6748
vn 0.7186 0.1720 0.6738
vn 0.7218 0.1879 0.6661
vn 0.6951 -0.0595 0.7164
vn 0.6868 -0.0641 0.7240
vn 0.6991 -0.0792 0.7107
vn 0.0554 -0.6082 0.7918
vn 0.4046 -0.5013 0.7648
vn 0.0627 0.1267 0.9900
vn 0.0435 0.1021 0.9938
vn 0.9529 -0.2750 -0.1282
vn 0.9621 -0.2426 -0.1243
vn 0.9584 -0.2655 -0.1047
vn 0.9931 -0.0407 -0.1097
vn 0.9957 -0.0274 -0.0884
vn 0.9944 -0.0467 -0.0945
vn 0.8191 -0.0571 0.5709
vn 0.8026 -0.0672 0.5927
vn 0.8195 -0.0760 0.5680
vn 0.8486 -0.3422 0.4034
vn 0.8487 -0.3299 0.4134
vn 0.8341 -0.3610 0.4171
vn 0.7336 0.0155 0.6794
vn 0.7201 0.0113 0.6937
vn 0.7226 -0.0010 0.6912
vn 0.7458 0.0162 0.6660
vn 0.7407 0.0257 0.6713
vn 0.7361 0.0135 0.6767
vn 0.6785 0.0171 0.7344
vn 0.6786 0.0323 0.7338
vn 0.6624 0.0209 0.7488
vn 0.5941 0.0279 0.8039
vn 0.0039 0.2115 0.9774
vn 0.0074 -0.4359 0.9000
vn 0.5865 0.1302 0.7994
vn 0.5809 0.1628 0.7976
vn 0.5754 0.1440 0.8051
vn 0.6235 0.1017 0.7752
vn 0.6689 0.0818 0.7389
vn 0.6654 0.0952 0.7404
vn 0.5945 -0.1229 0.7947
vn 0.6058 -0.1499 0.7814
vn 0.6214 -0.1276 0.7730
vn 0.6144 -0.1939 0.7648
vn 0.6121 -0.1612 0.7742
vn 0.5866 -0.2026 0.7841
vn 0.4049 0.3019 0.8631
vn 0.4303 0.2984 0.8519
vn 0.4119 0.3366 0.8468
vn 0.5385 -0.0487 0.8412
vn -0.0558 0.0421 0.9976
vn -0.0520 -0.6181 0.7844
vn 0.9563 -0.2538 -0.1450
vn 0.9573 -0.2400 -0.1615
vn 0.9628 -0.2338 -0.1352
vn 0.0397 -0.1006 -0.9941
vn 0.0329 -0.1114 -0.9932
vn 0.0289 -0.1011 -0.9945
vn 0.2582 0.0615 0.9641
vn 0.2350 0.0452 0.9709
vn 0.2522 0.0348 0.9670
vn 0.1187 0.0790 0.9898
vn 0.1081 0.1014 0.9890
vn 0.1040 0.0754 0.9917
vn 0.8380 0.4569 -0.2984
vn 0.8290 0.4707 -0.3020
vn 0.8473 0.4624 -0.2613
vn 0.8921 0.1269 -0.4337
vn 0.8955 0.1174 -0.4293
vn 0.8870 0.1220 -0.4454
vn 0.7005 -0.4555 -0.5493
vn 0.7134 -0.4505 -0.5367
vn 0.7034 -0.4687 -0.5344
vn 0.8070 -0.3892 -0.4441
vn 0.7942 -0.3959 -0.4609
vn 0.8055 -0.3760 -0.4580
vn 0.6263 0.0565 -0.7775
vn 0.6290 0.0783 -0.7735
vn 0.6354 0.0607 -0.7698
vn 0.6980 0.1854 -0.6917
vn 0.6973 0.1605 -0.6985
vn 0.6867 0.1929 -0.7009
vn -0.2681 0.5409 -0.7972
vn 0.2044 0.2564 -0.9447
vn -0.3304 -0.0566 -0.9421
vn -0.3450 -0.0422 -0.9376
vn 0.6301 0.1974 -0.7510
vn 0.6448 0.1901 -0.7403
vn 0.6349 0.1789 -0.7516
vn 0.6628 0.3365 -0.6690
vn 0.6703 0.3229 -0.6682
vn 0.6564 0.3262 -0.6803
vn 0.9299 0.0364 -0.3660
vn 0.9234 0.0573 -0.3796
vn 0.9302 0.0530 -0.3632
vn 0.5606 0.0132 0.8280
vn 0.5450 0.0058 0.8384
vn 0.5532 -0.0057 0.8330
vn 0.5986 -0.5894 -0.5425
vn 0.5875 -0.5881 -0.5559
vn 0.6061 -0.5735 -0.5511
vn 0.9932 0.1161 -0.0059
vn 0.9893 0.1459 -0.0087
vn 0.9931 0.1166 0.0089
vn 0.7282 0.2185 -0.6496
vn 0.7225 0.2112 -0.6583
vn 0.7171 0.2222 -0.6606
vn 0.6176 0.0576 -0.7844
vn 0.6058 0.0508 -0.7940
vn 0.6074 0.0713 -0.7912
vn 0.4246 -0.1527 -0.8924
vn 0.4054 -0.1378 -0.9037
vn 0.4269 -0.1285 -0.8951
vn 0.4264 -0.1237 -0.8960
vn 0.4168 -0.1083 -0.9025
vn 0.4417 -0.1177 -0.8894
vn 0.8513 -0.4042 -0.3345
vn 0.8604 -0.4053 -0.3090
vn 0.8499 -0.4250 -0.3115
vn -0.0155 0.0741 0.9971
vn -0.0015 0.0527 0.9986
vn 0.0082 0.0650 0.9979
vn 0.3017 -0.0450 0.9523
vn 0.3245 -0.0527 0.9444
vn 0.3156 -0.0241 0.9486
vn 0.8507 -0.1337 0.5083
vn 0.8461 -0.1580 0.5091
vn 0.8558 -0.1463 0.4962
vn 0.4114 0.2007 -0.8891
vn 0.4255 0.2040 -0.8817
vn 0.4272 0.1819 -0.8857
vn 0.5988 -0.1841 -0.7795
vn 0.6059 -0.1924 -0.7719
vn 0.5916 -0.2012 -0.7808
vn 0.2017 0.3653 0.9088
vn 0.1843 0.3459 0.9200
vn 0.2172 0.3455 0.9129
vn 0.3611 0.3097 0.8796
vn 0.3814 0.2764 0.8821
vn 0.3894 0.2998 0.8709
vn 0.8557 0.0643 -0.5135
vn 0.8501 0.0784 -0.5208
vn 0.8569 0.0892 -0.5077
vn -0.0296 -0.5306 0.8471
vn 0.5198 0.3820 0.7641
vn -0.0695 0.0881 0.9937
vn 0.4680 -0.1928 -0.8625
vn 0.4746 -0.2138 -0.8539
vn 0.4565 -0.2087 -0.8649
vn -0.1406 0.6987 -0.7014
vn 0.1564 0.6207 -0.7683
vn -0.1771 0.0849 -0.9805
vn -0.1807 0.1106 -0.9773
vn 0.9889 -0.0618 -0.1355
vn 0.9847 -0.0844 -0.1526
vn 0.9831 -0.0577 -0.1736
vn 0.3260 -0.0350 0.9447
vn 0.3041 -0.0364 0.9520
vn 0.3033 -0.0581 0.9511
vn -0.0003 0.0054 -1.0000
vn 0.0094 0.0330 -0.9994
vn 0.0263 0.0074 -0.9996
vn 0.2946 -0.2688 -0.9170
vn 0.2941 -0.2530 -0.9217
vn 0.3090 -0.2589 -0.9152
vn 0.3897 -0.2674 -0.8812
vn 0.3841 -0.2475 -0.8895
vn 0.3977 -0.2505 -0.8827
vn -0.0049 -0.4340 -0.9009
vn -0.0048 -0.4214 -0.9069
vn 0.0041 -0.4193 -0.9078
vn 0.0607 -0.2239 -0.9727
vn 0.0665 -0.2168 -0.9740
vn 0.0691 -0.2294 -0.9709
vn -0.1585 0.4628 -0.8722
vn 0.2705 -0.6397 -0.7195
vn -0.2063 -0.1722 -0.9632
vn 0.1385 0.0196 -0.9902
vn 0.1098 0.0172 -0.9938
vn 0.1375 0.0419 -0.9896
vn 0.7560 -0.0713 0.6507
vn 0.7580 -0.0617 0.6494
vn 0.7482 -0.0589 0.6609
vn 0.5898 0.3136 0.7441
vn 0.5979 0.3332 0.7291
vn 0.5748 0.3325 0.7477
vn 0.6147 -0.0597 -0.7865
vn 0.6039 -0.0728 -0.7937
vn 0.6025 -0.0510 -0.7965
vn 0.3829 0.1560 0.9105
vn 0.4005 0.1586 0.9025
vn 0.3921 0.1712 0.9038
vn 0.9100 -0.1632 0.3811
vn 0.9168 -0.1738 0.3596
vn 0.9177 -0.1606 0.3633
vn 0.9773 -0.1412 0.1577
vn 0.9744 -0.1365 0.1789
vn 0.9724 -0.1495 0.1794
vn 0.9695 -0.1493 0.1945
vn 0.9691 -0.1719 0.1767
vn 0.9738 -0.1468 0.1737
vn 0.9561 -0.1727 -0.2370
vn 0.9582 -0.1609 -0.2364
vn 0.9591 -0.1775 -0.2205
vn 0.7776 0.2339 0.5836
vn 0.7769 0.2126 0.5926
vn 0.7917 0.2198 0.5700
vn 0.7540 0.0040 0.6568
vn 0.7473 0.0294 0.6638
vn 0.7339 0.0084 0.6792
vn 0.7695 0.1979 0.6072
vn 0.7850 0.1882 0.5902
vn 0.7809 0.2080 0.5890
vn 0.0808 -0.2358 0.9684
vn 0.1040 -0.2404 0.9651
vn 0.1042 -0.2225 0.9694
vn 0.9294 0.3450 -0.1315
vn 0.9372 0.3273 -0.1206
vn 0.9366 0.3120 -0.1598
vn 0.4868 0.3566 -0.7974
vn -0.1665 0.4483 -0.8783
vn -0.1234 0.9227 -0.3652
vn 0.6646 -0.3803 0.6432
vn 0.6628 -0.3889 0.6399
vn 0.6724 -0.3800 0.6351
vn 0.7118 0.0171 0.7022
vn 0.6916 -0.0085 0.7222
vn 0.7034 -0.0102 0.7107
vn 0.9616 0.0646 -0.2669
vn 0.9666 0.0979 -0.2368
vn 0.9693 0.0667 -0.2368
vn 0.1029 0.1161 0.9879
vn 0.0894 0.1122 0.9896
vn 0.0994 0.0942 0.9906
vn -0.0117 -0.3395 0.9405
vn 0.5720 0.2950 0.7654
vn -0.0257 0.2828 0.9588
vn -0.0212 0.2578 0.9660
vn 0.9514 -0.2906 -0.1017
vn 0.9529 -0.2769 -0.1235
vn 0.9576 -0.2709 -0.0981
vn 0.6877 0.1963 -0.6990
vn 0.6952 0.2053 -0.6889
vn 0.6994 0.1948 -0.6877
vn 0.5620 0.2933 0.7734
vn 0.5829 0.2807 0.7625
vn 0.5762 0.2971 0.7614
vn 0.1515 -0.1162 -0.9816
vn 0.1277 -0.1029 -0.9865
vn 0.1435 -0.0887 -0.9857
vn 0.2080 0.3967 -0.8941
vn 0.1981 0.4048 -0.8927
vn 0.2086 0.4187 -0.8838
vn 0.9868 -0.1249 0.1032
vn 0.9864 -0.1406 0.0855
vn 0.9900 -0.1101 0.0877
vn 0.8803 -0.0105 -0.4743
vn 0.8895 -0.0328 -0.4558
vn 0.8768 -0.0468 -0.4785
vn 0.9861 -0.0795 0.1460
vn 0.9919 -0.0686 0.1072
vn 0.9896 -0.0453 0.1362
vn 0.7535 0.1943 0.6281
vn 0.7751 0.1238 0.6196
vn 0.7723 0.1825 0.6085
vn 0.1205 0.1281 0.9844
vn 0.0876 0.1223 0.9886
vn 0.1028 0.1052 0.9891
vn 0.4742 -0.1341 -0.8702
vn 0.4795 -0.1080 -0.8709
vn 0.4931 -0.1191 -0.8618
vn 0.7469 0.2700 0.6076
vn 0.7624 0.2656 0.5900
vn 0.7607 0.2871 0.5822
vn 0.6818 0.0054 0.7315
vn 0.6822 0.0280 0.7306
vn 0.6715 0.0284 0.7404
vn 0.7126 0.0499 0.6998
vn 0.7257 0.0489 0.6863
vn 0.7296 0.0682 0.6805
vn 0.7103 0.0741 0.7000
vn 0.9633 -0.2061 0.1720
vn 0.9590 -0.2052 0.1956
vn 0.9601 -0.2143 0.1799
vn 0.6053 0.2623 -0.7515
vn 0.6024 0.2613 -0.7542
vn 0.5923 0.2677 -0.7599
vn 0.6025 0.2806 -0.7471
vn 0.5476 -0.0139 -0.8366
vn 0.5717 -0.0044 -0.8205
vn 0.5704 -0.0242 -0.8210
vn 0.0876 0.1137 0.9896
vn 0.0941 0.0827 0.9921
vn 0.1096 0.1087 0.9880
vn 0.8974 0.3586 -0.2572
vn 0.9145 0.3437 -0.2135
vn 0.9251 0.3163 -0.2100
vn 0.4102 0.3585 -0.8386
vn 0.4096 0.3357 -0.8482
vn 0.3878 0.3517 -0.8520
vn 0.0496 0.0221 0.9985
vn 0.0474 0.0471 0.9978
vn 0.0361 0.0351 0.9987
vn 0.0073 -0.4926 0.8702
vn 0.3978 -0.4080 0.8218
vn -0.0004 0.1466 0.9892
vn -0.0055 0.1183 0.9930
vn 0.3764 0.1100 0.9199
vn 0.3649 0.1088 0.9247
vn 0.3783 0.0898 0.9213
vn 0.4169 0.1473 0.8969
vn 0.4132 0.1302 0.9013
vn 0.4285 0.1275 0.8945
vn 0.3849 -0.1992 0.9012
vn 0.3724 -0.1770 0.9110
vn 0.3618 -0.1957 0.9115
vn 0.7999 -0.0502 0.5980
vn 0.7835 -0.0192 0.6211
vn 0.7765 -0.0701 0.6262
vn 0.9941 0.0164 0.1073
vn 0.9945 0.0460 0.0945
vn 0.9931 0.0442 0.1088
vn 0.8313 -0.0247 0.5553
vn 0.8231 -0.0038 0.5679
vn 0.8315 -0.0518 0.5531
vn -0.1920 0.6034 -0.7740
vn 0.3265 -0.3363 -0.8834
vn -0.2503 -0.0094 -0.9681
vn 0.3132 0.3198 -0.8942
vn -0.2640 0.0117 -0.9645
vn -0.1975 0.6668 -0.7186
vn 0.8848 -0.2683 -0.3809
vn 0.8924 -0.2617 -0.3675
vn 0.8870 -0.2790 -0.3680
vn 0.9005 -0.2401 -0.3625
vn 0.9034 -0.2166 -0.3702
vn 0.9119 -0.2084 -0.3535
vn 0.9962 -0.0511 0.0708
vn 0.9908 -0.0746 0.1129
vn 0.9923 -0.0891 0.0862
vn 0.3965 0.2392 0.8863
vn 0.3815 0.2565 0.8881
vn 0.3720 0.2308 0.8991
vn 0.1479 -0.2955 -0.9438
vn 0.1644 -0.2962 -0.9409
vn 0.1567 -0.3012 -0.9406
vn 0.5275 -0.1966 -0.8265
vn 0.5384 -0.1916 -0.8206
vn 0.5409 -0.2046 -0.8158
vn 0.9343 -0.3532 -0.0486
vn 0.9445 -0.3240 -0.0548
vn 0.9420 -0.3334 -0.0392
vn 0.4662 -0.2354 0.8528
vn 0.4832 -0.2651 0.8344
vn 0.4933 -0.2510 0.8329
vn 0.8397 0.0617 -0.5396
vn 0.8382 0.0591 -0.5421
vn 0.8359 0.0632 -0.5452
vn 0.2554 0.0429 0.9659
vn 0.2677 0.0452 0.9624
vn 0.2556 0.0656 0.9645
vn 0.9103 -0.3047 0.2800
vn 0.9112 -0.2904 0.2923
vn 0.9015 -0.3174 0.2942
vn -0.0319 -0.6938 0.7195
vn 0.4644 0.2497 0.8497
vn -0.0543 -0.0909 0.9944
vn 0.8498 0.5271 -0.0048
vn 0.8655 0.5004 0.0227
vn 0.8958 0.4443 0.0132
vn 0.6798 0.5070 0.5299
vn 0.7029 0.4541 0.5474
vn 0.7221 0.4804 0.4979
vn 0.8881 0.4507 -0.0899
vn 0.8552 0.5097 -0.0944
vn 0.8667 0.4926 -0.0789
vn 0.9655 0.2455 0.0872
vn 0.9687 0.2192 0.1168
vn 0.9726 0.2291 0.0401
vn 0.9633 0.2549 0.0839
vn -0.0021 0.2037 0.9790
vn 0.0011 0.1835 0.9830
vn 0.0121 -0.4182 0.9083
vn 0.5801 -0.0503 0.8130
vn 0.0435 0.2572 0.9654
vn 0.0197 0.2453 0.9693
vn 0.0482 -0.3845 0.9218
vn 0.4840 -0.2160 0.8480
vn -0.2528 -0.2569 -0.9328
vn -0.2532 -0.2422 -0.9366
vn -0.2016 0.3943 -0.8966
vn 0.2489 0.1640 -0.9545
vn -0.2187 0.4025 0.8889
vn -0.4654 -0.1325 0.8751
vn -0.1633 -0.1438 0.9760
vn 0.3804 0.5338 0.7553
vn -0.2272 0.4144 0.8813
vn -0.0462 -0.2466 0.9680
vn -0.0226 -0.8113 0.5842
vn 0.5804 0.0271 0.8139
vn 0.0060 -0.2624 0.9649
vn 0.0125 -0.7927 0.6095
vn 0.6037 -0.3936 0.6933
vn 0.0036 -0.2469 0.9690
vn -0.3085 0.0572 -0.9495
vn -0.2992 0.0891 -0.9500
vn -0.2422 0.6391 -0.7300
vn 0.3379 0.0580 -0.9394
vn -0.3924 0.2026 -0.8972
vn -0.3017 0.7656 -0.5682
vn 0.1944 0.3111 -0.9303
vn -0.0253 0.0176 0.9995
vn -0.0228 0.0013 0.9997
vn -0.0127 -0.6103 0.7921
vn 0.5792 -0.1893 0.7929
vn -0.0598 0.0139 0.9981
vn -0.0369 -0.5762 0.8164
vn 0.3346 0.5092 0.7930
vn -0.2075 -0.3439 -0.9158
vn -0.1979 -0.3313 -0.9225
vn -0.1563 0.3313 -0.9305
vn 0.4460 -0.3039 -0.8418
vn -0.1835 0.0970 -0.9782
vn -0.1442 0.6854 -0.7137
vn 0.4404 0.2505 -0.8622
vn -0.1856 0.0706 -0.9801
vn -0.0363 0.0534 0.9979
vn -0.0441 0.0320 0.9985
vn -0.0250 -0.6089 0.7929
vn 0.4132 -0.4397 0.7974
vn -0.6338 -0.1921 -0.7493
vn -0.6306 -0.1702 -0.7572
vn -0.6228 -0.1832 -0.7606
vn -0.2249 0.1496 -0.9628
vn 0.3599 0.0336 -0.9324
vn 0.2815 -0.5607 -0.7787
vn 0.0961 0.8494 0.5189
vn -0.4473 0.4731 0.7590
vn 0.1326 0.3626 0.9224
vn -0.6756 0.2174 -0.7044
vn -0.6551 0.2174 -0.7236
vn -0.6755 0.2045 -0.7085
vn -0.7408 -0.0185 0.6715
vn -0.7398 0.0114 0.6727
vn -0.7541 -0.0109 0.6567
vn -0.9677 0.1238 -0.2196
vn -0.9717 0.1180 -0.2045
vn -0.9695 0.1333 -0.2059
vn -0.9425 -0.2044 0.2644
vn -0.9350 -0.2239 0.2749
vn -0.9408 -0.1976 0.2756
vn -0.9866 0.1145 -0.1164
vn -0.9874 0.1041 -0.1190
vn -0.9882 0.1137 -0.1026
vn -0.1493 -0.3094 -0.9392
vn -0.1597 -0.3010 -0.9402
vn -0.1472 -0.2958 -0.9438
vn -0.6932 0.0778 -0.7165
vn -0.6866 0.0630 -0.7243
vn -0.6976 0.0573 -0.7142
vn -0.9191 0.2955 -0.2604
vn -0.9244 0.2864 -0.2517
vn -0.9209 0.3162 -0.2277
vn -0.5477 0.2192 -0.8074
vn -0.5365 0.2116 -0.8169
vn -0.5553 0.2018 -0.8068
vn -0.4893 0.0636 -0.8698
vn -0.5083 0.0753 -0.8579
vn -0.4876 0.0861 -0.8688
vn -0.2240 0.4047 -0.8866
vn -0.1950 0.4091 -0.8914
vn -0.2095 0.3955 -0.8943
vn -0.7962 -0.3987 -0.4551
vn -0.7864 -0.4175 -0.4553
vn -0.7941 -0.4161 -0.4431
vn -0.0978 0.1148 0.9886
vn -0.1187 0.0950 0.9884
vn -0.0859 0.0975 0.9915
vn -0.4436 -0.3775 0.8129
vn -0.0491 0.1755 0.9833
vn -0.0559 0.8032 0.5931
vn -0.9748 0.1678 -0.1468
vn -0.9731 0.1835 -0.1393
vn -0.9641 0.1950 -0.1805
vn -0.5532 -0.0153 0.8329
vn -0.5579 -0.0363 0.8291
vn -0.5439 -0.0250 0.8388
vn -0.8972 -0.2660 -0.3526
vn -0.8981 -0.2823 -0.3372
vn -0.9011 -0.2743 -0.3359
vn -0.1505 0.1160 0.9818
vn -0.1588 0.1346 0.9781
vn -0.1700 0.1167 0.9785
vn -0.8758 0.1493 0.4590
vn -0.8883 0.1452 0.4358
vn -0.8870 0.1227 0.4452
vn -0.1731 0.0999 -0.9798
vn -0.1818 0.1204 -0.9759
vn -0.1669 0.1171 -0.9790
vn -0.1069 0.3237 -0.9401
vn -0.1009 0.3115 -0.9449
vn -0.1165 0.3149 -0.9419
vn -0.4698 -0.0849 0.8787
vn -0.4679 -0.0658 0.8813
vn -0.4773 -0.0758 0.8754
vn -0.9920 -0.1007 0.0764
vn -0.9930 -0.0860 0.0804
vn -0.9945 -0.0887 0.0563
vn -0.7325 0.3480 0.5851
vn -0.7374 0.3243 0.5926
vn -0.7200 0.3414 0.6042
vn -0.4578 0.1279 -0.8798
vn -0.4624 0.1417 -0.8753
vn -0.4485 0.1438 -0.8822
vn -0.7960 -0.0852 0.5992
vn -0.8036 -0.1147 0.5840
vn -0.7906 -0.1173 0.6009
vn -0.9451 -0.1074 -0.3087
vn -0.9335 -0.1186 -0.3385
vn -0.9418 -0.1286 -0.3106
vn -0.9118 0.2984 -0.2820
vn -0.9115 0.2847 -0.2968
vn -0.9238 0.2656 -0.2758
vn -0.7168 0.0670 0.6940
vn -0.7424 0.0880 0.6641
vn -0.7410 0.0526 0.6695
vn -0.8263 0.1547 0.5416
vn -0.8329 0.1727 0.5258
vn -0.8428 0.1498 0.5169
vn -0.2023 0.2605 -0.9440
vn -0.2128 0.2433 -0.9463
vn -0.2194 0.2548 -0.9418
vn -0.4518 0.1076 -0.8856
vn 0.1314 0.4429 -0.8869
vn 0.1313 0.4214 -0.8973
vn 0.1006 -0.2652 -0.9589
vn -0.0818 0.1775 -0.9807
vn -0.0667 0.1649 -0.9841
vn -0.0966 0.1562 -0.9830
vn -0.3366 -0.0005 -0.9416
vn -0.3365 -0.0175 -0.9415
vn -0.3574 -0.0201 -0.9337
vn -0.6736 0.2067 0.7096
vn -0.6315 0.2063 0.7474
vn -0.6658 0.2260 0.7111
vn -0.2698 0.1832 -0.9453
vn -0.2875 0.1922 -0.9383
vn -0.2707 0.2059 -0.9404
vn -0.5650 0.2334 0.7914
vn -0.5476 0.2266 0.8054
vn -0.5461 0.2503 0.7995
vn -0.7773 0.1512 0.6108
vn -0.7765 0.1675 0.6074
vn -0.7916 0.1517 0.5919
vn -0.7785 0.2042 0.5935
vn -0.7799 0.1804 0.5994
vn -0.7690 0.2020 0.6065
vn -0.7486 0.0140 -0.6628
vn -0.7478 0.0259 -0.6634
vn -0.7371 0.0188 -0.6756
vn -0.7218 0.0256 -0.6916
vn -0.7230 0.0146 -0.6907
vn -0.7338 0.0234 -0.6789
vn -0.8913 0.1523 -0.4271
vn -0.8918 0.1357 -0.4316
vn -0.8999 0.1384 -0.4135
vn -0.2407 0.2746 0.9309
vn 0.8328 0.0669 0.5496
vn 0.3170 0.8183 0.4795
vn -0.3989 -0.0067 -0.9170
vn -0.4209 -0.0020 -0.9071
vn -0.3967 0.0120 -0.9179
vn -0.3534 -0.0326 -0.9349
vn -0.3729 -0.0311 -0.9273
vn -0.3584 -0.0085 -0.9335
vn -0.9256 -0.1623 0.3421
vn -0.9295 -0.1222 0.3480
vn -0.9348 -0.1347 0.3285
vn -0.6888 -0.0552 0.7228
vn -0.6962 -0.0590 0.7155
vn -0.6879 -0.0639 0.7229
vn -0.5437 0.2540 0.7999
vn -0.5368 0.2538 0.8046
vn -0.5321 0.2635 0.8046
vn -0.5476 0.2764 0.7898
vn -0.4786 0.3897 0.7868
vn -0.4573 0.3828 0.8027
vn -0.4553 0.4071 0.7918
vn -0.8809 0.4055 -0.2441
vn -0.8930 0.3679 -0.2594
vn -0.8876 0.3992 -0.2299
vn -0.8474 0.3862 -0.3643
vn -0.8705 0.3539 -0.3421
vn -0.8538 0.3896 -0.3454
vn -0.9572 -0.1434 -0.2516
vn -0.9629 -0.1138 -0.2446
vn -0.9583 -0.1253 -0.2570
vn -0.5203 -0.4246 -0.7409
vn -0.5070 -0.4200 -0.7527
vn -0.5020 -0.4381 -0.7457
vn -0.9902 -0.0919 -0.1050
vn -0.9885 -0.0174 -0.1505
vn -0.9827 -0.0875 -0.1631
vn -0.8819 -0.1804 -0.4355
vn -0.8839 -0.1687 -0.4361
vn -0.8740 -0.1771 -0.4526
vn -0.8749 -0.1935 -0.4439
vn -0.8864 -0.1775 -0.4277
vn -0.8816 -0.1741 -0.4386
vn -0.8640 0.0095 -0.5035
vn -0.8641 0.0379 -0.5018
vn -0.8501 0.0247 -0.5260
vn -0.6756 0.1502 0.7218
vn -0.6671 0.1369 0.7323
vn -0.6651 0.1691 0.7274
vn -0.6122 0.1197 0.7816
vn -0.6098 0.1014 0.7860
vn -0.5978 0.1235 0.7921
vn -0.8224 -0.4275 0.3754
vn -0.8294 -0.4244 0.3632
vn -0.8189 -0.4425 0.3656
vn -0.8151 -0.4322 0.3857
vn -0.7568 0.2770 0.5921
vn -0.7638 0.2532 0.5937
vn -0.7483 0.2581 0.6112
vn -0.5828 0.2749 0.7647
vn -0.5800 0.3034 0.7560
vn -0.6057 0.2879 0.7418
vn -0.8832 0.0729 -0.4632
vn -0.8920 0.0931 -0.4424
vn -0.8807 0.1153 -0.4595
vn -0.4190 0.2029 0.8850
vn -0.4160 0.1801 0.8914
vn -0.4066 0.1956 0.8924
vn -0.3503 0.0902 -0.9323
vn -0.3501 0.0717 -0.9340
vn -0.3689 0.0922 -0.9249
vn 0.0731 0.6104 0.7887
vn -0.2964 -0.5712 0.7654
vn 0.0997 0.0199 0.9948
vn -0.7589 0.3159 0.5694
vn -0.7460 0.3347 0.5757
vn -0.7620 0.3262 0.5594
vn -0.5698 -0.0322 0.8211
vn -0.5782 -0.0465 0.8146
vn -0.5549 -0.0419 0.8309
vn -0.9925 -0.0913 0.0816
vn -0.9947 -0.0765 0.0684
vn -0.9930 -0.0966 0.0687
vn -0.3673 -0.2437 -0.8976
vn -0.3550 -0.2581 -0.8985
vn -0.3689 -0.2599 -0.8924
vn -0.8766 -0.4778 -0.0570
vn -0.8864 -0.4591 -0.0599
vn -0.8733 -0.4814 -0.0749
vn -0.6816 0.0361 0.7308
vn -0.7024 0.0369 0.7108
vn -0.6771 0.0188 0.7357
vn -0.6823 -0.0203 0.7308
vn -0.6664 -0.0200 0.7453
vn -0.6676 0.0026 0.7445
vn -0.6815 -0.0042 0.7318
vn -0.3445 -0.5762 -0.7412
vn 0.0941 -0.0763 -0.9926
vn 0.1064 -0.1014 -0.9891
vn 0.0705 -0.7363 -0.6730
vn -0.7800 0.0771 -0.6210
vn -0.7865 0.0881 -0.6113
vn -0.7785 0.1010 -0.6195
vn -0.0362 0.6053 0.7952
vn -0.5362 -0.0722 0.8410
vn 0.0568 0.0241 0.9981
vn -0.7019 0.2724 0.6582
vn -0.6837 0.2650 0.6799
vn -0.6812 0.2891 0.6726
vn -0.7156 0.0098 0.6985
vn -0.7098 -0.0045 0.7044
vn -0.7083 0.0239 0.7055
vn -0.9940 -0.0535 -0.0956
vn -0.9922 -0.0670 -0.1049
vn -0.9945 -0.0649 -0.0818
vn -0.9850 0.1333 -0.1094
vn -0.9853 0.1230 -0.1184
vn -0.9877 0.1165 -0.1044
vn -0.6026 -0.1695 0.7798
vn -0.5692 -0.2080 0.7954
vn -0.5676 -0.1765 0.8042
vn -0.8413 -0.1198 0.5271
vn -0.8368 -0.1633 0.5225
vn -0.8241 -0.1409 0.5487
vn -0.8532 -0.0028 0.5217
vn -0.8512 -0.0161 0.5246
vn -0.8370 -0.0064 0.5472
vn -0.9478 -0.0824 -0.3080
vn -0.9459 -0.1019 -0.3080
vn -0.9522 -0.0885 -0.2925
vn -0.7419 0.3560 0.5683
vn -0.7490 0.3635 0.5540
vn -0.7578 0.3397 0.5571
vn -0.9941 0.0200 -0.1067
vn -0.9932 -0.0335 -0.1116
vn -0.9967 -0.0032 -0.0805
vn -0.6390 0.2248 0.7356
vn -0.6227 0.2340 0.7467
vn -0.6330 0.2509 0.7323
vn -0.7580 -0.0486 -0.6504
vn -0.7693 -0.0556 -0.6365
vn -0.7678 -0.0360 -0.6397
vn -0.6033 -0.0156 -0.7974
vn 0.1099 -0.0744 -0.9912
vn 0.0880 -0.0962 -0.9915
vn 0.0723 -0.7127 -0.6978
vn -0.5784 -0.2645 -0.7717
vn -0.5632 -0.2674 -0.7819
vn -0.5676 -0.2847 -0.7725
vn -0.3033 0.1530 0.9405
vn -0.2926 0.1327 0.9470
vn -0.2767 0.1487 0.9494
vn -0.9442 -0.0485 0.3258
vn -0.9382 -0.0579 0.3412
vn -0.9419 -0.0291 0.3347
vn -0.6411 -0.0941 -0.7617
vn -0.6287 -0.0942 -0.7720
vn -0.6251 -0.1060 -0.7733
vn -0.6348 -0.1094 -0.7649
vn -0.3224 -0.4412 -0.8375
vn -0.3138 -0.4275 -0.8478
vn -0.3063 -0.4427 -0.8427
vn -0.5373 -0.0443 0.8422
vn -0.5565 -0.0272 0.8304
vn -0.5565 -0.0435 0.8297
vn -0.5525 -0.0358 0.8328
vn -0.5422 -0.0176 0.8400
vn -0.5613 -0.0271 0.8272
vn -0.1139 -0.0690 0.9911
vn -0.1355 -0.0770 0.9878
vn -0.1224 -0.1001 0.9874
vn -0.4470 0.3640 -0.8171
vn -0.4379 0.3510 -0.8277
vn -0.4518 0.3471 -0.8219
vn -0.8549 -0.3898 0.3424
vn -0.8651 -0.3799 0.3276
vn -0.8476 -0.4112 0.3355
vn -0.9771 0.0540 0.2058
vn -0.9837 0.0656 0.1676
vn -0.9819 0.0220 0.1883
vn -0.0114 0.0675 -0.9977
vn 0.0128 0.0576 -0.9983
vn -0.0045 0.0419 -0.9991
vn -0.2846 0.1235 -0.9506
vn 0.2382 -0.2088 -0.9485
vn 0.1865 -0.7616 -0.6206
vn -0.2019 -0.3806 -0.9024
vn -0.1962 -0.3694 -0.9083
vn -0.1890 -0.3706 -0.9094
vn -0.7251 0.0149 0.6885
vn -0.7189 0.0197 0.6948
vn -0.7228 0.0392 0.6899
vn 0.0410 0.5966 0.8015
vn -0.5628 0.0903 0.8216
vn 0.0747 -0.1510 0.9857
vn -0.7858 0.1543 0.5989
vn -0.7750 0.1548 0.6127
vn -0.7814 0.1764 0.5986
vn -0.4791 0.2460 -0.8426
vn -0.4889 0.2408 -0.8385
vn -0.4960 0.2517 -0.8310
vn -0.4761 0.2653 -0.8384
vn -0.3958 -0.1146 0.9111
vn -0.3769 -0.1306 0.9170
vn -0.3722 -0.1139 0.9212
vn -0.6897 0.2950 -0.6613
vn -0.6750 0.3188 -0.6654
vn -0.6806 0.2878 -0.6738
vn -0.9785 -0.1760 0.1073
vn -0.9754 -0.1788 0.1291
vn -0.9775 -0.1615 0.1358
vn -0.8959 -0.2619 -0.3589
vn -0.8865 -0.2783 -0.3698
vn -0.8986 -0.2668 -0.3483
vn -0.9210 0.2727 -0.2782
vn -0.9155 0.2959 -0.2725
vn -0.9141 0.2873 -0.2861
vn -0.8935 -0.2701 -0.3587
vn -0.9002 -0.2751 -0.3375
vn -0.8979 -0.2622 -0.3536
vn -0.7700 -0.0186 0.6378
vn -0.7489 0.0560 0.6603
vn -0.7836 0.0228 0.6209
vn -0.2973 -0.1376 0.9448
vn -0.2836 -0.1532 0.9466
vn -0.2772 -0.1339 0.9514
vn -0.7998 0.2616 0.5402
vn -0.8135 0.2458 0.5271
vn -0.8042 0.2369 0.5451
vn -0.5978 0.3012 0.7429
vn -0.5995 0.2644 0.7554
vn -0.5773 0.2798 0.7671
vn 0.0380 -0.0046 0.9993
vn 0.0616 0.0059 0.9981
vn 0.0420 0.0111 0.9991
vn -0.2660 0.0865 0.9601
vn -0.2584 0.0685 0.9636
vn -0.2542 0.0879 0.9631
vn 0.1466 -0.8511 -0.5041
vn -0.3050 0.0949 -0.9476
vn 0.1927 -0.3264 -0.9254
vn -0.5738 0.3085 -0.7587
vn -0.5612 0.3135 -0.7660
vn -0.5614 0.2986 -0.7718
vn -0.8032 -0.0697 0.5916
vn -0.7860 -0.0893 0.6117
vn -0.7894 -0.0689 0.6100
vn -0.7650 0.0031 0.6441
vn -0.7469 0.0113 0.6648
vn -0.7642 0.0269 0.6444
vn -0.7432 0.3424 0.5748
vn -0.7569 0.3278 0.5654
vn -0.7437 0.3259 0.5837
vn -0.7796 0.2179 0.5871
vn -0.7727 0.2327 0.5906
vn -0.7859 0.2371 0.5711
vn -0.9732 -0.1336 -0.1872
vn -0.9759 -0.1241 -0.1794
vn -0.9759 -0.1098 -0.1884
vn -0.0710 0.0958 0.9929
vn -0.0817 0.1245 0.9888
vn -0.0954 0.1080 0.9896
vn -0.4210 0.0428 -0.9061
vn -0.4346 0.0323 -0.9000
vn -0.4361 0.0586 -0.8980
vn -0.4155 0.0423 -0.9086
vn -0.3005 0.1976 0.9331
vn -0.2740 0.2010 0.9405
vn -0.2778 0.2192 0.9353
vn -0.1725 0.1152 0.9783
vn -0.1669 0.0864 0.9822
vn -0.1496 0.1081 0.9828
vn -0.6724 0.3267 0.6642
vn -0.6619 0.3504 0.6626
vn -0.6814 0.3477 0.6440
vn -0.8846 0.1488 0.4420
vn -0.8915 0.1381 0.4315
vn -0.8843 0.1162 0.4522
vn -0.9477 0.2792 -0.1544
vn -0.9661 0.2095 -0.1511
vn -0.9568 0.2586 -0.1329
vn -0.8819 -0.2223 -0.4157
vn -0.8894 -0.2163 -0.4027
vn -0.8880 -0.2027 -0.4128
vn -0.8708 -0.4915 0.0149
vn -0.8704 -0.4922 -0.0115
vn -0.8590 -0.5119 0.0075
vn -0.9293 -0.3346 0.1564
vn -0.9234 -0.3532 0.1503
vn -0.9194 -0.3533 0.1730
vn -0.6616 -0.2552 -0.7051
vn -0.6554 -0.2420 -0.7155
vn -0.6500 -0.2584 -0.7147
vn -0.8138 -0.2983 -0.4988
vn -0.8010 -0.3035 -0.5161
vn -0.8072 -0.3121 -0.5010
vn -0.7285 0.2654 0.6315
vn -0.7127 0.2751 0.6453
vn -0.7233 0.2954 0.6241
vn -0.5739 0.3121 0.7571
vn -0.5752 0.3382 0.7448
vn -0.5893 0.3191 0.7422
vn -0.4409 -0.2523 -0.8614
vn -0.4433 -0.2716 -0.8542
vn -0.4608 -0.2559 -0.8498
vn -0.4918 0.2730 0.8268
vn -0.4371 0.2867 0.8525
vn -0.4446 0.3195 0.8368
vn -0.8598 -0.3646 0.3575
vn -0.8647 -0.3747 0.3346
vn -0.8553 -0.3838 0.3481
vn -0.6146 -0.2715 -0.7406
vn -0.5996 -0.2757 -0.7513
vn -0.6132 -0.2853 -0.7366
vn -0.9150 0.2744 -0.2959
vn -0.9232 0.2525 -0.2897
vn -0.9265 0.2668 -0.2655
vn -0.1708 -0.0533 -0.9839
vn -0.1429 -0.0515 -0.9884
vn -0.1528 -0.0752 -0.9854
vn -0.3822 0.0417 -0.9231
vn -0.3632 0.0269 -0.9313
vn -0.3889 0.0205 -0.9210
vn -0.9758 -0.0941 0.1976
vn -0.9755 -0.0807 0.2045
vn -0.9789 -0.0650 0.1937
vn -0.9752 -0.0833 0.2051
vn -0.9748 -0.0731 0.2107
vn -0.9794 -0.0676 0.1903
vn -0.9432 0.3093 -0.1215
vn -0.9474 0.2880 -0.1398
vn -0.9502 0.2922 -0.1089
vn -0.7901 0.6072 -0.0842
vn -0.7796 0.6193 -0.0928
vn -0.7855 0.6108 -0.0993
vn -0.9461 0.2307 -0.2275
vn -0.9463 0.2427 -0.2135
vn -0.9413 0.2490 -0.2280
vn -0.8926 0.4263 -0.1465
vn -0.8862 0.4274 -0.1788
vn -0.8963 0.4141 -0.1586
vn -0.9594 -0.2021 0.1966
vn -0.9628 -0.1936 0.1888
vn -0.9593 -0.2169 0.1810
vn -0.9866 -0.1567 -0.0460
vn -0.9844 -0.1742 -0.0228
vn -0.9896 -0.1431 -0.0148
vn -0.5623 0.2424 0.7906
vn -0.5674 0.2139 0.7952
vn -0.5429 0.2388 0.8051
vn -0.5453 0.2562 -0.7982
vn -0.5306 0.2594 -0.8069
vn -0.5308 0.2480 -0.8104
vn -0.5022 0.5539 -0.6641
vn -0.5062 0.5386 -0.6735
vn -0.5222 0.5345 -0.6645
vn -0.2103 0.4210 -0.8823
vn -0.2019 0.4013 -0.8934
vn -0.2202 0.4041 -0.8878
vn -0.2051 0.3050 -0.9300
vn -0.1981 0.2884 -0.9368
vn -0.2262 0.2828 -0.9321
vn -0.6994 0.2624 0.6648
vn -0.6781 0.2760 0.6812
vn -0.6932 0.2880 0.6607
vn -0.6295 0.3491 0.6942
vn -0.6237 0.3686 0.6893
vn -0.6429 0.3635 0.6742
vn -0.9204 0.2893 -0.2631
vn -0.9242 0.2846 -0.2547
vn -0.9236 0.2935 -0.2467
vn -0.9190 0.2982 -0.2580
vn -0.7059 -0.1326 0.6958
vn -0.6977 -0.1404 0.7025
vn -0.6965 -0.1163 0.7081
vn -0.7252 -0.1063 0.6803
vn -0.7128 -0.0920 0.6953
vn -0.7280 -0.0891 0.6797
vn -0.5950 -0.3245 0.7353
vn -0.6154 -0.3198 0.7205
vn -0.5978 -0.3551 0.7187
vn -0.5904 -0.3346 0.7345
vn -0.1446 -0.3079 -0.9403
vn -0.1516 -0.3027 -0.9410
vn -0.1476 -0.2930 -0.9446
vn -0.8854 0.0941 0.4552
vn -0.8771 0.1017 0.4694
vn -0.8846 0.1103 0.4532
vn -0.9333 0.0069 -0.3590
vn -0.9355 0.0241 -0.3525
vn -0.9294 0.0369 -0.3672
vn -0.4093 0.3683 -0.8347
vn 0.2361 0.2474 -0.9397
vn 0.1764 -0.4152 -0.8925
vn -0.6446 0.2165 0.7332
vn -0.6579 0.2088 0.7236
vn -0.6430 0.1997 0.7393
vn -0.7169 0.1779 0.6741
vn -0.7269 0.1771 0.6635
vn -0.7248 0.1618 0.6697
vn -0.6991 -0.0719 0.7114
vn -0.6956 -0.0958 0.7120
vn -0.6907 -0.0780 0.7189
vn -0.7192 -0.0828 0.6899
vn -0.0501 0.0906 0.9946
vn -0.0591 0.1249 0.9904
vn -0.0554 0.7589 0.6488
vn -0.9491 -0.2877 -0.1285
vn -0.9555 -0.2755 -0.1057
vn -0.9587 -0.2548 -0.1262
vn -0.9927 -0.0492 -0.1105
vn -0.9935 -0.0593 -0.0974
vn -0.9953 -0.0417 -0.0875
vn -0.8292 -0.0441 0.5573
vn -0.8277 -0.0643 0.5575
vn -0.8149 -0.0379 0.5783
vn -0.8505 -0.3654 0.3784
vn -0.8351 -0.3785 0.3992
vn -0.8509 -0.3537 0.3885
vn -0.7417 -0.0037 0.6708
vn -0.7286 -0.0082 0.6849
vn -0.7263 0.0035 0.6874
vn -0.7478 0.0049 0.6639
vn -0.7398 0.0012 0.6729
vn -0.7426 0.0152 0.6695
vn -0.6827 0.0075 0.7307
vn -0.6654 0.0218 0.7462
vn -0.6812 0.0226 0.7318
vn -0.0173 0.7514 0.6596
vn -0.4586 -0.2571 0.8506
vn -0.0158 0.2113 0.9773
vn -0.5903 0.1265 0.7972
vn -0.5776 0.1409 0.8041
vn -0.5884 0.1566 0.7932
vn -0.6212 0.0758 0.7800
vn -0.6571 0.0650 0.7510
vn -0.6647 0.0481 0.7456
vn -0.5958 -0.1261 0.7931
vn -0.6216 -0.1378 0.7711
vn -0.6130 -0.1578 0.7741
vn -0.6085 -0.2153 0.7638
vn -0.5821 -0.2163 0.7838
vn -0.6080 -0.1789 0.7736
vn -0.4105 0.3118 0.8569
vn -0.4210 0.3372 0.8420
vn -0.4426 0.3009 0.8447
vn 0.0519 0.6118 0.7893
vn -0.3959 -0.4546 0.7978
vn 0.0538 0.0399 0.9978
vn -0.9534 -0.2652 -0.1440
vn -0.9595 -0.2414 -0.1450
vn -0.9531 -0.2549 -0.1633
vn -0.0511 -0.0969 -0.9940
vn -0.0229 -0.1014 -0.9946
vn -0.0313 -0.1117 -0.9932
vn -0.2652 0.0555 0.9626
vn -0.2532 0.0334 0.9668
vn -0.2365 0.0478 0.9705
vn -0.1152 0.0783 0.9903
vn -0.1018 0.0766 0.9918
vn -0.1107 0.1026 0.9885
vn -0.8429 0.4466 -0.3001
vn -0.8576 0.4402 -0.2659
vn -0.8354 0.4628 -0.2964
vn -0.8934 0.1151 -0.4342
vn -0.8889 0.1048 -0.4460
vn -0.8938 0.1021 -0.4366
vn -0.6932 -0.4654 -0.5503
vn -0.6964 -0.4776 -0.5357
vn -0.7064 -0.4588 -0.5389
vn -0.8010 -0.4000 -0.4454
vn -0.7996 -0.3863 -0.4598
vn -0.7887 -0.4068 -0.4609
vn -0.6159 0.0440 -0.7866
vn -0.6381 0.0498 -0.7684
vn -0.6304 0.0706 -0.7731
vn -0.6993 0.1763 -0.6927
vn -0.6880 0.1843 -0.7020
vn -0.6845 0.1586 -0.7116
vn -0.2836 -0.0421 -0.9580
vn 0.3338 -0.0431 -0.9417
vn 0.3305 -0.0539 -0.9423
vn 0.2697 -0.6206 -0.7362
vn -0.6341 0.1921 -0.7490
vn -0.6320 0.1744 -0.7550
vn -0.6461 0.1790 -0.7420
vn -0.6687 0.3266 -0.6680
vn -0.6582 0.3224 -0.6804
vn -0.6709 0.3118 -0.6728
vn -0.9293 0.0248 -0.3686
vn -0.9304 0.0409 -0.3642
vn -0.9232 0.0436 -0.3819
vn -0.5663 0.0106 0.8241
vn -0.5552 -0.0055 0.8317
vn -0.5488 0.0067 0.8360
vn -0.5925 -0.5951 -0.5429
vn -0.5970 -0.5801 -0.5541
vn -0.5792 -0.5953 -0.5570
vn -0.9947 0.1030 -0.0065
vn -0.9940 0.1088 0.0094
vn -0.9911 0.1324 -0.0124
vn -0.7261 0.2169 -0.6525
vn -0.7187 0.2129 -0.6619
vn -0.7240 0.2021 -0.6596
vn -0.6168 0.0481 -0.7857
vn -0.6065 0.0634 -0.7926
vn -0.6097 0.0398 -0.7916
vn -0.4267 -0.1532 -0.8913
vn -0.4176 -0.1302 -0.8993
vn -0.4022 -0.1439 -0.9042
vn -0.4215 -0.1288 -0.8976
vn -0.4380 -0.1151 -0.8916
vn -0.4136 -0.1141 -0.9033
vn -0.8452 -0.4156 -0.3360
vn -0.8445 -0.4355 -0.3118
vn -0.8548 -0.4154 -0.3111
vn 0.0136 0.0830 0.9965
vn -0.0013 0.0670 0.9977
vn 0.0089 0.0558 0.9984
vn -0.2914 -0.0433 0.9556
vn -0.3025 -0.0228 0.9529
vn -0.3067 -0.0595 0.9499
vn -0.8393 -0.1678 0.5171
vn -0.8501 -0.1745 0.4969
vn -0.8362 -0.1921 0.5137
vn -0.4123 0.1905 -0.8909
vn -0.4297 0.1771 -0.8854
vn -0.4266 0.1987 -0.8824
vn -0.5931 -0.1926 -0.7818
vn -0.5882 -0.2093 -0.7811
vn -0.6020 -0.2022 -0.7725
vn -0.1919 0.3645 0.9112
vn -0.2103 0.3443 0.9150
vn -0.1818 0.3404 0.9225
vn -0.3600 0.3031 0.8823
vn -0.3864 0.3010 0.8718
vn -0.3853 0.2733 0.8814
vn -0.8557 0.0535 -0.5148
vn -0.8571 0.0785 -0.5092
vn -0.8501 0.0668 -0.5223
vn -0.5100 -0.1659 0.8440
vn 0.0686 0.0860 0.9939
vn 0.0265 0.7085 0.7053
vn -0.4631 -0.1988 -0.8637
vn -0.4535 -0.2174 -0.8643
vn -0.4732 -0.2159 -0.8541
vn -0.4737 0.0788 -0.8771
vn 0.1818 0.1116 -0.9770
vn 0.1769 0.0871 -0.9804
vn 0.1417 -0.5252 -0.8391
vn -0.9868 -0.0751 -0.1433
vn -0.9826 -0.0771 -0.1689
vn -0.9851 -0.0953 -0.1432
vn -0.3202 -0.0372 0.9466
vn -0.2938 -0.0483 0.9546
vn -0.2981 -0.0271 0.9541
vn -0.0032 -0.0011 -1.0000
vn -0.0252 0.0082 -0.9996
vn -0.0117 0.0334 -0.9994
vn -0.2883 -0.2720 -0.9181
vn -0.3043 -0.2597 -0.9165
vn -0.2906 -0.2561 -0.9219
vn -0.3899 -0.2718 -0.8798
vn -0.3939 -0.2575 -0.8823
vn -0.3790 -0.2530 -0.8902
vn 0.0104 -0.4340 -0.9009
vn 0.0018 -0.4208 -0.9072
vn 0.0119 -0.4216 -0.9067
vn -0.0565 -0.2253 -0.9727
vn -0.0637 -0.2311 -0.9708
vn -0.0600 -0.2169 -0.9743
vn -0.4433 -0.1824 -0.8776
vn 0.2107 -0.1711 -0.9625
vn 0.1548 -0.7779 -0.6090
vn -0.1407 0.0081 -0.9900
vn -0.1360 0.0404 -0.9899
vn -0.1176 0.0217 -0.9928
vn -0.7594 -0.0841 0.6451
vn -0.7499 -0.0779 0.6569
vn -0.7604 -0.0739 0.6453
vn -0.5918 0.3206 0.7396
vn -0.5759 0.3369 0.7449
vn -0.6036 0.3339 0.7240
vn -0.6151 -0.0664 -0.7856
vn -0.5988 -0.0651 -0.7983
vn -0.6027 -0.0808 -0.7939
vn -0.3884 0.1520 0.9089
vn -0.3938 0.1651 0.9042
vn -0.4015 0.1523 0.9031
vn -0.9078 -0.1770 0.3801
vn -0.9162 -0.1733 0.3614
vn -0.9146 -0.1862 0.3589
vn -0.9774 -0.1516 0.1477
vn -0.9723 -0.1601 0.1701
vn -0.9747 -0.1470 0.1684
vn -0.9642 -0.1611 0.2106
vn -0.9734 -0.1585 0.1657
vn -0.9688 -0.1849 0.1650
vn -0.9533 -0.1838 -0.2397
vn -0.9570 -0.1878 -0.2212
vn -0.9552 -0.1734 -0.2399
vn -0.7810 0.2246 0.5828
vn -0.7949 0.2144 0.5676
vn -0.7773 0.2070 0.5941
vn -0.7446 -0.0063 0.6675
vn -0.7261 -0.0021 0.6876
vn -0.7431 0.0168 0.6690
vn -0.7786 0.1811 0.6008
vn -0.7879 0.1967 0.5836
vn -0.7941 0.1782 0.5811
vn -0.0605 -0.2427 0.9682
vn -0.0833 -0.2255 0.9707
vn -0.0850 -0.2416 0.9666
vn -0.9348 0.3322 -0.1257
vn -0.9353 0.3122 -0.1664
vn -0.9419 0.3117 -0.1253
vn 0.1242 -0.1961 -0.9727
vn -0.3628 0.7670 -0.5292
vn 0.1618 0.4495 -0.8785
vn -0.6399 -0.4029 0.6543
vn -0.6464 -0.4032 0.6478
vn -0.6394 -0.4101 0.6503
vn -0.7160 0.0199 0.6978
vn -0.7074 -0.0058 0.7068
vn -0.6945 0.0006 0.7195
vn -0.9618 0.0532 -0.2687
vn -0.9698 0.0549 -0.2378
vn -0.9665 0.0861 -0.2419
vn -0.1035 0.1124 0.9883
vn -0.0977 0.0913 0.9910
vn -0.0888 0.1088 0.9901
vn -0.4421 0.5863 0.6788
vn 0.0174 0.2623 0.9648
vn 0.0239 0.2822 0.9590
vn 0.0085 0.7922 0.6102
vn -0.9466 -0.3036 -0.1084
vn -0.9541 -0.2822 -0.1007
vn -0.9485 -0.2908 -0.1253
vn -0.6890 0.1876 -0.7000
vn -0.7006 0.1858 -0.6889
vn -0.6963 0.1966 -0.6903
vn -0.5730 0.2942 0.7650
vn -0.5848 0.3030 0.7525
vn -0.5926 0.2854 0.7533
vn -0.1456 -0.1200 -0.9820
vn -0.1395 -0.0898 -0.9861
vn -0.1245 -0.1024 -0.9869
vn -0.2126 0.3944 -0.8940
vn -0.2168 0.4141 -0.8840
vn -0.2017 0.4026 -0.8929
vn -0.9844 -0.1451 0.0997
vn -0.9888 -0.1229 0.0852
vn -0.9853 -0.1508 0.0806
vn -0.8798 -0.0214 -0.4749
vn -0.8742 -0.0562 -0.4822
vn -0.8886 -0.0422 -0.4567
vn -0.9855 -0.0941 0.1410
vn -0.9891 -0.0578 0.1351
vn -0.9898 -0.0908 0.1099
vn -0.7565 0.1839 0.6277
vn -0.7793 0.1598 0.6060
vn -0.7670 0.1145 0.6313
vn -0.1097 0.1374 0.9844
vn -0.1004 0.1069 0.9892
vn -0.0855 0.1258 0.9884
vn -0.4783 -0.1430 -0.8665
vn -0.4899 -0.1279 -0.8623
vn -0.4740 -0.1158 -0.8729
vn -0.7499 0.2656 0.6059
vn -0.7634 0.2794 0.5824
vn -0.7645 0.2537 0.5927
vn -0.6739 0.0000 0.7388
vn -0.6702 0.0216 0.7419
vn -0.6808 0.0234 0.7321
vn -0.7240 0.0228 0.6894
vn -0.7178 0.0224 0.6959
vn -0.7094 0.0448 0.7034
vn -0.7309 0.0401 0.6813
vn -0.9621 -0.2142 0.1689
vn -0.9584 -0.2233 0.1777
vn -0.9588 -0.2104 0.1907
vn -0.6026 0.2530 -0.7569
vn -0.6106 0.2573 -0.7490
vn -0.6021 0.2744 -0.7498
vn -0.5936 0.2672 -0.7591
vn -0.5503 -0.0209 -0.8347
vn -0.5663 -0.0320 -0.8236
vn -0.5696 -0.0103 -0.8218
vn -0.0899 0.1130 0.9895
vn -0.1070 0.1158 0.9875
vn -0.0972 0.0815 0.9919
vn -0.9162 0.3013 -0.2642
vn -0.9267 0.3029 -0.2226
vn -0.9177 0.3326 -0.2172
vn -0.4160 0.3508 -0.8390
vn -0.3908 0.3441 -0.8537
vn -0.4098 0.3297 -0.8505
vn -0.0526 0.0231 0.9983
vn -0.0344 0.0366 0.9987
vn -0.0464 0.0456 0.9979
vn -0.5809 -0.0666 0.8113
vn -0.0012 0.1178 0.9930
vn -0.0000 0.1468 0.9892
vn -0.0114 0.7327 0.6805
vn -0.3761 0.0993 0.9212
vn -0.3771 0.0810 0.9226
vn -0.3607 0.0904 0.9283
vn -0.4165 0.1393 0.8984
vn -0.4328 0.1245 0.8929
vn -0.4173 0.1216 0.9006
vn -0.3751 -0.2166 0.9013
vn -0.3488 -0.2106 0.9132
vn -0.3578 -0.1970 0.9128
vn -0.7971 -0.0695 0.5999
vn -0.7765 -0.0802 0.6251
vn -0.7845 -0.0289 0.6195
vn -0.9944 0.0046 0.1055
vn -0.9941 0.0325 0.1037
vn -0.9955 0.0300 0.0894
vn -0.8317 -0.0392 0.5538
vn -0.8307 -0.0626 0.5531
vn -0.8244 -0.0135 0.5658
vn -0.3289 0.2914 -0.8983
vn 0.2519 -0.0076 -0.9677
vn 0.1915 -0.6268 -0.7553
vn 0.2065 -0.5927 -0.7785
vn -0.1480 0.5669 -0.8104
vn 0.2649 0.0147 -0.9642
vn -0.8822 -0.2738 -0.3830
vn -0.8833 -0.2899 -0.3685
vn -0.8885 -0.2724 -0.3693
vn -0.8972 -0.2513 -0.3632
vn -0.9086 -0.2194 -0.3555
vn -0.8971 -0.2351 -0.3742
vn -0.9942 -0.0664 0.0846
vn -0.9933 -0.0900 0.0721
vn -0.9914 -0.0775 0.1055
vn -0.3983 0.2349 0.8866
vn -0.3767 0.2189 0.9001
vn -0.3837 0.2492 0.8892
vn -0.1434 -0.2960 -0.9444
vn -0.1522 -0.3032 -0.9407
vn -0.1582 -0.2963 -0.9419
vn -0.5238 -0.2124 -0.8249
vn -0.5362 -0.2119 -0.8170
vn -0.5370 -0.1988 -0.8198
vn -0.9300 -0.3638 -0.0529
vn -0.9383 -0.3431 -0.0436
vn -0.9386 -0.3391 -0.0632
vn -0.4591 -0.2571 0.8504
vn -0.4856 -0.2679 0.8321
vn -0.4734 -0.2858 0.8332
vn -0.8453 0.0517 -0.5318
vn -0.8386 0.0524 -0.5423
vn -0.8376 0.0499 -0.5441
vn -0.2539 0.0441 0.9662
vn -0.2581 0.0645 0.9640
vn -0.2687 0.0441 0.9622
vn -0.9064 -0.3171 0.2791
vn -0.8979 -0.3293 0.2920
vn -0.9093 -0.3006 0.2877
vn -0.5590 -0.2828 0.7795
vn 0.0460 -0.0922 0.9947
vn 0.0265 0.5233 0.8517
vn -0.8587 0.5121 -0.0200
vn -0.9016 0.4326 -0.0014
vn -0.8831 0.4685 0.0255
vn -0.6938 0.5110 0.5075
vn -0.7292 0.4710 0.4964
vn -0.7422 0.4285 0.5153
vn -0.8816 0.4553 -0.1248
vn -0.8733 0.4803 -0.0812
vn -0.8609 0.5010 -0.0886
vn -0.9696 0.2318 0.0788
vn -0.9683 0.2351 0.0844
vn -0.9665 0.2425 0.0847
vn -0.9633 0.2652 0.0423
vn -0.0049 0.2062 0.9785
vn -0.0135 0.7453 0.6666
vn -0.5889 0.2130 0.7796
vn -0.0073 0.1785 0.9839
vn -0.0411 0.2490 0.9676
vn -0.0503 0.7875 0.6142
vn -0.5958 -0.0127 0.8030
vn -0.0207 0.2393 0.9707
vn 0.2585 -0.2532 -0.9322
vn 0.2049 -0.7872 -0.5817
vn -0.3076 -0.5300 -0.7903
vn 0.2599 -0.2403 -0.9353
vn 0.1903 0.4074 0.8932
vn 0.2076 0.3996 0.8928
vn 0.2121 0.4199 0.8824
vn 0.1588 0.8686 0.4694
vn -0.1148 0.7868 0.6064
vn 0.0414 -0.2456 0.9685
vn 0.0187 0.4409 0.8974
vn -0.5791 -0.4089 0.7053
vn -0.0116 -0.2639 0.9645
vn -0.0081 -0.2469 0.9690
vn -0.0149 0.4089 0.9124
vn -0.5324 0.1062 0.8398
vn 0.3044 0.0697 -0.9500
vn 0.2427 -0.5223 -0.8175
vn -0.1295 -0.3684 -0.9206
vn 0.3002 0.0926 -0.9494
vn 0.3907 0.2070 -0.8969
vn 0.3158 -0.3573 -0.8790
vn -0.0042 0.7075 -0.7067
vn 0.0178 0.0157 0.9997
vn 0.0054 0.6353 0.7722
vn -0.3672 0.4980 0.7856
vn 0.0138 0.0016 0.9999
vn 0.0556 0.0153 0.9983
vn 0.0325 0.6359 0.7711
vn -0.5509 0.0479 0.8332
vn 0.2120 -0.3432 -0.9150
vn 0.1636 -0.8420 -0.5141
vn -0.1194 -0.8124 -0.5707
vn 0.2025 -0.3288 -0.9224
vn 0.1849 0.0987 -0.9778
vn 0.1927 0.0788 -0.9781
vn 0.1452 -0.5449 -0.8258
vn -0.3680 -0.2661 -0.8909
vn 0.0330 0.0527 0.9981
vn 0.0228 0.6802 0.7327
vn -0.5382 0.3485 0.7674
vn 0.0378 0.0295 0.9988
vn -0.0732 0.8212 0.5659
vn -0.4326 0.4075 0.8042
vn -0.8533 0.1045 0.5109
vn -0.3462 -0.1775 0.9212
vn 0.3366 0.8452 0.4152
vn -0.1811 0.5559 0.8113
vn 0.4049 0.4069 0.8188
vn 0.6185 -0.1349 0.7741
vn -0.6878 -0.1398 -0.7123
vn -0.6691 -0.1588 -0.7260
vn -0.6881 -0.1646 -0.7067
vn -0.7553 0.3796 0.5342
vn -0.7471 0.3681 0.5536
vn -0.7409 0.3748 0.5573
vn -0.7408 0.3932 0.5446
vn 0.3194 0.3175 0.8928
vn 0.3090 0.2967 0.9036
vn 0.3317 0.2889 0.8981
vn -0.1853 0.2166 0.9585
vn -0.2176 0.2188 0.9512
vn -0.2418 0.1707 0.9552
vn -0.1975 0.1891 0.9619
vn -0.8249 0.2862 0.4874
vn -0.8412 0.3173 0.4379
vn -0.8442 0.2945 0.4479
vn -0.8638 0.2786 0.4197
vn -0.6152 0.2834 -0.7356
vn -0.6009 0.2786 -0.7492
vn -0.6146 0.2674 -0.7422
vn -0.6179 0.2717 -0.7378
vn -0.0691 0.0940 -0.9932
vn -0.0655 0.0784 -0.9948
vn -0.0831 0.0620 -0.9946
vn -0.0936 0.0870 -0.9918
vn -0.9700 0.2194 -0.1044
vn -0.9588 0.2566 -0.1221
vn -0.9693 0.2125 -0.1236
vn -0.9701 0.2113 -0.1194
vn -0.9965 -0.0821 0.0165
vn -0.9956 -0.0934 -0.0051
vn -0.9948 -0.1013 0.0125
vn -0.6921 0.0390 0.7208
vn -0.6903 0.0273 0.7230
vn -0.6772 0.0041 0.7358
vn -0.6758 0.0717 0.7336
vn -0.5744 0.0415 -0.8175
vn -0.5805 0.0249 -0.8139
vn -0.5908 0.0301 -0.8063
vn 0.6911 -0.1315 -0.7107
vn 0.6851 -0.1556 -0.7116
vn 0.6733 -0.1508 -0.7239
vn 0.7499 0.3793 0.5420
vn 0.7340 0.3972 0.5509
vn 0.7360 0.3759 0.5631
vn 0.7413 0.3713 0.5592
vn -0.3293 0.3145 0.8903
vn -0.3697 0.2667 0.8900
vn -0.3124 0.2894 0.9048
vn 0.1966 0.2201 0.9555
vn 0.1792 0.1673 0.9695
vn 0.2241 0.1928 0.9553
vn 0.2254 0.2181 0.9495
vn 0.8102 0.3370 0.4796
vn 0.8422 0.2997 0.4483
vn 0.8436 0.3027 0.4434
vn 0.8389 0.3227 0.4383
vn 0.6046 0.2941 -0.7403
vn 0.6162 0.2799 -0.7361
vn 0.6134 0.2738 -0.7408
vn 0.5988 0.2844 -0.7487
vn 0.0626 0.0888 -0.9941
vn 0.0942 0.0875 -0.9917
vn 0.0846 0.0782 -0.9933
vn 0.0681 0.0682 -0.9953
vn 0.9665 0.2352 -0.1026
vn 0.9678 0.2224 -0.1182
vn 0.9694 0.2053 -0.1343
vn 0.9555 0.2628 -0.1341
vn 0.9977 -0.0669 0.0143
vn 0.9952 -0.0946 0.0263
vn 0.9967 -0.0807 -0.0034
vn 0.7099 0.0579 0.7019
vn 0.6945 0.0884 0.7140
vn 0.7003 0.0424 0.7126
vn 0.7091 0.0481 0.7034
vn 0.5732 0.0460 -0.8181
vn 0.5903 0.0378 -0.8063
vn 0.5795 0.0277 -0.8145
vn 0.5179 0.8194 0.2456
vn 0.0031 1.0000 -0.0094
vn 0.0023 0.9999 -0.0101
vn 0.0020 0.9999 -0.0104
vn 0.0085 0.9985 -0.0540
vn -0.0121 0.9984 -0.0549
vn -0.0090 0.9999 -0.0088
vn -0.0089 0.9999 -0.0089
vn -0.0099 0.9998 -0.0144
vn -0.0122 0.9998 -0.0129
vn -0.0145 0.9998 -0.0147
vn -0.0156 0.9998 -0.0137
vn -0.0187 0.9998 -0.0031
vn -0.0188 0.9998 -0.0025
vn -0.0334 0.9994 -0.0089
vn -0.0120 0.9999 -0.0031
vn -0.0121 0.9999 -0.0024
vn -0.0120 0.9999 -0.0014
vn -0.0161 0.9999 0.0024
vn -0.0169 0.9999 -0.0021
vn -0.0149 0.9999 0.0047
vn -0.0275 0.9996 0.0053
vn -0.0033 1.0000 0.0051
vn -0.0061 0.9999 0.0081
vn -0.0065 0.9999 0.0080
vn -0.0058 0.9999 0.0082
vn -0.0051 1.0000 0.0083
vn -0.0197 0.9998 0.0042
vn -0.0037 1.0000 0.0088
vn -0.0129 0.9999 0.0057
vn -0.0136 0.9999 -0.0026
vn -0.0132 0.9999 0.0005
vn -0.0101 0.9999 0.0071
vn -0.5760 0.7976 -0.1790
vn -0.0116 0.9999 0.0060
vn -0.0125 0.9999 0.0023
vn -0.0107 0.9999 0.0047
vn -0.0105 0.9999 0.0049
vn -0.0046 0.9999 0.0096
vn 0.0062 1.0000 0.0022
vn -0.0010 0.9999 0.0145
vn 0.0050 1.0000 0.0033
vn 0.0050 1.0000 0.0032
vn 0.0056 1.0000 0.0023
vn 0.0055 1.0000 0.0024
vn 0.0032 1.0000 -0.0011
vn 0.0168 0.9998 0.0110
vn 0.0076 0.9999 -0.0081
vn 0.0059 0.9999 -0.0106
vn 0.0034 0.9999 -0.0129
vn 0.0035 1.0000 0.0006
vn 0.0039 1.0000 -0.0007
vn 0.0039 1.0000 -0.0010
vn 0.0246 0.9996 -0.0115
vn 0.0020 0.9999 -0.0158
vn 0.0030 0.9999 -0.0153
vn 0.0021 0.9999 -0.0157
vn 0.0098 0.9999 -0.0109
vn 0.0090 0.9999 -0.0120
vn 0.0067 0.9999 -0.0104
vn 0.0047 0.9999 -0.0126
vn -0.0011 0.9999 -0.0100
vn -0.0007 1.0000 -0.0099
vn 0.0234 0.9986 -0.0479
vn 0.0018 0.9985 -0.0552
vn -0.0037 0.9999 -0.0124
vn -0.0046 0.9999 -0.0124
vn -0.0052 0.9999 -0.0123
vn -0.9388 -0.0300 -0.3433
vn -0.9407 -0.0267 -0.3381
vn -0.9387 -0.0266 -0.3436
vn -0.1423 -0.0704 -0.9873
vn -0.1379 -0.0642 -0.9884
vn -0.1301 -0.0592 -0.9897
vn -0.1269 -0.0740 -0.9892
vn -0.8118 -0.4216 0.4040
vn -0.8050 -0.4212 0.4179
vn -0.8116 -0.4144 0.4118
vn -0.8153 -0.4136 0.4052
vn -0.9631 -0.1597 -0.2165
vn -0.9708 -0.1436 -0.1924
vn -0.9711 -0.1231 -0.2045
vn -0.9658 -0.1359 -0.2210
vn -0.8487 -0.3247 -0.4175
vn -0.8476 -0.3359 -0.4108
vn -0.8554 -0.3203 -0.4071
vn -0.8499 -0.3250 -0.4148
vn -0.9461 -0.0264 -0.3227
vn -0.9503 -0.0151 -0.3109
vn -0.9521 -0.0055 -0.3056
vn -0.9453 -0.0051 -0.3261
vn -0.9967 -0.0313 0.0756
vn -0.9978 -0.0065 0.0664
vn -0.9979 -0.0110 0.0633
vn -0.9986 -0.0276 0.0451
vn -0.7037 -0.3026 -0.6428
vn -0.6990 -0.2876 -0.6547
vn -0.6901 -0.3087 -0.6546
vn -0.7122 -0.2981 -0.6355
vn -0.7210 -0.2814 -0.6333
vn -0.7215 -0.2768 -0.6347
vn -0.7085 -0.2816 -0.6471
vn -0.3234 -0.1162 -0.9391
vn -0.3323 -0.1276 -0.9345
vn -0.3342 -0.1148 -0.9355
vn -0.3301 -0.1100 -0.9375
vn -0.3473 -0.1377 -0.9276
vn -0.3541 -0.1281 -0.9264
vn -0.3468 -0.1237 -0.9297
vn -0.7574 -0.3695 0.5383
vn -0.7242 -0.4018 0.5604
vn -0.7376 -0.3724 0.5632
vn -0.7481 -0.3527 0.5621
vn -0.3459 -0.2400 0.9071
vn -0.3297 -0.2234 0.9173
vn -0.3294 -0.2115 0.9202
vn -0.3528 -0.2071 0.9125
vn -0.0392 -0.2231 0.9740
vn -0.0313 -0.1975 0.9798
vn -0.0524 -0.1956 0.9793
vn -0.0576 -0.2067 0.9767
vn -0.0247 -0.2229 0.9745
vn -0.0097 -0.2069 0.9783
vn -0.0222 0.5513 0.8340
vn -0.4625 0.3761 0.8029
vn -0.5029 -0.1204 0.8559
vn -0.5224 -0.1003 0.8468
vn -0.5323 -0.1018 0.8404
vn -0.5345 -0.1190 0.8367
vn 0.9399 -0.0182 -0.3409
vn 0.9367 -0.0112 -0.3501
vn 0.9400 -0.0143 -0.3408
vn 0.1427 -0.0719 -0.9872
vn 0.1304 -0.0737 -0.9887
vn 0.1346 -0.0626 -0.9889
vn 0.1438 -0.0621 -0.9877
vn 0.8185 -0.3899 0.4219
vn 0.8220 -0.3828 0.4216
vn 0.8196 -0.3749 0.4331
vn 0.8118 -0.3888 0.4356
vn 0.9651 -0.1452 -0.2178
vn 0.9681 -0.1138 -0.2232
vn 0.9731 -0.1227 -0.1952
vn 0.9712 -0.1399 -0.1929
vn 0.8519 -0.3156 -0.4179
vn 0.8519 -0.3056 -0.4253
vn 0.8586 -0.3082 -0.4097
vn 0.8514 -0.3254 -0.4114
vn 0.9451 -0.0049 -0.3268
vn 0.9484 0.0064 -0.3170
vn 0.9503 0.0005 -0.3112
vn 0.9511 -0.0020 -0.3088
vn 0.9968 -0.0165 0.0787
vn 0.9987 -0.0145 0.0491
vn 0.9982 0.0096 0.0595
vn 0.9975 0.0036 0.0712
vn 0.7075 -0.2954 -0.6420
vn 0.6945 -0.2993 -0.6543
vn 0.7015 -0.2790 -0.6558
vn 0.7159 -0.2892 -0.6355
vn 0.7116 -0.2737 -0.6471
vn 0.7227 -0.2685 -0.6369
vn 0.7256 -0.2741 -0.6312
vn 0.3268 -0.1173 -0.9378
vn 0.3313 -0.1094 -0.9371
vn 0.3406 -0.1064 -0.9342
vn 0.3367 -0.1230 -0.9335
vn 0.3521 -0.1337 -0.9264
vn 0.3433 -0.1186 -0.9317
vn 0.3589 -0.1208 -0.9255
vn 0.7457 -0.3241 0.5821
vn 0.7276 -0.3250 0.6041
vn 0.7177 -0.3171 0.6200
vn 0.7138 -0.3568 0.6026
vn 0.3456 -0.2286 0.9101
vn 0.3573 -0.2030 0.9117
vn 0.3436 -0.1988 0.9178
vn 0.3326 -0.2062 0.9202
vn 0.0511 -0.2120 0.9759
vn 0.0721 -0.1958 0.9780
vn 0.0745 -0.1855 0.9798
vn 0.0500 -0.1792 0.9825
vn 0.0220 -0.2242 0.9743
vn 0.0185 -0.8337 0.5519
vn 0.7161 -0.1484 0.6821
vn 0.0121 -0.2078 0.9781
vn 0.5020 -0.1147 0.8572
vn 0.5312 -0.1164 0.8392
vn 0.5350 -0.0974 0.8392
vn 0.5188 -0.0797 0.8512
vn 0.0248 -0.9996 -0.0163
vn 0.0146 -0.9997 0.0175
vn -0.0188 -0.9998 -0.0052
vn -0.5737 -0.8161 -0.0695
vn 0.0139 -0.9999 0.0029
vn 0.0184 -0.9996 0.0211
vn 0.0023 -1.0000 0.0088
vn -0.5779 -0.8159 0.0167
vn 0.0165 -0.9999 0.0014
vn 0.0101 -0.9999 0.0118
vn -0.5749 -0.8158 0.0634
vn 0.0138 -0.9999 0.0002
vn -0.0005 -1.0000 0.0062
vn 0.0144 -0.9999 -0.0038
vn 0.0132 -0.9999 0.0059
vn -0.0012 -1.0000 0.0091
vn 0.0129 -0.9999 -0.0054
vn 0.0114 -0.9999 0.0110
vn 0.0123 -0.9999 0.0073
vn -0.5559 -0.8154 0.1612
vn 0.0156 -0.9999 -0.0018
vn 0.0098 -0.9999 0.0118
vn -0.5289 -0.8151 0.2364
vn 0.0147 -0.9999 -0.0034
vn 0.0054 -1.0000 0.0039
vn 0.0070 -1.0000 0.0006
vn 0.0077 -1.0000 0.0010
vn 0.0059 -1.0000 0.0041
vn 0.0107 -0.9998 -0.0145
vn 0.0165 -0.9997 0.0165
vn 0.0032 -0.9998 0.0194
vn 0.0074 -0.9999 -0.0135
vn 0.0214 -0.9997 0.0072
vn 0.0083 -0.9998 0.0180
vn 0.0017 -0.9999 -0.0125
vn 0.0190 -0.9998 -0.0066
vn 0.0102 -0.9998 0.0173
vn 0.0001 -0.9999 -0.0120
vn 0.0185 -0.9998 -0.0072
vn 0.0116 -0.9998 0.0169
vn -0.0012 -0.9999 -0.0113
vn 0.0176 -0.9998 -0.0084
vn 0.0143 -0.9998 0.0156
vn -0.0103 -0.9998 -0.0180
vn 0.0152 -0.9999 -0.0075
vn 0.0170 -0.9998 -0.0055
vn 0.0232 -0.9994 0.0261
vn -0.0147 -0.9997 -0.0180
vn 0.0264 -0.9995 -0.0188
vn 0.0246 -0.9995 0.0210
vn -0.0033 -1.0000 -0.0041
vn 0.0251 -0.9995 -0.0199
vn 0.0277 -0.9994 0.0221
vn -0.0038 -1.0000 -0.0033
vn 0.0237 -0.9995 -0.0211
vn 0.0317 -0.9994 0.0165
vn -0.0045 -1.0000 -0.0017
vn 0.0064 -0.9999 -0.0093
vn 0.0174 -0.9998 0.0056
vn -0.0051 -1.0000 0.0006
vn 0.0049 -0.9998 -0.0172
vn 0.0086 -0.9999 -0.0090
vn 0.0177 -0.9998 0.0043
vn -0.7017 -0.7121 -0.0214
vn 0.6574 -0.7042 -0.2682
vn -0.0174 -0.9998 0.0135
vn 0.0039 -1.0000 -0.0090
vn 0.0061 -0.9999 -0.0093
vn 0.0291 -0.9995 0.0153
vn -0.6959 -0.7123 -0.0913
vn 0.0177 -0.9998 0.0005
vn -0.0047 -1.0000 0.0059
vn -0.0028 -0.9999 -0.0150
vn 0.0169 -0.9999 -0.0023
vn -0.0191 -0.9997 0.0166
vn -0.0024 -1.0000 -0.0053
vn 0.0276 -0.9995 -0.0176
vn -0.0118 -0.9996 0.0252
vn -0.0153 -0.9997 -0.0173
vn 0.0170 -0.9999 -0.0019
vn -0.0161 -0.9997 0.0159
vn -0.0023 -1.0000 -0.0055
vn 0.0161 -0.9999 -0.0038
vn -0.0134 -0.9997 0.0196
vn -0.0171 -0.9997 -0.0151
vn -0.0129 -0.9997 -0.0196
vn 0.0178 -0.9998 -0.0081
vn 0.0090 -0.9998 0.0194
vn -0.0045 -0.9998 -0.0216
vn 0.0056 -0.9998 0.0196
vn 0.0036 -0.9999 -0.0130
vn 0.0220 -0.9997 0.0042
vn 0.0056 -1.0000 0.0040
vn 0.0127 -0.9998 -0.0138
vn 0.0076 -1.0000 0.0009
vn 0.0105 -0.9999 0.0115
vn -0.5257 -0.8151 0.2436
vn 0.0073 -1.0000 0.0008
vn 0.0129 -0.9999 0.0100
vn -0.0013 -1.0000 0.0024
vn 0.5564 -0.8092 -0.1884
vn 0.0034 -1.0000 0.0093
vn -0.0013 -1.0000 0.0003
vn 0.0138 -0.9999 0.0037
vn 0.0060 -0.9999 0.0125
vn -0.0017 -1.0000 -0.0039
vn 0.0134 -0.9999 0.0056
vn 0.0065 -0.9999 0.0101
vn -0.0002 -1.0000 -0.0054
vn 0.0136 -0.9999 0.0093
vn -0.0021 -1.0000 0.0077
vn -0.0014 -1.0000 -0.0043
vn 0.0131 -0.9999 0.0058
vn -0.0025 -1.0000 -0.0027
vn 0.0135 -0.9999 0.0048
vn 0.0074 -0.9999 0.0101
vn 0.0053 -1.0000 0.0005
vn 0.0075 -1.0000 0.0041
vn 0.0066 -1.0000 0.0043
vn 0.0031 -0.9999 -0.0148
vn 0.0069 -1.0000 0.0043
vn -0.0091 -0.9999 -0.0057
vn 0.0053 -0.9999 -0.0135
vn 0.0084 -0.9998 0.0195
vn -0.0095 -1.0000 0.0012
vn -0.0091 -0.9999 0.0044
vn 0.0121 -0.9999 -0.0121
vn 0.0034 -0.9998 0.0175
vn -0.0089 -0.9999 0.0054
vn 0.0104 -0.9999 -0.0127
vn 0.0040 -0.9998 0.0179
vn 0.0133 -0.9998 -0.0116
vn 0.0021 -0.9998 0.0172
vn -0.0093 -1.0000 0.0029
vn 0.0015 -1.0000 -0.0000
vn -0.0069 -0.9998 -0.0202
vn -0.0010 -0.9999 0.0133
vn -0.0053 -1.0000 -0.0041
vn 0.0225 -0.9996 -0.0183
vn -0.0008 -0.9999 0.0161
vn 0.0003 -0.9999 -0.0123
vn 0.4557 -0.8086 0.3722
vn -0.0110 -0.9999 0.0010
vn -0.0010 -0.9999 -0.0134
vn 0.4975 -0.8085 0.3145
vn 0.0065 -1.0000 0.0043
vn 0.0063 -1.0000 0.0002
vn 0.0121 -0.9999 0.0106
vn 0.0071 -1.0000 0.0042
vn 0.0070 -1.0000 0.0043
vn -0.0027 -1.0000 -0.0023
vn 0.5841 -0.8088 -0.0686
vn 0.0015 -1.0000 0.0082
vn 0.0046 -1.0000 0.0011
vn 0.5388 -0.8084 0.2372
vn -0.0018 -1.0000 0.0084
vn 0.0191 -0.9996 -0.0206
vn 0.0013 -0.9998 0.0173
vn -0.0092 -1.0000 0.0021
vn -0.6480 -0.7124 -0.2695
vn 0.0318 -0.9995 0.0082
vn -0.0196 -0.9998 0.0066
vn 0.0081 -1.0000 0.0019
vn -0.4460 -0.8143 0.3716
vn 0.0183 -0.9998 -0.0103
vn 0.0006 -0.9997 -0.0233
vn 0.0223 -0.9997 0.0090
vn -0.0080 -0.9999 0.0091
vn 0.0236 -0.9997 0.0006
vn 0.4129 -0.8088 0.4188
vn -0.0076 -1.0000 -0.0053
vn 0.0138 -0.9998 0.0132
vn -0.0117 -0.9998 -0.0168
vn 0.0100 -0.9999 -0.0016
usemtl sungaya_inexpectata_31mg
s off
f 1/1/1 139/2/2 2/3/3
f 312/4/4 149/5/5 10/6/6
f 315/7/7 93/8/8 319/9/9
f 9/10/10 22/11/11 27/12/12
f 114/13/13 96/14/14 23/15/15
f 328/16/16 76/17/17 326/18/18
f 43/19/19 73/20/20 64/21/21
f 18/22/22 115/23/23 37/24/24
f 134/25/25 123/26/26 125/27/27
f 1/1/28 28/28/29 87/29/30
f 62/30/31 77/31/32 76/32/33
f 41/33/34 12/34/35 28/35/36
f 25/36/37 28/28/38 12/37/39
f 88/38/40 89/39/41 12/40/42
f 136/41/43 92/42/44 126/43/45
f 13/44/46 20/45/47 19/46/48
f 304/47/49 145/48/50 19/49/51
f 47/50/52 77/51/53 63/52/54
f 42/53/55 8/54/56 39/55/57
f 32/56/58 113/57/59 92/58/60
f 3/59/61 20/60/62 138/61/63
f 100/62/64 107/63/65 118/64/66
f 102/65/67 110/66/68 101/67/69
f 89/68/70 101/69/71 110/70/72
f 103/71/73 40/72/74 8/73/75
f 82/74/76 65/75/77 105/76/78
f 104/77/79 14/78/80 111/79/81
f 21/80/82 22/81/83 110/82/84
f 72/83/85 43/84/86 137/85/87
f 61/86/88 68/87/89 44/88/90
f 115/89/91 27/90/92 36/91/93
f 106/92/94 107/93/95 100/94/96
f 347/95/97 350/96/98 111/79/99
f 117/97/100 89/98/101 110/99/102
f 301/100/103 320/101/104 101/67/105 88/102/106
f 101/103/107 10/6/108 102/104/109
f 83/105/110 141/106/111 41/107/112
f 15/108/113 107/93/114 108/109/115
f 97/110/116 110/82/117 102/111/118
f 98/112/119 84/113/120 67/114/121
f 118/115/122 70/116/123 58/117/124
f 140/118/125 118/119/126 46/120/127
f 87/121/128 124/122/129 139/123/130
f 139/2/131 1/1/132 87/29/133
f 28/28/134 25/36/135 9/124/136
f 390/125/137 323/126/138 391/127/139
f 325/128/140 97/129/141 352/130/142
f 349/131/143 97/129/144 325/128/145
f 35/132/146 31/133/147 69/134/148
f 114/135/149 11/136/150 8/73/151
f 345/137/152 346/138/153 17/139/154 128/140/155
f 17/141/156 16/142/157 128/143/158
f 37/144/159 36/145/160 77/146/161
f 55/147/162 37/148/163 77/31/164
f 65/149/165 52/150/166 129/151/167
f 6/152/168 130/153/169 86/154/170
f 334/155/171 348/156/172 131/157/173
f 52/158/174 69/159/175 92/58/176
f 69/159/177 126/160/178 92/58/179
f 61/161/180 34/162/181 48/163/182
f 85/164/183 133/165/184 84/166/185
f 103/71/186 133/167/187 85/168/188
f 409/169/189 413/170/190 135/171/191 30/172/192
f 132/173/193 14/174/194 104/175/195
f 4/176/196 95/177/197 67/178/198
f 44/179/199 34/180/200 61/181/201
f 3/182/202 85/168/203 98/183/204
f 41/107/205 141/106/206 12/37/207
f 307/184/208 99/185/209 318/186/210
f 15/187/211 120/188/212 107/189/213
f 8/73/214 133/167/215 103/71/216
f 82/190/217 18/191/218 65/75/219
f 134/25/220 142/192/221 29/193/222
f 126/194/223 45/195/224 136/196/225
f 38/197/226 137/198/227 23/199/228
f 332/200/229 342/201/230 128/140/231 121/202/232
f 311/203/233 148/204/234 60/205/235 75/206/236
f 115/207/237 124/122/238 87/121/239
f 322/208/240 50/209/241 155/210/242
f 4/176/243 132/211/244 104/77/245
f 114/212/246 137/213/247 49/214/248
f 52/215/249 65/216/250 61/217/251
f 82/218/252 115/219/253 18/220/254
f 399/221/255 403/222/256 79/223/257
f 403/224/258 456/225/259 79/226/260
f 31/133/261 35/132/262 53/227/263
f 105/228/264 124/122/265 82/229/266
f 120/230/267 132/211/268 66/231/269
f 35/232/270 44/233/271 106/234/272
f 67/178/273 84/235/274 66/231/275
f 415/236/276 416/237/277 54/238/278
f 148/204/279 154/239/280 127/240/281 60/205/282
f 5/241/283 2/3/284 130/153/285
f 90/242/286 98/183/287 122/243/288
f 58/244/289 64/245/290 51/246/291
f 407/247/292 410/248/293 123/26/294 54/238/295
f 134/25/296 5/241/297 6/152/298
f 96/249/299 42/250/300 81/251/301
f 8/73/302 42/250/303 96/249/304
f 116/252/305 7/253/306 59/254/307
f 117/255/308 110/256/309 22/257/310
f 73/258/311 72/259/312 30/260/313
f 34/261/314 44/262/315 35/263/316
f 127/264/317 88/38/318 141/265/319
f 300/266/320 151/267/321 112/268/322
f 75/269/323 134/270/324 91/271/325
f 8/73/326 96/249/327 114/135/328
f 150/272/329 33/273/330 152/274/331
f 140/118/332 70/275/333 118/119/334
f 353/276/335 354/277/336 21/80/337 97/110/338
f 116/278/339 81/251/340 42/250/341
f 22/81/342 63/279/343 27/90/344
f 72/280/345 73/281/346 43/282/347
f 113/57/348 57/283/349 71/284/350
f 36/285/351 37/286/352 115/287/353
f 92/58/354 113/57/355 71/284/356
f 348/288/357 336/289/358 131/290/359
f 396/291/360 394/292/361 78/293/362
f 46/294/363 120/295/364 66/296/365
f 95/297/366 4/298/367 16/299/368
f 50/209/369 59/254/370 7/253/371
f 138/300/372 40/72/373 3/182/374
f 303/301/375 80/302/376 317/303/377
f 21/304/378 119/305/379 22/306/380
f 137/307/381 43/308/382 64/309/383
f 49/310/384 137/311/385 64/312/386
f 120/313/387 15/108/388 132/211/389
f 14/78/390 132/211/391 15/108/392
f 68/314/393 61/315/394 18/316/395
f 90/317/396 24/318/397 20/60/398
f 338/319/399 352/320/400 97/321/401 102/322/402
f 90/242/403 3/182/404 98/183/405
f 20/60/406 3/59/407 90/317/408
f 111/323/409 4/324/410 104/325/411
f 51/326/412 100/62/413 118/64/414
f 106/327/415 94/328/416 108/329/417
f 105/330/418 56/331/419 139/332/420
f 136/333/421 45/334/422 135/335/423
f 135/336/424 45/337/425 73/258/426
f 2/3/427 139/338/428 130/153/429
f 130/339/430 139/123/431 56/340/432
f 121/202/433 4/176/434 111/341/435
f 121/202/436 128/140/437 4/176/438
f 2/342/439 29/343/440 1/344/441
f 341/345/442 17/139/443 346/138/444
f 135/346/445 73/347/446 30/348/447
f 123/26/448 6/152/449 86/154/450
f 36/91/451 27/90/452 63/279/453
f 60/349/454 141/106/455 142/192/456
f 142/192/457 141/106/458 83/105/459
f 51/350/460 64/309/461 53/227/462
f 53/351/463 64/352/464 31/353/465
f 94/354/466 55/147/467 109/355/468
f 37/148/469 94/354/470 68/356/471
f 55/147/472 94/354/473 37/148/474
f 55/357/475 62/358/476 109/359/477
f 74/360/478 64/361/479 73/362/480
f 405/363/481 408/364/482 136/365/483
f 98/112/484 67/114/485 95/366/486
f 117/367/487 22/81/488 9/124/489
f 25/36/490 117/367/491 9/124/492
f 12/40/493 89/368/494 117/369/495
f 141/106/496 88/370/497 12/37/498
f 4/176/499 67/178/500 132/211/501
f 132/211/502 67/178/503 66/231/504
f 328/371/505 355/372/506 62/30/507 76/32/508
f 11/136/509 64/309/510 58/373/511
f 11/136/512 49/374/513 64/309/514
f 398/375/515 404/376/516 38/377/517 23/378/518
f 134/379/519 125/380/520 91/381/521
f 118/115/522 58/382/523 51/383/524
f 48/384/525 69/385/526 52/386/527
f 144/387/528 301/388/529 88/389/530
f 26/390/531 66/391/532 84/166/533
f 140/392/534 66/391/535 26/390/536
f 8/73/537 11/136/538 133/167/539
f 145/48/540 318/186/541 99/185/542 19/49/543
f 129/393/544 71/394/545 56/395/546
f 61/217/547 65/396/548 18/191/549
f 38/397/550 72/280/551 137/307/552
f 38/397/553 30/348/554 72/280/555
f 133/398/556 11/399/557 26/400/558
f 26/401/559 11/136/560 140/118/561
f 140/118/562 11/136/563 70/275/564
f 302/402/565 24/403/566 321/404/567
f 84/405/568 133/406/569 26/407/570
f 108/329/571 14/408/572 15/409/573
f 23/410/574 96/249/575 81/251/576
f 81/251/577 79/223/578 23/410/579
f 16/411/580 17/412/581 95/413/582
f 155/210/583 50/209/584 298/414/585
f 92/415/586 136/41/587 32/416/588
f 421/417/589 112/268/590 412/418/591
f 7/419/592 39/420/593 138/61/594
f 13/421/595 7/419/596 138/61/597
f 62/30/598 55/147/599 77/31/600
f 18/422/601 37/148/602 68/356/603
f 57/283/604 86/154/605 130/153/606
f 130/423/607 56/424/608 57/425/609
f 327/426/610 47/427/611 324/428/612
f 9/124/613 27/90/614 115/89/615
f 454/429/616 300/266/617 112/268/618 421/417/619
f 63/430/620 119/431/621 47/432/622
f 22/81/623 119/433/624 63/279/625
f 61/181/626 48/384/627 52/386/628
f 39/434/629 8/73/630 40/72/631
f 5/241/632 130/153/633 6/152/634
f 94/435/635 44/436/636 68/437/637
f 28/28/638 9/124/639 87/29/640
f 41/438/641 28/439/642 1/440/643
f 83/105/644 1/1/645 29/193/646
f 41/107/647 1/1/648 83/105/649
f 71/284/650 57/283/651 56/331/652
f 7/253/653 13/441/654 50/209/655
f 42/442/656 7/443/657 116/444/658
f 420/445/659 135/346/660 413/446/661
f 21/447/662 110/448/663 97/449/664
f 54/238/665 123/26/666 86/154/667
f 122/450/668 17/451/669 93/452/670
f 95/453/671 17/454/672 122/455/673
f 115/456/674 82/457/675 124/122/676
f 307/184/677 299/458/678 99/185/679
f 5/459/680 29/460/681 2/461/682
f 313/462/683 306/463/684 10/6/685 101/103/686
f 401/464/687 32/465/688 411/466/689
f 7/467/690 42/468/691 39/469/692
f 141/106/693 60/349/694 127/470/695
f 142/192/696 134/25/697 75/471/698
f 29/193/699 5/241/700 134/25/701
f 75/206/702 91/472/703 80/302/704
f 91/381/705 112/473/706 80/474/707
f 146/475/708 311/203/709 75/206/710
f 333/476/711 330/477/712 10/6/713
f 11/478/714 114/212/715 49/479/716
f 128/140/717 16/480/718 4/176/719
f 407/247/720 54/238/721 416/237/722
f 342/201/723 345/137/724 128/140/725
f 69/134/726 31/133/727 74/481/728
f 64/482/729 74/483/730 31/484/731
f 417/485/732 135/486/733 420/487/734
f 52/386/735 92/488/736 129/489/737
f 118/64/738 107/63/739 46/490/740
f 332/200/741 121/202/742 340/491/743
f 46/120/744 66/231/745 140/118/746
f 116/252/747 59/254/748 33/273/749
f 36/492/750 63/493/751 77/494/752
f 313/462/753 101/103/754 320/495/755
f 414/496/756 38/497/757 404/498/758
f 23/499/759 137/500/760 114/501/761
f 106/502/762 44/503/763 94/504/764
f 13/505/765 138/61/766 20/60/767
f 315/7/768 153/506/769 122/507/770 93/8/771
f 105/330/772 129/508/773 56/331/774
f 115/89/775 87/29/776 9/124/777
f 84/235/778 98/509/779 85/168/780
f 60/349/781 142/192/782 75/471/783
f 101/67/784 89/39/785 88/102/786
f 105/510/787 65/511/788 129/512/789
f 69/513/790 48/514/791 34/515/792
f 34/516/793 35/517/794 69/518/795
f 106/519/796 108/520/797 107/521/798
f 19/49/799 20/60/800 24/318/801
f 83/105/802 29/193/803 142/192/804
f 107/522/805 120/295/806 46/490/807
f 70/275/808 11/136/809 58/373/810
f 350/523/811 340/524/812 121/525/813 111/526/814
f 73/527/815 45/528/816 74/529/817
f 354/277/818 335/530/819 119/433/820 21/80/821
f 353/276/822 97/110/823 351/531/824
f 13/44/825 19/46/826 99/532/827
f 108/533/828 94/354/829 109/355/830
f 12/37/831 117/367/832 25/36/833
f 99/185/834 50/209/835 13/421/836
f 302/534/837 304/47/838 19/49/839 24/318/840
f 40/72/841 103/71/842 3/182/843
f 103/71/844 85/168/845 3/182/846
f 116/278/847 78/293/848 81/251/849
f 100/94/850 35/132/851 106/92/852
f 100/535/853 51/536/854 53/537/855
f 53/227/856 35/132/857 100/94/858
f 143/538/859 305/539/860 127/240/861
f 143/540/862 127/541/863 154/542/864
f 105/330/865 139/332/866 124/543/867
f 129/489/868 92/544/869 71/545/870
f 417/546/871 400/547/872 135/548/873
f 122/549/874 98/550/875 95/551/876
f 125/380/877 112/552/878 91/381/879
f 6/152/880 123/26/881 134/25/882
f 69/553/883 45/554/884 126/555/885
f 79/223/886 81/251/887 78/293/888
f 402/556/889 113/557/890 419/558/891
f 40/559/892 138/560/893 39/561/894
f 74/562/895 45/563/896 69/564/897
f 309/565/898 310/566/899 59/254/900
f 108/567/901 109/568/902 131/569/903
f 108/570/904 131/571/905 14/572/906
f 131/569/907 109/568/908 62/573/909
f 355/574/910 334/575/911 131/569/912 62/573/913
f 90/317/914 122/507/915 153/506/916 316/576/917
f 24/318/918 90/317/919 316/576/920 321/577/921
f 80/302/922 112/268/923 151/267/924 317/303/925
f 339/578/926 392/579/927 314/580/928 319/581/929 93/582/930
f 33/273/931 308/583/932 152/274/933
f 59/254/934 310/566/935 308/583/936 33/273/937
f 333/584/938 10/585/939 149/586/940 393/587/941
f 10/6/942 306/463/943 312/4/944
f 59/254/945 50/209/946 147/588/947 309/565/948
f 50/209/949 322/208/950 147/588/951
f 75/206/952 80/302/953 303/301/954 146/475/955
f 127/240/956 305/539/957 144/387/958 88/389/959
f 50/209/960 99/185/961 299/458/962 298/414/963
f 156/589/964 157/590/965 294/591/966
f 312/4/967 165/592/968 149/5/969
f 315/7/970 319/9/971 248/593/972
f 164/594/973 182/595/974 177/596/975
f 269/597/976 178/598/977 251/599/978
f 360/600/979 358/601/980 231/602/981
f 198/603/982 219/604/983 228/605/984
f 173/606/985 192/607/986 270/608/987
f 289/609/988 280/610/989 278/611/990
f 156/589/991 242/612/992 183/613/993
f 217/614/994 231/615/995 232/616/996
f 196/617/997 183/618/998 167/619/999
f 180/620/1000 167/621/1001 183/613/1002
f 243/622/1003 167/623/1004 244/624/1005
f 291/625/1006 281/626/1007 247/627/1008
f 168/628/1009 174/629/1010 175/630/1011
f 304/47/1012 174/631/1013 145/48/1014
f 202/632/1015 218/633/1016 232/634/1017
f 197/635/1018 194/636/1019 163/637/1020
f 187/638/1021 247/639/1022 268/640/1023
f 158/641/1024 293/642/1025 175/643/1026
f 255/644/1027 273/645/1028 262/646/1029
f 257/647/1030 256/648/1031 265/649/1032
f 244/650/1033 265/651/1034 256/652/1035
f 258/653/1036 163/654/1037 195/655/1038
f 237/656/1039 260/657/1040 220/658/1041
f 259/659/1042 266/660/1043 169/661/1044
f 176/662/1045 265/663/1046 177/664/1047
f 227/665/1048 292/666/1049 198/667/1050
f 216/668/1051 199/669/1052 223/670/1053
f 270/671/1054 191/672/1055 182/673/1056
f 261/674/1057 255/675/1058 262/676/1059
f 379/677/1060 266/660/1061 382/678/1062
f 272/679/1063 265/680/1064 244/681/1065
f 301/100/1066 243/682/1067 256/648/1068 320/101/1069
f 256/683/1070 257/684/1071 165/592/1072
f 238/685/1073 196/686/1074 296/687/1075
f 170/688/1076 263/689/1077 262/676/1078
f 252/690/1079 257/691/1080 265/663/1081
f 253/692/1082 222/693/1083 239/694/1084
f 273/695/1085 213/696/1086 225/697/1087
f 295/698/1088 201/699/1089 273/700/1090
f 242/701/1091 294/702/1092 279/703/1093
f 294/591/1094 242/612/1095 156/589/1096
f 183/613/1097 164/704/1098 180/620/1099
f 390/125/1100 387/705/1101 323/126/1102
f 357/706/1103 384/707/1104 252/708/1105
f 381/709/1106 357/706/1107 252/708/1108
f 190/710/1109 224/711/1110 186/712/1111
f 269/713/1112 163/654/1113 166/714/1114
f 378/715/1115 377/716/1116 283/717/1117 172/718/1118
f 172/719/1119 283/720/1120 171/721/1121
f 192/722/1122 232/723/1123 191/724/1124
f 210/725/1125 232/616/1126 192/726/1127
f 220/727/1128 284/728/1129 207/729/1130
f 161/730/1131 241/731/1132 285/732/1133
f 366/733/1134 286/734/1135 380/735/1136
f 207/736/1137 247/639/1138 224/737/1139
f 224/737/1140 247/639/1141 281/738/1142
f 216/739/1143 203/740/1144 189/741/1145
f 240/742/1146 239/743/1147 288/744/1148
f 258/653/1149 240/745/1150 288/746/1151
f 444/747/1152 440/748/1153 185/749/1154 290/750/1155
f 287/751/1156 259/752/1157 169/753/1158
f 159/754/1159 222/755/1160 250/756/1161
f 199/757/1162 216/758/1163 189/759/1164
f 158/760/1165 253/761/1166 240/745/1167
f 196/686/1168 167/621/1169 296/687/1170
f 307/184/1171 318/186/1172 254/762/1173
f 170/763/1174 262/764/1175 275/765/1176
f 163/654/1177 258/653/1178 288/746/1179
f 237/766/1180 220/658/1181 173/767/1182
f 289/609/1183 184/768/1184 297/769/1185
f 281/770/1186 291/771/1187 200/772/1188
f 193/773/1189 178/774/1190 292/775/1191
f 374/776/1192 364/777/1193 276/778/1194 283/717/1195
f 311/203/1196 230/779/1197 215/780/1198 148/204/1199
f 270/781/1200 242/701/1201 279/703/1202
f 322/208/1203 155/210/1204 205/782/1205
f 159/754/1206 259/659/1207 287/783/1208
f 269/784/1209 204/785/1210 292/786/1211
f 207/787/1212 216/788/1213 220/789/1214
f 237/790/1215 173/791/1216 270/792/1217
f 429/793/1218 234/794/1219 434/795/1220
f 434/796/1221 234/797/1222 426/798/1223
f 186/712/1224 208/799/1225 190/710/1226
f 260/800/1227 237/801/1228 279/703/1229
f 275/802/1230 221/803/1231 287/783/1232
f 190/804/1233 261/805/1234 199/806/1235
f 222/755/1236 221/803/1237 239/807/1238
f 446/808/1239 209/809/1240 447/810/1241
f 148/204/1242 215/780/1243 282/811/1244 154/239/1245
f 160/812/1246 285/732/1247 157/590/1248
f 245/813/1249 277/814/1250 253/761/1251
f 213/815/1252 206/816/1253 219/817/1254
f 441/818/1255 438/819/1256 209/809/1257 278/611/1258
f 289/609/1259 161/730/1260 160/812/1261
f 251/820/1262 236/821/1263 197/822/1264
f 163/654/1265 251/820/1266 197/822/1267
f 271/823/1268 214/824/1269 162/825/1270
f 272/826/1271 177/827/1272 265/828/1273
f 228/829/1274 185/830/1275 227/831/1276
f 189/832/1277 190/833/1278 199/834/1279
f 282/835/1280 296/836/1281 243/622/1282
f 300/266/1283 267/837/1284 151/267/1285
f 230/838/1286 246/839/1287 289/840/1288
f 163/654/1289 269/713/1290 251/820/1291
f 150/272/1292 152/274/1293 188/841/1294
f 295/698/1295 273/700/1296 225/842/1297
f 386/843/1298 385/844/1299 252/690/1300 176/662/1301
f 271/845/1302 197/822/1303 236/821/1304
f 177/664/1305 182/673/1306 218/846/1307
f 227/847/1308 198/848/1309 228/849/1310
f 268/640/1311 226/850/1312 212/851/1313
f 191/852/1314 270/853/1315 192/854/1316
f 247/639/1317 226/850/1318 268/640/1319
f 380/855/1320 286/856/1321 368/857/1322
f 425/858/1323 233/859/1324 423/860/1325
f 201/861/1326 221/862/1327 275/863/1328
f 250/864/1329 171/865/1330 159/866/1331
f 205/782/1332 162/825/1333 214/824/1334
f 293/867/1335 158/760/1336 195/655/1337
f 303/301/1338 317/303/1339 235/868/1340
f 176/869/1341 177/870/1342 274/871/1343
f 292/872/1344 219/873/1345 198/874/1346
f 204/875/1347 219/876/1348 292/877/1349
f 275/878/1350 287/783/1351 170/688/1352
f 169/661/1353 170/688/1354 287/783/1355
f 223/879/1356 173/880/1357 216/881/1358
f 245/882/1359 175/643/1360 179/883/1361
f 384/884/1362 370/885/1363 257/886/1364 252/887/1365
f 245/813/1366 253/761/1367 158/760/1368
f 175/643/1369 245/882/1370 158/641/1371
f 266/888/1372 259/889/1373 159/890/1374
f 206/891/1375 273/645/1376 255/644/1377
f 261/892/1378 263/893/1379 249/894/1380
f 260/895/1381 294/896/1382 211/897/1383
f 291/898/1384 290/899/1385 200/900/1386
f 290/901/1387 228/829/1388 200/902/1389
f 157/590/1390 285/732/1391 294/903/1392
f 285/904/1393 211/905/1394 294/702/1395
f 276/778/1396 266/906/1397 159/754/1398
f 276/778/1399 159/754/1400 283/717/1401
f 157/907/1402 156/908/1403 184/909/1404
f 373/910/1405 378/715/1406 172/718/1407
f 290/911/1408 185/912/1409 228/913/1410
f 278/611/1411 241/731/1412 161/730/1413
f 191/672/1414 218/846/1415 182/673/1416
f 215/914/1417 297/769/1418 296/687/1419
f 297/769/1420 238/685/1421 296/687/1422
f 206/915/1423 208/799/1424 219/873/1425
f 208/916/1426 186/917/1427 219/918/1428
f 249/919/1429 264/920/1430 210/725/1431
f 192/726/1432 223/921/1433 249/919/1434
f 210/725/1435 192/726/1436 249/919/1437
f 210/922/1438 264/923/1439 217/924/1440
f 229/925/1441 228/926/1442 219/927/1443
f 436/928/1444 291/929/1445 439/930/1446
f 253/692/1447 250/931/1448 222/693/1449
f 272/932/1450 164/704/1451 177/664/1452
f 180/620/1453 164/704/1454 272/932/1455
f 167/623/1456 272/933/1457 244/934/1458
f 296/687/1459 167/621/1460 243/935/1461
f 159/754/1462 287/783/1463 222/755/1464
f 287/783/1465 221/803/1466 222/755/1467
f 388/936/1468 360/937/1469 231/615/1470 217/614/1471
f 166/714/1472 213/938/1473 219/873/1474
f 166/714/1475 219/873/1476 204/939/1477
f 430/940/1478 428/941/1479 178/942/1480 193/943/1481
f 289/944/1482 246/945/1483 280/946/1484
f 273/695/1485 206/947/1486 213/948/1487
f 203/949/1488 207/950/1489 224/951/1490
f 144/387/1491 243/952/1492 301/388/1493
f 181/953/1494 239/743/1495 221/954/1496
f 295/955/1497 181/953/1498 221/954/1499
f 163/654/1500 288/746/1501 166/714/1502
f 145/48/1503 174/631/1504 254/762/1505 318/186/1506
f 284/956/1507 211/957/1508 226/958/1509
f 216/788/1510 173/767/1511 220/959/1512
f 193/960/1513 292/872/1514 227/847/1515
f 193/960/1516 227/847/1517 185/912/1518
f 288/961/1519 181/962/1520 166/963/1521
f 181/964/1522 295/698/1523 166/714/1524
f 295/698/1525 225/842/1526 166/714/1527
f 302/402/1528 321/404/1529 179/965/1530
f 239/966/1531 181/967/1532 288/968/1533
f 263/893/1534 170/969/1535 169/970/1536
f 178/971/1537 236/821/1538 251/820/1539
f 236/821/1540 178/971/1541 234/794/1542
f 171/972/1543 250/973/1544 172/974/1545
f 155/210/1546 298/414/1547 205/782/1548
f 247/975/1549 187/976/1550 291/625/1551
f 452/977/1552 443/978/1553 267/837/1554
f 162/979/1555 293/642/1556 194/980/1557
f 168/981/1558 293/642/1559 162/979/1560
f 217/614/1561 232/616/1562 210/725/1563
f 173/982/1564 223/921/1565 192/726/1566
f 212/851/1567 285/732/1568 241/731/1569
f 285/983/1570 212/984/1571 211/985/1572
f 359/986/1573 356/987/1574 202/988/1575
f 164/704/1576 270/671/1577 182/673/1578
f 454/429/1579 452/977/1580 267/837/1581 300/266/1582
f 218/989/1583 202/990/1584 274/991/1585
f 177/664/1586 218/846/1587 274/992/1588
f 216/758/1589 207/950/1590 203/949/1591
f 194/993/1592 195/655/1593 163/654/1594
f 160/812/1595 161/730/1596 285/732/1597
f 249/994/1598 223/995/1599 199/996/1600
f 183/613/1601 242/612/1602 164/704/1603
f 196/997/1604 156/998/1605 183/999/1606
f 238/685/1607 184/768/1608 156/589/1609
f 196/686/1610 238/685/1611 156/589/1612
f 226/850/1613 211/897/1614 212/851/1615
f 162/825/1616 205/782/1617 168/1000/1618
f 197/1001/1619 271/1002/1620 162/1003/1621
f 451/1004/1622 444/1005/1623 290/911/1624
f 176/1006/1625 252/1007/1626 265/1008/1627
f 209/809/1628 241/731/1629 278/611/1630
f 277/1009/1631 248/1010/1632 172/1011/1633
f 250/1012/1634 277/1013/1635 172/1014/1636
f 270/1015/1637 279/703/1638 237/1016/1639
f 307/184/1640 254/762/1641 299/458/1642
f 160/1017/1643 157/1018/1644 184/1019/1645
f 313/462/1646 256/683/1647 165/592/1648 306/463/1649
f 432/1020/1650 442/1021/1651 187/1022/1652
f 162/1023/1653 194/1024/1654 197/1025/1655
f 296/687/1656 282/1026/1657 215/914/1658
f 297/769/1659 230/1027/1660 289/609/1661
f 184/768/1662 289/609/1663 160/812/1664
f 230/779/1665 235/868/1666 246/1028/1667
f 246/945/1668 235/1029/1669 267/1030/1670
f 146/475/1671 230/779/1672 311/203/1673
f 365/1031/1674 165/592/1675 362/1032/1676
f 166/1033/1677 204/1034/1678 269/784/1679
f 283/717/1680 159/754/1681 171/1035/1682
f 438/819/1683 447/810/1684 209/809/1685
f 374/776/1686 283/717/1687 377/716/1688
f 224/711/1689 229/1036/1690 186/712/1691
f 219/1037/1692 186/1038/1693 229/1039/1694
f 448/1040/1695 451/1041/1696 290/1042/1697
f 207/950/1698 284/1043/1699 247/1044/1700
f 273/645/1701 201/1045/1702 262/646/1703
f 364/777/1704 372/1046/1705 276/778/1706
f 201/699/1707 295/698/1708 221/803/1709
f 271/823/1710 188/841/1711 214/824/1712
f 191/1047/1713 232/1048/1714 218/1049/1715
f 313/462/1716 320/495/1717 256/683/1718
f 445/1050/1719 430/1051/1720 193/1052/1721
f 178/1053/1722 269/1054/1723 292/1055/1724
f 261/1056/1725 249/1057/1726 199/1058/1727
f 168/1059/1728 175/643/1729 293/642/1730
f 315/7/1731 248/593/1732 277/1060/1733 153/506/1734
f 260/895/1735 211/897/1736 284/1061/1737
f 270/671/1738 164/704/1739 242/612/1740
f 239/807/1741 240/745/1742 253/1062/1743
f 215/914/1744 230/1027/1745 297/769/1746
f 256/648/1747 243/682/1748 244/624/1749
f 260/1063/1750 284/1064/1751 220/1065/1752
f 224/1066/1753 189/1067/1754 203/1068/1755
f 189/1069/1756 224/1070/1757 190/1071/1758
f 261/1072/1759 262/1073/1760 263/1074/1761
f 174/631/1762 179/883/1763 175/643/1764
f 238/685/1765 297/769/1766 184/768/1767
f 262/1075/1768 201/1045/1769 275/863/1770
f 225/842/1771 213/938/1772 166/714/1773
f 372/1076/1774 382/1077/1775 266/1078/1776 276/1079/1777
f 228/1080/1778 229/1081/1779 200/1082/1780
f 367/1083/1781 386/843/1782 176/662/1783 274/992/1784
f 385/844/1785 383/1084/1786 252/690/1787
f 168/628/1788 254/1085/1789 174/629/1790
f 263/1086/1791 264/920/1792 249/919/1793
f 167/621/1794 180/620/1795 272/932/1796
f 254/762/1797 168/981/1798 205/782/1799
f 302/534/1800 179/883/1801 174/631/1802 304/47/1803
f 195/655/1804 158/760/1805 258/653/1806
f 258/653/1807 158/760/1808 240/745/1809
f 271/845/1810 236/821/1811 233/859/1812
f 255/675/1813 261/674/1814 190/710/1815
f 255/1087/1816 208/1088/1817 206/1089/1818
f 208/799/1819 255/675/1820 190/710/1821
f 143/538/1822 282/811/1823 305/539/1824
f 143/540/1825 154/542/1826 282/1090/1827
f 260/895/1828 279/1091/1829 294/896/1830
f 284/1043/1831 226/1092/1832 247/1093/1833
f 448/1094/1834 290/1095/1835 431/1096/1836
f 277/1097/1837 250/1098/1838 253/1099/1839
f 280/946/1840 246/945/1841 267/1100/1842
f 161/730/1843 289/609/1844 278/611/1845
f 224/1101/1846 281/1102/1847 200/1103/1848
f 234/794/1849 233/859/1850 236/821/1851
f 433/1104/1852 450/1105/1853 268/1106/1854
f 195/1107/1855 194/1108/1856 293/1109/1857
f 229/1110/1858 224/1111/1859 200/1112/1860
f 309/565/1861 214/824/1862 310/566/1863
f 263/1113/1864 286/1114/1865 264/1115/1866
f 263/1116/1867 169/1117/1868 286/1118/1869
f 286/1114/1870 217/1119/1871 264/1115/1872
f 366/1120/1873 388/1121/1874 217/1119/1875 286/1114/1876
f 245/882/1877 316/576/1878 153/506/1879 277/1060/1880
f 179/883/1881 321/577/1882 316/576/1883 245/882/1884
f 235/868/1885 317/303/1886 151/267/1887 267/837/1888
f 389/1122/1889 371/1123/1890 248/1124/1891 319/581/1892 314/580/1893
f 188/841/1894 152/274/1895 308/583/1896
f 214/824/1897 188/841/1898 308/583/1899 310/566/1900
f 365/1125/1901 393/587/1902 149/586/1903 165/1126/1904
f 165/592/1905 312/4/1906 306/463/1907
f 214/824/1908 309/565/1909 147/588/1910 205/782/1911
f 205/782/1912 147/588/1913 322/208/1914
f 230/779/1915 146/475/1916 303/301/1917 235/868/1918
f 282/811/1919 243/952/1920 144/387/1921 305/539/1922
f 205/782/1923 298/414/1924 299/458/1925 254/762/1926
f 314/1127/1927 392/1128/1928 391/127/1929 323/126/1930
f 314/1127/1931 323/126/1932 387/705/1933 389/1129/1934
f 252/708/1935 383/1130/1936 381/709/1937
f 266/660/1938 379/677/1939 375/1131/1940 169/661/1941
f 248/593/1942 371/1132/1943 369/1133/1944
f 172/718/1945 248/1134/1946 369/1135/1947 373/910/1948
f 286/1136/1949 169/1137/1950 375/1138/1951 368/1139/1952
f 274/1140/1953 202/1141/1954 363/1142/1955 367/1143/1956
f 257/647/1957 370/1144/1958 362/1145/1959 165/1146/1960
f 202/1147/1961 232/1148/1962 361/1149/1963 376/1150/1964
f 202/988/1965 376/1151/1966 359/986/1967
f 231/1152/1968 358/1153/1969 361/1154/1970 232/1155/1971
f 202/988/1972 356/987/1973 363/1156/1974
f 97/129/1975 349/131/1976 351/1157/1977
f 111/79/1978 14/78/1979 343/1158/1980 347/95/1981
f 93/8/1982 337/1159/1983 339/1160/1984
f 17/139/1985 341/345/1986 337/1161/1987 93/1162/1988
f 131/1163/1989 336/1164/1990 343/1165/1991 14/1166/1992
f 119/1167/1993 335/1168/1994 331/1169/1995 47/1170/1996
f 102/65/1997 10/1171/1998 330/1172/1999 338/1173/2000
f 47/1174/2001 344/1175/2002 329/1176/2003 77/1177/2004
f 47/427/2005 327/426/2006 344/1178/2007
f 76/1179/2008 77/1180/2009 329/1181/2010 326/1182/2011
f 47/427/2012 331/1183/2013 324/428/2014
f 390/125/2015 391/127/2016 392/1128/2017 339/578/2018 337/1159/2019 341/345/2020 346/138/2021 345/137/2022 342/201/2023 332/200/2024 340/491/2025 350/523/2026 347/95/2027 343/1158/2027 336/1164/2028 348/288/2029 334/155/2030 355/574/2031 328/371/2032 326/18/2033 329/1181/2034 344/1175/2035 327/426/2036 324/428/2037 331/1183/2038 335/1168/2039 354/277/2040 353/276/2041 351/531/2042 349/131/2043 325/128/2044 352/130/2045 338/319/2046 330/1172/2046 333/476/2047 393/587/2048 365/1125/2049 362/1032/2050 370/1144/2051 384/884/2052 357/706/2053 381/709/2054 383/1130/2055 385/844/2056 386/843/2057 367/1083/2058 363/1142/2059 356/987/2060 359/986/2061 376/1151/2062 361/1149/2063 358/1153/2064 360/600/2065 388/936/2066 366/1120/2067 380/735/2068 368/857/2069 375/1138/2070 379/677/2071 382/678/2072 372/1076/2073 364/777/2074 374/776/2075 377/716/2076 378/715/2077 373/910/2078 369/1135/2079 371/1132/2080 389/1122/2081 387/705/2082
f 268/1106/2083 450/1105/2084 449/1184/2085
f 267/837/2086 443/978/2087 453/1185/2088 280/1186/2089
f 193/960/2090 185/912/2091 440/1187/2092 445/1188/2093
f 291/1189/2094 187/1190/2095 442/1191/2096 439/1192/2097
f 268/640/2098 212/851/2099 435/1193/2100 433/1194/2101
f 187/1022/2102 268/1106/2103 449/1184/2104 432/1020/2105
f 291/1195/2106 436/1196/2107 431/1197/2108 290/1198/2109
f 241/731/2110 435/1193/2111 212/851/2112
f 241/731/2113 209/809/2114 446/808/2115 435/1193/2116
f 278/611/2117 280/610/2118 453/1199/2119 427/1200/2120
f 278/611/2121 427/1200/2122 441/818/2123
f 234/794/2124 178/971/2125 428/1201/2126 426/1202/2127
f 271/845/2128 233/859/2129 425/858/2130 437/1203/2131
f 271/845/2132 437/1203/2133 424/1204/2134 188/1205/2135
f 188/1206/2136 424/1207/2137 455/1208/2138 150/1209/2139
f 234/794/2140 429/793/2141 423/860/2142 233/859/2143
f 113/557/2144 418/1210/2145 419/558/2146
f 112/268/2147 125/1211/2148 422/1212/2149 412/418/2150
f 38/397/2151 414/1213/2152 409/1214/2153 30/348/2154
f 136/1215/2155 408/1216/2156 411/1217/2157 32/1218/2158
f 113/57/2159 402/1219/2160 457/1220/2161 57/283/2162
f 32/465/2163 401/464/2164 418/1210/2165 113/557/2166
f 136/1221/2167 135/1222/2168 400/1223/2169 405/1224/2170
f 86/154/2171 57/283/2172 457/1220/2173
f 86/154/2174 457/1220/2175 415/236/2176 54/238/2177
f 123/26/2178 397/1225/2179 422/1226/2180 125/27/2181
f 123/26/2182 410/248/2183 397/1225/2184
f 79/223/2185 456/1227/2186 398/1228/2187 23/410/2188
f 116/278/2189 406/1229/2190 396/291/2191 78/293/2192
f 116/278/2193 33/1230/2194 395/1231/2195 406/1229/2196
f 33/1232/2197 150/1209/2198 455/1208/2199 395/1233/2200
f 79/223/2201 78/293/2202 394/292/2203 399/221/2204
f 428/941/2205 442/1021/2206 398/1228/2207
f 454/429/2208 443/978/2209 452/977/2210
f 443/978/2211 454/429/2212 453/1185/2213
f 453/1185/2214 454/429/2215 427/1200/2216
f 427/1200/2217 438/819/2218 441/818/2219
f 438/819/2220 446/808/2221 447/810/2222
f 427/1200/2223 454/429/2224 438/819/2225
f 438/819/2226 454/429/2227 446/808/2228
f 433/1194/2229 449/1184/2230 450/1105/2231
f 449/1184/2232 442/1021/2233 432/1020/2234
f 442/1021/2235 436/928/2236 439/1192/2237
f 436/928/2238 444/1005/2239 431/1197/2240
f 431/1197/2241 444/1005/2242 448/1094/2243
f 448/1094/2244 444/1005/2245 451/1041/2246
f 444/1005/2247 428/941/2248 430/1051/2249 440/748/2250
f 426/1202/2251 429/793/2252 434/796/2253
f 428/941/2254 425/858/2255 426/1202/2256
f 426/1202/2257 425/858/2258 429/793/2259
f 429/793/2260 425/858/2261 423/860/2262
f 425/858/2263 424/1204/2264 437/1203/2265
f 424/1204/2266 425/858/2267 455/1208/2268
f 455/1208/2269 398/1228/2270 395/1233/2271
f 425/858/2272 428/941/2273 455/1208/2274
f 395/1233/2275 396/291/2276 406/1229/2277
f 396/291/2278 399/221/2279 394/292/2280
f 399/221/2281 456/225/2282 403/222/2283
f 395/1233/2284 398/1228/2285 396/291/2286
f 396/291/2287 398/1228/2288 456/225/2289 399/221/2290
f 444/1005/2291 442/1021/2292 428/941/2293
f 442/1021/2294 444/1005/2295 436/928/2296
f 433/1194/2297 442/1021/2298 449/1184/2299
f 446/808/2300 454/429/2301 433/1194/2302 435/1193/2303
f 412/418/2304 454/429/2305 421/417/2306
f 397/1225/2307 412/418/2308 422/1226/2309
f 407/247/2310 397/1225/2311 410/248/2312
f 415/236/2313 407/247/2314 416/237/2315
f 415/236/2316 412/418/2317 407/247/2220
f 407/247/2318 412/418/2319 397/1225/2320
f 418/1210/2321 402/556/2322 419/558/2323
f 411/1217/2324 418/1210/2325 401/464/2326
f 405/1224/2327 411/1217/2328 408/364/2329
f 417/485/2330 413/170/2331 400/547/2332
f 400/547/2333 413/170/2334 405/1224/2335
f 413/170/2336 417/485/2337 420/445/2338
f 414/496/2339 404/376/2340 398/1228/2205 409/1214/2341
f 409/1214/2342 398/1228/2343 413/170/2344
f 405/1224/2345 454/429/2346 411/1217/2347
f 411/1217/2348 454/429/2349 418/1210/2350
f 418/1210/2351 415/236/2352 457/1220/2353 402/556/2354
f 415/236/2355 454/429/2356 412/418/2357
f 418/1210/2358 454/429/2359 415/236/2360
f 398/1228/2361 405/1224/2362 413/170/2363
f 455/1208/2364 428/941/2365 398/1228/2366
f 433/1194/2367 454/429/2368 442/1021/2369
f 398/1228/2370 442/1021/2371 405/1224/2372
f 442/1021/2373 454/429/2374 405/1224/2375
f 440/748/2376 430/1051/2377 445/1188/2378
