# Blender v2.79 (sub 0) OBJ File: 'redo_fixed_360_joints.blend'
# www.blender.org
mtllib sungaya_inexpectata_31mg.mtl
o 07-a2.000_Sungaya_inexpectata_31mg.083
v 0.000601 0.000414 0.000245
v 0.000610 -0.000194 0.000623
v 0.000738 0.000256 0.000169
v 0.000353 0.000361 -0.000772
v 0.000460 -0.000078 0.000755
v 0.000343 -0.000066 0.000839
v 0.000413 0.000277 0.000713
v 0.000098 -0.000097 -0.000774
v 0.000387 -0.000134 -0.000733
v 0.000921 0.000302 -0.000178
v 0.000399 -0.000191 0.000803
v 0.000724 0.000388 -0.000026
v 0.000320 0.000089 0.000833
v 0.000606 -0.000058 0.000614
v 0.000429 -0.000461 -0.000568
v 0.000871 0.000049 0.000112
v 0.000814 -0.000192 0.000290
v 0.000691 -0.000369 -0.000283
v 0.000805 0.000327 -0.000122
v 0.000859 0.000447 -0.000176
v 0.000669 0.000352 -0.000755
v 0.000605 0.000349 -0.000800
v 0.000707 -0.000336 0.000426
v 0.000083 -0.000409 -0.000622
v 0.000906 -0.000165 -0.000113
v 0.000562 0.000007 0.000639
v 0.000660 0.000357 0.000123
v 0.000843 -0.000319 -0.000036
v 0.000780 -0.000337 -0.000135
v 0.000789 0.000244 -0.000123
v 0.000462 0.000180 -0.000827
v 0.000277 -0.000343 -0.000646
v 0.000544 0.000342 0.000448
v 0.000326 0.000412 0.000758
v 0.000494 -0.000050 -0.000604
v 0.000790 0.000429 -0.000520
v 0.000374 -0.000359 -0.000595
v 0.000060 -0.000318 -0.000676
v 0.000911 -0.000079 0.000095
v 0.000918 -0.000163 0.000081
v 0.000872 -0.000265 0.000185
v 0.000721 -0.000217 0.000432
v 0.000645 -0.000194 0.000537
v 0.000932 0.000403 -0.000333
v 0.000503 -0.000232 -0.000558
v 0.000752 -0.000433 -0.000138
v 0.000567 -0.000349 0.000656
v 0.000846 -0.000355 0.000234
v 0.000540 -0.000195 0.000729
v 0.000530 -0.000345 0.000739
v 0.000262 0.000086 -0.000756
v 0.000640 0.000251 0.000298
v 0.000517 -0.000063 0.000690
v 0.000792 -0.000009 0.000251
v 0.000289 -0.000341 0.000820
v 0.000849 0.000015 0.000156
v 0.000782 -0.000222 -0.000251
v 0.000611 -0.000340 -0.000406
v 0.000192 0.000240 -0.000765
v 0.000031 -0.000238 -0.000782
v 0.000628 0.000210 0.000413
v 0.000600 0.000344 0.000389
v 0.000683 -0.000053 -0.000512
v 0.000302 0.000234 -0.000767
v 0.000180 0.000219 0.000873
v 0.000625 0.000076 0.000489
v 0.000783 0.000307 -0.000079
v 0.000668 0.000371 0.000050
v 0.000762 -0.000107 -0.000423
v 0.000133 -0.000263 0.000900
v 0.000709 -0.000209 -0.000342
v 0.000810 0.000380 -0.000094
v 0.000493 0.000097 0.000676
v 0.000485 0.000294 -0.000828
v 0.000396 -0.000392 0.000781
v 0.000409 0.000018 -0.000789
v 0.000257 -0.000414 -0.000629
v 0.000757 0.000394 -0.000596
v 0.000076 0.000140 -0.000763
v 0.000794 0.000116 -0.000065
v 0.000488 -0.000018 -0.000641
v 0.000560 -0.000103 -0.000522
v 0.000649 -0.000105 -0.000452
v 0.000321 -0.000163 -0.000781
v 0.000508 -0.000013 -0.000768
v 0.000428 -0.000056 -0.000755
v 0.000548 0.000172 0.000591
v 0.000722 0.000209 -0.000870
v 0.000839 0.000134 -0.000109
v 0.000032 -0.000177 0.000935
v 0.000652 0.000323 0.000205
v 0.000133 0.000389 0.000874
v 0.000189 -0.000320 -0.000679
v 0.000266 -0.000270 -0.000710
v 0.000504 -0.000398 -0.000495
v 0.000802 0.000206 0.000114
v 0.000690 0.000059 0.000398
v 0.000575 -0.000244 0.000699
v 0.000898 -0.000286 0.000088
v 0.000808 -0.000409 -0.000023
v 0.000817 0.000122 0.000185
v 0.000885 -0.000063 0.000030
v 0.000860 -0.000364 0.000177
v 0.000743 0.000278 -0.000813
v 0.000805 0.000101 -0.000007
v 0.000276 0.000306 0.000818
v 0.000129 0.000132 0.000890
v 0.000107 -0.000262 -0.000734
v 0.000685 0.000098 -0.000880
v 0.000704 -0.000099 0.000446
v 0.000473 -0.000342 0.000773
v 0.000757 0.000255 -0.000030
v 0.000862 -0.000232 -0.000062
v 0.000940 0.000050 -0.000124
v 0.000410 -0.000195 -0.000666
v 0.000737 -0.000016 0.000375
v 0.000448 0.000396 0.000598
v 0.000830 0.000144 0.000074
v 0.000133 -0.000025 0.000906
v 0.000393 0.000435 0.000676
v 0.000189 -0.000234 -0.000785
v 0.000327 -0.000105 -0.000775
v 0.000201 -0.000197 0.000892
v 0.000899 -0.000133 -0.000046
v 0.000886 -0.000047 -0.000074
v 0.000587 -0.000020 -0.000616
v 0.000206 -0.000420 0.000838
v 0.000670 0.000039 -0.000851
v 0.000960 0.000329 -0.000234
v 0.000900 -0.000137 -0.000198
v 0.000929 0.000391 -0.000368
v 0.000930 -0.000091 -0.000129
v 0.000913 -0.000141 -0.000158
v 0.000730 0.000196 -0.000875
v 0.000713 0.000112 -0.000887
v 0.000941 -0.000043 -0.000119
v 0.000733 0.000208 -0.000875
v 0.000796 0.000000 -0.000582
v 0.000829 0.000341 -0.000645
v 0.000852 -0.000134 -0.000346
v 0.000740 0.000221 -0.000859
v 0.000948 0.000027 -0.000134
v 0.000823 0.000334 -0.000662
v 0.000852 -0.000136 -0.000345
v 0.000962 0.000327 -0.000235
v 0.000711 0.000085 -0.000879
v 0.000832 -0.000111 -0.000417
v 0.000825 -0.000100 -0.000446
v 0.000951 0.000051 -0.000135
v 0.000764 0.000012 -0.000683
v 0.000962 0.000326 -0.000234
v 0.000795 0.000002 -0.000585
v 0.000965 0.000264 -0.000197
v 0.000765 0.000279 -0.000811
v 0.000899 0.000379 -0.000454
v 0.000711 0.000039 -0.000860
v 0.000735 0.000003 -0.000769
v 0.000953 0.000062 -0.000136
v 0.000729 0.000003 -0.000788
v 0.000713 0.000024 -0.000846
v 0.000893 0.000373 -0.000467
v 0.000941 0.000391 -0.000330
v 0.000942 -0.000016 -0.000131
v 0.000734 0.000212 -0.000871
v 0.000798 -0.000005 -0.000573
v 0.000853 -0.000136 -0.000343
v 0.000002 -0.000114 -0.000776
v 0.000000 0.000128 -0.000766
v -0.000002 0.000154 0.000897
v 0.000001 -0.000196 0.000935
v -0.000607 0.000405 0.000245
v -0.000608 -0.000202 0.000622
v -0.000741 0.000247 0.000168
v -0.000356 0.000356 -0.000773
v -0.000460 -0.000084 0.000754
v -0.000342 -0.000069 0.000838
v -0.000414 0.000271 0.000711
v -0.000095 -0.000099 -0.000774
v -0.000383 -0.000139 -0.000734
v -0.000924 0.000291 -0.000179
v -0.000397 -0.000195 0.000802
v -0.000728 0.000379 -0.000027
v -0.000316 0.000092 0.000830
v -0.000606 -0.000065 0.000613
v -0.000422 -0.000467 -0.000568
v -0.000872 0.000038 0.000111
v -0.000812 -0.000202 0.000288
v -0.000686 -0.000377 -0.000284
v -0.000808 0.000317 -0.000123
v -0.000864 0.000436 -0.000177
v -0.000672 0.000343 -0.000756
v -0.000608 0.000341 -0.000801
v -0.000703 -0.000345 0.000425
v -0.000076 -0.000410 -0.000622
v -0.000903 -0.000176 -0.000114
v -0.000562 -0.000000 0.000638
v -0.000664 0.000349 0.000122
v -0.000838 -0.000330 -0.000037
v -0.000775 -0.000347 -0.000136
v -0.000792 0.000234 -0.000124
v -0.000462 0.000174 -0.000827
v -0.000271 -0.000346 -0.000646
v -0.000549 0.000335 0.000449
v -0.000329 0.000400 0.000754
v -0.000492 -0.000056 -0.000604
v -0.000794 0.000419 -0.000522
v -0.000368 -0.000363 -0.000596
v -0.000054 -0.000319 -0.000676
v -0.000910 -0.000090 0.000094
v -0.000916 -0.000174 0.000079
v -0.000869 -0.000276 0.000184
v -0.000718 -0.000226 0.000431
v -0.000643 -0.000202 0.000536
v -0.000936 0.000391 -0.000335
v -0.000499 -0.000238 -0.000559
v -0.000746 -0.000442 -0.000139
v -0.000563 -0.000356 0.000655
v -0.000841 -0.000366 0.000232
v -0.000538 -0.000202 0.000728
v -0.000526 -0.000351 0.000738
v -0.000261 0.000083 -0.000756
v -0.000643 0.000243 0.000297
v -0.000517 -0.000070 0.000690
v -0.000792 -0.000019 0.000250
v -0.000285 -0.000346 0.000818
v -0.000849 0.000004 0.000155
v -0.000778 -0.000232 -0.000252
v -0.000606 -0.000347 -0.000407
v -0.000193 0.000237 -0.000765
v -0.000026 -0.000239 -0.000782
v -0.000631 0.000202 0.000413
v -0.000604 0.000336 0.000385
v -0.000681 -0.000062 -0.000513
v -0.000303 0.000231 -0.000768
v -0.000184 0.000221 0.000869
v -0.000627 0.000068 0.000488
v -0.000786 0.000297 -0.000080
v -0.000672 0.000362 0.000049
v -0.000760 -0.000117 -0.000424
v -0.000130 -0.000265 0.000900
v -0.000705 -0.000218 -0.000343
v -0.000815 0.000370 -0.000095
v -0.000492 0.000088 0.000678
v -0.000487 0.000288 -0.000829
v -0.000393 -0.000401 0.000780
v -0.000407 0.000013 -0.000789
v -0.000250 -0.000417 -0.000629
v -0.000760 0.000385 -0.000597
v -0.000077 0.000139 -0.000763
v -0.000795 0.000106 -0.000066
v -0.000486 -0.000024 -0.000641
v -0.000558 -0.000110 -0.000523
v -0.000646 -0.000113 -0.000453
v -0.000317 -0.000167 -0.000782
v -0.000506 -0.000019 -0.000769
v -0.000425 -0.000061 -0.000756
v -0.000550 0.000167 0.000589
v -0.000723 0.000200 -0.000871
v -0.000840 0.000124 -0.000110
v -0.000030 -0.000177 0.000935
v -0.000656 0.000315 0.000204
v -0.000145 0.000391 0.000870
v -0.000183 -0.000323 -0.000680
v -0.000261 -0.000273 -0.000711
v -0.000498 -0.000404 -0.000496
v -0.000804 0.000196 0.000112
v -0.000691 0.000050 0.000397
v -0.000573 -0.000252 0.000698
v -0.000894 -0.000297 0.000087
v -0.000802 -0.000420 -0.000024
v -0.000818 0.000112 0.000184
v -0.000884 -0.000074 0.000029
v -0.000856 -0.000374 0.000175
v -0.000745 0.000269 -0.000814
v -0.000806 0.000090 -0.000008
v -0.000278 0.000304 0.000815
v -0.000131 0.000129 0.000888
v -0.000102 -0.000263 -0.000734
v -0.000684 0.000089 -0.000881
v -0.000703 -0.000108 0.000445
v -0.000471 -0.000348 0.000772
v -0.000759 0.000245 -0.000032
v -0.000858 -0.000243 -0.000063
v -0.000940 0.000038 -0.000125
v -0.000406 -0.000200 -0.000666
v -0.000737 -0.000025 0.000374
v -0.000457 0.000381 0.000593
v -0.000831 0.000133 0.000073
v -0.000134 -0.000029 0.000905
v -0.000390 0.000424 0.000677
v -0.000185 -0.000237 -0.000785
v -0.000324 -0.000109 -0.000776
v -0.000199 -0.000200 0.000892
v -0.000896 -0.000145 -0.000047
v -0.000885 -0.000059 -0.000076
v -0.000585 -0.000027 -0.000617
v -0.000201 -0.000423 0.000837
v -0.000669 0.000030 -0.000852
v -0.000963 0.000317 -0.000235
v -0.000898 -0.000148 -0.000200
v -0.000933 0.000379 -0.000369
v -0.000928 -0.000103 -0.000131
v -0.000911 -0.000152 -0.000159
v -0.000731 0.000187 -0.000877
v -0.000713 0.000103 -0.000888
v -0.000940 -0.000055 -0.000121
v -0.000733 0.000199 -0.000876
v -0.000795 -0.000010 -0.000583
v -0.000832 0.000330 -0.000647
v -0.000849 -0.000145 -0.000348
v -0.000741 0.000211 -0.000860
v -0.000947 0.000015 -0.000135
v -0.000825 0.000323 -0.000663
v -0.000850 -0.000146 -0.000346
v -0.000965 0.000315 -0.000237
v -0.000710 0.000076 -0.000881
v -0.000830 -0.000122 -0.000418
v -0.000822 -0.000111 -0.000447
v -0.000951 0.000039 -0.000136
v -0.000763 0.000002 -0.000684
v -0.000966 0.000313 -0.000236
v -0.000794 -0.000008 -0.000586
v -0.000967 0.000252 -0.000199
v -0.000767 0.000269 -0.000812
v -0.000902 0.000368 -0.000455
v -0.000709 0.000030 -0.000861
v -0.000733 -0.000006 -0.000770
v -0.000953 0.000050 -0.000137
v -0.000727 -0.000006 -0.000789
v -0.000711 0.000015 -0.000847
v -0.000897 0.000361 -0.000468
v -0.000945 0.000379 -0.000332
v -0.000941 -0.000028 -0.000133
v -0.000735 0.000203 -0.000873
v -0.000796 -0.000015 -0.000574
v -0.000850 -0.000147 -0.000344
v 0.000002 -0.000347 0.000912
v 0.000003 -0.000410 -0.000633
v 0.000003 -0.000322 -0.000676
v -0.000003 0.000264 0.000891
v 0.000002 -0.000256 -0.000762
v 0.000002 -0.000241 -0.000783
v -0.000000 0.000208 -0.000770
v -0.000000 0.000178 -0.000768
v -0.000000 0.000022 0.000907
v -0.000001 0.000327 -0.000813
v 0.000003 -0.000358 -0.000649
v 0.000003 -0.000332 -0.000665
v 0.000001 -0.000017 -0.000787
v -0.000001 0.000330 -0.000813
v -0.000002 0.000198 0.000897
v 0.000001 0.000011 -0.000787
v -0.000001 0.000068 0.000905
v -0.000000 -0.000102 0.000930
v 0.000004 -0.000466 -0.000664
v 0.000000 -0.000147 0.000937
v 0.000002 -0.000406 0.000896
v 0.000001 0.000038 -0.000783
v -0.000004 0.000373 0.000896
v 0.000002 -0.000217 -0.000781
v 0.000582 0.000447 0.000309
v 0.000791 0.000447 -0.000084
v 0.000938 0.000447 -0.000303
v 0.000928 0.000447 -0.000240
v 0.000139 0.000446 0.000868
v 0.000896 0.000446 -0.000366
v 0.000932 0.000447 -0.000245
v 0.000796 0.000446 -0.000517
v 0.000936 0.000447 -0.000310
v 0.000640 0.000446 0.000063
v 0.000213 0.000446 0.000829
v 0.000651 0.000446 0.000041
v 0.000483 0.000447 0.000494
v 0.000651 0.000444 -0.000723
v 0.000111 0.000446 0.000879
v 0.000752 0.000445 -0.000567
v 0.000397 0.000447 0.000667
v 0.000209 0.000442 -0.000799
v 0.000686 0.000446 -0.000002
v 0.000244 0.000446 0.000810
v 0.000568 0.000447 0.000358
v 0.000698 0.000445 -0.000652
v 0.000561 0.000444 -0.000771
v 0.000382 0.000447 0.000687
v 0.000362 0.000443 -0.000763
v 0.000633 0.000446 0.000100
v 0.000497 0.000447 0.000467
v 0.000809 0.000446 -0.000495
v 0.000610 0.000446 0.000147
v 0.000423 0.000443 -0.000758
v 0.000592 0.000446 0.000250
v 0.000576 0.000447 0.000350
v 0.000327 0.000446 0.000751
v 0.000730 0.000446 -0.000037
v 0.000602 0.000446 0.000177
v 0.000436 0.000447 0.000609
v 0.000501 0.000444 -0.000776
v 0.000228 0.000446 0.000822
v 0.000629 0.000444 -0.000738
v 0.000340 0.000443 -0.000760
v -0.000582 0.000442 0.000322
v -0.000796 0.000440 -0.000086
v -0.000879 0.000439 -0.000193
v -0.000942 0.000439 -0.000306
v -0.000932 0.000439 -0.000243
v -0.000152 0.000445 0.000863
v -0.000861 0.000439 -0.000174
v -0.000925 0.000439 -0.000331
v -0.000866 0.000439 -0.000180
v -0.000936 0.000439 -0.000247
v -0.000802 0.000439 -0.000517
v -0.000941 0.000439 -0.000309
v -0.000643 0.000441 0.000063
v -0.000230 0.000444 0.000818
v -0.000658 0.000441 0.000038
v -0.000492 0.000442 0.000487
v -0.000654 0.000439 -0.000723
v -0.000122 0.000445 0.000877
v -0.000749 0.000439 -0.000577
v -0.000397 0.000443 0.000661
v -0.000213 0.000441 -0.000799
v -0.000691 0.000440 -0.000003
v -0.000245 0.000444 0.000809
v -0.000572 0.000442 0.000358
v -0.000698 0.000439 -0.000657
v -0.000564 0.000439 -0.000771
v -0.000372 0.000443 0.000693
v -0.000366 0.000440 -0.000764
v -0.000178 0.000441 -0.000805
v -0.000637 0.000441 0.000099
v -0.000500 0.000442 0.000472
v -0.000818 0.000439 -0.000491
v -0.000615 0.000441 0.000148
v -0.000428 0.000440 -0.000758
v -0.000597 0.000441 0.000250
v -0.000577 0.000442 0.000352
v -0.000326 0.000444 0.000745
v -0.000733 0.000440 -0.000036
v -0.000608 0.000441 0.000176
v -0.000437 0.000443 0.000603
v -0.000505 0.000439 -0.000776
v -0.000238 0.000444 0.000814
v -0.000634 0.000439 -0.000737
v -0.000344 0.000440 -0.000761
v -0.000006 0.000445 0.000901
v 0.000173 0.000442 -0.000805
v -0.000002 0.000441 -0.000858
v 0.000644 -0.000460 0.000471
v 0.000360 -0.000466 -0.000608
v 0.000398 -0.000461 0.000786
v 0.000332 -0.000467 -0.000624
v 0.000821 -0.000460 0.000208
v 0.000706 -0.000460 0.000385
v 0.000729 -0.000462 -0.000199
v 0.000751 -0.000460 0.000321
v 0.000584 -0.000460 0.000615
v 0.000369 -0.000461 0.000796
v 0.000383 -0.000461 0.000790
v 0.000332 -0.000461 0.000805
v 0.000391 -0.000461 0.000790
v 0.000612 -0.000460 0.000549
v 0.000249 -0.000467 -0.000643
v 0.000189 -0.000468 -0.000641
v 0.000430 -0.000466 -0.000569
v 0.000607 -0.000464 -0.000401
v 0.000523 -0.000465 -0.000495
v 0.000518 -0.000460 0.000692
v 0.000511 -0.000460 0.000708
v 0.000646 -0.000460 0.000467
v 0.000435 -0.000466 -0.000564
v 0.000768 -0.000462 -0.000113
v 0.000648 -0.000460 0.000464
v 0.000788 -0.000460 0.000271
v 0.000691 -0.000463 -0.000295
v 0.000102 -0.000468 -0.000652
v 0.000629 -0.000464 -0.000382
v 0.000640 -0.000464 -0.000366
v 0.000826 -0.000460 0.000190
v 0.000809 -0.000461 0.000091
v 0.000817 -0.000461 0.000025
v 0.000219 -0.000462 0.000845
v 0.000807 -0.000461 -0.000036
v 0.000335 -0.000467 -0.000623
v 0.000429 -0.000466 -0.000570
v -0.000639 -0.000469 0.000470
v -0.000353 -0.000471 -0.000609
v -0.000395 -0.000466 0.000785
v -0.000325 -0.000471 -0.000624
v -0.000815 -0.000471 0.000207
v -0.000700 -0.000469 0.000384
v -0.000723 -0.000472 -0.000200
v -0.000745 -0.000470 0.000320
v -0.000578 -0.000468 0.000614
v -0.000362 -0.000466 0.000796
v -0.000378 -0.000466 0.000789
v -0.000320 -0.000465 0.000806
v -0.000387 -0.000466 0.000789
v -0.000606 -0.000468 0.000548
v -0.000241 -0.000470 -0.000644
v -0.000182 -0.000470 -0.000642
v -0.000423 -0.000471 -0.000570
v -0.000600 -0.000472 -0.000402
v -0.000516 -0.000471 -0.000496
v -0.000513 -0.000467 0.000691
v -0.000505 -0.000467 0.000708
v -0.000032 -0.000463 0.000868
v -0.000640 -0.000469 0.000466
v -0.000428 -0.000471 -0.000565
v -0.000761 -0.000472 -0.000114
v -0.000643 -0.000469 0.000463
v -0.000782 -0.000470 0.000270
v -0.000684 -0.000472 -0.000296
v -0.000095 -0.000469 -0.000652
v -0.000622 -0.000472 -0.000383
v 0.000001 -0.000469 -0.000665
v -0.000633 -0.000472 -0.000367
v -0.000820 -0.000471 0.000189
v -0.000802 -0.000471 0.000089
v -0.000810 -0.000471 0.000024
v -0.000215 -0.000464 0.000843
v -0.000800 -0.000472 -0.000038
v -0.000328 -0.000471 -0.000624
v -0.000421 -0.000471 -0.000571
v 0.000004 -0.000469 -0.000665
v 0.000003 -0.000463 0.000877
v 0.000037 -0.000463 0.000868
v 0.000006 -0.000469 -0.000665
vt 0.832667 0.657177
vt 0.834552 0.652902
vt 0.832748 0.653037
vt 0.858809 0.645155
vt 0.858440 0.645367
vt 0.858412 0.647269
vt 0.861562 0.646886
vt 0.860516 0.653568
vt 0.863296 0.657102
vt 0.867799 0.651374
vt 0.833785 0.649410
vt 0.836379 0.649149
vt 0.943831 0.477673
vt 0.943045 0.478846
vt 0.943731 0.479060
vt 0.193856 0.369216
vt 0.198986 0.367938
vt 0.195241 0.361757
vt 0.831503 0.663208
vt 0.829952 0.660391
vt 0.835176 0.665617
vt 0.833816 0.667107
vt 0.865356 0.662346
vt 0.869642 0.656704
vt 0.803568 0.957096
vt 0.804974 0.958257
vt 0.804995 0.957251
vt 0.201204 0.361077
vt 0.844642 0.669425
vt 0.847709 0.671839
vt 0.848841 0.669649
vt 0.858101 0.657945
vt 0.855577 0.658591
vt 0.857259 0.663731
vt 0.867550 0.669239
vt 0.873282 0.668014
vt 0.870427 0.664423
vt 0.067312 0.506098
vt 0.066507 0.506516
vt 0.068629 0.506698
vt 0.034169 0.037253
vt 0.034896 0.035297
vt 0.032950 0.031795
vt 0.048729 0.032320
vt 0.053560 0.030391
vt 0.047592 0.032101
vt 0.579117 0.368966
vt 0.579897 0.366022
vt 0.577621 0.368129
vt 0.578997 0.361508
vt 0.874370 0.671157
vt 0.872089 0.672996
vt 0.191616 0.361888
vt 0.189401 0.365383
vt 0.854642 0.649925
vt 0.853057 0.653327
vt 0.855341 0.654675
vt 0.838991 0.663962
vt 0.837552 0.669138
vt 0.648284 0.079789
vt 0.647521 0.082048
vt 0.649066 0.081012
vt 0.101647 0.019948
vt 0.097918 0.020487
vt 0.097955 0.020985
vt 0.837017 0.671420
vt 0.839811 0.672858
vt 0.048096 0.032615
vt 0.845044 0.660123
vt 0.842800 0.663125
vt 0.846469 0.663682
vt 0.837375 0.658141
vt 0.839747 0.680139
vt 0.840742 0.679416
vt 0.839200 0.676461
vt 0.837828 0.678388
vt 0.092859 0.020824
vt 0.092701 0.021155
vt 0.093509 0.020809
vt 0.854707 0.667514
vt 0.861377 0.669358
vt 0.198211 0.358922
vt 0.660006 0.461470
vt 0.658171 0.465077
vt 0.662164 0.462997
vt 0.871674 0.661106
vt 0.550673 0.183641
vt 0.554063 0.183302
vt 0.553461 0.179488
vt 0.099811 0.618936
vt 0.098661 0.618346
vt 0.098479 0.619690
vt 0.179626 0.745175
vt 0.181127 0.746717
vt 0.182327 0.745006
vt 0.918982 0.482881
vt 0.918533 0.483221
vt 0.918958 0.483549
vt 0.703220 0.585415
vt 0.700695 0.584435
vt 0.701753 0.586218
vt 0.452484 0.767294
vt 0.451052 0.769502
vt 0.451825 0.769680
vt 0.896435 0.097139
vt 0.893102 0.097519
vt 0.892371 0.104869
vt 0.021951 0.037708
vt 0.022682 0.041442
vt 0.025342 0.036834
vt 0.834643 0.676076
vt 0.834072 0.678504
vt 0.768714 0.487896
vt 0.768342 0.488766
vt 0.768393 0.488885
vt 0.246374 0.695694
vt 0.244292 0.696149
vt 0.243882 0.697524
vt 0.721944 0.650578
vt 0.720851 0.653389
vt 0.718085 0.654954
vt 0.690842 0.397420
vt 0.688815 0.394776
vt 0.690903 0.399774
vt 0.344471 0.994258
vt 0.341476 0.997771
vt 0.344797 0.996384
vt 0.859402 0.675082
vt 0.862617 0.675148
vt 0.863056 0.674815
vt 0.858477 0.673598
vt 0.840790 0.647508
vt 0.838237 0.648873
vt 0.841630 0.652495
vt 0.831219 0.673091
vt 0.832276 0.669600
vt 0.829250 0.669726
vt 0.851629 0.660238
vt 0.847545 0.656075
vt 0.574648 0.358532
vt 0.573956 0.360745
vt 0.577351 0.360291
vt 0.547018 0.174663
vt 0.544533 0.175116
vt 0.542634 0.179814
vt 0.927827 0.668225
vt 0.926417 0.671504
vt 0.927462 0.670027
vt 0.318407 0.786099
vt 0.319235 0.786110
vt 0.316994 0.785285
vt 0.486398 0.071267
vt 0.487615 0.070952
vt 0.485830 0.070157
vt 0.665394 0.398368
vt 0.663847 0.399209
vt 0.665403 0.399233
vt 0.058268 0.789927
vt 0.059409 0.791536
vt 0.060722 0.789276
vt 0.042541 0.035092
vt 0.046078 0.033600
vt 0.043546 0.031976
vt 0.827649 0.658120
vt 0.825564 0.661680
vt 0.827896 0.660731
vt 0.023359 0.982177
vt 0.023057 0.985693
vt 0.023823 0.982907
vt 0.205517 0.363955
vt 0.758740 0.389563
vt 0.757767 0.388638
vt 0.756977 0.390111
vt 0.843983 0.647837
vt 0.546328 0.174028
vt 0.547553 0.173469
vt 0.920587 0.275995
vt 0.921363 0.276909
vt 0.921574 0.275466
vt 0.851376 0.650468
vt 0.853031 0.646498
vt 0.850164 0.646961
vt 0.853675 0.646362
vt 0.845035 0.666553
vt 0.549616 0.189979
vt 0.547334 0.188461
vt 0.547461 0.189405
vt 0.564724 0.522138
vt 0.564809 0.522984
vt 0.566491 0.521891
vt 0.566582 0.520172
vt 0.849709 0.655357
vt 0.411183 0.730510
vt 0.410501 0.733186
vt 0.411961 0.733114
vt 0.409213 0.735939
vt 0.411211 0.734275
vt 0.891916 0.100199
vt 0.772476 0.743698
vt 0.771084 0.742464
vt 0.770530 0.744877
vt 0.388378 0.854502
vt 0.387079 0.853919
vt 0.380797 0.854519
vt 0.383722 0.857391
vt 0.825790 0.667051
vt 0.826293 0.666990
vt 0.825614 0.666088
vt 0.843135 0.655983
vt 0.134408 0.462792
vt 0.133594 0.464029
vt 0.135315 0.463261
vt 0.080301 0.858913
vt 0.078737 0.857611
vt 0.078177 0.860901
vt 0.197382 0.371777
vt 0.196808 0.374629
vt 0.525090 0.190458
vt 0.527287 0.191302
vt 0.524363 0.189101
vt 0.381824 0.850971
vt 0.380431 0.850273
vt 0.376447 0.852159
vt 0.853920 0.661450
vt 0.126564 0.734675
vt 0.128536 0.737359
vt 0.129525 0.736692
vt 0.128637 0.733899
vt 0.206603 0.359145
vt 0.205691 0.359015
vt 0.863609 0.649158
vt 0.108990 0.952967
vt 0.107108 0.950865
vt 0.107673 0.953287
vt 0.860277 0.858003
vt 0.858993 0.857643
vt 0.858819 0.858982
vt 0.912431 0.236781
vt 0.911548 0.236782
vt 0.911761 0.237252
vt 0.863699 0.675080
vt 0.866744 0.674083
vt 0.866593 0.672728
vt 0.827089 0.673046
vt 0.544377 0.174120
vt 0.705543 0.584338
vt 0.703942 0.583859
vt 0.734457 0.666809
vt 0.734755 0.667383
vt 0.736249 0.665703
vt 0.852760 0.673502
vt 0.175883 0.239236
vt 0.176993 0.239903
vt 0.177933 0.238685
vt 0.888013 0.101589
vt 0.888981 0.102547
vt 0.886776 0.098041
vt 0.888201 0.103728
vt 0.576633 0.361783
vt 0.943523 0.417739
vt 0.944404 0.416263
vt 0.942065 0.416677
vt 0.926342 0.667982
vt 0.829625 0.662235
vt 0.828379 0.663680
vt 0.869134 0.649286
vt 0.684809 0.860311
vt 0.685195 0.858355
vt 0.684717 0.858459
vt 0.709845 0.351438
vt 0.710003 0.353774
vt 0.711108 0.353719
vt 0.835054 0.670655
vt 0.960417 0.825386
vt 0.961761 0.823620
vt 0.960446 0.822554
vt 0.719345 0.655651
vt 0.720052 0.658276
vt 0.246319 0.528376
vt 0.245428 0.528918
vt 0.246327 0.529622
vt 0.057037 0.871483
vt 0.061099 0.869280
vt 0.058556 0.869558
vt 0.890841 0.099315
vt 0.888453 0.096882
vt 0.849859 0.674116
vt 0.540801 0.181831
vt 0.545678 0.184219
vt 0.693284 0.394360
vt 0.690637 0.392909
vt 0.759869 0.386687
vt 0.758334 0.387200
vt 0.759694 0.388235
vt 0.655676 0.460707
vt 0.654191 0.462383
vt 0.656115 0.463850
vt 0.191667 0.371386
vt 0.189137 0.371530
vt 0.190912 0.372918
vt 0.534743 0.188189
vt 0.534242 0.187835
vt 0.534252 0.188486
vt 0.790206 0.635894
vt 0.791035 0.635997
vt 0.789553 0.635528
vt 0.846920 0.651645
vt 0.549333 0.179308
vt 0.976218 0.263226
vt 0.975590 0.264722
vt 0.977202 0.264855
vt 0.872915 0.651023
vt 0.410085 0.197051
vt 0.410093 0.195367
vt 0.408825 0.196106
vt 0.189687 0.369433
vt 0.192747 0.377164
vt 0.195221 0.376029
vt 0.192676 0.375111
vt 0.654338 0.467415
vt 0.654333 0.465293
vt 0.202076 0.358688
vt 0.863497 0.675519
vt 0.032148 0.040613
vt 0.032401 0.040074
vt 0.030203 0.037342
vt 0.037245 0.033569
vt 0.036054 0.031322
vt 0.055660 0.029432
vt 0.054273 0.027321
vt 0.413393 0.733029
vt 0.413325 0.731583
vt 0.762566 0.134866
vt 0.763866 0.135555
vt 0.764394 0.134429
vt 0.963087 0.811361
vt 0.962195 0.809157
vt 0.962002 0.810647
vt 0.963688 0.812899
vt 0.962950 0.812544
vt 0.036881 0.038367
vt 0.039333 0.037121
vt 0.189719 0.364335
vt 0.849382 0.664567
vt 0.653090 0.464301
vt 0.886698 0.097564
vt 0.886683 0.097674
vt 0.889980 0.092185
vt 0.167291 0.804797
vt 0.169172 0.803015
vt 0.164593 0.803650
vt 0.551891 0.175972
vt 0.081533 0.926490
vt 0.082177 0.928433
vt 0.083514 0.925262
vt 0.740584 0.511944
vt 0.738825 0.511509
vt 0.741415 0.513366
vt 0.407405 0.877226
vt 0.406512 0.877707
vt 0.405422 0.880035
vt 0.579607 0.372509
vt 0.578931 0.372117
vt 0.870139 0.462865
vt 0.870065 0.462824
vt 0.870035 0.462945
vt 0.825760 0.667481
vt 0.548646 0.187310
vt 0.549420 0.186913
vt 0.736375 0.560141
vt 0.735272 0.561367
vt 0.737424 0.561292
vt 0.832288 0.675162
vt 0.568320 0.518723
vt 0.571018 0.518304
vt 0.570593 0.516305
vt 0.811663 0.879197
vt 0.812646 0.877346
vt 0.811293 0.878205
vt 0.144192 0.145615
vt 0.142734 0.145596
vt 0.142868 0.145980
vt 0.192803 0.358622
vt 0.406265 0.058305
vt 0.405944 0.057531
vt 0.404651 0.057780
vt 0.705469 0.261838
vt 0.705888 0.261582
vt 0.704061 0.260955
vt 0.348872 0.171722
vt 0.350637 0.172598
vt 0.350291 0.171367
vt 0.688114 0.795833
vt 0.682174 0.797094
vt 0.681343 0.798915
vt 0.844554 0.450550
vt 0.845310 0.450713
vt 0.844910 0.449783
vt 0.896916 0.104060
vt 0.946172 0.399620
vt 0.947356 0.400712
vt 0.947735 0.399973
vt 0.945452 0.398040
vt 0.945312 0.399486
vt 0.023179 0.980859
vt 0.024797 0.982280
vt 0.652458 0.466673
vt 0.172199 0.652825
vt 0.171734 0.650246
vt 0.170119 0.651067
vt 0.214699 0.359897
vt 0.216337 0.361210
vt 0.216524 0.360120
vt 0.918391 0.277871
vt 0.384227 0.852183
vt 0.822343 0.675250
vt 0.822401 0.675287
vt 0.822367 0.675222
vt 0.635016 0.850993
vt 0.632623 0.850886
vt 0.636032 0.851346
vt 0.542726 0.178218
vt 0.391108 0.857432
vt 0.389188 0.856795
vt 0.390220 0.857587
vt 0.098488 0.022648
vt 0.103378 0.020702
vt 0.126938 0.076479
vt 0.126096 0.075321
vt 0.125186 0.075656
vt 0.641695 0.612756
vt 0.641602 0.615639
vt 0.644193 0.613954
vt 0.709570 0.357361
vt 0.709805 0.360680
vt 0.711628 0.358406
vt 0.054266 0.027102
vt 0.053833 0.026901
vt 0.693335 0.392463
vt 0.692099 0.390059
vt 0.691090 0.390500
vt 0.830329 0.656379
vt 0.456167 0.768200
vt 0.457099 0.766436
vt 0.455033 0.767298
vt 0.656695 0.456522
vt 0.652567 0.455905
vt 0.652375 0.458066
vt 0.330390 0.913195
vt 0.323886 0.915837
vt 0.327901 0.914678
vt 0.325820 0.915519
vt 0.833350 0.672795
vt 0.572901 0.512795
vt 0.569142 0.514845
vt 0.342886 0.998333
vt 0.037050 0.039896
vt 0.404693 0.730518
vt 0.403673 0.732476
vt 0.406497 0.730678
vt 0.028302 0.103641
vt 0.029773 0.103473
vt 0.029739 0.102017
vt 0.511887 0.676933
vt 0.513014 0.674736
vt 0.508186 0.676897
vt 0.707626 0.359920
vt 0.549837 0.169859
vt 0.549649 0.170242
vt 0.549899 0.170014
vt 0.283958 0.571226
vt 0.284062 0.572450
vt 0.285389 0.572330
vt 0.698116 0.539888
vt 0.698312 0.540290
vt 0.699708 0.540459
vt 0.700632 0.537496
vt 0.375931 0.849224
vt 0.373420 0.849128
vt 0.472605 0.584885
vt 0.472950 0.584220
vt 0.470735 0.586245
vt 0.470933 0.587332
vt 0.859978 0.645000
vt 0.863999 0.645194
vt 0.863827 0.644196
vt 0.856968 0.649573
vt 0.475828 0.574509
vt 0.474783 0.573451
vt 0.474315 0.574305
vt 0.576639 0.356612
vt 0.574623 0.357924
vt 0.713682 0.605517
vt 0.713596 0.605805
vt 0.713697 0.606206
vt 0.714389 0.605649
vt 0.048417 0.029440
vt 0.047693 0.029406
vt 0.825238 0.672767
vt 0.574303 0.510097
vt 0.573765 0.511993
vt 0.574335 0.510096
vt 0.531511 0.694641
vt 0.532279 0.695012
vt 0.532332 0.694959
vt 0.531758 0.694491
vt 0.405429 0.728305
vt 0.404669 0.730488
vt 0.825501 0.664517
vt 0.268637 0.671329
vt 0.265967 0.671315
vt 0.266574 0.671339
vt 0.271690 0.668761
vt 0.270168 0.668418
vt 0.094802 0.020713
vt 0.095544 0.020282
vt 0.888349 0.105794
vt 0.888384 0.105861
vt 0.106339 0.018536
vt 0.102054 0.019861
vt 0.825561 0.663615
vt 0.034848 0.834631
vt 0.035704 0.834471
vt 0.035592 0.834089
vt 0.034937 0.833857
vt 0.056624 0.425568
vt 0.056174 0.424903
vt 0.055874 0.425235
vt 0.825126 0.663119
vt 0.052426 0.027817
vt 0.638046 0.617359
vt 0.637429 0.619573
vt 0.638156 0.619213
vt 0.639292 0.618250
vt 0.925947 0.293409
vt 0.925730 0.293168
vt 0.925589 0.293495
vt 0.527029 0.685276
vt 0.527006 0.685283
vt 0.527054 0.685307
vt 0.543942 0.188800
vt 0.544669 0.189051
vt 0.540480 0.186841
vt 0.543077 0.188742
vt 0.530526 0.190243
vt 0.528635 0.192347
vt 0.529625 0.191880
vt 0.027368 0.042970
vt 0.028062 0.042588
vt 0.022719 0.041535
vt 0.021461 0.034892
vt 0.021267 0.036789
vt 0.001645 0.898180
vt 0.001684 0.896588
vt 0.001137 0.896372
vt 0.000965 0.896749
vt 0.385848 0.856784
vt 0.388399 0.854732
vt 0.022235 0.045632
vt 0.062116 0.790134
vt 0.060860 0.791613
vt 0.061868 0.791429
vt 0.062337 0.791062
vt 0.526416 0.192696
vt 0.282739 0.838085
vt 0.282897 0.838832
vt 0.283324 0.840268
vt 0.283159 0.838995
vt 0.392289 0.856641
vt 0.389541 0.854736
vt 0.373496 0.848422
vt 0.365981 0.844928
vt 0.871470 0.647557
vt 0.867897 0.644191
vt 0.867600 0.643973
vt 0.313739 0.031682
vt 0.313224 0.031770
vt 0.313701 0.032722
vt 0.832667 0.657177
vt 0.832748 0.653037
vt 0.834552 0.652902
vt 0.858439 0.645451
vt 0.858868 0.645192
vt 0.861562 0.646886
vt 0.858412 0.647269
vt 0.860516 0.653568
vt 0.867799 0.651374
vt 0.863296 0.657102
vt 0.833785 0.649410
vt 0.836379 0.649149
vt 0.943831 0.477673
vt 0.943731 0.479060
vt 0.943045 0.478846
vt 0.193856 0.369216
vt 0.195241 0.361757
vt 0.198986 0.367938
vt 0.831503 0.663208
vt 0.829952 0.660391
vt 0.835176 0.665617
vt 0.833816 0.667107
vt 0.865356 0.662346
vt 0.869642 0.656704
vt 0.803568 0.957096
vt 0.804995 0.957251
vt 0.804974 0.958257
vt 0.201204 0.361077
vt 0.844642 0.669425
vt 0.848841 0.669649
vt 0.847709 0.671839
vt 0.858101 0.657945
vt 0.857259 0.663731
vt 0.855577 0.658591
vt 0.867550 0.669239
vt 0.870427 0.664423
vt 0.873282 0.668014
vt 0.067312 0.506098
vt 0.068629 0.506698
vt 0.066507 0.506516
vt 0.034169 0.037253
vt 0.032950 0.031795
vt 0.034896 0.035297
vt 0.048965 0.032365
vt 0.047592 0.032101
vt 0.054962 0.029989
vt 0.579117 0.368966
vt 0.577621 0.368129
vt 0.579897 0.366022
vt 0.578997 0.361508
vt 0.874357 0.671122
vt 0.872012 0.673317
vt 0.191616 0.361888
vt 0.189401 0.365383
vt 0.854642 0.649925
vt 0.855341 0.654675
vt 0.853057 0.653327
vt 0.838991 0.663962
vt 0.837552 0.669138
vt 0.648284 0.079789
vt 0.649066 0.081012
vt 0.647521 0.082048
vt 0.101647 0.019948
vt 0.097955 0.020985
vt 0.097918 0.020487
vt 0.839811 0.672858
vt 0.837017 0.671420
vt 0.048199 0.032720
vt 0.845044 0.660123
vt 0.846469 0.663682
vt 0.842800 0.663125
vt 0.837375 0.658141
vt 0.840805 0.679537
vt 0.839851 0.680234
vt 0.837828 0.678388
vt 0.839200 0.676461
vt 0.092859 0.020824
vt 0.093509 0.020809
vt 0.092701 0.021155
vt 0.861377 0.669358
vt 0.854707 0.667514
vt 0.198211 0.358922
vt 0.660006 0.461470
vt 0.662164 0.462997
vt 0.658171 0.465077
vt 0.871674 0.661106
vt 0.550673 0.183641
vt 0.553461 0.179488
vt 0.554063 0.183302
vt 0.099811 0.618936
vt 0.098479 0.619690
vt 0.098661 0.618346
vt 0.180729 0.746379
vt 0.179554 0.745179
vt 0.182327 0.745006
vt 0.181127 0.746717
vt 0.918982 0.482881
vt 0.918958 0.483549
vt 0.918533 0.483221
vt 0.703220 0.585415
vt 0.701753 0.586218
vt 0.700695 0.584435
vt 0.452484 0.767294
vt 0.451825 0.769680
vt 0.451052 0.769502
vt 0.896435 0.097139
vt 0.892371 0.104869
vt 0.893102 0.097519
vt 0.025342 0.036834
vt 0.834643 0.676076
vt 0.834072 0.678504
vt 0.768393 0.488885
vt 0.246374 0.695694
vt 0.243882 0.697524
vt 0.244292 0.696149
vt 0.721944 0.650578
vt 0.718085 0.654954
vt 0.720851 0.653389
vt 0.690842 0.397420
vt 0.690903 0.399774
vt 0.688815 0.394776
vt 0.344471 0.994258
vt 0.344797 0.996384
vt 0.341476 0.997771
vt 0.862395 0.675316
vt 0.859506 0.675250
vt 0.858477 0.673598
vt 0.863056 0.674815
vt 0.840790 0.647508
vt 0.841630 0.652495
vt 0.838236 0.648873
vt 0.831219 0.673091
vt 0.829250 0.669726
vt 0.832276 0.669600
vt 0.847545 0.656075
vt 0.851629 0.660238
vt 0.574648 0.358532
vt 0.577351 0.360291
vt 0.573956 0.360745
vt 0.547018 0.174663
vt 0.542634 0.179814
vt 0.544533 0.175116
vt 0.927827 0.668225
vt 0.927462 0.670027
vt 0.926417 0.671504
vt 0.318309 0.786098
vt 0.316926 0.785261
vt 0.319235 0.786110
vt 0.486398 0.071267
vt 0.485830 0.070157
vt 0.487615 0.070952
vt 0.665394 0.398368
vt 0.665403 0.399233
vt 0.663847 0.399209
vt 0.058268 0.789927
vt 0.060722 0.789276
vt 0.059409 0.791536
vt 0.045791 0.033885
vt 0.042484 0.035269
vt 0.043546 0.031976
vt 0.827649 0.658120
vt 0.827896 0.660731
vt 0.825564 0.661680
vt 0.023359 0.982177
vt 0.023823 0.982907
vt 0.023057 0.985693
vt 0.205517 0.363955
vt 0.758740 0.389563
vt 0.756977 0.390111
vt 0.757767 0.388638
vt 0.843983 0.647837
vt 0.546328 0.174028
vt 0.547553 0.173469
vt 0.920587 0.275995
vt 0.921574 0.275466
vt 0.921363 0.276909
vt 0.851376 0.650468
vt 0.853027 0.646507
vt 0.850164 0.646961
vt 0.853677 0.646370
vt 0.845035 0.666553
vt 0.547334 0.188461
vt 0.564718 0.523044
vt 0.564631 0.522237
vt 0.566582 0.520172
vt 0.566491 0.521891
vt 0.849709 0.655357
vt 0.411183 0.730510
vt 0.411961 0.733114
vt 0.410501 0.733186
vt 0.411211 0.734275
vt 0.409213 0.735939
vt 0.891916 0.100199
vt 0.772476 0.743698
vt 0.770530 0.744877
vt 0.771084 0.742464
vt 0.383722 0.857391
vt 0.380797 0.854519
vt 0.825790 0.667051
vt 0.825614 0.666088
vt 0.826293 0.666990
vt 0.843135 0.655983
vt 0.134408 0.462792
vt 0.135315 0.463261
vt 0.133594 0.464029
vt 0.080301 0.858913
vt 0.078177 0.860901
vt 0.078737 0.857611
vt 0.197382 0.371777
vt 0.196808 0.374629
vt 0.525090 0.190458
vt 0.524363 0.189101
vt 0.527287 0.191302
vt 0.376447 0.852159
vt 0.853920 0.661450
vt 0.126564 0.734675
vt 0.129525 0.736692
vt 0.128536 0.737359
vt 0.128637 0.733899
vt 0.205691 0.359015
vt 0.206603 0.359145
vt 0.829959 0.681281
vt 0.829018 0.681426
vt 0.830007 0.681113
vt 0.863609 0.649158
vt 0.108990 0.952967
vt 0.107673 0.953287
vt 0.107108 0.950865
vt 0.860277 0.858003
vt 0.858819 0.858982
vt 0.858993 0.857643
vt 0.912443 0.236772
vt 0.911761 0.237252
vt 0.911544 0.236772
vt 0.866782 0.674420
vt 0.864140 0.675261
vt 0.866593 0.672728
vt 0.827089 0.673046
vt 0.544377 0.174120
vt 0.705543 0.584338
vt 0.703942 0.583859
vt 0.734755 0.667383
vt 0.852760 0.673502
vt 0.175883 0.239236
vt 0.177933 0.238685
vt 0.176993 0.239903
vt 0.888013 0.101589
vt 0.886776 0.098041
vt 0.888981 0.102547
vt 0.888201 0.103728
vt 0.576633 0.361783
vt 0.943523 0.417739
vt 0.942065 0.416677
vt 0.944404 0.416263
vt 0.926342 0.667982
vt 0.829625 0.662235
vt 0.828379 0.663680
vt 0.869134 0.649286
vt 0.684744 0.860637
vt 0.684661 0.858472
vt 0.685195 0.858355
vt 0.709845 0.351438
vt 0.711108 0.353719
vt 0.710003 0.353774
vt 0.835054 0.670655
vt 0.960417 0.825386
vt 0.960446 0.822554
vt 0.961761 0.823620
vt 0.719345 0.655651
vt 0.720052 0.658276
vt 0.246319 0.528376
vt 0.246327 0.529622
vt 0.245428 0.528918
vt 0.057033 0.871486
vt 0.058438 0.869571
vt 0.061099 0.869280
vt 0.890841 0.099315
vt 0.888453 0.096882
vt 0.849859 0.674116
vt 0.540801 0.181831
vt 0.545678 0.184219
vt 0.693284 0.394360
vt 0.690637 0.392909
vt 0.759869 0.386687
vt 0.759694 0.388235
vt 0.758334 0.387200
vt 0.655676 0.460707
vt 0.656115 0.463850
vt 0.654191 0.462383
vt 0.191667 0.371386
vt 0.190912 0.372918
vt 0.189137 0.371530
vt 0.534242 0.187835
vt 0.790206 0.635894
vt 0.789553 0.635528
vt 0.791035 0.635997
vt 0.846920 0.651645
vt 0.549333 0.179308
vt 0.976218 0.263226
vt 0.977202 0.264855
vt 0.975590 0.264722
vt 0.872915 0.651023
vt 0.410085 0.197051
vt 0.408825 0.196106
vt 0.410093 0.195367
vt 0.189687 0.369433
vt 0.192747 0.377164
vt 0.192676 0.375111
vt 0.195221 0.376029
vt 0.654338 0.467415
vt 0.654333 0.465293
vt 0.202076 0.358688
vt 0.863719 0.675874
vt 0.032442 0.040124
vt 0.032196 0.040639
vt 0.030203 0.037342
vt 0.037245 0.033569
vt 0.036054 0.031322
vt 0.055782 0.029619
vt 0.054273 0.027321
vt 0.413325 0.731583
vt 0.413393 0.733029
vt 0.762566 0.134866
vt 0.764394 0.134429
vt 0.763866 0.135555
vt 0.963087 0.811361
vt 0.962002 0.810647
vt 0.962195 0.809157
vt 0.963688 0.812899
vt 0.962950 0.812544
vt 0.036930 0.038442
vt 0.039455 0.037171
vt 0.189719 0.364335
vt 0.849382 0.664567
vt 0.653090 0.464301
vt 0.886698 0.097564
vt 0.889980 0.092185
vt 0.886683 0.097674
vt 0.167291 0.804797
vt 0.164593 0.803650
vt 0.169172 0.803015
vt 0.551891 0.175972
vt 0.081533 0.926490
vt 0.083514 0.925262
vt 0.082177 0.928433
vt 0.740584 0.511944
vt 0.741415 0.513366
vt 0.738825 0.511509
vt 0.407405 0.877226
vt 0.405422 0.880035
vt 0.406512 0.877707
vt 0.579607 0.372509
vt 0.578931 0.372117
vt 0.830201 0.681215
vt 0.870139 0.462865
vt 0.870035 0.462945
vt 0.870065 0.462824
vt 0.825760 0.667481
vt 0.549420 0.186913
vt 0.548646 0.187310
vt 0.736375 0.560141
vt 0.737424 0.561292
vt 0.735272 0.561367
vt 0.832288 0.675162
vt 0.568320 0.518723
vt 0.570593 0.516305
vt 0.571018 0.518304
vt 0.811663 0.879197
vt 0.811293 0.878205
vt 0.812646 0.877346
vt 0.142734 0.145596
vt 0.192803 0.358622
vt 0.406265 0.058305
vt 0.404651 0.057780
vt 0.405944 0.057531
vt 0.705888 0.261582
vt 0.348872 0.171722
vt 0.350291 0.171367
vt 0.350637 0.172598
vt 0.688114 0.795833
vt 0.681343 0.798915
vt 0.682174 0.797094
vt 0.844465 0.450741
vt 0.844910 0.449783
vt 0.845362 0.450835
vt 0.896916 0.104060
vt 0.947338 0.400747
vt 0.946211 0.399707
vt 0.945452 0.398040
vt 0.947735 0.399973
vt 0.945307 0.399545
vt 0.023179 0.980859
vt 0.024797 0.982280
vt 0.652458 0.466673
vt 0.172199 0.652825
vt 0.170119 0.651067
vt 0.171734 0.650246
vt 0.214699 0.359897
vt 0.216524 0.360120
vt 0.216337 0.361210
vt 0.918391 0.277871
vt 0.822343 0.675250
vt 0.822367 0.675222
vt 0.822401 0.675287
vt 0.635016 0.850993
vt 0.636032 0.851346
vt 0.632623 0.850886
vt 0.542726 0.178218
vt 0.391077 0.857422
vt 0.390208 0.857578
vt 0.389188 0.856795
vt 0.098488 0.022648
vt 0.103378 0.020702
vt 0.126938 0.076479
vt 0.125186 0.075656
vt 0.126096 0.075321
vt 0.641695 0.612756
vt 0.644193 0.613954
vt 0.641602 0.615639
vt 0.709570 0.357361
vt 0.711628 0.358406
vt 0.709805 0.360680
vt 0.054266 0.027102
vt 0.053833 0.026901
vt 0.693335 0.392463
vt 0.691090 0.390500
vt 0.692099 0.390059
vt 0.830329 0.656379
vt 0.456167 0.768200
vt 0.455033 0.767298
vt 0.457099 0.766436
vt 0.656695 0.456522
vt 0.652375 0.458066
vt 0.652567 0.455905
vt 0.330390 0.913195
vt 0.327901 0.914678
vt 0.323886 0.915837
vt 0.325820 0.915519
vt 0.833350 0.672795
vt 0.572901 0.512795
vt 0.569142 0.514845
vt 0.342886 0.998333
vt 0.037090 0.039933
vt 0.404693 0.730518
vt 0.406497 0.730678
vt 0.403673 0.732476
vt 0.028302 0.103641
vt 0.029739 0.102017
vt 0.029773 0.103473
vt 0.511887 0.676933
vt 0.508186 0.676897
vt 0.513014 0.674736
vt 0.707626 0.359920
vt 0.549837 0.169859
vt 0.549899 0.170014
vt 0.549649 0.170242
vt 0.283958 0.571226
vt 0.285389 0.572330
vt 0.284062 0.572450
vt 0.698270 0.540285
vt 0.698113 0.539890
vt 0.700632 0.537496
vt 0.699708 0.540459
vt 0.373420 0.849128
vt 0.472902 0.584263
vt 0.472526 0.585001
vt 0.470933 0.587332
vt 0.470735 0.586245
vt 0.860169 0.645009
vt 0.863822 0.644164
vt 0.863999 0.645194
vt 0.856968 0.649573
vt 0.475828 0.574509
vt 0.474315 0.574305
vt 0.474783 0.573451
vt 0.574623 0.357924
vt 0.576639 0.356612
vt 0.713682 0.605517
vt 0.714389 0.605649
vt 0.713697 0.606206
vt 0.713596 0.605805
vt 0.047693 0.029406
vt 0.048417 0.029440
vt 0.825238 0.672767
vt 0.574303 0.510097
vt 0.574335 0.510096
vt 0.573765 0.511993
vt 0.531511 0.694641
vt 0.531758 0.694491
vt 0.532332 0.694959
vt 0.532279 0.695012
vt 0.404669 0.730488
vt 0.405429 0.728305
vt 0.825501 0.664517
vt 0.268637 0.671329
vt 0.266574 0.671339
vt 0.265967 0.671315
vt 0.271690 0.668761
vt 0.270168 0.668418
vt 0.095544 0.020282
vt 0.094802 0.020713
vt 0.888384 0.105861
vt 0.888349 0.105794
vt 0.102054 0.019861
vt 0.106339 0.018536
vt 0.825561 0.663615
vt 0.034848 0.834631
vt 0.034937 0.833857
vt 0.035592 0.834089
vt 0.035704 0.834471
vt 0.056624 0.425568
vt 0.055874 0.425235
vt 0.056174 0.424903
vt 0.825126 0.663119
vt 0.052426 0.027817
vt 0.638046 0.617359
vt 0.639292 0.618250
vt 0.638156 0.619213
vt 0.637429 0.619573
vt 0.925947 0.293409
vt 0.527029 0.685276
vt 0.540480 0.186841
vt 0.530526 0.190243
vt 0.028074 0.042613
vt 0.027399 0.042980
vt 0.021461 0.034892
vt 0.001645 0.898180
vt 0.000965 0.896749
vt 0.385848 0.856784
vt 0.062116 0.790134
vt 0.060860 0.791613
vt 0.282739 0.838085
vt 0.283159 0.838995
vt 0.871470 0.647557
vt 0.313755 0.031679
vt 0.313701 0.032721
vt 0.313224 0.031770
vt 0.557462 0.180046
vt 0.556808 0.182007
vt 0.855730 0.676594
vt 0.850901 0.677699
vt 0.850607 0.677755
vt 0.871786 0.673600
vt 0.871441 0.673642
vt 0.040183 0.036599
vt 0.841870 0.945712
vt 0.842570 0.946994
vt 0.840211 0.946971
vt 0.840045 0.946882
vt 0.106867 0.852543
vt 0.105341 0.852496
vt 0.105438 0.850336
vt 0.826070 0.678233
vt 0.825585 0.682208
vt 0.825454 0.682236
vt 0.824493 0.679249
vt 0.812855 0.308289
vt 0.814453 0.306461
vt 0.813563 0.310174
vt 0.813513 0.310153
vt 0.529220 0.696043
vt 0.528182 0.695891
vt 0.526372 0.695021
vt 0.565574 0.520386
vt 0.835285 0.680830
vt 0.522762 0.271448
vt 0.521342 0.271373
vt 0.521113 0.271175
vt 0.520907 0.270596
vt 0.556750 0.182035
vt 0.557407 0.180038
vt 0.850991 0.677495
vt 0.855617 0.676476
vt 0.850570 0.677573
vt 0.870881 0.673536
vt 0.871668 0.673478
vt 0.040100 0.036513
vt 0.841870 0.945712
vt 0.840114 0.946838
vt 0.840428 0.946973
vt 0.842570 0.946994
vt 0.106867 0.852543
vt 0.105569 0.850539
vt 0.105495 0.852500
vt 0.826070 0.678233
vt 0.824493 0.679249
vt 0.825423 0.682141
vt 0.825598 0.682105
vt 0.812855 0.308289
vt 0.813460 0.310002
vt 0.813591 0.310055
vt 0.814453 0.306461
vt 0.529220 0.696043
vt 0.526462 0.695054
vt 0.528215 0.695895
vt 0.565617 0.520377
vt 0.830007 0.681113
vt 0.835234 0.680731
vt 0.522762 0.271448
vt 0.520907 0.270596
vt 0.521084 0.271092
vt 0.521413 0.271377
vt 0.040764 0.517816
vt 0.040747 0.517803
vt 0.040482 0.517843
vt 0.039218 0.518048
vt 0.041077 0.518946
vt 0.692347 0.399107
vt 0.692286 0.399866
vt 0.691786 0.400307
vt 0.932216 0.217269
vt 0.930597 0.217753
vt 0.930720 0.216238
vt 0.930948 0.216220
vt 0.527594 0.684675
vt 0.527644 0.685452
vt 0.526967 0.684338
vt 0.749530 0.066719
vt 0.750119 0.066837
vt 0.750902 0.067336
vt 0.750435 0.067497
vt 0.844126 0.647814
vt 0.844121 0.647805
vt 0.041077 0.518946
vt 0.039218 0.518048
vt 0.040482 0.517843
vt 0.070560 0.334634
vt 0.070874 0.330459
vt 0.071084 0.330612
vt 0.072556 0.334168
vt 0.071041 0.330397
vt 0.071009 0.330333
vt 0.077265 0.859850
vt 0.077508 0.858684
vt 0.022369 0.942099
vt 0.022809 0.939429
vt 0.023884 0.941370
vt 0.023676 0.941772
vt 0.210279 0.361980
vt 0.211400 0.359161
vt 0.707717 0.586468
vt 0.707713 0.584380
vt 0.708349 0.584035
vt 0.709729 0.585552
vt 0.066944 0.325836
vt 0.069643 0.326408
vt 0.069689 0.326464
vt 0.067064 0.328809
vt 0.281083 0.388889
vt 0.281154 0.389718
vt 0.280345 0.389679
vt 0.857917 0.645622
vt 0.858245 0.645562
vt 0.068665 0.329382
vt 0.070044 0.327533
vt 0.459053 0.681059
vt 0.461235 0.678580
vt 0.461237 0.678702
vt 0.460397 0.683655
vt 0.462032 0.682501
vt 0.692347 0.399107
vt 0.691786 0.400307
vt 0.692286 0.399866
vt 0.932216 0.217269
vt 0.930948 0.216220
vt 0.930720 0.216238
vt 0.930597 0.217753
vt 0.527594 0.684675
vt 0.526967 0.684338
vt 0.749530 0.066719
vt 0.750435 0.067497
vt 0.750902 0.067336
vt 0.750119 0.066837
vt 0.844121 0.647805
vt 0.844126 0.647814
vt 0.070560 0.334634
vt 0.072556 0.334168
vt 0.071084 0.330612
vt 0.070874 0.330459
vt 0.071041 0.330397
vt 0.071009 0.330333
vt 0.077508 0.858684
vt 0.077265 0.859850
vt 0.022369 0.942099
vt 0.023737 0.941756
vt 0.023907 0.941412
vt 0.022809 0.939429
vt 0.211400 0.359161
vt 0.210279 0.361980
vt 0.707717 0.586468
vt 0.709729 0.585552
vt 0.708349 0.584035
vt 0.707713 0.584380
vt 0.066944 0.325836
vt 0.067064 0.328809
vt 0.069689 0.326464
vt 0.069643 0.326408
vt 0.281083 0.388889
vt 0.280345 0.389679
vt 0.281154 0.389718
vt 0.857987 0.645530
vt 0.858272 0.645474
vt 0.068665 0.329382
vt 0.070044 0.327533
vt 0.459053 0.681059
vt 0.460397 0.683655
vt 0.461237 0.678702
vt 0.461235 0.678580
vt 0.462032 0.682501
vn 0.9530 -0.1431 0.2670
vn 0.9575 -0.1323 0.2564
vn 0.9527 -0.1258 0.2768
vn 0.3588 0.0676 0.9310
vn 0.3423 0.0732 0.9368
vn 0.3318 0.0430 0.9424
vn 0.3662 0.0406 0.9296
vn 0.4066 -0.0774 0.9103
vn 0.4118 -0.0966 0.9061
vn 0.4175 -0.0789 0.9053
vn 0.8440 -0.3002 0.4444
vn 0.8417 -0.3167 0.4374
vn 0.8525 -0.3010 0.4274
vn 0.7295 -0.2823 -0.6231
vn 0.7247 -0.3172 -0.6117
vn 0.7131 -0.3124 -0.6276
vn 0.6104 -0.4262 -0.6676
vn 0.6066 -0.4230 -0.6731
vn 0.6121 -0.4176 -0.6715
vn 0.9114 -0.0212 0.4110
vn 0.9135 0.0115 0.4066
vn 0.9026 0.0170 0.4301
vn 0.8204 0.1795 0.5429
vn 0.8024 0.2026 0.5614
vn 0.8146 0.1516 0.5599
vn 0.3131 0.0787 0.9464
vn 0.3235 0.0881 0.9421
vn 0.3033 0.0942 0.9482
vn 0.9137 0.0024 0.4063
vn 0.9257 -0.0166 0.3780
vn 0.9285 0.0320 0.3700
vn 0.5213 -0.2944 -0.8010
vn 0.5295 -0.2987 -0.7940
vn 0.5235 -0.3026 -0.7965
vn 0.9525 0.2391 0.1885
vn 0.9565 0.2321 0.1767
vn 0.9549 0.2423 0.1717
vn 0.7274 0.1777 0.6628
vn 0.7187 0.1758 0.6728
vn 0.7215 0.1548 0.6749
vn 0.4058 0.1097 0.9073
vn 0.4270 0.0905 0.8997
vn 0.4186 0.1203 0.9002
vn 0.8219 0.0842 -0.5634
vn 0.8006 0.0497 -0.5971
vn 0.8053 0.0782 -0.5877
vn 0.0131 0.4503 -0.8928
vn 0.0015 0.4343 -0.9008
vn -0.0186 0.4698 -0.8826
vn 0.8290 -0.1259 -0.5449
vn 0.8140 -0.1236 -0.5676
vn 0.8352 -0.1175 -0.5372
vn 0.3621 -0.7957 -0.4855
vn 0.3683 -0.7971 -0.4785
vn 0.3620 -0.7997 -0.4789
vn 0.3250 -0.6518 -0.6853
vn 0.3191 -0.6516 -0.6882
vn 0.3219 -0.6485 -0.6898
vn 0.4801 0.0179 0.8770
vn 0.4820 0.0531 0.8746
vn 0.4597 0.0331 0.8875
vn 0.2818 -0.6098 -0.7407
vn 0.2847 -0.6196 -0.7315
vn 0.2765 -0.6099 -0.7427
vn 0.6522 0.0144 0.7579
vn 0.6333 0.0123 0.7738
vn 0.6547 -0.0099 0.7558
vn 0.8450 0.1269 0.5195
vn 0.8324 0.1136 0.5424
vn 0.8388 0.0923 0.5365
vn 0.6638 0.6616 0.3488
vn 0.6702 0.6643 0.3308
vn 0.6546 0.6758 0.3387
vn 0.0131 0.9299 -0.3676
vn 0.0096 0.9396 -0.3422
vn 0.0323 0.9388 -0.3430
vn 0.6650 0.1451 0.7326
vn 0.6532 0.1256 0.7467
vn 0.6688 0.1258 0.7328
vn 0.7513 0.5123 0.4162
vn 0.7530 0.4968 0.4315
vn 0.7646 0.4882 0.4209
vn 0.8389 -0.2329 -0.4919
vn 0.8274 -0.2269 -0.5136
vn 0.8469 -0.2088 -0.4890
vn 0.7185 0.2782 0.6374
vn 0.7126 0.2599 0.6516
vn 0.7184 0.2511 0.6487
vn 0.8811 -0.0074 0.4729
vn 0.8766 0.0140 0.4810
vn 0.8727 0.0029 0.4882
vn 0.7520 0.2331 0.6166
vn 0.7833 0.2025 0.5878
vn 0.7702 0.2747 0.5755
vn 0.7375 0.2478 0.6283
vn 0.8318 0.1144 0.5432
vn 0.8540 0.1032 0.5100
vn 0.8480 0.1263 0.5147
vn -0.2393 0.8451 -0.4780
vn -0.2045 0.8441 -0.4957
vn -0.2479 0.8229 -0.5112
vn 0.7348 0.2049 0.6466
vn 0.7258 0.1882 0.6617
vn 0.7398 0.1832 0.6474
vn 0.6632 0.1311 0.7369
vn 0.6671 0.1452 0.7307
vn 0.6520 0.1498 0.7432
vn 0.6330 0.1283 -0.7634
vn 0.6238 0.1306 -0.7706
vn 0.6323 0.1430 -0.7615
vn 0.4721 -0.4345 -0.7670
vn 0.4585 -0.4381 -0.7732
vn 0.4613 -0.4293 -0.7765
vn 0.2996 0.0998 0.9488
vn 0.3096 0.0984 0.9458
vn 0.3097 0.1092 0.9445
vn -0.3266 0.1217 -0.9373
vn -0.3379 0.0851 -0.9373
vn -0.3509 0.1048 -0.9305
vn 0.8921 0.2276 -0.3902
vn 0.9027 0.1996 -0.3811
vn 0.8900 0.2182 -0.4003
vn 0.6495 0.2462 0.7194
vn 0.6677 0.2642 0.6960
vn 0.6531 0.2988 0.6958
vn 0.9840 0.0135 -0.1778
vn 0.9894 0.0346 -0.1412
vn 0.9890 -0.0181 -0.1468
vn 0.8788 -0.2431 -0.4106
vn 0.8966 -0.2369 -0.3740
vn 0.8916 -0.2554 -0.3740
vn 0.5779 0.2305 0.7829
vn 0.5940 0.2483 0.7652
vn 0.5763 0.2522 0.7774
vn 0.7100 0.6645 0.2330
vn 0.7230 0.6505 0.2327
vn 0.7206 0.6581 0.2182
vn 0.7270 -0.1311 -0.6741
vn 0.7263 -0.1358 -0.6739
vn 0.7156 -0.1308 -0.6861
vn 0.0549 0.4120 -0.9095
vn 0.7108 -0.5237 -0.4696
vn 0.0727 -0.3369 -0.9387
vn 0.6075 -0.0631 0.7918
vn 0.6029 -0.0798 0.7938
vn 0.6284 -0.0847 0.7733
vn 0.1545 -0.5779 0.8014
vn 0.5964 -0.3078 0.7414
vn 0.1982 0.1498 0.9686
vn 0.4085 0.3679 0.8353
vn 0.3958 0.3437 0.8516
vn 0.4145 0.3332 0.8469
vn 0.7345 0.3538 0.5791
vn 0.7401 0.3253 0.5886
vn 0.7527 0.3246 0.5728
vn 0.9274 -0.3448 -0.1451
vn 0.9144 -0.3778 -0.1453
vn 0.9128 -0.3716 -0.1697
vn 0.8408 0.2235 0.4930
vn 0.8506 0.1873 0.4913
vn 0.8449 0.2320 0.4820
vn 0.8255 0.0429 0.5628
vn 0.8241 0.0509 0.5642
vn 0.8522 0.0715 0.5183
vn 0.8304 0.0883 0.5502
vn 0.8077 -0.1906 0.5579
vn 0.7933 -0.1916 0.5779
vn 0.8013 -0.2121 0.5594
vn 0.8046 -0.0380 0.5926
vn 0.8073 -0.0595 0.5871
vn 0.8178 -0.0410 0.5741
vn 0.4667 0.1064 0.8780
vn 0.4708 0.1216 0.8738
vn 0.4513 0.1274 0.8832
vn 0.5763 0.3453 0.7407
vn 0.6066 0.3868 0.6945
vn 0.5677 0.3605 0.7401
vn 0.8493 -0.0533 0.5252
vn 0.8648 -0.0548 0.4990
vn 0.8600 -0.0374 0.5089
vn 0.0999 -0.9916 0.0823
vn 0.0875 -0.9961 -0.0063
vn 0.1431 -0.9885 0.0494
vn -0.1981 -0.4026 -0.8937
vn -0.1992 -0.3648 -0.9095
vn -0.1544 -0.3854 -0.9097
vn -0.0104 0.0701 -0.9975
vn -0.0232 0.0690 -0.9973
vn 0.0119 0.0953 -0.9954
vn 0.7641 0.3263 0.5564
vn 0.7512 0.3331 0.5698
vn 0.7585 0.3174 0.5691
vn 0.9631 0.2394 0.1230
vn 0.9553 0.2651 0.1310
vn 0.9575 0.2442 0.1534
vn 0.2869 0.2399 0.9274
vn 0.2783 0.2533 0.9265
vn 0.2596 0.2276 0.9385
vn -0.0572 -0.9664 -0.2505
vn -0.0580 -0.9361 -0.3470
vn 0.0468 -0.9604 -0.2747
vn -0.0463 -0.6977 -0.7149
vn -0.0171 -0.6941 -0.7197
vn -0.0311 -0.7114 -0.7021
vn 0.7905 0.3547 -0.4993
vn 0.7892 0.3384 -0.5124
vn 0.7753 0.3546 -0.5226
vn 0.7814 0.3767 -0.4975
vn 0.8912 -0.3678 0.2656
vn 0.8712 -0.3886 0.2999
vn 0.8804 -0.4014 0.2525
vn 0.9546 0.2575 0.1498
vn 0.9530 0.2711 0.1354
vn 0.9488 0.2829 0.1406
vn 0.6979 -0.2538 -0.6697
vn 0.6922 -0.2518 -0.6764
vn 0.7005 -0.2446 -0.6704
vn 0.7022 0.2485 0.6673
vn 0.6890 0.2565 0.6778
vn 0.6892 0.2397 0.6837
vn 0.7885 -0.1911 0.5845
vn 0.7890 -0.2161 0.5751
vn 0.7982 -0.1958 0.5697
vn -0.1276 -0.2284 -0.9652
vn -0.0928 -0.2501 -0.9638
vn -0.1221 -0.2661 -0.9562
vn 0.8332 -0.3116 -0.4568
vn 0.8213 -0.3294 -0.4658
vn 0.8219 -0.3150 -0.4746
vn 0.8896 0.2095 0.4060
vn 0.8920 0.1744 0.4171
vn 0.8966 0.1931 0.3986
vn 0.8098 0.2292 0.5401
vn 0.8065 0.2091 0.5530
vn 0.8244 0.2063 0.5271
vn 0.8851 -0.2338 0.4024
vn 0.8753 -0.2311 0.4247
vn 0.8739 -0.2601 0.4108
vn 0.7609 -0.1119 0.6392
vn 0.7440 -0.1141 0.6584
vn 0.7548 -0.1393 0.6410
vn 0.8817 -0.2402 0.4062
vn 0.8736 -0.2410 0.4229
vn 0.8692 -0.2643 0.4178
vn 0.8798 -0.2556 0.4007
vn 0.7344 -0.1606 -0.6595
vn 0.7426 -0.1335 -0.6563
vn 0.7519 -0.1510 -0.6417
vn 0.3843 0.1329 0.9136
vn 0.4006 0.1421 0.9052
vn 0.3850 0.1488 0.9108
vn 0.9155 0.3452 0.2067
vn 0.9095 0.3586 0.2105
vn 0.9127 0.3425 0.2231
vn 0.6786 -0.3429 -0.6496
vn 0.0133 -0.0305 -0.9994
vn 0.0320 0.6720 -0.7398
vn 0.6109 0.0687 0.7888
vn 0.6380 0.0652 0.7672
vn 0.6230 0.1030 0.7754
vn 0.6103 0.0783 0.7883
vn 0.9363 -0.2119 0.2802
vn 0.9362 -0.1790 0.3024
vn 0.9289 -0.2107 0.3045
vn 0.7738 0.6333 -0.0118
vn 0.8119 0.5827 -0.0359
vn 0.7770 0.6282 -0.0395
vn 0.7328 0.6356 0.2428
vn 0.7273 0.6569 0.1986
vn 0.7141 0.6705 0.2013
vn 0.5541 -0.4352 -0.7097
vn 0.5499 -0.4217 -0.7210
vn 0.5596 -0.4295 -0.7087
vn 0.9110 -0.2669 0.3144
vn 0.9117 -0.2541 0.3227
vn 0.9022 -0.2770 0.3306
vn 0.0949 -0.6437 0.7594
vn 0.7209 -0.2409 0.6498
vn 0.1166 0.1193 0.9860
vn 0.1069 0.1106 0.9881
vn 0.6891 -0.0977 0.7181
vn 0.7223 -0.0927 0.6854
vn 0.7011 -0.0481 0.7114
vn 0.8687 0.0761 0.4896
vn 0.8679 0.0611 0.4929
vn 0.8785 0.0602 0.4739
vn 0.8094 0.0553 0.5846
vn 0.8102 0.0295 0.5854
vn 0.8194 0.0522 0.5708
vn 0.8300 0.4027 0.3859
vn 0.8249 0.4178 0.3808
vn 0.8120 0.4207 0.4046
vn 0.2759 -0.2939 -0.9151
vn 0.2729 -0.2738 -0.9222
vn 0.2899 -0.2990 -0.9091
vn -0.0489 -0.5140 -0.8564
vn -0.0675 -0.4936 -0.8671
vn -0.0421 -0.4977 -0.8663
vn 0.7238 -0.1321 -0.6773
vn 0.7297 -0.1281 -0.6717
vn 0.7275 -0.1344 -0.6728
vn 0.1018 0.4746 -0.8743
vn 0.1045 0.4629 -0.8802
vn 0.0906 0.4698 -0.8781
vn 0.0235 -0.6367 0.7708
vn 0.6133 -0.1777 0.7696
vn 0.0140 0.0487 0.9987
vn 0.4524 0.3368 0.8258
vn 0.4513 0.3157 0.8346
vn 0.4579 0.3154 0.8312
vn 0.1948 -0.0848 0.9772
vn 0.1451 -0.0846 0.9858
vn 0.1818 -0.1129 0.9768
vn 0.3020 -0.1011 0.9479
vn 0.2762 -0.0821 0.9576
vn 0.2845 -0.1112 0.9522
vn 0.6524 -0.0435 -0.7567
vn 0.6566 -0.0386 -0.7532
vn 0.6609 -0.0463 -0.7490
vn 0.6537 -0.0527 -0.7549
vn 0.4018 -0.2031 0.8929
vn 0.4131 -0.2035 0.8877
vn 0.4091 -0.1848 0.8936
vn 0.9413 -0.1622 -0.2960
vn 0.9447 -0.1724 -0.2788
vn 0.9340 -0.1946 -0.2995
vn 0.9184 -0.3144 -0.2401
vn 0.9296 -0.3019 -0.2115
vn 0.9220 -0.3328 -0.1979
vn 0.1361 0.0685 -0.9883
vn 0.0707 0.0904 -0.9934
vn 0.0956 0.1142 -0.9888
vn 0.7531 0.0896 0.6518
vn 0.7580 0.0947 0.6453
vn 0.7584 0.1030 0.6436
vn 0.7344 0.1200 0.6680
vn 0.3303 0.2200 0.9179
vn 0.3081 0.2461 0.9190
vn 0.3175 0.1947 0.9281
vn -0.2023 -0.4070 -0.8907
vn -0.2100 -0.3723 -0.9041
vn -0.1583 -0.3784 -0.9120
vn -0.1775 -0.4080 -0.8956
vn 0.9586 0.2643 0.1057
vn 0.9497 0.2920 0.1131
vn 0.9590 0.2459 0.1410
vn 0.7988 -0.5651 -0.2062
vn 0.1096 -0.7935 -0.5986
vn 0.0838 -0.1196 -0.9893
vn 0.8344 0.3759 0.4031
vn 0.8358 0.3588 0.4157
vn 0.8417 0.3575 0.4046
vn 0.9281 0.0352 0.3706
vn 0.9284 0.0606 0.3667
vn 0.9221 0.0516 0.3834
vn 0.8292 0.0445 0.5572
vn 0.8394 0.0632 0.5398
vn 0.8231 0.0638 0.5644
vn -0.1531 -0.7884 -0.5958
vn -0.0719 -0.7742 -0.6289
vn -0.1201 -0.8361 -0.5352
vn -0.0736 -0.9215 -0.3814
vn 0.0559 -0.9307 -0.3614
vn -0.0465 -0.9475 -0.3163
vn 0.1923 -0.8794 -0.4355
vn 0.2094 -0.8576 -0.4697
vn 0.2151 -0.8574 -0.4675
vn 0.6385 -0.6970 -0.3262
vn 0.6655 -0.6706 -0.3278
vn 0.6708 -0.6742 -0.3090
vn -0.0010 0.1020 -0.9948
vn -0.0294 0.0733 -0.9969
vn -0.0121 0.1088 -0.9940
vn 0.9882 0.1518 0.0193
vn 0.9822 0.1832 0.0407
vn 0.9886 0.1410 0.0537
vn 0.3267 0.2577 0.9093
vn 0.3578 0.2545 0.8984
vn 0.3565 0.2831 0.8904
vn 0.6439 0.2551 0.7213
vn 0.5934 0.3171 0.7398
vn 0.5984 0.2903 0.7468
vn 0.3312 -0.2383 0.9130
vn 0.3406 -0.2550 0.9050
vn 0.3555 -0.2435 0.9024
vn 0.9600 0.2417 0.1412
vn 0.9512 0.2579 0.1696
vn 0.9567 0.2406 0.1635
vn 0.3896 -0.0893 0.9166
vn 0.4200 -0.0981 0.9022
vn 0.4211 -0.0787 0.9036
vn 0.9010 0.4337 0.0138
vn 0.9121 0.4092 0.0255
vn 0.9173 0.3979 0.0158
vn -0.3769 -0.0627 -0.9241
vn -0.3551 -0.1092 -0.9284
vn -0.3899 -0.1054 -0.9148
vn 0.6203 0.1405 0.7717
vn 0.6286 0.1480 0.7635
vn 0.6129 0.1508 0.7757
vn 0.6416 0.5609 0.5233
vn 0.6557 0.5460 0.5215
vn 0.6560 0.5594 0.5067
vn 0.6755 0.3071 0.6704
vn 0.6882 0.3063 0.6577
vn 0.6724 0.3267 0.6642
vn -0.0164 -0.5242 -0.8514
vn -0.0456 -0.5216 -0.8520
vn -0.0307 -0.5093 -0.8600
vn 0.8405 0.3508 0.4130
vn 0.8318 0.3674 0.4161
vn 0.8346 0.3518 0.4238
vn 0.1401 -0.7853 -0.6030
vn 0.1341 -0.7903 -0.5978
vn 0.0666 -0.7691 -0.6356
vn 0.6939 0.2664 0.6689
vn 0.7029 0.2658 0.6597
vn 0.6919 0.2774 0.6666
vn -0.2021 0.0686 -0.9770
vn -0.1807 0.0090 -0.9835
vn -0.2342 0.0218 -0.9720
vn 0.8111 -0.3516 -0.4675
vn 0.8182 -0.3761 -0.4350
vn 0.8067 -0.3835 -0.4496
vn 0.7891 0.1168 0.6030
vn 0.7865 0.1330 0.6031
vn 0.7726 0.1129 0.6248
vn 0.6247 0.1692 0.7623
vn 0.6180 0.1632 0.7691
vn 0.6281 0.1488 0.7637
vn 0.5869 0.0268 -0.8092
vn 0.6021 -0.0126 -0.7983
vn 0.5760 0.0188 -0.8172
vn 0.3752 -0.4166 -0.8281
vn 0.4106 -0.4198 -0.8094
vn 0.3551 -0.4394 -0.8251
vn 0.6021 -0.3619 -0.7117
vn -0.0157 0.0937 -0.9955
vn 0.0297 0.7401 -0.6718
vn -0.0337 -0.0384 -0.9987
vn -0.0215 -0.0760 -0.9969
vn -0.0460 -0.0877 -0.9951
vn 0.9154 0.1259 0.3824
vn 0.9211 0.1050 0.3750
vn 0.9266 0.1131 0.3586
vn -0.3069 0.0591 -0.9499
vn -0.3378 0.0522 -0.9398
vn -0.3414 0.0731 -0.9371
vn 0.1439 -0.0115 0.9895
vn 0.1328 -0.0242 0.9908
vn 0.1415 -0.0342 0.9893
vn 0.3060 -0.0334 0.9514
vn 0.3154 -0.0251 0.9486
vn 0.3002 -0.0124 0.9538
vn 0.2956 0.0258 0.9550
vn 0.2854 0.0272 0.9580
vn 0.2942 0.0116 0.9557
vn 0.5121 -0.6479 -0.5639
vn 0.5044 -0.6438 -0.5754
vn 0.5175 -0.6351 -0.5735
vn 0.4573 -0.8865 0.0700
vn 0.4772 -0.8787 0.0112
vn 0.4968 -0.8660 0.0572
vn 0.8071 -0.2779 -0.5209
vn 0.7866 -0.2996 -0.5399
vn 0.8033 -0.2711 -0.5303
vn 0.8166 -0.5223 -0.2459
vn 0.8064 -0.5178 -0.2858
vn 0.8272 -0.4977 -0.2610
vn 0.8541 -0.3081 -0.4191
vn 0.8445 -0.3415 -0.4126
vn 0.8498 -0.3145 -0.4230
vn 0.7235 0.2035 -0.6597
vn 0.7290 0.2084 -0.6520
vn 0.7307 0.1967 -0.6538
vn 0.7985 0.1324 0.5872
vn 0.7867 0.1832 0.5895
vn 0.7576 0.1323 0.6392
vn -0.0963 0.0861 -0.9916
vn -0.1533 0.1109 -0.9819
vn -0.1534 0.1331 -0.9792
vn -0.1317 0.1290 -0.9829
vn 0.3253 0.7428 -0.5852
vn 0.3277 0.7767 -0.5380
vn 0.3605 0.7629 -0.5366
vn 0.2383 0.5691 -0.7870
vn 0.2094 0.5732 -0.7922
vn 0.2210 0.6053 -0.7647
vn 0.8005 0.1998 -0.5650
vn 0.7862 0.2219 -0.5768
vn 0.7856 0.2384 -0.5710
vn 0.8019 0.2279 -0.5522
vn -0.2466 0.0072 -0.9691
vn -0.1989 0.0033 -0.9800
vn -0.2192 -0.0399 -0.9749
vn 0.8828 0.4606 -0.0921
vn 0.8753 0.4679 -0.1218
vn 0.8707 0.4781 -0.1152
vn 0.9602 0.2581 -0.1065
vn 0.9510 0.2874 -0.1136
vn 0.9419 0.3290 -0.0677
vn 0.8262 0.0835 0.5572
vn 0.8285 0.0955 0.5517
vn 0.8163 0.0940 0.5699
vn 0.9190 0.1286 -0.3728
vn 0.9222 0.1594 -0.3523
vn 0.9332 0.1249 -0.3369
vn 0.9059 0.2942 -0.3045
vn 0.8895 0.3451 -0.2996
vn 0.9045 0.3247 -0.2764
vn 0.4131 0.4187 -0.8087
vn 0.3848 0.4192 -0.8223
vn 0.3940 0.4469 -0.8031
vn 0.1209 -0.6556 -0.7454
vn 0.1240 -0.6458 -0.7534
vn 0.1408 -0.6433 -0.7526
vn 0.8022 0.2824 0.5261
vn 0.8086 0.2656 0.5249
vn 0.8088 0.2796 0.5174
vn 0.3628 -0.2892 -0.8859
vn 0.3296 -0.3467 -0.8782
vn 0.3195 -0.3004 -0.8987
vn 0.1330 -0.9032 -0.4081
vn 0.1459 -0.8895 -0.4330
vn 0.1572 -0.8895 -0.4291
vn 0.1924 -0.8943 -0.4039
vn 0.8110 -0.4142 -0.4132
vn 0.8320 -0.4010 -0.3834
vn 0.8127 -0.4250 -0.3986
vn -0.2188 0.0245 -0.9755
vn -0.2349 0.0440 -0.9710
vn -0.2039 0.0454 -0.9779
vn -0.1197 0.1246 -0.9850
vn -0.1567 0.1237 -0.9799
vn -0.1298 0.1486 -0.9803
vn 0.3591 -0.6460 -0.6736
vn 0.3633 -0.6306 -0.6858
vn 0.3917 -0.6451 -0.6560
vn -0.1202 -0.7695 -0.6272
vn -0.1591 -0.7785 -0.6072
vn -0.1407 -0.7571 -0.6379
vn 0.2533 -0.7708 -0.5846
vn 0.2381 -0.7514 -0.6154
vn 0.2553 -0.7400 -0.6223
vn 0.1690 -0.6570 -0.7347
vn 0.1752 -0.6695 -0.7219
vn 0.1032 -0.7037 -0.7029
vn 0.6441 -0.4385 -0.6268
vn 0.6539 -0.4393 -0.6160
vn 0.6411 -0.4483 -0.6229
vn -0.2489 0.6702 -0.6992
vn -0.2377 0.7001 -0.6734
vn -0.1989 0.6803 -0.7055
vn 0.6917 -0.0308 0.7216
vn 0.6953 -0.0722 0.7151
vn 0.7242 -0.0412 0.6883
vn 0.8997 0.1226 0.4189
vn 0.9012 0.1065 0.4200
vn 0.9069 0.1216 0.4035
vn -0.0020 -0.0275 -0.9996
vn 0.0598 -0.0347 -0.9976
vn 0.0205 -0.0547 -0.9983
vn 0.8346 0.4077 0.3705
vn 0.8263 0.4179 0.3777
vn 0.8322 0.4022 0.3817
vn 0.0752 -0.8922 -0.4453
vn -0.0208 -0.8922 -0.4512
vn 0.0157 -0.8840 -0.4672
vn 0.8619 -0.2324 0.4507
vn 0.8572 -0.2226 0.4644
vn 0.8548 -0.2411 0.4597
vn 0.9689 -0.1931 0.1546
vn 0.9717 -0.1746 0.1590
vn 0.9674 -0.1865 0.1712
vn -0.0018 0.1022 -0.9948
vn -0.0071 0.0687 -0.9976
vn -0.0378 0.1190 -0.9922
vn 0.5907 -0.5370 -0.6023
vn 0.0400 -0.1081 -0.9933
vn 0.0267 0.6186 -0.7853
vn 0.3898 -0.3134 -0.8659
vn 0.4062 -0.2965 -0.8644
vn 0.3966 -0.3145 -0.8624
vn 0.8445 -0.1061 0.5249
vn 0.8312 -0.1261 0.5415
vn 0.8423 -0.1257 0.5242
vn 0.6897 0.2244 0.6885
vn 0.6998 0.2202 0.6796
vn 0.7022 0.2402 0.6703
vn -0.0174 -0.0253 -0.9995
vn -0.0384 -0.0419 -0.9984
vn -0.0450 -0.0103 -0.9989
vn 0.7024 0.2321 -0.6729
vn -0.0127 0.1632 -0.9865
vn 0.0079 0.8402 -0.5423
vn 0.9219 0.2908 -0.2561
vn 0.9089 0.3044 -0.2851
vn 0.9164 0.3128 -0.2498
vn 0.8406 0.3311 -0.4287
vn 0.8505 0.3140 -0.4218
vn 0.8470 0.3081 -0.4332
vn 0.5654 0.1286 0.8147
vn 0.5769 0.1341 0.8057
vn 0.5702 0.1403 0.8094
vn 0.7208 -0.2155 -0.6588
vn 0.7094 -0.2215 -0.6691
vn 0.7178 -0.2087 -0.6642
vn 0.9358 0.3128 0.1623
vn 0.9376 0.3107 0.1558
vn 0.9342 0.3244 0.1483
vn 0.9167 0.3491 0.1945
vn 0.8542 0.2373 0.4626
vn 0.8817 0.2101 0.4225
vn 0.8432 0.2901 0.4527
vn 0.8661 0.3287 0.3766
vn 0.8783 0.3092 0.3646
vn 0.8711 0.3349 0.3591
vn 0.0816 -0.4213 -0.9033
vn 0.0229 -0.4048 -0.9141
vn 0.0761 -0.3812 -0.9214
vn 0.7604 -0.2747 -0.5885
vn 0.7712 -0.2918 -0.5658
vn 0.7620 -0.3081 -0.5695
vn 0.9097 0.1354 -0.3927
vn 0.9046 0.1216 -0.4085
vn 0.9020 0.1355 -0.4099
vn 0.7973 0.2492 0.5497
vn 0.8143 0.2479 0.5249
vn 0.8055 0.2747 0.5251
vn 0.8432 -0.3793 -0.3808
vn 0.8416 -0.3956 -0.3677
vn 0.8337 -0.3963 -0.3847
vn 0.0502 -0.5979 0.8000
vn 0.5943 -0.3112 0.7416
vn 0.0564 0.1048 0.9929
vn 0.0586 0.0948 0.9938
vn 0.6986 -0.1088 0.7072
vn 0.0442 -0.0016 0.9990
vn 0.0402 -0.7235 0.6891
vn 0.7079 0.4563 0.5391
vn 0.7393 0.4401 0.5096
vn 0.7077 0.4873 0.5116
vn 0.0301 -0.9479 -0.3172
vn 0.0115 -0.9301 -0.3672
vn 0.0738 -0.9307 -0.3584
vn -0.0673 -0.7497 -0.6584
vn -0.1285 -0.7505 -0.6483
vn -0.1078 -0.7208 -0.6847
vn 0.3665 0.0401 0.9295
vn 0.3497 0.0758 0.9338
vn 0.3447 0.0522 0.9372
vn 0.4794 0.7602 -0.4385
vn 0.4262 0.7748 -0.4670
vn 0.4260 0.7938 -0.4341
vn 0.7838 -0.5869 -0.2029
vn 0.7849 -0.5932 -0.1789
vn 0.7736 -0.6032 -0.1941
vn 0.9038 -0.2831 -0.3208
vn 0.9005 -0.3006 -0.3142
vn 0.8960 -0.2913 -0.3352
vn 0.7710 0.1758 0.6121
vn 0.8059 0.1495 0.5729
vn 0.7778 0.2010 0.5955
vn 0.7674 0.5852 -0.2620
vn 0.7809 0.5836 -0.2225
vn 0.7797 0.5694 -0.2607
vn 0.8550 -0.2203 -0.4695
vn 0.8672 -0.2353 -0.4389
vn 0.8492 -0.2424 -0.4692
vn 0.9508 -0.1387 0.2769
vn 0.9471 -0.1312 0.2929
vn 0.9422 -0.1608 0.2940
vn 0.8845 0.3920 0.2531
vn 0.8661 0.4137 0.2807
vn 0.8833 0.3813 0.2728
vn -0.2653 -0.1510 -0.9523
vn -0.2941 -0.1329 -0.9465
vn -0.2535 -0.1128 -0.9607
vn -0.0448 0.0919 -0.9948
vn 0.0211 0.1118 -0.9935
vn -0.0202 0.0632 -0.9978
vn 0.8608 0.4989 0.1003
vn 0.8957 0.4327 0.1028
vn 0.8649 0.4968 0.0719
vn 0.9170 0.3989 -0.0048
vn 0.9053 0.4201 -0.0634
vn 0.8950 0.4415 -0.0633
vn 0.9427 0.1555 0.2953
vn 0.9268 0.2340 0.2936
vn 0.9325 0.1696 0.3189
vn 0.9262 -0.1368 0.3513
vn 0.9264 -0.1535 0.3438
vn 0.9373 -0.1381 0.3200
vn 0.4346 0.2001 0.8781
vn 0.4538 0.1698 0.8748
vn 0.4654 0.1881 0.8649
vn 0.5772 0.0190 0.8164
vn 0.5977 0.0191 0.8015
vn 0.5870 0.0318 0.8090
vn 0.3110 0.0518 0.9490
vn 0.2963 0.0386 0.9543
vn 0.3164 0.0405 0.9477
vn 0.6932 0.2343 0.6816
vn 0.7186 0.2429 0.6516
vn 0.7110 0.2551 0.6553
vn 0.9496 -0.1430 0.2789
vn 0.9526 -0.1227 0.2782
vn 0.9451 -0.1417 0.2946
vn 0.7308 -0.1342 -0.6693
vn 0.7252 -0.1374 -0.6747
vn 0.7265 -0.1315 -0.6745
vn 0.0903 0.3066 -0.9475
vn 0.0682 0.3043 -0.9501
vn 0.0581 0.3256 -0.9437
vn 0.0834 0.3263 -0.9416
vn 0.1029 -0.7409 -0.6637
vn 0.1466 -0.7343 -0.6628
vn 0.1629 -0.7512 -0.6397
vn 0.6272 -0.7556 -0.1887
vn 0.6235 -0.7511 -0.2172
vn 0.6365 -0.7420 -0.2105
vn 0.8672 0.2210 0.4462
vn 0.8755 0.2242 0.4280
vn 0.8662 0.2329 0.4421
vn 0.8052 0.4031 0.4349
vn 0.7978 0.3995 0.4515
vn 0.8074 0.3860 0.4462
vn 0.7771 0.1403 0.6136
vn 0.8071 0.1620 0.5678
vn 0.7701 0.1743 0.6136
vn -0.4130 0.1269 -0.9018
vn -0.3921 0.1688 -0.9043
vn -0.3660 0.1245 -0.9222
vn 0.6148 0.1744 0.7692
vn 0.6268 0.1697 0.7605
vn 0.6219 0.1865 0.7606
vn 0.8843 0.3891 0.2583
vn 0.8957 0.3762 0.2371
vn 0.8851 0.3969 0.2431
vn 0.8793 0.4181 0.2281
vn 0.8828 0.4178 0.2147
vn 0.8777 0.4338 0.2037
vn 0.8693 0.4400 0.2251
vn 0.0714 -0.4956 0.8656
vn 0.3413 -0.5339 0.7736
vn 0.0928 0.1605 0.9827
vn 0.0838 0.1489 0.9853
vn 0.8617 0.2013 0.4658
vn 0.8700 0.1908 0.4547
vn 0.8662 0.2066 0.4550
vn 0.7930 0.3569 0.4937
vn 0.7851 0.3702 0.4965
vn 0.7881 0.3533 0.5041
vn 0.2441 -0.0119 0.9697
vn 0.2323 -0.0218 0.9724
vn 0.2438 -0.0451 0.9688
vn 0.2645 -0.0306 0.9639
vn 0.3020 0.2460 0.9210
vn 0.3297 0.2248 0.9169
vn 0.3302 0.2493 0.9104
vn 0.4531 0.0454 0.8903
vn 0.4713 0.0498 0.8806
vn 0.4712 0.0955 0.8768
vn 0.5147 0.0051 0.8574
vn 0.5526 0.0351 0.8327
vn 0.5136 0.0270 0.8576
vn 0.7971 -0.1217 0.5915
vn 0.7904 -0.1025 0.6040
vn 0.7863 -0.1228 0.6055
vn 0.3871 -0.1894 0.9024
vn 0.3866 -0.1638 0.9076
vn 0.3620 -0.1828 0.9141
vn 0.7935 0.3647 0.4871
vn 0.7858 0.3568 0.5052
vn 0.7959 0.3518 0.4928
vn 0.8726 0.2166 0.4378
vn 0.8591 0.2308 0.4568
vn 0.8650 0.2080 0.4567
vn 0.9507 0.2920 -0.1039
vn 0.9559 0.2883 -0.0568
vn 0.9604 0.2635 -0.0905
vn 0.0907 -0.9946 -0.0496
vn 0.0987 -0.9951 -0.0023
vn 0.0524 -0.9986 -0.0006
vn 0.0462 -0.9981 -0.0419
vn -0.1412 -0.7165 -0.6832
vn -0.1557 -0.7127 -0.6840
vn -0.1738 -0.6857 -0.7069
vn -0.1060 -0.6860 -0.7198
vn 0.6099 0.5767 -0.5435
vn 0.5778 0.5901 -0.5638
vn 0.5804 0.6222 -0.5254
vn 0.6152 0.5944 -0.5180
vn 0.5625 0.1891 0.8049
vn 0.5591 0.2385 0.7940
vn 0.5316 0.2226 0.8172
vn 0.5354 0.2032 0.8198
vn 0.6475 0.3811 0.6599
vn 0.6693 0.4049 0.6229
vn 0.6385 0.4285 0.6393
vn 0.6322 0.4062 0.6598
vn 0.6941 0.6544 0.3002
vn 0.7020 0.6620 0.2625
vn 0.6726 0.6801 0.2916
vn 0.6830 0.6637 0.3050
vn 0.4007 -0.7995 -0.4474
vn 0.4132 -0.8009 -0.4334
vn 0.3917 -0.8180 -0.4213
vn 0.3806 -0.8105 -0.4452
vn 0.7444 -0.0457 0.6662
vn 0.7159 -0.0440 0.6968
vn 0.7107 -0.0702 0.7000
vn 0.7288 -0.0885 0.6790
vn 0.1650 -0.9761 -0.1412
vn 0.0597 -0.9921 -0.1106
vn 0.0994 -0.9820 -0.1609
vn 0.0839 -0.9491 -0.3036
vn -0.0146 -0.9555 -0.2948
vn 0.0603 -0.9360 -0.3467
vn 0.0914 0.6407 -0.7623
vn 0.0880 0.6135 -0.7848
vn 0.0601 0.6156 -0.7858
vn 0.0617 0.6380 -0.7676
vn 0.3482 -0.6801 -0.6452
vn 0.3606 -0.7322 -0.5777
vn 0.2981 -0.7242 -0.6219
vn 0.3178 -0.6881 -0.6523
vn 0.4441 0.8431 -0.3032
vn 0.4020 0.8519 -0.3357
vn 0.4186 0.8609 -0.2892
vn 0.3022 0.8410 -0.4488
vn 0.3052 0.8208 -0.4829
vn 0.2827 0.8349 -0.4722
vn 0.2841 0.8371 -0.4675
vn 0.0538 -0.8326 -0.5512
vn 0.0454 -0.8380 -0.5438
vn 0.0012 -0.8344 -0.5511
vn 0.0297 -0.7883 -0.6146
vn 0.5839 0.3565 0.7294
vn 0.5542 0.3427 0.7586
vn 0.5703 0.3107 0.7604
vn 0.5962 0.3177 0.7373
vn -0.3095 0.2045 -0.9287
vn -0.3234 0.1605 -0.9325
vn -0.3475 0.1846 -0.9193
vn -0.3389 0.2011 -0.9191
vn 0.9563 -0.2908 -0.0315
vn 0.9484 -0.3169 0.0106
vn 0.9357 -0.3523 -0.0203
vn 0.9458 -0.2609 0.1934
vn 0.9415 -0.2344 0.2422
vn 0.9281 -0.2725 0.2538
vn 0.9286 -0.2933 0.2275
vn 0.5591 0.7767 -0.2900
vn 0.5413 0.7802 -0.3136
vn 0.5183 0.7998 -0.3029
vn 0.5236 0.8034 -0.2835
vn 0.6444 -0.7163 -0.2676
vn 0.6321 -0.7271 -0.2679
vn 0.6196 -0.7330 -0.2808
vn 0.6297 -0.7134 -0.3076
vn 0.9446 -0.1148 -0.3074
vn 0.9489 -0.1272 -0.2889
vn 0.9475 -0.1340 -0.2904
vn 0.9458 -0.1467 -0.2898
vn 0.9464 -0.1540 -0.2840
vn 0.9439 -0.1679 -0.2843
vn 0.9367 -0.1726 -0.3046
vn 0.9365 -0.1717 -0.3057
vn 0.9393 -0.1637 -0.3014
vn 0.9410 -0.1598 -0.2984
vn 0.9388 -0.1654 -0.3020
vn 0.9359 -0.1864 -0.2987
vn 0.9373 -0.1836 -0.2963
vn 0.9353 -0.1819 -0.3036
vn 0.9353 -0.1601 -0.3155
vn 0.9308 -0.1626 -0.3274
vn 0.9298 -0.1619 -0.3305
vn 0.9313 -0.1541 -0.3300
vn 0.9315 -0.1483 -0.3320
vn 0.9299 -0.1507 -0.3356
vn 0.9300 -0.1425 -0.3389
vn 0.9298 -0.1506 -0.3360
vn 0.9288 -0.1494 -0.3392
vn 0.9339 -0.1260 -0.3345
vn 0.9400 -0.1275 -0.3165
vn 0.9412 -0.1401 -0.3074
vn 0.9429 -0.1281 -0.3075
vn 0.9444 -0.1270 -0.3032
vn 0.9495 -0.0950 -0.2990
vn 0.9468 -0.0880 -0.3097
vn 0.9519 -0.1184 -0.2827
vn 0.9520 -0.1075 -0.2865
vn 0.9429 -0.1419 -0.3013
vn 0.9468 -0.1210 -0.2981
vn 0.9589 -0.1468 -0.2430
vn 0.9448 -0.1225 -0.3040
vn 0.9449 -0.1187 -0.3050
vn 0.0176 -0.0401 0.9990
vn 0.0224 -0.6395 0.7685
vn 0.5199 0.2644 0.8123
vn 0.1002 0.4625 -0.8809
vn 0.0644 0.9679 -0.2431
vn 0.6065 -0.1724 -0.7761
vn 0.0454 0.1392 -0.9892
vn 0.0481 0.8186 -0.5723
vn 0.4820 0.6711 -0.5633
vn 0.0946 0.1081 -0.9896
vn 0.1204 -0.0099 -0.9927
vn 0.0786 0.7225 -0.6869
vn 0.7799 0.1914 -0.5960
vn 0.0963 -0.0314 -0.9949
vn -0.0505 -0.5321 -0.8451
vn -0.0489 -0.5126 -0.8572
vn -0.0354 0.2075 -0.9776
vn 0.6120 -0.2237 -0.7586
vn 0.1643 -0.1861 -0.9687
vn 0.1542 -0.1839 -0.9708
vn 0.1587 -0.1701 -0.9726
vn 0.1052 0.6040 -0.7900
vn 0.7345 0.2851 -0.6158
vn 0.0285 -0.0648 -0.9975
vn 0.0268 -0.0253 -0.9993
vn 0.0215 0.6754 -0.7371
vn 0.7137 0.0705 -0.6969
vn 0.1039 -0.8061 -0.5826
vn 0.0756 -0.1095 -0.9911
vn 0.7593 -0.5237 -0.3863
vn 0.1323 -0.8403 -0.5258
vn 0.1107 -0.0177 0.9937
vn 0.0975 -0.7459 0.6589
vn 0.7716 -0.1714 0.6125
vn 0.1162 0.0058 0.9932
vn -0.4439 -0.6425 -0.6246
vn 0.1784 0.4536 -0.8732
vn 0.9242 -0.2154 -0.3152
vn 0.0339 -0.7387 -0.6732
vn 0.0289 -0.7243 -0.6889
vn 0.0294 -0.0788 -0.9965
vn 0.5875 -0.1867 -0.7874
vn 0.1237 -0.2885 -0.9495
vn 0.0937 0.4249 -0.9004
vn 0.6527 -0.5635 -0.5064
vn -0.0154 0.1012 -0.9947
vn 0.0075 0.7430 -0.6692
vn 0.7022 0.1513 -0.6957
vn 0.0149 0.0457 -0.9988
vn 0.1714 -0.0468 0.9841
vn 0.1335 -0.7623 0.6333
vn 0.8298 0.0579 0.5550
vn 0.1597 -0.0282 0.9868
vn 0.0852 -0.1565 0.9840
vn 0.0775 -0.6972 0.7127
vn 0.1885 0.6338 0.7501
vn 0.2096 -0.1965 0.9578
vn 0.1487 -0.8717 0.4669
vn 0.6552 0.4671 0.5937
vn 0.1934 -0.1933 0.9619
vn 0.1147 0.2036 0.9723
vn 0.1101 0.1768 0.9781
vn 0.8131 0.1317 0.5671
vn -0.9517 -0.1553 0.2650
vn -0.9522 -0.1361 0.2735
vn -0.9561 -0.1438 0.2552
vn -0.3526 0.0705 0.9331
vn -0.3668 0.0693 0.9277
vn -0.3719 0.0446 0.9272
vn -0.3406 0.0409 0.9393
vn -0.4066 -0.0701 0.9109
vn -0.4181 -0.0704 0.9057
vn -0.4057 -0.0868 0.9099
vn -0.8412 -0.3114 0.4420
vn -0.8477 -0.3125 0.4286
vn -0.8384 -0.3273 0.4358
vn -0.7235 -0.2911 -0.6259
vn -0.7082 -0.3225 -0.6280
vn -0.7186 -0.3276 -0.6135
vn -0.6043 -0.4335 -0.6685
vn -0.6052 -0.4251 -0.6731
vn -0.6001 -0.4307 -0.6740
vn -0.9088 -0.0316 0.4161
vn -0.9025 -0.0009 0.4308
vn -0.9141 0.0002 0.4054
vn -0.8235 0.1689 0.5417
vn -0.8140 0.1433 0.5630
vn -0.8078 0.1948 0.5564
vn -0.3199 0.0894 0.9432
vn -0.3155 0.1093 0.9426
vn -0.3314 0.0970 0.9385
vn -0.9184 -0.0108 0.3955
vn -0.9279 -0.0033 0.3727
vn -0.9248 -0.0302 0.3792
vn -0.5163 -0.3009 -0.8018
vn -0.5185 -0.3092 -0.7972
vn -0.5244 -0.3043 -0.7953
vn -0.9539 0.2314 0.1914
vn -0.9558 0.2368 0.1742
vn -0.9574 0.2264 0.1790
vn -0.7289 0.1702 0.6631
vn -0.7227 0.1480 0.6751
vn -0.7178 0.1652 0.6764
vn -0.4233 0.0923 0.9013
vn -0.4364 0.1067 0.8934
vn -0.4459 0.0789 0.8916
vn -0.8097 0.0660 -0.5832
vn -0.7936 0.0836 -0.6026
vn -0.8015 0.0386 -0.5968
vn -0.0173 0.4531 -0.8913
vn 0.0173 0.4663 -0.8845
vn -0.0023 0.4350 -0.9004
vn -0.8226 -0.1512 -0.5481
vn -0.8329 -0.1279 -0.5385
vn -0.8050 -0.1341 -0.5780
vn -0.3531 -0.7994 -0.4861
vn -0.3520 -0.8045 -0.4784
vn -0.3572 -0.8023 -0.4783
vn -0.3154 -0.6566 -0.6852
vn -0.3153 -0.6527 -0.6888
vn -0.3098 -0.6561 -0.6882
vn -0.5006 0.0472 0.8644
vn -0.4767 0.0437 0.8780
vn -0.5033 0.0684 0.8614
vn -0.2741 -0.6144 -0.7399
vn -0.2673 -0.6137 -0.7429
vn -0.2761 -0.6229 -0.7320
vn -0.6561 0.0082 0.7546
vn -0.6581 -0.0158 0.7527
vn -0.6380 -0.0097 0.7699
vn -0.8505 0.1097 0.5143
vn -0.8405 0.0818 0.5355
vn -0.8347 0.1033 0.5410
vn -0.6770 0.6489 0.3472
vn -0.6635 0.6648 0.3431
vn -0.6787 0.6553 0.3316
vn -0.0238 0.9297 -0.3674
vn -0.0462 0.9369 -0.3465
vn -0.0193 0.9390 -0.3434
vn -0.6544 0.1535 0.7404
vn -0.6534 0.1354 0.7448
vn -0.6383 0.1362 0.7576
vn -0.7584 0.5027 0.4148
vn -0.7718 0.4798 0.4171
vn -0.7605 0.4862 0.4304
vn -0.8365 -0.2482 -0.4886
vn -0.8434 -0.2194 -0.4904
vn -0.8295 -0.2337 -0.5073
vn -0.7228 0.2693 0.6364
vn -0.7249 0.2428 0.6447
vn -0.7165 0.2536 0.6499
vn -0.8810 -0.0197 0.4728
vn -0.8736 -0.0096 0.4865
vn -0.8772 0.0030 0.4801
vn -0.7710 0.2177 0.5985
vn -0.7570 0.2001 0.6220
vn -0.7456 0.2353 0.6235
vn -0.7738 0.2622 0.5766
vn -0.8335 0.1100 0.5414
vn -0.8505 0.1156 0.5132
vn -0.8559 0.0923 0.5089
vn 0.2426 0.8407 -0.4841
vn 0.2351 0.8254 -0.5132
vn 0.1968 0.8494 -0.4897
vn -0.7327 0.2078 0.6481
vn -0.7381 0.1851 0.6488
vn -0.7240 0.1938 0.6621
vn -0.6481 0.1303 0.7504
vn -0.6383 0.1482 0.7554
vn -0.6542 0.1430 0.7426
vn -0.6338 0.1210 -0.7640
vn -0.6299 0.1360 -0.7647
vn -0.6242 0.1228 -0.7715
vn -0.4656 -0.4397 -0.7680
vn -0.4538 -0.4355 -0.7774
vn -0.4521 -0.4439 -0.7736
vn -0.3109 0.1034 0.9448
vn -0.3229 0.1113 0.9399
vn -0.3204 0.1011 0.9419
vn 0.3229 0.1215 -0.9386
vn 0.3513 0.1063 -0.9302
vn 0.3358 0.0903 -0.9376
vn -0.8957 0.2152 -0.3891
vn -0.8916 0.2107 -0.4008
vn -0.9034 0.1859 -0.3863
vn -0.6508 0.2404 0.7201
vn -0.6496 0.2498 0.7181
vn -0.6581 0.2906 0.6946
vn -0.6730 0.2588 0.6928
vn -0.9822 0.0141 -0.1875
vn -0.9866 -0.0335 -0.1597
vn -0.9878 0.0012 -0.1559
vn -0.8779 -0.2455 -0.4111
vn -0.8855 -0.2684 -0.3791
vn -0.8927 -0.2464 -0.3774
vn -0.5757 0.2247 0.7862
vn -0.5752 0.2479 0.7796
vn -0.5931 0.2387 0.7689
vn -0.7194 0.6536 0.2349
vn -0.7243 0.6532 0.2207
vn -0.7328 0.6397 0.2320
vn -0.7242 -0.1401 -0.6752
vn -0.7130 -0.1390 -0.6872
vn -0.7218 -0.1457 -0.6766
vn -0.7430 -0.1379 -0.6550
vn -0.0668 -0.3390 -0.9384
vn -0.0474 -0.9227 -0.3827
vn -0.6070 -0.0710 0.7915
vn -0.6274 -0.0952 0.7728
vn -0.6018 -0.0845 0.7941
vn -0.3985 -0.5378 0.7430
vn -0.1924 0.1452 0.9705
vn -0.1634 0.7107 0.6842
vn -0.4179 0.3621 0.8332
vn -0.4212 0.3282 0.8455
vn -0.4013 0.3396 0.8507
vn -0.7432 0.3452 0.5731
vn -0.7582 0.3169 0.5697
vn -0.7487 0.3121 0.5848
vn -0.9213 -0.3654 -0.1328
vn -0.9074 -0.3839 -0.1711
vn -0.9076 -0.3922 -0.1500
vn -0.8134 0.2400 0.5299
vn -0.8173 0.2520 0.5181
vn -0.8367 0.2266 0.4986
vn -0.8222 0.1366 0.5526
vn -0.8135 0.1707 0.5560
vn -0.8089 0.1825 0.5589
vn -0.8240 0.2023 0.5293
vn -0.8044 -0.1958 0.5609
vn -0.8002 -0.2216 0.5573
vn -0.7920 -0.2037 0.5756
vn -0.8047 -0.0486 0.5917
vn -0.8178 -0.0491 0.5735
vn -0.8054 -0.0688 0.5888
vn -0.4689 0.1030 0.8772
vn -0.4550 0.1239 0.8818
vn -0.4738 0.1192 0.8725
vn -0.5823 0.3381 0.7393
vn -0.5727 0.3510 0.7408
vn -0.5916 0.3981 0.7011
vn -0.8494 -0.0643 0.5238
vn -0.8618 -0.0487 0.5050
vn -0.8642 -0.0673 0.4986
vn -0.0947 -0.9919 0.0850
vn -0.1300 -0.9904 0.0468
vn -0.0326 -0.9974 0.0641
vn 0.2029 -0.4016 -0.8931
vn 0.1607 -0.3834 -0.9095
vn 0.2173 -0.3717 -0.9026
vn 0.0119 0.0694 -0.9975
vn 0.0250 0.1047 -0.9942
vn 0.0241 0.0724 -0.9971
vn -0.7623 0.3181 0.5636
vn -0.7580 0.3109 0.5734
vn -0.7491 0.3285 0.5753
vn -0.9619 0.2372 0.1356
vn -0.9584 0.2374 0.1585
vn -0.9579 0.2555 0.1308
vn -0.2920 0.2385 0.9262
vn -0.2636 0.2245 0.9381
vn -0.2813 0.2499 0.9265
vn 0.0870 -0.9605 -0.2642
vn -0.0323 -0.9622 -0.2703
vn 0.0661 -0.9346 -0.3494
vn 0.0553 -0.6957 -0.7162
vn 0.0385 -0.7108 -0.7023
vn 0.0251 -0.6963 -0.7174
vn -0.7869 0.3405 -0.5146
vn -0.8025 0.3405 -0.4901
vn -0.7812 0.3674 -0.5047
vn -0.7790 0.3447 -0.5238
vn -0.8866 -0.3785 0.2658
vn -0.8777 -0.4102 0.2477
vn -0.8698 -0.3906 0.3015
vn -0.9557 0.2473 0.1598
vn -0.9508 0.2706 0.1506
vn -0.9551 0.2594 0.1435
vn -0.6936 -0.2626 -0.6708
vn -0.6964 -0.2534 -0.6714
vn -0.6884 -0.2585 -0.6777
vn -0.7052 0.2467 0.6648
vn -0.6911 0.2371 0.6828
vn -0.6923 0.2529 0.6759
vn -0.7850 -0.2054 0.5845
vn -0.8000 -0.2026 0.5648
vn -0.7883 -0.2262 0.5721
vn 0.1257 -0.2235 -0.9666
vn 0.1285 -0.2634 -0.9561
vn 0.0974 -0.2467 -0.9642
vn -0.8285 -0.3244 -0.4565
vn -0.8202 -0.3210 -0.4736
vn -0.8157 -0.3392 -0.4687
vn -0.8935 0.1986 0.4028
vn -0.8995 0.1803 0.3979
vn -0.8895 0.1727 0.4230
vn -0.8142 0.2186 0.5378
vn -0.8234 0.1830 0.5372
vn -0.8099 0.1990 0.5518
vn -0.8848 -0.2449 0.3964
vn -0.8762 -0.2704 0.3989
vn -0.8794 -0.2333 0.4149
vn -0.7659 -0.1249 0.6307
vn -0.7485 -0.1489 0.6462
vn -0.7348 -0.1069 0.6698
vn -0.8792 -0.2542 0.4031
vn -0.8802 -0.2602 0.3968
vn -0.8772 -0.2712 0.3963
vn -0.8673 -0.2704 0.4178
vn -0.7356 -0.1668 -0.6565
vn -0.7550 -0.1623 -0.6353
vn -0.7397 -0.1429 -0.6576
vn -0.3999 0.1259 0.9079
vn -0.3980 0.1436 0.9061
vn -0.4128 0.1356 0.9007
vn -0.9197 0.3340 0.2063
vn -0.9176 0.3298 0.2220
vn -0.9131 0.3474 0.2133
vn -0.0294 -0.7434 -0.6682
vn -0.7255 0.0660 -0.6850
vn -0.0120 -0.0270 -0.9996
vn -0.6276 0.0611 0.7761
vn -0.6149 0.0576 0.7865
vn -0.6128 0.0678 0.7873
vn -0.6320 0.0864 0.7702
vn -0.9385 -0.2091 0.2746
vn -0.9261 -0.2199 0.3065
vn -0.9359 -0.1907 0.2961
vn -0.7899 0.6131 -0.0102
vn -0.7858 0.6171 -0.0411
vn -0.8198 0.5710 -0.0425
vn -0.7463 0.6220 0.2369
vn -0.7238 0.6604 0.1998
vn -0.7336 0.6521 0.1914
vn -0.5455 -0.4410 -0.7127
vn -0.5527 -0.4371 -0.7095
vn -0.5437 -0.4282 -0.7218
vn -0.9064 -0.2829 0.3138
vn -0.8992 -0.2889 0.3285
vn -0.9086 -0.2655 0.3224
vn -0.7972 -0.0913 0.5967
vn -0.1245 0.1075 0.9864
vn -0.1352 0.1159 0.9840
vn -0.1044 0.7891 0.6053
vn -0.6892 -0.1070 0.7166
vn -0.7036 -0.0565 0.7084
vn -0.7217 -0.1025 0.6845
vn -0.8702 0.0651 0.4884
vn -0.8800 0.0500 0.4723
vn -0.8691 0.0505 0.4921
vn -0.8108 0.0448 0.5836
vn -0.8212 0.0400 0.5692
vn -0.8117 0.0191 0.5838
vn -0.8361 0.3920 0.3838
vn -0.8171 0.4193 0.3957
vn -0.8320 0.4057 0.3785
vn -0.2702 -0.2960 -0.9162
vn -0.2837 -0.3040 -0.9094
vn -0.2717 -0.2764 -0.9218
vn 0.0604 -0.5129 -0.8563
vn 0.0490 -0.4985 -0.8655
vn 0.0729 -0.4895 -0.8690
vn -0.7213 -0.1398 -0.6784
vn -0.7230 -0.1443 -0.6757
vn -0.7269 -0.1372 -0.6729
vn -0.1046 0.4696 -0.8767
vn -0.0960 0.4695 -0.8777
vn -0.1076 0.4607 -0.8810
vn -0.5648 -0.3622 0.7415
vn -0.0233 0.0488 0.9985
vn -0.0307 0.6670 0.7444
vn -0.4599 0.3307 0.8241
vn -0.4664 0.3155 0.8264
vn -0.4586 0.3096 0.8330
vn -0.1815 -0.0875 0.9795
vn -0.1728 -0.1176 0.9779
vn -0.1293 -0.1125 0.9852
vn -0.2978 -0.1065 0.9487
vn -0.2811 -0.1172 0.9525
vn -0.2684 -0.0904 0.9591
vn -0.6549 -0.0500 -0.7540
vn -0.6503 -0.0490 -0.7581
vn -0.6499 -0.0596 -0.7577
vn -0.6592 -0.0546 -0.7500
vn -0.6602 0.2838 0.6954
vn -0.6447 0.2899 0.7073
vn -0.6620 0.2977 0.6879
vn -0.4013 -0.2136 0.8907
vn -0.4078 -0.1944 0.8921
vn -0.4123 -0.2129 0.8858
vn -0.9374 -0.1763 -0.3004
vn -0.9305 -0.2044 -0.3040
vn -0.9418 -0.1859 -0.2801
vn -0.9147 -0.3238 -0.2419
vn -0.9150 -0.3477 -0.2047
vn -0.9253 -0.3147 -0.2114
vn -0.1009 0.0834 -0.9914
vn -0.0946 0.1134 -0.9890
vn -0.0695 0.0884 -0.9937
vn -0.7460 0.1749 0.6425
vn -0.7579 0.1546 0.6337
vn -0.7163 0.1766 0.6751
vn -0.7409 0.1870 0.6450
vn -0.3338 0.2188 0.9169
vn -0.3211 0.1907 0.9277
vn -0.3131 0.2425 0.9183
vn 0.2150 -0.3945 -0.8934
vn 0.1812 -0.4047 -0.8963
vn 0.1714 -0.3682 -0.9138
vn 0.2104 -0.3644 -0.9072
vn -0.9623 0.2589 0.0832
vn -0.9635 0.2300 0.1368
vn -0.9572 0.2594 0.1282
vn -0.0729 -0.9788 0.1914
vn -0.6394 -0.2363 -0.7317
vn -0.0991 -0.7958 -0.5974
vn -0.8326 0.3668 0.4151
vn -0.8391 0.3515 0.4151
vn -0.8306 0.3539 0.4300
vn -0.9285 0.0232 0.3706
vn -0.9236 0.0418 0.3810
vn -0.9320 0.0426 0.3599
vn -0.8297 0.0347 0.5572
vn -0.8282 0.0597 0.5573
vn -0.8410 0.0528 0.5385
vn 0.1707 -0.7924 -0.5857
vn 0.1321 -0.8344 -0.5350
vn 0.0765 -0.7769 -0.6249
vn 0.0762 -0.9169 -0.3918
vn 0.0491 -0.9490 -0.3116
vn -0.0442 -0.9326 -0.3581
vn -0.1959 -0.8812 -0.4302
vn -0.2038 -0.8605 -0.4669
vn -0.1975 -0.8605 -0.4697
vn -0.6306 -0.7084 -0.3171
vn -0.6621 -0.6822 -0.3102
vn -0.6584 -0.6775 -0.3280
vn 0.0015 0.1016 -0.9948
vn 0.0076 0.1119 -0.9937
vn 0.0372 0.0822 -0.9959
vn -0.9906 0.1354 0.0191
vn -0.9906 0.1272 0.0510
vn -0.9845 0.1696 0.0439
vn -0.3310 0.2548 0.9086
vn -0.3603 0.2788 0.8902
vn -0.3633 0.2506 0.8973
vn -0.6546 0.2816 0.7016
vn -0.6049 0.2814 0.7449
vn -0.5981 0.3095 0.7393
vn -0.3323 -0.2458 0.9106
vn -0.3569 -0.2556 0.8985
vn -0.3418 -0.2624 0.9024
vn -0.9552 0.2318 0.1842
vn -0.9531 0.2215 0.2062
vn -0.9478 0.2476 0.2009
vn -0.3899 -0.0940 0.9161
vn -0.4204 -0.0830 0.9035
vn -0.4216 -0.1024 0.9010
vn -0.9065 0.4220 0.0107
vn -0.9222 0.3864 0.0139
vn -0.9199 0.3913 0.0234
vn 0.3794 -0.0580 -0.9234
vn 0.3945 -0.0964 -0.9138
vn 0.3610 -0.1086 -0.9262
vn -0.6230 0.1502 0.7676
vn -0.6149 0.1617 0.7718
vn -0.6287 0.1612 0.7607
vn -0.6505 0.5492 0.5246
vn -0.6633 0.5512 0.5061
vn -0.6653 0.5365 0.5191
vn -0.6809 0.2959 0.6699
vn -0.6753 0.3181 0.6654
vn -0.6909 0.2963 0.6594
vn 0.0275 -0.5272 -0.8493
vn 0.0363 -0.5095 -0.8597
vn 0.0543 -0.5193 -0.8529
vn -0.8658 0.3446 0.3630
vn -0.8586 0.3466 0.3777
vn -0.8531 0.3641 0.3737
vn -0.1301 -0.7880 -0.6018
vn -0.0588 -0.7668 -0.6392
vn -0.1246 -0.7917 -0.5980
vn -0.7260 0.2722 0.6315
vn -0.7238 0.2831 0.6293
vn -0.7339 0.2682 0.6240
vn 0.1959 0.0702 -0.9781
vn 0.2352 0.0241 -0.9716
vn 0.1862 0.0075 -0.9825
vn -0.8128 -0.3570 -0.4603
vn -0.8004 -0.3906 -0.4547
vn -0.8112 -0.3893 -0.4363
vn -0.7914 0.1068 0.6019
vn -0.7715 0.1231 0.6243
vn -0.7888 0.1232 0.6022
vn -0.6274 0.1618 0.7617
vn -0.6334 0.1409 0.7609
vn -0.6227 0.1550 0.7670
vn -0.5886 0.0166 -0.8082
vn -0.5750 0.0099 -0.8181
vn -0.5935 -0.0251 -0.8045
vn -0.3656 -0.4225 -0.8294
vn -0.3528 -0.4485 -0.8212
vn -0.4030 -0.4312 -0.8073
vn -0.0278 -0.6459 -0.7629
vn -0.7083 0.1256 -0.6946
vn 0.0104 0.1135 -0.9935
vn 0.0308 -0.0376 -0.9988
vn 0.0537 -0.0800 -0.9954
vn 0.0226 -0.0737 -0.9970
vn -0.9174 0.1137 0.3815
vn -0.9285 0.0982 0.3582
vn -0.9210 0.0954 0.3776
vn 0.3077 0.0590 -0.9496
vn 0.3383 0.0795 -0.9377
vn 0.3356 0.0535 -0.9405
vn -0.1424 -0.0100 0.9898
vn -0.1360 -0.0315 0.9902
vn -0.1282 -0.0216 0.9915
vn -0.3080 -0.0331 0.9508
vn -0.3068 -0.0109 0.9517
vn -0.3184 -0.0230 0.9477
vn -0.3086 0.0253 0.9508
vn -0.3064 0.0116 0.9518
vn -0.2985 0.0278 0.9540
vn -0.4988 -0.6566 -0.5658
vn -0.5082 -0.6413 -0.5748
vn -0.4953 -0.6503 -0.5759
vn -0.4429 -0.8942 0.0654
vn -0.4906 -0.8702 0.0456
vn -0.4616 -0.8870 0.0116
vn -0.8036 -0.2848 -0.5227
vn -0.7988 -0.2813 -0.5318
vn -0.7832 -0.3115 -0.5382
vn -0.8202 -0.5192 -0.2400
vn -0.8202 -0.5075 -0.2640
vn -0.7984 -0.5306 -0.2845
vn -0.8494 -0.3188 -0.4205
vn -0.8457 -0.3227 -0.4251
vn -0.8436 -0.3501 -0.4071
vn -0.7229 0.1952 -0.6628
vn -0.7321 0.1875 -0.6549
vn -0.7298 0.2010 -0.6535
vn -0.7688 0.2348 0.5948
vn -0.7500 0.2131 0.6262
vn -0.7409 0.2642 0.6175
vn 0.1887 0.0988 -0.9771
vn 0.1325 0.1170 -0.9843
vn 0.1321 0.1311 -0.9825
vn 0.1553 0.1315 -0.9791
vn -0.3507 0.7315 -0.5848
vn -0.3694 0.7573 -0.5385
vn -0.3379 0.7732 -0.5366
vn -0.2437 0.5655 -0.7879
vn -0.2192 0.6022 -0.7677
vn -0.2120 0.5769 -0.7888
vn -0.7795 0.2046 -0.5921
vn -0.7967 0.1997 -0.5704
vn -0.8039 0.2179 -0.5535
vn -0.7877 0.2286 -0.5721
vn 0.2482 0.0101 -0.9687
vn 0.2258 -0.0376 -0.9734
vn 0.1955 -0.0052 -0.9807
vn -0.8896 0.4467 -0.0958
vn -0.8768 0.4674 -0.1128
vn -0.8804 0.4578 -0.1235
vn -0.9629 0.2460 -0.1109
vn -0.9589 0.2800 -0.0469
vn -0.9542 0.2771 -0.1132
vn -0.8273 0.0729 0.5570
vn -0.8189 0.0867 0.5674
vn -0.8303 0.0854 0.5507
vn -0.9251 0.1027 -0.3655
vn -0.9346 0.1162 -0.3361
vn -0.9243 0.1481 -0.3517
vn -0.9100 0.2821 -0.3037
vn -0.9059 0.3184 -0.2793
vn -0.8923 0.3255 -0.3128
vn -0.4161 0.4128 -0.8102
vn -0.3996 0.4418 -0.8032
vn -0.3935 0.4223 -0.8166
vn -0.1122 -0.6572 -0.7453
vn -0.1318 -0.6472 -0.7509
vn -0.1155 -0.6468 -0.7539
vn -0.8053 0.2680 0.5288
vn -0.8150 0.2656 0.5149
vn -0.8128 0.2555 0.5235
vn -0.3603 -0.2969 -0.8843
vn -0.3066 -0.3195 -0.8966
vn -0.3242 -0.3508 -0.8785
vn -0.1256 -0.9059 -0.4043
vn -0.1832 -0.8940 -0.4089
vn -0.1432 -0.8915 -0.4297
vn -0.1323 -0.8936 -0.4290
vn -0.8074 -0.4205 -0.4139
vn -0.8073 -0.4350 -0.3988
vn -0.8263 -0.4092 -0.3869
vn 0.2162 0.0285 -0.9759
vn 0.2025 0.0435 -0.9783
vn 0.2363 0.0461 -0.9706
vn 0.1186 0.1276 -0.9847
vn 0.1319 0.1496 -0.9799
vn 0.1502 0.1120 -0.9823
vn -0.3479 -0.6493 -0.6763
vn -0.3877 -0.6304 -0.6725
vn -0.3534 -0.6355 -0.6865
vn 0.1306 -0.7663 -0.6291
vn 0.1492 -0.7550 -0.6385
vn 0.1498 -0.7856 -0.6004
vn -0.2594 -0.7664 -0.5877
vn -0.2472 -0.7435 -0.6214
vn -0.2276 -0.7550 -0.6150
vn -0.1608 -0.6590 -0.7348
vn -0.0883 -0.6986 -0.7101
vn -0.1648 -0.6725 -0.7215
vn -0.7823 0.1222 0.6108
vn -0.7868 0.1417 0.6007
vn -0.7928 0.1269 0.5961
vn -0.6374 -0.4468 -0.6277
vn -0.6372 -0.4572 -0.6205
vn -0.6467 -0.4498 -0.6161
vn 0.2356 0.6683 -0.7056
vn 0.1907 0.6857 -0.7025
vn 0.2363 0.6999 -0.6741
vn -0.6917 -0.0403 0.7210
vn -0.7248 -0.0507 0.6871
vn -0.6939 -0.0795 0.7157
vn -0.9015 0.1108 0.4184
vn -0.9098 0.1058 0.4014
vn -0.9031 0.0952 0.4187
vn -0.0001 -0.0229 -0.9997
vn -0.0210 -0.0556 -0.9982
vn -0.0591 -0.0414 -0.9974
vn -0.8354 0.4078 0.3685
vn -0.8379 0.3913 0.3805
vn -0.8322 0.4073 0.3761
vn -0.0581 -0.9007 -0.4304
vn -0.0001 -0.8841 -0.4672
vn 0.0284 -0.8979 -0.4394
vn -0.8600 -0.2411 0.4498
vn -0.8518 -0.2517 0.4594
vn -0.8547 -0.2337 0.4636
vn -0.9665 -0.2055 0.1539
vn -0.9647 -0.2017 0.1690
vn -0.9696 -0.1869 0.1578
vn 0.0014 0.1009 -0.9949
vn 0.0322 0.1267 -0.9914
vn 0.0150 0.0704 -0.9974
vn -0.0232 -0.8012 -0.5979
vn -0.7204 0.0305 -0.6929
vn -0.0376 -0.1072 -0.9935
vn -0.3845 -0.3189 -0.8663
vn -0.3900 -0.3202 -0.8633
vn -0.4038 -0.3041 -0.8628
vn -0.8428 -0.1157 0.5256
vn -0.8417 -0.1358 0.5226
vn -0.8302 -0.1350 0.5409
vn -0.6927 0.2203 0.6868
vn -0.7058 0.2318 0.6694
vn -0.7032 0.2118 0.6788
vn 0.0196 -0.0237 -0.9995
vn 0.0362 -0.0032 -0.9993
vn 0.0397 -0.0420 -0.9983
vn -0.0092 -0.5534 -0.8329
vn -0.4495 0.6951 -0.5611
vn 0.0146 0.1674 -0.9858
vn -0.9246 0.2789 -0.2593
vn -0.9191 0.3019 -0.2531
vn -0.9148 0.2833 -0.2879
vn -0.8432 0.3201 -0.4318
vn -0.8485 0.2992 -0.4366
vn -0.8542 0.2999 -0.4248
vn -0.6060 0.1973 0.7706
vn -0.6049 0.2058 0.7692
vn -0.6182 0.1989 0.7604
vn -0.7171 -0.2246 -0.6598
vn -0.7166 -0.2172 -0.6628
vn -0.7053 -0.2294 -0.6707
vn -0.9358 0.3160 0.1560
vn -0.9403 0.2828 0.1891
vn -0.9165 0.3451 0.2025
vn -0.9305 0.3317 0.1553
vn -0.8204 0.1841 0.5413
vn -0.8165 0.2694 0.5107
vn -0.8360 0.2157 0.5045
vn -0.8729 0.3127 0.3745
vn -0.8768 0.3219 0.3572
vn -0.8835 0.2950 0.3638
vn -0.0752 -0.4220 -0.9035
vn -0.0579 -0.3774 -0.9243
vn -0.0162 -0.4016 -0.9157
vn -0.7537 -0.2867 -0.5913
vn -0.7565 -0.3174 -0.5718
vn -0.7665 -0.3035 -0.5659
vn -0.9077 0.1229 -0.4012
vn -0.9007 0.1258 -0.4159
vn -0.9072 0.1094 -0.4062
vn -0.8003 0.2420 0.5487
vn -0.8009 0.2666 0.5362
vn -0.8182 0.2377 0.5235
vn -0.8403 -0.3900 -0.3766
vn -0.8283 -0.4051 -0.3869
vn -0.8364 -0.4054 -0.3688
vn -0.7187 -0.0495 0.6935
vn -0.0735 0.0985 0.9924
vn -0.0738 0.1087 0.9913
vn -0.0614 0.7400 0.6698
vn -0.0530 0.6694 0.7410
vn -0.6787 -0.3427 0.6495
vn -0.0592 -0.0024 0.9982
vn -0.7112 0.4529 0.5376
vn -0.7153 0.4783 0.5094
vn -0.7462 0.4323 0.5063
vn -0.0018 -0.9458 -0.3248
vn -0.0619 -0.9319 -0.3573
vn 0.0012 -0.9303 -0.3668
vn 0.0778 -0.7486 -0.6585
vn 0.1082 -0.7197 -0.6859
vn 0.1380 -0.7505 -0.6463
vn -0.4361 0.0601 0.8979
vn -0.4181 0.0472 0.9072
vn -0.4264 0.0843 0.9006
vn -0.4867 0.7642 -0.4233
vn -0.4385 0.7876 -0.4329
vn -0.4366 0.7685 -0.4678
vn -0.7753 -0.5976 -0.2046
vn -0.7660 -0.6144 -0.1892
vn -0.7759 -0.6047 -0.1798
vn -0.9005 -0.2973 -0.3175
vn -0.8911 -0.3044 -0.3364
vn -0.8952 -0.3133 -0.3169
vn -0.7751 0.1640 0.6102
vn -0.7743 0.1903 0.6035
vn -0.8098 0.1402 0.5697
vn -0.7753 0.5732 -0.2653
vn -0.7863 0.5595 -0.2620
vn -0.7882 0.5733 -0.2237
vn -0.8499 -0.2324 -0.4729
vn -0.8443 -0.2495 -0.4742
vn -0.8640 -0.2444 -0.4402
vn -0.9495 -0.1498 0.2757
vn -0.9410 -0.1738 0.2905
vn -0.9473 -0.1404 0.2879
vn -0.8900 0.3801 0.2517
vn -0.8887 0.3700 0.2709
vn -0.8719 0.4042 0.2763
vn 0.2727 -0.1495 -0.9504
vn 0.2567 -0.1093 -0.9603
vn 0.2972 -0.1306 -0.9458
vn 0.0564 0.0716 -0.9958
vn 0.0226 0.0634 -0.9977
vn -0.0371 0.0861 -0.9956
vn -0.8680 0.4862 0.1007
vn -0.8732 0.4827 0.0678
vn -0.9035 0.4195 0.0877
vn -0.9283 0.3712 -0.0213
vn -0.9005 0.4298 -0.0657
vn -0.9088 0.4118 -0.0679
vn -0.9457 0.1505 0.2879
vn -0.9356 0.1562 0.3166
vn -0.9239 0.2232 0.3108
vn -0.9246 -0.1496 0.3504
vn -0.9362 -0.1435 0.3209
vn -0.9254 -0.1653 0.3411
vn -0.4387 0.1950 0.8772
vn -0.4684 0.1836 0.8642
vn -0.4589 0.1639 0.8732
vn -0.5707 0.0221 0.8208
vn -0.5801 0.0336 0.8139
vn -0.5893 0.0160 0.8078
vn -0.3174 0.0553 0.9467
vn -0.3216 0.0423 0.9459
vn -0.3016 0.0471 0.9523
vn -0.7177 0.2208 0.6604
vn -0.7118 0.2654 0.6504
vn -0.7190 0.2544 0.6468
vn -0.9486 -0.1541 0.2765
vn -0.9439 -0.1509 0.2939
vn -0.9518 -0.1354 0.2752
vn -0.7280 -0.1431 -0.6704
vn -0.7236 -0.1406 -0.6757
vn -0.7220 -0.1458 -0.6764
vn -0.0684 0.3041 -0.9502
vn -0.0875 0.3156 -0.9449
vn -0.0828 0.3274 -0.9412
vn -0.0618 0.3276 -0.9428
vn -0.0927 -0.7448 -0.6608
vn -0.1591 -0.7483 -0.6440
vn -0.1383 -0.7366 -0.6621
vn -0.6166 -0.7640 -0.1899
vn -0.6264 -0.7499 -0.2126
vn -0.6130 -0.7596 -0.2173
vn -0.8680 0.2123 0.4489
vn -0.8689 0.2255 0.4407
vn -0.8764 0.2136 0.4315
vn -0.8145 0.3830 0.4358
vn -0.8133 0.3676 0.4510
vn -0.8060 0.3807 0.4533
vn -0.7756 0.1348 0.6167
vn -0.7741 0.1659 0.6109
vn -0.8107 0.1566 0.5642
vn 0.4090 0.1264 -0.9037
vn 0.3617 0.1359 -0.9223
vn 0.3913 0.1737 -0.9037
vn -0.6150 0.1636 0.7714
vn -0.6238 0.1734 0.7621
vn -0.6301 0.1599 0.7599
vn -0.8919 0.3711 0.2585
vn -0.8902 0.3840 0.2450
vn -0.9016 0.3611 0.2382
vn -0.8896 0.3941 0.2311
vn -0.8874 0.3998 0.2296
vn -0.8793 0.4143 0.2350
vn -0.8883 0.4083 0.2104
vn -0.6604 -0.1043 0.7436
vn -0.0932 0.1530 0.9838
vn -0.1019 0.1616 0.9816
vn -0.0766 0.8037 0.5901
vn -0.8622 0.1998 0.4656
vn -0.8671 0.2013 0.4556
vn -0.8697 0.1846 0.4578
vn -0.7978 0.3472 0.4929
vn -0.7920 0.3449 0.5038
vn -0.7919 0.3604 0.4930
vn -0.2263 -0.0191 0.9739
vn -0.2298 -0.0129 0.9731
vn -0.2570 -0.0196 0.9662
vn -0.2387 -0.0446 0.9701
vn -0.3075 0.2500 0.9181
vn -0.3254 0.2650 0.9077
vn -0.3402 0.2365 0.9101
vn -0.4560 0.0423 0.8890
vn -0.4619 0.0927 0.8821
vn -0.4745 0.0479 0.8790
vn -0.5191 0.0005 0.8547
vn -0.5195 0.0239 0.8541
vn -0.5502 0.0444 0.8338
vn -0.7958 -0.1330 0.5908
vn -0.7858 -0.1332 0.6039
vn -0.7886 -0.1132 0.6044
vn -0.3853 -0.2034 0.9001
vn -0.3621 -0.1952 0.9115
vn -0.3744 -0.1740 0.9108
vn -0.7993 0.3540 0.4855
vn -0.7982 0.3394 0.4977
vn -0.7923 0.3436 0.5042
vn -0.8763 0.2040 0.4365
vn -0.8704 0.1943 0.4524
vn -0.8625 0.2196 0.4560
vn -0.9538 0.2822 -0.1035
vn -0.9643 0.2505 -0.0862
vn -0.9606 0.2721 -0.0572
vn -0.0724 -0.9959 -0.0538
vn -0.0300 -0.9990 -0.0332
vn -0.0405 -0.9992 -0.0002
vn -0.0803 -0.9968 0.0030
vn 0.1293 -0.7116 -0.6906
vn 0.1154 -0.6851 -0.7193
vn 0.1718 -0.6709 -0.7214
vn 0.1717 -0.7067 -0.6864
vn -0.6165 0.5690 -0.5442
vn -0.6206 0.5884 -0.5183
vn -0.5855 0.6143 -0.5289
vn -0.5837 0.5839 -0.5642
vn -0.5658 0.1818 0.8043
vn -0.5369 0.2021 0.8191
vn -0.5384 0.2221 0.8129
vn -0.5638 0.2311 0.7929
vn -0.6587 0.3706 0.6548
vn -0.6372 0.4014 0.6579
vn -0.6470 0.4211 0.6357
vn -0.6754 0.3960 0.6221
vn -0.7027 0.6455 0.2991
vn -0.6890 0.6597 0.3003
vn -0.6837 0.6718 0.2849
vn -0.7062 0.6586 0.2601
vn -0.3885 -0.8051 -0.4482
vn -0.3700 -0.8142 -0.4475
vn -0.3760 -0.8231 -0.4255
vn -0.4020 -0.8069 -0.4328
vn -0.7445 -0.0544 0.6654
vn -0.7281 -0.0976 0.6784
vn -0.7100 -0.0676 0.7009
vn -0.7191 -0.0484 0.6933
vn -0.1520 -0.9776 -0.1455
vn -0.0843 -0.9838 -0.1583
vn -0.1261 -0.9894 -0.0718
vn -0.0716 -0.9491 -0.3066
vn -0.0280 -0.9379 -0.3457
vn 0.0233 -0.9591 -0.2822
vn -0.0932 0.6423 -0.7608
vn -0.0577 0.6251 -0.7784
vn -0.0674 0.6141 -0.7864
vn -0.0880 0.6083 -0.7888
vn -0.3394 -0.6848 -0.6448
vn -0.3114 -0.6875 -0.6561
vn -0.2783 -0.7184 -0.6375
vn -0.3409 -0.7408 -0.5788
vn -0.4543 0.8390 -0.2996
vn -0.4308 0.8549 -0.2890
vn -0.4127 0.8464 -0.3366
vn -0.3138 0.8364 -0.4495
vn -0.2991 0.8378 -0.4568
vn -0.2918 0.8331 -0.4700
vn -0.3175 0.8166 -0.4820
vn -0.0428 -0.8321 -0.5529
vn -0.0253 -0.7876 -0.6157
vn 0.0101 -0.8315 -0.5554
vn -0.0367 -0.8390 -0.5429
vn -0.5874 0.3501 0.7297
vn -0.6023 0.3127 0.7345
vn -0.5735 0.3051 0.7603
vn -0.5606 0.3402 0.7550
vn 0.3096 0.2096 -0.9275
vn 0.3352 0.2087 -0.9188
vn 0.3465 0.1888 -0.9189
vn 0.3146 0.1660 -0.9346
vn -0.9511 -0.3064 -0.0381
vn -0.9309 -0.3648 -0.0159
vn -0.9464 -0.3230 0.0073
vn -0.9439 -0.2675 0.1934
vn -0.9249 -0.3045 0.2277
vn -0.9313 -0.2629 0.2523
vn -0.9421 -0.2422 0.2318
vn -0.5683 0.7697 -0.2908
vn -0.5352 0.7963 -0.2818
vn -0.5287 0.7941 -0.2998
vn -0.5505 0.7734 -0.3144
vn -0.6351 -0.7241 -0.2690
vn -0.6139 -0.7271 -0.3072
vn -0.6106 -0.7438 -0.2719
vn -0.6242 -0.7343 -0.2669
vn -0.9484 -0.1442 -0.2823
vn -0.9425 -0.1304 -0.3076
vn -0.9374 -0.1351 -0.3210
vn -0.9130 -0.1579 -0.3761
vn -0.9418 -0.1301 -0.3100
vn -0.9389 -0.1499 -0.3100
vn -0.9512 -0.1228 -0.2832
vn -0.9455 -0.1201 -0.3027
vn -0.9541 -0.1117 -0.2780
vn -0.9538 -0.1212 -0.2750
vn -0.9443 -0.1442 -0.2958
vn -0.9414 -0.1405 -0.3066
vn -0.9376 -0.1517 -0.3129
vn -0.9349 -0.1428 -0.3248
vn -0.9255 -0.1587 -0.3439
vn -0.9257 -0.1658 -0.3401
vn -0.9264 -0.1718 -0.3350
vn -0.9253 -0.1687 -0.3396
vn -0.9277 -0.1605 -0.3371
vn -0.9281 -0.1692 -0.3317
vn -0.9286 -0.1736 -0.3280
vn -0.9274 -0.1774 -0.3294
vn -0.9294 -0.1815 -0.3212
vn -0.9346 -0.1739 -0.3104
vn -0.9310 -0.1939 -0.3092
vn -0.9331 -0.1964 -0.3012
vn -0.9346 -0.1969 -0.2962
vn -0.9345 -0.1785 -0.3079
vn -0.9336 -0.1762 -0.3118
vn -0.9376 -0.1742 -0.3008
vn -0.9422 -0.1678 -0.2901
vn -0.9422 -0.1689 -0.2893
vn -0.9445 -0.1692 -0.2815
vn -0.9440 -0.1657 -0.2854
vn -0.9426 -0.1638 -0.2910
vn -0.9443 -0.1628 -0.2860
vn -0.9473 -0.1506 -0.2827
vn -0.0125 -0.0420 0.9990
vn -0.0187 0.5470 0.8370
vn -0.4477 -0.4591 0.7673
vn 0.4596 0.7934 -0.3991
vn -0.0673 -0.3536 -0.9330
vn -0.8057 0.3057 -0.5073
vn -0.0457 0.1426 -0.9887
vn -0.0833 0.1033 -0.9911
vn -0.0486 -0.6221 -0.7815
vn -0.7519 0.2874 -0.5934
vn -0.1214 -0.0113 -0.9925
vn -0.0923 -0.0292 -0.9953
vn -0.0777 -0.7391 -0.6691
vn -0.6373 -0.4801 -0.6027
vn 0.0631 -0.5290 -0.8463
vn 0.0415 -0.9593 -0.2792
vn -0.5151 -0.7363 -0.4388
vn 0.0553 -0.5112 -0.8577
vn -0.1526 -0.1860 -0.9706
vn 0.5260 -0.5165 -0.6757
vn -0.1010 -0.8539 -0.5105
vn -0.7590 -0.4252 -0.4931
vn -0.1528 -0.1734 -0.9729
vn -0.0266 -0.0663 -0.9974
vn -0.0208 -0.7396 -0.6728
vn -0.6638 -0.3698 -0.6501
vn -0.0368 -0.0242 -0.9990
vn -0.0925 -0.8077 -0.5823
vn -0.0583 -0.8359 -0.5457
vn -0.0753 -0.9888 0.1285
vn -0.7865 -0.5868 -0.1924
vn -0.1389 -0.0223 0.9901
vn -0.1387 0.0061 0.9903
vn -0.1077 0.7061 0.6999
vn -0.8292 0.0919 0.5514
vn -0.2608 -0.3637 -0.8943
vn -0.1745 -0.9327 -0.3157
vn -0.8102 0.1555 -0.5652
vn -0.0241 -0.7394 -0.6729
vn -0.0204 -0.9986 0.0495
vn -0.6704 -0.3894 -0.6316
vn -0.0256 -0.7207 -0.6927
vn -0.1190 -0.2889 -0.9499
vn -0.0881 -0.8669 -0.4907
vn -0.7575 -0.2194 -0.6149
vn -0.0206 0.1100 -0.9937
vn -0.0131 0.0468 -0.9988
vn -0.0071 -0.6648 -0.7470
vn -0.5756 -0.3967 -0.7151
vn -0.1883 -0.0777 0.9790
vn -0.1761 -0.0500 0.9831
vn -0.1447 0.6862 0.7129
vn -0.8364 -0.0440 0.5464
vn -0.0821 -0.1583 0.9840
vn -0.0622 0.6422 0.7640
vn -0.5690 0.1757 0.8034
vn -0.2079 -0.1988 0.9577
vn -0.1902 -0.1900 0.9632
vn -0.1226 0.6523 0.7479
vn -0.2753 0.6187 0.7358
vn -0.1204 0.1990 0.9726
vn -0.1518 0.1967 0.9687
vn -0.1321 0.1743 0.9758
vn 0.1939 0.3486 -0.9170
vn 0.2175 0.3498 -0.9112
vn 0.2268 0.3309 -0.9160
vn 0.2032 0.3289 -0.9222
vn -0.8147 0.2765 0.5097
vn -0.8221 0.2611 0.5060
vn -0.8104 0.2639 0.5232
vn -0.6985 0.3745 0.6098
vn -0.7067 0.3751 0.5999
vn -0.7069 0.3674 0.6044
vn -0.7000 0.3696 0.6111
vn -0.5977 0.1721 0.7830
vn -0.6010 0.1849 0.7775
vn -0.6103 0.1664 0.7745
vn -0.6026 0.1688 0.7800
vn -0.2815 -0.1786 -0.9428
vn -0.2257 -0.2040 -0.9526
vn -0.2857 -0.1932 -0.9386
vn -0.5326 0.3747 -0.7590
vn -0.4786 0.3942 -0.7846
vn -0.5141 0.3630 -0.7771
vn -0.5306 0.3498 -0.7721
vn -0.7919 0.3669 -0.4881
vn -0.7736 0.3304 -0.5408
vn -0.7845 0.3228 -0.5294
vn -0.8173 0.2957 -0.4946
vn -0.8397 0.3025 0.4509
vn -0.8478 0.2968 0.4394
vn -0.8503 0.2840 0.4431
vn -0.8426 0.2885 0.4547
vn -0.8802 0.2295 0.4154
vn -0.8995 0.1919 0.3924
vn -0.8791 0.2192 0.4232
vn -0.4704 0.1348 0.8721
vn -0.4554 0.1208 0.8821
vn -0.4488 0.1227 0.8852
vn -0.4443 0.1408 0.8847
vn -0.7563 0.2456 0.6063
vn -0.7554 0.1943 0.6258
vn -0.7391 0.2005 0.6431
vn -0.7252 0.2411 0.6450
vn -0.9706 0.0285 -0.2390
vn -0.9610 0.0515 -0.2718
vn -0.9634 0.0021 -0.2682
vn -0.9695 0.0155 -0.2446
vn -0.9618 0.2595 0.0871
vn -0.9767 0.1962 0.0869
vn -0.9700 0.2086 0.1247
vn -0.6183 0.0772 0.7822
vn -0.6306 0.0676 0.7732
vn -0.6166 0.0646 0.7846
vn -0.7960 0.1462 0.5873
vn -0.7974 0.1369 0.5876
vn -0.7941 0.1254 0.5948
vn -0.7859 0.1384 0.6027
vn -0.9427 0.2931 0.1594
vn -0.9456 0.2863 0.1548
vn -0.9462 0.2749 0.1706
vn -0.9396 0.2914 0.1793
vn -0.1965 0.3439 -0.9182
vn -0.2070 0.3245 -0.9230
vn -0.2230 0.3374 -0.9146
vn -0.2165 0.3492 -0.9117
vn 0.8029 0.2802 0.5262
vn 0.8014 0.2680 0.5347
vn 0.8118 0.2660 0.5199
vn 0.6570 0.4004 0.6388
vn 0.6552 0.3946 0.6442
vn 0.6672 0.3913 0.6339
vn 0.6636 0.4037 0.6298
vn 0.5768 0.1772 0.7974
vn 0.5803 0.1658 0.7973
vn 0.5877 0.1698 0.7910
vn 0.5828 0.1883 0.7905
vn 0.2863 -0.1755 -0.9419
vn 0.2874 -0.1897 -0.9388
vn 0.2737 -0.1876 -0.9433
vn 0.5277 0.3830 -0.7582
vn 0.5244 0.3686 -0.7675
vn 0.4874 0.3441 -0.8025
vn 0.4822 0.4114 -0.7735
vn 0.7951 0.3692 -0.4812
vn 0.7893 0.3342 -0.5150
vn 0.7834 0.3186 -0.5337
vn 0.7697 0.3428 -0.5386
vn 0.8418 0.3121 0.4405
vn 0.8461 0.2978 0.4421
vn 0.8478 0.2997 0.4375
vn 0.8512 0.3054 0.4269
vn 0.9174 0.1447 0.3707
vn 0.9118 0.1371 0.3871
vn 0.9185 0.1331 0.3723
vn 0.4404 0.1181 0.8900
vn 0.4153 0.1293 0.9004
vn 0.4146 0.1100 0.9033
vn 0.4218 0.0988 0.9013
vn 0.7520 0.2554 0.6077
vn 0.7227 0.2571 0.6416
vn 0.7429 0.2051 0.6372
vn 0.7579 0.2154 0.6158
vn 0.9705 0.0409 -0.2375
vn 0.9729 0.0147 -0.2307
vn 0.9653 0.0064 -0.2610
vn 0.9604 0.0624 -0.2716
vn 0.9586 0.2711 0.0867
vn 0.9659 0.2267 0.1250
vn 0.9739 0.2132 0.0782
vn 0.6078 0.0737 0.7907
vn 0.6091 0.0646 0.7905
vn 0.6195 0.0656 0.7823
vn 0.7926 0.1547 0.5897
vn 0.7853 0.1426 0.6025
vn 0.7980 0.1426 0.5855
vn 0.9504 0.2785 0.1385
vn 0.9485 0.2742 0.1588
vn 0.9514 0.2702 0.1475
vn 0.9520 0.2727 0.1391
vn 0.0002 1.0000 0.0062
vn -0.0336 0.9984 0.0459
vn -0.0061 0.9998 0.0174
vn -0.0060 0.9998 0.0174
vn 0.0007 0.9999 0.0169
vn -0.0063 1.0000 0.0065
vn -0.0033 1.0000 0.0067
vn -0.0024 1.0000 0.0066
vn 0.0064 1.0000 0.0037
vn -0.0055 1.0000 0.0066
vn 0.0162 0.9997 0.0198
vn 0.0201 0.9997 0.0154
vn 0.0248 0.9997 0.0057
vn 0.0116 0.9994 -0.0320
vn -0.0041 0.9993 -0.0360
vn -0.0072 0.9993 -0.0359
vn 0.0045 1.0000 -0.0059
vn 0.0012 1.0000 -0.0020
vn 0.0011 1.0000 -0.0030
vn 0.0066 1.0000 -0.0049
vn 0.0069 1.0000 -0.0031
vn 0.0069 1.0000 -0.0014
vn 0.0030 1.0000 -0.0076
vn 0.0035 1.0000 -0.0067
vn 0.0071 0.9999 -0.0142
vn 0.0086 0.9999 -0.0125
vn 0.0025 1.0000 -0.0018
vn 0.0031 1.0000 0.0018
vn 0.0041 1.0000 -0.0012
vn 0.0042 1.0000 -0.0016
vn 0.0074 1.0000 -0.0059
vn 0.0075 1.0000 -0.0052
vn 0.0232 0.9991 -0.0348
vn 0.0190 0.9991 -0.0379
vn 0.0057 1.0000 -0.0077
vn 0.0049 0.9999 -0.0089
vn 0.0039 0.9999 -0.0120
vn 0.0029 0.9999 -0.0128
vn 0.0022 0.9999 -0.0132
vn 0.0031 1.0000 -0.0039
vn -0.0005 1.0000 -0.0080
vn 0.6949 0.7063 -0.1349
vn -0.0043 0.9999 -0.0092
vn -0.0011 1.0000 -0.0092
vn -0.0095 0.9999 -0.0139
vn -0.0103 0.9999 -0.0134
vn -0.0113 0.9999 -0.0129
vn -0.0102 0.9999 -0.0119
vn -0.0114 0.9999 -0.0110
vn -0.0453 0.9989 -0.0135
vn -0.0464 0.9989 -0.0083
vn -0.0138 0.9999 -0.0097
vn -0.0131 0.9999 -0.0106
vn -0.0056 0.9999 -0.0106
vn -0.0087 0.9999 -0.0095
vn -0.0098 0.9999 -0.0086
vn -0.0104 0.9999 -0.0050
vn -0.0201 0.9998 0.0022
vn -0.0205 0.9998 -0.0001
vn -0.0131 0.9999 -0.0032
vn -0.0131 0.9999 -0.0028
vn -0.0073 0.9999 -0.0130
vn -0.0050 0.9999 -0.0134
vn -0.0042 0.9999 -0.0135
vn -0.0051 1.0000 -0.0076
vn -0.0121 0.9998 -0.0138
vn -0.0378 0.9993 -0.0004
vn -0.0366 0.9993 0.0072
vn -0.0341 0.9994 -0.0058
vn -0.0334 0.9994 0.0050
vn -0.0321 0.9994 0.0091
vn -0.0117 0.9999 -0.0073
vn -0.0133 0.9999 0.0060
vn -0.0131 0.9999 -0.0039
vn -0.0131 0.9999 -0.0041
vn -0.0133 0.9999 -0.0014
vn -0.0129 0.9999 0.0003
vn -0.0099 0.9998 0.0167
vn -0.0031 0.9998 0.0175
vn -0.0033 0.9998 0.0175
vn -0.0311 0.9984 0.0473
vn -0.0412 0.9983 0.0403
vn -0.0060 1.0000 0.0054
vn -0.7598 0.6092 0.2272
vn -0.0025 1.0000 0.0054
vn 0.1580 -0.9339 0.3207
vn 0.8725 -0.1686 0.4586
vn 0.2587 -0.2523 0.9324
vn 0.2337 -0.2537 0.9386
vn 0.2459 -0.2812 0.9276
vn -0.9208 -0.3666 -0.1329
vn -0.9219 -0.3513 -0.1631
vn -0.9198 -0.3507 -0.1760
vn -0.9124 -0.3722 -0.1704
vn -0.8239 0.0006 -0.5667
vn -0.8409 0.0044 -0.5411
vn -0.8405 0.0133 -0.5417
vn -0.8305 0.0345 -0.5559
vn -0.1136 0.4659 -0.8775
vn -0.0848 -0.2405 -0.9669
vn -0.6111 -0.1731 -0.7724
vn -0.1196 0.4731 -0.8729
vn -0.1141 0.4755 -0.8723
vn -0.8952 0.0723 -0.4398
vn -0.8909 0.0809 -0.4470
vn -0.8828 0.1045 -0.4581
vn -0.8781 0.0592 -0.4747
vn -0.8063 -0.2361 0.5424
vn -0.7944 -0.2300 0.5622
vn -0.8037 -0.2155 0.5547
vn -0.8120 -0.2152 0.5426
vn -0.7006 0.4269 0.5718
vn -0.2437 -0.2880 0.9261
vn -0.2299 -0.2731 0.9341
vn 0.5361 -0.1636 0.8281
vn -0.1501 0.5946 0.7899
vn -0.6068 0.1548 -0.7797
vn -0.6179 0.1628 -0.7692
vn -0.6076 0.1703 -0.7758
vn -0.6034 0.1664 -0.7799
vn -0.6799 0.3260 -0.6568
vn -0.6851 0.3447 -0.6418
vn -0.6641 0.3387 -0.6666
vn -0.5948 0.3277 -0.7341
vn -0.6008 0.3536 -0.7170
vn -0.5848 0.3457 -0.7338
vn 0.0197 0.2620 -0.9649
vn 0.0224 0.2714 -0.9622
vn 0.0369 0.2813 -0.9589
vn 0.0445 0.2549 -0.9659
vn -0.0194 0.1391 0.9901
vn 0.0327 0.1175 0.9925
vn 0.0092 0.1654 0.9862
vn -0.0138 0.1668 0.9859
vn -0.7868 -0.2355 0.5705
vn -0.7733 -0.2345 0.5891
vn -0.7774 -0.2190 0.5897
vn -0.7842 -0.2154 0.5819
vn -0.9227 0.0344 -0.3839
vn -0.9337 0.0121 -0.3577
vn -0.9285 0.0388 -0.3693
vn -0.9249 0.0467 -0.3772
vn -0.9078 -0.3045 0.2883
vn -0.9148 -0.2899 0.2811
vn -0.9182 -0.2895 0.2704
vn -0.9142 -0.3040 0.2680
vn -0.2110 0.1738 -0.9619
vn -0.1918 0.1781 -0.9651
vn -0.1879 0.1820 -0.9652
vn -0.1884 0.1740 -0.9665
vn -0.2268 0.2020 -0.9528
vn -0.2283 0.2250 -0.9472
vn -0.2029 0.2284 -0.9522
vn -0.5388 -0.3118 0.7826
vn -0.5419 -0.2947 0.7871
vn -0.5500 -0.3027 0.7784
vn -0.5223 -0.2614 0.8117
vn -0.4925 -0.2358 0.8378
vn -0.4996 -0.2168 0.8387
vn -0.5309 -0.2085 0.8214
vn -0.5053 0.0275 -0.8625
vn -0.5046 0.0329 -0.8627
vn -0.5008 0.0443 -0.8644
vn -0.4947 0.0374 -0.8682
vn -0.4380 0.3976 -0.8063
vn -0.4443 0.4051 -0.7991
vn -0.4350 0.4129 -0.8002
vn -0.8731 -0.1744 0.4553
vn -0.8732 -0.1536 0.4626
vn -0.8839 -0.1465 0.4442
vn -0.8844 -0.1595 0.4387
vn -0.9287 -0.0212 0.3702
vn -0.9200 -0.0060 0.3919
vn -0.9290 0.0030 0.3700
vn 0.9285 -0.3474 -0.1311
vn 0.9174 -0.3592 -0.1713
vn 0.9246 -0.3418 -0.1682
vn 0.9317 -0.3200 -0.1721
vn 0.8242 0.0140 -0.5661
vn 0.8380 0.0246 -0.5451
vn 0.8407 0.0269 -0.5409
vn 0.8425 0.0167 -0.5384
vn 0.1122 0.4652 -0.8781
vn 0.1126 0.4739 -0.8734
vn -0.4610 0.7946 -0.3951
vn 0.0723 0.9705 -0.2301
vn 0.7490 0.3557 -0.5590
vn 0.8948 0.0816 -0.4390
vn 0.8830 0.0605 -0.4655
vn 0.8866 0.0911 -0.4535
vn 0.8915 0.0966 -0.4425
vn 0.8098 -0.2241 0.5422
vn 0.8082 -0.2054 0.5520
vn 0.8048 -0.2001 0.5588
vn 0.7965 -0.2153 0.5650
vn 0.6060 0.1624 -0.7787
vn 0.6023 0.1757 -0.7787
vn 0.6115 0.1795 -0.7706
vn 0.6172 0.1677 -0.7687
vn 0.6755 0.3336 -0.6576
vn 0.6633 0.3474 -0.6628
vn 0.6750 0.3509 -0.6490
vn 0.5908 0.3354 -0.7338
vn 0.5725 0.3555 -0.7388
vn 0.5980 0.3515 -0.7203
vn -0.0212 0.2627 -0.9646
vn -0.0421 0.2496 -0.9674
vn -0.0357 0.2691 -0.9624
vn -0.0298 0.2719 -0.9619
vn 0.0493 0.1042 0.9933
vn 0.0432 0.1351 0.9899
vn 0.0262 0.1641 0.9861
vn -0.0007 0.0950 0.9955
vn 0.7879 -0.2276 0.5722
vn 0.7874 -0.2086 0.5801
vn 0.7804 -0.2109 0.5886
vn 0.7752 -0.2243 0.5905
vn 0.9227 0.0478 -0.3825
vn 0.9270 0.0517 -0.3714
vn 0.9347 0.0641 -0.3496
vn 0.9328 0.0218 -0.3597
vn 0.9110 -0.2953 0.2879
vn 0.9173 -0.2929 0.2698
vn 0.9208 -0.2786 0.2729
vn 0.9170 -0.2750 0.2888
vn 0.2105 0.1810 -0.9607
vn 0.1871 0.1769 -0.9663
vn 0.1910 0.1806 -0.9648
vn 0.1908 0.2002 -0.9610
vn 0.2302 0.2066 -0.9510
vn 0.2200 0.2238 -0.9495
vn 0.2321 0.2383 -0.9431
vn 0.5391 -0.3030 0.7858
vn 0.5568 -0.2887 0.7789
vn 0.5381 -0.2911 0.7910
vn 0.4957 -0.2630 0.8277
vn 0.5102 -0.2127 0.8334
vn 0.4937 -0.2155 0.8425
vn 0.4898 -0.2253 0.8422
vn 0.5054 0.0338 -0.8622
vn 0.4966 0.0460 -0.8668
vn 0.5054 0.0392 -0.8620
vn 0.5096 0.0417 -0.8594
vn 0.4323 0.4051 -0.8056
vn 0.4348 0.4291 -0.7917
vn 0.4509 0.4110 -0.7923
vn 0.8768 -0.1628 0.4525
vn 0.8850 -0.1352 0.4456
vn 0.8777 -0.1392 0.4585
vn 0.8708 -0.1433 0.4703
vn 0.9288 -0.0078 0.3705
vn 0.9248 0.0096 0.3802
vn 0.9153 0.0055 0.4027
vn -0.7696 -0.6050 -0.2041
vn -0.7198 -0.6842 -0.1175
vn 0.0029 -0.9999 -0.0098
vn 0.0160 -0.9998 -0.0107
vn 0.0160 -0.9998 -0.0108
vn 0.0148 -0.9998 -0.0115
vn 0.0195 -0.9998 -0.0076
vn 0.0178 -0.9998 0.0042
vn 0.0169 -0.9998 0.0082
vn 0.0414 -0.9990 -0.0144
vn 0.0126 -0.9999 -0.0023
vn 0.0155 -0.9999 0.0038
vn 0.0155 -0.9999 0.0029
vn 0.0153 -0.9999 0.0021
vn 0.0126 -0.9999 -0.0089
vn 0.0162 -0.9999 -0.0050
vn 0.0168 -0.9998 -0.0042
vn 0.0152 -0.9999 0.0019
vn 0.0153 -0.9999 0.0047
vn 0.0151 -0.9999 0.0059
vn 0.0201 -0.9998 -0.0082
vn 0.0132 -0.9999 0.0045
vn 0.0131 -0.9999 0.0052
vn 0.0104 -0.9999 0.0062
vn 0.0101 -0.9999 0.0066
vn 0.0106 -0.9999 0.0057
vn 0.0103 -0.9999 0.0062
vn 0.0101 -0.9999 0.0064
vn 0.0096 -0.9999 0.0119
vn 0.0091 -0.9999 0.0120
vn 0.0287 -0.9996 0.0078
vn 0.0021 -0.9997 0.0238
vn 0.0063 -1.0000 0.0038
vn 0.0100 -0.9999 0.0114
vn 0.0052 -1.0000 0.0070
vn 0.7373 -0.6694 0.0909
vn 0.0044 -1.0000 0.0066
vn 0.0093 -0.9999 0.0117
vn 0.0084 -0.9999 0.0119
vn -0.0138 -0.9999 0.0073
vn 0.0043 -0.9996 0.0264
vn -0.0016 -1.0000 0.0075
vn -0.0015 -1.0000 0.0077
vn 0.0037 -1.0000 0.0077
vn 0.0033 -1.0000 0.0074
vn 0.0030 -1.0000 0.0071
vn 0.0020 -1.0000 0.0055
vn 0.0018 -1.0000 0.0050
vn 0.0009 -1.0000 0.0082
vn 0.0003 -1.0000 0.0073
vn -0.0070 -0.9998 0.0164
vn -0.0026 -1.0000 0.0022
vn -0.0026 -1.0000 0.0018
vn -0.0014 -1.0000 -0.0010
vn -0.0055 -1.0000 -0.0022
vn -0.0051 -1.0000 -0.0029
vn -0.0077 -1.0000 0.0019
vn 0.0017 -1.0000 -0.0041
vn 0.0012 -1.0000 -0.0038
vn 0.0004 -1.0000 -0.0032
vn -0.0025 -1.0000 0.0036
vn -0.0257 -0.9995 -0.0194
vn 0.0058 -1.0000 -0.0077
vn 0.0047 -1.0000 -0.0076
vn 0.0014 -0.9999 -0.0130
vn 0.0056 -0.9999 -0.0137
vn 0.0084 -0.9999 -0.0136
vn 0.0058 -0.9999 -0.0137
vn 0.0064 -0.9999 -0.0137
vn -0.0028 -1.0000 -0.0068
vn -0.7113 -0.6831 0.1658
usemtl sungaya_inexpectata_31mg
s off
f 41/1/1 48/2/2 103/3/3
f 457/4/4 458/5/5 75/6/6 55/7/7
f 11/8/8 6/9/9 123/10/10
f 452/11/11 48/2/12 473/12/13
f 18/13/14 71/14/15 57/15/16
f 115/16/17 45/17/18 37/18/19
f 39/19/20 41/1/21 40/20/22
f 56/21/23 39/19/24 16/22/25
f 13/23/26 119/24/27 6/9/28
f 461/25/29 47/26/30 456/27/31
f 95/28/32 37/18/33 45/17/34
f 52/29/35 62/30/36 61/31/37
f 5/32/38 53/33/39 73/34/40
f 106/35/41 92/36/42 65/37/43
f 477/38/44 18/39/45 474/40/46
f 74/41/47 22/42/48 88/43/49
f 388/44/50 366/45/51 36/46/52
f 83/47/53 82/48/54 63/49/55
f 35/50/56 63/49/57 82/48/58
f 365/51/59 92/36/60 371/52/61
f 32/53/62 94/54/63 37/18/64
f 50/55/65 98/56/66 49/57/67
f 54/58/68 56/21/69 101/59/70
f 27/60/71 91/61/72 3/62/73
f 143/63/74 154/64/75 104/65/76
f 6/9/77 73/34/78 13/23/79
f 101/59/80 96/66/81 3/67/82
f 368/68/83 388/44/84 36/46/85
f 110/69/86 116/70/87 97/71/88
f 17/72/89 48/2/90 41/1/91
f 379/73/92 372/74/93 68/75/94 12/76/95
f 16/22/96 101/59/97 56/21/98
f 164/77/99 88/78/100 141/79/101
f 73/34/102 87/80/103 7/81/104
f 7/81/105 13/23/106 73/34/107
f 37/18/108 95/28/109 15/82/110
f 94/83/111 115/84/112 37/85/113
f 13/23/114 107/86/115 119/24/116
f 64/87/117 4/88/118 74/89/119
f 105/90/120 112/91/121 118/92/122
f 364/93/123 20/94/124 10/95/125
f 480/96/126 482/97/127 100/98/128
f 100/99/129 46/100/130 29/101/131
f 73/34/132 6/9/133 5/32/134
f 96/102/135 27/103/136 3/104/137
f 45/105/138 82/106/139 71/107/140
f 343/108/141 346/109/142 59/110/143
f 67/111/144 72/112/145 12/76/146
f 354/113/147 356/114/148 90/115/149
f 54/116/150 101/117/151 3/118/152
f 54/119/153 3/120/154 52/121/155
f 100/122/156 28/123/157 103/124/158
f 117/125/159 120/126/160 7/127/161
f 396/128/162 377/129/163 120/130/164 117/131/165
f 453/132/166 455/133/167 23/134/168
f 48/2/169 17/72/170 23/134/171
f 5/32/172 11/8/173 49/57/174
f 30/135/175 80/136/176 89/137/177
f 110/69/178 14/138/179 43/139/180
f 157/140/181 150/141/182 81/142/183
f 109/143/184 128/144/185 76/145/186
f 8/146/187 84/147/188 121/148/189
f 7/81/190 87/80/191 117/131/192
f 391/149/193 1/150/194 395/151/195
f 30/152/196 89/153/197 10/154/198
f 147/155/199 140/156/200 69/157/201
f 93/158/202 38/159/203 108/160/204
f 382/161/205 376/162/206 36/46/207 78/163/208
f 113/164/209 25/165/210 124/166/211
f 1/167/212 62/168/213 52/169/214
f 45/17/215 58/170/216 95/28/217
f 73/171/218 26/172/219 87/173/220
f 453/132/221 23/134/222 472/174/223
f 146/175/224 109/143/225 135/176/226
f 29/177/227 113/178/228 28/179/229
f 17/72/230 54/58/231 116/70/232
f 17/72/233 56/21/234 54/58/235
f 50/55/236 47/180/237 98/56/238
f 467/181/239 456/182/240 47/180/241
f 468/183/242 467/181/243 47/180/244 50/55/245
f 368/68/246 36/46/247 376/162/248
f 106/35/249 65/37/250 13/23/251
f 61/31/252 97/184/253 52/29/254
f 344/185/255 79/186/256 168/187/257
f 394/188/258 379/189/259 12/190/260 72/191/261
f 98/56/262 47/180/263 2/192/264
f 112/193/265 68/194/266 96/195/267
f 68/194/268 27/196/269 96/197/270
f 83/198/271 71/107/272 82/106/273
f 72/199/274 19/200/275 20/201/276
f 340/202/277 351/203/278 107/204/279 65/205/280
f 149/206/281 114/207/282 142/208/283
f 42/209/284 116/70/285 110/69/286
f 42/209/287 110/69/288 43/139/289
f 52/29/290 116/70/291 54/58/292
f 32/210/293 77/211/294 93/212/295
f 93/213/296 77/214/297 24/215/298
f 82/216/299 115/16/300 35/217/301
f 475/218/302 24/219/303 463/220/304
f 353/221/305 345/222/306 119/223/307
f 49/57/308 26/224/309 53/33/310
f 75/225/311 111/226/312 11/227/313
f 55/228/314 75/225/315 11/227/316
f 476/229/317 465/230/318 95/28/319 58/170/320
f 11/8/321 123/10/322 55/231/323
f 99/232/324 113/233/325 40/234/326
f 40/235/327 113/236/328 124/237/329
f 385/238/330 390/239/331 4/240/332
f 384/241/333 393/242/334 34/243/335 120/130/336
f 89/137/337 114/207/338 10/244/339
f 146/175/340 156/245/341 128/144/342 109/143/343
f 479/246/344 480/247/345 100/99/346
f 341/248/347 108/249/348 339/250/349
f 87/80/350 33/251/351 117/131/352
f 14/252/353 2/253/354 43/254/355
f 14/138/356 49/57/357 2/192/358
f 148/255/359 69/256/360 165/257/361
f 147/258/362 69/256/363 148/255/364
f 126/259/365 63/49/366 35/50/367
f 25/260/368 113/261/369 57/262/370
f 8/146/371 122/263/372 84/147/373
f 102/264/374 124/166/375 125/265/376
f 114/207/377 89/137/378 125/265/379
f 80/136/380 125/265/381 89/137/382
f 55/231/383 123/10/384 70/266/385
f 361/267/386 1/268/387 391/269/388
f 10/270/389 19/271/390 30/272/391
f 16/22/392 118/273/393 96/66/394
f 76/274/395 64/275/396 31/276/397
f 34/243/398 106/35/399 7/81/400
f 3/277/401 91/278/402 52/121/403
f 53/33/404 5/32/405 49/57/406
f 38/279/407 93/280/408 24/281/409
f 389/282/410 27/283/411 386/284/412
f 83/285/413 63/286/414 69/256/415
f 62/287/416 33/251/417 61/31/418
f 122/288/419 51/289/420 76/145/421
f 100/290/422 29/291/423 28/123/424
f 56/21/425 41/1/426 39/19/427
f 53/292/428 26/293/429 73/294/430
f 84/295/431 122/296/432 9/297/433
f 9/298/434 122/299/435 86/300/436
f 360/301/437 60/302/438 342/303/439
f 51/304/440 59/305/441 64/306/442
f 23/307/443 43/139/444 2/192/445
f 64/87/446 74/89/447 31/308/448
f 70/309/449 123/310/450 119/311/451
f 119/24/452 90/312/453 70/266/454
f 107/313/455 13/314/456 65/315/457
f 84/316/458 115/16/459 94/54/460
f 85/317/461 81/318/462 86/319/463
f 9/297/464 81/320/465 115/84/466
f 86/321/467 81/320/468 9/297/469
f 115/16/470 81/318/471 35/217/472
f 465/230/473 466/322/474 95/28/475
f 384/241/476 120/130/477 377/323/478
f 400/324/479 385/325/480 4/326/481 59/110/482
f 21/327/483 104/328/484 22/42/485
f 22/42/486 104/328/487 88/43/488
f 366/45/489 369/329/490 44/330/491 36/46/492
f 76/145/493 51/289/494 64/87/495
f 112/193/496 96/331/497 118/332/498
f 112/333/499 105/334/500 80/335/501
f 116/70/502 42/209/503 17/72/504
f 39/336/505 40/337/506 102/338/507
f 16/339/508 39/336/509 102/340/510
f 383/341/511 399/342/512 22/42/513
f 94/54/514 32/53/515 93/343/516
f 97/71/517 61/31/518 66/344/519
f 122/296/520 76/345/521 86/321/522
f 152/346/523 138/347/524 63/286/525 126/348/526
f 29/349/527 18/350/528 57/351/529
f 74/89/530 109/143/531 31/308/532
f 74/89/533 88/352/534 109/143/535
f 84/353/536 94/354/537 121/355/538
f 108/356/539 121/357/540 93/358/541
f 121/359/542 94/360/543 93/361/544
f 71/362/545 83/47/546 69/363/547
f 115/16/548 84/316/549 9/298/550
f 164/364/551 137/365/552 88/366/553
f 149/206/554 158/367/555 114/207/556
f 41/1/557 56/21/558 17/72/559
f 51/289/560 79/368/561 59/369/562
f 97/184/563 116/70/564 52/29/565
f 60/370/566 121/371/567 108/372/568
f 67/111/569 30/373/570 72/112/571
f 72/374/572 30/375/573 19/376/574
f 8/377/575 51/378/576 122/379/577
f 349/380/578 8/381/579 167/382/580
f 37/18/581 77/383/582 32/53/583
f 23/134/584 17/72/585 42/209/586
f 14/138/587 26/224/588 49/57/589
f 59/384/590 4/385/591 64/386/592
f 168/387/593 79/388/594 358/389/595
f 118/390/596 16/391/597 102/392/598
f 102/393/599 105/394/600 118/395/601
f 393/396/602 380/397/603 34/398/604
f 45/105/605 71/107/606 58/399/607
f 370/400/608 386/401/609 27/402/610 68/403/611
f 372/404/612 370/400/613 68/403/614
f 91/405/615 1/167/616 52/406/617
f 76/345/618 85/407/619 86/321/620
f 18/408/621 58/409/622 71/410/623
f 454/411/624 46/412/625 471/413/626
f 2/192/627 49/57/628 98/56/629
f 29/177/630 57/414/631 113/178/632
f 169/415/633 353/221/634 119/223/635 107/204/636
f 169/415/637 107/204/638 351/203/639
f 145/416/640 129/417/641 151/418/642
f 160/419/643 159/420/644 85/421/645
f 76/145/646 128/144/647 85/422/648
f 375/423/649 92/424/650 365/425/651
f 21/426/652 78/427/653 104/65/654
f 103/428/655 28/429/656 99/430/657
f 28/431/658 113/432/659 99/433/660
f 67/434/661 68/435/662 112/436/663
f 162/437/664 131/438/665 44/330/666
f 46/439/667 18/440/668 29/441/669
f 41/1/670 99/442/671 40/20/672
f 101/443/673 16/444/674 96/445/675
f 31/308/676 109/143/677 76/145/678
f 121/446/679 60/447/680 8/448/681
f 125/449/682 80/450/683 102/451/684
f 80/450/685 105/452/686 102/451/687
f 112/453/688 80/136/689 30/135/690
f 30/272/691 67/434/692 112/436/693
f 10/454/694 20/455/695 19/376/696
f 5/32/697 6/9/698 11/8/699
f 123/10/700 6/9/701 119/24/702
f 120/126/703 34/456/704 7/127/705
f 41/1/706 103/3/707 99/442/708
f 115/16/709 82/216/710 45/17/711
f 397/457/712 383/341/713 22/42/714 74/41/715
f 126/259/716 35/50/717 81/142/718
f 166/458/719 130/459/720 57/460/721
f 61/461/722 87/462/723 66/463/724
f 87/464/725 61/465/726 33/466/727
f 12/467/728 68/435/729 67/434/730
f 137/468/731 134/469/732 88/470/733
f 7/81/734 106/35/735 13/23/736
f 27/471/737 1/472/738 91/473/739
f 389/474/740 395/475/741 1/476/742 27/477/743
f 345/222/744 354/478/745 90/479/746 119/223/747
f 66/344/748 87/80/749 26/224/750
f 26/224/751 14/138/752 66/344/753
f 459/480/754 457/481/755 55/482/756 127/483/757
f 459/484/758 127/485/759 481/486/760
f 49/57/761 11/8/762 111/487/763
f 49/57/764 111/487/765 50/55/766
f 43/139/767 23/134/768 42/209/769
f 70/266/770 127/485/771 55/231/772
f 14/138/773 97/71/774 66/344/775
f 14/138/776 110/69/777 97/71/778
f 40/488/779 124/489/780 102/490/781
f 81/142/782 85/491/783 159/492/784 157/140/785
f 128/493/786 156/494/787 160/495/788 85/496/789
f 36/46/790 155/497/791 161/498/792 78/163/793
f 10/244/794 114/207/795 158/367/796 153/499/797
f 129/500/798 10/454/799 153/501/800 151/502/801
f 44/503/802 129/504/803 145/505/804 162/506/805
f 57/460/806 71/507/807 144/508/808 166/458/809
f 125/265/810 163/509/811 142/208/812 114/207/813
f 126/510/814 150/511/815 152/512/816
f 81/513/817 150/514/818 126/510/819
f 88/78/820 104/515/821 154/516/822 141/79/823
f 71/107/824 69/256/825 140/517/826 144/518/827
f 78/427/828 161/519/829 139/520/830
f 104/65/831 78/427/832 139/520/833 143/63/834
f 63/286/835 138/347/836 165/257/837 69/256/838
f 124/166/839 136/521/840 163/509/841 125/265/842
f 109/522/843 88/523/844 134/524/845 135/525/846
f 25/526/847 133/527/848 132/528/849
f 124/166/850 25/165/851 132/529/852 136/521/853
f 36/46/854 44/330/855 131/530/856 155/497/857
f 57/531/858 130/532/859 133/533/860 25/534/861
f 160/495/862 156/494/863 146/175/864 135/176/865 134/524/866 137/468/867 164/364/868 141/79/869 154/516/870 143/63/871 139/520/872 161/519/873 155/497/874 131/530/875 162/437/876 145/505/877 151/418/878 153/501/879 158/367/880 149/206/881 142/208/882 163/509/883 136/521/884 132/529/885 133/527/886 130/532/887 166/458/888 144/508/889 140/517/890 147/155/891 148/255/892 165/257/893 138/347/894 152/346/895 150/511/896 157/140/897 159/492/898
f 90/535/899 356/536/900 170/537/901
f 527/538/902 524/539/903 355/540/904
f 51/289/905 352/541/906 358/542/907 79/186/908
f 8/543/909 349/544/910 352/541/911 51/289/912
f 38/545/913 24/219/914 347/546/915 348/547/916
f 446/548/917 378/549/918 59/110/919 346/109/920 350/550/921
f 59/110/922 79/551/923 344/552/924 343/108/925
f 108/553/926 341/554/927 342/555/928 60/556/929
f 92/557/930 359/558/931 340/202/932 65/205/933
f 446/548/934 350/550/935 447/559/936
f 108/560/937 38/561/938 348/562/939 339/563/940
f 24/219/941 338/564/942 347/546/943
f 60/565/944 360/566/945 167/567/946 8/568/947
f 375/423/948 445/569/949 359/570/950 92/424/951
f 90/479/952 170/571/953 337/572/954
f 90/573/955 337/574/956 357/575/957 70/266/958
f 481/576/959 127/577/960 526/578/961
f 211/579/962 273/580/963 218/581/964
f 495/582/965 494/583/966 225/584/967 245/585/968
f 181/586/969 293/587/970 176/588/971
f 489/589/972 511/590/973 218/581/974
f 188/591/975 227/592/976 241/593/977
f 285/594/978 207/595/979 215/596/980
f 209/597/981 210/598/982 211/579/983
f 226/599/984 186/600/985 209/597/986
f 183/601/987 176/588/988 289/602/989
f 498/603/990 493/604/991 217/605/992
f 265/606/993 215/596/994 207/595/995
f 222/607/996 231/608/997 232/609/998
f 175/610/999 243/611/1000 223/612/1001
f 276/613/1002 235/614/1003 262/615/1004
f 516/616/1005 512/617/1006 188/618/1007
f 244/619/1008 258/620/1009 192/621/1010
f 432/622/1011 206/623/1012 408/624/1013
f 253/625/1014 233/626/1015 252/627/1016
f 205/628/1017 252/627/1018 233/626/1019
f 406/629/1020 414/630/1021 262/615/1022
f 202/631/1023 207/595/1024 264/632/1025
f 220/633/1026 219/634/1027 268/635/1028
f 224/636/1029 271/637/1030 226/599/1031
f 197/638/1032 173/639/1033 261/640/1034
f 313/641/1035 274/642/1036 324/643/1037
f 176/588/1038 183/601/1039 243/611/1040
f 271/637/1041 173/644/1042 266/645/1043
f 411/646/1044 206/623/1045 432/622/1046
f 280/647/1047 267/648/1048 286/649/1049
f 187/650/1050 211/579/1051 218/581/1052
f 415/651/1053 422/652/1054 182/653/1055 238/654/1056
f 186/600/1057 226/599/1058 271/637/1059
f 334/655/1060 311/656/1061 258/657/1062
f 243/611/1063 177/658/1064 257/659/1065
f 177/658/1066 243/611/1067 183/601/1068
f 207/595/1069 185/660/1070 265/606/1071
f 264/661/1072 207/662/1073 285/663/1074
f 183/601/1075 289/602/1076 277/664/1077
f 234/665/1078 244/666/1079 174/667/1080
f 275/668/1081 288/669/1082 282/670/1083
f 403/671/1084 405/672/1085 180/673/1086 190/674/1087
f 519/675/1088 270/676/1089 521/677/1090
f 270/678/1091 199/679/1092 216/680/1093
f 243/611/1094 175/610/1095 176/588/1096
f 266/681/1097 173/682/1098 197/683/1099
f 215/684/1100 241/685/1101 252/686/1102
f 343/108/1103 229/687/1104 346/109/1105
f 237/688/1106 182/653/1107 242/689/1108
f 354/113/1109 260/690/1110 356/114/1111
f 224/691/1112 173/692/1113 271/693/1114
f 224/694/1115 222/695/1116 173/696/1117
f 270/697/1118 273/698/1119 198/699/1120
f 287/700/1121 177/701/1122 290/702/1123
f 420/703/1124 440/704/1125 287/705/1126 290/706/1127
f 490/707/1128 193/708/1129 492/709/1130
f 218/581/1131 193/708/1132 187/650/1133
f 175/610/1134 219/634/1135 181/586/1136
f 200/710/1137 259/711/1138 250/712/1139
f 280/647/1140 213/713/1141 184/714/1142
f 327/715/1143 251/716/1144 320/717/1145
f 279/718/1146 246/719/1147 298/720/1148
f 178/721/1149 291/722/1150 254/723/1151
f 177/658/1152 287/705/1153 257/659/1154
f 435/724/1155 439/725/1156 171/726/1157
f 200/727/1158 180/728/1159 259/729/1160
f 317/730/1161 239/731/1162 310/732/1163
f 263/733/1164 278/734/1165 208/735/1166
f 419/736/1167 425/737/1168 248/738/1169 206/623/1170
f 283/739/1171 294/740/1172 195/741/1173
f 171/742/1174 222/743/1175 232/744/1176
f 215/596/1177 265/606/1178 228/745/1179
f 243/746/1180 257/747/1181 196/748/1182
f 490/707/1183 510/749/1184 193/708/1185
f 316/750/1186 305/751/1187 279/718/1188
f 199/752/1189 198/753/1190 283/754/1191
f 187/650/1192 286/649/1193 224/636/1194
f 187/650/1195 224/636/1196 226/599/1197
f 220/633/1198 268/635/1199 217/755/1200
f 504/756/1201 217/755/1202 493/757/1203
f 504/756/1204 505/758/1205 220/633/1206 217/755/1207
f 411/646/1208 419/736/1209 206/623/1210
f 276/613/1211 183/601/1212 235/614/1213
f 231/608/1214 222/607/1215 267/759/1216
f 344/185/1217 168/187/1218 249/760/1219
f 422/761/1220 438/762/1221 242/763/1222 182/764/1223
f 268/635/1224 172/765/1225 217/755/1226
f 282/766/1227 266/767/1228 238/768/1229
f 238/768/1230 266/769/1231 197/770/1232
f 253/771/1233 252/686/1234 241/685/1235
f 242/772/1236 190/773/1237 189/774/1238
f 340/202/1239 235/775/1240 277/776/1241 351/203/1242
f 319/777/1243 312/778/1244 284/779/1245
f 212/780/1246 280/647/1247 286/649/1248
f 212/780/1249 213/713/1250 280/647/1251
f 222/607/1252 224/636/1253 286/649/1254
f 202/781/1255 263/782/1256 247/783/1257
f 263/784/1258 194/785/1259 247/786/1260
f 252/787/1261 205/788/1262 285/594/1263
f 513/789/1264 500/790/1265 194/791/1266
f 353/221/1267 289/792/1268 345/222/1269
f 219/634/1270 223/612/1271 196/793/1272
f 245/794/1273 181/795/1274 281/796/1275
f 225/797/1276 181/795/1277 245/794/1278
f 502/798/1279 514/799/1280 228/745/1281 265/606/1282
f 409/800/1283 403/801/1284 190/802/1285
f 181/586/1286 225/803/1287 293/587/1288
f 269/804/1289 210/805/1290 283/806/1291
f 210/807/1292 294/808/1293 283/809/1294
f 428/810/1295 174/811/1296 434/812/1297
f 437/813/1298 427/814/1299 290/706/1300 204/815/1301
f 259/711/1302 180/816/1303 284/779/1304
f 316/750/1305 279/718/1306 298/720/1307 326/817/1308
f 518/818/1309 270/678/1310 519/819/1311
f 341/248/1312 339/250/1313 278/820/1314
f 257/659/1315 287/705/1316 203/821/1317
f 184/822/1318 213/823/1319 172/824/1320
f 184/714/1321 172/765/1322 219/634/1323
f 318/825/1324 335/826/1325 239/827/1326
f 317/828/1327 318/825/1328 239/827/1329
f 296/829/1330 205/628/1331 233/626/1332
f 195/830/1333 227/831/1334 283/832/1335
f 178/721/1336 254/723/1337 292/833/1338
f 272/834/1339 295/835/1340 294/740/1341
f 284/779/1342 295/835/1343 259/711/1344
f 250/712/1345 259/711/1346 295/835/1347
f 225/803/1348 240/836/1349 293/587/1350
f 401/837/1351 435/838/1352 171/839/1353
f 180/840/1354 200/841/1355 189/842/1356
f 186/600/1357 266/645/1358 288/843/1359
f 246/844/1360 201/845/1361 234/846/1362
f 204/815/1363 177/658/1364 276/613/1365
f 173/847/1366 222/695/1367 261/848/1368
f 223/612/1369 219/634/1370 175/610/1371
f 208/849/1372 194/850/1373 263/851/1374
f 433/852/1375 430/853/1376 197/854/1377
f 253/855/1378 239/827/1379 233/856/1380
f 232/857/1381 231/608/1382 203/821/1383
f 292/858/1384 246/719/1385 221/859/1386
f 270/860/1387 198/699/1388 199/861/1389
f 226/599/1390 209/597/1391 211/579/1392
f 223/862/1393 243/863/1394 196/864/1395
f 254/865/1396 179/866/1397 292/867/1398
f 179/868/1399 256/869/1400 292/870/1401
f 360/301/1402 342/303/1403 230/871/1404
f 221/872/1405 234/873/1406 229/874/1407
f 193/875/1408 172/765/1409 213/713/1410
f 234/665/1411 201/876/1412 244/666/1413
f 240/877/1414 289/878/1415 293/879/1416
f 289/602/1417 240/836/1418 260/880/1419
f 277/881/1420 235/882/1421 183/883/1422
f 254/884/1423 264/632/1424 285/594/1425
f 255/885/1426 256/886/1427 251/887/1428
f 179/866/1429 285/663/1430 251/888/1431
f 256/889/1432 179/866/1433 251/888/1434
f 285/594/1435 205/788/1436 251/887/1437
f 502/798/1438 265/606/1439 503/890/1440
f 427/814/1441 420/891/1442 290/706/1443
f 428/892/1444 444/893/1445 229/687/1446 174/894/1447
f 191/895/1448 192/621/1449 274/896/1450
f 192/621/1451 258/620/1452 274/896/1453
f 412/897/1454 408/624/1455 206/623/1456 214/898/1457
f 246/719/1458 234/665/1459 221/859/1460
f 282/766/1461 288/899/1462 266/900/1463
f 282/901/1464 250/902/1465 275/903/1466
f 286/649/1467 187/650/1468 212/780/1469
f 209/904/1470 272/905/1471 210/906/1472
f 186/907/1473 272/908/1474 209/904/1475
f 426/909/1476 192/621/1477 443/910/1478
f 264/632/1479 263/911/1480 202/631/1481
f 267/648/1482 236/912/1483 231/608/1484
f 292/867/1485 256/889/1486 246/913/1487
f 322/914/1488 296/915/1489 233/856/1490 308/916/1491
f 199/917/1492 227/918/1493 188/919/1494
f 244/666/1495 201/876/1496 279/718/1497
f 244/666/1498 279/718/1499 258/920/1500
f 254/921/1501 291/922/1502 264/923/1503
f 278/924/1504 263/925/1505 291/926/1506
f 291/927/1507 263/928/1508 264/929/1509
f 241/930/1510 239/931/1511 253/625/1512
f 409/800/1513 190/802/1514 407/932/1515
f 285/594/1516 179/868/1517 254/884/1518
f 334/933/1519 258/934/1520 307/935/1521
f 319/777/1522 284/779/1523 328/936/1524
f 211/579/1525 187/650/1526 226/599/1527
f 221/859/1528 229/937/1529 249/938/1530
f 267/759/1531 222/607/1532 286/649/1533
f 230/939/1534 278/940/1535 291/941/1536
f 237/688/1537 242/689/1538 200/942/1539
f 242/943/1540 189/944/1541 200/945/1542
f 178/946/1543 292/947/1544 221/948/1545
f 349/380/1546 167/382/1547 178/949/1548
f 207/595/1549 202/631/1550 247/950/1551
f 193/708/1552 212/780/1553 187/650/1554
f 184/714/1555 219/634/1556 196/793/1557
f 229/951/1558 234/952/1559 174/953/1560
f 168/387/1561 358/389/1562 249/954/1563
f 288/955/1564 272/956/1565 186/957/1566
f 272/958/1567 288/959/1568 275/960/1569
f 437/961/1570 204/962/1571 423/963/1572
f 215/684/1573 228/964/1574 241/685/1575
f 430/965/1576 413/966/1577 238/967/1578 197/968/1579
f 415/969/1580 238/967/1581 413/966/1582
f 261/970/1583 222/971/1584 171/742/1585
f 246/913/1586 256/889/1587 255/972/1588
f 188/973/1589 241/974/1590 228/975/1591
f 491/976/1592 509/977/1593 216/978/1594
f 172/765/1595 268/635/1596 219/634/1597
f 199/752/1598 283/754/1599 227/979/1600
f 169/415/1601 277/776/1602 289/792/1603 353/221/1604
f 169/415/1605 351/203/1606 277/776/1607
f 315/980/1608 321/981/1609 299/982/1610
f 330/983/1611 255/984/1612 329/985/1613
f 246/719/1614 255/986/1615 298/720/1616
f 418/987/1617 406/988/1618 262/989/1619
f 191/990/1620 274/642/1621 248/991/1622
f 273/992/1623 269/993/1624 198/994/1625
f 198/995/1626 269/996/1627 283/997/1628
f 237/998/1629 282/999/1630 238/1000/1631
f 332/1001/1632 214/898/1633 301/1002/1634
f 216/1003/1635 199/1004/1636 188/1005/1637
f 211/579/1638 210/598/1639 269/1006/1640
f 271/1007/1641 266/1008/1642 186/1009/1643
f 201/876/1644 246/719/1645 279/718/1646
f 291/1010/1647 178/1011/1648 230/1012/1649
f 295/1013/1650 272/1014/1651 250/1015/1652
f 250/1015/1653 272/1014/1654 275/1016/1655
f 282/1017/1656 200/710/1657 250/712/1658
f 200/841/1659 282/999/1660 237/998/1661
f 180/1018/1662 189/944/1663 190/1019/1664
f 175/610/1665 181/586/1666 176/588/1667
f 293/587/1668 289/602/1669 176/588/1670
f 290/702/1671 177/701/1672 204/1020/1673
f 211/579/1674 269/1006/1675 273/580/1676
f 285/594/1677 215/596/1678 252/787/1679
f 426/909/1680 441/1021/1681 244/619/1682 192/621/1683
f 296/829/1684 251/716/1685 205/628/1686
f 336/1022/1687 227/1023/1688 300/1024/1689
f 231/1025/1690 236/1026/1691 257/1027/1692
f 257/1028/1693 203/1029/1694 231/1030/1695
f 182/1031/1696 237/998/1697 238/1000/1698
f 307/1032/1699 258/1033/1700 304/1034/1701
f 177/658/1702 183/601/1703 276/613/1704
f 197/1035/1705 261/1036/1706 171/1037/1707
f 439/1038/1708 433/1039/1709 197/1040/1710 171/1041/1711
f 345/222/1712 289/792/1713 260/1042/1714 354/478/1715
f 236/912/1716 196/793/1717 257/659/1718
f 196/793/1719 236/912/1720 184/714/1721
f 494/1043/1722 496/1044/1723 297/1045/1724 225/1046/1725
f 496/1047/1726 520/1048/1727 297/1049/1728
f 219/634/1729 281/1050/1730 181/586/1731
f 219/634/1732 220/633/1733 281/1050/1734
f 213/713/1735 212/780/1736 193/708/1737
f 240/836/1738 225/803/1739 297/1049/1740
f 184/714/1741 236/912/1742 267/648/1743
f 184/714/1744 267/648/1745 280/647/1746
f 210/1051/1747 272/1052/1748 294/1053/1749
f 251/716/1750 327/715/1751 329/1054/1752 255/1055/1753
f 298/1056/1754 255/1057/1755 330/1058/1756 326/1059/1757
f 206/623/1758 248/738/1759 331/1060/1760 325/1061/1761
f 180/816/1762 323/1062/1763 328/936/1764 284/779/1765
f 299/1063/1766 321/1064/1767 323/1065/1768 180/1018/1769
f 214/1066/1770 332/1067/1771 315/1068/1772 299/1069/1773
f 227/1023/1774 336/1022/1775 314/1070/1776 241/1071/1777
f 295/835/1778 284/779/1779 312/778/1780 333/1072/1781
f 296/1073/1782 322/1074/1783 320/1075/1784
f 251/1076/1785 296/1073/1786 320/1077/1787
f 258/657/1788 311/656/1789 324/1078/1790 274/1079/1791
f 241/685/1792 314/1080/1793 310/1081/1794 239/827/1795
f 248/991/1796 309/1082/1797 331/1083/1798
f 274/642/1799 313/641/1800 309/1082/1801 248/991/1802
f 233/856/1803 239/827/1804 335/826/1805 308/916/1806
f 294/740/1807 295/835/1808 333/1072/1809 306/1084/1810
f 279/1085/1811 305/1086/1812 304/1087/1813 258/1088/1814
f 195/1089/1815 302/1090/1816 303/1091/1817
f 294/740/1818 306/1084/1819 302/1092/1820 195/741/1821
f 206/623/1822 325/1061/1823 301/1093/1824 214/898/1825
f 227/1094/1826 195/1095/1827 303/1096/1828 300/1097/1829
f 330/1058/1830 329/1054/1831 327/715/1832 320/1075/1833 322/914/1834 308/916/1835 335/826/1836 318/825/1837 317/730/1838 310/1081/1839 314/1070/1840 336/1022/1841 300/1097/1842 303/1091/1843 302/1092/1844 306/1084/1845 333/1072/1846 312/778/1847 319/777/1848 328/936/1849 323/1065/1850 321/981/1851 315/1068/1852 332/1001/1853 301/1093/1854 325/1061/1855 331/1083/1856 309/1082/1857 313/641/1858 324/1078/1859 311/656/1860 334/933/1861 307/1032/1862 304/1087/1863 305/751/1864 316/750/1865 326/1059/1866
f 260/1098/1867 170/537/1868 356/536/1869
f 515/1099/1870 355/540/1871 524/539/1872
f 221/859/1873 249/760/1874 358/542/1875 352/541/1876
f 178/1100/1877 221/859/1878 352/541/1879 349/544/1880
f 208/1101/1881 348/547/1882 347/546/1883 194/791/1884
f 421/1102/1885 429/1103/1886 350/550/1887 346/109/1888 229/687/1889
f 229/687/1890 343/108/1891 344/552/1892 249/1104/1893
f 278/1105/1894 230/1106/1895 342/555/1896 341/554/1897
f 262/1107/1898 235/775/1899 340/202/1900 359/558/1901
f 429/1103/1902 447/559/1903 350/550/1904
f 278/1108/1905 339/563/1906 348/562/1907 208/1109/1908
f 194/791/1909 347/546/1910 338/564/1911
f 230/1110/1912 178/1111/1913 167/567/1914 360/566/1915
f 418/987/1916 262/989/1917 359/570/1918 445/569/1919
f 260/1042/1920 337/572/1921 170/571/1922
f 260/1112/1923 240/836/1924 357/575/1925 337/574/1926
f 520/1113/1927 506/1114/1928 297/1115/1929
f 174/667/1930 244/666/1931 441/1116/1932 434/1117/1933
f 203/821/1934 431/1118/1935 424/1119/1936
f 232/857/1937 203/821/1938 424/1119/1939 436/1120/1940
f 204/815/1941 276/613/1942 442/1121/1943 423/1122/1944
f 229/687/1945 444/893/1946 421/1102/1947
f 192/621/1948 191/895/1949 417/1123/1950 443/910/1951
f 191/895/1952 248/738/1953 425/737/1954 417/1123/1955
f 203/1124/1956 287/1125/1957 416/1126/1958 431/1127/1959
f 287/1128/1960 440/1129/1961 416/1130/1962
f 262/615/1963 414/630/1964 442/1121/1965 276/613/1966
f 180/1131/1967 405/1132/1968 410/1133/1969 299/1134/1970
f 214/1135/1971 299/1136/1972 404/1137/1973 412/1138/1974
f 299/1139/1975 410/1140/1976 404/1141/1977
f 242/763/1978 438/762/1979 402/1142/1980
f 242/689/1981 402/1143/1982 407/932/1983 190/802/1984
f 232/1144/1985 436/1145/1986 401/1146/1987 171/1147/1988
f 4/88/1989 390/1148/1990 397/1149/1991 74/89/1992
f 33/251/1993 381/1150/1994 387/1151/1995
f 62/287/1996 392/1152/1997 381/1150/1998 33/251/1999
f 34/243/2000 380/1153/2001 398/1154/2002 106/35/2003
f 59/110/2004 378/549/2005 400/324/2006
f 22/42/2007 399/342/2008 374/1155/2009 21/327/2010
f 21/327/2011 374/1155/2012 382/161/2013 78/163/2014
f 33/1156/2015 387/1157/2016 373/1158/2017 117/1159/2018
f 117/1160/2019 373/1161/2020 396/1162/2021
f 92/36/2022 106/35/2023 398/1154/2024 371/52/2025
f 10/1163/2026 129/1164/2027 367/1165/2028 364/1166/2029
f 44/1167/2030 369/1168/2031 363/1169/2032 129/1170/2033
f 129/1171/2034 363/1172/2035 367/1173/2036
f 72/191/2037 362/1174/2038 394/188/2039
f 72/112/2040 20/1175/2041 362/1176/2042
f 62/1177/2043 1/1178/2044 361/1179/2045 392/1180/2046
f 444/893/2047 428/892/2048 434/812/2049 441/1116/2050 426/909/2051 443/910/2052 417/1123/2053 425/737/2054 419/736/2053 411/646/2055 432/622/2056 408/624/2057 412/897/2058 404/1137/2059 410/1140/2060 405/1132/2061 403/671/2062 409/800/2063 407/932/2064 402/1143/2065 438/762/2066 422/761/2067 415/651/2068 413/966/2069 430/965/2070 433/852/2071 439/1038/2072 435/724/2073 401/837/2074 436/1145/2075 424/1119/2076 431/1118/2077 416/1126/2078 440/1129/2079 420/703/2080 427/814/2081 437/813/2082 423/963/2083 442/1121/2084 414/630/2085 406/629/2086 418/987/2087 445/569/2088 375/423/2089 365/425/2090 371/52/2091 398/1154/2092 380/1153/2093 393/396/2094 384/241/2095 377/323/2096 396/128/2097 373/1161/2098 387/1157/2099 381/1150/2100 392/1152/2101 361/1179/2102 391/269/2103 395/151/2104 389/474/2105 386/284/2106 370/400/2107 372/404/2108 379/73/2109 394/188/2110 362/1174/2111 20/1175/2112 364/93/2113 367/1165/2114 363/1172/2115 369/1168/2116 366/45/2117 388/44/2118 368/68/2119 376/162/2120 382/161/2121 374/1155/2122 399/342/2123 383/341/2124 397/457/2125 390/1148/2126 385/238/2127 400/324/2128 378/549/2129 446/548/2129 447/559/2130 429/1103/2131 421/1102/2131
f 357/1181/2132 525/1182/2133 526/1183/2134 127/1184/2135 70/1185/2136
f 270/1186/2137 518/1187/2138 517/1188/2139 273/698/2140
f 188/1189/2141 228/1190/2142 514/1191/2143 516/1192/2144
f 194/1193/2145 338/1194/2146 355/540/2147 515/1099/2148 513/1195/2149
f 216/1196/2150 509/1197/2151 521/1198/2152 270/1199/2153
f 172/765/2154 193/875/2155 510/1200/2156 507/1201/2157
f 357/1181/2158 240/1202/2159 297/1203/2160 506/1204/2161 525/1182/2162
f 265/1205/2163 185/1206/2164 508/1207/2165 503/1208/2166
f 185/1206/2167 501/1209/2168 508/1207/2169
f 185/1206/2170 523/1210/2171 501/1209/2172
f 194/785/2173 500/1211/2174 499/1212/2175 247/786/2176
f 245/1213/2177 281/1214/2178 497/1215/2179 495/1216/2180
f 193/708/2181 218/581/2182 511/590/2183 492/709/2184
f 216/978/2185 188/1217/2186 512/1218/2187 491/976/2188
f 273/1219/2189 517/1220/2190 489/1221/2191 218/1222/2192
f 247/1223/2193 488/1224/2194 522/1225/2195 207/1226/2196
f 247/1227/2197 499/1228/2198 488/1229/2199
f 220/633/2200 505/758/2201 487/1230/2202
f 281/1050/2203 220/633/2204 487/1230/2205 497/1231/2206
f 207/1232/2207 522/1225/2208 486/1233/2209 185/1206/2210
f 185/1206/2211 486/1233/2212 523/1210/2213
f 172/1234/2214 507/1235/2215 485/1236/2216 217/1237/2217
f 217/1237/2218 485/1236/2219 498/1238/2220
f 100/1239/2221 103/124/2222 478/1240/2223 479/1241/2224
f 18/1242/2225 477/1243/2226 476/1244/2227 58/1245/2228
f 24/1246/2229 475/1247/2230 527/538/2231 355/540/2232 338/1194/2233
f 46/1248/2234 100/1249/2235 482/1250/2236 471/1251/2237
f 2/192/2238 469/1252/2239 472/1253/2240 23/307/2241
f 95/1254/2242 466/1255/2243 470/1256/2244 15/1257/2245
f 15/1257/2246 470/1256/2247 464/1258/2248
f 15/1257/2249 464/1258/2250 484/1259/2251
f 24/215/2252 77/214/2253 462/1260/2254 463/1261/2255
f 75/1262/2256 458/1263/2257 460/1264/2258 111/1265/2259
f 23/134/2260 455/133/2261 473/12/2262 48/2/2263
f 46/412/2264 454/411/2265 474/1266/2266 18/1267/2267
f 103/1268/2268 48/1269/2269 452/1270/2270 478/1271/2271
f 77/1272/2272 37/1273/2273 483/1274/2274 451/1275/2275
f 77/1276/2276 451/1277/2277 462/1278/2278
f 50/55/2279 450/1279/2280 468/183/2281
f 111/487/2282 460/1280/2283 450/1279/2284 50/55/2285
f 37/1281/2286 15/1257/2287 449/1282/2288 483/1274/2289
f 15/1257/2290 484/1259/2291 449/1282/2292
f 2/1283/2293 47/1284/2294 448/1285/2295 469/1286/2296
f 47/1284/2297 461/1287/2298 448/1285/2299
f 525/1182/2300 506/1204/2301 520/1113/2302 496/1047/2303 494/1043/2304 495/582/2305 497/1215/2305 487/1230/2306 505/758/2307 504/756/2308 493/757/2309 498/603/2310 485/1236/2311 507/1235/2312 510/1200/2313 490/707/2314 492/709/2315 511/590/2316 489/589/2317 517/1220/2318 518/1187/2319 519/819/2320 521/677/2321 509/1197/2322 491/976/2323 512/1218/2324 516/616/2325 514/1191/2326 502/798/2327 503/890/2328 508/1207/2329 501/1209/2330 523/1210/2331 486/1233/2332 522/1225/2332 488/1224/2332 499/1228/2333 500/1211/2333 513/789/2334 515/1099/2334 524/539/2335 527/538/2336 475/1247/2336 463/220/2337 462/1260/2338 451/1277/2332 483/1274/2332 449/1282/2332 484/1259/2339 464/1258/2340 470/1256/2341 466/1255/2342 465/230/2343 476/229/2344 477/1243/2345 474/40/2346 454/411/2347 471/413/2348 482/1250/2349 480/96/2350 479/246/2351 478/1240/2352 452/1270/2353 473/12/2354 455/133/2355 453/132/2356 472/174/2357 469/1252/2358 448/1285/2359 461/1287/2360 456/27/2361 467/181/2362 468/183/2363 450/1279/2364 460/1280/2365 458/1263/2366 457/4/2367 459/480/2368 481/486/2369 526/578/2370
