# Blender v2.79 (sub 0) OBJ File: 'redo_fixed_360_joints.blend'
# www.blender.org
mtllib sungaya_inexpectata_31mg.mtl
o 03-caput.000_Sungaya_inexpectata_31mg.087
v 0.000430 -0.000079 -0.000916
v 0.000550 0.000107 -0.001069
v 0.000570 0.000206 -0.001106
v 0.000556 0.000094 -0.001218
v 0.000543 0.000153 -0.001177
v 0.000317 0.000037 -0.001294
v 0.000276 -0.000011 -0.001269
v 0.000117 -0.000201 -0.001112
v 0.000278 0.000728 0.000177
v 0.000807 -0.000111 0.000146
v 0.000777 -0.000181 0.000324
v 0.000421 -0.000650 0.000093
v 0.000584 -0.000778 0.000298
v 0.000264 -0.000324 -0.000713
v 0.000315 -0.000363 -0.000821
v 0.000261 -0.000253 -0.000746
v 0.000137 -0.000765 0.000041
v 0.000315 0.000309 -0.001076
v 0.000381 0.000813 -0.000304
v 0.000346 -0.000519 -0.000444
v 0.000437 0.000600 -0.000893
v 0.000342 0.000580 -0.000985
v 0.000854 0.000485 -0.000040
v 0.000346 -0.000394 -0.000813
v 0.000600 0.000487 -0.000773
v 0.000628 0.000388 -0.000792
v 0.000653 0.000421 -0.000986
v 0.000667 0.000407 -0.001073
v 0.000059 0.000035 0.001089
v 0.000811 -0.000040 -0.000626
v 0.000883 0.000092 -0.000756
v 0.000508 0.000760 -0.000110
v 0.000120 -0.000645 0.001195
v 0.000058 -0.000719 0.001141
v 0.000789 0.000072 -0.000159
v 0.000288 0.000777 -0.000394
v 0.000090 -0.000830 0.001073
v 0.000814 0.000216 -0.001071
v 0.000797 0.000342 -0.001065
v 0.000749 0.000303 -0.001117
v 0.000623 0.000713 -0.000145
v 0.000561 0.000761 -0.000134
v 0.000085 -0.000373 -0.000604
v 0.000111 0.000490 0.000534
v 0.000545 -0.000502 0.000851
v 0.000464 -0.000277 0.000895
v 0.000405 -0.000397 -0.000899
v 0.000573 -0.000358 -0.000595
v 0.000430 -0.000714 0.000103
v 0.000366 0.000707 -0.000596
v 0.000395 -0.000136 -0.001107
v 0.000034 0.000705 0.000255
v 0.000042 -0.000544 -0.000547
v 0.000539 0.000058 -0.001008
v 0.000636 0.000159 -0.001000
v 0.000337 -0.000442 -0.000301
v 0.000406 -0.000441 -0.000315
v 0.000696 0.000398 -0.001197
v 0.000707 0.000437 -0.001170
v 0.000678 0.000567 0.000185
v 0.000192 0.000073 0.001000
v 0.000862 0.000364 -0.000104
v 0.000221 0.000482 -0.001038
v 0.000318 0.000525 -0.001017
v 0.000376 0.000639 0.000264
v 0.000354 0.000615 0.000362
v 0.000731 0.000003 0.000424
v 0.000412 0.000673 -0.000838
v 0.000375 -0.000447 -0.000159
v 0.000697 0.000482 -0.001049
v 0.000348 0.000051 0.000871
v 0.000783 -0.000002 0.000331
v 0.000861 0.000261 -0.001028
v 0.000585 0.000393 -0.000941
v 0.000772 -0.000018 -0.000305
v 0.000757 0.000034 -0.000416
v 0.000399 -0.000509 0.000937
v 0.000355 0.000727 0.000145
v 0.000376 0.000767 -0.000477
v 0.000170 -0.000558 0.001243
v 0.000254 0.000700 0.000267
v 0.000108 0.000797 -0.000431
v 0.000750 -0.000082 -0.000460
v 0.000437 0.000290 -0.001100
v 0.000460 0.000005 -0.001077
v 0.000689 0.000640 -0.000153
v 0.000729 -0.000224 0.000459
v 0.000138 0.000125 -0.001036
v 0.000156 0.000111 -0.001115
v 0.000228 0.000072 -0.001052
v 0.000212 -0.000670 0.001076
v 0.000614 0.000658 -0.000434
v 0.000234 0.000825 -0.000270
v 0.000077 0.000136 0.000978
v 0.000481 0.000595 0.000199
v 0.000701 0.000323 -0.000947
v 0.000654 0.000334 -0.000872
v 0.000488 0.000699 -0.000629
v 0.000356 0.000377 -0.001055
v 0.000435 0.000401 -0.001023
v 0.000486 -0.000765 0.000951
v 0.000731 0.000097 -0.000536
v 0.000305 0.000149 0.000804
v 0.000766 -0.000401 0.000255
v 0.000229 -0.000556 0.001128
v 0.000321 -0.000605 0.001003
v 0.000804 -0.000026 -0.000001
v 0.000668 0.000234 -0.000606
v 0.000650 0.000335 -0.000569
v 0.000794 -0.000261 0.000218
v 0.000507 0.000401 0.000449
v 0.000646 0.000299 0.000412
v 0.000668 0.000434 -0.000486
v 0.000156 0.000846 -0.000287
v 0.000187 -0.000438 0.001229
v 0.000529 0.000347 -0.000999
v 0.000497 0.000719 -0.000512
v 0.000407 0.000724 -0.000539
v 0.000722 -0.000513 0.000389
v 0.000728 -0.000429 0.000444
v 0.000501 -0.000380 0.000857
v 0.000509 -0.000618 0.000886
v 0.000177 0.000775 -0.000494
v 0.000183 0.000856 -0.000140
v 0.000462 0.000039 0.000803
v 0.000504 0.000076 0.000762
v 0.000476 -0.000393 -0.001195
v 0.000405 -0.000405 -0.001122
v 0.000186 0.000057 -0.001182
v 0.000191 -0.000042 -0.001212
v 0.000213 0.000112 -0.001192
v 0.000752 0.000241 -0.000475
v 0.000632 -0.000179 0.000651
v 0.000721 0.000366 -0.000297
v 0.000740 0.000399 -0.000228
v 0.000031 0.000815 -0.000764
v 0.000161 0.000764 -0.000846
v 0.000415 -0.000455 -0.001128
v 0.000207 -0.000199 -0.000768
v 0.000960 0.000374 0.000167
v 0.000628 0.000231 -0.001053
v 0.000678 0.000266 -0.001045
v 0.000216 -0.000366 -0.000189
v 0.000059 0.000348 0.000700
v 0.000652 -0.000361 0.000639
v 0.000226 0.000806 0.000039
v 0.000172 0.000742 0.000118
v 0.000584 -0.000097 0.000714
v 0.000686 -0.000524 0.000117
v 0.000258 0.000590 0.000437
v 0.000416 -0.000386 -0.000812
v 0.000881 0.000037 -0.000801
v 0.000078 -0.000351 -0.000200
v 0.000221 0.000781 -0.000835
v 0.000386 0.000391 0.000507
v 0.000312 -0.000714 0.001012
v 0.000092 0.000026 -0.001188
v 0.000842 -0.000052 -0.000752
v 0.000718 -0.000526 0.000233
v 0.000638 0.000511 -0.000428
v 0.000583 0.000466 0.000303
v 0.000484 0.000532 0.000308
v 0.000320 0.000848 -0.000242
v 0.000245 0.000107 -0.001103
v 0.000778 0.000290 -0.000207
v 0.000345 0.000699 -0.000737
v 0.000572 0.000526 -0.000658
v 0.000729 0.000105 0.000405
v 0.000820 0.000469 -0.000138
v 0.000656 0.000435 -0.000972
v 0.000434 0.000246 -0.001142
v 0.000390 0.000144 -0.001225
v 0.000127 0.000793 -0.000639
v 0.000154 0.000137 0.000960
v 0.000769 -0.000156 -0.000167
v 0.000323 -0.000165 -0.000833
v 0.000731 0.000331 -0.000500
v 0.000774 0.000016 -0.000617
v 0.000045 0.000757 -0.000835
v 0.000068 0.000697 -0.000880
v 0.000664 -0.000289 -0.000380
v 0.000666 0.000333 -0.001013
v 0.000674 0.000231 -0.000811
v 0.000677 0.000191 -0.000678
v 0.000649 0.000296 -0.000698
v 0.000715 0.000137 -0.000819
v 0.000752 0.000118 -0.000798
v 0.000698 0.000388 0.000358
v 0.000111 0.000771 -0.000515
v 0.000793 0.000056 -0.000867
v 0.000745 0.000086 -0.000851
v 0.000535 -0.000376 -0.000467
v 0.000662 -0.000362 -0.000556
v 0.000425 0.000254 0.000610
v 0.000636 -0.000691 0.000526
v 0.000720 0.000188 -0.001020
v 0.000200 0.000097 -0.000962
v 0.000093 0.000308 0.000766
v 0.000644 -0.000692 0.000409
v 0.000268 0.000202 -0.001147
v 0.000031 0.000158 -0.001165
v 0.000199 -0.000203 0.001175
v 0.000431 0.000707 0.000101
v 0.000257 0.000611 -0.000976
v 0.000715 0.000166 -0.000574
v 0.000531 0.000639 -0.000540
v 0.000600 -0.000621 0.000684
v 0.000239 -0.000528 -0.000506
v 0.000351 -0.000189 -0.001185
v 0.000759 0.000288 -0.000293
v 0.000359 0.000506 0.000460
v 0.000950 0.000333 0.000108
v 0.000282 0.000866 -0.000182
v 0.000794 0.000093 -0.000683
v 0.000539 0.000192 0.000584
v 0.000300 -0.000426 -0.000567
v 0.000200 0.000766 -0.000597
v 0.000044 -0.000407 0.001294
v 0.000072 -0.000317 0.001292
v 0.000140 -0.000392 0.001245
v 0.000106 0.000833 -0.000750
v 0.000212 0.000760 -0.000705
v 0.000237 -0.000322 -0.000659
v 0.000962 0.000277 0.000222
v 0.000191 -0.000448 -0.000100
v 0.000449 0.000144 0.000721
v 0.000700 -0.000264 -0.000223
v 0.000675 -0.000267 -0.000313
v 0.000708 0.000295 -0.001097
v 0.000369 -0.000260 -0.000756
v 0.000351 -0.000370 -0.000989
v 0.000720 -0.000173 -0.000359
v 0.000705 0.000555 -0.001124
v 0.000638 0.000576 -0.001277
v 0.000118 -0.000597 0.001298
v 0.000546 0.000624 0.000078
v 0.000788 -0.000150 -0.000615
v 0.000713 0.000601 0.000089
v 0.000829 0.000208 -0.000865
v 0.000433 -0.000181 -0.000695
v 0.000772 0.000207 -0.000295
v 0.000782 0.000141 -0.000361
v 0.000674 -0.000061 -0.000754
v 0.000517 -0.000308 -0.001406
v 0.000447 -0.000338 -0.001298
v 0.000596 -0.000275 -0.000659
v 0.000575 0.000256 0.000515
v 0.000671 0.000617 -0.001203
v 0.000234 0.000367 0.000584
v 0.000635 -0.000536 0.000068
v 0.000883 0.000182 -0.000003
v 0.000848 0.000138 -0.000779
v 0.000516 -0.000461 -0.000084
v 0.000352 -0.000367 -0.000654
v 0.000110 -0.000261 -0.000690
v 0.000454 -0.000064 -0.001183
v 0.000633 0.000699 -0.001314
v 0.000201 -0.000050 0.001148
v 0.000009 -0.000190 -0.000985
v 0.000180 0.000134 -0.001139
v 0.000069 -0.000245 0.001318
v 0.000131 0.000383 0.000616
v 0.000127 -0.000181 0.001238
v 0.000908 0.000387 0.000274
v 0.000498 -0.000109 0.000829
v 0.000873 0.000190 -0.000906
v 0.000110 0.000252 -0.001020
v 0.000162 0.000302 -0.001065
v 0.000614 0.000436 0.000338
v 0.000431 -0.000398 -0.000600
v 0.000601 0.000418 -0.000655
v 0.000265 -0.000216 -0.001127
v 0.000842 -0.000016 -0.000813
v 0.000366 0.000077 -0.000926
v 0.000306 0.000055 -0.000988
v 0.000822 0.000191 0.000345
v 0.000476 -0.000427 -0.000543
v 0.000473 0.000788 -0.000393
v 0.000485 0.000801 -0.000340
v 0.000618 0.000615 -0.001358
v 0.000803 0.000330 -0.000997
v 0.000162 -0.000374 -0.000324
v 0.000259 -0.000517 -0.000414
v 0.000585 -0.000101 -0.000748
v 0.000026 0.000260 -0.001104
v 0.000034 0.000864 -0.000198
v 0.000066 0.000863 -0.000370
v 0.000411 -0.000039 -0.001263
v 0.000346 0.000563 0.000430
v 0.000747 0.000485 -0.001094
v 0.000216 0.000272 0.000725
v 0.000788 0.000574 0.000050
v 0.000540 0.000091 0.000685
v 0.000745 -0.000285 -0.000468
v 0.000642 0.000652 -0.000025
v 0.000344 -0.000153 0.001037
v 0.000380 -0.000795 0.000054
v 0.000780 -0.000227 -0.000030
v 0.000723 0.000543 0.000222
v 0.000363 -0.000211 -0.000706
v 0.000348 -0.000144 -0.000753
v 0.000365 -0.000157 -0.001020
v 0.000376 -0.000714 0.000067
v 0.000590 0.000020 -0.000835
v 0.000531 -0.000047 -0.000787
v 0.000027 0.000857 -0.000019
v 0.000429 -0.000443 -0.000187
v 0.000306 0.000811 0.000003
v 0.000587 -0.000655 0.000215
v 0.000055 0.000541 0.000492
v 0.000294 0.000155 -0.001241
v 0.000479 0.000687 0.000049
v 0.000206 -0.000351 -0.000266
v 0.000035 -0.000500 0.001311
v 0.000335 -0.000415 0.001057
v 0.000676 -0.000236 -0.000692
v 0.000779 -0.000140 -0.000705
v 0.000642 0.000532 -0.001161
v 0.000644 0.000474 -0.001202
v 0.000629 0.000551 -0.001299
v 0.000382 0.000277 -0.001090
v 0.000410 -0.000340 -0.000866
v 0.000905 0.000168 0.000120
v 0.000112 0.000871 -0.000110
v 0.000118 0.000825 0.000011
v 0.000034 0.000490 -0.001025
v 0.000040 0.000570 -0.000974
v 0.000005 0.000358 0.000681
v 0.000008 0.000807 -0.000420
v 0.000777 -0.000234 -0.000582
v 0.000722 -0.000261 -0.000658
v 0.000702 0.000482 0.000299
v 0.000300 -0.000364 0.001119
v 0.000692 0.000584 -0.000235
v 0.000619 0.000739 -0.000403
v 0.000342 -0.000032 0.000954
v 0.000930 0.000401 0.000228
v 0.000720 0.000136 -0.000653
v 0.000608 0.000550 -0.000473
v 0.000273 0.000736 -0.000643
v 0.000330 0.000694 -0.000650
v 0.000421 -0.000175 0.000954
v 0.000023 0.000783 -0.000501
v 0.000616 -0.000336 -0.000209
v 0.000278 -0.000229 -0.000977
v 0.000213 0.000730 0.000174
v 0.000569 0.000577 -0.000823
v 0.000568 0.000799 -0.000307
v 0.000568 -0.000697 0.000803
v 0.000541 0.000622 -0.000626
v 0.000189 0.000013 0.001080
v 0.000321 -0.000103 -0.001256
v 0.000245 -0.000167 -0.001217
v 0.000070 -0.000073 -0.001190
v 0.000678 0.000661 -0.000235
v 0.000096 -0.000633 0.000022
v 0.000234 -0.000205 -0.000844
v 0.000738 0.000150 -0.000887
v 0.000825 0.000170 -0.000107
v 0.000297 -0.000623 0.000044
v 0.000842 0.000090 -0.000927
v 0.000630 -0.000736 0.000650
v 0.000359 0.000662 -0.000915
v 0.000700 0.000501 -0.000252
v 0.000021 -0.000663 0.001203
v 0.000278 0.000856 -0.000060
v 0.000796 0.000365 0.000327
v 0.000089 0.000116 -0.001137
v 0.000555 0.000703 -0.000048
v 0.000419 -0.000520 -0.000040
v 0.000189 0.000157 0.000873
v 0.000098 0.000226 0.000844
v 0.000741 -0.000326 -0.000088
v 0.000642 0.000116 0.000527
v 0.000545 -0.000837 0.000948
v 0.000757 0.000292 -0.000959
v 0.000718 0.000054 -0.000849
v 0.000717 0.000106 -0.000868
v 0.000672 0.000132 -0.000909
v 0.000015 -0.000331 -0.000256
v 0.000511 -0.000836 0.000075
v 0.000588 0.000694 -0.001360
v 0.000639 0.000646 -0.001228
v 0.000673 0.000422 -0.000363
v 0.000624 -0.000742 0.000377
v 0.000291 -0.000037 0.001044
v 0.000870 0.000468 0.000033
v 0.000638 -0.000001 0.000600
v 0.000028 0.000125 -0.001119
v 0.000613 0.000440 -0.000903
v 0.000836 0.000169 -0.001028
v 0.000050 0.000191 -0.001056
v 0.000665 0.000096 -0.000908
v 0.000423 -0.000280 -0.000678
v 0.000773 -0.000137 -0.000540
v 0.000785 -0.000216 -0.000504
v 0.000451 -0.000433 -0.001011
v 0.000352 -0.000407 -0.000988
v 0.000814 -0.000001 0.000243
v 0.000500 0.000221 -0.001155
v 0.000706 0.000215 -0.000928
v 0.000297 -0.000067 0.001148
v 0.000075 0.000615 0.000413
v 0.000845 0.000129 0.000299
v 0.000056 -0.000773 0.001099
v 0.000862 0.000056 0.000152
v 0.000114 -0.000184 -0.000985
v 0.000897 0.000290 0.000317
v 0.000308 -0.000531 -0.000019
v 0.000511 -0.000012 -0.001228
v 0.000453 -0.000307 -0.000660
v 0.000323 -0.000325 -0.000861
v 0.000321 0.000151 -0.000948
v 0.000144 -0.000077 0.001156
v 0.000355 0.000264 -0.001075
v 0.000233 0.000468 0.000525
v 0.000079 -0.000156 -0.001173
v 0.000021 -0.000161 -0.000847
v 0.000547 -0.000701 0.000241
v 0.000428 0.000747 -0.000037
v 0.000493 -0.000202 -0.001451
v 0.000131 -0.000567 -0.000483
v 0.000249 -0.000278 0.001150
v 0.000656 0.000551 -0.001110
v 0.000306 -0.000201 -0.000741
v 0.000045 0.000232 -0.001053
v 0.000041 0.000304 -0.001073
v 0.000062 0.000384 -0.001090
v 0.000858 0.000255 -0.000934
v 0.000337 0.000127 -0.001061
v 0.000421 -0.000350 -0.000666
v 0.000685 0.000158 -0.000903
v 0.000537 0.000660 -0.000718
v 0.000471 0.000680 -0.000732
v 0.000167 0.000680 0.000315
v 0.000312 0.000060 -0.000893
v 0.000462 -0.000280 -0.001382
v 0.000462 -0.000300 -0.001435
v 0.000471 -0.000416 -0.001046
v 0.000046 0.000824 -0.000682
v 0.000380 -0.000125 -0.000740
v 0.000614 0.000742 -0.001352
v 0.000461 -0.000172 -0.001490
v 0.000475 -0.000387 -0.001289
v 0.000510 -0.000378 -0.001338
v 0.000136 -0.000562 0.001351
v 0.000467 -0.000446 -0.001111
v 0.000416 -0.000419 -0.001213
v 0.000508 -0.000245 -0.001481
v 0.000242 -0.000119 0.001171
v 0.000544 0.000814 -0.000187
v 0.000557 0.000812 -0.000268
v 0.000463 0.000830 -0.000076
v 0.000502 0.000823 -0.000101
v 0.000562 0.000811 -0.000300
v 0.000350 0.000852 -0.000257
v 0.000274 0.000867 -0.000068
v 0.000388 0.000845 -0.000058
v 0.000459 0.000831 -0.000072
v 0.000532 0.000817 -0.000184
v 0.000448 0.000833 -0.000289
v 0.000401 0.000842 -0.000061
v 0.000510 0.000821 -0.000128
v 0.000386 0.000845 -0.000059
v 0.000316 0.000859 -0.000241
v 0.000243 0.000873 -0.000126
v 0.000261 0.000870 -0.000104
v 0.000395 0.000843 -0.000290
v 0.000503 0.000822 -0.000314
v 0.000322 0.000857 -0.000247
v -0.000005 0.000789 -0.000532
v -0.000001 0.000111 0.001046
v -0.000003 0.000359 0.000680
v -0.000005 0.000859 -0.000270
v -0.000005 0.000858 -0.000275
v -0.000002 0.000300 0.000775
v 0.000002 -0.000143 -0.001187
v 0.000003 -0.000483 -0.000585
v -0.000000 -0.000133 0.001245
v -0.000005 0.000835 -0.000354
v -0.000005 0.000796 -0.000592
v 0.000003 -0.000650 0.001210
v 0.000002 -0.000163 -0.000841
v -0.000001 0.000310 -0.001084
v -0.000001 0.000331 -0.001090
v -0.000003 0.000456 0.000576
v -0.000001 0.000289 -0.001097
v -0.000001 0.000103 0.001054
v -0.000004 0.000723 -0.000879
v 0.000001 -0.000000 -0.001214
v 0.000002 -0.000161 -0.000859
v 0.000003 -0.000575 0.001279
v -0.000000 -0.000152 0.001261
v 0.000004 -0.000704 0.000025
v 0.000002 -0.000338 -0.000249
v -0.000003 0.000312 0.000757
v -0.000005 0.000870 -0.000049
v -0.000004 0.000542 0.000504
v -0.000003 0.000343 0.000705
v -0.000004 0.000555 0.000490
v -0.000000 0.000215 -0.001185
v 0.000003 -0.000572 0.001280
v -0.000003 0.000432 0.000595
v -0.000005 0.000876 -0.000160
v 0.000002 -0.000439 0.001307
v 0.000002 -0.000335 -0.000255
v -0.000005 0.000745 0.000162
v -0.000002 0.000517 -0.001019
v 0.000002 -0.000350 -0.000287
v 0.000001 -0.000281 0.001309
v 0.000000 -0.000233 0.001311
v -0.000005 0.000750 0.000154
v -0.000005 0.000821 -0.000716
v 0.000003 -0.000381 -0.000336
v -0.000002 0.000384 -0.001069
v -0.000005 0.000835 0.000016
v -0.000002 0.000286 0.000789
v -0.000004 0.000756 -0.000851
v -0.000004 0.000668 0.000349
v 0.000003 -0.000466 -0.000106
v -0.000005 0.000816 -0.000757
v -0.000003 0.000357 0.000684
v -0.000005 0.000864 -0.000024
v 0.000002 -0.000304 -0.000686
v 0.000002 -0.000269 -0.000715
v 0.000002 -0.000193 -0.001114
v 0.000002 -0.000190 -0.001000
v -0.000005 0.000870 -0.000206
v 0.000003 -0.000396 -0.000621
v 0.000004 -0.000730 0.001131
v 0.000002 -0.000189 -0.000988
v -0.000428 -0.000085 -0.000916
v -0.000549 0.000100 -0.001070
v -0.000571 0.000199 -0.001107
v -0.000555 0.000087 -0.001219
v -0.000543 0.000146 -0.001178
v -0.000316 0.000033 -0.001294
v -0.000274 -0.000015 -0.001270
v -0.000113 -0.000203 -0.001112
v -0.000287 0.000725 0.000176
v -0.000806 -0.000121 0.000145
v -0.000776 -0.000191 0.000323
v -0.000413 -0.000655 0.000093
v -0.000575 -0.000785 0.000297
v -0.000258 -0.000328 -0.000713
v -0.000310 -0.000367 -0.000821
v -0.000257 -0.000256 -0.000746
v -0.000127 -0.000766 0.000041
v -0.000318 0.000305 -0.001077
v -0.000390 0.000809 -0.000305
v -0.000339 -0.000523 -0.000445
v -0.000443 0.000594 -0.000894
v -0.000347 0.000576 -0.000986
v -0.000860 0.000474 -0.000041
v -0.000340 -0.000398 -0.000814
v -0.000605 0.000479 -0.000773
v -0.000632 0.000380 -0.000793
v -0.000657 0.000413 -0.000987
v -0.000670 0.000398 -0.001074
v -0.000061 0.000034 0.001089
v -0.000809 -0.000050 -0.000628
v -0.000883 0.000080 -0.000758
v -0.000517 0.000754 -0.000111
v -0.000114 -0.000646 0.001195
v -0.000050 -0.000719 0.001141
v -0.000789 0.000062 -0.000160
v -0.000297 0.000774 -0.000394
v -0.000081 -0.000831 0.001072
v -0.000815 0.000206 -0.001073
v -0.000800 0.000332 -0.001066
v -0.000751 0.000293 -0.001118
v -0.000632 0.000705 -0.000146
v -0.000570 0.000754 -0.000135
v -0.000080 -0.000374 -0.000605
v -0.000118 0.000488 0.000533
v -0.000540 -0.000509 0.000850
v -0.000462 -0.000282 0.000894
v -0.000399 -0.000402 -0.000900
v -0.000568 -0.000365 -0.000596
v -0.000421 -0.000719 0.000103
v -0.000374 0.000703 -0.000597
v -0.000392 -0.000141 -0.001107
v -0.000044 0.000704 0.000255
v -0.000034 -0.000545 -0.000547
v -0.000538 0.000051 -0.001009
v -0.000636 0.000151 -0.001000
v -0.000331 -0.000446 -0.000301
v -0.000400 -0.000446 -0.000316
v -0.000699 0.000389 -0.001198
v -0.000710 0.000428 -0.001172
v -0.000685 0.000559 0.000184
v -0.000195 0.000070 0.001000
v -0.000866 0.000353 -0.000105
v -0.000226 0.000479 -0.001038
v -0.000323 0.000521 -0.001018
v -0.000385 0.000634 0.000264
v -0.000362 0.000611 0.000362
v -0.000732 -0.000006 0.000423
v -0.000419 0.000668 -0.000839
v -0.000369 -0.000452 -0.000160
v -0.000701 0.000473 -0.001050
v -0.000350 0.000047 0.000871
v -0.000784 -0.000012 0.000330
v -0.000863 0.000251 -0.001029
v -0.000588 0.000386 -0.000942
v -0.000771 -0.000028 -0.000307
v -0.000756 0.000024 -0.000417
v -0.000394 -0.000514 0.000936
v -0.000364 0.000722 0.000144
v -0.000385 0.000763 -0.000477
v -0.000165 -0.000560 0.001243
v -0.000263 0.000697 0.000266
v -0.000118 0.000795 -0.000431
v -0.000748 -0.000091 -0.000461
v -0.000438 0.000284 -0.001101
v -0.000459 -0.000001 -0.001078
v -0.000697 0.000632 -0.000154
v -0.000727 -0.000233 0.000458
v -0.000138 0.000123 -0.001037
v -0.000156 0.000109 -0.001115
v -0.000227 0.000069 -0.001052
v -0.000205 -0.000673 0.001076
v -0.000622 0.000651 -0.000435
v -0.000244 0.000822 -0.000270
v -0.000080 0.000135 0.000978
v -0.000489 0.000589 0.000198
v -0.000703 0.000314 -0.000948
v -0.000657 0.000326 -0.000873
v -0.000496 0.000693 -0.000630
v -0.000359 0.000373 -0.001056
v -0.000439 0.000395 -0.001024
v -0.000478 -0.000771 0.000951
v -0.000732 0.000088 -0.000537
v -0.000308 0.000145 0.000804
v -0.000762 -0.000410 0.000254
v -0.000224 -0.000559 0.001128
v -0.000315 -0.000609 0.001002
v -0.000804 -0.000036 -0.000003
v -0.000670 0.000226 -0.000607
v -0.000653 0.000327 -0.000570
v -0.000791 -0.000271 0.000217
v -0.000513 0.000395 0.000448
v -0.000650 0.000290 0.000411
v -0.000673 0.000426 -0.000487
v -0.000166 0.000844 -0.000287
v -0.000183 -0.000441 0.001228
v -0.000531 0.000340 -0.001000
v -0.000505 0.000712 -0.000513
v -0.000415 0.000719 -0.000539
v -0.000716 -0.000522 0.000388
v -0.000723 -0.000438 0.000442
v -0.000498 -0.000387 0.000856
v -0.000503 -0.000624 0.000886
v -0.000186 0.000773 -0.000494
v -0.000193 0.000854 -0.000140
v -0.000464 0.000034 0.000803
v -0.000506 0.000070 0.000761
v -0.000469 -0.000399 -0.001195
v -0.000398 -0.000410 -0.001123
v -0.000185 0.000054 -0.001182
v -0.000189 -0.000044 -0.001213
v -0.000212 0.000109 -0.001192
v -0.000755 0.000231 -0.000477
v -0.000631 -0.000187 0.000650
v -0.000725 0.000357 -0.000298
v -0.000745 0.000390 -0.000230
v -0.000040 0.000814 -0.000764
v -0.000170 0.000762 -0.000846
v -0.000408 -0.000460 -0.001129
v -0.000203 -0.000202 -0.000768
v -0.000965 0.000362 0.000166
v -0.000629 0.000223 -0.001054
v -0.000680 0.000257 -0.001046
v -0.000211 -0.000369 -0.000190
v -0.000064 0.000348 0.000700
v -0.000648 -0.000369 0.000638
v -0.000236 0.000803 0.000038
v -0.000182 0.000740 0.000118
v -0.000584 -0.000105 0.000714
v -0.000679 -0.000533 0.000116
v -0.000266 0.000587 0.000437
v -0.000410 -0.000391 -0.000813
v -0.000881 0.000026 -0.000802
v -0.000073 -0.000352 -0.000200
v -0.000229 0.000778 -0.000836
v -0.000391 0.000386 0.000507
v -0.000305 -0.000718 0.001012
v -0.000091 0.000025 -0.001188
v -0.000840 -0.000062 -0.000753
v -0.000712 -0.000535 0.000232
v -0.000644 0.000503 -0.000429
v -0.000590 0.000459 0.000303
v -0.000491 0.000526 0.000308
v -0.000330 0.000844 -0.000243
v -0.000244 0.000104 -0.001103
v -0.000781 0.000280 -0.000208
v -0.000353 0.000695 -0.000738
v -0.000578 0.000519 -0.000659
v -0.000731 0.000095 0.000403
v -0.000825 0.000459 -0.000139
v -0.000660 0.000427 -0.000973
v -0.000435 0.000240 -0.001142
v -0.000390 0.000139 -0.001225
v -0.000136 0.000792 -0.000639
v -0.000157 0.000135 0.000960
v -0.000767 -0.000165 -0.000169
v -0.000319 -0.000169 -0.000833
v -0.000734 0.000322 -0.000501
v -0.000773 0.000006 -0.000618
v -0.000053 0.000756 -0.000835
v -0.000075 0.000696 -0.000880
v -0.000660 -0.000297 -0.000381
v -0.000668 0.000325 -0.001014
v -0.000675 0.000223 -0.000812
v -0.000678 0.000182 -0.000679
v -0.000652 0.000288 -0.000699
v -0.000715 0.000128 -0.000820
v -0.000752 0.000109 -0.000799
v -0.000704 0.000380 0.000357
v -0.000120 0.000770 -0.000515
v -0.000792 0.000046 -0.000868
v -0.000745 0.000076 -0.000852
v -0.000530 -0.000383 -0.000468
v -0.000657 -0.000371 -0.000557
v -0.000429 0.000248 0.000609
v -0.000628 -0.000699 0.000525
v -0.000721 0.000179 -0.001021
v -0.000200 0.000095 -0.000962
v -0.000098 0.000307 0.000766
v -0.000636 -0.000700 0.000408
v -0.000269 0.000199 -0.001148
v -0.000031 0.000158 -0.001165
v -0.000199 -0.000205 0.001174
v -0.000440 0.000702 0.000101
v -0.000263 0.000608 -0.000976
v -0.000716 0.000157 -0.000575
v -0.000538 0.000632 -0.000541
v -0.000593 -0.000628 0.000683
v -0.000231 -0.000531 -0.000506
v -0.000346 -0.000193 -0.001185
v -0.000762 0.000278 -0.000294
v -0.000366 0.000502 0.000459
v -0.000954 0.000321 0.000106
v -0.000292 0.000862 -0.000183
v -0.000794 0.000083 -0.000684
v -0.000543 0.000185 0.000583
v -0.000294 -0.000430 -0.000568
v -0.000208 0.000764 -0.000598
v -0.000041 -0.000408 0.001294
v -0.000070 -0.000318 0.001292
v -0.000137 -0.000394 0.001245
v -0.000115 0.000832 -0.000750
v -0.000220 0.000757 -0.000706
v -0.000232 -0.000325 -0.000660
v -0.000966 0.000265 0.000220
v -0.000185 -0.000451 -0.000100
v -0.000452 0.000138 0.000720
v -0.000697 -0.000272 -0.000225
v -0.000671 -0.000275 -0.000314
v -0.000710 0.000286 -0.001098
v -0.000365 -0.000264 -0.000756
v -0.000345 -0.000374 -0.000990
v -0.000717 -0.000182 -0.000360
v -0.000710 0.000546 -0.001125
v -0.000643 0.000568 -0.001278
v -0.000112 -0.000599 0.001298
v -0.000554 0.000617 0.000077
v -0.000785 -0.000160 -0.000616
v -0.000721 0.000592 0.000088
v -0.000830 0.000197 -0.000866
v -0.000430 -0.000186 -0.000696
v -0.000774 0.000197 -0.000296
v -0.000783 0.000131 -0.000362
v -0.000672 -0.000070 -0.000755
v -0.000511 -0.000315 -0.001407
v -0.000441 -0.000343 -0.001298
v -0.000396 0.000840 -0.000059
v -0.000591 -0.000283 -0.000660
v -0.000579 0.000249 0.000514
v -0.000676 0.000609 -0.001204
v -0.000239 0.000365 0.000583
v -0.000628 -0.000544 0.000067
v -0.000886 0.000171 -0.000004
v -0.000849 0.000127 -0.000781
v -0.000510 -0.000468 -0.000085
v -0.000346 -0.000372 -0.000655
v -0.000106 -0.000263 -0.000690
v -0.000451 -0.000070 -0.001184
v -0.000639 0.000691 -0.001315
v -0.000202 -0.000052 0.001148
v -0.000005 -0.000190 -0.000985
v -0.000180 0.000131 -0.001139
v -0.000068 -0.000245 0.001318
v -0.000137 0.000381 0.000616
v -0.000127 -0.000183 0.001237
v -0.000913 0.000376 0.000273
v -0.000498 -0.000115 0.000828
v -0.000874 0.000179 -0.000907
v -0.000112 0.000250 -0.001020
v -0.000164 0.000300 -0.001066
v -0.000620 0.000428 0.000337
v -0.000425 -0.000403 -0.000600
v -0.000605 0.000410 -0.000656
v -0.000261 -0.000220 -0.001128
v -0.000840 -0.000027 -0.000814
v -0.000366 0.000073 -0.000927
v -0.000305 0.000051 -0.000989
v -0.000825 0.000180 0.000344
v -0.000469 -0.000433 -0.000543
v -0.000482 0.000782 -0.000394
v -0.000494 0.000795 -0.000341
v -0.000624 0.000608 -0.001359
v -0.000805 0.000320 -0.000999
v -0.000157 -0.000376 -0.000324
v -0.000252 -0.000521 -0.000414
v -0.000582 -0.000108 -0.000749
v -0.000027 0.000260 -0.001104
v -0.000045 0.000864 -0.000198
v -0.000076 0.000862 -0.000370
v -0.000409 -0.000045 -0.001264
v -0.000354 0.000559 0.000430
v -0.000752 0.000476 -0.001095
v -0.000220 0.000269 0.000724
v -0.000795 0.000564 0.000049
v -0.000542 0.000084 0.000685
v -0.000740 -0.000294 -0.000469
v -0.000650 0.000644 -0.000026
v -0.000344 -0.000158 0.001037
v -0.000370 -0.000799 0.000054
v -0.000777 -0.000237 -0.000031
v -0.000731 0.000534 0.000220
v -0.000360 -0.000216 -0.000706
v -0.000345 -0.000148 -0.000753
v -0.000361 -0.000162 -0.001020
v -0.000367 -0.000718 0.000066
v -0.000589 0.000012 -0.000836
v -0.000529 -0.000053 -0.000788
v -0.000038 0.000856 -0.000019
v -0.000423 -0.000448 -0.000188
v -0.000316 0.000807 0.000002
v -0.000579 -0.000662 0.000214
v -0.000063 0.000540 0.000492
v -0.000294 0.000151 -0.001242
v -0.000488 0.000681 0.000049
v -0.000202 -0.000353 -0.000267
v -0.000031 -0.000500 0.001311
v -0.000331 -0.000420 0.001057
v -0.000671 -0.000245 -0.000693
v -0.000776 -0.000150 -0.000706
v -0.000647 0.000523 -0.001162
v -0.000648 0.000466 -0.001203
v -0.000634 0.000543 -0.001300
v -0.000384 0.000273 -0.001091
v -0.000405 -0.000345 -0.000866
v -0.000908 0.000156 0.000118
v -0.000123 0.000870 -0.000111
v -0.000129 0.000824 0.000011
v -0.000039 0.000489 -0.001025
v -0.000046 0.000570 -0.000974
v -0.000010 0.000358 0.000681
v -0.000017 0.000807 -0.000420
v -0.000773 -0.000244 -0.000583
v -0.000717 -0.000270 -0.000659
v -0.000708 0.000473 0.000298
v -0.000297 -0.000367 0.001119
v -0.000699 0.000576 -0.000236
v -0.000628 0.000732 -0.000404
v -0.000343 -0.000037 0.000954
v -0.000935 0.000389 0.000227
v -0.000720 0.000127 -0.000654
v -0.000614 0.000543 -0.000474
v -0.000282 0.000732 -0.000644
v -0.000338 0.000690 -0.000651
v -0.000420 -0.000180 0.000954
v -0.000032 0.000783 -0.000501
v -0.000611 -0.000343 -0.000210
v -0.000274 -0.000232 -0.000977
v -0.000223 0.000728 0.000174
v -0.000575 0.000569 -0.000823
v -0.000578 0.000792 -0.000308
v -0.000561 -0.000704 0.000802
v -0.000548 0.000615 -0.000627
v -0.000191 0.000010 0.001080
v -0.000318 -0.000107 -0.001257
v -0.000241 -0.000170 -0.001217
v -0.000068 -0.000074 -0.001190
v -0.000686 0.000652 -0.000236
v -0.000088 -0.000634 0.000022
v -0.000230 -0.000208 -0.000844
v -0.000739 0.000140 -0.000888
v -0.000827 0.000159 -0.000108
v -0.000289 -0.000627 0.000044
v -0.000841 0.000079 -0.000929
v -0.000621 -0.000744 0.000649
v -0.000366 0.000657 -0.000916
v -0.000705 0.000492 -0.000253
v -0.000014 -0.000663 0.001203
v -0.000289 0.000853 -0.000060
v -0.000801 0.000355 0.000326
v -0.000089 0.000115 -0.001137
v -0.000564 0.000696 -0.000049
v -0.000413 -0.000525 -0.000040
v -0.000193 0.000155 0.000872
v -0.000102 0.000224 0.000844
v -0.000736 -0.000335 -0.000089
v -0.000644 0.000108 0.000526
v -0.000536 -0.000844 0.000947
v -0.000760 0.000282 -0.000961
v -0.000717 0.000045 -0.000850
v -0.000717 0.000097 -0.000869
v -0.000672 0.000123 -0.000910
v -0.000011 -0.000331 -0.000256
v -0.000501 -0.000843 0.000074
v -0.000595 0.000687 -0.001361
v -0.000645 0.000638 -0.001229
v -0.000677 0.000414 -0.000364
v -0.000615 -0.000750 0.000376
v -0.000293 -0.000041 0.001044
v -0.000876 0.000457 0.000032
v -0.000639 -0.000009 0.000599
v -0.000027 0.000125 -0.001119
v -0.000618 0.000432 -0.000904
v -0.000836 0.000158 -0.001029
v -0.000051 0.000191 -0.001056
v -0.000665 0.000088 -0.000909
v -0.000419 -0.000285 -0.000679
v -0.000770 -0.000147 -0.000541
v -0.000782 -0.000226 -0.000505
v -0.000444 -0.000438 -0.001011
v -0.000345 -0.000412 -0.000989
v -0.000814 -0.000011 0.000242
v -0.000501 0.000214 -0.001156
v -0.000707 0.000206 -0.000929
v -0.000298 -0.000071 0.001148
v -0.000083 0.000614 0.000413
v -0.000847 0.000119 0.000298
v -0.000048 -0.000774 0.001099
v -0.000863 0.000046 0.000151
v -0.000110 -0.000186 -0.000985
v -0.000901 0.000279 0.000316
v -0.000301 -0.000535 -0.000019
v -0.000509 -0.000018 -0.001229
v -0.000448 -0.000313 -0.000660
v -0.000318 -0.000329 -0.000861
v -0.000322 0.000147 -0.000948
v -0.000145 -0.000079 0.001156
v -0.000357 0.000260 -0.001075
v -0.000240 0.000465 0.000525
v -0.000075 -0.000157 -0.001174
v -0.000018 -0.000161 -0.000847
v -0.000539 -0.000708 0.000240
v -0.000437 0.000742 -0.000037
v -0.000488 -0.000208 -0.001452
v -0.000123 -0.000569 -0.000483
v -0.000248 -0.000281 0.001149
v -0.000661 0.000543 -0.001111
v -0.000303 -0.000205 -0.000742
v -0.000047 0.000231 -0.001053
v -0.000043 0.000303 -0.001073
v -0.000065 0.000383 -0.001090
v -0.000860 0.000245 -0.000936
v -0.000337 0.000122 -0.001061
v -0.000416 -0.000355 -0.000666
v -0.000685 0.000149 -0.000904
v -0.000544 0.000653 -0.000719
v -0.000478 0.000674 -0.000733
v -0.000176 0.000678 0.000314
v -0.000312 0.000056 -0.000894
v -0.000456 -0.000286 -0.001383
v -0.000456 -0.000306 -0.001435
v -0.000464 -0.000422 -0.001047
v -0.000055 0.000824 -0.000682
v -0.000377 -0.000129 -0.000741
v -0.000621 0.000734 -0.001353
v -0.000456 -0.000178 -0.001491
v -0.000468 -0.000393 -0.001289
v -0.000504 -0.000385 -0.001339
v -0.000131 -0.000564 0.001350
v -0.000460 -0.000452 -0.001111
v -0.000408 -0.000424 -0.001213
v -0.000503 -0.000251 -0.001482
v -0.000243 -0.000122 0.001170
v -0.000554 0.000807 -0.000188
v -0.000567 0.000804 -0.000269
v -0.000474 0.000824 -0.000077
v -0.000512 0.000816 -0.000102
v -0.000572 0.000803 -0.000300
v -0.000360 0.000848 -0.000257
v -0.000284 0.000864 -0.000068
v -0.000399 0.000840 -0.000059
v -0.000469 0.000825 -0.000073
v -0.000542 0.000810 -0.000185
v -0.000458 0.000827 -0.000290
v -0.000411 0.000837 -0.000062
v -0.000520 0.000815 -0.000129
v -0.000327 0.000855 -0.000242
v -0.000254 0.000870 -0.000126
v -0.000271 0.000866 -0.000104
v -0.000405 0.000838 -0.000291
v -0.000513 0.000816 -0.000315
v -0.000332 0.000853 -0.000247
v 0.000002 -0.000176 -0.001136
v 0.000002 -0.000489 0.001305
v 0.000004 -0.000824 0.001079
v -0.000001 -0.000040 0.001178
v -0.000005 0.000788 -0.000509
v 0.000002 -0.000092 -0.001205
v -0.000000 -0.000141 0.001251
v 0.000003 -0.000580 0.001274
v -0.000005 0.000743 0.000168
v 0.000002 -0.000159 -0.000854
v -0.000000 0.000214 -0.001189
v -0.000003 0.000632 -0.000941
v 0.000004 -0.000794 0.001092
v -0.000005 0.000787 -0.000481
v -0.000005 0.000709 0.000263
v -0.000004 0.000659 0.000362
v 0.000002 -0.000180 -0.000792
v 0.000001 -0.000051 -0.001212
v 0.000005 -0.000824 0.000012
v 0.000004 -0.000515 -0.000452
v 0.000002 -0.000162 -0.000867
v -0.000005 0.000744 0.000163
v 0.000004 -0.000542 -0.000507
v -0.000004 0.000764 -0.000835
v -0.000001 0.000247 -0.001137
v -0.000001 0.000234 -0.001172
v -0.000005 0.000858 -0.000302
v -0.000004 0.000576 0.000466
v -0.000003 0.000587 -0.000976
v 0.000002 -0.000335 -0.000258
v -0.000005 0.000886 -0.000107
v -0.000004 0.000614 0.000427
v 0.000004 -0.000529 -0.000551
v 0.000001 -0.000372 0.001296
v 0.000004 -0.000592 -0.000007
v 0.000002 -0.000372 -0.000193
v -0.000003 0.000373 0.000665
v -0.000002 0.000165 0.000966
v -0.000002 0.000263 0.000821
v -0.000005 0.000678 0.000326
v -0.000003 0.000554 -0.000996
v 0.000002 -0.000215 -0.000749
v 0.000001 0.000036 -0.001215
v -0.000001 0.000002 0.001141
v -0.000002 0.000494 -0.001026
v 0.000002 -0.000189 -0.000984
v 0.000003 -0.000661 0.001203
v 0.000004 -0.000538 -0.000541
v 0.000003 -0.000422 -0.000376
v 0.000004 -0.000705 0.001152
v 0.000002 -0.000193 -0.001111
v 0.000004 -0.000676 0.000021
v 0.000001 -0.000317 0.001296
v 0.000003 -0.000534 -0.000046
v 0.000004 -0.000765 0.001115
v -0.000004 0.000804 -0.000784
v -0.000005 0.000833 -0.000353
v -0.000002 0.000451 -0.001034
v 0.000231 -0.000852 0.001034
v 0.000653 -0.000849 0.000604
v 0.000522 -0.000850 0.000080
v 0.000665 -0.000849 0.000794
v 0.000482 -0.000851 0.000961
v 0.000670 -0.000849 0.000733
v 0.000658 -0.000850 0.000819
v 0.000269 -0.000851 0.000054
v 0.000093 -0.000853 0.001078
v 0.000574 -0.000849 0.000164
v 0.000631 -0.000849 0.000342
v 0.000615 -0.000849 0.000317
v 0.000121 -0.000852 0.000014
v 0.000118 -0.000853 0.001069
v 0.000567 -0.000849 0.000152
v 0.000656 -0.000849 0.000569
v 0.000414 -0.000850 0.000057
v 0.000650 -0.000849 0.000515
v 0.000363 -0.000852 0.000996
v 0.000509 -0.000850 0.000074
v 0.000602 -0.000850 0.000897
v 0.000567 -0.000850 0.000935
v 0.000547 -0.000850 0.000948
v 0.000540 -0.000850 0.000950
v 0.000322 -0.000851 0.000056
v 0.000577 -0.000849 0.000169
v 0.000335 -0.000852 0.001006
v -0.000221 -0.000855 0.001034
v -0.000643 -0.000858 0.000603
v -0.000511 -0.000856 0.000079
v -0.000655 -0.000858 0.000793
v -0.000472 -0.000857 0.000961
v -0.000660 -0.000858 0.000732
v -0.000649 -0.000858 0.000818
v -0.000259 -0.000855 0.000053
v -0.000084 -0.000855 0.001078
v -0.000564 -0.000857 0.000163
v -0.000620 -0.000857 0.000341
v -0.000605 -0.000857 0.000316
v -0.000111 -0.000854 0.000014
v -0.000109 -0.000855 0.001069
v -0.000557 -0.000856 0.000151
v -0.000647 -0.000858 0.000568
v -0.000403 -0.000855 0.000057
v -0.000640 -0.000857 0.000514
v -0.000353 -0.000856 0.000996
v -0.000498 -0.000856 0.000073
v -0.000593 -0.000858 0.000896
v -0.000557 -0.000857 0.000934
v -0.000538 -0.000857 0.000947
v -0.000531 -0.000857 0.000949
v -0.000311 -0.000855 0.000056
v -0.000566 -0.000857 0.000168
v -0.000325 -0.000856 0.001006
v 0.000005 -0.000853 0.000004
v 0.000005 -0.000854 0.001086
vt 0.948387 0.151001
vt 0.947845 0.150766
vt 0.947920 0.150976
vt 0.244099 0.509657
vt 0.246180 0.509663
vt 0.244955 0.506586
vt 0.324718 0.043501
vt 0.327766 0.043563
vt 0.327633 0.040898
vt 0.956211 0.357921
vt 0.954950 0.357367
vt 0.956286 0.359027
vt 0.760282 0.392263
vt 0.758978 0.394122
vt 0.760649 0.393192
vt 0.954187 0.355879
vt 0.245908 0.503070
vt 0.250083 0.505191
vt 0.853976 0.886415
vt 0.852256 0.884930
vt 0.851540 0.886297
vt 0.177465 0.508908
vt 0.174991 0.510390
vt 0.175663 0.514294
vt 0.185644 0.502740
vt 0.185971 0.497841
vt 0.183693 0.501042
vt 0.761916 0.392448
vt 0.806141 0.191745
vt 0.809365 0.189475
vt 0.808078 0.188906
vt 0.550397 0.774629
vt 0.551902 0.773428
vt 0.550386 0.771807
vt 0.666047 0.167654
vt 0.665355 0.166974
vt 0.664991 0.168542
vt 0.011357 0.765427
vt 0.008668 0.766596
vt 0.010617 0.766476
vt 0.887062 0.884985
vt 0.888485 0.886626
vt 0.889050 0.885943
vt 0.963996 0.939065
vt 0.960242 0.935400
vt 0.958022 0.939123
vt 0.961141 0.898141
vt 0.962966 0.904335
vt 0.964158 0.898281
vt 0.667911 0.944572
vt 0.670040 0.944282
vt 0.670204 0.940288
vt 0.819488 0.392896
vt 0.821029 0.394285
vt 0.820685 0.392476
vt 0.622749 0.683188
vt 0.624232 0.682423
vt 0.621828 0.680223
vt 0.817981 0.393439
vt 0.817940 0.394913
vt 0.819515 0.394057
vt 0.964544 0.915629
vt 0.962826 0.911179
vt 0.959298 0.913803
vt 0.772524 0.518995
vt 0.771212 0.520997
vt 0.772161 0.522122
vt 0.736469 0.547074
vt 0.734392 0.546317
vt 0.734245 0.548919
vt 0.131642 0.688994
vt 0.128789 0.689187
vt 0.129995 0.689984
vt 0.233600 0.106171
vt 0.232369 0.106981
vt 0.232970 0.107820
vt 0.368125 0.779246
vt 0.371767 0.778161
vt 0.369611 0.775887
vt 0.237676 0.488120
vt 0.237671 0.489988
vt 0.239807 0.487543
vt 0.973162 0.946948
vt 0.973375 0.945788
vt 0.970200 0.946317
vt 0.498533 0.308531
vt 0.495747 0.308454
vt 0.497030 0.310083
vt 0.312269 0.018965
vt 0.312378 0.019158
vt 0.313273 0.020609
vt 0.314520 0.021522
vt 0.423890 0.450287
vt 0.421945 0.449886
vt 0.424249 0.453480
vt 0.059016 0.474977
vt 0.057301 0.474660
vt 0.057021 0.475831
vt 0.376650 0.553540
vt 0.382775 0.544502
vt 0.375812 0.547831
vt 0.801190 0.187050
vt 0.800179 0.188360
vt 0.803485 0.189952
vt 0.078729 0.933607
vt 0.080723 0.932943
vt 0.077521 0.933036
vt 0.551709 0.776050
vt 0.554785 0.775480
vt 0.554847 0.774054
vt 0.175397 0.518089
vt 0.171674 0.520632
vt 0.173656 0.522589
vt 0.230766 0.265666
vt 0.231129 0.267397
vt 0.232282 0.267725
vt 0.967567 0.897951
vt 0.966103 0.894587
vt 0.065506 0.008130
vt 0.063889 0.009263
vt 0.068229 0.009621
vt 0.426732 0.459201
vt 0.424212 0.460165
vt 0.427155 0.462472
vt 0.417612 0.552554
vt 0.415949 0.552645
vt 0.417866 0.553370
vt 0.184116 0.489764
vt 0.183748 0.494732
vt 0.186065 0.490700
vt 0.318939 0.029534
vt 0.320994 0.033292
vt 0.322081 0.026927
vt 0.491750 0.160356
vt 0.491361 0.159624
vt 0.488154 0.159984
vt 0.216469 0.823521
vt 0.213250 0.824453
vt 0.216022 0.825127
vt 0.963666 0.925943
vt 0.965064 0.931174
vt 0.968565 0.924004
vt 0.954529 0.923150
vt 0.957754 0.919150
vt 0.951210 0.912824
vt 0.085142 0.143425
vt 0.084285 0.145535
vt 0.085532 0.145381
vt 0.173941 0.516336
vt 0.342261 0.546018
vt 0.342211 0.548450
vt 0.343641 0.549973
vt 0.171236 0.516296
vt 0.172420 0.517090
vt 0.426479 0.464395
vt 0.431462 0.464480
vt 0.429082 0.462113
vt 0.670129 0.460861
vt 0.668991 0.459434
vt 0.669970 0.462805
vt 0.621236 0.863319
vt 0.619744 0.865343
vt 0.621349 0.864970
vt 0.229189 0.037972
vt 0.229049 0.037402
vt 0.228127 0.037891
vt 0.489850 0.319825
vt 0.492691 0.316664
vt 0.487630 0.320360
vt 0.485782 0.314749
vt 0.483111 0.314574
vt 0.483567 0.315523
vt 0.402311 0.746821
vt 0.399341 0.744467
vt 0.400142 0.748100
vt 0.248720 0.499132
vt 0.949409 0.933726
vt 0.950283 0.923486
vt 0.944178 0.927021
vt 0.965863 0.944629
vt 0.965380 0.948212
vt 0.524824 0.494354
vt 0.523749 0.494342
vt 0.524693 0.495509
vt 0.367575 0.547708
vt 0.371790 0.546251
vt 0.367088 0.546756
vt 0.331946 0.890253
vt 0.329581 0.890252
vt 0.330978 0.892470
vt 0.845465 0.892886
vt 0.847184 0.893864
vt 0.846796 0.892435
vt 0.837872 0.847862
vt 0.839544 0.847615
vt 0.837525 0.846931
vt 0.427267 0.559828
vt 0.430750 0.553631
vt 0.425616 0.558848
vt 0.986259 0.848511
vt 0.987907 0.850830
vt 0.987474 0.848911
vt 0.947641 0.911032
vt 0.064453 0.014746
vt 0.066652 0.015391
vt 0.065385 0.011988
vt 0.341526 0.549849
vt 0.342804 0.553223
vt 0.428348 0.456615
vt 0.426775 0.457053
vt 0.430261 0.459670
vt 0.969209 0.943117
vt 0.971212 0.940425
vt 0.217484 0.021681
vt 0.218497 0.019516
vt 0.217475 0.019563
vt 0.633551 0.311117
vt 0.640044 0.318734
vt 0.639608 0.314992
vt 0.622283 0.505463
vt 0.620983 0.509971
vt 0.622611 0.508110
vt 0.275008 0.690863
vt 0.275547 0.690082
vt 0.272764 0.689662
vt 0.237732 0.498414
vt 0.240831 0.503536
vt 0.242050 0.498666
vt 0.236698 0.501314
vt 0.043310 0.479315
vt 0.042887 0.478309
vt 0.041596 0.478051
vt 0.960984 0.905090
vt 0.593342 0.670011
vt 0.594854 0.672621
vt 0.596733 0.670419
vt 0.945379 0.921609
vt 0.145961 0.989176
vt 0.144331 0.991831
vt 0.146853 0.989910
vt 0.837242 0.997023
vt 0.836400 0.997466
vt 0.837867 0.998973
vt 0.644198 0.115141
vt 0.645691 0.114554
vt 0.644213 0.113769
vt 0.664727 0.496120
vt 0.667369 0.496101
vt 0.665424 0.493388
vt 0.956553 0.898663
vt 0.956572 0.905054
vt 0.219273 0.022827
vt 0.220096 0.019226
vt 0.630620 0.943336
vt 0.630735 0.944685
vt 0.633805 0.944493
vt 0.620653 0.676288
vt 0.625497 0.678788
vt 0.622316 0.674999
vt 0.956218 0.740528
vt 0.956215 0.742277
vt 0.957518 0.741830
vt 0.953758 0.928787
vt 0.672583 0.411131
vt 0.672507 0.409711
vt 0.669579 0.409849
vt 0.242574 0.493864
vt 0.239736 0.495654
vt 0.245106 0.494846
vt 0.379091 0.539275
vt 0.379018 0.539280
vt 0.377458 0.541015
vt 0.380664 0.540020
vt 0.675654 0.648355
vt 0.676937 0.649041
vt 0.676451 0.647328
vt 0.986567 0.293042
vt 0.987837 0.292953
vt 0.986777 0.291249
vt 0.904669 0.484936
vt 0.904634 0.485145
vt 0.906427 0.484528
vt 0.495902 0.981702
vt 0.496104 0.981622
vt 0.495997 0.981549
vt 0.957878 0.957249
vt 0.957986 0.954892
vt 0.956125 0.956681
vt 0.608017 0.607669
vt 0.607982 0.607476
vt 0.606975 0.605725
vt 0.605549 0.605231
vt 0.971317 0.918598
vt 0.969731 0.915597
vt 0.965034 0.918953
vt 0.672750 0.288378
vt 0.674653 0.286974
vt 0.673916 0.284738
vt 0.791642 0.133407
vt 0.790310 0.133619
vt 0.790472 0.134737
vt 0.033465 0.461666
vt 0.032452 0.460981
vt 0.032919 0.462968
vt 0.951819 0.906289
vt 0.949575 0.899850
vt 0.946302 0.906962
vt 0.951551 0.892515
vt 0.949243 0.894826
vt 0.952482 0.892640
vt 0.629708 0.382055
vt 0.629999 0.380692
vt 0.628703 0.382534
vt 0.967713 0.935298
vt 0.970211 0.938341
vt 0.493841 0.310425
vt 0.490731 0.312445
vt 0.497150 0.312506
vt 0.677115 0.941971
vt 0.674241 0.943912
vt 0.675518 0.945570
vt 0.959066 0.927319
vt 0.268036 0.681734
vt 0.270026 0.681524
vt 0.268249 0.679567
vt 0.808046 0.199049
vt 0.811052 0.198401
vt 0.810460 0.195977
vt 0.806162 0.197938
vt 0.971237 0.949008
vt 0.970477 0.950343
vt 0.958033 0.943774
vt 0.955260 0.944038
vt 0.432971 0.470897
vt 0.432313 0.468998
vt 0.430478 0.468851
vt 0.952130 0.901636
vt 0.345876 0.551100
vt 0.237212 0.045548
vt 0.237825 0.041147
vt 0.237161 0.040537
vt 0.181333 0.497049
vt 0.461059 0.795763
vt 0.457798 0.797684
vt 0.459759 0.799588
vt 0.613968 0.768626
vt 0.614013 0.765490
vt 0.610868 0.766894
vt 0.591977 0.666676
vt 0.590203 0.668427
vt 0.959224 0.951739
vt 0.958631 0.950381
vt 0.328504 0.892526
vt 0.575249 0.618363
vt 0.577620 0.615965
vt 0.574617 0.615909
vt 0.955846 0.912695
vt 0.964231 0.894584
vt 0.900625 0.626113
vt 0.900610 0.628974
vt 0.901924 0.628152
vt 0.476746 0.283817
vt 0.476258 0.285551
vt 0.478016 0.285276
vt 0.953935 0.897036
vt 0.251213 0.500347
vt 0.251393 0.503292
vt 0.252508 0.501716
vt 0.235602 0.496515
vt 0.419689 0.685643
vt 0.421440 0.688854
vt 0.422728 0.685997
vt 0.470508 0.944882
vt 0.469858 0.945835
vt 0.471528 0.946026
vt 0.694373 0.322967
vt 0.695274 0.321868
vt 0.691305 0.323772
vt 0.693495 0.323793
vt 0.371886 0.540975
vt 0.372099 0.541367
vt 0.372314 0.540867
vt 0.776434 0.657977
vt 0.777794 0.657274
vt 0.775677 0.656467
vt 0.966076 0.904641
vt 0.152979 0.992480
vt 0.152468 0.994172
vt 0.155013 0.992603
vt 0.023615 0.465657
vt 0.024308 0.466428
vt 0.024766 0.464526
vt 0.897284 0.295203
vt 0.898585 0.295520
vt 0.898447 0.294837
vt 0.077834 0.618086
vt 0.079184 0.619488
vt 0.079127 0.617892
vt 0.203139 0.912568
vt 0.202777 0.913131
vt 0.203762 0.912975
vt 0.819165 0.943000
vt 0.819411 0.941531
vt 0.817331 0.942403
vt 0.475956 0.153879
vt 0.475895 0.152148
vt 0.474998 0.151090
vt 0.962469 0.944992
vt 0.962549 0.952961
vt 0.428441 0.375925
vt 0.425899 0.377513
vt 0.428719 0.380731
vt 0.696112 0.982131
vt 0.695041 0.981916
vt 0.693984 0.982598
vt 0.572495 0.927405
vt 0.568815 0.925206
vt 0.571371 0.928760
vt 0.961147 0.960995
vt 0.962952 0.959332
vt 0.961199 0.957709
vt 0.629392 0.107447
vt 0.630408 0.106791
vt 0.629194 0.105855
vt 0.776931 0.629380
vt 0.777385 0.631040
vt 0.778714 0.630980
vt 0.140661 0.814718
vt 0.142537 0.816890
vt 0.141983 0.813920
vt 0.330887 0.042087
vt 0.238566 0.504266
vt 0.363405 0.139894
vt 0.362678 0.140749
vt 0.365099 0.141283
vt 0.945279 0.903128
vt 0.783872 0.278651
vt 0.782088 0.278876
vt 0.782369 0.280050
vt 0.781071 0.277381
vt 0.473637 0.290988
vt 0.473419 0.291143
vt 0.474206 0.290994
vt 0.250941 0.523461
vt 0.252049 0.523663
vt 0.252678 0.517324
vt 0.058059 0.003264
vt 0.059686 0.006708
vt 0.061427 0.005000
vt 0.970138 0.201451
vt 0.969836 0.200313
vt 0.968738 0.201864
vt 0.216372 0.327585
vt 0.217065 0.328378
vt 0.217317 0.327005
vt 0.910787 0.629105
vt 0.912172 0.629571
vt 0.912066 0.627954
vt 0.677567 0.939140
vt 0.673660 0.938319
vt 0.678587 0.940050
vt 0.526815 0.963128
vt 0.528068 0.962712
vt 0.527674 0.962478
vt 0.525314 0.963133
vt 0.579726 0.631349
vt 0.581823 0.633321
vt 0.579459 0.628234
vt 0.577241 0.628240
vt 0.915678 0.936111
vt 0.914227 0.935203
vt 0.913673 0.936274
vt 0.509697 0.050695
vt 0.510874 0.050868
vt 0.510088 0.049618
vt 0.147303 0.916608
vt 0.146237 0.915390
vt 0.144932 0.916571
vt 0.939102 0.923000
vt 0.938130 0.932363
vt 0.939879 0.926963
vt 0.812933 0.196384
vt 0.812312 0.194267
vt 0.645634 0.317582
vt 0.643310 0.317185
vt 0.575929 0.942341
vt 0.576222 0.943312
vt 0.576810 0.942630
vt 0.942439 0.938325
vt 0.942536 0.942004
vt 0.943925 0.938722
vt 0.090971 0.962640
vt 0.088682 0.964642
vt 0.089482 0.966278
vt 0.468944 0.295862
vt 0.472401 0.294058
vt 0.470916 0.293504
vt 0.420904 0.955954
vt 0.422195 0.955698
vt 0.422072 0.954589
vt 0.715477 0.838994
vt 0.715092 0.837552
vt 0.713875 0.839148
vt 0.714442 0.908983
vt 0.714756 0.906315
vt 0.712722 0.906009
vt 0.675782 0.649572
vt 0.166526 0.497970
vt 0.161851 0.499165
vt 0.163876 0.500110
vt 0.223542 0.029421
vt 0.225069 0.027565
vt 0.220549 0.026771
vt 0.935636 0.913791
vt 0.934180 0.917335
vt 0.935978 0.921489
vt 0.493248 0.040843
vt 0.492867 0.041516
vt 0.494013 0.041823
vt 0.493517 0.040650
vt 0.626671 0.680600
vt 0.622961 0.678846
vt 0.577688 0.613813
vt 0.575427 0.611773
vt 0.197917 0.093483
vt 0.199436 0.093562
vt 0.198258 0.091871
vt 0.963987 0.310580
vt 0.962021 0.310121
vt 0.962741 0.311459
vt 0.943582 0.943184
vt 0.946747 0.941562
vt 0.826332 0.344211
vt 0.826944 0.341110
vt 0.824854 0.343907
vt 0.579094 0.633479
vt 0.581400 0.635974
vt 0.241999 0.508557
vt 0.239078 0.506284
vt 0.380737 0.542735
vt 0.383664 0.540012
vt 0.457728 0.796803
vt 0.456857 0.798990
vt 0.457492 0.798534
vt 0.316797 0.040582
vt 0.320382 0.037671
vt 0.180364 0.493367
vt 0.174633 0.490244
vt 0.627689 0.944629
vt 0.629310 0.941853
vt 0.627361 0.943324
vt 0.883401 0.332215
vt 0.882796 0.334641
vt 0.883892 0.335171
vt 0.581095 0.617873
vt 0.580627 0.619630
vt 0.582873 0.619985
vt 0.055483 0.649533
vt 0.053918 0.650519
vt 0.055637 0.653398
vt 0.212226 0.824897
vt 0.212912 0.825741
vt 0.428176 0.385507
vt 0.425824 0.383651
vt 0.421952 0.386061
vt 0.432065 0.260425
vt 0.431432 0.259447
vt 0.430644 0.261014
vt 0.355994 0.147337
vt 0.355317 0.147997
vt 0.355011 0.149266
vt 0.195860 0.165309
vt 0.195407 0.163412
vt 0.194385 0.164370
vt 0.577275 0.633533
vt 0.577964 0.631648
vt 0.703980 0.918768
vt 0.706421 0.916748
vt 0.704359 0.917036
vt 0.678314 0.943728
vt 0.352764 0.544376
vt 0.353856 0.550863
vt 0.356015 0.547878
vt 0.612366 0.762334
vt 0.615679 0.763421
vt 0.615127 0.762114
vt 0.958880 0.906139
vt 0.398153 0.377032
vt 0.399097 0.377792
vt 0.398790 0.376360
vt 0.375726 0.557443
vt 0.374206 0.553690
vt 0.374241 0.559656
vt 0.373265 0.561119
vt 0.376394 0.558571
vt 0.958615 0.947561
vt 0.951484 0.948854
vt 0.658392 0.523783
vt 0.658228 0.524486
vt 0.658973 0.524635
vt 0.659616 0.523397
vt 0.704724 0.819735
vt 0.704254 0.820242
vt 0.704458 0.820202
vt 0.228413 0.033443
vt 0.224642 0.032766
vt 0.224958 0.036072
vt 0.876560 0.579808
vt 0.876252 0.581453
vt 0.876812 0.580453
vt 0.950959 0.937134
vt 0.945624 0.936576
vt 0.949892 0.941162
vt 0.578236 0.807468
vt 0.580370 0.803580
vt 0.576572 0.804644
vt 0.969123 0.958118
vt 0.969161 0.958085
vt 0.970765 0.956702
vt 0.965833 0.956427
vt 0.496413 0.307132
vt 0.496081 0.305972
vt 0.454853 0.013652
vt 0.455734 0.014553
vt 0.456322 0.013425
vt 0.960029 0.931536
vt 0.584671 0.639658
vt 0.583461 0.639073
vt 0.583420 0.640157
vt 0.534661 0.499799
vt 0.537609 0.500423
vt 0.536670 0.497825
vt 0.319939 0.053574
vt 0.316996 0.049172
vt 0.315840 0.054817
vt 0.174333 0.505702
vt 0.177206 0.506059
vt 0.938361 0.910384
vt 0.940859 0.912103
vt 0.960976 0.892199
vt 0.467290 0.947961
vt 0.472314 0.946779
vt 0.955273 0.932308
vt 0.627707 0.534801
vt 0.633699 0.534595
vt 0.626825 0.531340
vt 0.631118 0.535577
vt 0.631166 0.529322
vt 0.633290 0.530448
vt 0.628635 0.529124
vt 0.669058 0.466466
vt 0.668485 0.464343
vt 0.665979 0.465536
vt 0.599287 0.830141
vt 0.600367 0.831929
vt 0.601744 0.829589
vt 0.420404 0.381541
vt 0.418418 0.383467
vt 0.419774 0.387744
vt 0.967040 0.910150
vt 0.801489 0.193843
vt 0.802588 0.196683
vt 0.221563 0.023134
vt 0.769579 0.517724
vt 0.768109 0.520501
vt 0.769232 0.519159
vt 0.152251 0.959924
vt 0.150245 0.957035
vt 0.150687 0.959518
vt 0.374628 0.477890
vt 0.374420 0.478893
vt 0.375805 0.478250
vt 0.967665 0.951912
vt 0.217876 0.029834
vt 0.220802 0.030089
vt 0.218962 0.028837
vt 0.296876 0.412673
vt 0.296471 0.411520
vt 0.295074 0.412647
vt 0.276522 0.865476
vt 0.278934 0.864743
vt 0.279923 0.863334
vt 0.763393 0.963565
vt 0.762775 0.963795
vt 0.763331 0.963969
vt 0.763557 0.963772
vt 0.369884 0.539796
vt 0.369876 0.540892
vt 0.431573 0.379924
vt 0.430927 0.377328
vt 0.973946 0.927944
vt 0.974324 0.926378
vt 0.971256 0.930352
vt 0.861053 0.867219
vt 0.862757 0.866263
vt 0.861749 0.865888
vt 0.863715 0.865076
vt 0.235795 0.050679
vt 0.236416 0.048171
vt 0.233929 0.043437
vt 0.233681 0.052001
vt 0.061596 0.019367
vt 0.065864 0.018150
vt 0.061389 0.015396
vt 0.965095 0.953618
vt 0.344711 0.544281
vt 0.346222 0.548332
vt 0.565824 0.633555
vt 0.564464 0.639614
vt 0.567277 0.635377
vt 0.692308 0.324818
vt 0.690544 0.325617
vt 0.620243 0.863728
vt 0.578299 0.618142
vt 0.250338 0.502482
vt 0.865959 0.943554
vt 0.864628 0.942061
vt 0.864744 0.944289
vt 0.013991 0.924635
vt 0.012605 0.925198
vt 0.012758 0.927761
vt 0.924533 0.396164
vt 0.923895 0.393562
vt 0.922121 0.394600
vt 0.065997 0.004774
vt 0.068042 0.008256
vt 0.070077 0.008066
vt 0.172990 0.512488
vt 0.656143 0.938844
vt 0.653867 0.939314
vt 0.653274 0.939554
vt 0.653909 0.941447
vt 0.266982 0.851092
vt 0.264593 0.847747
vt 0.266568 0.851612
vt 0.433587 0.470318
vt 0.905615 0.233985
vt 0.906031 0.232491
vt 0.905198 0.232589
vt 0.522606 0.118167
vt 0.522668 0.118464
vt 0.523996 0.119424
vt 0.523371 0.118239
vt 0.108388 0.968755
vt 0.105842 0.970655
vt 0.108759 0.969861
vt 0.738321 0.797107
vt 0.737813 0.795919
vt 0.737784 0.798778
vt 0.198903 0.617725
vt 0.198093 0.618312
vt 0.199572 0.618918
vt 0.421459 0.456363
vt 0.091011 0.880185
vt 0.089004 0.879208
vt 0.088763 0.882190
vt 0.636346 0.842733
vt 0.635464 0.839074
vt 0.634662 0.841411
vt 0.236046 0.506854
vt 0.235660 0.509516
vt 0.196466 0.601254
vt 0.196588 0.602571
vt 0.197351 0.600966
vt 0.733618 0.677084
vt 0.731331 0.677215
vt 0.733482 0.679032
vt 0.131459 0.687868
vt 0.317742 0.043311
vt 0.321718 0.047674
vt 0.323400 0.043754
vt 0.348195 0.552330
vt 0.350715 0.554992
vt 0.350118 0.550511
vt 0.225888 0.029224
vt 0.167455 0.498220
vt 0.731978 0.992661
vt 0.731753 0.994092
vt 0.732751 0.993201
vt 0.938887 0.667533
vt 0.938017 0.670343
vt 0.939676 0.669884
vt 0.426930 0.373158
vt 0.425390 0.374280
vt 0.636338 0.533704
vt 0.635729 0.532628
vt 0.917923 0.468997
vt 0.917434 0.472035
vt 0.919145 0.469007
vt 0.666635 0.490871
vt 0.665123 0.491492
vt 0.663695 0.493170
vt 0.192435 0.633291
vt 0.191468 0.632595
vt 0.192323 0.634135
vt 0.211993 0.659204
vt 0.210497 0.660782
vt 0.211849 0.661910
vt 0.972665 0.933304
vt 0.711535 0.846110
vt 0.711569 0.844521
vt 0.708759 0.845679
vt 0.562385 0.986537
vt 0.561113 0.987655
vt 0.563222 0.991410
vt 0.560277 0.989429
vt 0.358690 0.551821
vt 0.358230 0.548595
vt 0.190016 0.609608
vt 0.189011 0.610940
vt 0.190715 0.610657
vt 0.779731 0.629366
vt 0.188129 0.639779
vt 0.189543 0.640114
vt 0.189552 0.638845
vt 0.005828 0.201466
vt 0.005146 0.200499
vt 0.004664 0.202791
vt 0.056347 0.201727
vt 0.055932 0.200684
vt 0.055586 0.202697
vt 0.113294 0.816508
vt 0.112661 0.815607
vt 0.110654 0.816865
vt 0.044323 0.840684
vt 0.044971 0.838897
vt 0.042302 0.838886
vt 0.954862 0.955162
vt 0.950209 0.950896
vt 0.950381 0.952833
vt 0.211643 0.664750
vt 0.214177 0.663622
vt 0.936868 0.905581
vt 0.936647 0.906023
vt 0.940747 0.908352
vt 0.350225 0.546107
vt 0.667738 0.458822
vt 0.666503 0.459754
vt 0.798519 0.573931
vt 0.797599 0.575023
vt 0.798472 0.575488
vt 0.526158 0.935971
vt 0.529064 0.935039
vt 0.525965 0.934673
vt 0.351330 0.535809
vt 0.351847 0.534027
vt 0.351072 0.538241
vt 0.770591 0.080951
vt 0.769308 0.080941
vt 0.770035 0.081900
vt 0.180706 0.849165
vt 0.177871 0.851931
vt 0.181646 0.849991
vt 0.178549 0.850015
vt 0.961703 0.922401
vt 0.668734 0.087303
vt 0.668231 0.085770
vt 0.667474 0.086545
vt 0.427908 0.454911
vt 0.426255 0.455795
vt 0.170551 0.490157
vt 0.171119 0.495060
vt 0.174721 0.495986
vt 0.319704 0.019345
vt 0.320999 0.021174
vt 0.323439 0.019046
vt 0.384084 0.550385
vt 0.386952 0.549711
vt 0.820547 0.941703
vt 0.176059 0.579890
vt 0.177582 0.579162
vt 0.176382 0.578804
vt 0.610748 0.606623
vt 0.611169 0.604720
vt 0.609997 0.603730
vt 0.007548 0.207676
vt 0.008576 0.206785
vt 0.007477 0.205422
vt 0.656152 0.743953
vt 0.655850 0.742124
vt 0.654317 0.743468
vt 0.580490 0.942178
vt 0.583006 0.940721
vt 0.581769 0.939394
vt 0.626464 0.502087
vt 0.627413 0.500122
vt 0.626215 0.500191
vt 0.607677 0.161186
vt 0.608090 0.161521
vt 0.609039 0.161188
vt 0.608800 0.159672
vt 0.630424 0.620883
vt 0.631238 0.617751
vt 0.630615 0.617895
vt 0.960856 0.563468
vt 0.961702 0.564438
vt 0.961971 0.562835
vt 0.415589 0.179601
vt 0.414486 0.178326
vt 0.413880 0.179598
vt 0.178044 0.496239
vt 0.627011 0.528024
vt 0.961116 0.942979
vt 0.491919 0.474835
vt 0.489645 0.476268
vt 0.492859 0.478905
vt 0.960321 0.925675
vt 0.174246 0.488733
vt 0.213856 0.825919
vt 0.215177 0.826372
vt 0.929775 0.607724
vt 0.929483 0.609081
vt 0.931161 0.607709
vt 0.103608 0.779074
vt 0.102810 0.782890
vt 0.104761 0.780366
vt 0.314294 0.061695
vt 0.313334 0.063786
vt 0.315634 0.064283
vt 0.147774 0.991805
vt 0.875010 0.337190
vt 0.875094 0.336891
vt 0.873574 0.336213
vt 0.660168 0.660706
vt 0.656203 0.660392
vt 0.655747 0.662927
vt 0.937799 0.493628
vt 0.938677 0.495489
vt 0.939603 0.495290
vt 0.960377 0.956459
vt 0.061626 0.011149
vt 0.801833 0.190805
vt 0.966691 0.912771
vt 0.908001 0.462978
vt 0.910150 0.464314
vt 0.909231 0.463591
vt 0.171744 0.502585
vt 0.175241 0.501016
vt 0.173801 0.501556
vt 0.420751 0.558489
vt 0.421908 0.556453
vt 0.235835 0.053081
vt 0.170867 0.501034
vt 0.169004 0.499784
vt 0.169536 0.502740
vt 0.114166 0.827178
vt 0.113161 0.830910
vt 0.115503 0.830424
vt 0.208949 0.712261
vt 0.209596 0.713738
vt 0.209250 0.709414
vt 0.222005 0.032116
vt 0.222062 0.034192
vt 0.203769 0.947648
vt 0.200869 0.949667
vt 0.201954 0.949832
vt 0.806320 0.948081
vt 0.807692 0.947517
vt 0.805699 0.946724
vt 0.804549 0.947538
vt 0.232264 0.499917
vt 0.233414 0.501600
vt 0.038107 0.006811
vt 0.038460 0.005995
vt 0.036898 0.006146
vt 0.687198 0.179997
vt 0.686843 0.178937
vt 0.685173 0.179057
vt 0.670687 0.947164
vt 0.671703 0.945129
vt 0.233629 0.021049
vt 0.233794 0.021263
vt 0.233851 0.021150
vt 0.673690 0.753153
vt 0.673632 0.752800
vt 0.673356 0.752600
vt 0.571991 0.614170
vt 0.228380 0.029960
vt 0.958108 0.960954
vt 0.809969 0.873560
vt 0.810941 0.874660
vt 0.811551 0.873129
vt 0.936681 0.927206
vt 0.036437 0.976981
vt 0.035108 0.973447
vt 0.033895 0.976279
vt 0.242723 0.344601
vt 0.241630 0.344619
vt 0.243014 0.345930
vt 0.272823 0.129940
vt 0.272475 0.128663
vt 0.270839 0.129699
vt 0.170318 0.496352
vt 0.538748 0.495306
vt 0.538990 0.492090
vt 0.536439 0.494826
vt 0.230165 0.475149
vt 0.230812 0.474030
vt 0.229971 0.473254
vt 0.975775 0.414333
vt 0.975637 0.410668
vt 0.974543 0.412504
vt 0.457999 0.950889
vt 0.458304 0.952900
vt 0.459188 0.950814
vt 0.469486 0.964989
vt 0.470024 0.959141
vt 0.467250 0.963593
vt 0.468109 0.964635
vt 0.386081 0.540881
vt 0.388109 0.545516
vt 0.740648 0.747753
vt 0.739810 0.747914
vt 0.739411 0.750088
vt 0.741005 0.749097
vt 0.229626 0.050514
vt 0.232164 0.054642
vt 0.893643 0.321524
vt 0.893604 0.321455
vt 0.892635 0.321477
vt 0.891997 0.322369
vt 0.637080 0.780003
vt 0.638259 0.781515
vt 0.641122 0.781336
vt 0.638690 0.777043
vt 0.063983 0.020871
vt 0.065193 0.020434
vt 0.140007 0.968486
vt 0.138949 0.967891
vt 0.138357 0.969375
vt 0.662892 0.946435
vt 0.659952 0.942078
vt 0.658618 0.942584
vt 0.537531 0.489751
vt 0.534854 0.491635
vt 0.657939 0.486025
vt 0.661066 0.487176
vt 0.660724 0.485409
vt 0.663087 0.485763
vt 0.662129 0.488031
vt 0.971686 0.911996
vt 0.971278 0.913541
vt 0.972352 0.913103
vt 0.381363 0.560408
vt 0.380307 0.556383
vt 0.251093 0.526691
vt 0.254219 0.524230
vt 0.710240 0.468333
vt 0.711920 0.470649
vt 0.713275 0.470071
vt 0.731868 0.909647
vt 0.730656 0.911440
vt 0.733483 0.910637
vt 0.255671 0.514803
vt 0.251341 0.516892
vt 0.386403 0.559628
vt 0.388348 0.558339
vt 0.671241 0.852360
vt 0.673976 0.854820
vt 0.674566 0.851872
vt 0.470406 0.293669
vt 0.470747 0.293477
vt 0.963440 0.957209
vt 0.250142 0.735318
vt 0.255763 0.736932
vt 0.255117 0.736325
vt 0.433117 0.051376
vt 0.435145 0.051008
vt 0.434006 0.050773
vt 0.659637 0.664374
vt 0.957269 0.416371
vt 0.957385 0.417687
vt 0.958840 0.418503
vt 0.094914 0.955141
vt 0.089681 0.955763
vt 0.093808 0.955940
vt 0.936562 0.379739
vt 0.938005 0.381004
vt 0.939173 0.380098
vt 0.709098 0.131160
vt 0.708561 0.132482
vt 0.710410 0.130623
vt 0.941520 0.381840
vt 0.940576 0.380477
vt 0.709306 0.130056
vt 0.601262 0.782570
vt 0.598428 0.786774
vt 0.602387 0.783960
vt 0.061232 0.227917
vt 0.060549 0.225503
vt 0.059992 0.226650
vt 0.599097 0.305783
vt 0.599760 0.305954
vt 0.599776 0.302007
vt 0.749820 0.588312
vt 0.752684 0.588679
vt 0.752648 0.588124
vt 0.651173 0.631387
vt 0.649070 0.633738
vt 0.651777 0.634595
vt 0.088604 0.883657
vt 0.090461 0.883306
vt 0.622606 0.861853
vt 0.218360 0.022653
vt 0.216871 0.023253
vt 0.221663 0.025467
vt 0.637504 0.311479
vt 0.635906 0.309163
vt 0.475701 0.288847
vt 0.478762 0.288736
vt 0.476312 0.286496
vt 0.300378 0.935324
vt 0.302055 0.938043
vt 0.302472 0.936425
vt 0.179613 0.499622
vt 0.178480 0.501813
vt 0.178399 0.487023
vt 0.158784 0.942171
vt 0.159331 0.940982
vt 0.155142 0.940678
vt 0.017854 0.230389
vt 0.019386 0.230327
vt 0.017136 0.229291
vt 0.665835 0.486586
vt 0.663698 0.489789
vt 0.666810 0.488085
vt 0.268256 0.123045
vt 0.269435 0.123781
vt 0.270765 0.122594
vt 0.315708 0.044269
vt 0.141689 0.712432
vt 0.140642 0.711666
vt 0.138507 0.712473
vt 0.236906 0.494476
vt 0.237578 0.492727
vt 0.878093 0.565402
vt 0.879300 0.565783
vt 0.879695 0.563560
vt 0.253102 0.947061
vt 0.253554 0.948536
vt 0.254580 0.946819
vt 0.862054 0.457722
vt 0.860249 0.458191
vt 0.861321 0.459233
vt 0.859276 0.458707
vt 0.348173 0.544642
vt 0.166899 0.501912
vt 0.167148 0.504179
vt 0.168439 0.503373
vt 0.166173 0.504908
vt 0.913303 0.935011
vt 0.912295 0.935257
vt 0.737589 0.641775
vt 0.734997 0.642509
vt 0.736315 0.643565
vt 0.537776 0.660803
vt 0.534786 0.661848
vt 0.538092 0.663040
vt 0.104022 0.971933
vt 0.105784 0.972245
vt 0.372315 0.550709
vt 0.370053 0.554378
vt 0.671300 0.466358
vt 0.232104 0.040395
vt 0.231292 0.045838
vt 0.229583 0.041239
vt 0.812710 0.874850
vt 0.518913 0.982648
vt 0.521037 0.984151
vt 0.524398 0.984144
vt 0.311999 0.066892
vt 0.310103 0.069355
vt 0.315197 0.067123
vt 0.201779 0.996117
vt 0.202573 0.993435
vt 0.199733 0.993242
vt 0.879046 0.917612
vt 0.878273 0.917440
vt 0.878731 0.918950
vt 0.979835 0.940910
vt 0.982357 0.940807
vt 0.980763 0.939990
vt 0.253691 0.527729
vt 0.711180 0.839229
vt 0.711034 0.839711
vt 0.711862 0.841854
vt 0.712848 0.839474
vt 0.240063 0.492026
vt 0.786674 0.482046
vt 0.784546 0.481481
vt 0.785656 0.482557
vt 0.238262 0.491618
vt 0.250934 0.506860
vt 0.252511 0.503847
vt 0.108324 0.343212
vt 0.110371 0.344106
vt 0.109729 0.342699
vt 0.582331 0.638434
vt 0.580221 0.637029
vt 0.823437 0.885948
vt 0.822481 0.883195
vt 0.821528 0.884919
vt 0.620683 0.547552
vt 0.620644 0.547475
vt 0.620373 0.547899
vt 0.714686 0.470059
vt 0.715434 0.470099
vt 0.715110 0.469733
vt 0.948053 0.810761
vt 0.947456 0.811500
vt 0.949366 0.813011
vt 0.737374 0.695260
vt 0.738862 0.693599
vt 0.737450 0.693598
vt 0.980524 0.958372
vt 0.981244 0.957091
vt 0.980967 0.956455
vt 0.598476 0.671916
vt 0.596216 0.672844
vt 0.426724 0.450860
vt 0.424688 0.448567
vt 0.246923 0.496394
vt 0.524409 0.629789
vt 0.524768 0.634260
vt 0.525770 0.629625
vt 0.521692 0.636543
vt 0.521683 0.632283
vt 0.520215 0.635736
vt 0.805276 0.788210
vt 0.802873 0.787871
vt 0.802426 0.789069
vt 0.927010 0.756721
vt 0.926133 0.754810
vt 0.926000 0.755864
vt 0.563748 0.937240
vt 0.563849 0.936686
vt 0.562829 0.936297
vt 0.266775 0.088637
vt 0.265838 0.088135
vt 0.266710 0.089966
vt 0.406862 0.148138
vt 0.406146 0.146304
vt 0.405175 0.146610
vt 0.378104 0.502332
vt 0.378210 0.500721
vt 0.377561 0.502207
vt 0.221134 0.023845
vt 0.308460 0.070580
vt 0.305389 0.073732
vt 0.306699 0.073202
vt 0.305791 0.071616
vt 0.664361 0.500532
vt 0.666569 0.503342
vt 0.666073 0.500755
vt 0.622018 0.858519
vt 0.621923 0.860821
vt 0.624033 0.856459
vt 0.633532 0.378701
vt 0.634957 0.379553
vt 0.637473 0.376604
vt 0.828644 0.117680
vt 0.828833 0.117113
vt 0.827935 0.116107
vt 0.817671 0.812126
vt 0.817848 0.813314
vt 0.819812 0.812580
vt 0.817320 0.948319
vt 0.815912 0.950431
vt 0.816527 0.950857
vt 0.416902 0.386993
vt 0.924643 0.951491
vt 0.924175 0.949863
vt 0.923208 0.950103
vt 0.699868 0.759767
vt 0.700810 0.758802
vt 0.700250 0.757755
vt 0.696738 0.761282
vt 0.698887 0.764196
vt 0.744144 0.602529
vt 0.744365 0.606642
vt 0.745818 0.606454
vt 0.814456 0.196675
vt 0.815499 0.195869
vt 0.812578 0.193058
vt 0.573048 0.610351
vt 0.573626 0.612559
vt 0.746842 0.814136
vt 0.744750 0.811002
vt 0.744821 0.812849
vt 0.812077 0.191344
vt 0.649921 0.635346
vt 0.650435 0.637066
vt 0.072793 0.696557
vt 0.075014 0.693787
vt 0.072793 0.695238
vt 0.582356 0.116078
vt 0.583294 0.118060
vt 0.584201 0.116555
vt 0.906528 0.484518
vt 0.906403 0.484630
vt 0.904236 0.486823
vt 0.904959 0.487611
vt 0.527543 0.622281
vt 0.527012 0.620856
vt 0.277460 0.691981
vt 0.154966 0.217700
vt 0.156670 0.215695
vt 0.155195 0.216124
vt 0.004342 0.920996
vt 0.001539 0.921444
vt 0.004351 0.922192
vt 0.766014 0.802135
vt 0.764884 0.801544
vt 0.765290 0.802622
vt 0.183098 0.499428
vt 0.098656 0.787251
vt 0.099071 0.788648
vt 0.100472 0.785771
vt 0.101380 0.788169
vt 0.941759 0.933199
vt 0.940185 0.935661
vt 0.731147 0.757629
vt 0.732267 0.756935
vt 0.729954 0.756040
vt 0.730106 0.757357
vt 0.729299 0.758622
vt 0.641258 0.321080
vt 0.933978 0.919392
vt 0.657450 0.658163
vt 0.659172 0.657938
vt 0.705963 0.267970
vt 0.705902 0.265342
vt 0.705710 0.266830
vt 0.168917 0.492533
vt 0.169448 0.489389
vt 0.753411 0.951551
vt 0.752356 0.950330
vt 0.751647 0.951536
vt 0.913034 0.482333
vt 0.910616 0.481170
vt 0.909615 0.482958
vt 0.959966 0.413002
vt 0.959138 0.411361
vt 0.958735 0.412812
vt 0.956296 0.411550
vt 0.784944 0.279236
vt 0.240296 0.486498
vt 0.879167 0.901608
vt 0.881069 0.899817
vt 0.878695 0.900380
vt 0.073391 0.780032
vt 0.070809 0.782015
vt 0.071332 0.782555
vt 0.179785 0.847790
vt 0.520622 0.135311
vt 0.522401 0.135640
vt 0.520919 0.134337
vt 0.141708 0.818030
vt 0.140707 0.816588
vt 0.142790 0.818330
vt 0.697360 0.765040
vt 0.698916 0.765531
vt 0.945491 0.611474
vt 0.944818 0.610119
vt 0.943320 0.610729
vt 0.349844 0.540857
vt 0.279917 0.873398
vt 0.280840 0.872070
vt 0.279688 0.868901
vt 0.782614 0.461480
vt 0.782254 0.460846
vt 0.781428 0.461727
vt 0.782407 0.462534
vt 0.972586 0.943892
vt 0.096360 0.647115
vt 0.096718 0.649351
vt 0.099465 0.649356
vt 0.901191 0.136636
vt 0.900598 0.139331
vt 0.901468 0.138186
vt 0.094423 0.647314
vt 0.053439 0.715015
vt 0.054798 0.714927
vt 0.054640 0.713883
vt 0.521767 0.638188
vt 0.520703 0.639548
vt 0.490454 0.307023
vt 0.490785 0.305647
vt 0.543193 0.494189
vt 0.540241 0.496586
vt 0.471726 0.431224
vt 0.474606 0.427685
vt 0.470861 0.428398
vt 0.421225 0.445295
vt 0.420359 0.447601
vt 0.797912 0.185469
vt 0.797077 0.186576
vt 0.625395 0.854855
vt 0.623883 0.855215
vt 0.901709 0.466522
vt 0.901711 0.466673
vt 0.902680 0.466037
vt 0.612813 0.606236
vt 0.931323 0.621803
vt 0.933527 0.623275
vt 0.933290 0.620929
vt 0.119385 0.830544
vt 0.123293 0.829374
vt 0.120080 0.828225
vt 0.316580 0.067867
vt 0.320628 0.068380
vt 0.318268 0.066510
vt 0.969323 0.897351
vt 0.968291 0.896813
vt 0.969682 0.899007
vt 0.134004 0.690896
vt 0.133333 0.689004
vt 0.435601 0.975085
vt 0.437839 0.975978
vt 0.437635 0.974573
vt 0.120942 0.018410
vt 0.121307 0.018768
vt 0.121224 0.018668
vt 0.954609 0.892635
vt 0.955146 0.893824
vt 0.701969 0.081249
vt 0.703279 0.081544
vt 0.703461 0.079601
vt 0.702778 0.082602
vt 0.803276 0.644288
vt 0.806211 0.641593
vt 0.804653 0.642890
vt 0.741452 0.763831
vt 0.741514 0.762131
vt 0.739252 0.764888
vt 0.318657 0.021366
vt 0.318202 0.019573
vt 0.132706 0.043295
vt 0.132894 0.041277
vt 0.132077 0.042212
vt 0.546166 0.928581
vt 0.547500 0.929363
vt 0.548918 0.928933
vt 0.840544 0.409679
vt 0.837218 0.408745
vt 0.838934 0.410368
vt 0.974609 0.937263
vt 0.957367 0.893577
vt 0.920415 0.909622
vt 0.918324 0.910366
vt 0.918105 0.911467
vt 0.455709 0.952357
vt 0.455699 0.953505
vt 0.671670 0.282113
vt 0.132407 0.229097
vt 0.130951 0.227576
vt 0.131281 0.229286
vt 0.906517 0.401340
vt 0.905841 0.400221
vt 0.904621 0.400575
vt 0.242816 0.510191
vt 0.462250 0.486320
vt 0.462862 0.485643
vt 0.461204 0.485611
vt 0.540574 0.661024
vt 0.737971 0.466692
vt 0.738482 0.468797
vt 0.738783 0.466095
vt 0.517685 0.983850
vt 0.534002 0.501917
vt 0.533819 0.505074
vt 0.535656 0.503268
vt 0.757722 0.659781
vt 0.755968 0.658512
vt 0.756805 0.661091
vt 0.668884 0.855363
vt 0.671440 0.856544
vt 0.915884 0.792197
vt 0.915397 0.789515
vt 0.914525 0.792205
vt 0.648581 0.940132
vt 0.648026 0.940140
vt 0.645199 0.942242
vt 0.648327 0.942111
vt 0.567885 0.662095
vt 0.567496 0.660502
vt 0.566724 0.662369
vt 0.463993 0.423675
vt 0.465245 0.425184
vt 0.468087 0.422732
vt 0.271053 0.650496
vt 0.271347 0.653154
vt 0.273461 0.650974
vt 0.977652 0.142474
vt 0.978676 0.141472
vt 0.977839 0.139811
vt 0.178727 0.507455
vt 0.180006 0.505472
vt 0.915857 0.645819
vt 0.913416 0.644807
vt 0.914051 0.646864
vt 0.232321 0.049450
vt 0.555929 0.775194
vt 0.945503 0.657436
vt 0.945897 0.655563
vt 0.945039 0.655333
vt 0.798595 0.188050
vt 0.658081 0.485218
vt 0.459999 0.794352
vt 0.458526 0.795398
vt 0.078342 0.931845
vt 0.127976 0.589461
vt 0.128651 0.587019
vt 0.127911 0.587561
vt 0.332229 0.888172
vt 0.924217 0.948558
vt 0.585204 0.592991
vt 0.583741 0.593650
vt 0.586013 0.594486
vt 0.249342 0.509078
vt 0.663116 0.491377
vt 0.032454 0.768416
vt 0.032570 0.765403
vt 0.031014 0.767912
vt 0.094996 0.062522
vt 0.094441 0.064231
vt 0.095777 0.063244
vt 0.051813 0.717658
vt 0.052870 0.718031
vt 0.053594 0.716551
vt 0.582358 0.943346
vt 0.583398 0.942862
vt 0.582015 0.622211
vt 0.584093 0.622965
vt 0.583721 0.624006
vt 0.232374 0.501788
vt 0.890216 0.219540
vt 0.890794 0.218229
vt 0.889408 0.218228
vt 0.637448 0.386414
vt 0.637766 0.380509
vt 0.636697 0.386622
vt 0.679919 0.946607
vt 0.678538 0.947389
vt 0.678956 0.947578
vt 0.097804 0.646415
vt 0.433193 0.381418
vt 0.432075 0.382164
vt 0.623477 0.684777
vt 0.622436 0.684816
vt 0.732899 0.634530
vt 0.731783 0.635966
vt 0.733702 0.636663
vt 0.967259 0.907604
vt 0.104593 0.793958
vt 0.105777 0.790379
vt 0.103847 0.790098
vt 0.112307 0.827988
vt 0.835491 0.923083
vt 0.834142 0.923330
vt 0.835675 0.924744
vt 0.836825 0.922674
vt 0.875920 0.221721
vt 0.875897 0.220668
vt 0.874455 0.220711
vt 0.509478 0.686977
vt 0.507139 0.686506
vt 0.508949 0.689291
vt 0.510937 0.689684
vt 0.536019 0.253190
vt 0.534611 0.254576
vt 0.536835 0.253645
vt 0.660597 0.744858
vt 0.659158 0.739209
vt 0.659751 0.744772
vt 0.103622 0.791821
vt 0.736658 0.645785
vt 0.736749 0.646613
vt 0.738134 0.647647
vt 0.739416 0.645715
vt 0.739147 0.648319
vt 0.499140 0.094061
vt 0.499376 0.091527
vt 0.498299 0.091959
vt 0.711333 0.840939
vt 0.710976 0.842089
vt 0.713082 0.910841
vt 0.714211 0.910557
vt 0.712107 0.909536
vt 0.666677 0.496868
vt 0.914214 0.928345
vt 0.913568 0.929269
vt 0.913826 0.931934
vt 0.630087 0.536664
vt 0.349920 0.598906
vt 0.351349 0.598405
vt 0.350174 0.597741
vt 0.962326 0.962404
vt 0.963549 0.961185
vt 0.200142 0.153220
vt 0.199933 0.153873
vt 0.200660 0.153069
vt 0.882392 0.333336
vt 0.882671 0.331354
vt 0.880806 0.331981
vt 0.943839 0.581236
vt 0.945288 0.581604
vt 0.943747 0.580327
vt 0.254594 0.512299
vt 0.251997 0.513339
vt 0.842152 0.312339
vt 0.842653 0.311114
vt 0.840740 0.311935
vt 0.084234 0.649807
vt 0.084730 0.649338
vt 0.081291 0.646508
vt 0.842418 0.882650
vt 0.844529 0.881912
vt 0.842793 0.880369
vt 0.805649 0.787012
vt 0.804515 0.786851
vt 0.178022 0.848273
vt 0.396525 0.744483
vt 0.228743 0.050260
vt 0.374556 0.545415
vt 0.003414 0.919302
vt 0.001308 0.919228
vt 0.420612 0.384455
vt 0.429142 0.558151
vt 0.706614 0.958509
vt 0.705385 0.959554
vt 0.711758 0.958665
vt 0.417053 0.387844
vt 0.416861 0.387554
vt 0.671583 0.287714
vt 0.671881 0.288455
vt 0.419171 0.560772
vt 0.416151 0.560649
vt 0.597592 0.302126
vt 0.600358 0.298726
vt 0.254594 0.518371
vt 0.255277 0.517184
vt 0.530736 0.935547
vt 0.534080 0.936037
vt 0.536338 0.934787
vt 0.918835 0.313339
vt 0.920776 0.314822
vt 0.918433 0.310315
vt 0.904427 0.233624
vt 0.815797 0.951427
vt 0.702333 0.162648
vt 0.699238 0.163574
vt 0.701156 0.163570
vt 0.628216 0.106497
vt 0.276749 0.689969
vt 0.830814 0.396692
vt 0.829029 0.396953
vt 0.829194 0.398381
vt 0.668925 0.946121
vt 0.432593 0.723137
vt 0.435515 0.723903
vt 0.434592 0.722815
vt 0.235728 0.053662
vt 0.960987 0.901341
vt 0.968964 0.902544
vt 0.081934 0.088934
vt 0.083636 0.087920
vt 0.082426 0.087650
vt 0.423052 0.446094
vt 0.694624 0.318896
vt 0.691107 0.321626
vt 0.951067 0.415968
vt 0.950929 0.416824
vt 0.953103 0.414796
vt 0.306641 0.938654
vt 0.306028 0.937330
vt 0.326883 0.051934
vt 0.325181 0.047857
vt 0.353751 0.540901
vt 0.372055 0.780616
vt 0.373427 0.780926
vt 0.281162 0.874257
vt 0.281059 0.876484
vt 0.941956 0.901846
vt 0.602065 0.292260
vt 0.600927 0.295737
vt 0.604095 0.291866
vt 0.973632 0.929544
vt 0.530299 0.985279
vt 0.527988 0.983718
vt 0.525360 0.984055
vt 0.599442 0.297411
vt 0.570349 0.226722
vt 0.571344 0.227394
vt 0.572357 0.225658
vt 0.255212 0.508673
vt 0.255176 0.505200
vt 0.253318 0.505981
vt 0.604453 0.605085
vt 0.861419 0.341292
vt 0.860403 0.340081
vt 0.860140 0.343221
vt 0.980981 0.206900
vt 0.979591 0.206621
vt 0.980438 0.207706
vt 0.673864 0.947812
vt 0.011113 0.174859
vt 0.010279 0.174619
vt 0.010315 0.176739
vt 0.529769 0.937206
vt 0.532221 0.937483
vt 0.435705 0.976734
vt 0.434051 0.974629
vt 0.433947 0.976336
vt 0.940259 0.766277
vt 0.939353 0.764802
vt 0.940065 0.767676
vt 0.117416 0.702908
vt 0.118853 0.701416
vt 0.116607 0.700406
vt 0.597777 0.826662
vt 0.596308 0.827256
vt 0.114880 0.099455
vt 0.115088 0.100981
vt 0.116184 0.099208
vt 0.423265 0.457198
vt 0.060322 0.018633
vt 0.581818 0.592762
vt 0.582556 0.591540
vt 0.959249 0.895240
vt 0.965693 0.960072
vt 0.967611 0.959942
vt 0.968025 0.959879
vt 0.523970 0.637594
vt 0.682987 0.027506
vt 0.683782 0.028469
vt 0.684502 0.027417
vt 0.432588 0.466512
vt 0.607944 0.289347
vt 0.604513 0.290806
vt 0.207456 0.709214
vt 0.427682 0.550727
vt 0.427125 0.553470
vt 0.429947 0.551599
vt 0.710082 0.468995
vt 0.709364 0.469807
vt 0.711268 0.471473
vt 0.678933 0.938085
vt 0.678203 0.938827
vt 0.938202 0.145960
vt 0.939042 0.148513
vt 0.938945 0.146765
vt 0.173246 0.506349
vt 0.741082 0.997588
vt 0.740009 0.997982
vt 0.740977 0.998419
vt 0.855719 0.033199
vt 0.856508 0.034492
vt 0.857252 0.033530
vt 0.914731 0.932487
vt 0.967022 0.921594
vt 0.422247 0.461432
vt 0.423777 0.462177
vt 0.515310 0.984179
vt 0.516971 0.984852
vt 0.089231 0.065638
vt 0.088869 0.065192
vt 0.088787 0.065267
vt 0.644363 0.662812
vt 0.644418 0.662618
vt 0.644231 0.662605
vt 0.445930 0.176721
vt 0.445721 0.177683
vt 0.447068 0.177216
vt 0.657127 0.945563
vt 0.634989 0.941267
vt 0.633686 0.943343
vt 0.639605 0.941897
vt 0.135225 0.838037
vt 0.131155 0.839810
vt 0.131903 0.840388
vt 0.959426 0.901402
vt 0.491530 0.258544
vt 0.491370 0.260527
vt 0.492470 0.260758
vt 0.569093 0.923949
vt 0.571712 0.925883
vt 0.963323 0.687032
vt 0.963835 0.688260
vt 0.964413 0.685697
vt 0.280038 0.692886
vt 0.279256 0.693482
vt 0.253482 0.529543
vt 0.583214 0.636404
vt 0.584851 0.637607
vt 0.680501 0.945941
vt 0.680297 0.943893
vt 0.647613 0.657470
vt 0.647050 0.658640
vt 0.648599 0.657701
vt 0.522497 0.965224
vt 0.523543 0.965010
vt 0.525401 0.964109
vt 0.522679 0.965356
vt 0.544172 0.778948
vt 0.544795 0.779549
vt 0.546180 0.779022
vt 0.546253 0.778634
vt 0.964240 0.960890
vt 0.965517 0.960180
vt 0.961902 0.962680
vt 0.967459 0.769871
vt 0.968045 0.770048
vt 0.968878 0.769773
vt 0.968540 0.768094
vt 0.968085 0.959882
vt 0.467243 0.295227
vt 0.696220 0.763229
vt 0.696304 0.764870
vt 0.696406 0.764898
vt 0.531913 0.667914
vt 0.532358 0.667987
vt 0.531722 0.667599
vt 0.530202 0.667284
vt 0.470825 0.293397
vt 0.698126 0.661366
vt 0.697627 0.660821
vt 0.697192 0.661762
vt 0.658727 0.515345
vt 0.658157 0.514763
vt 0.658061 0.515220
vt 0.659136 0.513881
vt 0.658150 0.513836
vt 0.670509 0.279679
vt 0.669779 0.280298
vt 0.670197 0.281587
vt 0.548871 0.932153
vt 0.550033 0.932794
vt 0.551084 0.931599
vt 0.803478 0.197771
vt 0.805085 0.198391
vt 0.674922 0.940032
vt 0.674756 0.940058
vt 0.669779 0.939540
vt 0.668594 0.939584
vt 0.668126 0.939997
vt 0.879152 0.871789
vt 0.879320 0.872920
vt 0.879292 0.872566
vt 0.879060 0.870400
vt 0.473337 0.946639
vt 0.551056 0.927234
vt 0.549293 0.930195
vt 0.551323 0.930640
vt 0.551904 0.928722
vt 0.564894 0.629379
vt 0.564705 0.629574
vt 0.564889 0.631081
vt 0.805742 0.199301
vt 0.806605 0.198565
vt 0.741659 0.997131
vt 0.740702 0.997007
vt 0.429583 0.548871
vt 0.428297 0.549583
vt 0.254093 0.109225
vt 0.254520 0.108333
vt 0.254085 0.108680
vt 0.620830 0.549981
vt 0.622382 0.548460
vt 0.620794 0.547704
vt 0.622927 0.940434
vt 0.626288 0.939559
vt 0.623594 0.938820
vt 0.661659 0.940111
vt 0.664809 0.942813
vt 0.664698 0.940133
vt 0.663068 0.939075
vt 0.690013 0.082546
vt 0.688110 0.081831
vt 0.687701 0.082145
vt 0.687696 0.082455
vt 0.123976 0.390176
vt 0.123774 0.389117
vt 0.123495 0.389868
vt 0.444422 0.765193
vt 0.442896 0.766069
vt 0.446695 0.765225
vt 0.963155 0.289643
vt 0.965104 0.290448
vt 0.964326 0.288303
vt 0.657188 0.939208
vt 0.522240 0.116731
vt 0.522220 0.117491
vt 0.770101 0.899303
vt 0.769654 0.900077
vt 0.770318 0.900264
vt 0.119473 0.828364
vt 0.119091 0.830008
vt 0.709143 0.470310
vt 0.709620 0.471017
vt 0.373619 0.188792
vt 0.372584 0.188356
vt 0.372567 0.188363
vt 0.372401 0.189710
vt 0.695110 0.320406
vt 0.696408 0.318268
vt 0.470338 0.429767
vt 0.471501 0.431592
vt 0.602062 0.600998
vt 0.601298 0.601711
vt 0.602660 0.602111
vt 0.605184 0.601603
vt 0.842678 0.314503
vt 0.841660 0.314797
vt 0.841080 0.315763
vt 0.841066 0.315917
vt 0.842952 0.312907
vt 0.842028 0.313953
vt 0.671303 0.285689
vt 0.412506 0.556606
vt 0.412683 0.555209
vt 0.411675 0.556041
vt 0.774785 0.481027
vt 0.777251 0.480879
vt 0.776440 0.479944
vt 0.775098 0.480042
vt 0.468879 0.944856
vt 0.468832 0.944849
vt 0.066413 0.367851
vt 0.066609 0.369203
vt 0.067545 0.367492
vt 0.473984 0.290670
vt 0.473772 0.290817
vt 0.421321 0.553811
vt 0.421167 0.553767
vt 0.970523 0.905170
vt 0.971467 0.903428
vt 0.971337 0.903240
vt 0.624717 0.941214
vt 0.626647 0.939562
vt 0.848806 0.488933
vt 0.848608 0.489615
vt 0.848956 0.490297
vt 0.849423 0.490254
vt 0.592739 0.461127
vt 0.590199 0.456093
vt 0.589857 0.458493
vt 0.590618 0.461296
vt 0.229584 0.036009
vt 0.632911 0.939950
vt 0.630624 0.939616
vt 0.626982 0.939591
vt 0.848283 0.488959
vt 0.117520 0.021558
vt 0.119114 0.021062
vt 0.118212 0.020064
vt 0.117826 0.020053
vt 0.422613 0.387812
vt 0.423214 0.387865
vt 0.567835 0.628003
vt 0.567188 0.627196
vt 0.567440 0.626892
vt 0.653344 0.939366
vt 0.097062 0.592090
vt 0.096813 0.590999
vt 0.096699 0.590977
vt 0.095613 0.591567
vt 0.568126 0.073323
vt 0.567561 0.073557
vt 0.568981 0.074349
vt 0.948387 0.151001
vt 0.947920 0.150976
vt 0.947845 0.150766
vt 0.244099 0.509657
vt 0.244955 0.506586
vt 0.246180 0.509663
vt 0.324718 0.043501
vt 0.327633 0.040898
vt 0.327766 0.043563
vt 0.956211 0.357921
vt 0.956286 0.359027
vt 0.954950 0.357367
vt 0.760282 0.392263
vt 0.760649 0.393192
vt 0.758978 0.394122
vt 0.954187 0.355879
vt 0.245908 0.503070
vt 0.250083 0.505191
vt 0.853976 0.886415
vt 0.851540 0.886297
vt 0.852256 0.884930
vt 0.177465 0.508908
vt 0.175663 0.514294
vt 0.174991 0.510390
vt 0.185644 0.502740
vt 0.183693 0.501042
vt 0.185971 0.497841
vt 0.761916 0.392448
vt 0.806141 0.191745
vt 0.808078 0.188906
vt 0.809365 0.189475
vt 0.550397 0.774629
vt 0.550386 0.771807
vt 0.551902 0.773428
vt 0.666047 0.167654
vt 0.664991 0.168542
vt 0.665355 0.166974
vt 0.011357 0.765427
vt 0.010617 0.766476
vt 0.008668 0.766596
vt 0.887062 0.884985
vt 0.889050 0.885943
vt 0.888485 0.886626
vt 0.963996 0.939065
vt 0.958022 0.939123
vt 0.960242 0.935400
vt 0.961141 0.898141
vt 0.964158 0.898281
vt 0.962966 0.904335
vt 0.667911 0.944572
vt 0.670204 0.940288
vt 0.670040 0.944282
vt 0.819488 0.392896
vt 0.820685 0.392476
vt 0.821029 0.394285
vt 0.622749 0.683188
vt 0.621828 0.680223
vt 0.624232 0.682423
vt 0.817981 0.393439
vt 0.819515 0.394057
vt 0.817940 0.394913
vt 0.964544 0.915629
vt 0.959298 0.913803
vt 0.962826 0.911179
vt 0.772524 0.518995
vt 0.772161 0.522122
vt 0.771212 0.520997
vt 0.736469 0.547074
vt 0.734245 0.548919
vt 0.734392 0.546317
vt 0.131642 0.688994
vt 0.129995 0.689984
vt 0.128789 0.689187
vt 0.233600 0.106171
vt 0.232970 0.107820
vt 0.232369 0.106981
vt 0.368125 0.779246
vt 0.369611 0.775887
vt 0.371767 0.778161
vt 0.237676 0.488120
vt 0.239807 0.487543
vt 0.237671 0.489988
vt 0.973162 0.946948
vt 0.970200 0.946317
vt 0.973375 0.945788
vt 0.498533 0.308531
vt 0.497030 0.310083
vt 0.495747 0.308454
vt 0.312378 0.019158
vt 0.312269 0.018965
vt 0.314520 0.021522
vt 0.313273 0.020609
vt 0.423890 0.450287
vt 0.424249 0.453480
vt 0.421945 0.449886
vt 0.059016 0.474977
vt 0.057021 0.475831
vt 0.057301 0.474660
vt 0.376650 0.553540
vt 0.375812 0.547831
vt 0.382775 0.544502
vt 0.801190 0.187050
vt 0.803485 0.189952
vt 0.800179 0.188360
vt 0.078729 0.933607
vt 0.077521 0.933036
vt 0.080723 0.932943
vt 0.551709 0.776050
vt 0.554847 0.774054
vt 0.554785 0.775480
vt 0.175397 0.518089
vt 0.173656 0.522589
vt 0.171674 0.520632
vt 0.230766 0.265666
vt 0.232282 0.267725
vt 0.231129 0.267397
vt 0.966103 0.894587
vt 0.967567 0.897951
vt 0.065506 0.008130
vt 0.068229 0.009621
vt 0.063889 0.009263
vt 0.426732 0.459201
vt 0.427155 0.462472
vt 0.424212 0.460165
vt 0.417866 0.553370
vt 0.184116 0.489764
vt 0.186065 0.490700
vt 0.183748 0.494732
vt 0.318939 0.029534
vt 0.322081 0.026927
vt 0.320994 0.033292
vt 0.491750 0.160356
vt 0.488154 0.159984
vt 0.491361 0.159624
vt 0.216469 0.823521
vt 0.216022 0.825127
vt 0.213250 0.824453
vt 0.963666 0.925943
vt 0.968565 0.924004
vt 0.965064 0.931174
vt 0.954529 0.923150
vt 0.951210 0.912824
vt 0.957754 0.919150
vt 0.085142 0.143425
vt 0.085532 0.145381
vt 0.084285 0.145535
vt 0.173941 0.516336
vt 0.342261 0.546018
vt 0.343641 0.549973
vt 0.342211 0.548450
vt 0.171236 0.516296
vt 0.172420 0.517090
vt 0.426479 0.464395
vt 0.429082 0.462113
vt 0.431462 0.464480
vt 0.670129 0.460861
vt 0.669970 0.462805
vt 0.668991 0.459434
vt 0.621236 0.863319
vt 0.621349 0.864970
vt 0.619744 0.865343
vt 0.228127 0.037891
vt 0.489850 0.319825
vt 0.487630 0.320360
vt 0.492691 0.316664
vt 0.485782 0.314749
vt 0.483567 0.315523
vt 0.483111 0.314574
vt 0.402311 0.746821
vt 0.400142 0.748100
vt 0.399341 0.744467
vt 0.248720 0.499132
vt 0.949409 0.933726
vt 0.944178 0.927021
vt 0.950283 0.923486
vt 0.965380 0.948212
vt 0.965863 0.944629
vt 0.524824 0.494354
vt 0.524693 0.495509
vt 0.523749 0.494342
vt 0.367575 0.547708
vt 0.367088 0.546756
vt 0.371790 0.546251
vt 0.331946 0.890253
vt 0.330978 0.892470
vt 0.329581 0.890252
vt 0.845465 0.892886
vt 0.846796 0.892435
vt 0.847184 0.893864
vt 0.837872 0.847862
vt 0.837525 0.846931
vt 0.839544 0.847615
vt 0.427267 0.559828
vt 0.425616 0.558848
vt 0.430750 0.553631
vt 0.986259 0.848511
vt 0.987474 0.848911
vt 0.987907 0.850830
vt 0.947641 0.911032
vt 0.064453 0.014746
vt 0.065385 0.011988
vt 0.066652 0.015391
vt 0.342804 0.553223
vt 0.341526 0.549849
vt 0.428348 0.456615
vt 0.430261 0.459670
vt 0.426775 0.457053
vt 0.969209 0.943117
vt 0.971212 0.940425
vt 0.217484 0.021681
vt 0.217475 0.019563
vt 0.218497 0.019516
vt 0.633551 0.311117
vt 0.639608 0.314992
vt 0.640044 0.318734
vt 0.622283 0.505463
vt 0.622611 0.508110
vt 0.620983 0.509971
vt 0.275008 0.690863
vt 0.272764 0.689662
vt 0.275547 0.690082
vt 0.237732 0.498414
vt 0.242050 0.498666
vt 0.240831 0.503536
vt 0.236698 0.501314
vt 0.043310 0.479315
vt 0.041596 0.478051
vt 0.042887 0.478309
vt 0.960984 0.905090
vt 0.593342 0.670011
vt 0.596733 0.670419
vt 0.594854 0.672621
vt 0.945379 0.921609
vt 0.145961 0.989176
vt 0.146853 0.989910
vt 0.144331 0.991831
vt 0.837242 0.997023
vt 0.837867 0.998973
vt 0.836400 0.997466
vt 0.644198 0.115141
vt 0.644213 0.113769
vt 0.645691 0.114554
vt 0.664727 0.496120
vt 0.665424 0.493388
vt 0.667369 0.496101
vt 0.956553 0.898663
vt 0.956572 0.905054
vt 0.219273 0.022827
vt 0.220096 0.019226
vt 0.630620 0.943336
vt 0.633805 0.944493
vt 0.630735 0.944685
vt 0.620653 0.676288
vt 0.622316 0.674999
vt 0.625497 0.678788
vt 0.956218 0.740528
vt 0.957518 0.741830
vt 0.956215 0.742277
vt 0.953758 0.928787
vt 0.672583 0.411131
vt 0.669579 0.409849
vt 0.672507 0.409711
vt 0.242574 0.493864
vt 0.245106 0.494846
vt 0.239736 0.495654
vt 0.379018 0.539280
vt 0.379091 0.539275
vt 0.380664 0.540020
vt 0.377458 0.541015
vt 0.676937 0.649041
vt 0.986567 0.293042
vt 0.986777 0.291249
vt 0.987837 0.292953
vt 0.904634 0.485145
vt 0.496104 0.981622
vt 0.957878 0.957249
vt 0.956125 0.956681
vt 0.957986 0.954892
vt 0.605549 0.605231
vt 0.606975 0.605725
vt 0.971317 0.918598
vt 0.965034 0.918953
vt 0.969731 0.915597
vt 0.672750 0.288378
vt 0.673916 0.284738
vt 0.674653 0.286974
vt 0.791642 0.133407
vt 0.790472 0.134737
vt 0.790310 0.133619
vt 0.033465 0.461666
vt 0.032919 0.462968
vt 0.032452 0.460981
vt 0.951819 0.906289
vt 0.946302 0.906962
vt 0.949575 0.899850
vt 0.951551 0.892515
vt 0.952482 0.892640
vt 0.949243 0.894826
vt 0.629708 0.382055
vt 0.628703 0.382534
vt 0.629999 0.380692
vt 0.967713 0.935298
vt 0.970211 0.938341
vt 0.493841 0.310425
vt 0.497150 0.312506
vt 0.490731 0.312445
vt 0.677115 0.941971
vt 0.675518 0.945570
vt 0.674241 0.943912
vt 0.959066 0.927319
vt 0.268036 0.681734
vt 0.268249 0.679567
vt 0.270026 0.681524
vt 0.806162 0.197938
vt 0.810460 0.195977
vt 0.971237 0.949008
vt 0.970477 0.950343
vt 0.958033 0.943774
vt 0.955260 0.944038
vt 0.432971 0.470897
vt 0.430478 0.468851
vt 0.432313 0.468998
vt 0.952130 0.901636
vt 0.345876 0.551100
vt 0.237161 0.040537
vt 0.181333 0.497049
vt 0.461059 0.795763
vt 0.459759 0.799588
vt 0.457798 0.797684
vt 0.613968 0.768626
vt 0.610868 0.766894
vt 0.614013 0.765490
vt 0.591977 0.666676
vt 0.590203 0.668427
vt 0.958631 0.950381
vt 0.959224 0.951739
vt 0.328504 0.892526
vt 0.575249 0.618363
vt 0.574617 0.615909
vt 0.577620 0.615965
vt 0.955846 0.912695
vt 0.964231 0.894584
vt 0.900625 0.626113
vt 0.901924 0.628152
vt 0.900610 0.628974
vt 0.478016 0.285276
vt 0.953935 0.897036
vt 0.251213 0.500347
vt 0.252508 0.501716
vt 0.251393 0.503292
vt 0.235602 0.496515
vt 0.419689 0.685643
vt 0.422728 0.685997
vt 0.421440 0.688854
vt 0.469858 0.945835
vt 0.693495 0.323793
vt 0.691305 0.323772
vt 0.371886 0.540975
vt 0.372314 0.540867
vt 0.372099 0.541367
vt 0.776434 0.657977
vt 0.775677 0.656467
vt 0.777794 0.657274
vt 0.966076 0.904641
vt 0.152979 0.992480
vt 0.155013 0.992603
vt 0.152468 0.994172
vt 0.023615 0.465657
vt 0.024766 0.464526
vt 0.024308 0.466428
vt 0.897284 0.295203
vt 0.898447 0.294837
vt 0.898585 0.295520
vt 0.077834 0.618086
vt 0.079127 0.617892
vt 0.079184 0.619488
vt 0.203762 0.912975
vt 0.819165 0.943000
vt 0.817331 0.942403
vt 0.819411 0.941531
vt 0.475956 0.153879
vt 0.474998 0.151090
vt 0.475895 0.152148
vt 0.962549 0.952961
vt 0.962469 0.944992
vt 0.428441 0.375925
vt 0.428719 0.380731
vt 0.425899 0.377513
vt 0.696112 0.982131
vt 0.693984 0.982598
vt 0.695041 0.981916
vt 0.572495 0.927405
vt 0.571371 0.928760
vt 0.568815 0.925206
vt 0.961147 0.960995
vt 0.961199 0.957709
vt 0.962952 0.959332
vt 0.629392 0.107447
vt 0.629194 0.105855
vt 0.630408 0.106791
vt 0.776931 0.629380
vt 0.778714 0.630980
vt 0.777385 0.631040
vt 0.140661 0.814718
vt 0.141983 0.813920
vt 0.142537 0.816890
vt 0.330887 0.042087
vt 0.238566 0.504266
vt 0.363405 0.139894
vt 0.365099 0.141283
vt 0.362678 0.140749
vt 0.945279 0.903128
vt 0.783872 0.278651
vt 0.782369 0.280050
vt 0.782088 0.278876
vt 0.781071 0.277381
vt 0.474206 0.290994
vt 0.250941 0.523461
vt 0.252678 0.517324
vt 0.252049 0.523663
vt 0.058059 0.003264
vt 0.061427 0.005000
vt 0.059686 0.006708
vt 0.970138 0.201451
vt 0.968738 0.201864
vt 0.969836 0.200313
vt 0.216372 0.327585
vt 0.217317 0.327005
vt 0.217065 0.328378
vt 0.910787 0.629105
vt 0.912066 0.627954
vt 0.912172 0.629571
vt 0.678587 0.940050
vt 0.526815 0.963128
vt 0.525314 0.963133
vt 0.527674 0.962478
vt 0.528068 0.962712
vt 0.579726 0.631349
vt 0.579459 0.628234
vt 0.581823 0.633321
vt 0.577241 0.628240
vt 0.915678 0.936111
vt 0.913673 0.936274
vt 0.914227 0.935203
vt 0.509697 0.050695
vt 0.510088 0.049618
vt 0.510874 0.050868
vt 0.147303 0.916608
vt 0.144932 0.916571
vt 0.146237 0.915390
vt 0.939102 0.923000
vt 0.939879 0.926963
vt 0.938130 0.932363
vt 0.812933 0.196384
vt 0.812312 0.194267
vt 0.643310 0.317185
vt 0.645634 0.317582
vt 0.575929 0.942341
vt 0.576810 0.942630
vt 0.576222 0.943312
vt 0.942439 0.938325
vt 0.943925 0.938722
vt 0.942536 0.942004
vt 0.090971 0.962640
vt 0.089482 0.966278
vt 0.088682 0.964642
vt 0.468944 0.295862
vt 0.470916 0.293504
vt 0.472401 0.294058
vt 0.420904 0.955954
vt 0.422072 0.954589
vt 0.422195 0.955698
vt 0.715477 0.838994
vt 0.713875 0.839148
vt 0.715092 0.837552
vt 0.714442 0.908983
vt 0.712722 0.906009
vt 0.714756 0.906315
vt 0.166526 0.497970
vt 0.163876 0.500110
vt 0.161851 0.499165
vt 0.223542 0.029421
vt 0.220549 0.026771
vt 0.225069 0.027565
vt 0.935636 0.913791
vt 0.935978 0.921489
vt 0.934180 0.917335
vt 0.493517 0.040650
vt 0.494013 0.041823
vt 0.626671 0.680600
vt 0.622961 0.678846
vt 0.575427 0.611773
vt 0.577688 0.613813
vt 0.197917 0.093483
vt 0.198258 0.091871
vt 0.199436 0.093562
vt 0.963987 0.310580
vt 0.962741 0.311459
vt 0.962021 0.310121
vt 0.943582 0.943184
vt 0.946747 0.941562
vt 0.826332 0.344211
vt 0.824854 0.343907
vt 0.826944 0.341110
vt 0.581400 0.635974
vt 0.579094 0.633479
vt 0.241999 0.508557
vt 0.239078 0.506284
vt 0.380737 0.542735
vt 0.383664 0.540012
vt 0.457728 0.796803
vt 0.457492 0.798534
vt 0.456857 0.798990
vt 0.320382 0.037671
vt 0.316797 0.040582
vt 0.180364 0.493367
vt 0.174633 0.490244
vt 0.627689 0.944629
vt 0.627361 0.943324
vt 0.629310 0.941853
vt 0.883401 0.332215
vt 0.883892 0.335171
vt 0.882796 0.334641
vt 0.581095 0.617873
vt 0.582873 0.619985
vt 0.580627 0.619630
vt 0.055483 0.649533
vt 0.055637 0.653398
vt 0.053918 0.650519
vt 0.212226 0.824897
vt 0.212912 0.825741
vt 0.428176 0.385507
vt 0.421952 0.386061
vt 0.425824 0.383651
vt 0.432065 0.260425
vt 0.430644 0.261014
vt 0.431432 0.259447
vt 0.355994 0.147337
vt 0.355011 0.149266
vt 0.355317 0.147997
vt 0.195860 0.165309
vt 0.194385 0.164370
vt 0.195407 0.163412
vt 0.577275 0.633533
vt 0.577964 0.631648
vt 0.703980 0.918768
vt 0.704359 0.917036
vt 0.706421 0.916748
vt 0.678314 0.943728
vt 0.352764 0.544376
vt 0.356015 0.547878
vt 0.353856 0.550863
vt 0.612366 0.762334
vt 0.615127 0.762114
vt 0.615679 0.763421
vt 0.958880 0.906139
vt 0.398153 0.377032
vt 0.398790 0.376360
vt 0.399097 0.377792
vt 0.375726 0.557443
vt 0.374206 0.553690
vt 0.374241 0.559656
vt 0.376394 0.558571
vt 0.373265 0.561119
vt 0.951484 0.948854
vt 0.958615 0.947561
vt 0.659616 0.523397
vt 0.658973 0.524635
vt 0.704724 0.819735
vt 0.704458 0.820202
vt 0.704254 0.820242
vt 0.228413 0.033443
vt 0.224958 0.036072
vt 0.224642 0.032766
vt 0.876812 0.580453
vt 0.950959 0.937134
vt 0.949892 0.941162
vt 0.945624 0.936576
vt 0.578236 0.807468
vt 0.576572 0.804644
vt 0.580370 0.803580
vt 0.969123 0.958118
vt 0.965833 0.956427
vt 0.970765 0.956702
vt 0.969161 0.958085
vt 0.496081 0.305972
vt 0.496413 0.307132
vt 0.454853 0.013652
vt 0.456322 0.013425
vt 0.455734 0.014553
vt 0.960029 0.931536
vt 0.584671 0.639658
vt 0.583420 0.640157
vt 0.583461 0.639073
vt 0.534661 0.499799
vt 0.536670 0.497825
vt 0.537609 0.500423
vt 0.319939 0.053574
vt 0.315840 0.054817
vt 0.316996 0.049172
vt 0.174333 0.505702
vt 0.177206 0.506059
vt 0.938361 0.910384
vt 0.940859 0.912103
vt 0.960976 0.892199
vt 0.467290 0.947961
vt 0.472314 0.946779
vt 0.955273 0.932308
vt 0.627707 0.534801
vt 0.626825 0.531340
vt 0.633699 0.534595
vt 0.631118 0.535577
vt 0.631166 0.529322
vt 0.633290 0.530448
vt 0.628635 0.529124
vt 0.669058 0.466466
vt 0.665979 0.465536
vt 0.668485 0.464343
vt 0.599287 0.830141
vt 0.601744 0.829589
vt 0.600367 0.831929
vt 0.420404 0.381541
vt 0.419774 0.387744
vt 0.418418 0.383467
vt 0.967040 0.910150
vt 0.802588 0.196683
vt 0.801489 0.193843
vt 0.221563 0.023134
vt 0.769579 0.517724
vt 0.769232 0.519159
vt 0.768109 0.520501
vt 0.152251 0.959924
vt 0.150687 0.959518
vt 0.150245 0.957035
vt 0.374628 0.477890
vt 0.375805 0.478250
vt 0.374420 0.478893
vt 0.967665 0.951912
vt 0.217876 0.029834
vt 0.218962 0.028837
vt 0.220802 0.030089
vt 0.296876 0.412673
vt 0.295074 0.412647
vt 0.296471 0.411520
vt 0.276522 0.865476
vt 0.279923 0.863334
vt 0.278934 0.864743
vt 0.763331 0.963969
vt 0.369884 0.539796
vt 0.369876 0.540892
vt 0.431573 0.379924
vt 0.430927 0.377328
vt 0.973946 0.927944
vt 0.971256 0.930352
vt 0.974324 0.926378
vt 0.861053 0.867219
vt 0.861749 0.865888
vt 0.862757 0.866263
vt 0.863715 0.865076
vt 0.233681 0.052001
vt 0.233929 0.043437
vt 0.061596 0.019367
vt 0.061389 0.015396
vt 0.065864 0.018150
vt 0.965095 0.953618
vt 0.344711 0.544281
vt 0.346222 0.548332
vt 0.565824 0.633555
vt 0.567277 0.635377
vt 0.564464 0.639614
vt 0.692308 0.324818
vt 0.690544 0.325617
vt 0.620243 0.863728
vt 0.578299 0.618142
vt 0.250338 0.502482
vt 0.865959 0.943554
vt 0.864744 0.944289
vt 0.864628 0.942061
vt 0.013991 0.924635
vt 0.012758 0.927761
vt 0.012605 0.925198
vt 0.924533 0.396164
vt 0.922121 0.394600
vt 0.923895 0.393562
vt 0.065997 0.004774
vt 0.070077 0.008066
vt 0.068042 0.008256
vt 0.172990 0.512488
vt 0.653909 0.941447
vt 0.653274 0.939554
vt 0.266982 0.851092
vt 0.266568 0.851612
vt 0.264593 0.847747
vt 0.433587 0.470318
vt 0.905615 0.233985
vt 0.905198 0.232589
vt 0.906031 0.232491
vt 0.523371 0.118239
vt 0.523996 0.119424
vt 0.108388 0.968755
vt 0.108759 0.969861
vt 0.105842 0.970655
vt 0.738321 0.797107
vt 0.737784 0.798778
vt 0.737813 0.795919
vt 0.198903 0.617725
vt 0.199572 0.618918
vt 0.198093 0.618312
vt 0.421459 0.456363
vt 0.091011 0.880185
vt 0.088763 0.882190
vt 0.089004 0.879208
vt 0.636346 0.842733
vt 0.634662 0.841411
vt 0.635464 0.839074
vt 0.236046 0.506854
vt 0.235660 0.509516
vt 0.196466 0.601254
vt 0.197351 0.600966
vt 0.196588 0.602571
vt 0.733618 0.677084
vt 0.733482 0.679032
vt 0.731331 0.677215
vt 0.131459 0.687868
vt 0.317742 0.043311
vt 0.323400 0.043754
vt 0.321718 0.047674
vt 0.348195 0.552330
vt 0.350118 0.550511
vt 0.350715 0.554992
vt 0.225888 0.029224
vt 0.167455 0.498220
vt 0.731978 0.992661
vt 0.732751 0.993201
vt 0.731753 0.994092
vt 0.938887 0.667533
vt 0.939676 0.669884
vt 0.938017 0.670343
vt 0.425390 0.374280
vt 0.426930 0.373158
vt 0.636338 0.533704
vt 0.635729 0.532628
vt 0.917923 0.468997
vt 0.919145 0.469007
vt 0.917434 0.472035
vt 0.665123 0.491492
vt 0.666635 0.490871
vt 0.663695 0.493170
vt 0.192435 0.633291
vt 0.192323 0.634135
vt 0.191468 0.632595
vt 0.211993 0.659204
vt 0.211849 0.661910
vt 0.210497 0.660782
vt 0.972665 0.933304
vt 0.711535 0.846110
vt 0.708759 0.845679
vt 0.711569 0.844521
vt 0.562385 0.986537
vt 0.563222 0.991410
vt 0.561113 0.987655
vt 0.560277 0.989429
vt 0.358690 0.551821
vt 0.358230 0.548595
vt 0.190016 0.609608
vt 0.190715 0.610657
vt 0.189011 0.610940
vt 0.779731 0.629366
vt 0.188129 0.639779
vt 0.189552 0.638845
vt 0.189543 0.640114
vt 0.005828 0.201466
vt 0.004664 0.202791
vt 0.005146 0.200499
vt 0.056347 0.201727
vt 0.055586 0.202697
vt 0.055932 0.200684
vt 0.113294 0.816508
vt 0.110654 0.816865
vt 0.112661 0.815607
vt 0.044323 0.840684
vt 0.042302 0.838886
vt 0.044971 0.838897
vt 0.954862 0.955162
vt 0.950381 0.952833
vt 0.950209 0.950896
vt 0.211643 0.664750
vt 0.214177 0.663622
vt 0.936647 0.906024
vt 0.936868 0.905581
vt 0.940747 0.908352
vt 0.350225 0.546107
vt 0.667738 0.458822
vt 0.666503 0.459754
vt 0.798519 0.573931
vt 0.798472 0.575488
vt 0.797599 0.575023
vt 0.526158 0.935971
vt 0.525965 0.934673
vt 0.529064 0.935039
vt 0.351330 0.535809
vt 0.351072 0.538241
vt 0.351847 0.534027
vt 0.770591 0.080951
vt 0.770035 0.081900
vt 0.769308 0.080941
vt 0.180706 0.849165
vt 0.181646 0.849991
vt 0.177871 0.851931
vt 0.178549 0.850015
vt 0.961703 0.922401
vt 0.668734 0.087303
vt 0.667474 0.086545
vt 0.668231 0.085770
vt 0.427908 0.454911
vt 0.426255 0.455795
vt 0.171119 0.495060
vt 0.170551 0.490157
vt 0.174721 0.495986
vt 0.319704 0.019345
vt 0.323439 0.019046
vt 0.320999 0.021174
vt 0.386952 0.549711
vt 0.384084 0.550385
vt 0.820547 0.941703
vt 0.176059 0.579890
vt 0.176382 0.578804
vt 0.177582 0.579162
vt 0.610748 0.606623
vt 0.609997 0.603730
vt 0.611169 0.604720
vt 0.007548 0.207676
vt 0.007477 0.205422
vt 0.008576 0.206785
vt 0.656152 0.743953
vt 0.654317 0.743468
vt 0.655850 0.742124
vt 0.580490 0.942178
vt 0.581769 0.939394
vt 0.583006 0.940721
vt 0.626464 0.502087
vt 0.626215 0.500191
vt 0.627413 0.500122
vt 0.608800 0.159672
vt 0.609039 0.161188
vt 0.631238 0.617751
vt 0.961971 0.562835
vt 0.415589 0.179601
vt 0.413880 0.179598
vt 0.414486 0.178326
vt 0.178044 0.496239
vt 0.627011 0.528024
vt 0.961116 0.942979
vt 0.491919 0.474835
vt 0.492859 0.478905
vt 0.489645 0.476268
vt 0.960321 0.925675
vt 0.174246 0.488733
vt 0.213856 0.825919
vt 0.215177 0.826372
vt 0.929775 0.607724
vt 0.931161 0.607709
vt 0.929483 0.609081
vt 0.103608 0.779074
vt 0.104761 0.780366
vt 0.102810 0.782890
vt 0.314294 0.061695
vt 0.315634 0.064283
vt 0.313334 0.063786
vt 0.147774 0.991805
vt 0.875094 0.336891
vt 0.660168 0.660706
vt 0.655747 0.662927
vt 0.656203 0.660392
vt 0.937799 0.493628
vt 0.939603 0.495290
vt 0.938677 0.495489
vt 0.960377 0.956459
vt 0.061626 0.011149
vt 0.801833 0.190805
vt 0.966691 0.912771
vt 0.908001 0.462978
vt 0.909231 0.463591
vt 0.910150 0.464314
vt 0.171744 0.502585
vt 0.173801 0.501556
vt 0.175241 0.501016
vt 0.421908 0.556453
vt 0.420751 0.558489
vt 0.170867 0.501034
vt 0.169536 0.502740
vt 0.169004 0.499784
vt 0.114166 0.827178
vt 0.115503 0.830424
vt 0.113161 0.830910
vt 0.208949 0.712261
vt 0.209250 0.709414
vt 0.209596 0.713738
vt 0.222005 0.032116
vt 0.222062 0.034192
vt 0.203769 0.947648
vt 0.201954 0.949832
vt 0.200869 0.949667
vt 0.806320 0.948081
vt 0.805699 0.946724
vt 0.807692 0.947517
vt 0.804549 0.947538
vt 0.233414 0.501600
vt 0.232264 0.499917
vt 0.038107 0.006811
vt 0.036898 0.006146
vt 0.038460 0.005995
vt 0.687198 0.179997
vt 0.685173 0.179057
vt 0.686843 0.178937
vt 0.670687 0.947164
vt 0.671703 0.945129
vt 0.233794 0.021263
vt 0.673356 0.752600
vt 0.571991 0.614170
vt 0.228380 0.029960
vt 0.958108 0.960954
vt 0.809969 0.873560
vt 0.811551 0.873129
vt 0.810941 0.874660
vt 0.936681 0.927206
vt 0.036437 0.976981
vt 0.033895 0.976279
vt 0.035108 0.973447
vt 0.242723 0.344601
vt 0.243014 0.345930
vt 0.241630 0.344619
vt 0.272823 0.129940
vt 0.270839 0.129699
vt 0.272475 0.128663
vt 0.170318 0.496352
vt 0.538748 0.495306
vt 0.536439 0.494826
vt 0.538990 0.492090
vt 0.230165 0.475149
vt 0.229971 0.473254
vt 0.230812 0.474030
vt 0.975775 0.414333
vt 0.974543 0.412504
vt 0.975637 0.410668
vt 0.457999 0.950889
vt 0.459188 0.950814
vt 0.458304 0.952900
vt 0.469486 0.964989
vt 0.467250 0.963593
vt 0.470024 0.959141
vt 0.468109 0.964635
vt 0.386081 0.540881
vt 0.388109 0.545516
vt 0.740648 0.747753
vt 0.739411 0.750088
vt 0.739810 0.747914
vt 0.741005 0.749097
vt 0.232164 0.054642
vt 0.229626 0.050514
vt 0.891997 0.322369
vt 0.892635 0.321477
vt 0.637080 0.780003
vt 0.641122 0.781336
vt 0.638259 0.781515
vt 0.638690 0.777043
vt 0.065193 0.020434
vt 0.063983 0.020871
vt 0.140007 0.968486
vt 0.138357 0.969375
vt 0.138949 0.967891
vt 0.662892 0.946435
vt 0.658618 0.942584
vt 0.659952 0.942078
vt 0.534854 0.491635
vt 0.537531 0.489751
vt 0.657939 0.486025
vt 0.660724 0.485409
vt 0.661066 0.487176
vt 0.663087 0.485763
vt 0.662129 0.488031
vt 0.971686 0.911996
vt 0.972352 0.913103
vt 0.971278 0.913541
vt 0.381363 0.560408
vt 0.380307 0.556383
vt 0.254219 0.524230
vt 0.251093 0.526691
vt 0.711920 0.470649
vt 0.731868 0.909647
vt 0.733483 0.910637
vt 0.730656 0.911440
vt 0.251341 0.516892
vt 0.255671 0.514803
vt 0.386403 0.559628
vt 0.388348 0.558339
vt 0.671241 0.852360
vt 0.674566 0.851872
vt 0.673976 0.854820
vt 0.963440 0.957209
vt 0.250142 0.735318
vt 0.255117 0.736325
vt 0.255763 0.736932
vt 0.433117 0.051376
vt 0.434006 0.050773
vt 0.435145 0.051008
vt 0.659637 0.664374
vt 0.957269 0.416371
vt 0.958840 0.418503
vt 0.957385 0.417687
vt 0.094914 0.955141
vt 0.093808 0.955940
vt 0.089681 0.955763
vt 0.936562 0.379739
vt 0.939173 0.380098
vt 0.938005 0.381004
vt 0.709098 0.131160
vt 0.710410 0.130623
vt 0.708561 0.132482
vt 0.940576 0.380477
vt 0.941520 0.381840
vt 0.709306 0.130056
vt 0.601262 0.782570
vt 0.602387 0.783960
vt 0.598428 0.786774
vt 0.061232 0.227917
vt 0.059992 0.226650
vt 0.060549 0.225503
vt 0.599097 0.305783
vt 0.599776 0.302007
vt 0.599760 0.305954
vt 0.749820 0.588312
vt 0.752648 0.588124
vt 0.752684 0.588679
vt 0.651173 0.631387
vt 0.651777 0.634595
vt 0.649070 0.633738
vt 0.088604 0.883657
vt 0.090461 0.883306
vt 0.622606 0.861853
vt 0.218360 0.022653
vt 0.221663 0.025467
vt 0.216871 0.023253
vt 0.635906 0.309163
vt 0.637504 0.311479
vt 0.478762 0.288736
vt 0.300378 0.935324
vt 0.302472 0.936425
vt 0.302055 0.938043
vt 0.179613 0.499622
vt 0.178480 0.501813
vt 0.178399 0.487023
vt 0.158784 0.942171
vt 0.155142 0.940678
vt 0.159331 0.940982
vt 0.017854 0.230389
vt 0.017136 0.229291
vt 0.019386 0.230327
vt 0.665835 0.486586
vt 0.666810 0.488085
vt 0.663698 0.489789
vt 0.268256 0.123045
vt 0.270765 0.122594
vt 0.269435 0.123781
vt 0.315708 0.044269
vt 0.141689 0.712432
vt 0.138507 0.712473
vt 0.140642 0.711666
vt 0.236906 0.494476
vt 0.237578 0.492727
vt 0.878093 0.565402
vt 0.879695 0.563560
vt 0.879300 0.565783
vt 0.253102 0.947061
vt 0.254580 0.946819
vt 0.253554 0.948536
vt 0.862054 0.457722
vt 0.861321 0.459233
vt 0.860249 0.458191
vt 0.859276 0.458707
vt 0.348173 0.544642
vt 0.166899 0.501912
vt 0.168439 0.503373
vt 0.167148 0.504179
vt 0.166173 0.504908
vt 0.912295 0.935257
vt 0.913303 0.935011
vt 0.737589 0.641775
vt 0.736315 0.643565
vt 0.734997 0.642509
vt 0.537776 0.660803
vt 0.538092 0.663040
vt 0.534786 0.661848
vt 0.105784 0.972245
vt 0.104022 0.971933
vt 0.372315 0.550709
vt 0.370053 0.554378
vt 0.671300 0.466358
vt 0.231292 0.045838
vt 0.232104 0.040395
vt 0.229583 0.041239
vt 0.812710 0.874850
vt 0.518913 0.982648
vt 0.524398 0.984144
vt 0.521037 0.984151
vt 0.311999 0.066892
vt 0.315197 0.067123
vt 0.310103 0.069355
vt 0.201779 0.996117
vt 0.199733 0.993242
vt 0.202573 0.993435
vt 0.879046 0.917612
vt 0.878731 0.918950
vt 0.878273 0.917440
vt 0.979835 0.940910
vt 0.980763 0.939990
vt 0.982357 0.940807
vt 0.253691 0.527729
vt 0.712848 0.839474
vt 0.711862 0.841854
vt 0.240063 0.492026
vt 0.786674 0.482046
vt 0.785656 0.482557
vt 0.784546 0.481481
vt 0.238262 0.491618
vt 0.250934 0.506860
vt 0.252511 0.503847
vt 0.108324 0.343212
vt 0.109729 0.342699
vt 0.110371 0.344106
vt 0.580221 0.637029
vt 0.582331 0.638434
vt 0.823437 0.885948
vt 0.821528 0.884919
vt 0.822481 0.883195
vt 0.620373 0.547899
vt 0.715434 0.470099
vt 0.948053 0.810761
vt 0.949366 0.813011
vt 0.947456 0.811500
vt 0.737374 0.695260
vt 0.737450 0.693598
vt 0.738862 0.693599
vt 0.980524 0.958372
vt 0.980967 0.956455
vt 0.981244 0.957091
vt 0.598476 0.671916
vt 0.596216 0.672844
vt 0.426724 0.450860
vt 0.424688 0.448567
vt 0.246923 0.496394
vt 0.524409 0.629789
vt 0.525770 0.629625
vt 0.524768 0.634260
vt 0.521692 0.636543
vt 0.521683 0.632283
vt 0.520215 0.635736
vt 0.805276 0.788210
vt 0.802426 0.789069
vt 0.802873 0.787871
vt 0.927010 0.756721
vt 0.926000 0.755864
vt 0.926133 0.754810
vt 0.563748 0.937240
vt 0.562829 0.936297
vt 0.563849 0.936686
vt 0.266775 0.088637
vt 0.266710 0.089966
vt 0.265838 0.088135
vt 0.406862 0.148138
vt 0.405175 0.146610
vt 0.406146 0.146304
vt 0.378104 0.502332
vt 0.377561 0.502207
vt 0.378210 0.500721
vt 0.221134 0.023845
vt 0.308460 0.070580
vt 0.306699 0.073202
vt 0.305389 0.073732
vt 0.305791 0.071616
vt 0.664361 0.500532
vt 0.666073 0.500755
vt 0.666569 0.503342
vt 0.622018 0.858519
vt 0.624033 0.856459
vt 0.621923 0.860821
vt 0.633532 0.378701
vt 0.637473 0.376604
vt 0.634957 0.379553
vt 0.828644 0.117680
vt 0.827935 0.116107
vt 0.828833 0.117113
vt 0.817671 0.812126
vt 0.819812 0.812580
vt 0.817848 0.813314
vt 0.817320 0.948319
vt 0.816527 0.950857
vt 0.815912 0.950431
vt 0.416902 0.386993
vt 0.924643 0.951491
vt 0.923208 0.950103
vt 0.924175 0.949863
vt 0.699868 0.759767
vt 0.700250 0.757755
vt 0.700810 0.758802
vt 0.696738 0.761282
vt 0.698887 0.764196
vt 0.744144 0.602529
vt 0.745818 0.606454
vt 0.744365 0.606642
vt 0.814456 0.196675
vt 0.812578 0.193058
vt 0.815499 0.195869
vt 0.573048 0.610351
vt 0.573626 0.612559
vt 0.746842 0.814136
vt 0.744821 0.812849
vt 0.744750 0.811002
vt 0.812077 0.191344
vt 0.649921 0.635346
vt 0.650435 0.637066
vt 0.072793 0.696557
vt 0.072793 0.695238
vt 0.075014 0.693787
vt 0.582356 0.116078
vt 0.584201 0.116555
vt 0.583294 0.118060
vt 0.904959 0.487611
vt 0.904236 0.486823
vt 0.527012 0.620856
vt 0.527543 0.622281
vt 0.277460 0.691981
vt 0.154966 0.217700
vt 0.155195 0.216124
vt 0.156670 0.215695
vt 0.004342 0.920996
vt 0.004351 0.922192
vt 0.001539 0.921444
vt 0.766014 0.802135
vt 0.765290 0.802622
vt 0.764884 0.801544
vt 0.183098 0.499428
vt 0.098656 0.787251
vt 0.100472 0.785771
vt 0.099071 0.788648
vt 0.101380 0.788169
vt 0.941759 0.933199
vt 0.940185 0.935661
vt 0.731147 0.757629
vt 0.729954 0.756040
vt 0.732267 0.756935
vt 0.730106 0.757357
vt 0.729299 0.758622
vt 0.641258 0.321080
vt 0.933978 0.919392
vt 0.657450 0.658163
vt 0.659172 0.657938
vt 0.705963 0.267970
vt 0.705710 0.266830
vt 0.705902 0.265342
vt 0.168917 0.492533
vt 0.169448 0.489389
vt 0.753411 0.951551
vt 0.751647 0.951536
vt 0.752356 0.950330
vt 0.913034 0.482333
vt 0.909615 0.482958
vt 0.910616 0.481170
vt 0.959966 0.413002
vt 0.958735 0.412812
vt 0.959138 0.411361
vt 0.956296 0.411550
vt 0.784944 0.279236
vt 0.240296 0.486498
vt 0.879167 0.901608
vt 0.878695 0.900380
vt 0.881069 0.899817
vt 0.073391 0.780032
vt 0.071332 0.782555
vt 0.070809 0.782015
vt 0.179785 0.847790
vt 0.520622 0.135311
vt 0.520919 0.134337
vt 0.522401 0.135640
vt 0.141708 0.818030
vt 0.140707 0.816588
vt 0.142790 0.818330
vt 0.945491 0.611474
vt 0.943320 0.610729
vt 0.944818 0.610119
vt 0.349844 0.540857
vt 0.279917 0.873398
vt 0.279688 0.868901
vt 0.280840 0.872070
vt 0.782407 0.462534
vt 0.781428 0.461727
vt 0.972586 0.943892
vt 0.096360 0.647115
vt 0.099465 0.649356
vt 0.096718 0.649351
vt 0.901191 0.136636
vt 0.901468 0.138186
vt 0.900598 0.139331
vt 0.094423 0.647314
vt 0.053439 0.715015
vt 0.054640 0.713883
vt 0.054798 0.714927
vt 0.521767 0.638188
vt 0.520703 0.639548
vt 0.490454 0.307023
vt 0.490785 0.305647
vt 0.543193 0.494189
vt 0.540241 0.496586
vt 0.470861 0.428398
vt 0.421225 0.445295
vt 0.420359 0.447601
vt 0.797912 0.185469
vt 0.797077 0.186576
vt 0.623883 0.855215
vt 0.625395 0.854855
vt 0.901709 0.466522
vt 0.902680 0.466037
vt 0.901711 0.466673
vt 0.612813 0.606236
vt 0.931323 0.621803
vt 0.933290 0.620929
vt 0.933527 0.623275
vt 0.119385 0.830544
vt 0.120080 0.828225
vt 0.123293 0.829374
vt 0.316580 0.067867
vt 0.318268 0.066510
vt 0.320628 0.068380
vt 0.969682 0.899007
vt 0.134004 0.690896
vt 0.133333 0.689004
vt 0.435601 0.975085
vt 0.437635 0.974573
vt 0.437839 0.975978
vt 0.121307 0.018768
vt 0.954609 0.892635
vt 0.955146 0.893824
vt 0.701969 0.081249
vt 0.703461 0.079601
vt 0.703279 0.081544
vt 0.702778 0.082602
vt 0.803276 0.644288
vt 0.804653 0.642890
vt 0.806211 0.641593
vt 0.741452 0.763831
vt 0.739252 0.764888
vt 0.741514 0.762131
vt 0.318657 0.021366
vt 0.318202 0.019573
vt 0.132706 0.043295
vt 0.132077 0.042212
vt 0.132894 0.041277
vt 0.546166 0.928581
vt 0.548918 0.928933
vt 0.547500 0.929363
vt 0.840544 0.409679
vt 0.838934 0.410368
vt 0.837218 0.408745
vt 0.974609 0.937263
vt 0.957367 0.893577
vt 0.920415 0.909622
vt 0.918105 0.911467
vt 0.918324 0.910366
vt 0.455699 0.953505
vt 0.455709 0.952357
vt 0.671670 0.282113
vt 0.132407 0.229097
vt 0.131281 0.229286
vt 0.130951 0.227576
vt 0.906517 0.401340
vt 0.904621 0.400575
vt 0.905841 0.400221
vt 0.242816 0.510191
vt 0.462250 0.486320
vt 0.461204 0.485611
vt 0.462862 0.485643
vt 0.540574 0.661024
vt 0.737971 0.466692
vt 0.738783 0.466095
vt 0.738482 0.468797
vt 0.517685 0.983850
vt 0.534002 0.501917
vt 0.535656 0.503268
vt 0.533819 0.505074
vt 0.757722 0.659781
vt 0.756805 0.661091
vt 0.755968 0.658512
vt 0.671440 0.856544
vt 0.668884 0.855363
vt 0.915884 0.792197
vt 0.914525 0.792205
vt 0.915397 0.789515
vt 0.648327 0.942111
vt 0.645199 0.942242
vt 0.567885 0.662095
vt 0.566724 0.662369
vt 0.567496 0.660502
vt 0.463993 0.423675
vt 0.468087 0.422732
vt 0.465245 0.425184
vt 0.271053 0.650496
vt 0.273461 0.650974
vt 0.271347 0.653154
vt 0.977652 0.142474
vt 0.977839 0.139811
vt 0.978676 0.141472
vt 0.178727 0.507455
vt 0.180006 0.505472
vt 0.915857 0.645819
vt 0.914051 0.646864
vt 0.913416 0.644807
vt 0.232321 0.049450
vt 0.555929 0.775194
vt 0.945503 0.657436
vt 0.945039 0.655333
vt 0.945897 0.655563
vt 0.798595 0.188050
vt 0.658081 0.485218
vt 0.458526 0.795398
vt 0.459999 0.794352
vt 0.078342 0.931845
vt 0.127976 0.589461
vt 0.127911 0.587561
vt 0.128651 0.587019
vt 0.332229 0.888172
vt 0.924217 0.948558
vt 0.585204 0.592991
vt 0.586013 0.594486
vt 0.583741 0.593650
vt 0.249342 0.509078
vt 0.663116 0.491377
vt 0.032454 0.768416
vt 0.031014 0.767912
vt 0.032570 0.765403
vt 0.094996 0.062522
vt 0.095777 0.063244
vt 0.094441 0.064231
vt 0.051813 0.717658
vt 0.053594 0.716551
vt 0.052870 0.718031
vt 0.582358 0.943346
vt 0.583398 0.942862
vt 0.582015 0.622211
vt 0.584093 0.622965
vt 0.583721 0.624006
vt 0.232374 0.501788
vt 0.890216 0.219540
vt 0.889408 0.218228
vt 0.890794 0.218229
vt 0.637448 0.386414
vt 0.636697 0.386622
vt 0.637766 0.380509
vt 0.679919 0.946607
vt 0.678956 0.947578
vt 0.678538 0.947389
vt 0.097804 0.646415
vt 0.433193 0.381418
vt 0.432075 0.382164
vt 0.623477 0.684777
vt 0.622436 0.684816
vt 0.732899 0.634530
vt 0.733702 0.636663
vt 0.731783 0.635966
vt 0.967259 0.907604
vt 0.104593 0.793958
vt 0.103847 0.790098
vt 0.105777 0.790379
vt 0.112307 0.827988
vt 0.835491 0.923083
vt 0.835675 0.924744
vt 0.834142 0.923330
vt 0.836825 0.922674
vt 0.875920 0.221721
vt 0.874455 0.220711
vt 0.875897 0.220668
vt 0.509478 0.686977
vt 0.508949 0.689291
vt 0.507139 0.686506
vt 0.510937 0.689684
vt 0.536019 0.253190
vt 0.536835 0.253645
vt 0.534611 0.254576
vt 0.660597 0.744858
vt 0.659751 0.744772
vt 0.659158 0.739209
vt 0.103622 0.791821
vt 0.736658 0.645785
vt 0.738134 0.647647
vt 0.736749 0.646613
vt 0.739416 0.645715
vt 0.739147 0.648319
vt 0.499140 0.094061
vt 0.498299 0.091959
vt 0.499376 0.091527
vt 0.714211 0.910557
vt 0.666677 0.496868
vt 0.914214 0.928345
vt 0.913826 0.931934
vt 0.913568 0.929269
vt 0.630087 0.536664
vt 0.349920 0.598906
vt 0.350174 0.597741
vt 0.351349 0.598405
vt 0.962326 0.962404
vt 0.963549 0.961185
vt 0.200142 0.153220
vt 0.200660 0.153069
vt 0.199933 0.153873
vt 0.882392 0.333336
vt 0.880806 0.331981
vt 0.882671 0.331354
vt 0.943839 0.581236
vt 0.943747 0.580327
vt 0.945288 0.581604
vt 0.254594 0.512299
vt 0.251997 0.513339
vt 0.842152 0.312339
vt 0.840740 0.311935
vt 0.842653 0.311114
vt 0.084234 0.649807
vt 0.081291 0.646508
vt 0.084730 0.649338
vt 0.842418 0.882650
vt 0.842793 0.880369
vt 0.844529 0.881912
vt 0.805649 0.787012
vt 0.804515 0.786851
vt 0.178022 0.848273
vt 0.396525 0.744483
vt 0.228743 0.050260
vt 0.374556 0.545415
vt 0.001308 0.919228
vt 0.003414 0.919302
vt 0.420612 0.384455
vt 0.429142 0.558151
vt 0.706614 0.958509
vt 0.711758 0.958665
vt 0.705385 0.959554
vt 0.419171 0.560772
vt 0.416151 0.560649
vt 0.597592 0.302126
vt 0.600358 0.298726
vt 0.255277 0.517184
vt 0.254594 0.518371
vt 0.530736 0.935547
vt 0.536338 0.934787
vt 0.534080 0.936037
vt 0.918835 0.313339
vt 0.918433 0.310315
vt 0.920776 0.314822
vt 0.904427 0.233624
vt 0.815797 0.951427
vt 0.702333 0.162648
vt 0.701156 0.163570
vt 0.699238 0.163574
vt 0.628216 0.106497
vt 0.276749 0.689969
vt 0.830814 0.396692
vt 0.829194 0.398381
vt 0.829029 0.396953
vt 0.668925 0.946121
vt 0.432593 0.723137
vt 0.434592 0.722815
vt 0.435515 0.723903
vt 0.960987 0.901341
vt 0.968964 0.902544
vt 0.081934 0.088934
vt 0.082426 0.087650
vt 0.083636 0.087920
vt 0.423052 0.446094
vt 0.694624 0.318896
vt 0.691107 0.321626
vt 0.951067 0.415968
vt 0.953103 0.414796
vt 0.950929 0.416824
vt 0.306641 0.938654
vt 0.306028 0.937330
vt 0.325181 0.047857
vt 0.326883 0.051934
vt 0.353751 0.540901
vt 0.372055 0.780616
vt 0.373427 0.780926
vt 0.281162 0.874257
vt 0.281059 0.876484
vt 0.941956 0.901846
vt 0.602065 0.292260
vt 0.604095 0.291866
vt 0.600927 0.295737
vt 0.973632 0.929544
vt 0.530299 0.985279
vt 0.525360 0.984055
vt 0.527988 0.983718
vt 0.599442 0.297411
vt 0.570349 0.226722
vt 0.572357 0.225658
vt 0.571344 0.227394
vt 0.255212 0.508673
vt 0.253318 0.505981
vt 0.255176 0.505200
vt 0.861419 0.341292
vt 0.860140 0.343221
vt 0.860403 0.340081
vt 0.980981 0.206900
vt 0.980438 0.207706
vt 0.979591 0.206621
vt 0.673864 0.947812
vt 0.011113 0.174859
vt 0.010315 0.176739
vt 0.010279 0.174619
vt 0.529769 0.937206
vt 0.532221 0.937483
vt 0.435705 0.976734
vt 0.433947 0.976336
vt 0.434051 0.974629
vt 0.940259 0.766277
vt 0.940065 0.767676
vt 0.939353 0.764802
vt 0.117416 0.702908
vt 0.116607 0.700406
vt 0.118853 0.701416
vt 0.596308 0.827256
vt 0.597777 0.826662
vt 0.114880 0.099455
vt 0.116184 0.099208
vt 0.115088 0.100981
vt 0.423265 0.457198
vt 0.060322 0.018633
vt 0.959249 0.895240
vt 0.678147 0.949486
vt 0.965693 0.960072
vt 0.968025 0.959879
vt 0.967611 0.959942
vt 0.678147 0.949486
vt 0.523970 0.637594
vt 0.682987 0.027506
vt 0.684502 0.027417
vt 0.683782 0.028469
vt 0.432588 0.466512
vt 0.604513 0.290806
vt 0.607944 0.289347
vt 0.207456 0.709214
vt 0.427682 0.550727
vt 0.429947 0.551599
vt 0.427125 0.553470
vt 0.711268 0.471473
vt 0.938202 0.145960
vt 0.938945 0.146765
vt 0.939042 0.148513
vt 0.173246 0.506349
vt 0.740009 0.997982
vt 0.855719 0.033199
vt 0.857252 0.033530
vt 0.856508 0.034492
vt 0.914731 0.932487
vt 0.967022 0.921594
vt 0.422247 0.461432
vt 0.423777 0.462177
vt 0.516971 0.984852
vt 0.515310 0.984179
vt 0.089231 0.065638
vt 0.088787 0.065267
vt 0.088869 0.065192
vt 0.644363 0.662812
vt 0.644231 0.662605
vt 0.644418 0.662618
vt 0.445930 0.176721
vt 0.447068 0.177216
vt 0.445721 0.177683
vt 0.657127 0.945563
vt 0.634989 0.941267
vt 0.639605 0.941897
vt 0.633686 0.943343
vt 0.135225 0.838037
vt 0.131903 0.840388
vt 0.131155 0.839810
vt 0.959426 0.901402
vt 0.491530 0.258544
vt 0.492470 0.260758
vt 0.491370 0.260527
vt 0.569093 0.923949
vt 0.571712 0.925883
vt 0.963323 0.687032
vt 0.964413 0.685697
vt 0.963835 0.688260
vt 0.280038 0.692886
vt 0.279256 0.693482
vt 0.253482 0.529543
vt 0.584851 0.637607
vt 0.583214 0.636404
vt 0.680297 0.943893
vt 0.680501 0.945941
vt 0.647613 0.657470
vt 0.648599 0.657701
vt 0.647050 0.658640
vt 0.522497 0.965224
vt 0.525401 0.964109
vt 0.523543 0.965010
vt 0.522679 0.965356
vt 0.544172 0.778948
vt 0.546253 0.778634
vt 0.546180 0.779022
vt 0.544795 0.779549
vt 0.965517 0.960180
vt 0.964240 0.960890
vt 0.961902 0.962680
vt 0.967459 0.769871
vt 0.968540 0.768094
vt 0.968878 0.769773
vt 0.968045 0.770048
vt 0.968085 0.959882
vt 0.696220 0.763229
vt 0.531913 0.667914
vt 0.530202 0.667284
vt 0.698126 0.661366
vt 0.658727 0.515345
vt 0.659136 0.513881
vt 0.670509 0.279679
vt 0.548871 0.932153
vt 0.669779 0.939540
vt 0.879152 0.871789
vt 0.879060 0.870400
vt 0.551056 0.927234
vt 0.549293 0.930195
vt 0.564894 0.629379
vt 0.740702 0.997007
vt 0.254093 0.109225
vt 0.620830 0.549981
vt 0.622927 0.940434
vt 0.661659 0.940111
vt 0.664809 0.942813
vt 0.690013 0.082546
vt 0.688110 0.081831
vt 0.123976 0.390176
vt 0.444422 0.765193
vt 0.963155 0.289643
vt 0.522240 0.116731
vt 0.770101 0.899303
vt 0.709620 0.471017
vt 0.373619 0.188792
vt 0.372401 0.189710
vt 0.470338 0.429767
vt 0.602062 0.600998
vt 0.605184 0.601603
vt 0.842678 0.314503
vt 0.841066 0.315917
vt 0.842952 0.312907
vt 0.412506 0.556606
vt 0.774785 0.481027
vt 0.777251 0.480879
vt 0.066413 0.367851
vt 0.066609 0.369203
vt 0.970523 0.905170
vt 0.624717 0.941214
vt 0.848806 0.488933
vt 0.849423 0.490254
vt 0.592739 0.461127
vt 0.590199 0.456093
vt 0.117520 0.021558
vt 0.119114 0.021062
vt 0.567835 0.628003
vt 0.097062 0.592090
vt 0.095613 0.591567
vt 0.568126 0.073323
vt 0.941645 0.901563
vt 0.941844 0.901438
vt 0.889126 0.368219
vt 0.888357 0.368119
vt 0.889015 0.368136
vt 0.938911 0.903676
vt 0.940799 0.902220
vt 0.946524 0.897621
vt 0.947098 0.896869
vt 0.369229 0.541596
vt 0.368393 0.541045
vt 0.369436 0.540283
vt 0.694502 0.984609
vt 0.696492 0.982578
vt 0.625178 0.759240
vt 0.625768 0.757622
vt 0.627394 0.756633
vt 0.627456 0.756957
vt 0.114430 0.708278
vt 0.114346 0.708347
vt 0.113793 0.707736
vt 0.113920 0.707668
vt 0.263914 0.852250
vt 0.262771 0.850015
vt 0.263065 0.849020
vt 0.943638 0.900774
vt 0.872184 0.513948
vt 0.871345 0.512275
vt 0.871419 0.512265
vt 0.872253 0.513344
vt 0.327362 0.013095
vt 0.326019 0.011617
vt 0.327605 0.012230
vt 0.696650 0.986342
vt 0.699196 0.983951
vt 0.700313 0.984689
vt 0.696994 0.983309
vt 0.941844 0.901438
vt 0.941645 0.901563
vt 0.889126 0.368219
vt 0.889015 0.368136
vt 0.888357 0.368119
vt 0.940799 0.902220
vt 0.938911 0.903676
vt 0.947098 0.896869
vt 0.946524 0.897621
vt 0.369229 0.541596
vt 0.369436 0.540283
vt 0.368393 0.541045
vt 0.694502 0.984609
vt 0.696492 0.982578
vt 0.625178 0.759240
vt 0.627456 0.756957
vt 0.627394 0.756633
vt 0.625768 0.757622
vt 0.114430 0.708278
vt 0.114346 0.708347
vt 0.263914 0.852250
vt 0.263065 0.849020
vt 0.262771 0.850015
vt 0.943638 0.900774
vt 0.872184 0.513948
vt 0.872252 0.513344
vt 0.871419 0.512266
vt 0.871345 0.512275
vt 0.327362 0.013095
vt 0.327605 0.012230
vt 0.326019 0.011617
vt 0.696650 0.986342
vt 0.700313 0.984689
vt 0.699196 0.983951
vt 0.696994 0.983309
vn 0.9039 0.4142 0.1068
vn 0.8925 0.4282 0.1415
vn 0.9070 0.3928 0.1514
vn 0.9649 -0.2603 -0.0358
vn 0.9352 -0.3063 -0.1778
vn 0.9553 -0.2243 -0.1926
vn 0.9829 -0.1491 0.1080
vn 0.9821 -0.1591 0.1003
vn 0.9843 -0.1476 0.0964
vn -0.8889 -0.2535 -0.3816
vn -0.9231 -0.1762 -0.3417
vn -0.9028 -0.1780 -0.3914
vn 0.6633 0.1465 -0.7339
vn 0.6922 0.1221 -0.7113
vn 0.6704 0.1155 -0.7330
vn -0.8820 -0.2315 -0.4104
vn -0.9170 -0.1999 -0.3453
vn -0.9132 -0.1625 -0.3737
vn 0.6943 -0.6017 -0.3948
vn 0.6883 -0.6391 -0.3433
vn 0.6721 -0.6322 -0.3855
vn 0.4137 -0.9037 -0.1103
vn 0.5056 -0.8402 -0.1960
vn 0.4304 -0.8979 -0.0923
vn 0.7600 -0.6231 -0.1850
vn 0.7801 -0.6114 -0.1325
vn 0.7424 -0.6583 -0.1239
vn 0.9493 -0.3089 -0.0591
vn 0.9552 -0.2882 -0.0676
vn 0.9560 -0.2896 -0.0458
vn 0.5786 0.1073 -0.8085
vn 0.6122 0.1442 -0.7775
vn 0.6161 0.1094 -0.7800
vn 0.1247 0.6515 -0.7483
vn 0.1476 0.6000 -0.7862
vn 0.1063 0.6471 -0.7550
vn 0.5123 0.8556 -0.0747
vn 0.4807 0.8756 -0.0471
vn 0.5133 0.8568 0.0499
vn 0.7211 0.6801 -0.1323
vn 0.7393 0.6623 -0.1212
vn 0.7294 0.6688 -0.1438
vn 0.9417 -0.2458 -0.2297
vn 0.9344 -0.2752 -0.2260
vn 0.9317 -0.2717 -0.2410
vn 0.9182 0.2902 -0.2695
vn 0.9302 0.2562 -0.2629
vn 0.9179 0.2677 -0.2930
vn 0.5727 0.5398 0.6169
vn 0.5715 0.5582 0.6015
vn 0.5500 0.5493 0.6291
vn 0.4979 0.2322 0.8356
vn 0.4954 0.2004 0.8452
vn 0.5217 0.2141 0.8258
vn 0.0187 0.9426 0.3335
vn 0.0166 0.9382 0.3457
vn 0.0281 0.9400 0.3401
vn -0.2223 0.9287 -0.2967
vn -0.2089 0.9237 -0.3212
vn -0.2781 0.9033 -0.3267
vn -0.6305 0.1873 -0.7532
vn -0.6696 0.1641 -0.7244
vn -0.6610 0.2122 -0.7197
vn 0.1746 0.9813 -0.0807
vn 0.1786 0.9788 -0.1004
vn 0.1611 0.9811 -0.1068
vn 0.7250 0.3881 0.5690
vn 0.7248 0.4037 0.5584
vn 0.7139 0.4093 0.5682
vn 0.9444 -0.2502 0.2134
vn 0.9315 -0.2280 0.2834
vn 0.9201 -0.2896 0.2635
vn -0.0634 0.8282 -0.5568
vn -0.0976 0.8515 -0.5152
vn -0.0470 0.8431 -0.5357
vn -0.1013 0.8230 0.5590
vn 0.0429 0.8061 0.5902
vn -0.0461 0.8483 0.5275
vn 0.8963 0.2506 -0.3659
vn 0.9074 0.2391 -0.3456
vn 0.9027 0.2132 -0.3737
vn 0.5425 0.8327 0.1115
vn 0.4904 0.8679 0.0797
vn 0.4750 0.8732 0.1087
vn 0.9815 -0.0573 -0.1825
vn 0.9836 -0.0958 -0.1529
vn 0.9671 -0.1060 -0.2311
vn 0.4252 0.8205 0.3821
vn 0.4447 0.8222 0.3552
vn 0.4202 0.8300 0.3668
vn 0.0582 0.9688 0.2410
vn 0.0520 0.9731 0.2247
vn 0.0426 0.9667 0.2525
vn 0.6936 0.5751 -0.4337
vn 0.7061 0.5822 -0.4031
vn 0.7147 0.5743 -0.3993
vn 0.7284 0.5436 -0.4171
vn 0.7195 0.3632 0.5919
vn 0.6772 0.3998 0.6177
vn 0.6891 0.3119 0.6541
vn 0.9613 0.2716 0.0466
vn 0.9609 0.2623 0.0887
vn 0.9660 0.2532 0.0532
vn 0.4493 -0.6487 -0.6142
vn 0.4264 -0.6323 -0.6469
vn 0.4559 -0.6113 -0.6469
vn 0.5740 0.4413 -0.6898
vn 0.5730 0.4534 -0.6827
vn 0.5807 0.4399 -0.6851
vn -0.0276 0.9945 -0.1007
vn -0.0424 0.9968 -0.0684
vn -0.0019 0.9958 -0.0916
vn 0.3705 0.9260 -0.0716
vn 0.2819 0.9238 -0.2592
vn 0.3337 0.9413 -0.0507
vn 0.8967 -0.1920 -0.3988
vn 0.9330 -0.1569 -0.3239
vn 0.8997 -0.2363 -0.3670
vn 0.7947 0.3168 -0.5177
vn 0.8099 0.2910 -0.5093
vn 0.7851 0.2943 -0.5450
vn 0.4483 -0.1232 0.8853
vn 0.4725 -0.1606 0.8666
vn 0.4757 -0.1180 0.8717
vn 0.0708 0.9263 0.3701
vn 0.0898 0.9215 0.3779
vn 0.0851 0.9314 0.3539
vn -0.3230 0.5738 0.7526
vn -0.3850 0.5562 0.7365
vn -0.3573 0.5297 0.7693
vn 0.1148 0.2436 0.9631
vn 0.4478 0.8488 -0.2812
vn 0.1672 0.8813 0.4419
vn 0.2610 -0.7696 -0.5828
vn 0.2478 -0.7809 -0.5734
vn 0.2419 -0.7656 -0.5961
vn 0.9360 -0.3515 0.0156
vn 0.9298 -0.3680 0.0096
vn 0.9335 -0.3587 -0.0038
vn 0.4477 0.7699 0.4548
vn 0.3338 0.8324 0.4423
vn 0.3645 0.7767 0.5137
vn 0.3468 0.6612 -0.6653
vn 0.3965 0.6058 -0.6898
vn 0.3224 0.6190 -0.7161
vn 0.3631 0.7123 0.6007
vn 0.3764 0.6930 0.6149
vn 0.3852 0.6992 0.6023
vn 0.7919 0.0669 0.6069
vn 0.7977 0.0598 0.6001
vn 0.7970 0.0828 0.5983
vn -0.3031 0.4091 0.8607
vn -0.2167 0.4640 0.8589
vn -0.2811 0.5172 0.8084
vn 0.8039 -0.4917 -0.3346
vn 0.8106 -0.5049 -0.2965
vn 0.7828 -0.5476 -0.2955
vn 0.9718 -0.1185 -0.2039
vn 0.9755 -0.1255 -0.1807
vn 0.9699 -0.1439 -0.1966
vn -0.1116 -0.6714 -0.7326
vn -0.1861 -0.6879 -0.7015
vn -0.1783 -0.6426 -0.7451
vn 0.3617 0.3582 0.8607
vn 0.4301 0.3063 0.8492
vn 0.4027 0.3544 0.8439
vn -0.4172 -0.6751 0.6084
vn -0.4326 -0.6603 0.6139
vn -0.4477 -0.6976 0.5593
vn -0.6358 -0.6865 -0.3528
vn -0.6029 -0.6617 -0.4457
vn -0.5764 -0.7127 -0.3997
vn -0.1847 -0.2241 -0.9569
vn 0.3917 -0.8062 -0.4434
vn -0.2533 -0.7230 -0.6427
vn 0.3764 0.7351 0.5638
vn 0.3758 0.7543 0.5384
vn 0.3622 0.7493 0.5544
vn 0.5886 0.6990 0.4063
vn 0.5741 0.7200 0.3899
vn 0.5656 0.7166 0.4081
vn 0.6840 -0.4274 0.5911
vn 0.6704 -0.4285 0.6058
vn 0.6733 -0.4461 0.5896
vn 0.7104 -0.6234 -0.3267
vn 0.6836 -0.6460 -0.3396
vn 0.6893 -0.6299 -0.3580
vn 0.8950 0.0486 0.4434
vn 0.9005 0.0589 0.4309
vn 0.8935 0.0637 0.4446
vn 0.5598 0.7250 0.4014
vn 0.5548 0.7307 0.3979
vn 0.5449 0.7282 0.4158
vn 0.1176 0.9543 -0.2749
vn 0.1436 0.9579 -0.2487
vn 0.1644 0.9481 -0.2721
vn 0.1333 -0.1437 -0.9806
vn 0.1061 -0.1252 -0.9864
vn 0.1448 -0.1224 -0.9818
vn 0.1152 -0.6524 -0.7491
vn 0.0958 -0.6309 -0.7699
vn 0.1285 -0.6333 -0.7631
vn 0.5047 0.1350 0.8527
vn 0.5064 0.1113 0.8551
vn 0.5305 0.1219 0.8389
vn 0.2255 0.8593 -0.4590
vn 0.2061 0.8532 -0.4792
vn 0.1993 0.8690 -0.4528
vn 0.0336 0.9682 0.2478
vn 0.0596 0.9603 0.2724
vn 0.0592 0.9703 0.2344
vn 0.9716 0.2248 -0.0737
vn 0.9808 0.1847 -0.0631
vn 0.9725 0.2088 -0.1031
vn 0.7055 0.2171 0.6746
vn 0.7172 0.2203 0.6612
vn 0.7070 0.2295 0.6689
vn 0.5190 0.7216 0.4581
vn 0.5135 0.7426 0.4300
vn 0.5003 0.7393 0.4507
vn 0.9457 -0.0709 -0.3172
vn 0.9532 -0.0529 -0.2977
vn 0.9527 -0.0877 -0.2911
vn 0.9821 0.1815 -0.0501
vn 0.9236 0.3690 0.1037
vn 0.9860 0.1655 -0.0202
vn 0.6083 0.5862 0.5351
vn 0.6047 0.6006 0.5231
vn 0.5981 0.5983 0.5332
vn 0.1985 -0.3068 -0.9309
vn 0.1952 -0.3460 -0.9177
vn 0.1577 -0.3284 -0.9313
vn 0.8066 0.3845 -0.4489
vn 0.8195 0.3525 -0.4518
vn 0.8103 0.3598 -0.4626
vn 0.9147 0.3765 -0.1467
vn 0.9177 0.3619 -0.1636
vn 0.9036 0.3950 -0.1660
vn -0.9934 -0.0994 0.0568
vn -0.8768 -0.2124 0.4313
vn -0.9952 -0.0639 0.0744
vn 0.8436 -0.5227 -0.1233
vn 0.8306 -0.5443 -0.1180
vn 0.8336 -0.5341 -0.1411
vn 0.8715 -0.4411 0.2141
vn 0.8679 -0.4540 0.2014
vn 0.8805 -0.4346 0.1892
vn -0.3018 0.6405 -0.7062
vn -0.2877 0.6841 -0.6702
vn -0.2447 0.6553 -0.7146
vn 0.6698 0.1359 0.7300
vn 0.6859 0.1447 0.7131
vn 0.6712 0.1538 0.7252
vn 0.9065 0.2427 -0.3455
vn 0.9008 0.2406 -0.3614
vn 0.9004 0.2581 -0.3503
vn 0.8934 0.0641 0.4446
vn 0.8999 0.0604 0.4318
vn 0.8987 0.0786 0.4314
vn 0.5141 0.4411 0.7356
vn 0.5727 0.4361 0.6941
vn 0.5416 0.4960 0.6787
vn 0.4363 0.7298 -0.5264
vn 0.4504 0.7558 -0.4752
vn 0.5008 0.7128 -0.4910
vn 0.8076 0.5876 0.0508
vn 0.7923 0.6095 0.0259
vn 0.7920 0.6067 0.0683
vn -0.5667 0.1569 -0.8089
vn -0.6030 0.1238 -0.7881
vn -0.6035 0.1910 -0.7742
vn 0.7543 -0.2240 0.6172
vn 0.7345 -0.2631 0.6256
vn 0.7569 -0.2604 0.5995
vn 0.0849 -0.3112 -0.9465
vn 0.1006 -0.3374 -0.9360
vn 0.0738 -0.3464 -0.9352
vn -0.2326 0.7032 0.6719
vn -0.2681 0.6973 0.6648
vn -0.2456 0.6838 0.6872
vn 0.1124 -0.2437 -0.9633
vn 0.1126 -0.2806 -0.9532
vn 0.0998 -0.2565 -0.9614
vn -0.3088 -0.2005 -0.9297
vn -0.2468 -0.1983 -0.9485
vn -0.2512 -0.2175 -0.9432
vn 0.8741 0.0994 0.4755
vn 0.8818 0.0949 0.4620
vn 0.8800 0.1097 0.4621
vn 0.4647 -0.3724 0.8034
vn 0.4605 -0.3425 0.8189
vn 0.4413 -0.3740 0.8157
vn 0.5255 -0.8502 0.0321
vn 0.4996 -0.8612 0.0932
vn 0.3981 -0.9173 0.0039
vn 0.7006 0.6106 -0.3692
vn 0.6996 0.6180 -0.3586
vn 0.7337 0.5808 -0.3527
vn 0.7078 0.5921 -0.3853
vn 0.8568 0.5139 0.0430
vn 0.1745 0.9685 -0.1774
vn 0.1273 0.8137 0.5671
vn 0.5683 0.4686 -0.6763
vn 0.5738 0.4522 -0.6828
vn 0.5620 0.4676 -0.6822
vn 0.3738 -0.8610 0.3450
vn -0.1667 -0.6598 0.7327
vn -0.1251 -0.9792 0.1597
vn 0.7145 0.6951 -0.0794
vn 0.0588 0.9317 0.3584
vn 0.0571 0.4345 0.8989
vn 0.4946 0.8627 -0.1051
vn 0.4816 0.8738 -0.0669
vn 0.5249 0.8465 -0.0890
vn 0.4417 0.5294 0.7243
vn 0.4487 0.5386 0.7131
vn 0.4299 0.5471 0.7182
vn 0.4181 0.8942 0.1600
vn 0.4048 0.9050 0.1307
vn 0.3977 0.9058 0.1465
vn 0.2776 0.4656 0.8404
vn 0.9719 -0.2287 0.0559
vn 0.8765 0.4392 -0.1973
vn 0.8696 0.4691 -0.1540
vn 0.4943 0.7244 0.4805
vn 0.4972 0.7320 0.4657
vn 0.4868 0.7332 0.4748
vn 0.1724 0.9675 0.1850
vn 0.1461 0.9748 0.1684
vn 0.1555 0.9677 0.1987
vn 0.3707 0.7478 0.5508
vn 0.3859 0.7348 0.5578
vn 0.3848 0.7453 0.5445
vn -0.0406 0.3038 -0.9519
vn -0.0595 0.3549 -0.9330
vn -0.0298 0.3228 -0.9460
vn 0.5017 0.0828 0.8610
vn 0.5086 0.1199 0.8526
vn 0.4867 0.1092 0.8667
vn 0.2912 0.2264 0.9295
vn 0.2620 0.1915 0.9459
vn 0.3055 0.1788 0.9353
vn 0.1930 -0.5657 -0.8017
vn 0.2049 -0.6040 -0.7702
vn 0.1638 -0.5696 -0.8054
vn 0.3626 0.4425 0.8202
vn 0.3665 0.4569 0.8105
vn 0.3497 0.4549 0.8190
vn 0.9771 0.2126 -0.0097
vn 0.9712 0.2382 -0.0036
vn 0.9761 0.2172 0.0060
vn 0.3871 0.7440 0.5446
vn 0.3707 0.7447 0.5550
vn 0.3900 0.7373 0.5516
vn -0.0133 0.7799 0.6257
vn -0.0182 0.7902 0.6125
vn -0.0403 0.7744 0.6314
vn 0.5659 0.6485 0.5092
vn 0.5752 0.6358 0.5148
vn 0.5873 0.6413 0.4938
vn 0.8781 0.0844 0.4710
vn 0.8743 0.1178 0.4709
vn 0.8652 0.1169 0.4876
vn 0.1164 0.9901 -0.0787
vn 0.8431 0.0967 -0.5290
vn 0.1821 0.5574 -0.8101
vn 0.1875 0.5685 -0.8010
vn 0.2511 0.7942 0.5533
vn 0.2362 0.8034 0.5465
vn 0.2315 0.7962 0.5590
vn 0.3651 0.3101 0.8778
vn 0.3702 0.3330 0.8672
vn 0.3468 0.3188 0.8821
vn 0.5275 0.5346 0.6602
vn 0.5328 0.6010 0.5957
vn 0.5020 0.5921 0.6304
vn 0.7847 -0.2083 0.5838
vn 0.7635 -0.2268 0.6047
vn 0.7806 -0.2427 0.5760
vn 0.9713 0.2292 -0.0641
vn 0.9787 0.2005 -0.0446
vn 0.9750 0.2085 -0.0769
vn 0.0759 0.0901 -0.9930
vn 0.7712 -0.2705 -0.5762
vn 0.0931 -0.6904 -0.7174
vn 0.6293 -0.7615 -0.1553
vn 0.6244 -0.7703 -0.1292
vn 0.6150 -0.7727 -0.1571
vn -0.1259 -0.5034 -0.8548
vn -0.1039 -0.4752 -0.8737
vn -0.0901 -0.5079 -0.8567
vn -0.1919 0.0253 -0.9811
vn -0.2215 0.0622 -0.9732
vn -0.1961 0.0703 -0.9781
vn 0.7024 0.1440 -0.6971
vn 0.7078 0.1072 -0.6983
vn 0.6932 0.1147 -0.7116
vn 0.1749 0.8991 0.4013
vn 0.1829 0.9050 0.3840
vn 0.1707 0.9104 0.3768
vn 0.1639 -0.4611 -0.8721
vn 0.1720 -0.4761 -0.8624
vn 0.1334 -0.4719 -0.8715
vn -0.1107 0.6162 -0.7798
vn -0.1177 0.6044 -0.7879
vn -0.1258 0.6106 -0.7819
vn 0.3454 0.9376 -0.0399
vn 0.3353 0.9420 0.0131
vn 0.3617 0.9322 -0.0151
vn 0.8245 -0.1448 0.5471
vn 0.8397 -0.1368 0.5255
vn 0.8284 -0.1113 0.5490
vn 0.4196 0.1337 0.8978
vn 0.4284 0.1073 0.8972
vn 0.4487 0.1267 0.8847
vn 0.5966 0.7388 0.3133
vn 0.6006 0.7337 0.3178
vn 0.6078 0.7337 0.3036
vn 0.1580 0.9167 -0.3671
vn 0.1949 0.9125 -0.3598
vn 0.1767 0.9055 -0.3858
vn 0.1931 0.2792 -0.9406
vn 0.6695 -0.7422 -0.0291
vn 0.2879 -0.5469 -0.7861
vn 0.6710 -0.3761 0.6390
vn 0.6489 -0.3916 0.6524
vn 0.6697 -0.4129 0.6173
vn 0.5426 -0.2372 -0.8058
vn 0.6474 -0.3637 -0.6698
vn 0.4279 -0.3279 -0.8422
vn 0.6609 -0.7416 0.1151
vn 0.6729 -0.7334 0.0969
vn 0.6822 -0.7209 0.1222
vn 0.6669 -0.7315 0.1421
vn 0.6604 -0.7417 0.1175
vn 0.6808 -0.7221 0.1230
vn 0.3769 -0.2137 0.9013
vn -0.2259 -0.0490 0.9729
vn -0.1447 -0.7650 0.6276
vn 0.0015 -0.9759 -0.2181
vn 0.6751 -0.5909 0.4418
vn -0.0141 -0.8445 0.5354
vn 0.0031 -0.8677 0.4971
vn 0.4532 0.0152 -0.8913
vn 0.4361 -0.0186 -0.8997
vn 0.3896 0.0252 -0.9206
vn 0.9627 0.2497 0.1039
vn 0.9652 0.2462 0.0883
vn 0.9578 0.2701 0.0980
vn 0.5909 0.1320 0.7959
vn 0.5659 0.1127 0.8168
vn 0.5845 0.0948 0.8058
vn 0.8690 0.0673 0.4902
vn 0.8741 0.0533 0.4828
vn 0.8765 0.0663 0.4769
vn 0.2109 0.8569 -0.4703
vn 0.2062 0.8389 -0.5037
vn 0.1784 0.8484 -0.4984
vn 0.7092 -0.6067 -0.3591
vn 0.7225 -0.6043 -0.3360
vn 0.7041 -0.6293 -0.3291
vn 0.8745 0.3893 -0.2893
vn 0.8643 0.3941 -0.3125
vn 0.8585 0.4139 -0.3029
vn 0.9176 0.3302 -0.2211
vn 0.9182 0.3137 -0.2417
vn 0.9069 0.3377 -0.2520
vn 0.1731 0.9722 -0.1575
vn 0.1442 0.9766 -0.1593
vn 0.1596 0.9785 -0.1307
vn 0.0378 0.8932 -0.4480
vn 0.6363 -0.2430 -0.7322
vn 0.0408 0.3102 -0.9498
vn 0.9716 0.1629 -0.1716
vn 0.1845 0.8257 0.5332
vn 0.3052 0.7453 0.5927
vn -0.2662 -0.4149 -0.8701
vn -0.3156 -0.4584 -0.8308
vn -0.3159 -0.3860 -0.8667
vn 0.5077 0.7406 0.4402
vn 0.4870 0.7600 0.4304
vn 0.4907 0.7464 0.4495
vn -0.0561 0.9271 -0.3705
vn -0.0089 0.9386 -0.3450
vn -0.0017 0.9294 -0.3690
vn 0.9860 0.1028 -0.1310
vn 0.9892 0.1095 -0.0974
vn 0.9912 0.0788 -0.1062
vn 0.2724 0.8585 -0.4345
vn 0.3218 0.8422 -0.4326
vn 0.2962 0.8389 -0.4567
vn 0.2249 0.7890 0.5717
vn 0.3056 0.7725 0.5566
vn 0.2266 0.8193 0.5267
vn 0.9311 0.3634 0.0301
vn 0.9232 0.3833 0.0273
vn 0.9184 0.3906 0.0632
vn 0.9259 -0.3656 -0.0956
vn 0.9224 -0.3794 -0.0724
vn 0.9129 -0.3962 -0.0982
vn -0.2497 -0.9283 0.2756
vn -0.2003 -0.9627 0.1817
vn -0.1432 -0.9558 0.2566
vn 0.9444 -0.0362 0.3268
vn 0.9418 -0.0477 0.3327
vn 0.9461 -0.0529 0.3195
vn 0.8568 -0.4433 0.2635
vn 0.8586 -0.4559 0.2345
vn 0.8681 -0.4340 0.2410
vn 0.4733 0.7772 -0.4148
vn 0.4959 0.7480 -0.4411
vn 0.4219 0.7882 -0.4481
vn 0.3895 0.3071 0.8683
vn 0.4127 0.3186 0.8533
vn 0.3834 0.3313 0.8621
vn 0.7493 0.6581 0.0732
vn 0.7480 0.6498 0.1351
vn 0.7728 0.6280 0.0919
vn 0.5147 0.8572 -0.0181
vn 0.4576 0.8891 -0.0089
vn 0.5084 0.8596 0.0519
vn -0.0910 -0.8646 -0.4941
vn 0.3614 -0.7069 0.6080
vn -0.1286 -0.9753 0.1797
vn 0.9951 0.0433 -0.0888
vn 0.8874 0.0496 -0.4583
vn 0.8731 0.1090 -0.4752
vn 0.7274 0.6778 0.1069
vn 0.7565 0.6520 0.0501
vn 0.7303 0.6814 0.0488
vn 0.1940 0.9482 0.2517
vn 0.1512 0.9572 0.2467
vn 0.1667 0.9366 0.3082
vn 0.2966 0.6299 0.7178
vn 0.2886 0.6219 0.7280
vn 0.3055 0.6143 0.7275
vn 0.7427 0.0695 -0.6660
vn 0.7218 0.0571 -0.6897
vn 0.7162 0.0720 -0.6942
vn 0.9291 0.0014 -0.3698
vn 0.9093 -0.0518 -0.4129
vn 0.8898 0.0138 -0.4561
vn -0.0026 0.2336 0.9723
vn 0.1105 0.9548 -0.2760
vn -0.0130 0.8446 0.5352
vn -0.0981 0.7857 -0.6108
vn -0.1383 0.7961 -0.5891
vn -0.1249 0.8252 -0.5509
vn -0.0603 0.8157 -0.5754
vn 0.9333 0.3547 0.0554
vn 0.9391 0.3406 0.0452
vn 0.9278 0.3718 0.0317
vn 0.9681 0.2431 -0.0599
vn 0.9652 0.2595 -0.0319
vn 0.9712 0.2361 -0.0324
vn 0.0823 0.5919 -0.8018
vn 0.0511 0.6134 -0.7881
vn 0.0715 0.6162 -0.7843
vn 0.8831 -0.3579 0.3034
vn 0.8936 -0.3378 0.2955
vn 0.8873 -0.3416 0.3100
vn 0.6002 -0.7888 -0.1325
vn 0.6097 -0.7874 -0.0914
vn 0.5850 -0.8023 -0.1188
vn 0.9744 -0.0805 0.2097
vn 0.9699 -0.0899 0.2263
vn 0.9719 -0.0955 0.2151
vn -0.0882 0.5630 -0.8217
vn -0.1356 0.5575 -0.8191
vn -0.1047 0.5725 -0.8132
vn 0.7582 0.2038 -0.6194
vn 0.7465 0.1842 -0.6393
vn 0.7441 0.2122 -0.6334
vn 0.4304 -0.7438 0.5113
vn 0.4499 -0.7550 0.4770
vn 0.4575 -0.7344 0.5014
vn 0.9103 -0.3013 0.2838
vn 0.8981 -0.3259 0.2953
vn 0.9100 -0.3088 0.2765
vn -0.0959 -0.9928 -0.0712
vn -0.1254 -0.9909 -0.0497
vn -0.1191 -0.9892 -0.0858
vn 0.0487 -0.9883 0.1447
vn 0.0443 -0.9925 0.1143
vn 0.0610 -0.9901 0.1263
vn 0.1021 0.9308 0.3509
vn 0.0977 0.9224 0.3736
vn 0.1148 0.9275 0.3558
vn 0.5871 0.3133 -0.7464
vn 0.6138 0.4353 -0.6586
vn 0.6443 0.3699 -0.6694
vn -0.0327 -0.3581 -0.9331
vn -0.0628 -0.3467 -0.9359
vn -0.0466 -0.3253 -0.9445
vn 0.1098 0.7288 0.6758
vn 0.6415 0.4928 -0.5879
vn 0.1645 0.9783 -0.1264
vn 0.1188 -0.9856 0.1204
vn 0.1515 -0.9667 0.2061
vn 0.0834 -0.9806 0.1773
vn -0.5342 -0.8360 0.1257
vn -0.4874 -0.8600 0.1510
vn -0.5325 -0.8192 0.2130
vn 0.9203 -0.3882 0.0482
vn 0.9186 -0.3893 0.0684
vn 0.9132 -0.4023 0.0656
vn -0.0187 0.2473 0.9688
vn 0.4492 0.8909 -0.0663
vn -0.0599 0.8508 0.5221
vn -0.0200 0.8456 0.5334
vn -0.6058 0.1736 -0.7765
vn -0.5872 0.2067 -0.7826
vn -0.5634 0.1883 -0.8045
vn 0.4974 0.8440 0.2008
vn 0.4632 0.8603 0.2130
vn 0.5041 0.8344 0.2229
vn 0.0203 0.9609 0.2762
vn 0.0068 0.9516 0.3072
vn 0.0263 0.9522 0.3042
vn 0.5217 0.7313 -0.4393
vn 0.5322 0.7427 -0.4064
vn 0.5504 0.7219 -0.4195
vn 0.8990 -0.3292 0.2889
vn 0.9039 -0.3425 0.2562
vn 0.9074 -0.3264 0.2649
vn 0.0801 0.2502 -0.9649
vn 0.0605 0.2477 -0.9669
vn 0.0755 0.2683 -0.9604
vn 0.9606 0.2493 0.1231
vn 0.9524 0.2645 0.1513
vn 0.9624 0.2248 0.1523
vn 0.8424 -0.4167 0.3416
vn 0.8624 -0.3919 0.3205
vn 0.8587 -0.3616 0.3632
vn 0.5137 -0.7090 -0.4833
vn 0.4882 -0.7293 -0.4794
vn 0.4886 -0.7059 -0.5129
vn 0.0748 0.8346 -0.5457
vn 0.1252 0.8274 -0.5475
vn 0.1025 0.7935 -0.5998
vn 0.9674 -0.2174 -0.1299
vn 0.9679 -0.2234 -0.1151
vn 0.9649 -0.2295 -0.1274
vn 0.4421 -0.8427 -0.3072
vn 0.4626 -0.8321 -0.3061
vn 0.4355 -0.8532 -0.2871
vn 0.5229 -0.8461 -0.1037
vn 0.5454 -0.8287 -0.1259
vn 0.5489 -0.8299 -0.0998
vn 0.0900 0.6010 0.7941
vn 0.1417 0.5870 0.7971
vn 0.1453 0.6196 0.7713
vn 0.1491 0.5420 0.8270
vn 0.1649 0.5546 0.8156
vn 0.1462 0.5609 0.8149
vn -0.0368 0.9969 0.0692
vn 0.0024 0.9992 0.0393
vn -0.0547 0.9974 0.0478
vn -0.2668 0.2746 -0.9238
vn -0.1974 0.2895 -0.9366
vn -0.2221 0.2527 -0.9417
vn 0.1792 0.5639 -0.8062
vn 0.1570 0.5564 -0.8160
vn 0.1480 0.5944 -0.7904
vn 0.2495 0.9649 -0.0819
vn 0.2364 0.9693 -0.0676
vn 0.2574 0.9648 -0.0541
vn 0.2004 0.4271 -0.8817
vn 0.2136 0.4512 -0.8665
vn 0.2208 0.4007 -0.8892
vn -0.6720 0.2119 -0.7096
vn -0.6553 0.2062 -0.7267
vn -0.6591 0.1613 -0.7346
vn 0.4235 0.6370 0.6442
vn 0.4225 0.6285 0.6531
vn 0.4369 0.6271 0.6448
vn 0.9710 0.2290 0.0685
vn 0.9624 0.2567 0.0888
vn 0.9707 0.2251 0.0840
vn 0.9438 0.3141 0.1027
vn 0.9517 0.2909 0.0977
vn 0.9440 0.3182 0.0874
vn 0.2976 0.7420 0.6008
vn 0.2748 0.7481 0.6040
vn 0.2765 0.7376 0.6161
vn 0.0830 0.9346 0.3458
vn 0.0552 0.9388 0.3399
vn 0.0781 0.9309 0.3567
vn 0.9129 -0.1030 -0.3949
vn 0.9145 -0.1187 -0.3867
vn 0.9078 -0.1158 -0.4032
vn -0.2434 -0.2160 -0.9456
vn -0.2600 -0.2722 -0.9265
vn -0.2751 -0.2563 -0.9266
vn -0.5101 -0.1346 -0.8495
vn -0.4810 -0.1918 -0.8555
vn -0.5051 -0.1959 -0.8405
vn 0.8358 -0.0805 0.5431
vn 0.8473 -0.0725 0.5262
vn 0.8410 -0.0519 0.5385
vn 0.9446 -0.2653 -0.1930
vn 0.9393 -0.2764 -0.2030
vn 0.9398 -0.2588 -0.2231
vn -0.0082 -0.8638 -0.5037
vn -0.0297 -0.8530 -0.5210
vn -0.0025 -0.8521 -0.5233
vn 0.0720 -0.9965 -0.0430
vn 0.0655 -0.9977 -0.0151
vn 0.0483 -0.9983 -0.0335
vn 0.3867 0.6612 0.6429
vn 0.3917 0.6710 0.6296
vn 0.3681 0.6794 0.6348
vn 0.1350 0.9906 0.0224
vn 0.8487 0.4500 -0.2777
vn 0.2158 0.6182 -0.7558
vn 0.2124 0.6388 -0.7395
vn 0.3048 0.2530 0.9182
vn 0.3359 0.2222 0.9153
vn 0.3294 0.2480 0.9110
vn 0.0387 -0.5312 -0.8464
vn 0.0046 -0.5387 -0.8425
vn 0.0205 -0.5117 -0.8589
vn 0.6772 0.3830 0.6282
vn 0.6943 0.3702 0.6172
vn 0.6866 0.3903 0.6134
vn -0.2175 -0.7865 0.5780
vn -0.0303 0.2207 0.9749
vn -0.2827 -0.2779 0.9181
vn 0.6676 -0.1820 0.7219
vn 0.6451 -0.1708 0.7448
vn 0.6338 -0.2000 0.7472
vn 0.7462 -0.1830 0.6401
vn 0.7328 -0.1957 0.6516
vn 0.7410 -0.2165 0.6357
vn 0.3507 0.3472 0.8697
vn 0.3342 0.3723 0.8658
vn 0.3310 0.3393 0.8805
vn 0.0086 0.2156 0.9764
vn -0.0110 0.1895 0.9818
vn 0.0468 0.2065 0.9773
vn -0.0201 0.2664 0.9637
vn 0.6440 0.6396 0.4197
vn 0.6595 0.6264 0.4155
vn 0.6460 0.6478 0.4038
vn 0.4344 0.9001 -0.0326
vn 0.4083 0.9100 -0.0721
vn 0.3910 0.9197 -0.0349
vn 0.4388 0.5364 0.7209
vn 0.4339 0.5223 0.7341
vn 0.4535 0.5254 0.7199
vn 0.9437 0.3305 0.0137
vn 0.9317 0.3631 0.0136
vn 0.9398 0.3402 0.0305
vn 0.9467 0.2976 0.1232
vn 0.9431 0.3128 0.1130
vn 0.9349 0.3269 0.1381
vn 0.9938 -0.0900 -0.0657
vn 0.9952 -0.0730 -0.0648
vn 0.9953 -0.0825 -0.0504
vn 0.8278 -0.2921 -0.4789
vn 0.8125 -0.3330 -0.4784
vn 0.8187 -0.2828 -0.4997
vn 0.9617 0.2457 0.1218
vn 0.9661 0.2137 0.1451
vn 0.9701 0.2085 0.1246
vn 0.4438 0.5555 0.7032
vn 0.4342 0.5218 0.7343
vn 0.4588 0.5201 0.7204
vn -0.2621 0.2297 0.9373
vn -0.2368 0.1912 0.9526
vn -0.2319 0.2109 0.9496
vn 0.7674 0.3330 0.5479
vn 0.7902 0.2957 0.5368
vn 0.7900 0.3249 0.5200
vn 0.9305 0.0650 -0.3605
vn 0.9237 0.0939 -0.3714
vn 0.9340 0.0853 -0.3470
vn 0.9540 0.1263 -0.2720
vn 0.9469 0.1338 -0.2923
vn 0.9457 0.1541 -0.2863
vn 0.9407 0.1252 -0.3152
vn 0.9342 0.1253 -0.3341
vn 0.9381 0.1480 -0.3131
vn 0.8940 0.3463 -0.2844
vn 0.8855 0.3510 -0.3043
vn 0.8911 0.3535 -0.2847
vn 0.0051 -0.7420 -0.6704
vn -0.0627 -0.7549 -0.6528
vn -0.0308 -0.7234 -0.6898
vn 0.3197 0.9209 -0.2232
vn 0.3022 0.9246 -0.2319
vn 0.2960 0.9330 -0.2046
vn 0.0323 0.9488 -0.3143
vn 0.0427 0.9569 -0.2872
vn 0.0546 0.9462 -0.3190
vn 0.8388 -0.1882 0.5109
vn 0.8436 -0.2116 0.4936
vn 0.8487 -0.1697 0.5010
vn 0.3113 0.2156 0.9255
vn 0.2859 0.1690 0.9432
vn 0.3100 0.1653 0.9362
vn 0.8373 0.1664 0.5208
vn 0.8464 0.1215 0.5185
vn 0.8538 0.1224 0.5059
vn 0.4008 0.3694 0.8384
vn 0.3872 0.3918 0.8346
vn 0.3607 0.3591 0.8608
vn -0.0294 0.5290 -0.8481
vn -0.0420 0.5404 -0.8404
vn -0.0187 0.5507 -0.8345
vn -0.0728 -0.4307 -0.8996
vn -0.0952 -0.4420 -0.8919
vn -0.1052 -0.4201 -0.9014
vn -0.5293 0.8378 -0.1343
vn -0.4488 0.8859 -0.1172
vn -0.5204 0.8085 -0.2747
vn -0.3243 0.7964 -0.5104
vn -0.2874 0.8378 -0.4642
vn -0.2467 0.8139 -0.5261
vn 0.9488 -0.2211 -0.2256
vn 0.9426 -0.2359 -0.2363
vn 0.9463 -0.2188 -0.2380
vn 0.3441 0.9298 -0.1310
vn 0.3463 0.9234 -0.1656
vn 0.3017 0.9394 -0.1626
vn 0.4964 0.6789 0.5411
vn 0.4781 0.6982 0.5329
vn 0.4831 0.6790 0.5528
vn 0.5483 0.7205 0.4246
vn 0.5678 0.7011 0.4313
vn 0.5657 0.7092 0.4208
vn 0.2004 -0.7660 -0.6108
vn 0.2435 -0.7617 -0.6005
vn 0.2157 -0.7763 -0.5923
vn 0.5165 0.5661 0.6425
vn 0.5527 0.5633 0.6142
vn 0.5040 0.6093 0.6121
vn 0.5297 0.5485 0.6470
vn 0.5641 0.5750 0.5926
vn 0.4951 0.6056 0.6230
vn -0.0527 -0.9168 0.3958
vn 0.4537 0.1452 0.8793
vn -0.0909 -0.4231 0.9015
vn 0.0008 -0.9905 0.1372
vn 0.6390 -0.3340 0.6930
vn -0.0202 -0.6349 0.7723
vn 0.1529 0.0773 -0.9852
vn 0.1897 0.0696 -0.9794
vn 0.1914 0.0344 -0.9809
vn 0.1504 0.0458 -0.9876
vn -0.1394 0.9007 -0.4116
vn -0.1651 0.9230 -0.3475
vn -0.1327 0.9294 -0.3445
vn 0.6649 0.5272 0.5291
vn 0.6824 0.5151 0.5187
vn 0.6783 0.5278 0.5112
vn 0.2948 0.7553 0.5853
vn 0.3218 0.7674 0.5545
vn 0.2826 0.7627 0.5817
vn 0.2785 0.7695 0.5748
vn 0.3183 0.7675 0.5564
vn 0.2754 0.7850 0.5549
vn 0.3517 0.8716 0.3416
vn 0.3887 0.8500 0.3556
vn 0.3721 0.8706 0.3219
vn 0.0081 0.1837 -0.9829
vn 0.6301 -0.1117 -0.7685
vn 0.0074 -0.5655 -0.8247
vn 0.0149 -0.5478 -0.8365
vn 0.5248 0.8183 0.2346
vn 0.5025 0.8365 0.2186
vn 0.4724 0.8403 0.2658
vn 0.5775 0.7908 0.2030
vn 0.5561 0.8014 0.2203
vn 0.5830 0.7689 0.2624
vn 0.6338 0.3752 0.6764
vn 0.6420 0.3494 0.6825
vn 0.6501 0.3680 0.6648
vn 0.9957 -0.0704 -0.0598
vn 0.9943 -0.0940 -0.0500
vn 0.9940 -0.0833 -0.0708
vn 0.9898 0.1424 0.0052
vn 0.9894 0.1423 0.0297
vn 0.9922 0.1244 0.0120
vn 0.2920 0.9361 0.1960
vn 0.2752 0.9457 0.1731
vn 0.2768 0.9382 0.2076
vn -0.0305 -0.9116 0.4099
vn -0.0715 -0.8981 0.4340
vn -0.1257 -0.9044 0.4078
vn 0.1070 -0.9816 0.1581
vn 0.0908 -0.9924 0.0830
vn 0.1709 -0.9818 0.0825
vn 0.3880 0.9214 0.0204
vn 0.3941 0.9185 -0.0310
vn 0.3522 0.9357 -0.0203
vn 0.1420 -0.7768 -0.6135
vn 0.0873 -0.7359 -0.6715
vn 0.1413 -0.7436 -0.6535
vn 0.9281 -0.3411 -0.1492
vn 0.9357 -0.3211 -0.1461
vn 0.9320 -0.3355 -0.1367
vn 0.1666 -0.8637 0.4756
vn 0.1395 -0.8601 0.4906
vn 0.1481 -0.8832 0.4450
vn 0.9591 0.2712 0.0810
vn 0.9578 0.2829 0.0503
vn 0.9521 0.2985 0.0667
vn 0.4621 0.8221 0.3325
vn 0.4830 0.8127 0.3260
vn 0.4703 0.8245 0.3148
vn 0.5856 -0.7955 -0.1557
vn 0.6241 -0.7808 -0.0311
vn 0.6013 -0.7988 -0.0178
vn -0.1001 -0.6510 -0.7525
vn -0.1105 -0.5896 -0.8001
vn -0.0709 -0.6151 -0.7852
vn 0.1233 0.0376 0.9917
vn 0.3638 -0.0072 0.9314
vn 0.1835 0.7603 0.6231
vn 0.1643 0.7534 0.6367
vn 0.0626 0.1316 -0.9893
vn 0.0579 0.1761 -0.9827
vn 0.0860 0.1553 -0.9841
vn 0.1314 0.7276 0.6733
vn 0.0957 0.6753 0.7313
vn 0.2213 0.6876 0.6916
vn 0.3560 0.7762 -0.5203
vn 0.2188 0.7509 -0.6231
vn 0.2161 0.8247 -0.5227
vn 0.1540 0.4827 -0.8622
vn 0.6841 0.2380 -0.6894
vn 0.2088 -0.2802 -0.9370
vn 0.2091 -0.2176 -0.9534
vn 0.7380 0.6716 0.0660
vn 0.7737 0.6293 0.0730
vn 0.7598 0.6488 0.0423
vn -0.3244 0.7544 0.5706
vn -0.3255 0.7238 0.6085
vn -0.2910 0.7432 0.6024
vn -0.2818 0.9134 0.2938
vn -0.2046 0.9275 0.3130
vn -0.2418 0.9400 0.2405
vn 0.5963 0.4165 0.6863
vn 0.5701 0.3651 0.7360
vn 0.6252 0.3463 0.6994
vn 0.4383 0.6339 -0.6372
vn 0.4516 0.6318 -0.6300
vn 0.4601 0.6149 -0.6404
vn 0.5213 0.7476 0.4115
vn 0.5066 0.7585 0.4099
vn 0.5216 0.7378 0.4284
vn 0.3010 0.0003 -0.9536
vn 0.3289 -0.0178 -0.9442
vn 0.2800 -0.0185 -0.9598
vn 0.1958 0.4585 -0.8669
vn 0.1724 0.4448 -0.8789
vn 0.1430 0.4492 -0.8819
vn 0.2710 0.9309 0.2449
vn 0.2767 0.8330 0.4792
vn 0.4046 0.8756 0.2641
vn -0.0530 0.7054 0.7068
vn 0.0357 0.7619 0.6467
vn -0.1152 0.7633 0.6357
vn 0.9920 -0.1017 -0.0744
vn 0.9907 -0.1134 -0.0750
vn 0.9904 -0.1093 -0.0849
vn 0.8824 0.4287 -0.1941
vn 0.8933 0.4057 -0.1936
vn 0.8811 0.4228 -0.2119
vn -0.3924 -0.9077 -0.1485
vn -0.2849 -0.9441 -0.1659
vn -0.3446 -0.9323 -0.1100
vn 0.2332 -0.9508 0.2041
vn 0.2986 -0.9351 0.1909
vn 0.2626 -0.9315 0.2516
vn -0.0690 0.9747 -0.2127
vn -0.0389 0.9735 -0.2252
vn -0.0730 0.9645 -0.2539
vn -0.0482 0.9311 -0.3614
vn -0.0006 0.9366 -0.3503
vn -0.0105 0.9168 -0.3991
vn -0.0410 0.9815 -0.1868
vn -0.0756 0.9797 -0.1859
vn -0.0586 0.9844 -0.1661
vn 0.8658 0.2772 -0.4166
vn 0.8873 0.2617 -0.3797
vn 0.8818 0.2453 -0.4028
vn 0.8655 0.3229 -0.3831
vn 0.8797 0.2992 -0.3696
vn 0.8593 0.3032 -0.4120
vn -0.8646 0.0302 -0.5016
vn -0.9103 0.0608 -0.4096
vn -0.8673 0.1022 -0.4872
vn -0.0854 0.3982 -0.9133
vn -0.0738 0.4566 -0.8866
vn -0.0459 0.4225 -0.9052
vn 0.7991 -0.4776 0.3652
vn 0.7628 -0.4925 0.4190
vn 0.7765 -0.5029 0.3798
vn 0.8757 0.4733 -0.0960
vn 0.8835 0.4612 -0.0818
vn 0.8808 0.4641 -0.0937
vn 0.3242 0.4213 0.8470
vn 0.3041 0.4329 0.8486
vn 0.3010 0.4096 0.8612
vn 0.0337 -0.2195 -0.9750
vn 0.1024 -0.2086 -0.9726
vn 0.0630 -0.2466 -0.9671
vn 0.9304 0.0036 0.3666
vn 0.9281 -0.0133 0.3720
vn 0.9348 -0.0065 0.3552
vn 0.9488 -0.1443 0.2809
vn 0.9422 -0.1540 0.2977
vn 0.9459 -0.1570 0.2839
vn 0.8766 0.3070 -0.3705
vn 0.8711 0.3038 -0.3860
vn 0.8721 0.3182 -0.3717
vn 0.8360 0.5477 0.0342
vn 0.8505 0.5259 -0.0110
vn 0.8371 0.5468 -0.0137
vn 0.8114 -0.4836 0.3282
vn 0.8232 -0.4728 0.3142
vn 0.8226 -0.4558 0.3399
vn 0.9169 -0.1889 0.3515
vn 0.9239 -0.1817 0.3366
vn 0.9262 -0.1706 0.3361
vn 0.9031 -0.1225 0.4117
vn 0.9124 -0.1071 0.3950
vn 0.9057 -0.1053 0.4107
vn 0.8170 -0.3176 -0.4813
vn 0.8864 -0.1486 -0.4384
vn 0.8974 -0.1880 -0.3991
vn -0.6262 0.5988 0.4994
vn -0.8063 0.5115 0.2972
vn -0.7957 0.4297 0.4268
vn -0.5710 0.5699 -0.5909
vn -0.5286 0.6326 -0.5661
vn -0.4781 0.6281 -0.6140
vn -0.6334 0.5735 -0.5195
vn -0.6357 0.6257 -0.4521
vn -0.6006 0.6368 -0.4835
vn 0.7390 0.6694 0.0768
vn 0.7323 0.6785 0.0585
vn 0.7241 0.6862 0.0693
vn 0.7855 0.6123 -0.0895
vn 0.7721 0.6274 -0.1011
vn 0.7791 0.6208 -0.0874
vn 0.9180 -0.2324 0.3213
vn 0.9249 -0.2242 0.3071
vn 0.9225 -0.2114 0.3229
vn 0.8267 0.5340 0.1771
vn 0.8153 0.5346 0.2226
vn 0.8322 0.5027 0.2337
vn 0.8486 0.4941 0.1893
vn 0.9578 0.1883 -0.2172
vn 0.9536 0.2077 -0.2178
vn 0.9604 0.1968 -0.1972
vn -0.5715 -0.8096 -0.1342
vn -0.5393 -0.8394 -0.0681
vn -0.6109 -0.7885 -0.0718
vn -0.4263 -0.9017 0.0721
vn -0.4810 -0.8685 0.1198
vn -0.4816 -0.8725 0.0822
vn -0.0537 0.2641 -0.9630
vn -0.0437 0.3159 -0.9478
vn 0.0037 0.2884 -0.9575
vn 0.9734 0.2281 0.0217
vn 0.9648 0.2616 0.0256
vn 0.9686 0.2323 0.0883
vn 0.9263 -0.3209 -0.1975
vn 0.9355 -0.2952 -0.1942
vn 0.9363 -0.3007 -0.1817
vn 0.3269 0.9136 -0.2419
vn 0.3172 0.9212 -0.2254
vn 0.3360 0.9164 -0.2173
vn 0.5130 -0.1895 -0.8372
vn 0.3840 -0.2075 -0.8997
vn 0.3612 -0.1552 -0.9195
vn 0.2694 -0.1983 -0.9424
vn 0.2182 -0.1982 -0.9556
vn 0.2046 -0.0436 -0.9779
vn 0.6768 0.2910 0.6762
vn 0.6805 0.2644 0.6834
vn 0.6910 0.2793 0.6667
vn 0.4534 0.6215 0.6389
vn 0.4359 0.6102 0.6616
vn 0.4527 0.6101 0.6503
vn 0.1845 -0.6783 0.7112
vn 0.1805 -0.6630 0.7265
vn 0.1553 -0.6906 0.7063
vn -0.5811 0.2078 -0.7869
vn -0.5890 0.1628 -0.7916
vn -0.6025 0.1881 -0.7757
vn 0.9180 0.3877 0.0831
vn 0.8658 0.4795 0.1431
vn 0.9244 0.3641 0.1134
vn 0.6442 -0.7519 0.1403
vn 0.6598 -0.7345 0.1588
vn 0.6110 -0.7637 0.2082
vn 0.5683 -0.8025 0.1819
vn 0.5447 -0.8290 0.1268
vn 0.5601 -0.8211 0.1099
vn 0.9182 -0.3888 0.0761
vn 0.9102 -0.4090 0.0656
vn 0.9140 -0.4032 0.0456
vn 0.5657 -0.7101 -0.4192
vn 0.5629 -0.7311 -0.3856
vn 0.5434 -0.7368 -0.4023
vn 0.0806 0.9833 -0.1633
vn 0.0087 0.9972 -0.0739
vn 0.8354 0.2891 0.4675
vn 0.1112 0.9771 -0.1814
vn 0.0340 0.9912 -0.1282
vn 0.1915 0.9802 -0.0507
vn 0.9666 0.0826 -0.2427
vn 0.9350 0.0961 -0.3414
vn 0.8618 0.4375 -0.2566
vn 0.9121 -0.1252 0.3905
vn 0.9133 -0.1078 0.3928
vn 0.9065 -0.1133 0.4068
vn -0.0276 0.5308 -0.8471
vn -0.0191 0.5032 -0.8640
vn -0.0442 0.5124 -0.8576
vn 0.1325 0.2790 -0.9511
vn 0.1266 0.2943 -0.9473
vn 0.1562 0.2888 -0.9446
vn 0.1742 0.9635 -0.2035
vn 0.1503 0.9635 -0.2216
vn 0.1482 0.9687 -0.1991
vn 0.4916 0.7511 0.4406
vn 0.4836 0.7428 0.4629
vn 0.5036 0.7338 0.4561
vn 0.8589 0.4694 -0.2051
vn 0.8389 0.5013 -0.2120
vn 0.8500 0.4934 -0.1842
vn 0.1347 -0.9235 0.3593
vn 0.9846 0.0650 0.1625
vn 0.9847 0.0770 0.1563
vn 0.9821 0.0695 0.1753
vn 0.1564 -0.2024 -0.9667
vn -0.1387 0.9301 -0.3402
vn -0.0996 0.9305 0.3525
vn 0.1616 0.7962 -0.5830
vn 0.9271 -0.0900 -0.3638
vn 0.2434 -0.0084 -0.9699
vn 0.5296 -0.8450 0.0744
vn 0.5254 -0.8461 0.0898
vn 0.5112 -0.8557 0.0803
vn 0.5165 -0.8364 0.1835
vn 0.5433 -0.8173 0.1918
vn 0.5291 -0.8241 0.2021
vn 0.7531 0.1896 -0.6300
vn 0.7638 0.1811 -0.6195
vn 0.7484 0.1732 -0.6402
vn 0.0696 0.5034 0.8612
vn 0.0571 0.4768 0.8771
vn 0.0828 0.4637 0.8821
vn 0.9216 0.0833 -0.3791
vn 0.9291 0.0814 -0.3608
vn 0.9292 0.0613 -0.3643
vn 0.2639 0.2553 -0.9302
vn 0.2549 0.2359 -0.9378
vn 0.2288 0.2560 -0.9392
vn 0.7955 0.0828 0.6002
vn 0.7960 0.0599 0.6023
vn 0.8053 0.0720 0.5884
vn 0.8408 0.0502 0.5390
vn 0.8372 0.0315 0.5460
vn 0.8485 0.0326 0.5282
vn 0.8603 0.2597 0.4387
vn 0.8509 0.2759 0.4471
vn 0.8512 0.2633 0.4540
vn 0.1106 -0.8620 0.4946
vn 0.0965 -0.8774 0.4699
vn 0.1346 -0.8804 0.4548
vn 0.4847 0.4963 -0.7202
vn 0.4737 0.5051 -0.7215
vn 0.4891 0.5307 -0.6922
vn 0.3236 0.6543 -0.6835
vn 0.3949 0.6343 -0.6646
vn 0.3636 0.6277 -0.6883
vn 0.6894 0.4935 0.5302
vn 0.7201 0.4509 0.5274
vn 0.7151 0.4989 0.4896
vn 0.9731 0.2266 -0.0412
vn 0.9781 0.2080 0.0023
vn 0.9799 0.1957 -0.0382
vn 0.8844 0.4622 0.0648
vn 0.9145 0.3993 0.0652
vn 0.9055 0.4234 0.0296
vn 0.8392 0.5392 0.0708
vn 0.1497 0.9325 0.3288
vn 0.1052 0.3715 0.9225
vn 0.7541 -0.6514 0.0834
vn 0.7375 -0.6655 0.1149
vn 0.7361 -0.6749 0.0515
vn 0.8024 -0.0104 0.5968
vn 0.7861 -0.0224 0.6177
vn 0.7932 -0.0363 0.6079
vn 0.3987 0.6999 0.5926
vn 0.4347 0.6903 0.5784
vn 0.4144 0.7051 0.5755
vn 0.3883 0.8225 0.4157
vn 0.3548 0.8299 0.4305
vn 0.3794 0.8027 0.4602
vn 0.9849 -0.0786 -0.1539
vn 0.9874 -0.0705 -0.1416
vn 0.9861 -0.0856 -0.1421
vn 0.3279 0.3655 -0.8711
vn 0.3560 0.3675 -0.8592
vn 0.3349 0.3509 -0.8745
vn 0.6124 0.6944 0.3778
vn 0.5820 0.7321 0.3539
vn 0.5959 0.7051 0.3845
vn 0.1598 0.5851 0.7951
vn 0.1533 0.6027 0.7831
vn 0.1435 0.5836 0.7993
vn 0.2915 -0.6568 -0.6954
vn 0.2645 -0.6246 -0.7348
vn 0.3085 -0.6291 -0.7135
vn -0.0303 0.9747 0.2214
vn -0.0428 0.9737 0.2239
vn -0.0383 0.9710 0.2359
vn 0.7253 -0.5009 -0.4723
vn 0.1483 -0.3141 -0.9377
vn 0.1062 0.4596 -0.8818
vn 0.4621 0.1375 0.8761
vn 0.4561 0.1211 0.8817
vn 0.4628 0.1123 0.8793
vn 0.2774 0.9543 -0.1110
vn 0.3021 0.9474 -0.1059
vn 0.2925 0.9471 -0.1318
vn -0.1380 0.5953 -0.7916
vn -0.1265 0.5919 -0.7960
vn -0.1420 0.5683 -0.8105
vn 0.5374 0.0138 0.8432
vn 0.5593 0.0311 0.8284
vn 0.5360 0.0442 0.8430
vn 0.3861 -0.1742 -0.9059
vn 0.4280 -0.1518 -0.8909
vn 0.4057 -0.2014 -0.8915
vn -0.1889 -0.5830 -0.7902
vn -0.1601 -0.5592 -0.8134
vn -0.1491 -0.5863 -0.7963
vn -0.0726 -0.6241 -0.7780
vn -0.0172 -0.6376 -0.7701
vn -0.0441 -0.6625 -0.7478
vn 0.2619 0.9124 -0.3146
vn 0.2054 0.9113 -0.3568
vn 0.1084 0.9757 -0.1905
vn 0.0568 -0.8696 -0.4906
vn 0.0029 -0.8499 -0.5270
vn 0.0852 -0.8587 -0.5054
vn 0.9770 0.1945 -0.0878
vn 0.9869 0.1508 -0.0576
vn 0.9773 0.1805 -0.1111
vn 0.4278 0.1469 0.8919
vn 0.4540 0.1457 0.8790
vn 0.4297 0.1811 0.8846
vn 0.4406 0.1787 0.8797
vn 0.4139 0.1714 0.8941
vn 0.4276 0.1459 0.8921
vn 0.3822 -0.9154 0.1267
vn 0.4153 -0.8987 0.1407
vn 0.3786 -0.9090 0.1740
vn -0.7585 -0.5583 -0.3363
vn -0.6372 -0.7702 -0.0276
vn -0.7926 -0.5154 -0.3258
vn 0.8688 0.0915 -0.4866
vn 0.8798 0.1202 -0.4598
vn 0.9583 -0.1989 -0.2052
vn 0.7285 -0.2544 0.6361
vn 0.7580 -0.2295 0.6105
vn 0.7302 -0.2233 0.6457
vn -0.0003 0.8777 0.4792
vn 0.0147 0.8602 0.5097
vn 0.0155 0.8747 0.4844
vn -0.3628 0.8153 0.4512
vn -0.3472 0.8312 0.4342
vn -0.3595 0.8309 0.4247
vn 0.4268 -0.7289 0.5353
vn -0.1758 -0.9501 0.2575
vn -0.1282 -0.9048 -0.4061
vn -0.0307 -0.9622 0.2706
vn 0.6226 -0.4735 0.6230
vn -0.0534 -0.5565 0.8291
vn 0.2237 0.9315 0.2868
vn 0.1926 0.9375 0.2899
vn 0.1928 0.9288 0.3165
vn 0.5365 0.4741 0.6981
vn 0.5517 0.4879 0.6764
vn 0.5304 0.5101 0.6771
vn -0.0052 -0.6299 -0.7766
vn -0.0338 -0.6005 -0.7989
vn 0.0034 -0.5951 -0.8036
vn -0.2473 -0.7215 -0.6468
vn -0.1909 -0.6973 -0.6908
vn -0.1529 -0.7269 -0.6695
vn 0.8555 0.2474 0.4549
vn 0.8537 0.2658 0.4479
vn 0.8455 0.2642 0.4640
vn 0.5718 0.6577 0.4903
vn 0.6049 0.6324 0.4839
vn 0.6039 0.6610 0.4453
vn 0.3891 -0.7033 -0.5949
vn 0.4154 -0.6791 -0.6052
vn 0.4382 -0.6973 -0.5673
vn 0.0422 -0.5934 -0.8038
vn 0.1589 -0.6361 -0.7550
vn 0.0270 -0.6085 -0.7931
vn 0.9759 -0.1444 0.1635
vn 0.9743 -0.1373 0.1786
vn 0.9717 -0.1553 0.1781
vn 0.9232 0.1245 0.3637
vn 0.8980 0.1450 0.4155
vn 0.9167 0.1007 0.3867
vn -0.0542 0.7032 0.7090
vn -0.0224 0.7292 0.6839
vn -0.0571 0.7515 0.6573
vn 0.1962 0.1478 0.9694
vn 0.1636 0.1283 0.9782
vn 0.1918 0.1194 0.9741
vn 0.0958 -0.7954 -0.5985
vn 0.1416 -0.8011 -0.5815
vn 0.0885 -0.8253 -0.5578
vn 0.7284 -0.5229 -0.4428
vn 0.7477 -0.4733 -0.4658
vn 0.7735 -0.4637 -0.4320
vn 0.9292 0.3686 0.0269
vn 0.9240 0.3788 0.0523
vn 0.9337 0.3504 0.0736
vn 0.8937 -0.4485 0.0080
vn 0.9025 -0.4304 -0.0168
vn 0.9044 -0.4266 0.0094
vn 0.7718 0.5352 -0.3433
vn 0.7524 0.5535 -0.3572
vn 0.7576 0.5551 -0.3433
vn 0.4700 0.6191 0.6291
vn 0.4814 0.6189 0.6207
vn 0.4735 0.6314 0.6141
vn -0.0631 0.7402 0.6695
vn -0.0787 0.7191 0.6905
vn -0.0544 0.7181 0.6938
vn 0.8583 0.5132 0.0008
vn 0.8382 0.5440 0.0387
vn 0.8623 0.5052 0.0354
vn 0.9275 0.3732 0.0191
vn 0.9341 0.3569 0.0007
vn 0.9271 0.3747 -0.0131
vn 0.6218 -0.7106 -0.3292
vn 0.6402 -0.7046 -0.3063
vn 0.6182 -0.7234 -0.3075
vn 0.7706 -0.5941 -0.2307
vn 0.7810 -0.5800 -0.2315
vn 0.7811 -0.5887 -0.2080
vn 0.1891 0.5462 -0.8161
vn 0.2030 0.5680 -0.7976
vn 0.2369 0.5665 -0.7893
vn -0.1022 0.7750 -0.6236
vn -0.1259 0.7980 -0.5893
vn -0.0746 0.8170 -0.5719
vn 0.1199 -0.1135 -0.9863
vn 0.0983 -0.1135 -0.9887
vn 0.1194 -0.0937 -0.9884
vn 0.0473 0.1617 0.9857
vn 0.5978 0.2422 0.7641
vn 0.0627 0.8088 0.5847
vn 0.0560 0.8019 0.5948
vn 0.6656 -0.0597 -0.7439
vn 0.6308 -0.0813 -0.7716
vn 0.6409 -0.0313 -0.7670
vn 0.7710 0.3439 -0.5361
vn 0.7890 0.3510 -0.5042
vn 0.7943 0.3129 -0.5207
vn 0.4055 0.8432 0.3529
vn 0.4257 0.8266 0.3682
vn 0.4215 0.8402 0.3413
vn 0.9475 0.3197 -0.0019
vn 0.9471 0.3181 0.0428
vn 0.9564 0.2918 0.0131
vn 0.0308 0.6498 0.7595
vn 0.0575 0.6483 0.7592
vn 0.0445 0.6620 0.7482
vn 0.8011 0.4183 0.4281
vn 0.7935 0.4229 0.4376
vn 0.8080 0.3695 0.4589
vn 0.8223 0.0389 0.5677
vn 0.8257 0.0560 0.5613
vn 0.8167 0.0474 0.5752
vn -0.5405 -0.4326 -0.7216
vn -0.4529 -0.5133 -0.7290
vn -0.5795 -0.5025 -0.6416
vn -0.2185 -0.8669 -0.4481
vn -0.1507 -0.8104 -0.5661
vn -0.1664 -0.8635 -0.4761
vn 0.3017 0.7651 0.5688
vn 0.2986 0.7575 0.5805
vn 0.3129 0.7509 0.5815
vn 0.3442 0.4666 0.8148
vn 0.3449 0.4861 0.8029
vn 0.3213 0.4804 0.8161
vn 0.3905 -0.7916 -0.4699
vn 0.3917 -0.7817 -0.4853
vn 0.4129 -0.7814 -0.4678
vn 0.9373 -0.1440 -0.3175
vn 0.9587 -0.2117 -0.1899
vn 0.9147 -0.1914 -0.3559
vn 0.6034 -0.3316 0.7252
vn -0.0337 -0.7058 0.7076
vn -0.0123 -0.9990 0.0431
vn 0.8091 0.1810 -0.5591
vn 0.8365 0.1766 -0.5188
vn 0.8148 0.1535 -0.5590
vn 0.8318 0.1170 -0.5425
vn 0.8226 0.1360 -0.5521
vn 0.8411 0.1740 -0.5121
vn 0.4998 -0.6863 -0.5284
vn 0.4869 -0.6969 -0.5265
vn 0.4936 -0.6748 -0.5486
vn 0.5942 -0.6569 -0.4642
vn 0.5887 -0.6530 -0.4764
vn 0.5985 -0.6354 -0.4880
vn -0.1258 0.8128 0.5688
vn -0.1365 0.8023 0.5811
vn -0.1245 0.7994 0.5878
vn 0.2118 -0.7383 0.6403
vn -0.1041 -0.9941 0.0295
vn -0.0727 -0.7826 -0.6182
vn 0.3193 0.7655 0.5586
vn 0.3714 0.7964 0.4773
vn 0.2937 0.8241 0.4843
vn 0.8429 -0.4838 -0.2354
vn 0.8425 -0.4758 -0.2527
vn 0.8512 -0.4662 -0.2410
vn 0.2141 -0.7811 -0.5866
vn 0.2411 -0.7883 -0.5661
vn 0.2203 -0.8013 -0.5563
vn 0.2233 -0.7787 -0.5864
vn 0.2281 -0.7990 -0.5564
vn 0.2028 -0.8003 -0.5643
vn 0.6941 -0.6316 -0.3453
vn 0.7049 -0.5984 -0.3808
vn 0.7262 -0.5916 -0.3502
vn 0.0135 0.9133 0.4070
vn 0.0430 0.9160 0.3989
vn 0.0213 0.9282 0.3715
vn 0.9451 -0.2507 -0.2097
vn 0.9429 -0.2637 -0.2034
vn 0.9420 -0.2572 -0.2155
vn -0.1396 -0.6306 -0.7635
vn -0.1249 -0.5915 -0.7966
vn -0.1032 -0.6531 -0.7502
vn -0.9572 0.0322 0.2878
vn -0.9612 0.1327 0.2419
vn -0.9838 0.1000 0.1488
vn -0.9899 -0.0799 -0.1172
vn -0.9803 -0.0989 -0.1707
vn -0.9806 -0.1762 -0.0859
vn 0.1079 0.6268 0.7716
vn 0.0906 0.7123 0.6961
vn 0.0456 0.6841 0.7280
vn -0.9599 -0.0859 0.2669
vn -0.9556 -0.0138 0.2945
vn -0.9659 0.0303 0.2572
vn -0.7857 0.3545 0.5070
vn -0.8364 0.4116 0.3620
vn -0.8384 0.1693 0.5182
vn -0.9951 -0.0102 -0.0979
vn -0.9986 -0.0510 0.0098
vn -1.0000 0.0018 0.0045
vn -0.2516 0.6690 0.6994
vn -0.1880 0.6659 0.7219
vn -0.1853 0.7533 0.6310
vn -0.2575 -0.9575 0.1299
vn -0.2798 -0.9531 0.1153
vn -0.2476 -0.9625 0.1112
vn -0.2732 -0.9567 0.1009
vn -0.2680 -0.9603 0.0771
vn -0.2487 -0.9634 0.0996
vn 0.3350 0.9075 -0.2533
vn 0.3187 0.9153 -0.2461
vn 0.3402 0.9129 -0.2255
vn 0.4976 0.7419 -0.4494
vn 0.4912 0.7527 -0.4383
vn 0.5180 0.7373 -0.4337
vn -0.1520 -0.9694 0.1927
vn -0.1634 -0.9484 0.2718
vn -0.2204 -0.9497 0.2223
vn -0.9865 -0.0465 -0.1573
vn -0.9831 0.0281 -0.1808
vn -0.9702 -0.0225 -0.2414
vn 0.6086 0.4579 -0.6480
vn 0.5999 0.4332 -0.6727
vn 0.5644 0.4708 -0.6781
vn 0.7338 -0.6176 -0.2830
vn 0.2000 -0.5105 -0.8363
vn 0.1406 0.3246 -0.9353
vn 0.8602 -0.3775 -0.3428
vn 0.8587 -0.3664 -0.3584
vn 0.8667 -0.3562 -0.3491
vn 0.4237 -0.8417 0.3347
vn 0.4319 -0.8232 0.3685
vn 0.4110 -0.8451 0.3418
vn 0.0023 -0.9984 -0.0565
vn 0.0306 -0.9994 -0.0173
vn -0.0051 -0.9995 -0.0320
vn -0.2728 -0.7230 0.6347
vn -0.2955 -0.6748 0.6763
vn -0.3295 -0.6852 0.6495
vn 0.4630 0.5500 -0.6950
vn 0.4448 0.5839 -0.6791
vn 0.4684 0.5563 -0.6863
vn 0.3479 0.4675 -0.8126
vn 0.3570 0.4421 -0.8229
vn 0.3262 0.4374 -0.8380
vn -0.2655 -0.5898 -0.7627
vn -0.2293 -0.5820 -0.7802
vn -0.2395 -0.6103 -0.7551
vn -0.2205 -0.6793 -0.6999
vn -0.1456 -0.7059 -0.6932
vn -0.1652 -0.7207 -0.6733
vn 0.7188 -0.4038 -0.5659
vn 0.6989 -0.3697 -0.6123
vn 0.7334 -0.3412 -0.5879
vn 0.9853 -0.1050 -0.1346
vn 0.9867 -0.0931 -0.1335
vn 0.9876 -0.0993 -0.1214
vn 0.9302 0.1357 0.3411
vn 0.9392 0.1469 0.3105
vn 0.9178 0.1605 0.3632
vn 0.9433 -0.3192 -0.0911
vn 0.9400 -0.3282 -0.0931
vn 0.9408 -0.3223 -0.1045
vn 0.9908 -0.1120 -0.0764
vn 0.9910 -0.1175 -0.0640
vn 0.9896 -0.1259 -0.0690
vn 0.3442 -0.9172 0.2005
vn 0.2879 -0.9425 0.1699
vn 0.3790 -0.9094 0.1715
vn -0.2277 -0.5686 -0.7905
vn -0.2605 -0.6093 -0.7489
vn -0.3130 -0.5623 -0.7654
vn 0.7436 0.0979 -0.6614
vn 0.7189 0.1153 -0.6855
vn 0.7299 0.1287 -0.6713
vn 0.8647 -0.1537 -0.4782
vn 0.8739 -0.1534 -0.4613
vn 0.8670 -0.1702 -0.4683
vn 0.8165 -0.1347 -0.5613
vn 0.8223 -0.1508 -0.5487
vn 0.8105 -0.1570 -0.5643
vn 0.9874 0.1568 0.0194
vn 0.9873 0.1545 0.0381
vn 0.9899 0.1385 0.0293
vn 0.9051 -0.1204 -0.4077
vn 0.9105 -0.1143 -0.3973
vn 0.9128 -0.1310 -0.3869
vn 0.3394 -0.3697 -0.8649
vn 0.3383 -0.5083 -0.7919
vn 0.2939 -0.4012 -0.8675
vn 0.5725 -0.4105 -0.7097
vn 0.4522 -0.5037 -0.7361
vn 0.5290 -0.3589 -0.7690
vn 0.1895 0.5004 -0.8448
vn 0.1799 0.4856 -0.8555
vn 0.1643 0.5182 -0.8393
vn 0.4267 -0.5194 -0.7404
vn 0.4165 -0.5487 -0.7249
vn 0.3718 -0.5719 -0.7312
vn 0.7442 -0.6384 0.1967
vn 0.7720 -0.5995 0.2114
vn 0.7186 -0.6560 0.2309
vn 0.3162 -0.5089 -0.8006
vn 0.3281 -0.5407 -0.7746
vn 0.3148 -0.5435 -0.7781
vn 0.9919 0.0118 -0.1263
vn 0.9900 -0.0210 -0.1395
vn 0.9882 -0.0064 -0.1531
vn 0.9422 0.3350 -0.0088
vn 0.9512 0.3083 -0.0119
vn 0.9367 0.3466 -0.0501
vn -0.2120 -0.0070 -0.9772
vn -0.1640 -0.0395 -0.9857
vn -0.1799 -0.0635 -0.9816
vn 0.1474 -0.5592 -0.8158
vn 0.1597 -0.5801 -0.7987
vn 0.1412 -0.5762 -0.8050
vn -0.1463 -0.9661 -0.2128
vn -0.0689 -0.9821 -0.1754
vn -0.1336 -0.9831 -0.1255
vn -0.0486 -0.9724 -0.2283
vn -0.1354 -0.9574 -0.2551
vn -0.0824 -0.9567 -0.2793
vn -0.0332 -0.7246 -0.6883
vn -0.0382 -0.7631 -0.6452
vn -0.0514 -0.7229 -0.6890
vn -0.2786 -0.7536 -0.5954
vn -0.2417 -0.7884 -0.5657
vn -0.2889 -0.7649 -0.5758
vn 0.7676 0.3126 0.5595
vn 0.7779 0.3177 0.5422
vn 0.7682 0.3301 0.5486
vn 0.0226 -0.5565 -0.8306
vn 0.1545 -0.5197 -0.8403
vn 0.0341 -0.5768 -0.8161
vn 0.2708 -0.6916 -0.6696
vn 0.2270 -0.7050 -0.6720
vn 0.1948 -0.5581 -0.8066
vn -0.5576 -0.7685 -0.3139
vn -0.3840 -0.7561 -0.5299
vn -0.4157 -0.8074 -0.4185
vn -0.0022 -0.6373 -0.7706
vn -0.0342 -0.6370 -0.7701
vn -0.0355 -0.6037 -0.7964
vn -0.5716 -0.5386 -0.6191
vn -0.6850 -0.4672 -0.5590
vn -0.5716 -0.5031 -0.6482
vn 0.9384 0.0084 -0.3454
vn 0.9262 0.0002 -0.3770
vn 0.9324 0.0359 -0.3596
vn 0.9759 0.0646 -0.2086
vn 0.9516 -0.0416 -0.3044
vn 0.9318 0.0216 -0.3623
vn 0.6418 0.7644 0.0616
vn 0.6656 0.3311 0.6689
vn 0.8291 0.2662 -0.4918
vn 0.8297 0.3518 -0.4334
vn 0.2329 -0.3300 -0.9148
vn 0.2799 -0.3506 -0.8937
vn 0.1894 -0.3934 -0.8997
vn 0.3824 -0.4305 -0.8176
vn 0.4338 -0.4503 -0.7804
vn 0.3949 -0.5100 -0.7642
vn 0.2269 -0.1422 -0.9635
vn 0.2336 -0.0754 -0.9694
vn 0.2926 -0.1535 -0.9438
vn 0.2345 -0.9046 -0.3560
vn 0.2065 -0.9120 -0.3543
vn 0.1960 -0.8341 -0.5157
vn -0.1462 -0.8650 -0.4801
vn -0.1688 -0.8060 -0.5674
vn -0.0001 -0.8126 -0.5828
vn 0.7393 0.5525 0.3849
vn 0.7455 0.6167 0.2530
vn 0.5595 0.6912 0.4573
vn -0.5334 -0.7517 0.3880
vn -0.7238 -0.6448 0.2458
vn -0.5823 -0.7824 0.2208
vn 0.9576 0.2784 -0.0739
vn 0.9554 0.2768 -0.1025
vn 0.9472 0.3110 -0.0787
vn 0.9482 -0.2168 0.2322
vn 0.9617 -0.1520 0.2280
vn 0.9382 -0.1866 0.2915
vn 0.6329 -0.6801 -0.3700
vn 0.6033 -0.6808 -0.4154
vn 0.6481 -0.6442 -0.4061
vn 0.2052 -0.6581 -0.7244
vn 0.8826 -0.4472 0.1447
vn 0.2621 -0.9649 0.0187
vn 0.3706 -0.2607 0.8914
vn 0.1536 -0.8816 0.4464
vn 0.1333 -0.9416 -0.3091
vn -0.1822 -0.8750 -0.4486
vn -0.1776 -0.8590 -0.4802
vn -0.1582 -0.8705 -0.4660
vn 0.3090 -0.8524 -0.4218
vn 0.3280 -0.8374 -0.4373
vn 0.3286 -0.8529 -0.4057
vn 0.4239 0.8002 -0.4243
vn 0.4377 0.8032 -0.4042
vn 0.4913 0.7565 -0.4316
vn 0.6319 0.5937 -0.4983
vn 0.6142 0.5874 -0.5270
vn 0.6182 0.5999 -0.5079
vn 0.6584 0.4614 0.5947
vn 0.7488 0.4585 0.4787
vn 0.6379 0.6216 0.4546
vn 0.9045 0.2449 -0.3493
vn 0.9106 0.2470 -0.3314
vn 0.9110 0.2304 -0.3420
vn 0.9430 0.1953 0.2694
vn 0.9376 0.2299 0.2610
vn 0.9234 0.2105 0.3210
vn 0.5954 -0.7516 -0.2839
vn 0.6031 -0.7380 -0.3028
vn 0.6172 -0.7370 -0.2757
vn 0.6168 -0.7356 -0.2803
vn 0.6074 -0.7484 -0.2666
vn 0.5948 -0.7506 -0.2879
vn -0.9837 -0.1080 0.1441
vn -0.9916 -0.0935 0.0889
vn -0.9834 -0.1423 0.1122
vn -0.9603 -0.2778 -0.0240
vn -0.9320 -0.3595 -0.0453
vn -0.9312 -0.3643 0.0097
vn -0.7494 -0.5145 -0.4169
vn -0.7376 -0.4653 -0.4893
vn -0.7129 -0.5476 -0.4380
vn -0.1625 -0.6559 -0.7372
vn -0.1907 -0.7231 -0.6639
vn -0.2220 -0.6849 -0.6940
vn -0.0863 0.1306 -0.9877
vn -0.1254 0.1806 -0.9755
vn -0.0290 0.1941 -0.9806
vn 0.0635 0.8319 -0.5513
vn -0.0384 0.8348 -0.5493
vn 0.0041 0.8592 -0.5116
vn 0.3026 -0.8878 0.3468
vn 0.3282 -0.8867 0.3255
vn 0.3876 -0.8518 0.3525
vn 0.2381 -0.7340 -0.6360
vn 0.2406 -0.7787 -0.5795
vn 0.1990 -0.7842 -0.5878
vn 0.7140 -0.6794 0.1694
vn 0.7381 -0.6430 0.2046
vn 0.7066 -0.6741 0.2154
vn 0.0413 0.4227 -0.9053
vn 0.0518 0.4296 -0.9015
vn 0.0498 0.4182 -0.9070
vn -0.0478 0.5068 -0.8608
vn -0.0708 0.5164 -0.8534
vn -0.0372 0.5151 -0.8563
vn 0.1605 0.9368 -0.3110
vn 0.1151 0.9397 -0.3220
vn 0.1551 0.9580 -0.2413
vn -0.9706 -0.0043 -0.2405
vn -0.9758 -0.0363 -0.2157
vn -0.9885 -0.0009 -0.1515
vn -0.5357 0.8397 -0.0885
vn -0.4981 0.8333 -0.2396
vn -0.5559 0.8116 -0.1797
vn -0.8640 -0.4510 -0.2237
vn -0.8198 -0.5097 -0.2610
vn -0.8446 -0.5235 -0.1124
vn 0.0807 -0.9793 0.1857
vn 0.1174 -0.9904 0.0725
vn 0.1563 -0.9689 0.1917
vn -0.2512 -0.9488 0.1916
vn -0.1466 -0.9670 0.2084
vn -0.1940 -0.9366 0.2917
vn -0.4176 -0.8983 -0.1368
vn -0.4014 -0.8851 -0.2354
vn -0.3683 -0.9164 -0.1566
vn 0.9434 -0.1075 -0.3139
vn 0.9397 0.2790 -0.1978
vn 0.9682 -0.1781 -0.1758
vn -0.4588 0.6472 0.6088
vn -0.3754 0.7771 0.5052
vn -0.5061 0.7257 0.4661
vn -0.9968 0.0570 -0.0569
vn -0.9887 0.1430 -0.0446
vn -0.9657 0.1923 -0.1743
vn 0.0657 0.9643 -0.2566
vn 0.0943 0.9628 -0.2533
vn 0.0962 0.9560 -0.2770
vn 0.7174 -0.2940 -0.6316
vn 0.6591 -0.1150 -0.7432
vn 0.7070 -0.1133 -0.6981
vn 0.2030 -0.7832 -0.5877
vn 0.1613 -0.7897 -0.5918
vn 0.2083 -0.7658 -0.6084
vn 0.3441 -0.4479 -0.8252
vn 0.2197 -0.3157 -0.9231
vn 0.3279 -0.2847 -0.9008
vn 0.1586 -0.5916 -0.7905
vn 0.1073 -0.6205 -0.7768
vn 0.0839 -0.5953 -0.7991
vn -0.1972 -0.8667 -0.4582
vn -0.1578 -0.8833 -0.4415
vn -0.1949 -0.8973 -0.3961
vn 0.6685 0.3531 0.6545
vn 0.6305 0.3489 0.6933
vn 0.6808 0.2906 0.6723
vn -0.0658 0.7817 -0.6202
vn -0.0880 0.7725 -0.6289
vn -0.0965 0.7969 -0.5964
vn -0.2168 0.9739 -0.0670
vn -0.2240 0.9692 -0.1019
vn -0.2464 0.9669 -0.0662
vn -0.0999 0.7624 -0.6393
vn -0.1719 0.7761 -0.6067
vn -0.0982 0.7890 -0.6065
vn -0.0458 0.6353 -0.7709
vn -0.0176 0.6212 -0.7835
vn -0.0827 0.5896 -0.8035
vn -0.2114 -0.9770 0.0273
vn -0.1907 -0.9812 0.0294
vn -0.2046 -0.9776 0.0497
vn -0.2103 -0.9766 -0.0447
vn -0.1907 -0.9817 0.0024
vn -0.2082 -0.9781 0.0075
vn 0.1694 -0.8878 0.4280
vn 0.1821 -0.9047 0.3851
vn 0.2023 -0.8866 0.4159
vn -0.2026 -0.9521 0.2290
vn -0.0927 -0.9828 0.1599
vn -0.2404 -0.6593 0.7124
vn -0.2741 -0.6691 0.6908
vn -0.8819 0.2444 0.4032
vn -0.9224 0.1832 0.3400
vn -0.8618 0.1838 0.4729
vn -0.9710 -0.2368 0.0344
vn -0.9474 -0.3078 0.0880
vn -0.9725 0.1097 0.2053
vn -0.5592 0.7670 0.3145
vn -0.5888 0.7225 0.3624
vn -0.4022 0.7645 0.5037
vn -0.2873 0.7328 0.6168
vn -0.2730 0.6881 0.6723
vn -0.2349 0.7374 0.6333
vn -0.3484 0.5279 0.7746
vn -0.4481 0.3180 0.8355
vn -0.3815 0.3164 0.8685
vn 0.8275 -0.5218 -0.2074
vn 0.8300 -0.5076 -0.2310
vn 0.8433 -0.4930 -0.2141
vn 0.8586 0.1866 0.4775
vn 0.8685 0.1911 0.4573
vn 0.8564 0.2081 0.4725
vn 0.8230 0.1568 0.5459
vn 0.8307 0.1329 0.5406
vn 0.8391 0.1598 0.5200
vn 0.9884 -0.0091 0.1517
vn 0.9865 -0.0003 0.1636
vn 0.9861 -0.0122 0.1657
vn 0.8686 0.0586 0.4921
vn 0.8773 0.0566 0.4765
vn 0.8745 0.0732 0.4795
vn 0.9430 -0.0560 0.3280
vn 0.9471 -0.0375 0.3186
vn 0.9426 -0.0399 0.3314
vn 0.5280 0.4696 -0.7076
vn 0.5380 0.4867 -0.6883
vn 0.5550 0.4691 -0.6869
vn 0.9195 -0.3931 0.0045
vn 0.9133 -0.4068 0.0208
vn 0.9126 -0.4089 0.0073
vn 0.9401 -0.1838 -0.2871
vn 0.9311 -0.1787 -0.3179
vn 0.9358 -0.1568 -0.3157
vn 0.7422 -0.5678 0.3560
vn 0.7687 -0.5605 0.3081
vn 0.7799 -0.5374 0.3207
vn 0.8714 -0.4904 0.0138
vn 0.8627 -0.5041 0.0399
vn 0.8511 -0.5248 -0.0148
vn 0.7529 -0.6523 -0.0876
vn 0.7197 -0.6888 -0.0877
vn 0.7312 -0.6738 -0.1065
vn 0.1317 -0.5645 -0.8148
vn 0.0452 -0.5733 -0.8181
vn 0.1197 -0.5519 -0.8253
vn 0.3154 -0.8616 -0.3978
vn 0.2499 -0.8925 -0.3754
vn 0.3018 -0.8551 -0.4215
vn 0.7978 0.4075 0.4443
vn 0.7777 0.4400 0.4490
vn 0.7623 0.4130 0.4983
vn -0.4102 -0.7639 -0.4983
vn -0.4724 -0.6989 -0.5370
vn -0.3400 -0.7148 -0.6111
vn 0.9267 -0.2635 -0.2679
vn 0.9410 -0.1802 -0.2866
vn 0.9501 -0.2499 -0.1869
vn 0.7675 0.5340 -0.3546
vn 0.7548 0.5558 -0.3484
vn 0.7635 0.5515 -0.3359
vn 0.7059 0.1870 -0.6832
vn 0.6950 0.1994 -0.6908
vn 0.7070 0.2057 -0.6766
vn 0.8079 0.5582 -0.1888
vn 0.8025 0.5779 -0.1483
vn 0.8196 0.5508 -0.1577
vn 0.8058 -0.5868 0.0798
vn 0.7969 -0.5854 0.1495
vn 0.7704 -0.6305 0.0950
vn 0.6571 -0.0224 0.7535
vn 0.6372 -0.0411 0.7696
vn 0.6473 -0.0555 0.7602
vn 0.4673 0.8553 0.2239
vn 0.4634 0.8739 0.1469
vn 0.4266 0.8888 0.1675
vn 0.3620 -0.8840 0.2958
vn 0.3451 -0.8977 0.2740
vn 0.3682 -0.8889 0.2726
vn -0.9460 -0.0123 -0.3238
vn -0.9136 0.0144 -0.4063
vn -0.9172 -0.0730 -0.3917
vn 0.7147 0.4926 -0.4966
vn 0.7108 0.5803 -0.3975
vn 0.7701 0.5444 -0.3327
vn 0.7110 0.6538 -0.2588
vn 0.6595 0.6923 -0.2930
vn 0.6735 0.7062 -0.2184
vn 0.7458 0.0948 0.6594
vn 0.7475 0.1106 0.6550
vn 0.7352 0.0985 0.6707
vn 0.3198 -0.0233 -0.9472
vn 0.3529 -0.0534 -0.9341
vn 0.3311 -0.0808 -0.9401
vn 0.8505 -0.3470 0.3954
vn 0.8749 -0.2895 0.3881
vn 0.7742 -0.2786 0.5683
vn 0.9881 0.0012 -0.1536
vn 0.9964 0.0232 -0.0816
vn 0.9932 -0.0438 -0.1074
vn -0.0306 -0.2750 -0.9610
vn 0.6230 -0.7320 -0.2758
vn -0.0585 -0.8467 -0.5289
vn -0.3233 0.9188 -0.2263
vn -0.4031 0.8999 -0.1667
vn -0.3084 0.9472 -0.0874
vn 0.8419 -0.3157 -0.4377
vn 0.8410 -0.3318 -0.4274
vn 0.8352 -0.3278 -0.4415
vn 0.4002 -0.9078 0.1253
vn 0.3857 -0.9120 0.1395
vn 0.3573 -0.9309 0.0756
vn 0.1697 -0.8206 -0.5457
vn 0.2027 -0.7875 -0.5820
vn 0.2118 -0.8201 -0.5316
vn 0.0358 -0.9316 0.3616
vn 0.6969 -0.3440 0.6292
vn 0.0260 -0.3861 0.9221
vn 0.0475 -0.4117 0.9101
vn 0.4525 0.8352 0.3124
vn 0.4300 0.8543 0.2919
vn 0.4291 0.8501 0.3052
vn -0.9478 0.1690 0.2705
vn -0.9606 0.2526 0.1157
vn -0.9442 0.0261 0.3284
vn -0.5828 -0.6245 -0.5199
vn -0.6139 -0.3720 -0.6963
vn -0.5421 -0.5459 -0.6388
vn -0.6202 0.6833 0.3853
vn -0.7197 0.6584 0.2201
vn -0.6429 0.6526 0.4009
vn 0.5691 0.5410 -0.6192
vn 0.5254 0.5373 -0.6598
vn 0.5489 0.6490 -0.5268
vn -0.4399 -0.5145 -0.7360
vn -0.4894 -0.5091 -0.7080
vn -0.4776 -0.4789 -0.7366
vn -0.0424 -0.8752 -0.4819
vn -0.1097 -0.8513 -0.5130
vn -0.0651 -0.8271 -0.5582
vn 0.5713 0.5540 0.6055
vn 0.5810 0.5529 0.5972
vn 0.5689 0.5681 0.5947
vn 0.9334 0.3402 0.1140
vn 0.9351 0.3267 0.1376
vn 0.9410 0.3218 0.1043
vn 0.1116 0.7914 -0.6011
vn 0.7659 -0.2222 -0.6034
vn 0.1544 0.1065 -0.9822
vn 0.9644 -0.1740 0.1989
vn 0.9630 -0.1456 0.2268
vn 0.9452 -0.2194 0.2416
vn 0.3863 0.4735 -0.7916
vn 0.4088 0.4783 -0.7773
vn 0.4103 0.4705 -0.7812
vn 0.3248 -0.8587 -0.3964
vn 0.3090 -0.9090 -0.2796
vn 0.2358 -0.8832 -0.4055
vn 0.7712 0.4289 -0.4705
vn 0.7815 0.4010 -0.4780
vn 0.7544 0.4170 -0.5070
vn 0.9461 -0.0351 -0.3220
vn 0.9112 -0.0997 -0.3997
vn 0.9081 -0.0100 -0.4186
vn 0.9769 -0.0459 -0.2087
vn 0.9702 -0.0682 -0.2325
vn 0.9711 -0.0333 -0.2362
vn -0.0974 0.7538 -0.6498
vn -0.1297 0.7658 -0.6299
vn -0.0975 0.7747 -0.6247
vn -0.3997 -0.3481 -0.8480
vn -0.3892 -0.4035 -0.8281
vn -0.5814 -0.3397 -0.7393
vn 0.0380 -0.8827 0.4685
vn 0.7204 -0.2481 0.6477
vn 0.0212 -0.3150 0.9489
vn 0.0351 -0.3450 0.9380
vn -0.3581 0.8377 0.4123
vn -0.3911 0.8151 0.4274
vn -0.3645 0.7930 0.4881
vn -0.3905 0.4968 0.7750
vn -0.4658 0.4652 0.7527
vn -0.4328 0.4190 0.7982
vn 0.0357 0.3323 0.9425
vn 0.0834 0.3251 0.9420
vn 0.0708 0.3806 0.9220
vn -0.2642 -0.7086 -0.6543
vn -0.2044 -0.7722 -0.6016
vn -0.2910 -0.7308 -0.6175
vn 0.9366 -0.2275 0.2665
vn 0.9309 -0.2354 0.2791
vn 0.9283 -0.2516 0.2737
vn 0.3052 0.9354 -0.1787
vn 0.1745 0.8034 0.5692
vn 0.1277 0.1277 0.9836
vn 0.6765 0.3634 0.6405
vn 0.6951 0.3689 0.6170
vn 0.6796 0.3922 0.6199
vn 0.8814 0.2725 0.3857
vn 0.8844 0.2424 0.3989
vn 0.8930 0.2398 0.3808
vn -0.3496 -0.5526 0.7566
vn -0.3635 -0.5416 0.7580
vn -0.3540 -0.5746 0.7379
vn 0.9889 -0.0711 -0.1305
vn 0.9885 -0.0504 -0.1423
vn 0.9905 -0.0552 -0.1256
vn 0.9138 0.2070 0.3496
vn 0.9073 0.2268 0.3541
vn 0.9026 0.2188 0.3707
vn 0.0819 -0.9907 0.1085
vn 0.1441 -0.9803 -0.1353
vn 0.2280 -0.9736 -0.0124
vn 0.7033 0.6637 0.2546
vn 0.6249 0.7644 0.1591
vn 0.4869 0.8079 0.3319
vn 0.8870 0.0645 -0.4573
vn 0.8685 0.0763 -0.4899
vn 0.8786 0.0922 -0.4685
vn 0.6564 0.0867 0.7494
vn 0.6275 0.1080 0.7711
vn 0.6214 0.0713 0.7802
vn 0.7404 -0.2047 0.6403
vn 0.7581 -0.2081 0.6180
vn 0.7647 -0.1656 0.6227
vn 0.2619 0.8692 -0.4194
vn 0.2524 0.8840 -0.3934
vn 0.2844 0.8733 -0.3956
vn 0.2214 0.4882 0.8442
vn 0.2383 0.4876 0.8399
vn 0.2167 0.5101 0.8323
vn 0.6727 -0.4104 0.6156
vn 0.7103 -0.3724 0.5974
vn 0.6849 -0.3727 0.6261
vn 0.7178 -0.6393 0.2757
vn 0.7180 -0.6151 0.3257
vn 0.6866 -0.6478 0.3301
vn 0.3612 0.4930 0.7915
vn 0.3721 0.4779 0.7957
vn 0.3744 0.4962 0.7834
vn 0.0949 0.5216 0.8479
vn 0.1269 0.5283 0.8395
vn 0.0918 0.5380 0.8379
vn -0.2678 -0.2792 -0.9222
vn -0.2570 -0.2446 -0.9349
vn -0.2434 -0.2519 -0.9366
vn 0.2468 0.9327 0.2630
vn 0.2373 0.9439 0.2297
vn 0.2211 0.9446 0.2426
vn 0.0311 0.9968 -0.0730
vn 0.0592 0.9969 -0.0521
vn 0.0472 0.9947 -0.0912
vn 0.0553 0.9961 -0.0682
vn 0.0341 0.9955 -0.0879
vn 0.0451 0.9978 -0.0478
vn 0.5639 0.5378 -0.6267
vn 0.4394 0.5907 -0.6768
vn 0.5478 0.5767 -0.6060
vn 0.6912 -0.7192 0.0705
vn 0.7015 -0.7102 0.0596
vn 0.7108 -0.6954 0.1056
vn 0.7557 -0.6549 -0.0024
vn 0.7732 -0.6337 -0.0238
vn 0.7902 -0.6128 -0.0011
vn 0.6609 0.4030 -0.6330
vn 0.6456 0.4075 -0.6459
vn 0.6588 0.4298 -0.6175
vn 0.6259 0.7514 0.2092
vn 0.6333 0.7545 0.1724
vn 0.6074 0.7741 0.1787
vn 0.9486 -0.3163 0.0151
vn 0.9463 -0.3230 -0.0156
vn 0.9539 -0.2999 -0.0145
vn 0.1352 0.6345 -0.7610
vn 0.1438 0.6305 -0.7628
vn 0.1308 0.6194 -0.7741
vn 0.2458 -0.7201 -0.6489
vn 0.1767 -0.8544 -0.4887
vn 0.2024 -0.7167 -0.6673
vn 0.8010 0.5635 0.2022
vn 0.8112 0.5545 0.1856
vn 0.7933 0.5830 0.1756
vn 0.9606 0.2741 0.0461
vn 0.9522 0.2972 0.0709
vn 0.9568 0.2801 0.0776
vn -0.0605 0.7884 0.6122
vn -0.0636 0.7990 0.5980
vn -0.0750 0.7896 0.6090
vn -0.0669 0.7955 0.6023
vn -0.0885 0.7935 0.6021
vn -0.0815 0.7851 0.6139
vn -0.0097 0.6548 -0.7558
vn -0.0282 0.6841 -0.7288
vn 0.0001 0.6761 -0.7368
vn 0.0125 0.0036 0.9999
vn 0.5577 0.1564 0.8152
vn 0.0069 0.6934 0.7205
vn 0.0045 0.6757 0.7372
vn -0.0957 0.4486 -0.8886
vn -0.0935 0.4599 -0.8830
vn -0.0799 0.4505 -0.8892
vn 0.1847 0.1717 -0.9677
vn 0.2261 0.1684 -0.9594
vn 0.2190 0.1369 -0.9661
vn 0.5128 0.4852 -0.7082
vn 0.4896 0.4656 -0.7372
vn 0.4757 0.5095 -0.7170
vn 0.9654 0.2112 0.1527
vn 0.9731 0.1984 0.1170
vn 0.9555 0.2623 0.1351
vn 0.9881 0.0756 -0.1339
vn 0.9771 0.1322 -0.1669
vn 0.9874 0.1075 -0.1163
vn 0.9812 -0.0615 0.1831
vn 0.9781 -0.0273 0.2063
vn 0.9703 -0.0491 0.2368
vn 0.1022 -0.5831 -0.8060
vn 0.1261 -0.5840 -0.8019
vn 0.1184 -0.5990 -0.7919
vn -0.3092 0.9510 -0.0029
vn -0.1921 0.9647 -0.1800
vn -0.4846 0.8732 -0.0526
vn -0.2842 -0.3006 -0.9104
vn -0.3524 -0.4873 -0.7989
vn -0.5137 -0.3788 -0.7698
vn 0.4694 0.4763 -0.7435
vn 0.4654 0.4833 -0.7415
vn 0.4762 0.4845 -0.7338
vn -0.2674 -0.7111 -0.6502
vn -0.3347 -0.7390 -0.5847
vn -0.3307 -0.6773 -0.6572
vn 0.6788 -0.6811 -0.2745
vn 0.7082 -0.6500 -0.2758
vn 0.6910 -0.6783 -0.2497
vn 0.0788 -0.7376 -0.6706
vn 0.0887 -0.7117 -0.6969
vn 0.1173 -0.7418 -0.6603
vn 0.0875 -0.7555 -0.6493
vn 0.0798 -0.7380 -0.6700
vn 0.1212 -0.7327 -0.6697
vn 0.7844 0.6189 -0.0398
vn 0.7857 0.6181 -0.0261
vn 0.7919 0.6093 -0.0409
vn 0.2505 0.9522 0.1746
vn 0.2120 0.9576 0.1950
vn 0.2398 0.9488 0.2055
vn 0.7600 0.4574 0.4617
vn 0.7140 0.6581 0.2390
vn 0.6913 0.6365 0.3419
vn 0.1072 -0.6558 -0.7473
vn 0.0498 -0.6769 -0.7344
vn 0.0925 -0.6368 -0.7654
vn -0.2906 0.1451 -0.9458
vn -0.1904 0.1442 -0.9711
vn -0.2580 0.0419 -0.9652
vn 0.1609 0.5920 0.7897
vn 0.1887 0.5933 0.7825
vn 0.1749 0.6019 0.7791
vn 0.7391 -0.3694 -0.5632
vn 0.6863 -0.4121 -0.5993
vn 0.7023 -0.3635 -0.6121
vn 0.0204 -0.5896 -0.8074
vn 0.0396 -0.6271 -0.7779
vn -0.0060 -0.5939 -0.8045
vn 0.2548 -0.1526 -0.9549
vn 0.3095 -0.1604 -0.9373
vn 0.2528 -0.2092 -0.9446
vn -0.0945 0.3957 -0.9135
vn -0.0928 0.3509 -0.9318
vn -0.1403 0.3527 -0.9252
vn 0.0174 0.7587 -0.6513
vn -0.0265 0.7885 -0.6144
vn 0.0153 0.7759 -0.6307
vn -0.6249 0.6808 -0.3821
vn -0.5712 0.7110 -0.4102
vn -0.5808 0.6802 -0.4473
vn 0.1308 0.6888 -0.7131
vn 0.1184 0.6505 -0.7502
vn 0.0928 0.6881 -0.7196
vn 0.0264 0.9904 -0.1360
vn -0.0195 0.9841 -0.1766
vn -0.0216 0.9886 -0.1487
vn 0.1365 0.9231 -0.3595
vn 0.1090 0.9385 -0.3277
vn 0.1518 0.9477 -0.2809
vn 0.1829 0.8982 -0.3998
vn 0.1483 0.9109 -0.3851
vn 0.2013 0.9164 -0.3460
vn -0.0695 -0.8831 -0.4641
vn -0.0272 -0.8667 -0.4981
vn 0.0035 -0.8959 -0.4443
vn -0.3291 -0.3367 -0.8822
vn -0.3769 -0.3195 -0.8694
vn -0.2744 -0.2166 -0.9369
vn 0.2441 -0.3391 -0.9085
vn 0.2273 -0.3775 -0.8977
vn 0.2086 -0.3541 -0.9116
vn -0.9167 -0.1635 0.3647
vn -0.9467 -0.1308 0.2943
vn -0.9314 -0.1959 0.3067
vn -0.6545 0.1666 0.7374
vn -0.7064 0.1763 0.6855
vn -0.7400 0.0291 0.6720
vn -0.2165 0.9323 -0.2899
vn -0.2510 0.9421 -0.2225
vn -0.1867 0.9465 -0.2633
vn -0.8116 0.1862 -0.5538
vn -0.8042 0.2760 -0.5263
vn -0.7367 0.2603 -0.6241
vn -0.7824 0.2565 -0.5675
vn -0.7565 0.3057 -0.5781
vn -0.7432 0.2284 -0.6289
vn 0.9131 0.4055 0.0423
vn 0.9067 0.4158 0.0711
vn 0.9269 0.3680 0.0745
vn 0.4412 -0.1203 0.8893
vn 0.4872 -0.1208 0.8649
vn 0.4549 -0.0780 0.8871
vn 0.5333 -0.0443 -0.8447
vn 0.3512 0.0526 -0.9348
vn 0.5217 -0.0044 -0.8531
vn 0.0676 -0.5344 -0.8425
vn 0.0091 -0.5263 -0.8502
vn -0.0494 -0.3633 -0.9304
vn 0.4664 -0.2047 -0.8606
vn 0.5227 -0.1585 -0.8377
vn 0.5053 -0.2503 -0.8259
vn 0.0302 -0.6679 -0.7436
vn 0.0748 -0.7079 -0.7024
vn 0.0123 -0.6988 -0.7152
vn 0.8645 0.4698 -0.1784
vn 0.8584 0.4854 -0.1659
vn 0.8704 0.4625 -0.1688
vn 0.7731 -0.2989 0.5594
vn 0.7600 -0.3135 0.5693
vn 0.7683 -0.3312 0.5478
vn 0.6273 -0.3080 0.7153
vn 0.6531 -0.2947 0.6976
vn 0.6397 -0.2736 0.7183
vn 0.5341 0.7772 0.3328
vn 0.5153 0.7887 0.3353
vn 0.5254 0.7763 0.3482
vn 0.2812 0.3214 -0.9042
vn 0.2943 0.2829 -0.9129
vn 0.2679 0.3076 -0.9130
vn 0.0795 0.2424 -0.9669
vn 0.0728 0.2810 -0.9569
vn 0.0927 0.2664 -0.9594
vn 0.5200 -0.0481 -0.8528
vn 0.5087 -0.0055 -0.8609
vn 0.7347 -0.1659 -0.6578
vn 0.6012 0.7633 -0.2364
vn 0.6319 0.7497 -0.1966
vn 0.8349 0.5275 -0.1569
vn 0.3978 0.0952 -0.9125
vn 0.6076 0.3147 -0.7293
vn 0.4655 0.0780 -0.8816
vn 0.9698 -0.1839 0.1604
vn 0.9716 -0.1703 0.1640
vn 0.9672 -0.1803 0.1790
vn 0.6485 0.0097 0.7612
vn 0.6385 0.0348 0.7688
vn 0.6232 -0.0020 0.7820
vn 0.8193 0.4252 -0.3846
vn 0.9610 0.2066 -0.1838
vn 0.9706 0.1152 -0.2116
vn 0.8650 -0.3146 -0.3909
vn 0.3860 0.5696 -0.7257
vn 0.9682 -0.2446 -0.0532
vn 0.3468 0.9367 0.0485
vn 0.8294 -0.1704 -0.5321
vn 0.4298 0.6271 -0.6496
vn 0.3281 0.2736 -0.9042
vn -0.3048 0.3420 -0.8889
vn -0.2141 0.8869 -0.4094
vn 0.6145 -0.6349 -0.4683
vn 0.5979 -0.6528 -0.4652
vn 0.5915 -0.6460 -0.4826
vn -0.5683 0.6545 -0.4987
vn -0.6209 0.6035 -0.5002
vn -0.6048 0.6520 -0.4573
vn -0.0747 -0.6923 -0.7177
vn -0.0486 -0.7183 -0.6941
vn -0.0667 -0.7273 -0.6831
vn 0.1313 0.8422 0.5229
vn 0.0513 0.8253 0.5624
vn 0.1066 0.7729 0.6256
vn 0.9575 0.1707 -0.2324
vn 0.9484 0.1463 -0.2814
vn 0.9489 0.1898 -0.2520
vn 0.7416 0.6666 0.0761
vn 0.7457 0.6654 0.0342
vn 0.7069 0.7059 0.0452
vn 0.9128 0.0653 0.4031
vn 0.9391 0.0422 0.3410
vn 0.9364 0.1433 0.3202
vn 0.9518 0.0310 0.3052
vn 0.9740 0.0140 0.2263
vn 0.9552 0.1275 0.2671
vn 0.0211 0.7348 0.6779
vn -0.0083 0.7286 0.6849
vn 0.0120 0.7242 0.6895
vn 0.3756 0.6659 0.6446
vn 0.3813 0.6794 0.6269
vn 0.3645 0.6849 0.6309
vn 0.2993 0.8564 0.4207
vn 0.3682 0.8255 0.4278
vn 0.3289 0.8629 0.3837
vn 0.7567 -0.1143 -0.6437
vn 0.7710 -0.0890 -0.6306
vn 0.7842 -0.1339 -0.6058
vn 0.0556 -0.9799 0.1918
vn 0.0601 -0.9768 0.2057
vn 0.0325 -0.9781 0.2057
vn 0.9748 0.2184 0.0465
vn 0.9971 0.0708 0.0273
vn 0.9765 0.2146 -0.0180
vn 0.7254 -0.6735 0.1418
vn 0.8386 -0.5284 0.1325
vn 0.8115 -0.5253 0.2560
vn 0.0369 0.9888 0.1448
vn -0.0810 0.9967 -0.0012
vn -0.0387 0.9760 0.2145
vn 0.3935 0.6363 0.6635
vn 0.4204 0.6279 0.6550
vn 0.4098 0.6459 0.6441
vn 0.4559 0.6449 -0.6134
vn 0.4616 0.6949 -0.5514
vn 0.5065 0.6425 -0.5751
vn 0.6621 0.5883 -0.4643
vn 0.7790 0.5180 -0.3532
vn 0.7810 0.4676 -0.4140
vn 0.8231 -0.2880 0.4895
vn 0.8525 -0.2703 0.4474
vn 0.8494 -0.2500 0.4648
vn 0.1623 -0.5604 -0.8122
vn 0.2043 -0.5607 -0.8024
vn 0.1955 -0.5793 -0.7913
vn 0.3364 -0.1336 -0.9322
vn 0.3284 -0.0766 -0.9414
vn 0.3607 -0.1053 -0.9267
vn 0.5533 0.2663 -0.7893
vn 0.5153 0.2825 -0.8091
vn 0.5364 0.3013 -0.7883
vn 0.6507 0.6469 0.3976
vn 0.6068 0.6974 0.3814
vn 0.6191 0.6599 0.4258
vn 0.0555 0.9625 -0.2654
vn 0.0634 0.9672 -0.2459
vn 0.0865 0.9633 -0.2542
vn 0.6904 0.6190 0.3744
vn 0.6791 0.6383 0.3625
vn 0.6757 0.6210 0.3971
vn -0.5421 0.5683 0.6191
vn -0.5636 0.5306 0.6331
vn -0.5209 0.5559 0.6478
vn 0.2547 0.8811 0.3985
vn 0.2697 0.8642 0.4248
vn 0.2792 0.8739 0.3980
vn 0.7205 0.6837 -0.1157
vn 0.7430 0.6580 -0.1228
vn 0.7213 0.6784 -0.1399
vn 0.6460 0.6655 -0.3738
vn 0.1522 0.9879 0.0281
vn 0.1066 0.6145 0.7817
vn 0.1087 0.6333 0.7662
vn 0.8298 0.5086 0.2296
vn 0.1506 0.9879 0.0369
vn -0.0594 0.9485 0.3112
vn -0.0367 0.9433 0.3299
vn -0.0319 0.9477 0.3176
vn 0.6877 0.4351 0.5812
vn 0.7112 0.3578 0.6052
vn 0.7511 0.4598 0.4737
vn -0.8000 0.5876 0.1212
vn -0.8402 0.4779 0.2562
vn -0.7738 0.5840 0.2454
vn 0.7985 0.2503 -0.5475
vn 0.8064 0.1748 -0.5650
vn 0.7764 0.2381 -0.5835
vn 0.9076 0.1894 -0.3747
vn 0.9258 0.1431 -0.3498
vn 0.8965 0.1224 -0.4257
vn 0.9993 -0.0063 -0.0359
vn 0.9958 0.0188 -0.0895
vn 0.9968 0.0446 -0.0667
vn 0.9209 -0.2429 0.3049
vn 0.9214 -0.2864 0.2626
vn 0.9385 -0.2189 0.2669
vn -0.1405 0.4923 -0.8590
vn -0.0736 0.5118 -0.8559
vn -0.0164 0.4133 -0.9104
vn -0.9620 0.2660 -0.0619
vn -0.9353 0.3533 0.0200
vn -0.9025 0.4232 -0.0797
vn -0.1695 -0.8647 -0.4728
vn -0.2602 -0.8085 -0.5279
vn -0.1351 -0.8047 -0.5780
vn 0.8014 0.5802 -0.1458
vn 0.8221 0.5500 -0.1468
vn 0.8180 0.5490 -0.1717
vn -0.9490 -0.2947 -0.1125
vn -0.9065 -0.0189 -0.4218
vn -0.8834 -0.4160 -0.2157
vn 0.8103 0.3473 0.4720
vn 0.8073 0.3351 0.4857
vn 0.8362 0.3339 0.4351
vn 0.3152 0.4418 0.8400
vn 0.3103 0.4555 0.8344
vn 0.2897 0.4513 0.8440
vn 0.0891 0.8274 0.5545
vn 0.1114 0.8353 0.5384
vn 0.1000 0.8461 0.5235
vn 0.2065 0.8114 0.5467
vn 0.2071 0.8323 0.5142
vn 0.1872 0.8289 0.5272
vn 0.0424 0.6273 -0.7776
vn 0.6951 0.2218 -0.6838
vn 0.0611 -0.1292 -0.9897
vn 0.0595 -0.1091 -0.9922
vn 0.6562 0.1303 0.7432
vn 0.6389 0.1234 0.7593
vn 0.6527 0.0990 0.7511
vn 0.5815 -0.2445 0.7759
vn 0.5546 -0.2926 0.7790
vn 0.6092 -0.2563 0.7505
vn 0.5075 0.7614 0.4034
vn 0.5199 0.7527 0.4039
vn 0.5280 0.7523 0.3940
vn 0.5405 0.6144 0.5748
vn 0.5593 0.6103 0.5610
vn 0.5529 0.6198 0.5569
vn 0.8091 0.1372 0.5715
vn 0.8026 0.1075 0.5868
vn 0.8204 0.1227 0.5585
vn 0.2241 0.8344 0.5036
vn 0.2507 0.8195 0.5153
vn 0.2554 0.8301 0.4957
vn 0.9770 0.0976 0.1895
vn 0.9683 0.1230 0.2173
vn 0.9684 0.0642 0.2411
vn -0.1599 -0.5728 0.8039
vn -0.1938 -0.6015 0.7750
vn -0.1808 -0.6179 0.7652
vn 0.0617 -0.8626 -0.5021
vn 0.0362 -0.8422 -0.5379
vn 0.0623 -0.8317 -0.5517
vn 0.3312 -0.8617 0.3844
vn 0.3396 -0.8729 0.3502
vn 0.3553 -0.8658 0.3524
vn 0.8511 -0.3286 -0.4094
vn 0.8579 -0.3285 -0.3950
vn 0.8477 -0.3412 -0.4061
vn 0.9122 -0.3905 -0.1237
vn 0.9002 -0.4167 -0.1261
vn 0.9074 -0.3917 -0.1523
vn 0.9170 -0.3428 -0.2038
vn 0.9127 -0.3562 -0.2002
vn 0.9046 -0.3642 -0.2214
vn 0.6209 0.7706 0.1440
vn 0.5879 0.8011 0.1127
vn 0.5908 0.7887 0.1703
vn 0.8950 0.3802 -0.2331
vn 0.8345 0.4650 -0.2955
vn 0.8965 0.4426 0.0202
vn 0.1262 -0.9093 0.3965
vn 0.1763 -0.8876 0.4256
vn 0.1079 -0.9062 0.4089
vn 0.2422 -0.9118 -0.3315
vn 0.3127 -0.8938 -0.3215
vn 0.2572 -0.9142 -0.3132
vn 0.6577 0.4928 0.5698
vn 0.6383 0.5089 0.5775
vn 0.6344 0.4799 0.6060
vn 0.8375 0.0954 0.5380
vn 0.8557 0.0775 0.5117
vn 0.8587 0.1050 0.5016
vn 0.9955 -0.0946 0.0044
vn 0.9826 -0.1692 0.0773
vn 0.9753 -0.1559 -0.1566
vn 0.7168 -0.1506 -0.6809
vn 0.7236 -0.1287 -0.6781
vn 0.7517 -0.1481 -0.6426
vn 0.7750 0.0112 -0.6318
vn 0.7929 0.0326 -0.6084
vn 0.8005 -0.0156 -0.5991
vn 0.3287 0.4659 0.8215
vn 0.3442 0.4768 0.8088
vn 0.3215 0.4902 0.8102
vn 0.1039 -0.9281 -0.3577
vn 0.2155 -0.9193 -0.3294
vn 0.0771 -0.9737 -0.2144
vn 0.9780 -0.1930 -0.0795
vn 0.9688 -0.2365 0.0737
vn 0.9592 -0.2793 -0.0443
vn 0.7807 -0.2026 -0.5912
vn 0.7501 -0.2497 -0.6123
vn 0.7557 -0.1552 -0.6362
vn 0.9348 -0.2853 -0.2114
vn 0.9289 -0.2500 -0.2730
vn 0.9541 -0.2026 -0.2205
vn 0.6611 0.2606 0.7036
vn 0.6920 0.2379 0.6816
vn 0.6856 0.2649 0.6780
vn 0.5125 -0.8064 -0.2949
vn 0.2646 0.1626 -0.9506
vn 0.1716 0.8697 -0.4627
vn 0.4057 -0.3405 0.8482
vn 0.4208 -0.3119 0.8518
vn 0.3855 -0.3289 0.8621
vn 0.5220 0.8308 -0.1930
vn 0.4831 0.8607 -0.1605
vn 0.5295 0.8455 -0.0687
vn 0.2965 -0.1555 0.9423
vn 0.3284 -0.1098 0.9381
vn 0.3006 -0.0942 0.9491
vn 0.4925 0.5102 -0.7051
vn 0.4401 0.7833 0.4390
vn 0.4181 0.2391 -0.8764
vn 0.1258 0.8796 0.4587
vn 0.1662 0.8787 0.4476
vn 0.1417 0.8909 0.4315
vn 0.2076 0.8748 0.4378
vn 0.1865 0.8763 0.4443
vn 0.1963 0.8620 0.4674
vn 0.6659 0.6350 0.3916
vn 0.6432 0.6755 0.3605
vn 0.6251 0.6561 0.4228
vn 0.5212 0.6868 0.5066
vn 0.4806 0.6733 0.5619
vn 0.5236 0.6654 0.5321
vn 0.5211 0.6802 0.5155
vn 0.4742 0.6985 0.5360
vn 0.5157 0.6713 0.5324
vn 0.2693 0.8455 -0.4611
vn 0.2392 0.8569 -0.4567
vn 0.2598 0.8626 -0.4340
vn 0.1253 0.9742 -0.1877
vn 0.1356 0.9760 -0.1707
vn 0.1625 0.9684 -0.1893
vn 0.2674 0.6298 0.7293
vn 0.2630 0.6174 0.7413
vn 0.2885 0.6197 0.7299
vn 0.4822 0.8458 0.2281
vn 0.5261 0.8338 0.1672
vn 0.4956 0.8568 0.1424
vn 0.5142 0.6687 0.5371
vn 0.4530 0.6687 0.5896
vn 0.4721 0.6363 0.6101
vn 0.5420 0.7601 0.3585
vn 0.5340 0.7827 0.3197
vn 0.4743 0.8136 0.3362
vn 0.8528 0.2471 0.4601
vn 0.2002 0.8145 0.5446
vn 0.1342 0.0863 0.9872
vn 0.7609 0.2759 0.5873
vn 0.7543 0.2693 0.5987
vn 0.7642 0.2609 0.5899
vn 0.8535 0.1230 0.5065
vn 0.8532 0.1065 0.5106
vn 0.8590 0.1140 0.4991
vn 0.8946 -0.0557 0.4434
vn 0.8753 -0.0550 0.4805
vn 0.8903 -0.0849 0.4475
vn 0.9871 0.1506 -0.0536
vn 0.9867 0.1406 -0.0818
vn 0.9831 0.1629 -0.0842
vn 0.2050 0.2832 0.9369
vn 0.2507 0.2886 0.9241
vn 0.2461 0.3010 0.9213
vn 0.2413 0.3535 0.9038
vn 0.9456 -0.1113 0.3056
vn 0.9593 -0.0847 0.2694
vn 0.9461 -0.0842 0.3127
vn -0.8962 -0.2965 -0.3301
vn -0.9311 -0.2086 -0.2992
vn -0.8891 -0.2548 -0.3803
vn -0.9870 -0.0530 -0.1515
vn -0.9789 -0.1188 -0.1661
vn -0.9886 -0.1081 -0.1052
vn -0.8696 0.4436 -0.2169
vn -0.8746 0.4025 -0.2705
vn -0.9002 0.3908 -0.1919
vn 0.8019 -0.2031 0.5619
vn 0.9095 -0.1844 0.3726
vn 0.8937 -0.0969 0.4381
vn 0.3381 0.9250 -0.1733
vn 0.1382 0.9811 -0.1352
vn 0.3192 0.9441 -0.0818
vn 0.2211 0.9154 0.3363
vn 0.2013 0.9213 0.3327
vn 0.2037 0.9165 0.3443
vn -0.1958 -0.9563 -0.2171
vn 0.3437 -0.8228 0.4526
vn -0.3006 -0.8562 0.4202
vn 0.0533 0.1482 0.9875
vn 0.4889 0.8700 -0.0641
vn 0.0590 0.8138 0.5782
vn 0.9793 0.0394 -0.1987
vn 0.9826 -0.0003 -0.1857
vn 0.9772 0.0147 -0.2119
vn 0.8689 -0.4813 -0.1159
vn 0.8574 -0.4891 -0.1603
vn 0.8812 -0.4515 -0.1402
vn 0.3431 -0.4628 -0.8173
vn 0.3633 -0.4719 -0.8033
vn 0.3248 -0.4994 -0.8032
vn 0.8323 0.3204 0.4524
vn 0.1388 0.7533 0.6429
vn 0.1042 0.0098 0.9945
vn 0.7793 -0.5040 -0.3724
vn 0.7463 -0.4880 -0.4528
vn 0.7686 -0.4512 -0.4535
vn 0.2307 0.8211 0.5221
vn 0.1950 0.7672 0.6111
vn 0.2646 0.7061 0.6569
vn 0.4268 0.5938 0.6821
vn 0.4062 0.6099 0.6805
vn 0.4040 0.5897 0.6994
vn 0.4440 0.6357 0.6314
vn 0.4262 0.6363 0.6430
vn 0.4474 0.6249 0.6398
vn 0.6872 0.4317 0.5843
vn 0.7071 0.3870 0.5918
vn 0.7238 0.4180 0.5491
vn 0.2611 0.7266 0.6355
vn 0.2939 0.7051 0.6453
vn 0.2821 0.7546 0.5925
vn 0.7089 0.6631 -0.2406
vn 0.8388 0.4721 -0.2710
vn 0.7983 0.4912 -0.3485
vn 0.9515 0.2955 0.0857
vn 0.9060 0.2948 0.3038
vn 0.9728 0.2104 0.0971
vn 0.2403 0.5330 0.8113
vn 0.2617 0.5133 0.8173
vn 0.2632 0.5364 0.8019
vn 0.2006 0.6386 0.7429
vn 0.1859 0.6311 0.7531
vn 0.2048 0.6082 0.7669
vn -0.8098 -0.2872 -0.5116
vn -0.8451 -0.2931 -0.4471
vn -0.8558 -0.2626 -0.4457
vn -0.6960 -0.2066 -0.6877
vn -0.7200 -0.2058 -0.6627
vn -0.7125 -0.1714 -0.6804
vn 0.0611 0.0537 -0.9967
vn 0.3917 0.0635 -0.9179
vn 0.0987 -0.6864 -0.7205
vn 0.0761 -0.6632 -0.7445
vn 0.7722 0.1953 0.6047
vn 0.7782 0.1779 0.6022
vn 0.7828 0.1948 0.5910
vn 0.5480 0.2788 0.7887
vn 0.5418 0.2581 0.7999
vn 0.5625 0.2679 0.7822
vn 0.0422 0.8193 0.5718
vn 0.0214 0.8239 0.5663
vn 0.0331 0.8136 0.5805
vn 0.1729 0.6311 0.7562
vn 0.1544 0.6186 0.7704
vn 0.1726 0.6182 0.7668
vn -0.0009 0.2974 0.9547
vn -0.0494 0.3283 0.9433
vn -0.0239 0.2728 0.9618
vn 0.1744 0.7154 0.6766
vn 0.1556 0.7190 0.6774
vn 0.1692 0.7073 0.6864
vn 0.7716 0.6354 0.0283
vn 0.7869 0.6145 0.0570
vn 0.8040 0.5942 0.0223
vn 0.7231 -0.0066 0.6907
vn 0.7516 0.0052 0.6595
vn 0.7449 0.2487 0.6191
vn 0.7400 -0.2246 0.6340
vn 0.7455 -0.2425 0.6208
vn 0.7618 -0.2258 0.6072
vn 0.3909 0.6822 0.6179
vn 0.4129 0.6782 0.6079
vn 0.3978 0.6897 0.6050
vn 0.3269 0.9428 -0.0647
vn 0.3566 0.9291 -0.0976
vn 0.2879 0.9524 -0.1001
vn 0.2996 0.8616 -0.4097
vn 0.3249 0.8331 -0.4476
vn 0.2742 0.8386 -0.4707
vn -0.6827 -0.7224 -0.1097
vn -0.6922 -0.7198 -0.0517
vn -0.7406 -0.6683 -0.0700
vn 0.1599 -0.1489 -0.9758
vn 0.1870 0.1782 -0.9661
vn 0.2632 0.0961 -0.9599
vn 0.9365 -0.1437 -0.3200
vn 0.8988 0.0351 -0.4371
vn 0.9199 0.1722 -0.3523
vn 0.9537 0.2685 0.1352
vn 0.9516 0.2562 0.1695
vn 0.9591 0.2483 0.1356
vn 0.3928 0.8506 0.3495
vn 0.3939 0.8336 0.3874
vn 0.4330 0.8309 0.3494
vn -0.3535 0.8636 0.3595
vn -0.3644 0.8342 0.4138
vn -0.3418 0.8407 0.4199
vn -0.3171 0.8588 0.4024
vn 0.1303 0.4035 -0.9056
vn 0.1239 0.3451 -0.9304
vn 0.0494 0.3749 -0.9258
vn -0.4024 0.5439 -0.7364
vn -0.4190 0.5198 -0.7445
vn -0.4578 0.5205 -0.7208
vn -0.4257 0.5798 -0.6948
vn -0.3671 -0.3251 -0.8715
vn -0.3670 -0.3573 -0.8589
vn -0.4118 -0.3406 -0.8452
vn 0.3245 0.6386 -0.6978
vn 0.3357 0.6007 -0.7256
vn 0.2907 0.6034 -0.7425
vn 0.2870 0.6363 -0.7161
vn 0.4975 -0.0110 0.8674
vn 0.4874 -0.1208 0.8648
vn 0.5648 -0.0993 0.8193
vn 0.6133 0.0892 0.7848
vn 0.6651 0.0152 0.7466
vn 0.6868 0.0320 0.7261
vn 0.7021 0.0919 0.7061
vn 0.3159 0.7502 0.5808
vn 0.2523 0.7311 0.6339
vn 0.2604 0.7127 0.6513
vn 0.3030 0.6909 0.6564
vn 0.8980 0.4145 0.1476
vn 0.9088 0.3951 0.1339
vn 0.9104 0.3962 0.1191
vn 0.8982 0.4255 0.1104
vn 0.2227 0.9749 -0.0062
vn 0.2261 0.9737 -0.0289
vn 0.2137 0.9761 -0.0384
vn 0.1747 0.9844 -0.0214
vn 0.1875 0.9822 -0.0156
vn 0.1752 0.9844 -0.0127
vn 0.1690 0.9849 -0.0372
vn 0.1437 0.9893 -0.0236
vn 0.1436 0.9890 -0.0360
vn 0.1554 0.9876 -0.0236
vn 0.1566 0.9870 -0.0356
vn 0.1746 0.9845 -0.0160
vn 0.1713 0.9852 -0.0054
vn 0.1599 0.9870 0.0134
vn 0.1750 0.9839 0.0366
vn 0.1878 0.9811 0.0460
vn 0.1944 0.9800 0.0424
vn 0.1904 0.9812 0.0324
vn 0.2007 0.9795 0.0176
vn 0.2059 0.9785 0.0124
vn 0.2435 0.9694 0.0313
vn 0.1919 -0.6393 -0.7446
vn 0.2082 -0.6103 -0.7643
vn 0.1339 0.1963 -0.9713
vn 0.8869 -0.3482 -0.3037
vn -0.0843 -0.9959 0.0326
vn -0.0733 -0.9972 0.0150
vn -0.0532 -0.7522 -0.6568
vn 0.5976 -0.8017 0.0148
vn -0.0751 -0.9577 0.2777
vn -0.0504 -0.9115 -0.4081
vn 0.5366 -0.8194 0.2016
vn -0.0968 -0.9518 0.2911
vn -0.0672 -0.7624 0.6436
vn -0.0427 -0.9990 -0.0122
vn 0.5980 -0.7239 0.3440
vn -0.0721 -0.7500 0.6575
vn -0.1716 -0.9693 0.1762
vn -0.1224 -0.8573 -0.5000
vn 0.4583 -0.7871 0.4128
vn -0.0600 0.9143 -0.4006
vn -0.0352 0.9316 0.3617
vn 0.6275 0.6443 -0.4372
vn 0.0287 0.1760 -0.9840
vn 0.0341 0.7499 -0.6607
vn 0.7441 0.0491 -0.6662
vn -0.2751 0.4303 -0.8597
vn -0.2847 0.4603 -0.8409
vn -0.2222 0.8829 -0.4137
vn 0.1995 0.7987 -0.5676
vn 0.0143 0.9943 -0.1059
vn 0.0119 0.8110 0.5850
vn 0.5624 0.7794 0.2760
vn -0.0007 0.9900 -0.1407
vn -0.1265 -0.0522 0.9906
vn -0.0823 -0.6748 0.7334
vn 0.5084 0.2754 0.8159
vn 0.2292 0.5027 -0.8335
vn 0.2263 0.5269 -0.8192
vn 0.1517 0.9763 -0.1544
vn 0.8051 0.5698 -0.1646
vn 0.1193 0.8282 0.5476
vn 0.0780 0.1573 0.9845
vn 0.5174 0.8345 -0.1895
vn 0.1054 0.8359 0.5386
vn 0.0113 0.9285 0.3713
vn 0.0070 0.3947 0.9188
vn 0.6888 0.7144 0.1237
vn 0.0005 0.9313 0.3642
vn 0.1675 0.8043 0.5701
vn 0.1267 0.1667 0.9778
vn 0.3911 0.0675 0.9179
vn 0.1754 0.8128 0.5555
vn 0.1735 0.1578 0.9721
vn 0.1339 -0.5922 0.7946
vn 0.4786 -0.5222 0.7059
vn 0.1842 0.1770 0.9668
vn 0.0446 0.0156 0.9989
vn 0.0257 -0.0198 0.9995
vn 0.0414 -0.6874 0.7251
vn 0.5897 -0.4560 0.6666
vn 0.1150 0.9774 -0.1772
vn 0.0767 0.7894 0.6091
vn 0.7887 0.5955 -0.1528
vn 0.1116 0.9759 -0.1877
vn 0.2211 0.5165 -0.8272
vn 0.1388 0.9860 -0.0922
vn 0.8725 0.0331 -0.4875
vn 0.1274 0.7078 0.6949
vn 0.0966 -0.0567 0.9937
vn 0.7528 0.1778 0.6339
vn 0.1355 0.7141 0.6868
vn 0.1311 0.9572 0.2582
vn 0.1234 0.9535 0.2750
vn 0.0914 0.4728 0.8764
vn 0.6071 0.4171 0.6763
vn 0.1477 0.9609 0.2344
vn 0.1066 0.4484 0.8874
vn 0.8076 0.5158 0.2859
vn 0.1970 -0.8598 -0.4710
vn 0.1540 -0.8437 -0.5143
vn 0.1279 -0.2114 -0.9690
vn 0.7352 -0.2234 -0.6399
vn 0.2239 -0.8942 -0.3878
vn 0.1681 -0.2564 -0.9518
vn 0.8791 -0.3701 -0.3004
vn -0.0148 0.5325 0.8463
vn 0.0009 -0.3212 0.9470
vn 0.6204 0.3038 0.7231
vn 0.1108 0.7227 0.6822
vn 0.1054 0.7084 0.6979
vn 0.0794 -0.0208 0.9966
vn 0.6760 0.1234 0.7265
vn -0.4537 0.7965 -0.3997
vn -0.4316 0.8158 -0.3851
vn -0.4344 0.8089 -0.3963
vn 0.0771 0.6822 -0.7271
vn -0.0324 0.9104 -0.4124
vn 0.0119 0.6742 0.7384
vn 0.4156 0.8673 0.2739
vn 0.2781 0.6307 0.7245
vn 0.1685 -0.2535 0.9526
vn 0.7299 0.6819 -0.0481
vn 0.0861 0.6448 0.7595
vn 0.0666 -0.1336 0.9888
vn 0.7321 0.6302 0.2585
vn 0.1044 0.6154 0.7813
vn 0.0758 -0.1617 0.9839
vn 0.7528 0.1734 0.6350
vn 0.1035 0.6311 0.7688
vn 0.2495 0.4688 -0.8474
vn 0.2727 0.5387 -0.7972
vn 0.1808 0.9739 -0.1372
vn 0.8764 0.2510 -0.4109
vn 0.1028 0.8742 -0.4746
vn 0.0803 0.9400 0.3317
vn 0.8016 0.5005 -0.3270
vn 0.0900 0.7877 -0.6095
vn 0.0718 0.9868 0.1454
vn 0.6771 0.7279 -0.1081
vn 0.1001 0.7757 -0.6231
vn -0.2143 -0.9672 -0.1365
vn -0.1385 -0.7389 -0.6594
vn 0.4174 -0.8888 -0.1893
vn -0.1765 -0.9808 -0.0826
vn 0.1532 0.8106 0.5652
vn 0.1039 0.1075 0.9888
vn 0.8057 0.5545 0.2083
vn 0.1454 0.8202 0.5532
vn -0.1543 -0.9663 0.2062
vn -0.1141 -0.8742 -0.4719
vn 0.5042 -0.8626 0.0403
vn -0.1564 -0.9618 0.2249
vn -0.0974 -0.5946 0.7981
vn -0.0733 -0.6359 0.7682
vn -0.0444 -0.9887 0.1429
vn 0.5018 -0.7220 0.4764
vn 0.0699 0.3049 -0.9498
vn 0.0512 0.8904 -0.4524
vn 0.7019 0.4896 -0.5173
vn 0.0705 0.2766 -0.9584
vn 0.2799 -0.0454 -0.9590
vn 0.1735 0.7547 -0.6327
vn 0.9150 0.1829 -0.3595
vn 0.2612 -0.0715 -0.9626
vn -0.0893 -0.9316 -0.3523
vn -0.0355 -0.4673 -0.8834
vn 0.6110 -0.6331 -0.4752
vn -0.0537 -0.9414 -0.3331
vn 0.0031 -0.7626 -0.6468
vn -0.0007 -0.1271 -0.9919
vn 0.6659 -0.6402 -0.3830
vn -0.0419 -0.7864 -0.6163
vn -0.2089 0.9549 0.2112
vn -0.1410 0.5932 0.7926
vn 0.0388 0.6520 0.7572
vn -0.1880 0.9656 0.1797
vn 0.0806 0.8219 0.5638
vn 0.0628 0.1468 0.9872
vn 0.7784 0.5694 0.2641
vn 0.1285 -0.6044 0.7863
vn 0.1346 -0.6150 0.7770
vn 0.1037 -0.9878 0.1159
vn 0.7546 -0.1634 0.6355
vn 0.2498 0.5937 -0.7649
vn 0.1564 0.9877 -0.0029
vn 0.5696 -0.2039 -0.7962
vn -0.4789 -0.1703 0.8612
vn -0.4467 -0.1896 0.8743
vn -0.3987 -0.6848 0.6100
vn 0.0726 -0.1107 0.9912
vn -0.2649 -0.7467 0.6101
vn -0.2682 -0.7773 0.5691
vn 0.3126 -0.7502 0.5826
vn -0.0183 -0.9704 -0.2410
vn -0.0066 -0.5426 -0.8400
vn 0.5935 -0.8048 0.0066
vn 0.0939 0.9287 0.3588
vn 0.0730 0.3870 0.9192
vn 0.3518 0.3480 0.8690
vn 0.1045 0.9319 0.3475
vn 0.2401 0.5881 0.7723
vn 0.2524 0.5613 0.7882
vn 0.1625 -0.2967 0.9410
vn 0.9054 0.1185 0.4077
vn 0.2828 0.6568 0.6990
vn 0.2573 0.6381 0.7257
vn 0.1767 -0.1767 0.9683
vn 0.5907 -0.1391 0.7948
vn 0.2434 -0.1440 -0.9592
vn 0.1576 0.6516 -0.7420
vn 0.8723 -0.3299 -0.3609
vn 0.2520 -0.1713 -0.9525
vn 0.2666 -0.3854 -0.8834
vn 0.2750 -0.3388 -0.8998
vn 0.1779 0.4591 -0.8704
vn 0.9058 -0.0301 -0.4226
vn -0.1663 -0.5593 -0.8121
vn -0.1153 0.0423 -0.9924
vn 0.2624 -0.9489 -0.1751
vn 0.2737 0.6323 0.7247
vn 0.1692 -0.2153 0.9618
vn 0.9254 0.1941 0.3257
vn 0.2626 0.6468 0.7160
vn 0.2505 0.5644 0.7866
vn 0.1669 -0.2949 0.9408
vn 0.8036 0.5905 0.0747
vn 0.1031 -0.3074 -0.9460
vn 0.0858 0.4017 -0.9117
vn 0.6434 -0.6662 -0.3771
vn -0.0344 0.8522 0.5220
vn -0.0262 0.8327 0.5531
vn -0.0112 0.2363 0.9716
vn 0.6654 0.6738 0.3213
vn -0.0972 0.9953 0.0031
vn -0.0699 0.8134 0.5775
vn 0.3303 0.7754 0.5382
vn -0.0881 0.9958 -0.0229
vn -0.0156 0.9979 -0.0631
vn -0.0273 0.9974 -0.0667
vn -0.0180 0.7752 0.6314
vn 0.3206 0.7579 0.5682
vn 0.0027 0.7324 0.6809
vn 0.0139 -0.0499 0.9987
vn 0.6890 0.4450 0.5721
vn 0.3527 0.6559 0.6674
vn 0.2188 -0.1672 0.9613
vn 0.7143 -0.1857 0.6748
vn 0.3563 0.6656 0.6558
vn 0.1988 0.8135 0.5466
vn 0.1329 0.0770 0.9881
vn 0.7110 0.6802 -0.1784
vn -0.0988 -0.7900 -0.6051
vn -0.1282 -0.7719 -0.6227
vn -0.0823 -0.2542 -0.9636
vn 0.5098 -0.4270 -0.7468
vn 0.0787 0.9916 0.1026
vn 0.0645 0.6849 0.7258
vn 0.5429 0.5654 0.6210
vn -0.9092 0.4028 0.1054
vn -0.9164 0.3753 0.1389
vn -0.8979 0.4174 0.1397
vn -0.9710 -0.2353 -0.0433
vn -0.9475 -0.2458 -0.2045
vn -0.9300 -0.3147 -0.1899
vn -0.9802 -0.1663 0.1076
vn -0.9825 -0.1604 0.0944
vn -0.9801 -0.1717 0.0998
vn 0.9021 -0.2461 -0.3544
vn 0.9021 -0.1768 -0.3937
vn 0.9260 -0.1665 -0.3389
vn -0.6691 0.1411 -0.7296
vn -0.6705 0.1072 -0.7341
vn -0.6927 0.1162 -0.7118
vn 0.8866 -0.2278 -0.4025
vn 0.9181 -0.1506 -0.3666
vn 0.9206 -0.1853 -0.3437
vn -0.6886 -0.6100 -0.3920
vn -0.6635 -0.6408 -0.3862
vn -0.6959 -0.6281 -0.3482
vn -0.4034 -0.9076 -0.1162
vn -0.4231 -0.9012 -0.0938
vn -0.4987 -0.8452 -0.1923
vn -0.7616 -0.6223 -0.1810
vn -0.7339 -0.6677 -0.1251
vn -0.7718 -0.6220 -0.1324
vn -0.9452 -0.3207 -0.0617
vn -0.9502 -0.3085 -0.0448
vn -0.9516 -0.2997 -0.0683
vn -0.5796 0.1377 -0.8032
vn -0.6161 0.1016 -0.7811
vn -0.6216 0.1313 -0.7722
vn -0.1317 0.6499 -0.7485
vn -0.1138 0.6505 -0.7510
vn -0.1597 0.5998 -0.7840
vn -0.6371 0.7610 -0.1224
vn -0.5527 0.8325 0.0382
vn -0.4928 0.8685 -0.0537
vn -0.7289 0.6709 -0.1361
vn -0.7363 0.6609 -0.1453
vn -0.7476 0.6526 -0.1228
vn -0.9395 -0.2616 -0.2210
vn -0.9287 -0.2800 -0.2432
vn -0.9299 -0.2879 -0.2289
vn -0.9219 0.2787 -0.2690
vn -0.9248 0.2441 -0.2919
vn -0.9329 0.2444 -0.2645
vn -0.5824 0.5338 0.6131
vn -0.5572 0.5450 0.6265
vn -0.5757 0.5531 0.6022
vn -0.5059 0.2265 0.8324
vn -0.5256 0.2091 0.8247
vn -0.4974 0.1958 0.8452
vn -0.0297 0.9421 0.3341
vn -0.0405 0.9392 0.3409
vn -0.0287 0.9380 0.3455
vn 0.2083 0.9320 -0.2967
vn 0.2670 0.9065 -0.3270
vn 0.1997 0.9252 -0.3227
vn 0.6299 0.1923 -0.7525
vn 0.6585 0.2206 -0.7195
vn 0.6680 0.1723 -0.7239
vn -0.1851 0.9794 -0.0811
vn -0.1706 0.9801 -0.1019
vn -0.1899 0.9766 -0.1014
vn -0.7321 0.3788 0.5662
vn -0.7194 0.3985 0.5689
vn -0.7307 0.3943 0.5572
vn -0.9432 -0.2523 0.2160
vn -0.9158 -0.2974 0.2700
vn -0.9289 -0.2399 0.2822
vn 0.0598 0.8295 -0.5553
vn 0.0371 0.8425 -0.5374
vn 0.0891 0.8514 -0.5169
vn 0.0653 0.8037 0.5914
vn 0.0271 0.8500 0.5261
vn -0.0630 0.8154 0.5755
vn -0.8985 0.2385 -0.3685
vn -0.9046 0.2020 -0.3753
vn -0.9101 0.2259 -0.3473
vn -0.5512 0.8261 0.1167
vn -0.4843 0.8688 0.1035
vn -0.4975 0.8638 0.0798
vn -0.9794 -0.0689 -0.1897
vn -0.9655 -0.1158 -0.2334
vn -0.9806 -0.1178 -0.1570
vn -0.4394 0.8140 0.3800
vn -0.4306 0.8245 0.3671
vn -0.4518 0.8210 0.3491
vn -0.0702 0.9683 0.2398
vn -0.0578 0.9655 0.2541
vn -0.0416 0.9689 0.2441
vn -0.7035 0.5751 -0.4176
vn -0.6932 0.5717 -0.4389
vn -0.7332 0.5330 -0.4223
vn -0.7099 0.5751 -0.4066
vn -0.7289 0.3360 0.5966
vn -0.6921 0.3042 0.6545
vn -0.6775 0.3902 0.6235
vn -0.9640 0.2616 0.0478
vn -0.9693 0.2397 0.0547
vn -0.9633 0.2538 0.0868
vn -0.4364 -0.6565 -0.6153
vn -0.4647 -0.6329 -0.6193
vn -0.4161 -0.6392 -0.6467
vn -0.5795 0.4330 -0.6905
vn -0.5853 0.4333 -0.6853
vn -0.5785 0.4461 -0.6829
vn 0.0255 0.9952 -0.0946
vn -0.0089 0.9951 -0.0985
vn 0.0259 0.9975 -0.0661
vn -0.3824 0.9209 -0.0750
vn -0.3479 0.9362 -0.0493
vn -0.2285 0.9490 -0.2171
vn -0.8979 -0.1953 -0.3945
vn -0.8966 -0.2475 -0.3672
vn -0.9295 -0.2083 -0.3045
vn -0.7937 0.3078 -0.5247
vn -0.7901 0.2796 -0.5455
vn -0.8126 0.2781 -0.5122
vn -0.4477 -0.1298 0.8847
vn -0.4776 -0.1270 0.8694
vn -0.4693 -0.1673 0.8670
vn -0.0816 0.9313 0.3550
vn -0.0973 0.9303 0.3537
vn -0.1040 0.9204 0.3770
vn 0.3082 0.5622 0.7675
vn 0.3499 0.5340 0.7697
vn 0.3727 0.5663 0.7351
vn -0.8566 0.4969 0.1393
vn -0.1784 0.8796 0.4410
vn -0.1311 0.9351 -0.3293
vn -0.2509 -0.7791 -0.5745
vn -0.2325 -0.7681 -0.5966
vn -0.2362 -0.7840 -0.5741
vn -0.9326 -0.3608 0.0116
vn -0.9305 -0.3663 -0.0038
vn -0.9247 -0.3807 0.0051
vn -0.4274 0.8135 0.3944
vn -0.3765 0.7717 0.5126
vn -0.3473 0.8281 0.4401
vn -0.3705 0.6541 -0.6594
vn -0.3278 0.6184 -0.7142
vn -0.4028 0.6000 -0.6912
vn -0.3678 0.7030 0.6087
vn -0.3940 0.6953 0.6010
vn -0.3863 0.6881 0.6142
vn -0.7937 0.0568 0.6057
vn -0.7990 0.0727 0.5969
vn -0.8040 0.0582 0.5917
vn 0.3050 0.4171 0.8561
vn 0.3088 0.5027 0.8074
vn 0.2098 0.4767 0.8537
vn -0.7972 -0.5017 -0.3357
vn -0.7714 -0.5569 -0.3078
vn -0.7926 -0.5390 -0.2850
vn -0.9703 -0.1297 -0.2043
vn -0.9676 -0.1561 -0.1982
vn -0.9741 -0.1308 -0.1846
vn 0.1184 -0.6594 -0.7424
vn 0.1811 -0.6364 -0.7498
vn 0.1896 -0.6885 -0.7000
vn -0.3676 0.3542 0.8599
vn -0.4060 0.3509 0.8438
vn -0.4345 0.3003 0.8491
vn 0.4246 -0.6682 0.6109
vn 0.4386 -0.7010 0.5623
vn 0.4412 -0.6547 0.6137
vn 0.6470 -0.6751 -0.3544
vn 0.5858 -0.7035 -0.4023
vn 0.6241 -0.6468 -0.4384
vn -0.3636 -0.6904 -0.6253
vn 0.2634 -0.7199 -0.6422
vn 0.1856 -0.9815 -0.0463
vn -0.3888 0.7304 0.5615
vn -0.3724 0.7445 0.5542
vn -0.3931 0.7435 0.5410
vn -0.5995 0.6929 0.4005
vn -0.5763 0.7076 0.4089
vn -0.5782 0.7157 0.3917
vn -0.6787 -0.4331 0.5931
vn -0.6710 -0.4538 0.5863
vn -0.6680 -0.4339 0.6046
vn -0.6999 -0.6367 -0.3235
vn -0.6822 -0.6373 -0.3585
vn -0.6753 -0.6545 -0.3399
vn -0.8961 0.0374 0.4422
vn -0.8962 0.0547 0.4403
vn -0.9017 0.0482 0.4297
vn -0.5698 0.7184 0.3991
vn -0.5590 0.7167 0.4169
vn -0.5635 0.7240 0.3979
vn -0.1294 0.9526 -0.2754
vn -0.1582 0.9430 -0.2927
vn -0.1551 0.9560 -0.2489
vn -0.1244 -0.1450 -0.9816
vn -0.1407 -0.1220 -0.9825
vn -0.1068 -0.1158 -0.9875
vn -0.1021 -0.6540 -0.7496
vn -0.1213 -0.6388 -0.7598
vn -0.0834 -0.6361 -0.7671
vn -0.5075 0.1286 0.8520
vn -0.5331 0.1181 0.8378
vn -0.5088 0.1051 0.8545
vn -0.2358 0.8557 -0.4606
vn -0.2137 0.8672 -0.4498
vn -0.2162 0.8505 -0.4795
vn -0.0436 0.9650 0.2585
vn -0.0803 0.9679 0.2383
vn -0.0734 0.9596 0.2716
vn -0.9718 0.2191 -0.0868
vn -0.9745 0.1983 -0.1046
vn -0.9830 0.1720 -0.0648
vn -0.7094 0.2081 0.6734
vn -0.7128 0.2202 0.6660
vn -0.7209 0.2103 0.6604
vn -0.5237 0.7161 0.4615
vn -0.5101 0.7335 0.4492
vn -0.5211 0.7377 0.4293
vn -0.9442 -0.0825 -0.3187
vn -0.9526 -0.0970 -0.2884
vn -0.9509 -0.0644 -0.3028
vn -0.9854 0.1616 -0.0530
vn -0.9880 0.1531 -0.0213
vn -0.9277 0.3608 0.0963
vn -0.6163 0.5785 0.5344
vn -0.6065 0.5902 0.5327
vn -0.6159 0.5894 0.5228
vn -0.1912 -0.3085 -0.9318
vn -0.1521 -0.3293 -0.9319
vn -0.1960 -0.3452 -0.9178
vn -0.8095 0.3746 -0.4521
vn -0.8134 0.3510 -0.4639
vn -0.8221 0.3408 -0.4560
vn -0.9194 0.3645 -0.1481
vn -0.9081 0.3817 -0.1724
vn -0.9215 0.3507 -0.1667
vn 0.9938 -0.0931 0.0609
vn 0.9954 -0.0506 0.0814
vn 0.8768 -0.2455 0.4134
vn -0.8366 -0.5341 -0.1218
vn -0.8235 -0.5493 -0.1416
vn -0.8234 -0.5548 -0.1194
vn -0.8721 -0.4434 0.2070
vn -0.8757 -0.4441 0.1895
vn -0.8624 -0.4649 0.2000
vn 0.2979 0.6461 -0.7027
vn 0.2308 0.6715 -0.7042
vn 0.2792 0.6882 -0.6697
vn -0.6725 0.1274 0.7290
vn -0.6719 0.1451 0.7263
vn -0.6886 0.1243 0.7144
vn -0.9089 0.2314 -0.3468
vn -0.9029 0.2468 -0.3520
vn -0.9042 0.2274 -0.3616
vn -0.8946 0.0550 0.4435
vn -0.9003 0.0673 0.4301
vn -0.9016 0.0497 0.4298
vn -0.5168 0.4425 0.7329
vn -0.5547 0.4877 0.6741
vn -0.5735 0.4234 0.7013
vn -0.4502 0.7158 -0.5338
vn -0.5085 0.7038 -0.4961
vn -0.4899 0.7408 -0.4595
vn -0.8148 0.5774 0.0517
vn -0.7997 0.5966 0.0671
vn -0.7991 0.6007 0.0251
vn 0.5671 0.1571 -0.8085
vn 0.6060 0.1954 -0.7711
vn 0.6028 0.1314 -0.7870
vn -0.7503 -0.2334 0.6185
vn -0.7530 -0.2729 0.5988
vn -0.7324 -0.2750 0.6229
vn -0.0782 -0.3126 -0.9466
vn -0.0762 -0.3523 -0.9328
vn -0.0973 -0.3315 -0.9384
vn 0.2241 0.7068 0.6710
vn 0.2372 0.6867 0.6872
vn 0.2566 0.7030 0.6633
vn -0.1066 -0.2444 -0.9638
vn -0.0955 -0.2524 -0.9629
vn -0.1187 -0.2767 -0.9536
vn 0.3112 -0.1905 -0.9311
vn 0.2623 -0.2188 -0.9399
vn 0.2508 -0.1951 -0.9482
vn -0.8759 0.0886 0.4742
vn -0.8818 0.0989 0.4611
vn -0.8837 0.0840 0.4604
vn -0.4636 -0.3742 0.8031
vn -0.4375 -0.3789 0.8155
vn -0.4538 -0.3481 0.8203
vn -0.5195 -0.8537 0.0366
vn -0.3886 -0.9214 0.0002
vn -0.4872 -0.8683 0.0935
vn -0.7131 0.6009 -0.3610
vn -0.7106 0.5960 -0.3740
vn -0.7149 0.5827 -0.3865
vn -0.7412 0.5680 -0.3578
vn -0.1225 0.4891 -0.8636
vn -0.4759 0.7310 0.4889
vn -0.1852 0.9668 -0.1759
vn -0.5728 0.4618 -0.6772
vn -0.5669 0.4594 -0.6838
vn -0.5740 0.4444 -0.6878
vn 0.1265 -0.0312 0.9915
vn 0.0411 -0.9833 0.1771
vn 0.1748 -0.6580 0.7324
vn -0.0613 0.8906 -0.4506
vn -0.7406 0.5867 0.3276
vn -0.0710 0.9310 0.3580
vn -0.5017 0.8587 -0.1051
vn -0.6306 0.7761 0.0057
vn -0.4880 0.8697 -0.0737
vn -0.4531 0.5227 0.7221
vn -0.4360 0.5382 0.7213
vn -0.4563 0.5332 0.7123
vn -0.4314 0.8884 0.1571
vn -0.4092 0.9005 0.1470
vn -0.4274 0.8942 0.1330
vn -0.6921 -0.7203 -0.0459
vn -0.8749 0.4581 -0.1570
vn -0.8894 0.4123 -0.1975
vn -0.6760 0.0778 -0.7328
vn -0.5103 0.7180 0.4733
vn -0.4967 0.7272 0.4737
vn -0.5045 0.7280 0.4643
vn -0.1824 0.9665 0.1806
vn -0.1688 0.9654 0.1988
vn -0.1502 0.9727 0.1768
vn -0.3813 0.7376 0.5573
vn -0.3936 0.7414 0.5435
vn -0.3925 0.7300 0.5594
vn 0.0443 0.3051 -0.9513
vn 0.0276 0.3246 -0.9454
vn 0.0704 0.3453 -0.9359
vn -0.5062 0.0769 0.8590
vn -0.4893 0.1028 0.8660
vn -0.5128 0.1118 0.8512
vn -0.2906 0.2089 0.9338
vn -0.3100 0.1769 0.9341
vn -0.2696 0.1886 0.9443
vn -0.1838 -0.5675 -0.8026
vn -0.1538 -0.5785 -0.8010
vn -0.1875 -0.6103 -0.7696
vn -0.3672 0.4371 0.8211
vn -0.3556 0.4466 0.8210
vn -0.3676 0.4567 0.8101
vn -0.9769 0.2130 -0.0172
vn -0.9788 0.2050 0.0047
vn -0.9741 0.2261 -0.0047
vn -0.3839 0.7445 0.5462
vn -0.3995 0.7315 0.5526
vn -0.3811 0.7393 0.5552
vn 0.0027 0.7799 0.6259
vn 0.0332 0.7804 0.6245
vn 0.0094 0.7904 0.6125
vn -0.5740 0.6405 0.5101
vn -0.5892 0.6423 0.4902
vn -0.5841 0.6284 0.5137
vn -0.8780 0.0723 0.4731
vn -0.8673 0.1058 0.4864
vn -0.8765 0.1064 0.4694
vn -0.5212 -0.2281 -0.8224
vn -0.1920 0.5660 -0.8017
vn -0.1892 0.5530 -0.8114
vn -0.1204 -0.2755 -0.9537
vn -0.2631 0.7931 0.5493
vn -0.2425 0.7931 0.5587
vn -0.2463 0.8004 0.5465
vn -0.3614 0.3020 0.8822
vn -0.3524 0.3133 0.8819
vn -0.3767 0.3271 0.8667
vn -0.5415 0.5266 0.6553
vn -0.5110 0.5876 0.6274
vn -0.5464 0.5892 0.5953
vn -0.7835 -0.2185 0.5818
vn -0.7803 -0.2509 0.5729
vn -0.7611 -0.2390 0.6030
vn -0.9740 0.2170 -0.0652
vn -0.9776 0.1953 -0.0781
vn -0.9804 0.1922 -0.0440
vn -0.4090 0.0528 -0.9110
vn -0.0787 -0.6875 -0.7219
vn -0.0714 -0.9972 -0.0208
vn -0.6199 -0.7692 -0.1553
vn -0.6057 -0.7795 -0.1596
vn -0.6099 -0.7815 -0.1315
vn 0.1332 -0.5035 -0.8537
vn 0.0978 -0.5067 -0.8566
vn 0.1132 -0.4738 -0.8734
vn 0.1820 0.0321 -0.9828
vn 0.1902 0.0662 -0.9795
vn 0.2214 0.0691 -0.9727
vn -0.7033 0.1350 -0.6980
vn -0.6935 0.1058 -0.7127
vn -0.7076 0.0975 -0.6999
vn -0.1839 0.8975 0.4009
vn -0.1828 0.9082 0.3765
vn -0.1948 0.9027 0.3835
vn -0.1470 -0.4616 -0.8748
vn -0.1266 -0.4780 -0.8692
vn -0.1629 -0.4808 -0.8616
vn 0.1058 0.6189 -0.7783
vn 0.1193 0.6121 -0.7817
vn 0.1097 0.6065 -0.7875
vn -0.3494 0.9363 -0.0361
vn -0.3732 0.9276 -0.0177
vn -0.3493 0.9369 0.0139
vn -0.8231 -0.1548 0.5463
vn -0.8264 -0.1225 0.5496
vn -0.8393 -0.1426 0.5246
vn -0.4233 0.1301 0.8966
vn -0.4516 0.1199 0.8841
vn -0.4333 0.1010 0.8956
vn -0.6062 0.7310 0.3133
vn -0.6176 0.7259 0.3028
vn -0.6120 0.7252 0.3157
vn -0.1685 0.9141 -0.3689
vn -0.1918 0.9029 -0.3848
vn -0.2002 0.9135 -0.3541
vn -0.9219 -0.1562 -0.3545
vn -0.2822 -0.5450 -0.7895
vn -0.1869 -0.9812 -0.0493
vn -0.6679 -0.3851 0.6369
vn -0.6670 -0.4199 0.6154
vn -0.6451 -0.3989 0.6517
vn -0.5299 -0.2485 -0.8109
vn -0.4578 -0.4020 -0.7930
vn -0.6241 -0.3936 -0.6750
vn -0.6518 -0.7492 0.1178
vn -0.6697 -0.7318 0.1263
vn -0.6720 -0.7339 0.0990
vn -0.6542 -0.7432 0.1400
vn -0.6716 -0.7299 0.1273
vn -0.6501 -0.7506 0.1185
vn 0.1716 0.5456 0.8203
vn -0.1941 -0.6771 0.7098
vn 0.2250 -0.0461 0.9733
vn -0.2344 -0.2501 0.9394
vn -0.0121 -0.8641 0.5032
vn 0.0241 -0.8446 0.5348
vn 0.0059 -0.2593 0.9658
vn -0.4545 0.0217 -0.8905
vn -0.4118 0.0061 -0.9113
vn -0.4413 -0.0220 -0.8971
vn -0.9645 0.2427 0.1045
vn -0.9613 0.2580 0.0966
vn -0.9683 0.2349 0.0855
vn -0.5934 0.1248 0.7952
vn -0.5868 0.0874 0.8050
vn -0.5691 0.1167 0.8139
vn -0.8705 0.0561 0.4890
vn -0.8785 0.0542 0.4747
vn -0.8757 0.0421 0.4810
vn -0.2212 0.8541 -0.4707
vn -0.1886 0.8478 -0.4956
vn -0.2153 0.8360 -0.5047
vn -0.7016 -0.6148 -0.3603
vn -0.6903 -0.6394 -0.3386
vn -0.7143 -0.6134 -0.3370
vn -0.8789 0.3794 -0.2893
vn -0.8634 0.4035 -0.3028
vn -0.8667 0.3864 -0.3154
vn -0.9220 0.3210 -0.2165
vn -0.9134 0.3230 -0.2478
vn -0.9221 0.3018 -0.2423
vn -0.1838 0.9698 -0.1603
vn -0.1660 0.9774 -0.1312
vn -0.1563 0.9748 -0.1595
vn -0.7534 0.1227 -0.6460
vn -0.0436 0.3103 -0.9496
vn -0.0369 -0.5150 -0.8564
vn -0.8503 0.5215 0.0706
vn -0.3099 0.7413 0.5954
vn -0.1802 0.7921 0.5832
vn 0.2727 -0.4097 -0.8705
vn 0.3148 -0.3778 -0.8707
vn 0.3495 -0.4300 -0.8324
vn -0.5173 0.7392 0.4312
vn -0.5004 0.7404 0.4488
vn -0.4970 0.7539 0.4297
vn 0.0438 0.9262 -0.3744
vn -0.0074 0.9285 -0.3712
vn -0.0002 0.9388 -0.3446
vn -0.9869 0.0915 -0.1325
vn -0.9918 0.0658 -0.1095
vn -0.9907 0.0966 -0.0961
vn -0.2826 0.8550 -0.4348
vn -0.3043 0.8358 -0.4569
vn -0.3326 0.8365 -0.4354
vn -0.2310 0.7892 0.5690
vn -0.2381 0.8163 0.5262
vn -0.3096 0.7595 0.5721
vn -0.9352 0.3531 0.0263
vn -0.9237 0.3781 0.0623
vn -0.9252 0.3779 0.0334
vn -0.9214 -0.3774 -0.0932
vn -0.9078 -0.4072 -0.1006
vn -0.9057 -0.4163 -0.0798
vn 0.2550 -0.9247 0.2829
vn 0.1515 -0.9566 0.2488
vn 0.2002 -0.9628 0.1815
vn -0.9445 -0.0482 0.3250
vn -0.9460 -0.0644 0.3177
vn -0.9415 -0.0587 0.3318
vn -0.8481 -0.4611 0.2610
vn -0.8634 -0.4471 0.2337
vn -0.8532 -0.4666 0.2331
vn -0.4774 0.7741 -0.4157
vn -0.4308 0.7861 -0.4432
vn -0.5038 0.7414 -0.4433
vn -0.3948 0.3020 0.8677
vn -0.3935 0.3291 0.8584
vn -0.4184 0.3112 0.8533
vn -0.7689 0.6362 0.0630
vn -0.7804 0.6192 0.0870
vn -0.7522 0.6459 0.1303
vn -0.5336 0.8457 -0.0102
vn -0.5101 0.8585 0.0519
vn -0.4718 0.8815 -0.0177
vn -0.4528 -0.7533 0.4769
vn 0.1417 -0.9732 0.1812
vn 0.0998 -0.6159 0.7815
vn -0.9822 0.1627 -0.0938
vn -0.8728 0.0956 -0.4786
vn -0.8861 0.0385 -0.4619
vn -0.7419 0.6618 0.1077
vn -0.7383 0.6727 0.0488
vn -0.7641 0.6434 0.0467
vn -0.2069 0.9451 0.2529
vn -0.1557 0.9408 0.3011
vn -0.1635 0.9553 0.2465
vn -0.3053 0.6261 0.7174
vn -0.3181 0.6151 0.7215
vn -0.3002 0.6155 0.7288
vn -0.7425 0.0600 -0.6672
vn -0.7158 0.0627 -0.6955
vn -0.7215 0.0479 -0.6907
vn -0.9285 -0.0113 -0.3710
vn -0.8901 0.0077 -0.4557
vn -0.9131 -0.0643 -0.4026
vn -0.4432 0.8907 -0.1011
vn 0.0004 0.8444 0.5357
vn -0.0054 0.9588 -0.2839
vn 0.1065 0.7862 -0.6087
vn 0.0508 0.8180 -0.5730
vn 0.0943 0.8327 -0.5456
vn 0.1364 0.8112 -0.5686
vn -0.9362 0.3474 0.0525
vn -0.9319 0.3613 0.0322
vn -0.9434 0.3288 0.0436
vn -0.9701 0.2347 -0.0613
vn -0.9739 0.2249 -0.0321
vn -0.9688 0.2459 -0.0299
vn -0.0867 0.5902 -0.8026
vn -0.0779 0.6154 -0.7844
vn -0.0582 0.6099 -0.7904
vn -0.8791 -0.3690 0.3016
vn -0.8839 -0.3518 0.3081
vn -0.8898 -0.3488 0.2944
vn -0.5970 -0.7920 -0.1279
vn -0.5749 -0.8090 -0.1225
vn -0.5977 -0.7965 -0.0913
vn -0.9734 -0.0911 0.2102
vn -0.9707 -0.1080 0.2148
vn -0.9694 -0.0981 0.2248
vn 0.0909 0.5543 -0.8274
vn 0.1004 0.5741 -0.8126
vn 0.1293 0.5579 -0.8198
vn -0.7605 0.1923 -0.6202
vn -0.7437 0.1997 -0.6379
vn -0.7478 0.1749 -0.6405
vn -0.4221 -0.7487 0.5111
vn -0.4478 -0.7387 0.5037
vn -0.4288 -0.7657 0.4794
vn -0.9057 -0.3136 0.2852
vn -0.9060 -0.3215 0.2752
vn -0.8950 -0.3406 0.2880
vn 0.1094 -0.9917 -0.0678
vn 0.1259 -0.9881 -0.0887
vn 0.1418 -0.9885 -0.0526
vn -0.0338 -0.9890 0.1437
vn -0.0498 -0.9904 0.1286
vn -0.0226 -0.9921 0.1233
vn -0.1142 0.9295 0.3508
vn -0.1271 0.9256 0.3565
vn -0.1148 0.9200 0.3746
vn -0.5260 0.4254 -0.7365
vn -0.6502 0.3641 -0.6669
vn -0.6143 0.4278 -0.6630
vn 0.0384 -0.3573 -0.9332
vn 0.0457 -0.3269 -0.9440
vn 0.0687 -0.3462 -0.9356
vn -0.8582 0.5085 0.0704
vn -0.1773 0.9763 -0.1244
vn -0.1217 0.5532 -0.8241
vn -0.1088 -0.9867 0.1205
vn -0.0732 -0.9809 0.1801
vn -0.1485 -0.9691 0.1969
vn 0.5403 -0.8323 0.1237
vn 0.5373 -0.8151 0.2165
vn 0.4962 -0.8531 0.1616
vn -0.9145 -0.4020 0.0455
vn -0.9079 -0.4147 0.0615
vn -0.9140 -0.4003 0.0664
vn -0.1634 0.9650 -0.2053
vn 0.0092 0.8456 0.5337
vn 0.0470 0.8482 0.5275
vn 0.0105 0.9736 -0.2280
vn 0.5940 0.1719 -0.7859
vn 0.5613 0.1980 -0.8036
vn 0.5822 0.2154 -0.7840
vn -0.5065 0.8389 0.1994
vn -0.5137 0.8284 0.2233
vn -0.4744 0.8536 0.2152
vn -0.0293 0.9606 0.2764
vn -0.0385 0.9517 0.3045
vn -0.0222 0.9501 0.3110
vn -0.5319 0.7229 -0.4411
vn -0.5557 0.7096 -0.4332
vn -0.5349 0.7390 -0.4096
vn -0.8929 -0.3473 0.2867
vn -0.9038 -0.3382 0.2623
vn -0.9002 -0.3535 0.2545
vn -0.0823 0.2495 -0.9649
vn -0.0763 0.2674 -0.9606
vn -0.0597 0.2599 -0.9638
vn -0.9638 0.2374 0.1217
vn -0.9673 0.2094 0.1433
vn -0.9563 0.2490 0.1535
vn -0.8375 -0.4270 0.3408
vn -0.8543 -0.3727 0.3622
vn -0.8579 -0.4026 0.3193
vn -0.5050 -0.7079 -0.4939
vn -0.4793 -0.7117 -0.5136
vn -0.4818 -0.7344 -0.4781
vn -0.0931 0.8384 -0.5371
vn -0.1158 0.7917 -0.5999
vn -0.1363 0.8240 -0.5499
vn -0.9654 -0.2269 -0.1288
vn -0.9617 -0.2443 -0.1246
vn -0.9648 -0.2359 -0.1167
vn -0.4334 -0.8464 -0.3095
vn -0.4223 -0.8588 -0.2901
vn -0.4520 -0.8380 -0.3058
vn -0.5115 -0.8526 -0.1069
vn -0.5392 -0.8360 -0.1020
vn -0.5381 -0.8336 -0.1245
vn -0.0996 0.5940 0.7983
vn -0.1613 0.6139 0.7728
vn -0.1532 0.5862 0.7956
vn -0.1581 0.5396 0.8270
vn -0.1603 0.5621 0.8114
vn -0.1734 0.5519 0.8157
vn 0.0212 0.9975 0.0681
vn 0.0416 0.9980 0.0467
vn 0.0030 0.9999 0.0147
vn 0.2637 0.2809 -0.9228
vn 0.2236 0.2536 -0.9411
vn 0.2226 0.3083 -0.9249
vn -0.1827 0.5535 -0.8125
vn -0.1563 0.5929 -0.7900
vn -0.1611 0.5555 -0.8158
vn -0.2610 0.9618 -0.0822
vn -0.2745 0.9599 -0.0574
vn -0.2461 0.9663 -0.0758
vn -0.2047 0.4241 -0.8822
vn -0.2380 0.4108 -0.8801
vn -0.2078 0.4512 -0.8679
vn 0.6780 0.1933 -0.7092
vn 0.6537 0.1708 -0.7372
vn 0.6503 0.2125 -0.7293
vn -0.4328 0.6316 0.6432
vn -0.4460 0.6253 0.6404
vn -0.4345 0.6209 0.6525
vn -0.9743 0.2148 0.0673
vn -0.9735 0.2131 0.0828
vn -0.9658 0.2463 0.0805
vn -0.9477 0.3026 0.1012
vn -0.9485 0.3050 0.0852
vn -0.9560 0.2797 0.0886
vn -0.3076 0.7390 0.5995
vn -0.2866 0.7341 0.6156
vn -0.2901 0.7460 0.5994
vn -0.0957 0.9333 0.3461
vn -0.0910 0.9299 0.3563
vn -0.0703 0.9392 0.3362
vn -0.9104 -0.1143 -0.3977
vn -0.9056 -0.1256 -0.4052
vn -0.9125 -0.1299 -0.3879
vn 0.2395 -0.2181 -0.9461
vn 0.2802 -0.2552 -0.9254
vn 0.2692 -0.2691 -0.9247
vn 0.5041 -0.1281 -0.8541
vn 0.5131 -0.1849 -0.8382
vn 0.4870 -0.1923 -0.8520
vn -0.8358 -0.0915 0.5413
vn -0.8380 -0.0637 0.5420
vn -0.8473 -0.0788 0.5253
vn -0.9411 -0.2761 -0.1950
vn -0.9428 -0.2581 -0.2111
vn -0.9353 -0.2879 -0.2056
vn 0.0260 -0.8634 -0.5038
vn 0.0138 -0.8522 -0.5230
vn 0.0358 -0.8479 -0.5290
vn -0.0655 -0.9971 -0.0385
vn -0.0385 -0.9985 -0.0393
vn -0.0534 -0.9985 -0.0152
vn -0.3958 0.6563 0.6423
vn -0.3773 0.6743 0.6348
vn -0.4007 0.6667 0.6285
vn -0.8622 0.1338 -0.4887
vn -0.2183 0.6354 -0.7407
vn -0.2072 0.6248 -0.7528
vn -0.1475 -0.1349 -0.9798
vn -0.2956 0.2541 0.9209
vn -0.3424 0.2580 0.9034
vn -0.3429 0.2194 0.9134
vn -0.0285 -0.5344 -0.8447
vn -0.0081 -0.5123 -0.8587
vn 0.0122 -0.5208 -0.8536
vn -0.6847 0.3687 0.6287
vn -0.6898 0.3829 0.6144
vn -0.7006 0.3630 0.6143
vn -0.3281 -0.3944 0.8584
vn 0.2848 -0.2744 0.9185
vn 0.2301 0.2814 0.9316
vn -0.6649 -0.1975 0.7204
vn -0.6366 -0.2113 0.7417
vn -0.6438 -0.1790 0.7440
vn -0.7448 -0.1923 0.6390
vn -0.7437 -0.2239 0.6299
vn -0.7312 -0.2064 0.6502
vn -0.3566 0.3442 0.8685
vn -0.3381 0.3336 0.8800
vn -0.3356 0.3665 0.8678
vn -0.0051 0.2217 0.9751
vn 0.0210 0.2625 0.9647
vn -0.0530 0.2109 0.9761
vn -0.0063 0.2199 0.9755
vn -0.6555 0.6288 0.4182
vn -0.6534 0.6403 0.4040
vn -0.6667 0.6344 0.3912
vn -0.4463 0.8941 -0.0361
vn -0.4034 0.9144 -0.0340
vn -0.4087 0.9098 -0.0721
vn -0.4529 0.5317 0.7157
vn -0.4612 0.5198 0.7191
vn -0.4434 0.5144 0.7340
vn -0.9477 0.3188 0.0120
vn -0.9470 0.3202 0.0274
vn -0.9359 0.3517 0.0173
vn -0.9506 0.2857 0.1213
vn -0.9399 0.3110 0.1411
vn -0.9483 0.2976 0.1102
vn -0.9924 -0.1018 -0.0685
vn -0.9939 -0.0974 -0.0523
vn -0.9939 -0.0862 -0.0681
vn -0.8230 -0.3001 -0.4823
vn -0.8055 -0.3082 -0.5061
vn -0.7989 -0.3406 -0.4958
vn -0.9682 0.2266 0.1061
vn -0.9728 0.1965 0.1229
vn -0.9685 0.2037 0.1435
vn -0.4468 0.5508 0.7050
vn -0.4649 0.5120 0.7223
vn -0.4396 0.5195 0.7327
vn 0.2598 0.2309 0.9376
vn 0.2278 0.2139 0.9499
vn 0.2350 0.1936 0.9525
vn -0.7733 0.3275 0.5429
vn -0.7953 0.3140 0.5185
vn -0.7935 0.2860 0.5372
vn -0.9306 0.0532 -0.3620
vn -0.9337 0.0780 -0.3494
vn -0.9243 0.0824 -0.3726
vn -0.9551 0.1143 -0.2735
vn -0.9473 0.1424 -0.2869
vn -0.9470 0.1269 -0.2953
vn -0.9419 0.1156 -0.3155
vn -0.9365 0.1374 -0.3226
vn -0.9350 0.1142 -0.3357
vn -0.8979 0.3347 -0.2860
vn -0.8920 0.3448 -0.2923
vn -0.8894 0.3400 -0.3057
vn 0.0087 -0.7459 -0.6660
vn 0.0381 -0.7225 -0.6903
vn 0.0818 -0.7455 -0.6615
vn -0.3318 0.9172 -0.2204
vn -0.3068 0.9293 -0.2056
vn -0.3084 0.9231 -0.2298
vn -0.0442 0.9502 -0.3085
vn -0.0658 0.9453 -0.3194
vn -0.0676 0.9546 -0.2902
vn -0.8372 -0.1986 0.5096
vn -0.8492 -0.1828 0.4954
vn -0.8416 -0.2222 0.4923
vn -0.3255 0.2080 0.9224
vn -0.3150 0.1623 0.9351
vn -0.2893 0.1660 0.9427
vn -0.8458 0.1583 0.5095
vn -0.8560 0.1113 0.5048
vn -0.8497 0.1087 0.5159
vn -0.4067 0.3653 0.8373
vn -0.3663 0.3549 0.8602
vn -0.3942 0.3869 0.8336
vn 0.0221 0.5303 -0.8475
vn 0.0115 0.5494 -0.8355
vn 0.0367 0.5403 -0.8407
vn 0.0796 -0.4298 -0.8994
vn 0.1130 -0.4202 -0.9004
vn 0.0938 -0.4430 -0.8916
vn 0.5182 0.8417 -0.1516
vn 0.4146 0.8699 -0.2670
vn 0.4392 0.8911 -0.1140
vn 0.3074 0.7990 -0.5168
vn 0.2280 0.8328 -0.5045
vn 0.2878 0.8393 -0.4613
vn -0.9452 -0.2353 -0.2264
vn -0.9430 -0.2309 -0.2396
vn -0.9407 -0.2481 -0.2312
vn -0.3473 0.9288 -0.1291
vn -0.3129 0.9360 -0.1611
vn -0.3551 0.9194 -0.1689
vn -0.5057 0.6726 0.5402
vn -0.4893 0.6754 0.5517
vn -0.4859 0.6920 0.5339
vn -0.5572 0.7117 0.4278
vn -0.5735 0.7037 0.4193
vn -0.5773 0.6939 0.4304
vn -0.1900 -0.7679 -0.6118
vn -0.2311 -0.7762 -0.5866
vn -0.2329 -0.7645 -0.6010
vn -0.5223 0.5612 0.6420
vn -0.5128 0.6029 0.6112
vn -0.5591 0.5496 0.6209
vn -0.5300 0.5444 0.6502
vn -0.5038 0.5995 0.6219
vn -0.5728 0.5661 0.5928
vn -0.5840 -0.1781 0.7920
vn 0.0940 -0.4233 0.9011
vn 0.0518 0.3561 0.9330
vn -0.6326 -0.6419 0.4334
vn 0.0271 -0.6362 0.7711
vn 0.0044 0.0414 0.9991
vn -0.1866 0.0786 -0.9793
vn -0.1522 0.0615 -0.9864
vn -0.1572 0.0310 -0.9871
vn -0.1928 0.0351 -0.9806
vn 0.1282 0.9024 -0.4113
vn 0.1199 0.9305 -0.3461
vn 0.1525 0.9268 -0.3433
vn -0.6721 0.5194 0.5276
vn -0.6842 0.5208 0.5105
vn -0.6860 0.5057 0.5232
vn -0.3207 0.7529 0.5748
vn -0.2933 0.7586 0.5818
vn -0.3313 0.7644 0.5531
vn -0.2907 0.7648 0.5750
vn -0.2955 0.7825 0.5481
vn -0.3285 0.7663 0.5521
vn -0.3634 0.8685 0.3371
vn -0.3894 0.8624 0.3235
vn -0.4026 0.8452 0.3515
vn -0.6145 -0.6809 -0.3983
vn -0.0026 -0.5491 -0.8358
vn 0.0026 -0.5643 -0.8256
vn -0.0022 -0.9800 -0.1992
vn -0.5372 0.8125 0.2266
vn -0.4955 0.8240 0.2747
vn -0.5149 0.8294 0.2167
vn -0.5894 0.7820 0.2027
vn -0.5984 0.7583 0.2586
vn -0.5681 0.7963 0.2078
vn -0.6398 0.3675 0.6749
vn -0.6574 0.3540 0.6652
vn -0.6504 0.3402 0.6791
vn -0.9947 -0.0838 -0.0590
vn -0.9929 -0.0945 -0.0725
vn -0.9930 -0.1066 -0.0517
vn -0.9914 0.1305 0.0041
vn -0.9936 0.1119 0.0119
vn -0.9912 0.1296 0.0282
vn -0.3044 0.9326 0.1940
vn -0.2930 0.9330 0.2092
vn -0.2898 0.9416 0.1714
vn 0.0396 -0.9089 0.4151
vn 0.1279 -0.9115 0.3909
vn 0.0843 -0.8971 0.4336
vn -0.0855 -0.9841 0.1558
vn -0.1548 -0.9851 0.0748
vn -0.0756 -0.9934 0.0860
vn -0.4021 0.9154 0.0188
vn -0.3630 0.9317 -0.0108
vn -0.4001 0.9158 -0.0356
vn -0.1069 -0.7807 -0.6157
vn -0.1321 -0.7464 -0.6523
vn -0.0688 -0.7523 -0.6552
vn -0.9246 -0.3485 -0.1536
vn -0.9274 -0.3475 -0.1383
vn -0.9305 -0.3340 -0.1506
vn -0.1542 -0.8632 0.4807
vn -0.1329 -0.8850 0.4462
vn -0.1314 -0.8608 0.4917
vn -0.9636 0.2562 0.0762
vn -0.9557 0.2871 0.0643
vn -0.9608 0.2732 0.0474
vn -0.4736 0.8156 0.3324
vn -0.4811 0.8184 0.3141
vn -0.4873 0.8058 0.3364
vn -0.5806 -0.7988 -0.1575
vn -0.5931 -0.8050 -0.0168
vn -0.6126 -0.7901 -0.0207
vn 0.0986 -0.6506 -0.7530
vn 0.0844 -0.6010 -0.7948
vn 0.1187 -0.5880 -0.8001
vn -0.8040 0.2513 0.5389
vn -0.1752 0.7469 0.6414
vn -0.1947 0.7576 0.6229
vn -0.1250 0.9789 -0.1617
vn -0.0511 0.1401 -0.9888
vn -0.0863 0.1559 -0.9840
vn -0.0528 0.1702 -0.9840
vn -0.1453 0.7259 0.6723
vn -0.2030 0.6473 0.7347
vn -0.1155 0.6667 0.7363
vn -0.3524 0.7395 -0.5735
vn -0.2262 0.8220 -0.5226
vn -0.1851 0.7710 -0.6093
vn -0.8202 -0.2913 -0.4923
vn -0.1792 -0.2370 -0.9548
vn -0.2044 -0.2831 -0.9371
vn -0.1547 -0.8473 -0.5081
vn -0.7629 0.6379 0.1052
vn -0.7728 0.6335 0.0384
vn -0.7817 0.6195 0.0717
vn 0.3166 0.7573 0.5713
vn 0.2817 0.7421 0.6082
vn 0.3218 0.7303 0.6026
vn 0.2580 0.9125 0.3175
vn 0.2248 0.9440 0.2416
vn 0.2033 0.9233 0.3260
vn -0.5963 0.4123 0.6888
vn -0.6262 0.3325 0.7052
vn -0.5707 0.3666 0.7348
vn -0.4454 0.6302 -0.6360
vn -0.4701 0.6105 -0.6374
vn -0.4568 0.6276 -0.6305
vn -0.5299 0.7427 0.4094
vn -0.5340 0.7303 0.4259
vn -0.5166 0.7520 0.4094
vn -0.3064 -0.0034 -0.9519
vn -0.2784 -0.0223 -0.9602
vn -0.3301 -0.0092 -0.9439
vn -0.1938 0.4637 -0.8645
vn -0.1473 0.4471 -0.8823
vn -0.1775 0.4429 -0.8788
vn -0.2941 0.9261 0.2363
vn -0.3934 0.8978 0.1980
vn -0.2805 0.8319 0.4787
vn 0.0275 0.7083 0.7054
vn 0.1101 0.7552 0.6462
vn -0.0337 0.7807 0.6240
vn -0.9905 -0.1140 -0.0764
vn -0.9893 -0.1172 -0.0866
vn -0.9892 -0.1257 -0.0761
vn -0.8902 0.4137 -0.1910
vn -0.8865 0.4103 -0.2140
vn -0.8980 0.3939 -0.1961
vn 0.4031 -0.9027 -0.1505
vn 0.3666 -0.9243 -0.1062
vn 0.3093 -0.9319 -0.1895
vn -0.2365 -0.9538 0.1854
vn -0.2525 -0.9344 0.2513
vn -0.2905 -0.9368 0.1949
vn 0.0573 0.9754 -0.2128
vn 0.0715 0.9670 -0.2444
vn 0.0271 0.9741 -0.2246
vn 0.0367 0.9347 -0.3536
vn -0.0085 0.9176 -0.3974
vn -0.0102 0.9369 -0.3495
vn 0.0284 0.9823 -0.1854
vn 0.0442 0.9851 -0.1661
vn 0.0635 0.9805 -0.1859
vn -0.8686 0.2665 -0.4178
vn -0.8836 0.2346 -0.4053
vn -0.8887 0.2544 -0.3815
vn -0.8703 0.3116 -0.3813
vn -0.8624 0.2925 -0.4133
vn -0.8826 0.2903 -0.3698
vn 0.8631 0.0447 -0.5031
vn 0.8692 0.1150 -0.4809
vn 0.9102 0.0690 -0.4084
vn 0.0727 0.3913 -0.9174
vn 0.0422 0.4226 -0.9053
vn 0.0721 0.4559 -0.8871
vn -0.7936 -0.4875 0.3641
vn -0.7663 -0.5145 0.3847
vn -0.7570 -0.5025 0.4177
vn -0.8813 0.4624 -0.0970
vn -0.8864 0.4530 -0.0951
vn -0.8887 0.4511 -0.0824
vn -0.3309 0.4138 0.8481
vn -0.3130 0.4023 0.8603
vn -0.3073 0.4268 0.8505
vn -0.0301 -0.2181 -0.9755
vn -0.0595 -0.2470 -0.9672
vn -0.0832 -0.1900 -0.9783
vn -0.9277 -0.0115 0.3731
vn -0.9351 -0.0181 0.3538
vn -0.9283 -0.0246 0.3709
vn -0.9474 -0.1562 0.2795
vn -0.9419 -0.1720 0.2885
vn -0.9406 -0.1657 0.2963
vn -0.8799 0.2959 -0.3718
vn -0.8766 0.3067 -0.3707
vn -0.8710 0.3035 -0.3864
vn -0.8430 0.5368 0.0330
vn -0.8425 0.5386 -0.0127
vn -0.8580 0.5137 -0.0056
vn -0.8062 -0.4942 0.3251
vn -0.8136 -0.4693 0.3432
vn -0.8181 -0.4822 0.3134
vn -0.9150 -0.2005 0.3501
vn -0.9245 -0.1822 0.3348
vn -0.9194 -0.1990 0.3394
vn -0.9021 -0.1339 0.4102
vn -0.9047 -0.1171 0.4097
vn -0.9116 -0.1184 0.3937
vn -0.8008 -0.2332 -0.5516
vn -0.8945 -0.1990 -0.4004
vn -0.8931 -0.1509 -0.4238
vn 0.6179 0.5939 0.5153
vn 0.7965 0.4347 0.4204
vn 0.8105 0.5066 0.2939
vn 0.5603 0.5744 -0.5968
vn 0.4743 0.6240 -0.6210
vn 0.5236 0.6382 -0.5644
vn 0.6159 0.5867 -0.5258
vn 0.5939 0.6451 -0.4808
vn 0.6373 0.6201 -0.4575
vn -0.7476 0.6599 0.0754
vn -0.7346 0.6737 0.0806
vn -0.7424 0.6676 0.0570
vn -0.7931 0.6022 -0.0914
vn -0.7868 0.6109 -0.0885
vn -0.7787 0.6195 -0.0993
vn -0.9159 -0.2457 0.3175
vn -0.9220 -0.2214 0.3177
vn -0.9226 -0.2354 0.3057
vn -0.8214 0.5295 0.2119
vn -0.8330 0.5230 0.1802
vn -0.8547 0.4846 0.1860
vn -0.8328 0.5017 0.2339
vn -0.9612 0.1742 -0.2141
vn -0.9628 0.1826 -0.1993
vn -0.9558 0.1941 -0.2206
vn 0.5735 -0.8089 -0.1295
vn 0.6197 -0.7819 -0.0674
vn 0.5649 -0.8241 -0.0408
vn 0.4353 -0.8966 0.0809
vn 0.4868 -0.8702 0.0757
vn 0.4836 -0.8665 0.1237
vn 0.0531 0.2656 -0.9626
vn -0.0074 0.2974 -0.9547
vn 0.0372 0.3184 -0.9472
vn -0.9785 0.2021 0.0398
vn -0.9746 0.2080 0.0830
vn -0.9683 0.2489 0.0233
vn -0.9219 -0.3288 -0.2049
vn -0.9322 -0.3120 -0.1832
vn -0.9329 -0.3050 -0.1917
vn -0.3394 0.9090 -0.2421
vn -0.3473 0.9121 -0.2179
vn -0.3288 0.9172 -0.2252
vn -0.4720 -0.0878 -0.8772
vn -0.3621 -0.1570 -0.9188
vn -0.3799 -0.2123 -0.9003
vn -0.2675 -0.1938 -0.9439
vn -0.1605 -0.0607 -0.9852
vn -0.2141 -0.2009 -0.9559
vn -0.6776 0.2779 0.6809
vn -0.6951 0.2727 0.6652
vn -0.6784 0.2607 0.6869
vn -0.4606 0.6169 0.6383
vn -0.4608 0.6040 0.6503
vn -0.4425 0.6080 0.6592
vn -0.1780 -0.6793 0.7120
vn -0.1436 -0.6876 0.7118
vn -0.1698 -0.6654 0.7269
vn 0.5761 0.2114 -0.7895
vn 0.5983 0.2032 -0.7751
vn 0.5870 0.1706 -0.7914
vn -0.9221 0.3782 0.0815
vn -0.9273 0.3555 0.1171
vn -0.8784 0.4435 0.1779
vn -0.6340 -0.7606 0.1395
vn -0.5960 -0.7774 0.2013
vn -0.6515 -0.7427 0.1548
vn -0.5463 -0.8170 0.1848
vn -0.5495 -0.8284 0.1088
vn -0.5349 -0.8370 0.1154
vn -0.9129 -0.4011 0.0754
vn -0.9085 -0.4155 0.0444
vn -0.9052 -0.4199 0.0652
vn -0.5549 -0.7175 -0.4211
vn -0.5324 -0.7404 -0.4103
vn -0.5507 -0.7400 -0.3862
vn -0.0206 0.9584 -0.2848
vn -0.7187 0.6533 0.2380
vn -0.1349 0.9906 -0.0236
vn -0.1392 0.9370 -0.3204
vn -0.2432 0.9652 -0.0964
vn -0.0706 0.9938 -0.0861
vn -0.9668 0.0681 -0.2461
vn -0.8110 0.5008 -0.3023
vn -0.9350 0.0865 -0.3440
vn -0.9111 -0.1366 0.3889
vn -0.9053 -0.1296 0.4045
vn -0.9124 -0.1191 0.3916
vn 0.0234 0.5315 -0.8468
vn 0.0388 0.5120 -0.8581
vn 0.0154 0.5021 -0.8647
vn -0.1368 0.2767 -0.9512
vn -0.1582 0.2876 -0.9446
vn -0.1284 0.2921 -0.9477
vn -0.1865 0.9607 -0.2054
vn -0.1602 0.9668 -0.1993
vn -0.1636 0.9611 -0.2227
vn -0.4992 0.7457 0.4413
vn -0.5135 0.7274 0.4553
vn -0.4930 0.7380 0.4607
vn -0.8628 0.4594 -0.2107
vn -0.8573 0.4803 -0.1853
vn -0.8457 0.4880 -0.2159
vn -0.2964 -0.3189 -0.9003
vn -0.9831 0.0560 0.1741
vn -0.9852 0.0654 0.1587
vn -0.9856 0.0522 0.1611
vn 0.0184 -0.2285 -0.9734
vn -0.4304 0.6164 -0.6594
vn 0.1235 0.9331 -0.3379
vn -0.9106 0.1967 -0.3636
vn -0.2420 -0.0152 -0.9701
vn -0.1632 -0.8005 -0.5767
vn -0.5188 -0.8518 0.0730
vn -0.5009 -0.8620 0.0773
vn -0.5045 -0.8586 0.0908
vn -0.5108 -0.8414 0.1765
vn -0.5155 -0.8335 0.1987
vn -0.5333 -0.8242 0.1907
vn -0.7549 0.1803 -0.6305
vn -0.7510 0.1617 -0.6402
vn -0.7648 0.1674 -0.6221
vn -0.0791 0.5022 0.8611
vn -0.0900 0.4626 0.8820
vn -0.0620 0.4838 0.8730
vn -0.9220 0.0722 -0.3803
vn -0.9304 0.0505 -0.3630
vn -0.9297 0.0688 -0.3617
vn -0.2673 0.2622 -0.9273
vn -0.2399 0.2491 -0.9383
vn -0.2617 0.2347 -0.9362
vn -0.7976 0.0728 0.5988
vn -0.8072 0.0596 0.5872
vn -0.7991 0.0492 0.5992
vn -0.8427 0.0397 0.5369
vn -0.8501 0.0252 0.5261
vn -0.8405 0.0172 0.5416
vn -0.8643 0.2548 0.4337
vn -0.8570 0.2502 0.4505
vn -0.8550 0.2651 0.4458
vn -0.1014 -0.8634 0.4943
vn -0.1158 -0.8863 0.4484
vn -0.0853 -0.8779 0.4712
vn -0.4882 0.4895 -0.7225
vn -0.4967 0.5231 -0.6926
vn -0.4786 0.5003 -0.7215
vn -0.3327 0.6527 -0.6807
vn -0.3687 0.6236 -0.6893
vn -0.4029 0.6271 -0.6667
vn -0.6937 0.4851 0.5324
vn -0.7233 0.4836 0.4929
vn -0.7272 0.4417 0.5255
vn -0.9766 0.2099 -0.0465
vn -0.9830 0.1807 -0.0324
vn -0.9788 0.2048 0.0006
vn -0.8898 0.4532 0.0540
vn -0.9143 0.4039 0.0305
vn -0.9155 0.3956 0.0732
vn -0.1115 0.8624 -0.4937
vn -0.3924 0.3438 0.8531
vn -0.1626 0.9308 0.3274
vn -0.7460 -0.6608 0.0824
vn -0.7143 -0.6965 0.0680
vn -0.7295 -0.6744 0.1139
vn -0.8023 -0.0192 0.5967
vn -0.7953 -0.0461 0.6044
vn -0.7869 -0.0308 0.6163
vn -0.4097 0.6925 0.5938
vn -0.4250 0.6994 0.5746
vn -0.4427 0.6813 0.5829
vn -0.4013 0.8151 0.4178
vn -0.3891 0.7981 0.4600
vn -0.3655 0.8236 0.4337
vn -0.9836 -0.0915 -0.1554
vn -0.9845 -0.0988 -0.1450
vn -0.9860 -0.0820 -0.1449
vn -0.3316 0.3616 -0.8714
vn -0.3385 0.3466 -0.8748
vn -0.3632 0.3441 -0.8658
vn -0.6222 0.6872 0.3751
vn -0.6062 0.6956 0.3855
vn -0.6304 0.7013 0.3328
vn -0.1693 0.5842 0.7938
vn -0.1503 0.5842 0.7976
vn -0.1597 0.6008 0.7833
vn -0.2828 -0.6602 -0.6958
vn -0.2912 -0.6229 -0.7261
vn -0.2570 -0.6263 -0.7360
vn 0.0175 0.9750 0.2217
vn 0.0224 0.9714 0.2362
vn 0.0300 0.9742 0.2235
vn -0.1052 -0.8893 -0.4450
vn -0.7587 0.0768 -0.6469
vn -0.1428 -0.3184 -0.9371
vn -0.4651 0.1317 0.8754
vn -0.4654 0.1064 0.8787
vn -0.4588 0.1226 0.8800
vn -0.2913 0.9506 -0.1074
vn -0.3025 0.9439 -0.1325
vn -0.3107 0.9449 -0.1031
vn 0.1317 0.5969 -0.7914
vn 0.1329 0.5697 -0.8111
vn 0.1203 0.5950 -0.7947
vn -0.5380 0.0077 0.8429
vn -0.5410 0.0398 0.8401
vn -0.5609 0.0231 0.8275
vn -0.3796 -0.1831 -0.9069
vn -0.4018 -0.2065 -0.8921
vn -0.4340 -0.1699 -0.8847
vn 0.1967 -0.5820 -0.7890
vn 0.1577 -0.5844 -0.7960
vn 0.1772 -0.5577 -0.8109
vn 0.0836 -0.6248 -0.7763
vn 0.0575 -0.6618 -0.7475
vn 0.0254 -0.6416 -0.7666
vn -0.2644 0.9200 -0.2892
vn -0.0963 0.9727 -0.2110
vn -0.2078 0.9107 -0.3571
vn -0.0470 -0.8704 -0.4900
vn -0.0743 -0.8634 -0.4990
vn 0.0026 -0.8447 -0.5353
vn -0.9796 0.1810 -0.0871
vn -0.9792 0.1689 -0.1127
vn -0.9890 0.1307 -0.0690
vn -0.4321 0.1404 0.8908
vn -0.4363 0.1757 0.8825
vn -0.4558 0.1361 0.8796
vn -0.4461 0.1716 0.8784
vn -0.4315 0.1404 0.8911
vn -0.4116 0.1491 0.8991
vn -0.3722 -0.9196 0.1254
vn -0.3578 -0.9184 0.1687
vn -0.4036 -0.9035 0.1443
vn 0.7690 -0.5421 -0.3389
vn 0.8001 -0.5052 -0.3234
vn 0.6266 -0.7777 -0.0505
vn -0.8727 0.0523 -0.4854
vn -0.9619 -0.1947 -0.1917
vn -0.8791 0.1090 -0.4640
vn -0.7282 -0.2645 0.6323
vn -0.7291 -0.2317 0.6440
vn -0.7560 -0.2365 0.6103
vn -0.0089 0.8760 0.4822
vn -0.0277 0.8742 0.4847
vn -0.0236 0.8599 0.5100
vn 0.3545 0.8194 0.4505
vn 0.3481 0.8355 0.4252
vn 0.3364 0.8376 0.4305
vn 0.1348 -0.5499 0.8243
vn -0.4613 -0.7948 0.3943
vn 0.1879 -0.9474 0.2590
vn -0.4542 -0.7854 0.4205
vn 0.0595 -0.5565 0.8287
vn 0.0345 0.1249 0.9916
vn -0.2374 0.9248 0.2973
vn -0.2033 0.9268 0.3159
vn -0.2036 0.9350 0.2905
vn -0.5436 0.4673 0.6973
vn -0.5395 0.5042 0.6744
vn -0.5584 0.4849 0.6731
vn 0.0106 -0.6290 -0.7773
vn -0.0005 -0.6029 -0.7978
vn 0.0378 -0.5940 -0.8035
vn 0.2172 -0.7532 -0.6209
vn 0.1623 -0.7242 -0.6702
vn 0.1962 -0.6933 -0.6934
vn -0.8587 0.2364 0.4547
vn -0.8495 0.2537 0.4626
vn -0.8576 0.2552 0.4466
vn -0.5815 0.6481 0.4918
vn -0.6132 0.6531 0.4444
vn -0.6088 0.6250 0.4886
vn -0.3802 -0.7116 -0.5909
vn -0.4250 -0.7071 -0.5652
vn -0.3966 -0.6875 -0.6084
vn -0.0336 -0.5938 -0.8039
vn -0.0190 -0.6107 -0.7917
vn -0.1469 -0.6431 -0.7516
vn -0.9745 -0.1543 0.1630
vn -0.9698 -0.1663 0.1783
vn -0.9712 -0.1538 0.1819
vn -0.9245 0.1168 0.3629
vn -0.9201 0.0882 0.3815
vn -0.9041 0.1493 0.4004
vn 0.0449 0.7039 0.7089
vn 0.0431 0.7530 0.6566
vn 0.0122 0.7289 0.6845
vn -0.1928 0.1473 0.9701
vn -0.1960 0.1177 0.9735
vn -0.1677 0.1189 0.9786
vn -0.0841 -0.7968 -0.5984
vn -0.0602 -0.8207 -0.5681
vn -0.1296 -0.8058 -0.5778
vn -0.7178 -0.5319 -0.4492
vn -0.7589 -0.4965 -0.4215
vn -0.7406 -0.4829 -0.4672
vn -0.9321 0.3614 0.0251
vn -0.9401 0.3344 0.0665
vn -0.9287 0.3673 0.0504
vn -0.8879 -0.4600 0.0043
vn -0.8980 -0.4398 0.0106
vn -0.9008 -0.4341 -0.0146
vn -0.7779 0.5253 -0.3448
vn -0.7639 0.5456 -0.3447
vn -0.7596 0.5420 -0.3596
vn -0.4744 0.6192 0.6258
vn -0.4809 0.6255 0.6144
vn -0.4903 0.6129 0.6196
vn 0.0528 0.7409 0.6695
vn 0.0441 0.7190 0.6936
vn 0.0684 0.7198 0.6908
vn -0.8666 0.4990 0.0006
vn -0.8713 0.4900 0.0279
vn -0.8451 0.5333 0.0376
vn -0.9339 0.3569 0.0200
vn -0.9331 0.3593 -0.0169
vn -0.9386 0.3451 0.0030
vn -0.6121 -0.7185 -0.3302
vn -0.6063 -0.7322 -0.3104
vn -0.6321 -0.7081 -0.3147
vn -0.7626 -0.6061 -0.2261
vn -0.7711 -0.6011 -0.2098
vn -0.7732 -0.5898 -0.2328
vn -0.1941 0.5441 -0.8162
vn -0.2389 0.5726 -0.7843
vn -0.2082 0.5650 -0.7984
vn 0.0701 0.7798 -0.6221
vn 0.0700 0.8196 -0.5687
vn 0.1166 0.8009 -0.5874
vn -0.1193 -0.1119 -0.9865
vn -0.1113 -0.0936 -0.9894
vn -0.0945 -0.1125 -0.9891
vn -0.7361 0.6143 0.2844
vn -0.0675 0.8008 0.5952
vn -0.0726 0.8080 0.5847
vn -0.0530 0.9818 -0.1826
vn -0.6647 -0.0647 -0.7443
vn -0.6358 -0.0427 -0.7707
vn -0.6282 -0.0888 -0.7730
vn -0.7750 0.3288 -0.5397
vn -0.8004 0.3053 -0.5158
vn -0.7951 0.3378 -0.5037
vn -0.4171 0.8389 0.3497
vn -0.4324 0.8349 0.3406
vn -0.4399 0.8206 0.3648
vn -0.9507 0.3101 0.0001
vn -0.9599 0.2803 0.0083
vn -0.9547 0.2942 0.0452
vn -0.0405 0.6489 0.7598
vn -0.0552 0.6612 0.7481
vn -0.0698 0.6554 0.7521
vn -0.8072 0.4077 0.4268
vn -0.8127 0.3596 0.4585
vn -0.7992 0.4113 0.4383
vn -0.8237 0.0286 0.5663
vn -0.8181 0.0359 0.5740
vn -0.8273 0.0455 0.5599
vn 0.5531 -0.4252 -0.7164
vn 0.5924 -0.4851 -0.6433
vn 0.4615 -0.4865 -0.7419
vn 0.2444 -0.8498 -0.4670
vn 0.1690 -0.8578 -0.4854
vn 0.1829 -0.8032 -0.5669
vn -0.3138 0.7612 0.5676
vn -0.3239 0.7473 0.5802
vn -0.3121 0.7496 0.5837
vn -0.3471 0.4602 0.8172
vn -0.3285 0.4733 0.8173
vn -0.3501 0.4835 0.8023
vn -0.3792 -0.7963 -0.4713
vn -0.4015 -0.7888 -0.4654
vn -0.3878 -0.7838 -0.4851
vn -0.9361 -0.1558 -0.3153
vn -0.9114 -0.2057 -0.3564
vn -0.9576 -0.2165 -0.1902
vn 0.0181 -0.0362 0.9992
vn -0.6554 -0.4948 0.5706
vn 0.0414 -0.7057 0.7073
vn -0.8106 0.1709 -0.5602
vn -0.8173 0.1425 -0.5583
vn -0.8373 0.1684 -0.5202
vn -0.8472 0.1359 -0.5136
vn -0.8421 0.1639 -0.5138
vn -0.8236 0.1253 -0.5532
vn -0.4891 -0.6947 -0.5275
vn -0.4848 -0.6808 -0.5491
vn -0.4764 -0.7030 -0.5281
vn -0.5845 -0.6647 -0.4653
vn -0.5902 -0.6427 -0.4885
vn -0.5798 -0.6593 -0.4787
vn 0.1149 0.8143 0.5690
vn 0.1140 0.8007 0.5881
vn 0.1255 0.8038 0.5815
vn 0.0796 -0.7077 0.7020
vn -0.4981 -0.8117 0.3049
vn 0.1154 -0.9929 0.0281
vn -0.3113 0.7688 0.5585
vn -0.3051 0.8205 0.4834
vn -0.3793 0.7976 0.4690
vn -0.8363 -0.4945 -0.2368
vn -0.8454 -0.4817 -0.2309
vn -0.8351 -0.4878 -0.2543
vn -0.2020 -0.7843 -0.5866
vn -0.2035 -0.8036 -0.5593
vn -0.2278 -0.7986 -0.5571
vn -0.2106 -0.7817 -0.5870
vn -0.1909 -0.8000 -0.5688
vn -0.2151 -0.8027 -0.5563
vn -0.6950 -0.6381 -0.3313
vn -0.7182 -0.6007 -0.3512
vn -0.7007 -0.6020 -0.3828
vn -0.0277 0.9120 0.4092
vn -0.0241 0.9272 0.3739
vn -0.0552 0.9152 0.3993
vn -0.9417 -0.2627 -0.2104
vn -0.9382 -0.2701 -0.2166
vn -0.9398 -0.2745 -0.2037
vn 0.1574 -0.6067 -0.7791
vn 0.1000 -0.6456 -0.7571
vn 0.1331 -0.5899 -0.7964
vn 0.9529 0.0526 0.2986
vn 0.9747 0.1593 0.1565
vn 0.9609 0.1484 0.2336
vn 0.9910 -0.0674 -0.1156
vn 0.9789 -0.1754 -0.1052
vn 0.9817 -0.0867 -0.1693
vn -0.0974 0.6239 0.7754
vn -0.0559 0.6954 0.7164
vn -0.1006 0.7111 0.6959
vn 0.9765 -0.0430 0.2110
vn 0.9650 0.0424 0.2587
vn 0.9545 0.0058 0.2981
vn 0.7733 0.4244 0.4711
vn 0.8385 0.1785 0.5148
vn 0.8371 0.4122 0.3597
vn 0.9955 0.0258 -0.0912
vn 0.9998 0.0188 -0.0041
vn 0.9992 -0.0355 0.0157
vn 0.2452 0.6877 0.6833
vn 0.1686 0.7557 0.6328
vn 0.1708 0.6709 0.7216
vn 0.2726 -0.9530 0.1319
vn 0.2681 -0.9580 0.1021
vn 0.2899 -0.9506 0.1108
vn 0.2908 -0.9523 0.0927
vn 0.2580 -0.9616 0.0938
vn 0.2766 -0.9579 0.0768
vn -0.3458 0.9033 -0.2539
vn -0.3501 0.9093 -0.2251
vn -0.3297 0.9114 -0.2463
vn -0.5056 0.7361 -0.4501
vn -0.5259 0.7332 -0.4311
vn -0.5033 0.7469 -0.4347
vn 0.1661 -0.9673 0.1916
vn 0.2290 -0.9526 0.2005
vn 0.1697 -0.9474 0.2713
vn 0.9831 -0.0549 -0.1749
vn 0.9707 -0.0094 -0.2401
vn 0.9845 0.0348 -0.1720
vn -0.6092 0.4557 -0.6490
vn -0.5693 0.4640 -0.6787
vn -0.6009 0.4261 -0.6763
vn -0.1538 -0.9621 -0.2250
vn -0.8894 -0.2900 -0.3534
vn -0.1917 -0.5147 -0.8357
vn -0.8544 -0.3886 -0.3449
vn -0.8619 -0.3673 -0.3495
vn -0.8520 -0.3811 -0.3589
vn -0.4158 -0.8456 0.3347
vn -0.4005 -0.8480 0.3470
vn -0.4203 -0.8290 0.3688
vn 0.0064 -0.9984 -0.0566
vn 0.0167 -0.9994 -0.0310
vn -0.0247 -0.9993 -0.0281
vn 0.2689 -0.7161 0.6441
vn 0.3398 -0.6713 0.6587
vn 0.3064 -0.6698 0.6764
vn -0.4626 0.5497 -0.6956
vn -0.4745 0.5512 -0.6863
vn -0.4553 0.5796 -0.6758
vn -0.3612 0.4622 -0.8099
vn -0.3275 0.4468 -0.8326
vn -0.3616 0.4377 -0.8232
vn 0.2703 -0.5739 -0.7730
vn 0.2467 -0.6072 -0.7553
vn 0.2444 -0.5740 -0.7815
vn 0.2128 -0.6629 -0.7178
vn 0.1898 -0.7128 -0.6752
vn 0.1568 -0.6998 -0.6969
vn -0.7064 -0.4180 -0.5712
vn -0.7187 -0.3411 -0.6059
vn -0.6931 -0.3791 -0.6131
vn -0.9837 -0.1175 -0.1359
vn -0.9864 -0.1092 -0.1232
vn -0.9851 -0.1059 -0.1358
vn -0.9325 0.1238 0.3392
vn -0.9217 0.1567 0.3548
vn -0.9412 0.1365 0.3092
vn -0.9389 -0.3315 -0.0921
vn -0.9362 -0.3353 -0.1058
vn -0.9360 -0.3394 -0.0933
vn -0.9887 -0.1270 -0.0798
vn -0.9877 -0.1368 -0.0762
vn -0.9894 -0.1294 -0.0655
vn -0.3291 -0.9226 0.2013
vn -0.3613 -0.9186 0.1597
vn -0.2770 -0.9461 0.1678
vn 0.2370 -0.5640 -0.7911
vn 0.3142 -0.5385 -0.7818
vn 0.2540 -0.6087 -0.7516
vn -0.7437 0.0884 -0.6626
vn -0.7283 0.1206 -0.6746
vn -0.7193 0.1059 -0.6866
vn -0.8614 -0.1659 -0.4800
vn -0.8642 -0.1810 -0.4694
vn -0.8691 -0.1580 -0.4688
vn -0.8106 -0.1466 -0.5670
vn -0.8077 -0.1674 -0.5653
vn -0.8202 -0.1581 -0.5498
vn -0.9893 0.1446 0.0182
vn -0.9918 0.1254 0.0256
vn -0.9889 0.1439 0.0358
vn -0.9026 -0.1417 -0.4065
vn -0.9098 -0.1437 -0.3894
vn -0.9091 -0.1258 -0.3972
vn -0.3283 -0.3703 -0.8689
vn -0.2875 -0.4048 -0.8681
vn -0.3254 -0.5144 -0.7934
vn -0.5638 -0.4226 -0.7096
vn -0.5208 -0.3662 -0.7711
vn -0.4404 -0.5064 -0.7414
vn -0.1944 0.4983 -0.8449
vn -0.1692 0.5158 -0.8398
vn -0.1883 0.4822 -0.8556
vn -0.4223 -0.5258 -0.7384
vn -0.3633 -0.5764 -0.7320
vn -0.4024 -0.5590 -0.7250
vn -0.7461 -0.6376 0.1919
vn -0.7106 -0.6650 0.2297
vn -0.7645 -0.6087 0.2122
vn -0.3147 -0.5120 -0.7992
vn -0.3047 -0.5463 -0.7802
vn -0.3210 -0.5427 -0.7762
vn -0.9920 -0.0027 -0.1258
vn -0.9878 -0.0173 -0.1546
vn -0.9905 -0.0307 -0.1342
vn -0.9464 0.3228 -0.0099
vn -0.9411 0.3342 -0.0520
vn -0.9549 0.2965 -0.0127
vn 0.2060 0.0026 -0.9785
vn 0.1897 -0.0573 -0.9802
vn 0.1668 -0.0437 -0.9850
vn -0.1410 -0.5606 -0.8160
vn -0.1323 -0.5771 -0.8059
vn -0.1502 -0.5827 -0.7987
vn 0.1502 -0.9640 -0.2196
vn 0.1713 -0.9743 -0.1460
vn 0.0824 -0.9820 -0.1699
vn 0.0643 -0.9726 -0.2233
vn 0.0751 -0.9597 -0.2708
vn 0.1473 -0.9550 -0.2573
vn 0.0414 -0.7289 -0.6834
vn 0.0613 -0.7222 -0.6890
vn 0.0546 -0.7626 -0.6446
vn 0.2886 -0.7501 -0.5950
vn 0.3040 -0.7523 -0.5845
vn 0.2577 -0.7872 -0.5602
vn -0.7718 0.3036 0.5586
vn -0.7730 0.3203 0.5476
vn -0.7824 0.3099 0.5402
vn -0.0121 -0.5610 -0.8277
vn -0.0175 -0.5761 -0.8172
vn -0.1475 -0.5237 -0.8390
vn -0.2574 -0.6981 -0.6681
vn -0.2408 -0.5451 -0.8030
vn -0.2108 -0.7010 -0.6813
vn 0.5368 -0.6621 -0.5230
vn 0.4285 -0.8016 -0.4170
vn 0.4074 -0.7435 -0.5304
vn 0.0125 -0.6392 -0.7689
vn 0.0498 -0.6046 -0.7949
vn 0.0422 -0.6373 -0.7694
vn 0.5786 -0.5313 -0.6188
vn 0.5808 -0.4948 -0.6464
vn 0.6631 -0.5481 -0.5097
vn -0.9385 0.0040 -0.3453
vn -0.9295 0.0237 -0.3680
vn -0.9269 -0.0144 -0.3751
vn -0.9736 0.0669 -0.2183
vn -0.9311 0.0061 -0.3648
vn -0.9470 -0.0561 -0.3164
vn -0.9409 -0.3163 -0.1210
vn -0.8306 0.3412 -0.4402
vn -0.8289 0.2595 -0.4956
vn -0.3616 -0.6977 -0.6185
vn -0.2120 -0.3404 -0.9161
vn -0.1818 -0.3942 -0.9008
vn -0.2737 -0.3502 -0.8958
vn -0.3712 -0.4396 -0.8179
vn -0.3845 -0.5149 -0.7662
vn -0.4247 -0.4473 -0.7871
vn -0.2262 -0.1516 -0.9622
vn -0.2922 -0.1504 -0.9445
vn -0.2694 -0.0765 -0.9600
vn -0.2231 -0.9070 -0.3573
vn -0.2340 -0.8267 -0.5116
vn -0.2000 -0.9157 -0.3485
vn 0.1530 -0.8640 -0.4797
vn -0.0146 -0.8796 -0.4755
vn 0.2024 -0.8064 -0.5557
vn -0.7413 0.5467 0.3894
vn -0.5678 0.7021 0.4297
vn -0.7373 0.6248 0.2570
vn 0.5438 -0.7415 0.3930
vn 0.6766 -0.7192 0.1580
vn 0.7325 -0.6326 0.2514
vn -0.9610 0.2658 -0.0770
vn -0.9510 0.2990 -0.0786
vn -0.9540 0.2803 -0.1064
vn -0.9522 -0.2163 0.2157
vn -0.9362 -0.1985 0.2900
vn -0.9578 -0.1541 0.2426
vn -0.6173 -0.6914 -0.3753
vn -0.6395 -0.6523 -0.4069
vn -0.5942 -0.6880 -0.4166
vn -0.9018 -0.4318 -0.0183
vn -0.2502 -0.9681 0.0147
vn -0.2033 -0.6512 0.7312
vn -0.1285 -0.2825 0.9506
vn -0.7985 -0.3964 0.4531
vn -0.1521 -0.8866 0.4369
vn 0.1968 -0.8712 -0.4498
vn 0.1755 -0.8738 -0.4534
vn 0.1864 -0.8570 -0.4804
vn -0.2986 -0.8525 -0.4290
vn -0.3148 -0.8581 -0.4057
vn -0.3225 -0.8413 -0.4338
vn -0.4350 0.7913 -0.4296
vn -0.5021 0.7514 -0.4281
vn -0.4533 0.7952 -0.4028
vn -0.6395 0.5823 -0.5021
vn -0.6242 0.5918 -0.5100
vn -0.6254 0.5759 -0.5266
vn -0.6682 0.4496 0.5928
vn -0.5389 0.5828 0.6082
vn -0.7553 0.4485 0.4778
vn -0.9069 0.2344 -0.3502
vn -0.9142 0.2194 -0.3406
vn -0.9129 0.2360 -0.3330
vn -0.9437 0.1814 0.2767
vn -0.9243 0.2113 0.3178
vn -0.9400 0.2195 0.2611
vn -0.5849 -0.7585 -0.2874
vn -0.6082 -0.7434 -0.2783
vn -0.5997 -0.7410 -0.3021
vn -0.6039 -0.7434 -0.2876
vn -0.5858 -0.7567 -0.2903
vn -0.5974 -0.7560 -0.2675
vn 0.9840 -0.1006 0.1468
vn 0.9841 -0.1299 0.1212
vn 0.9926 -0.0810 0.0904
vn 0.9640 -0.2653 -0.0199
vn 0.9352 -0.3540 0.0097
vn 0.9366 -0.3477 -0.0439
vn 0.7545 -0.5098 -0.4134
vn 0.7195 -0.5386 -0.4386
vn 0.7450 -0.4555 -0.4873
vn 0.1758 -0.6515 -0.7380
vn 0.2328 -0.6841 -0.6912
vn 0.2001 -0.7206 -0.6638
vn 0.0738 0.1323 -0.9885
vn 0.0191 0.1721 -0.9849
vn 0.1265 0.1782 -0.9758
vn -0.0572 0.8198 -0.5698
vn -0.0160 0.8591 -0.5115
vn 0.0242 0.8312 -0.5555
vn -0.2915 -0.8922 0.3448
vn -0.3718 -0.8545 0.3627
vn -0.3278 -0.8868 0.3259
vn -0.2521 -0.7381 -0.6258
vn -0.1881 -0.7861 -0.5888
vn -0.2303 -0.7811 -0.5804
vn -0.7095 -0.6846 0.1673
vn -0.6993 -0.6817 0.2153
vn -0.7300 -0.6522 0.2044
vn -0.0453 0.4215 -0.9057
vn -0.0538 0.4176 -0.9071
vn -0.0550 0.4295 -0.9014
vn 0.0425 0.5071 -0.8608
vn 0.0323 0.5158 -0.8561
vn 0.0490 0.5330 -0.8447
vn -0.1698 0.9343 -0.3134
vn -0.1554 0.9581 -0.2408
vn -0.1195 0.9430 -0.3106
vn 0.9712 0.0110 -0.2379
vn 0.9888 0.0065 -0.1490
vn 0.9775 -0.0250 -0.2095
vn 0.5196 0.8500 -0.0870
vn 0.5374 0.8161 -0.2127
vn 0.4873 0.8400 -0.2386
vn 0.8735 -0.4409 -0.2063
vn 0.8608 -0.4970 -0.1097
vn 0.8274 -0.4976 -0.2604
vn -0.0583 -0.9840 0.1685
vn -0.1492 -0.9710 0.1869
vn -0.1006 -0.9923 0.0727
vn 0.2700 -0.9409 0.2046
vn 0.2004 -0.9350 0.2925
vn 0.1625 -0.9654 0.2038
vn 0.4327 -0.8902 -0.1422
vn 0.3799 -0.9115 -0.1575
vn 0.4497 -0.8667 -0.2159
vn -0.9416 -0.1173 -0.3157
vn -0.9671 -0.1854 -0.1740
vn -0.9043 0.2692 -0.3312
vn 0.4500 0.6528 0.6094
vn 0.5002 0.7268 0.4706
vn 0.3882 0.7929 0.4697
vn 0.9921 0.0751 -0.1007
vn 0.9635 0.2047 -0.1727
vn 0.9862 0.1597 -0.0432
vn -0.0793 0.9641 -0.2533
vn -0.1071 0.9547 -0.2776
vn -0.1142 0.9585 -0.2613
vn -0.6699 -0.3209 -0.6695
vn -0.7131 -0.1550 -0.6837
vn -0.6531 -0.1283 -0.7464
vn -0.1926 -0.7856 -0.5880
vn -0.1988 -0.7685 -0.6082
vn -0.1584 -0.7648 -0.6244
vn -0.3686 -0.4343 -0.8219
vn -0.3090 -0.2849 -0.9074
vn -0.2172 -0.3715 -0.9027
vn -0.1535 -0.6063 -0.7803
vn -0.0825 -0.5904 -0.8029
vn -0.0997 -0.6220 -0.7766
vn 0.2063 -0.8636 -0.4600
vn 0.2262 -0.8854 -0.4060
vn 0.1696 -0.8812 -0.4413
vn -0.6737 0.3448 0.6536
vn -0.6799 0.2814 0.6772
vn -0.6396 0.3182 0.6998
vn 0.0558 0.7860 -0.6157
vn 0.0883 0.7975 -0.5968
vn 0.0761 0.7729 -0.6300
vn 0.2097 0.9758 -0.0615
vn 0.2349 0.9697 -0.0677
vn 0.2047 0.9738 -0.0995
vn 0.0906 0.7640 -0.6388
vn 0.0929 0.7909 -0.6048
vn 0.1653 0.7714 -0.6146
vn 0.0390 0.6359 -0.7708
vn 0.0638 0.5848 -0.8087
vn 0.0096 0.6238 -0.7815
vn 0.2225 -0.9746 0.0250
vn 0.2061 -0.9773 0.0495
vn 0.2058 -0.9783 0.0242
vn 0.2362 -0.9709 -0.0383
vn 0.2228 -0.9749 0.0044
vn 0.2025 -0.9793 0.0003
vn -0.1692 -0.8836 0.4367
vn -0.1912 -0.8887 0.4167
vn -0.1717 -0.9069 0.3847
vn -0.3068 -0.6672 0.6788
vn 0.2812 -0.6659 0.6910
vn 0.2488 -0.6558 0.7128
vn 0.1945 -0.0745 0.9781
vn 0.8793 0.2540 0.4030
vn 0.8520 0.2086 0.4801
vn 0.9044 0.1427 0.4022
vn 0.9732 -0.2275 0.0345
vn 0.9340 0.0080 0.3571
vn 0.9531 -0.2829 0.1075
vn 0.5368 0.7795 0.3228
vn 0.4035 0.7550 0.5169
vn 0.5818 0.7312 0.3562
vn 0.2961 0.7170 0.6310
vn 0.2179 0.7323 0.6452
vn 0.2709 0.6912 0.6700
vn 0.3195 0.5276 0.7871
vn 0.3853 0.3083 0.8698
vn 0.4434 0.3295 0.8336
vn -0.8193 -0.5333 -0.2104
vn -0.8357 -0.5092 -0.2056
vn -0.8238 -0.5172 -0.2321
vn -0.8605 0.1770 0.4777
vn -0.8592 0.1969 0.4722
vn -0.8716 0.1824 0.4550
vn -0.8253 0.1443 0.5459
vn -0.8396 0.1545 0.5209
vn -0.8342 0.1226 0.5377
vn -0.9884 -0.0224 0.1503
vn -0.9864 -0.0270 0.1621
vn -0.9874 -0.0117 0.1579
vn -0.8701 0.0473 0.4907
vn -0.8766 0.0618 0.4773
vn -0.8786 0.0453 0.4755
vn -0.9428 -0.0679 0.3264
vn -0.9429 -0.0505 0.3292
vn -0.9474 -0.0509 0.3160
vn -0.5327 0.4630 -0.7084
vn -0.5575 0.4560 -0.6937
vn -0.5473 0.4780 -0.6870
vn -0.9144 -0.4048 0.0028
vn -0.9097 -0.4153 -0.0007
vn -0.9091 -0.4161 0.0203
vn -0.9376 -0.1944 -0.2882
vn -0.9342 -0.1680 -0.3148
vn -0.9283 -0.1910 -0.3190
vn -0.7354 -0.5774 0.3547
vn -0.7699 -0.5474 0.3281
vn -0.7621 -0.5701 0.3070
vn -0.8643 -0.5029 0.0106
vn -0.8353 -0.5495 0.0187
vn -0.8607 -0.5075 0.0396
vn -0.7442 -0.6623 -0.0865
vn -0.7190 -0.6869 -0.1064
vn -0.7158 -0.6937 -0.0799
vn -0.0961 -0.5798 -0.8091
vn -0.1097 -0.5518 -0.8268
vn -0.0357 -0.5683 -0.8220
vn -0.3041 -0.8642 -0.4008
vn -0.2865 -0.8602 -0.4219
vn -0.2351 -0.8941 -0.3811
vn -0.8054 0.4053 0.4325
vn -0.7673 0.4047 0.4974
vn -0.7840 0.4300 0.4476
vn 0.4319 -0.7528 -0.4967
vn 0.3638 -0.6967 -0.6183
vn 0.4580 -0.6722 -0.5817
vn -0.9229 -0.2764 -0.2681
vn -0.9402 -0.2813 -0.1923
vn -0.9482 -0.1831 -0.2595
vn -0.7731 0.5246 -0.3567
vn -0.7718 0.5387 -0.3380
vn -0.7612 0.5462 -0.3496
vn -0.7056 0.1771 -0.6861
vn -0.7095 0.1953 -0.6771
vn -0.6964 0.1905 -0.6919
vn -0.8164 0.5453 -0.1901
vn -0.8270 0.5387 -0.1609
vn -0.8019 0.5734 -0.1679
vn -0.8092 -0.5796 0.0967
vn -0.7656 -0.6373 0.0876
vn -0.7902 -0.5947 0.1479
vn -0.6573 -0.0302 0.7530
vn -0.6471 -0.0637 0.7597
vn -0.6379 -0.0483 0.7686
vn -0.4699 0.8528 0.2280
vn -0.4375 0.8832 0.1691
vn -0.4718 0.8699 0.1436
vn -0.3464 -0.8903 0.2958
vn -0.3597 -0.8914 0.2759
vn -0.3395 -0.9019 0.2671
vn 0.9467 -0.0036 -0.3220
vn 0.9117 -0.0468 -0.4081
vn 0.9169 0.0337 -0.3978
vn -0.8080 0.4232 -0.4100
vn -0.7760 0.5355 -0.3332
vn -0.7171 0.5734 -0.3963
vn -0.7213 0.6464 -0.2489
vn -0.6878 0.6927 -0.2171
vn -0.6644 0.6880 -0.2919
vn -0.7478 0.0853 0.6584
vn -0.7379 0.0870 0.6692
vn -0.7491 0.1019 0.6546
vn -0.3186 -0.0268 -0.9475
vn -0.3288 -0.0851 -0.9406
vn -0.3516 -0.0597 -0.9342
vn -0.8511 -0.3519 0.3897
vn -0.7762 -0.2778 0.5660
vn -0.8668 -0.2849 0.4094
vn -0.9877 -0.0136 -0.1558
vn -0.9904 -0.0590 -0.1249
vn -0.9971 0.0006 -0.0767
vn -0.5483 -0.4850 -0.6813
vn 0.0700 -0.8459 -0.5287
vn 0.0391 -0.9841 0.1734
vn 0.3046 0.9262 -0.2223
vn 0.2584 0.9592 -0.1143
vn 0.3908 0.9065 -0.1601
vn -0.8370 -0.3263 -0.4392
vn -0.8305 -0.3394 -0.4416
vn -0.8403 -0.3353 -0.4259
vn -0.3883 -0.9128 0.1263
vn -0.3471 -0.9349 0.0739
vn -0.3632 -0.9227 0.1293
vn -0.1588 -0.8237 -0.5443
vn -0.2007 -0.8226 -0.5321
vn -0.1643 -0.7918 -0.5883
vn -0.6866 -0.0287 0.7265
vn -0.0301 -0.4079 0.9125
vn -0.0203 -0.3895 0.9208
vn -0.0346 0.3139 0.9488
vn -0.4650 0.8299 0.3083
vn -0.4414 0.8434 0.3064
vn -0.4414 0.8488 0.2912
vn 0.9445 0.1654 0.2839
vn 0.9533 0.0267 0.3007
vn 0.9569 0.2654 0.1176
vn 0.5782 -0.6244 -0.5252
vn 0.5531 -0.5231 -0.6484
vn 0.6203 -0.3641 -0.6948
vn 0.6120 0.6921 0.3826
vn 0.6392 0.6572 0.3994
vn 0.7103 0.6683 0.2208
vn -0.5759 0.5360 -0.6173
vn -0.5248 0.6520 -0.5472
vn -0.5264 0.5376 -0.6587
vn 0.4466 -0.5039 -0.7394
vn 0.4911 -0.4718 -0.7323
vn 0.4958 -0.5038 -0.7073
vn 0.0474 -0.8716 -0.4879
vn 0.0771 -0.8259 -0.5585
vn 0.1207 -0.8503 -0.5123
vn -0.5788 0.5473 0.6046
vn -0.5742 0.5605 0.5968
vn -0.5888 0.5471 0.5950
vn -0.9383 0.3279 0.1097
vn -0.9451 0.3101 0.1027
vn -0.9409 0.3107 0.1350
vn -0.7661 0.3547 -0.5360
vn -0.1543 0.1004 -0.9829
vn -0.1126 -0.6417 -0.7587
vn -0.9625 -0.1856 0.1977
vn -0.9437 -0.2347 0.2332
vn -0.9513 -0.1777 0.2519
vn -0.3915 0.4807 -0.7846
vn -0.4154 0.4654 -0.7816
vn -0.4149 0.4725 -0.7776
vn -0.3057 -0.8608 -0.4069
vn -0.2300 -0.8814 -0.4125
vn -0.2813 -0.9184 -0.2781
vn -0.7705 0.4452 -0.4562
vn -0.7576 0.4068 -0.5105
vn -0.7858 0.3968 -0.4744
vn -0.9453 -0.0565 -0.3214
vn -0.9076 -0.0209 -0.4193
vn -0.9158 -0.1148 -0.3849
vn -0.9756 -0.0463 -0.2144
vn -0.9694 -0.0481 -0.2407
vn -0.9703 -0.0809 -0.2281
vn 0.0848 0.7569 -0.6480
vn 0.0744 0.7686 -0.6354
vn 0.1214 0.7665 -0.6307
vn 0.4016 -0.3450 -0.8484
vn 0.5866 -0.3108 -0.7478
vn 0.4031 -0.3996 -0.8233
vn -0.6267 0.0587 0.7770
vn -0.0394 -0.3493 0.9362
vn -0.0214 -0.3126 0.9496
vn -0.0355 0.4045 0.9139
vn 0.3421 0.8413 0.4185
vn 0.3130 0.8225 0.4748
vn 0.3802 0.8226 0.4229
vn 0.4059 0.5257 0.7476
vn 0.4373 0.4197 0.7954
vn 0.4547 0.4790 0.7509
vn -0.0413 0.3318 0.9424
vn -0.0681 0.3811 0.9220
vn -0.0880 0.3227 0.9424
vn 0.2591 -0.7086 -0.6563
vn 0.3039 -0.7219 -0.6217
vn 0.2021 -0.7618 -0.6154
vn -0.9342 -0.2397 0.2643
vn -0.9269 -0.2629 0.2677
vn -0.9256 -0.2570 0.2779
vn -0.1430 0.9735 -0.1786
vn -0.7958 0.6030 0.0550
vn -0.1852 0.8014 0.5687
vn -0.6806 0.3564 0.6402
vn -0.6859 0.3835 0.6184
vn -0.7012 0.3652 0.6123
vn -0.8839 0.2616 0.3876
vn -0.8965 0.2287 0.3794
vn -0.8880 0.2310 0.3975
vn 0.3506 -0.5655 0.7465
vn 0.3592 -0.5702 0.7388
vn 0.3701 -0.5371 0.7580
vn -0.9861 -0.0805 -0.1451
vn -0.9895 -0.0695 -0.1269
vn -0.9879 -0.0616 -0.1426
vn -0.9166 0.1945 0.3494
vn -0.9100 0.1949 0.3658
vn -0.9099 0.2157 0.3542
vn -0.0260 -0.9958 0.0880
vn -0.2302 -0.9713 -0.0593
vn -0.1330 -0.9818 -0.1354
vn -0.7116 0.6548 0.2546
vn -0.5614 0.7280 0.3935
vn -0.6319 0.7586 0.1588
vn -0.8879 0.0568 -0.4566
vn -0.8784 0.0814 -0.4710
vn -0.8685 0.0663 -0.4912
vn -0.6585 0.0750 0.7488
vn -0.6234 0.0636 0.7793
vn -0.6289 0.0998 0.7710
vn -0.7387 -0.2140 0.6391
vn -0.7653 -0.1764 0.6191
vn -0.7617 -0.2081 0.6136
vn -0.2736 0.8653 -0.4199
vn -0.2948 0.8697 -0.3959
vn -0.2630 0.8808 -0.3936
vn -0.2231 0.4913 0.8419
vn -0.2216 0.5062 0.8334
vn -0.2461 0.4851 0.8392
vn -0.6698 -0.4197 0.6126
vn -0.6820 -0.3804 0.6246
vn -0.7053 -0.3887 0.5928
vn -0.7105 -0.6479 0.2747
vn -0.6785 -0.6572 0.3281
vn -0.7186 -0.6225 0.3100
vn -0.3680 0.4874 0.7918
vn -0.3872 0.4848 0.7843
vn -0.3797 0.4732 0.7949
vn -0.1033 0.5201 0.8479
vn -0.1051 0.5389 0.8358
vn -0.1348 0.5268 0.8393
vn 0.2631 -0.2798 -0.9233
vn 0.2494 -0.2611 -0.9325
vn 0.2621 -0.2415 -0.9343
vn -0.2504 0.9305 0.2673
vn -0.2338 0.9410 0.2448
vn -0.2465 0.9419 0.2282
vn -0.0437 0.9965 -0.0712
vn -0.0618 0.9939 -0.0908
vn -0.0750 0.9957 -0.0550
vn -0.0629 0.9945 -0.0834
vn -0.0624 0.9969 -0.0484
vn -0.0471 0.9950 -0.0884
vn -0.5701 0.5307 -0.6272
vn -0.5540 0.5698 -0.6070
vn -0.4798 0.5028 -0.7191
vn -0.6831 -0.7256 0.0831
vn -0.6985 -0.7076 0.1070
vn -0.6936 -0.7179 0.0587
vn -0.7465 -0.6654 -0.0073
vn -0.7802 -0.6255 0.0055
vn -0.7579 -0.6519 -0.0259
vn -0.6648 0.3947 -0.6343
vn -0.6611 0.4224 -0.6201
vn -0.6478 0.4097 -0.6423
vn -0.6352 0.7437 0.2084
vn -0.6156 0.7669 0.1812
vn -0.6472 0.7417 0.1762
vn -0.9432 -0.3320 0.0129
vn -0.9504 -0.3108 -0.0115
vn -0.9424 -0.3339 -0.0181
vn -0.1412 0.6325 -0.7616
vn -0.1345 0.6194 -0.7734
vn -0.1505 0.6287 -0.7630
vn -0.2383 -0.7289 -0.6418
vn -0.1979 -0.7157 -0.6698
vn -0.1571 -0.8564 -0.4918
vn -0.8086 0.5529 0.2010
vn -0.7996 0.5740 0.1764
vn -0.8187 0.5432 0.1864
vn -0.9633 0.2651 0.0431
vn -0.9605 0.2677 0.0758
vn -0.9561 0.2851 0.0677
vn 0.0496 0.7891 0.6123
vn 0.0642 0.7906 0.6089
vn 0.0528 0.7997 0.5980
vn 0.0561 0.7964 0.6021
vn 0.0705 0.7861 0.6141
vn 0.0781 0.7941 0.6028
vn 0.0126 0.6557 -0.7549
vn -0.0080 0.6751 -0.7377
vn 0.0254 0.6798 -0.7330
vn -0.6962 0.5463 0.4657
vn -0.0098 0.6784 0.7347
vn -0.0195 0.6942 0.7195
vn -0.0192 0.9994 0.0291
vn 0.0913 0.4498 -0.8885
vn 0.0753 0.4527 -0.8885
vn 0.0909 0.4603 -0.8831
vn -0.1835 0.1661 -0.9689
vn -0.2114 0.1308 -0.9686
vn -0.2205 0.1739 -0.9598
vn -0.5168 0.4712 -0.7148
vn -0.4792 0.5022 -0.7198
vn -0.4810 0.4676 -0.7416
vn -0.9685 0.1979 0.1510
vn -0.9612 0.2498 0.1171
vn -0.9757 0.1874 0.1138
vn -0.9887 0.0632 -0.1360
vn -0.9868 0.1034 -0.1247
vn -0.9790 0.0924 -0.1819
vn -0.9807 -0.0734 0.1812
vn -0.9714 -0.0881 0.2206
vn -0.9799 -0.0395 0.1957
vn -0.0958 -0.5815 -0.8079
vn -0.1068 -0.6007 -0.7923
vn -0.1156 -0.5833 -0.8040
vn 0.2958 0.9552 -0.0031
vn 0.4734 0.8792 -0.0538
vn 0.2573 0.9405 -0.2219
vn 0.2267 -0.3486 -0.9094
vn 0.5202 -0.3740 -0.7678
vn 0.3545 -0.4827 -0.8008
vn -0.4747 0.4702 -0.7440
vn -0.4829 0.4757 -0.7352
vn -0.4710 0.4780 -0.7414
vn 0.2769 -0.7029 -0.6552
vn 0.3319 -0.6736 -0.6604
vn 0.3610 -0.7265 -0.5847
vn -0.6685 -0.6952 -0.2642
vn -0.6867 -0.6826 -0.2502
vn -0.7003 -0.6586 -0.2753
vn -0.0713 -0.7411 -0.6676
vn -0.1076 -0.7425 -0.6612
vn -0.0812 -0.7126 -0.6969
vn -0.0817 -0.7565 -0.6488
vn -0.1107 -0.7339 -0.6702
vn -0.0683 -0.7413 -0.6677
vn -0.7921 0.6090 -0.0410
vn -0.7993 0.5995 -0.0428
vn -0.7917 0.6103 -0.0281
vn -0.2586 0.9505 0.1722
vn -0.2539 0.9455 0.2041
vn -0.2251 0.9527 0.2043
vn -0.7656 0.4484 0.4613
vn -0.7036 0.6143 0.3571
vn -0.7192 0.6519 0.2403
vn -0.0966 -0.6596 -0.7454
vn -0.0755 -0.6393 -0.7652
vn -0.0545 -0.6879 -0.7238
vn 0.2908 0.1467 -0.9455
vn 0.1964 0.0551 -0.9790
vn 0.1967 0.1619 -0.9670
vn -0.1933 0.5770 0.7935
vn -0.1823 0.5987 0.7799
vn -0.1977 0.5920 0.7813
vn -0.7316 -0.3847 -0.5629
vn -0.6965 -0.3726 -0.6133
vn -0.6749 -0.4174 -0.6085
vn -0.0109 -0.5894 -0.8078
vn 0.0154 -0.6010 -0.7991
vn -0.0259 -0.6299 -0.7763
vn -0.2473 -0.1601 -0.9556
vn -0.2539 -0.2136 -0.9433
vn -0.3063 -0.1701 -0.9366
vn 0.0817 0.3957 -0.9147
vn 0.1372 0.3504 -0.9265
vn 0.0901 0.3517 -0.9318
vn -0.0147 0.7584 -0.6516
vn -0.0246 0.7748 -0.6317
vn 0.0199 0.7861 -0.6177
vn 0.6173 0.6877 -0.3820
vn 0.5817 0.6816 -0.4438
vn 0.5596 0.7161 -0.4172
vn -0.1397 0.6854 -0.7146
vn -0.0993 0.6860 -0.7208
vn -0.1235 0.6487 -0.7510
vn -0.0432 0.9883 -0.1464
vn 0.0122 0.9884 -0.1516
vn 0.0113 0.9846 -0.1746
vn -0.1803 0.9274 -0.3279
vn -0.1677 0.9438 -0.2848
vn -0.1199 0.9373 -0.3274
vn -0.1934 0.8958 -0.4002
vn -0.2074 0.9166 -0.3417
vn -0.1585 0.9097 -0.3839
vn 0.0828 -0.8773 -0.4727
vn 0.0203 -0.9001 -0.4351
vn 0.0355 -0.8670 -0.4970
vn 0.3344 -0.3321 -0.8820
vn 0.3691 -0.1893 -0.9099
vn 0.3806 -0.3322 -0.8630
vn -0.2381 -0.3417 -0.9091
vn -0.2013 -0.3597 -0.9111
vn -0.2149 -0.3822 -0.8987
vn 0.9180 -0.1527 0.3660
vn 0.9367 -0.1797 0.3006
vn 0.9483 -0.1242 0.2921
vn 0.6539 0.1589 0.7397
vn 0.7693 0.0678 0.6352
vn 0.6961 0.1896 0.6924
vn 0.1992 0.9355 -0.2920
vn 0.1752 0.9482 -0.2651
vn 0.2397 0.9451 -0.2223
vn 0.8170 0.1998 -0.5410
vn 0.7430 0.2326 -0.6276
vn 0.8012 0.2865 -0.5254
vn 0.7799 0.2636 -0.5677
vn 0.7457 0.2323 -0.6245
vn 0.7529 0.3152 -0.5778
vn -0.9182 0.3940 0.0409
vn -0.9196 0.3778 0.1075
vn -0.9119 0.4044 0.0696
vn -0.4411 -0.1259 0.8886
vn -0.4571 -0.0838 0.8854
vn -0.4927 -0.1128 0.8628
vn -0.5307 -0.0517 -0.8460
vn -0.5267 -0.0165 -0.8499
vn -0.3642 0.0777 -0.9281
vn -0.0588 -0.5360 -0.8422
vn -0.0080 -0.3441 -0.9389
vn -0.0091 -0.5395 -0.8419
vn -0.4632 -0.2075 -0.8616
vn -0.5132 -0.2480 -0.8216
vn -0.5206 -0.1660 -0.8375
vn -0.0260 -0.6680 -0.7437
vn -0.0012 -0.6971 -0.7170
vn -0.0711 -0.6991 -0.7115
vn -0.8726 0.4543 -0.1794
vn -0.8759 0.4513 -0.1707
vn -0.8650 0.4739 -0.1648
vn -0.7700 -0.3084 0.5586
vn -0.7695 -0.3365 0.5428
vn -0.7568 -0.3255 0.5669
vn -0.6258 -0.3167 0.7128
vn -0.6368 -0.2818 0.7177
vn -0.6537 -0.2870 0.7002
vn -0.5444 0.7703 0.3321
vn -0.5369 0.7690 0.3470
vn -0.5262 0.7822 0.3336
vn -0.2936 0.3119 -0.9036
vn -0.2708 0.3061 -0.9126
vn -0.2917 0.2769 -0.9155
vn -0.0682 0.2478 -0.9664
vn -0.0948 0.2670 -0.9590
vn -0.0793 0.2828 -0.9559
vn -0.5133 -0.0539 -0.8565
vn -0.8092 -0.1123 -0.5767
vn -0.5084 -0.0105 -0.8611
vn -0.6099 0.7564 -0.2363
vn -0.8843 0.4538 -0.1096
vn -0.5108 0.8487 -0.1374
vn -0.3968 0.0917 -0.9133
vn -0.4640 0.0705 -0.8830
vn -0.5934 0.4128 -0.6910
vn -0.9691 -0.1906 0.1564
vn -0.9649 -0.1941 0.1767
vn -0.9686 -0.1812 0.1702
vn -0.6487 -0.0010 0.7610
vn -0.6247 -0.0102 0.7808
vn -0.6410 0.0263 0.7671
vn -0.7679 0.3972 -0.5025
vn -0.9699 0.1025 -0.2210
vn -0.9619 0.1983 -0.1882
vn -0.8077 -0.3825 -0.4487
vn -0.9665 -0.2508 -0.0538
vn -0.7660 0.3808 -0.5179
vn -0.7744 0.6272 0.0838
vn -0.4363 0.6294 -0.6431
vn -0.3113 -0.1693 -0.9351
vn 0.2319 -0.2621 -0.9367
vn -0.3196 0.6841 -0.6556
vn 0.3016 0.3451 -0.8888
vn -0.6065 -0.6440 -0.4662
vn -0.5880 -0.6484 -0.4836
vn -0.5888 -0.6603 -0.4661
vn 0.5609 0.6604 -0.4992
vn 0.5971 0.6598 -0.4563
vn 0.6129 0.6110 -0.5011
vn 0.0738 -0.6895 -0.7205
vn 0.0848 -0.7215 -0.6872
vn 0.0590 -0.7180 -0.6936
vn -0.1830 0.8157 0.5488
vn -0.1145 0.7715 0.6258
vn -0.0549 0.8167 0.5744
vn -0.9592 0.1586 -0.2339
vn -0.9512 0.1788 -0.2516
vn -0.9444 0.1502 -0.2925
vn -0.7501 0.6571 0.0749
vn -0.7140 0.6974 0.0621
vn -0.7524 0.6579 0.0323
vn -0.9139 0.0556 0.4021
vn -0.9417 0.1261 0.3118
vn -0.9425 0.0358 0.3322
vn -0.9539 0.0131 0.2998
vn -0.9589 0.1151 0.2595
vn -0.9741 0.0000 0.2263
vn -0.0242 0.7388 0.6735
vn -0.0232 0.7244 0.6890
vn -0.0020 0.7280 0.6855
vn -0.3737 0.6655 0.6461
vn -0.3731 0.6793 0.6319
vn -0.3916 0.6723 0.6282
vn -0.3105 0.8529 0.4198
vn -0.3483 0.8556 0.3829
vn -0.3861 0.8233 0.4161
vn -0.7542 -0.1236 -0.6448
vn -0.7820 -0.1428 -0.6067
vn -0.7664 -0.0981 -0.6348
vn -0.0394 -0.9808 0.1908
vn -0.0244 -0.9768 0.2129
vn -0.0451 -0.9769 0.2088
vn -0.9774 0.2065 0.0447
vn -0.9808 0.1939 -0.0208
vn -0.9932 0.0763 0.0884
vn -0.6967 -0.6801 0.2283
vn -0.8027 -0.5388 0.2556
vn -0.8291 -0.5439 0.1295
vn -0.0489 0.9850 0.1653
vn 0.0222 0.9761 0.2162
vn 0.0387 0.9992 -0.0114
vn -0.4004 0.6362 0.6595
vn -0.4215 0.6389 0.6435
vn -0.4255 0.6206 0.6587
vn -0.4695 0.6330 -0.6155
vn -0.5147 0.6405 -0.5699
vn -0.4652 0.6889 -0.5558
vn -0.6725 0.5504 -0.4947
vn -0.7900 0.4575 -0.4082
vn -0.7806 0.5145 -0.3550
vn -0.8220 -0.2732 0.4996
vn -0.8495 -0.2603 0.4589
vn -0.8508 -0.2792 0.4453
vn -0.1607 -0.5547 -0.8164
vn -0.1866 -0.5818 -0.7916
vn -0.1993 -0.5675 -0.7989
vn -0.3112 -0.1124 -0.9437
vn -0.3574 -0.1111 -0.9273
vn -0.3317 -0.0769 -0.9403
vn -0.5549 0.2586 -0.7907
vn -0.5581 0.2846 -0.7794
vn -0.5181 0.2805 -0.8080
vn -0.6499 0.6674 0.3636
vn -0.6276 0.6523 0.4250
vn -0.6224 0.6872 0.3746
vn -0.0847 0.9581 -0.2734
vn -0.0981 0.9620 -0.2547
vn -0.0768 0.9668 -0.2437
vn -0.6978 0.6091 0.3769
vn -0.6792 0.6186 0.3950
vn -0.6861 0.6307 0.3626
vn 0.5366 0.5723 0.6201
vn 0.5124 0.5632 0.6483
vn 0.5413 0.5302 0.6525
vn -0.2661 0.8777 0.3984
vn -0.2841 0.8767 0.3883
vn -0.2827 0.8606 0.4237
vn -0.7301 0.6734 -0.1160
vn -0.7294 0.6695 -0.1408
vn -0.7513 0.6477 -0.1264
vn -0.1338 0.7591 -0.6371
vn -0.8395 0.4980 0.2173
vn -0.1658 0.9856 0.0334
vn -0.6029 0.5552 0.5730
vn -0.1612 0.9861 0.0397
vn -0.1118 0.6703 -0.7337
vn 0.0500 0.9462 0.3196
vn 0.0202 0.9481 0.3172
vn 0.0246 0.9437 0.3300
vn -0.6914 0.4174 0.5897
vn -0.7578 0.4499 0.4725
vn -0.7122 0.3514 0.6077
vn 0.7923 0.5977 0.1225
vn 0.7792 0.5556 0.2901
vn 0.8345 0.4877 0.2565
vn -0.7928 0.2488 -0.5564
vn -0.7786 0.2254 -0.5856
vn -0.8023 0.1632 -0.5742
vn -0.9025 0.1743 -0.3940
vn -0.8927 0.1236 -0.4335
vn -0.9270 0.1303 -0.3518
vn -0.9991 -0.0184 -0.0370
vn -0.9984 0.0311 -0.0463
vn -0.9960 -0.0114 -0.0884
vn -0.9103 -0.2854 0.2999
vn -0.9361 -0.2307 0.2656
vn -0.9150 -0.3003 0.2696
vn 0.1354 0.4951 -0.8583
vn 0.0723 0.3846 -0.9202
vn 0.0790 0.5189 -0.8512
vn 0.9583 0.2790 -0.0621
vn 0.9001 0.4274 -0.0843
vn 0.9302 0.3664 0.0221
vn 0.1828 -0.8622 -0.4725
vn 0.1319 -0.8084 -0.5736
vn 0.2844 -0.8261 -0.4866
vn -0.8090 0.5696 -0.1453
vn -0.8226 0.5412 -0.1744
vn -0.8276 0.5422 -0.1456
vn 0.9433 -0.3175 -0.0965
vn 0.8938 -0.4026 -0.1975
vn 0.9192 0.0072 -0.3937
vn -0.8154 0.3370 0.4707
vn -0.8381 0.2910 0.4614
vn -0.8138 0.3225 0.4835
vn -0.3222 0.4379 0.8393
vn -0.2966 0.4464 0.8442
vn -0.3141 0.4528 0.8344
vn -0.1054 0.8241 0.5565
vn -0.1106 0.8447 0.5236
vn -0.1231 0.8347 0.5368
vn -0.2208 0.8088 0.5450
vn -0.1984 0.8266 0.5267
vn -0.2170 0.8302 0.5135
vn -0.6895 -0.3880 -0.6116
vn -0.0534 -0.1125 -0.9922
vn -0.0618 -0.1316 -0.9894
vn -0.0403 -0.7965 -0.6033
vn -0.6600 0.1205 0.7415
vn -0.6489 0.0907 0.7554
vn -0.6410 0.1110 0.7595
vn -0.5797 -0.2517 0.7749
vn -0.6064 -0.2708 0.7476
vn -0.5544 -0.3029 0.7752
vn -0.5177 0.7548 0.4028
vn -0.5384 0.7449 0.3941
vn -0.5327 0.7448 0.4019
vn -0.5492 0.6073 0.5741
vn -0.5556 0.6147 0.5599
vn -0.5672 0.6015 0.5625
vn -0.8117 0.1271 0.5700
vn -0.8226 0.1118 0.5575
vn -0.8018 0.1029 0.5887
vn -0.2354 0.8314 0.5033
vn -0.2654 0.8275 0.4947
vn -0.2622 0.8162 0.5148
vn -0.9781 0.0892 0.1878
vn -0.9683 0.0556 0.2434
vn -0.9700 0.1106 0.2167
vn 0.1563 -0.5769 0.8017
vn 0.1865 -0.6156 0.7656
vn 0.2020 -0.6045 0.7705
vn -0.0428 -0.8644 -0.5010
vn -0.0597 -0.8376 -0.5430
vn -0.0246 -0.8431 -0.5371
vn -0.3183 -0.8673 0.3828
vn -0.3443 -0.8673 0.3596
vn -0.3315 -0.8768 0.3483
vn -0.8466 -0.3389 -0.4104
vn -0.8436 -0.3521 -0.4055
vn -0.8528 -0.3409 -0.3956
vn -0.9071 -0.4019 -0.1252
vn -0.9078 -0.3921 -0.1490
vn -0.8940 -0.4263 -0.1381
vn -0.9123 -0.3542 -0.2054
vn -0.9031 -0.3627 -0.2299
vn -0.9086 -0.3665 -0.2003
vn -0.6290 0.7651 0.1376
vn -0.6021 0.7801 0.1700
vn -0.5760 0.8060 0.1363
vn -0.9008 0.3675 -0.2312
vn -0.8979 0.4399 0.0175
vn -0.8372 0.4853 -0.2521
vn -0.1256 -0.9092 0.3970
vn -0.0972 -0.9070 0.4098
vn -0.1675 -0.8912 0.4216
vn -0.2299 -0.9151 -0.3312
vn -0.2541 -0.9154 -0.3121
vn -0.3004 -0.8960 -0.3269
vn -0.6654 0.4795 0.5721
vn -0.6419 0.4713 0.6048
vn -0.6465 0.5007 0.5756
vn -0.8395 0.0829 0.5370
vn -0.8619 0.0920 0.4986
vn -0.8575 0.0668 0.5101
vn -0.9937 -0.1087 0.0276
vn -0.9690 -0.1926 -0.1546
vn -0.9801 -0.1837 0.0750
vn -0.7226 -0.1688 -0.6703
vn -0.7475 -0.1611 -0.6444
vn -0.7208 -0.1380 -0.6793
vn -0.7741 0.0013 -0.6331
vn -0.7908 -0.0362 -0.6111
vn -0.7995 0.0102 -0.6006
vn -0.3329 0.4633 0.8213
vn -0.3265 0.4843 0.8117
vn -0.3488 0.4782 0.8060
vn -0.0973 -0.9283 -0.3588
vn -0.0754 -0.9747 -0.2105
vn -0.1973 -0.9446 -0.2625
vn -0.9760 -0.2028 -0.0797
vn -0.9561 -0.2867 -0.0603
vn -0.9671 -0.2438 0.0732
vn -0.7734 -0.2284 -0.5913
vn -0.7675 -0.1583 -0.6212
vn -0.7369 -0.2483 -0.6288
vn -0.9208 -0.3098 -0.2369
vn -0.9516 -0.2355 -0.1974
vn -0.9250 -0.2627 -0.2746
vn -0.6654 0.2523 0.7026
vn -0.6887 0.2588 0.6773
vn -0.6802 0.2252 0.6975
vn -0.0862 -0.8962 -0.4352
vn -0.9340 -0.0134 -0.3570
vn -0.2596 0.1510 -0.9538
vn -0.4009 -0.3462 0.8482
vn -0.3829 -0.3310 0.8625
vn -0.4171 -0.3157 0.8522
vn -0.5314 0.8246 -0.1943
vn -0.5873 0.8043 -0.0905
vn -0.4878 0.8537 -0.1824
vn -0.2995 -0.1600 0.9406
vn -0.3044 -0.0967 0.9476
vn -0.3285 -0.1142 0.9376
vn -0.3700 0.5114 -0.7756
vn -0.4938 0.1099 -0.8626
vn -0.6282 0.7778 0.0193
vn -0.1446 0.8745 0.4629
vn -0.1519 0.8892 0.4315
vn -0.1733 0.8724 0.4570
vn -0.2163 0.8738 0.4355
vn -0.2116 0.8588 0.4665
vn -0.1981 0.8738 0.4441
vn -0.6685 0.6228 0.4066
vn -0.6331 0.6492 0.4215
vn -0.6444 0.6731 0.3629
vn -0.5321 0.6790 0.5058
vn -0.5306 0.6580 0.5342
vn -0.4834 0.6841 0.5462
vn -0.5328 0.6706 0.5162
vn -0.5272 0.6643 0.5298
vn -0.4909 0.7020 0.5159
vn -0.2794 0.8421 -0.4614
vn -0.2752 0.8571 -0.4355
vn -0.2492 0.8539 -0.4570
vn -0.1378 0.9723 -0.1888
vn -0.1766 0.9672 -0.1824
vn -0.1606 0.9721 -0.1708
vn -0.2761 0.6263 0.7291
vn -0.2974 0.6175 0.7282
vn -0.2778 0.6106 0.7417
vn -0.4856 0.8454 0.2226
vn -0.5038 0.8518 0.1438
vn -0.5369 0.8267 0.1682
vn -0.5252 0.6598 0.5374
vn -0.5048 0.6214 0.5992
vn -0.4652 0.6725 0.5756
vn -0.5571 0.7528 0.3508
vn -0.4844 0.8058 0.3407
vn -0.5325 0.7860 0.3139
vn -0.1388 0.9445 -0.2977
vn -0.4126 0.0637 0.9087
vn -0.2099 0.8113 0.5456
vn -0.7651 0.2663 0.5862
vn -0.7694 0.2524 0.5868
vn -0.7586 0.2596 0.5976
vn -0.8553 0.1120 0.5058
vn -0.8611 0.1033 0.4978
vn -0.8553 0.0957 0.5093
vn -0.8955 -0.0701 0.4395
vn -0.8884 -0.0970 0.4488
vn -0.8748 -0.0677 0.4797
vn -0.9883 0.1420 -0.0552
vn -0.9849 0.1497 -0.0866
vn -0.9875 0.1312 -0.0872
vn 0.0832 0.5609 0.8237
vn 0.0826 0.6033 0.7932
vn 0.0414 0.5852 0.8098
vn -0.2073 0.2853 0.9358
vn -0.2380 0.3510 0.9056
vn -0.2483 0.2943 0.9229
vn -0.2281 0.2911 0.9291
vn -0.0324 0.5881 0.8081
vn -0.0755 0.6131 0.7864
vn -0.0887 0.5573 0.8256
vn -0.9441 -0.1221 0.3061
vn -0.9470 -0.0926 0.3076
vn -0.9585 -0.0925 0.2698
vn 0.9003 -0.2852 -0.3288
vn 0.8957 -0.2350 -0.3776
vn 0.9344 -0.1990 -0.2953
vn 0.9889 -0.0393 -0.1434
vn 0.9900 -0.0956 -0.1037
vn 0.9806 -0.1065 -0.1645
vn 0.8642 0.4545 -0.2157
vn 0.8958 0.4010 -0.1916
vn 0.8688 0.4155 -0.2692
vn -0.8025 -0.1921 0.5649
vn -0.9035 -0.1072 0.4150
vn -0.9082 -0.1936 0.3709
vn -0.3585 0.9189 -0.1647
vn -0.3175 0.9448 -0.0802
vn -0.1591 0.9693 -0.1875
vn -0.2326 0.9138 0.3331
vn -0.2167 0.9135 0.3442
vn -0.2137 0.9187 0.3321
vn -0.3443 -0.9179 0.1974
vn 0.3098 -0.8500 0.4261
vn 0.2123 -0.4643 0.8598
vn -0.7535 0.4080 0.5155
vn -0.0710 0.8112 0.5804
vn -0.0623 0.9835 -0.1698
vn -0.9799 0.0271 -0.1976
vn -0.9776 -0.0053 -0.2106
vn -0.9830 -0.0090 -0.1833
vn -0.8621 -0.4928 -0.1178
vn -0.8748 -0.4624 -0.1445
vn -0.8606 -0.4771 -0.1782
vn -0.3306 -0.4692 -0.8189
vn -0.3170 -0.5033 -0.8039
vn -0.3561 -0.4735 -0.8056
vn -0.1098 0.9838 -0.1414
vn -0.7059 0.1378 0.6948
vn -0.1477 0.7492 0.6456
vn -0.7645 -0.5223 -0.3778
vn -0.7728 -0.4590 -0.4383
vn -0.7453 -0.4757 -0.4671
vn -0.2530 0.8158 0.5201
vn -0.2933 0.7040 0.6468
vn -0.2015 0.7739 0.6004
vn -0.4354 0.5896 0.6803
vn -0.4189 0.5790 0.6995
vn -0.4205 0.6063 0.6750
vn -0.4537 0.6295 0.6308
vn -0.4574 0.6197 0.6378
vn -0.4355 0.6346 0.6384
vn -0.6943 0.4240 0.5814
vn -0.7336 0.4002 0.5493
vn -0.7062 0.3827 0.5957
vn -0.2690 0.7409 0.6154
vn -0.2973 0.7495 0.5915
vn -0.3034 0.7013 0.6450
vn -0.7201 0.6534 -0.2333
vn -0.8134 0.4659 -0.3484
vn -0.8442 0.4569 -0.2803
vn -0.9545 0.2853 0.0869
vn -0.9747 0.1970 0.1056
vn -0.9152 0.2631 0.3053
vn -0.2477 0.5254 0.8140
vn -0.2744 0.5305 0.8021
vn -0.2710 0.5103 0.8162
vn -0.2152 0.6340 0.7428
vn -0.2166 0.6060 0.7654
vn -0.1947 0.6213 0.7590
vn 0.8142 -0.2770 -0.5103
vn 0.8592 -0.2495 -0.4468
vn 0.8509 -0.2806 -0.4440
vn 0.7001 -0.1991 -0.6857
vn 0.7139 -0.1626 -0.6812
vn 0.7246 -0.1947 -0.6610
vn -0.6792 -0.1961 -0.7073
vn -0.0675 -0.6607 -0.7476
vn -0.0789 -0.6889 -0.7205
vn -0.0514 -0.9986 -0.0113
vn -0.7755 0.1854 0.6035
vn -0.7818 0.1915 0.5933
vn -0.7837 0.1683 0.5979
vn -0.5507 0.2720 0.7892
vn -0.5636 0.2477 0.7880
vn -0.5493 0.2490 0.7976
vn -0.0531 0.8192 0.5711
vn -0.0455 0.8130 0.5805
vn -0.0319 0.8230 0.5672
vn -0.1753 0.6311 0.7556
vn -0.1808 0.6154 0.7672
vn -0.1617 0.6200 0.7678
vn -0.0043 0.2996 0.9541
vn 0.0219 0.2739 0.9615
vn 0.0468 0.3258 0.9443
vn -0.1825 0.7150 0.6749
vn -0.1808 0.7051 0.6856
vn -0.1668 0.7182 0.6755
vn -0.7812 0.6238 0.0245
vn -0.8120 0.5831 0.0227
vn -0.7947 0.6044 0.0558
vn -0.7236 0.0191 0.6900
vn -0.7538 0.2382 0.6125
vn -0.7526 -0.0044 0.6585
vn -0.7370 -0.2367 0.6331
vn -0.7598 -0.2365 0.6056
vn -0.7473 -0.2525 0.6147
vn -0.4006 0.6770 0.6174
vn -0.4049 0.6854 0.6052
vn -0.4190 0.6670 0.6161
vn -0.3545 0.9327 -0.0658
vn -0.3012 0.9474 -0.1082
vn -0.3670 0.9246 -0.1022
vn -0.2787 0.8604 -0.4267
vn -0.2840 0.8351 -0.4710
vn -0.3346 0.8279 -0.4502
vn 0.6908 -0.7151 -0.1073
vn 0.7480 -0.6609 -0.0615
vn 0.6960 -0.7160 -0.0540
vn -0.1589 -0.1516 -0.9756
vn -0.2557 -0.0043 -0.9668
vn -0.1825 0.1749 -0.9675
vn -0.9354 -0.1541 -0.3182
vn -0.9184 0.1627 -0.3605
vn -0.8972 0.0380 -0.4400
vn -0.9572 0.2566 0.1340
vn -0.9625 0.2345 0.1366
vn -0.9566 0.2384 0.1677
vn -0.3997 0.8460 0.3529
vn -0.4442 0.8250 0.3495
vn -0.4073 0.8273 0.3870
vn 0.3464 0.8651 0.3627
vn 0.3050 0.8636 0.4015
vn 0.3373 0.8444 0.4161
vn 0.3581 0.8408 0.4060
vn -0.1317 0.4043 -0.9051
vn -0.0524 0.3778 -0.9244
vn -0.1134 0.3377 -0.9344
vn 0.3974 0.5473 -0.7365
vn 0.4241 0.5832 -0.6928
vn 0.4557 0.5353 -0.7112
vn 0.4378 0.5261 -0.7291
vn 0.3700 -0.3234 -0.8710
vn 0.4176 -0.3325 -0.8456
vn 0.3750 -0.3542 -0.8567
vn -0.3372 0.6268 -0.7025
vn -0.2932 0.6317 -0.7176
vn -0.2871 0.6068 -0.7412
vn -0.3127 0.5896 -0.7447
vn -0.5044 -0.0144 0.8633
vn -0.5590 -0.1168 0.8209
vn -0.4854 -0.1246 0.8654
vn -0.6191 0.0945 0.7796
vn -0.6990 0.0932 0.7090
vn -0.6833 0.0200 0.7299
vn -0.6408 0.0264 0.7672
vn -0.3358 0.7378 0.5856
vn -0.3088 0.6858 0.6590
vn -0.2678 0.7113 0.6499
vn -0.2666 0.7320 0.6270
vn -0.9031 0.4037 0.1462
vn -0.9050 0.4116 0.1075
vn -0.9157 0.3831 0.1216
vn -0.9140 0.3836 0.1321
vn -0.2352 0.9719 -0.0003
vn -0.2549 0.9664 0.0323
vn -0.2209 0.9753 0.0086
vn -0.2172 0.9760 0.0147
vn -0.2322 0.9725 0.0162
vn -0.2259 0.9735 0.0360
vn -0.2256 0.9734 0.0404
vn -0.2270 0.9734 0.0326
vn -0.1779 0.9838 0.0216
vn -0.1836 0.9830 -0.0053
vn -0.1895 0.9817 -0.0189
vn -0.1776 0.9832 -0.0432
vn -0.1624 0.9867 -0.0076
vn -0.1584 0.9866 -0.0396
vn -0.1972 0.9788 -0.0550
vn -0.1905 0.9808 -0.0421
vn -0.2152 0.9764 -0.0185
vn -0.2070 0.9782 -0.0162
vn -0.2239 0.9744 -0.0182
vn -0.2323 0.9721 -0.0339
vn -0.2442 0.9695 -0.0186
vn -0.1863 -0.6450 -0.7411
vn -0.1286 -0.9916 0.0155
vn -0.6011 -0.7991 -0.0123
vn -0.2048 -0.6110 -0.7646
vn 0.0984 -0.9947 0.0295
vn 0.0640 -0.7363 0.6736
vn -0.2204 -0.7429 0.6321
vn 0.0824 -0.9965 0.0156
vn 0.0746 -0.9580 0.2769
vn 0.1083 -0.9506 0.2909
vn 0.0631 -0.5951 0.8012
vn -0.5919 -0.7774 0.2129
vn 0.0733 -0.7627 0.6425
vn 0.0824 -0.7503 0.6559
vn 0.0479 -0.1173 0.9919
vn -0.6037 -0.6306 0.4878
vn 0.1836 -0.9674 0.1744
vn 0.1315 -0.6237 0.7705
vn -0.4861 -0.8739 0.0094
vn 0.0483 0.9131 -0.4048
vn 0.0283 0.4018 -0.9153
vn -0.5774 0.8154 0.0424
vn -0.0289 0.1769 -0.9838
vn -0.0297 -0.5748 -0.8177
vn -0.4570 0.5839 -0.6710
vn 0.2723 0.4340 -0.8588
vn 0.2133 -0.1870 -0.9589
vn -0.3433 0.3506 -0.8713
vn 0.2810 0.4630 -0.8407
vn -0.0190 0.9936 -0.1110
vn -0.0173 0.9894 -0.1444
vn -0.0215 0.6666 -0.7451
vn -0.6830 0.6930 -0.2308
vn 0.1249 -0.0555 0.9906
vn 0.0776 0.6358 0.7679
vn -0.5370 -0.1475 0.8306
vn -0.2359 0.4987 -0.8340
vn -0.1442 -0.3582 -0.9225
vn -0.7499 -0.1156 -0.6514
vn -0.2330 0.5244 -0.8190
vn -0.1336 0.8272 0.5459
vn -0.1167 0.8348 0.5381
vn -0.0840 0.9549 -0.2846
vn -0.2021 0.9420 -0.2680
vn -0.0221 0.9281 0.3717
vn -0.0128 0.9310 0.3648
vn -0.0158 0.9214 -0.3884
vn -0.3429 0.8785 -0.3326
vn -0.1757 0.8066 0.5644
vn -0.1854 0.8106 0.5555
vn -0.1220 0.9552 -0.2696
vn -0.6767 0.2334 0.6982
vn -0.1743 0.1625 0.9712
vn -0.1879 0.1747 0.9665
vn -0.1346 0.8304 0.5407
vn -0.6804 -0.3491 0.6443
vn -0.0503 0.0161 0.9986
vn -0.0412 0.7187 0.6941
vn -0.7252 -0.0134 0.6884
vn -0.0251 -0.0174 0.9995
vn -0.1307 0.9754 -0.1772
vn -0.1232 0.9746 -0.1869
vn -0.0892 0.5509 -0.8298
vn -0.6099 0.4845 -0.6271
vn -0.2265 0.5123 -0.8284
vn -0.1433 -0.3458 -0.9273
vn -0.8099 0.5631 -0.1642
vn -0.1551 0.6968 0.7003
vn -0.1457 0.7125 0.6864
vn -0.1049 0.9921 -0.0695
vn -0.8300 0.2858 0.4789
vn -0.1396 0.9560 0.2582
vn -0.0944 0.8353 -0.5416
vn -0.8047 0.5697 0.1670
vn -0.1363 0.9516 0.2756
vn -0.1594 0.9587 0.2355
vn -0.1203 0.8379 -0.5325
vn -0.6340 0.4116 0.6547
vn -0.1600 -0.8652 -0.4753
vn -0.1123 -0.9406 0.3205
vn -0.8144 -0.3987 -0.4217
vn -0.1447 -0.8410 -0.5214
vn -0.2099 -0.8950 -0.3935
vn -0.1667 -0.9007 0.4013
vn -0.7791 -0.2575 -0.5716
vn 0.0104 0.5282 0.8491
vn -0.0057 0.9455 0.3256
vn -0.4081 -0.2232 0.8852
vn -0.1116 0.7194 0.6856
vn -0.0841 0.9940 -0.0706
vn -0.8010 0.4852 0.3506
vn -0.1160 0.7065 0.6982
vn 0.4451 0.8075 -0.3870
vn 0.3446 0.3974 -0.8505
vn 0.4248 0.8143 -0.3956
vn 0.4207 0.8215 -0.3850
vn 0.0232 0.9111 -0.4115
vn -0.0057 0.4176 -0.9086
vn -0.3090 0.6529 0.6916
vn -0.2870 0.6248 0.7262
vn -0.1803 0.9797 -0.0873
vn -0.6708 -0.2127 0.7105
vn -0.0954 0.6442 0.7589
vn -0.0729 0.9969 0.0299
vn -0.7235 0.1248 0.6790
vn -0.1124 0.6145 0.7809
vn -0.1059 0.6260 0.7726
vn -0.0830 0.9939 0.0725
vn -0.7492 0.6052 0.2690
vn -0.2676 0.4468 -0.8537
vn -0.2092 -0.2632 -0.9418
vn -0.6995 -0.2632 -0.6644
vn -0.2853 0.5356 -0.7949
vn -0.1127 0.8748 -0.4712
vn -0.0892 0.2586 -0.9619
vn -0.7924 0.6026 -0.0947
vn -0.1092 0.7922 -0.6005
vn -0.1154 0.7719 -0.6252
vn -0.0804 0.1169 -0.9899
vn -0.7968 0.4265 -0.4279
vn 0.2289 -0.9646 -0.1310
vn 0.1880 -0.9787 -0.0821
vn 0.1487 -0.8683 0.4733
vn -0.3995 -0.9167 0.0111
vn -0.1639 0.8087 0.5649
vn -0.1550 0.8169 0.5556
vn -0.1172 0.9709 -0.2088
vn -0.5539 0.8138 -0.1759
vn 0.1702 -0.9632 0.2081
vn 0.1717 -0.9597 0.2226
vn 0.1240 -0.5942 0.7947
vn -0.3301 -0.7032 0.6297
vn 0.0891 -0.5878 0.8041
vn 0.0537 -0.0205 0.9983
vn -0.5688 -0.2835 0.7721
vn 0.0791 -0.6357 0.7679
vn -0.0708 0.2922 -0.9537
vn -0.0762 0.2729 -0.9590
vn -0.0527 -0.4963 -0.8665
vn -0.7575 0.1986 -0.6218
vn -0.2881 -0.0429 -0.9566
vn -0.2662 -0.0824 -0.9604
vn -0.1668 -0.8314 -0.5301
vn -0.8909 -0.2723 -0.3635
vn 0.1024 -0.9314 -0.3494
vn 0.0525 -0.9416 -0.3326
vn 0.0439 -0.9164 0.3978
vn -0.6198 -0.7654 -0.1730
vn 0.0147 -0.7630 -0.6463
vn 0.0498 -0.7915 -0.6092
vn 0.0086 -0.9980 0.0621
vn -0.5622 -0.8153 -0.1390
vn 0.2035 0.9592 0.1965
vn 0.1781 0.9674 0.1801
vn 0.1345 0.8664 -0.4809
vn -0.4181 0.7518 0.5098
vn -0.0917 0.8205 0.5642
vn -0.0705 0.9747 -0.2119
vn -0.6197 0.2454 0.7455
vn -0.1317 -0.5944 0.7933
vn -0.0996 0.1362 0.9857
vn -0.6083 0.0072 0.7937
vn -0.1304 -0.6173 0.7759
vn -0.2553 0.5897 -0.7662
vn -0.1649 -0.2395 -0.9568
vn -0.8889 0.0659 -0.4534
vn 0.4802 -0.1681 0.8609
vn 0.3572 0.3574 0.8629
vn 0.1640 0.3182 0.9337
vn 0.4476 -0.1840 0.8751
vn 0.2741 -0.7435 0.6099
vn -0.2573 -0.6077 0.7513
vn 0.2731 -0.7769 0.5673
vn 0.0309 -0.9711 -0.2368
vn 0.0168 -0.9033 0.4286
vn -0.6297 -0.6641 -0.4029
vn -0.1068 0.9269 0.3598
vn -0.1179 0.9303 0.3475
vn -0.0786 0.8847 -0.4596
vn -0.7787 0.6239 0.0659
vn -0.2610 0.5903 0.7638
vn -0.1719 0.9849 0.0217
vn -0.8084 0.5842 0.0715
vn -0.2625 0.5568 0.7881
vn -0.2839 0.6547 0.7006
vn -0.1872 0.9802 -0.0646
vn -0.9187 0.1545 0.3636
vn -0.2615 0.6441 0.7188
vn -0.2400 -0.1470 -0.9596
vn -0.2391 -0.1625 -0.9573
vn -0.1490 -0.8767 -0.4574
vn -0.7202 -0.5761 -0.3865
vn -0.2553 -0.3840 -0.8873
vn -0.1701 -0.9475 -0.2706
vn -0.5269 -0.8180 -0.2308
vn -0.2690 -0.3423 -0.9003
vn 0.1747 -0.5573 -0.8117
vn 0.1021 -0.9915 -0.0809
vn -0.4451 -0.6913 -0.5692
vn -0.2854 0.6281 0.7239
vn -0.2707 0.6422 0.7171
vn -0.1781 0.9806 -0.0822
vn -0.7328 0.6784 -0.0521
vn -0.2592 0.5597 0.7871
vn -0.1699 0.9854 0.0079
vn -0.9219 0.1377 0.3623
vn -0.0978 -0.3087 -0.9461
vn -0.0698 -0.9298 -0.3613
vn -0.7361 -0.3476 -0.5808
vn 0.0204 0.8549 0.5184
vn 0.0031 0.9806 -0.1959
vn -0.4678 0.8817 -0.0611
vn 0.0089 0.8324 0.5540
vn 0.0762 0.9971 0.0060
vn 0.0761 0.9968 -0.0225
vn 0.0546 0.7213 -0.6905
vn -0.3680 0.8287 -0.4218
vn 0.0071 0.9976 -0.0688
vn 0.0086 0.6688 -0.7434
vn -0.3868 0.7719 0.5046
vn 0.0148 0.9977 -0.0666
vn -0.0133 0.7326 0.6806
vn -0.0224 0.9997 0.0058
vn -0.2607 -0.0273 0.9650
vn -0.3634 0.6503 0.6671
vn -0.3641 0.6611 0.6560
vn -0.2156 0.9572 -0.1932
vn -0.8085 0.5782 -0.1098
vn -0.2104 0.8095 0.5481
vn -0.1343 0.9331 -0.3336
vn -0.8577 0.2380 0.4558
vn 0.1095 -0.7887 -0.6050
vn 0.0846 -0.9947 0.0592
vn -0.5017 -0.6831 -0.5307
vn 0.1387 -0.7695 -0.6234
vn -0.0890 0.9906 0.1038
vn -0.0655 0.7542 -0.6534
vn -0.2572 0.6694 0.6969
vn -0.3491 0.0172 0.9369
vn -0.3307 0.0495 0.9425
vn -0.3633 0.0398 0.9308
vn -0.5331 0.0465 0.8448
vn -0.4957 0.0699 0.8657
vn -0.5346 0.0698 0.8422
vn -0.6499 0.4963 0.5756
vn -0.6413 0.4716 0.6052
vn -0.6177 0.5231 0.5872
vn -0.6392 0.5069 0.5783
vn -0.3183 0.0073 0.9480
vn -0.3463 0.0256 0.9378
vn -0.3501 0.0204 0.9365
vn -0.3469 -0.0066 0.9379
vn -0.0111 -0.0724 -0.9973
vn -0.0336 -0.0390 -0.9987
vn 0.0121 -0.0377 -0.9992
vn -0.9903 0.0680 -0.1212
vn -0.9922 0.0789 -0.0967
vn -0.9892 0.1002 -0.1074
vn -0.9874 0.0908 -0.1293
vn -0.8281 0.1930 -0.5263
vn -0.8409 0.2021 -0.5021
vn -0.8366 0.2237 -0.5000
vn -0.8240 0.2230 -0.5209
vn -0.0838 0.2127 0.9735
vn -0.0935 0.2353 0.9674
vn -0.0766 0.8212 0.5654
vn -0.7357 0.1172 0.6671
vn -0.0545 -0.0830 -0.9951
vn -0.0497 -0.0564 -0.9972
vn -0.0260 -0.0592 -0.9979
vn -0.0181 -0.0891 -0.9959
vn -0.2711 0.0797 0.9592
vn -0.2748 0.1060 0.9556
vn -0.3001 0.0999 0.9486
vn -0.1960 0.0842 0.9770
vn -0.1767 0.1026 0.9789
vn -0.1863 0.1150 0.9757
vn -0.2073 0.1143 0.9716
vn -0.9327 0.3470 0.0984
vn -0.9179 0.3879 0.0835
vn -0.9254 0.3765 0.0428
vn -0.9718 0.2033 -0.1197
vn -0.9633 0.2438 -0.1121
vn -0.9567 0.2438 -0.1593
vn -0.9891 0.1223 0.0815
vn -0.9841 0.1318 0.1188
vn -0.9804 0.1564 0.1199
vn -0.9834 0.1624 0.0810
vn -0.2529 -0.0188 0.9673
vn -0.2553 0.0148 0.9667
vn -0.2590 0.0199 0.9657
vn -0.2853 0.0012 0.9584
vn 0.3481 0.0215 0.9372
vn 0.3584 0.0447 0.9325
vn 0.3379 0.0457 0.9401
vn 0.5320 0.0538 0.8450
vn 0.5391 0.0858 0.8379
vn 0.5110 0.0690 0.8568
vn 0.6419 0.5060 0.5762
vn 0.6188 0.5339 0.5762
vn 0.6128 0.5235 0.5919
vn 0.6338 0.4799 0.6066
vn 0.3172 0.0080 0.9483
vn 0.3482 0.0003 0.9374
vn 0.3380 0.0324 0.9406
vn 0.3255 0.0295 0.9451
vn 0.0061 -0.0713 -0.9974
vn -0.0155 -0.0305 -0.9994
vn 0.0367 -0.0399 -0.9985
vn 0.9889 0.0825 -0.1236
vn 0.9858 0.1059 -0.1301
vn 0.9874 0.1143 -0.1096
vn 0.9911 0.0928 -0.0949
vn 0.8272 0.2025 -0.5242
vn 0.8200 0.2331 -0.5227
vn 0.8331 0.2292 -0.5034
vn 0.8390 0.2117 -0.5013
vn 0.0745 0.2185 0.9730
vn 0.0733 -0.4760 0.8764
vn 0.7919 0.1630 0.5885
vn 0.0776 0.2500 0.9651
vn 0.0563 -0.0844 -0.9948
vn 0.0191 -0.0841 -0.9963
vn 0.0329 -0.0567 -0.9979
vn 0.0530 -0.0680 -0.9963
vn 0.2716 0.0813 0.9590
vn 0.2958 0.1082 0.9491
vn 0.2639 0.1110 0.9582
vn 0.1962 0.0876 0.9767
vn 0.1963 0.1156 0.9737
vn 0.1792 0.1175 0.9768
vn 0.1743 0.1024 0.9794
vn 0.9290 0.3569 0.0976
vn 0.9193 0.3910 0.0452
vn 0.9106 0.4010 0.1004
vn 0.9683 0.2140 -0.1286
vn 0.9556 0.2561 -0.1459
vn 0.9611 0.2587 -0.0967
vn 0.9858 0.1494 0.0764
vn 0.9808 0.1696 0.0964
vn 0.9789 0.1653 0.1201
vn 0.9827 0.1423 0.1183
vn 0.2553 -0.0175 0.9667
vn 0.2842 0.0023 0.9588
vn 0.2467 0.0126 0.9690
vn 0.2465 0.0099 0.9691
vn -0.0052 -0.9998 0.0183
vn -0.0033 -1.0000 0.0094
vn -0.0030 -0.9998 0.0221
vn -0.0040 -0.9998 0.0216
vn -0.0116 -0.9998 0.0146
vn -0.0160 -0.9998 0.0073
vn -0.0175 -0.9998 -0.0019
vn -0.0121 -0.9996 0.0236
vn -0.0078 -1.0000 0.0033
vn -0.0077 -1.0000 0.0036
vn -0.0115 -0.9999 0.0072
vn -0.0128 -0.9999 0.0035
vn -0.0090 -0.9999 -0.0052
vn -0.0220 -0.9996 -0.0180
vn -0.0234 -0.9996 -0.0155
vn -0.0200 -0.9996 -0.0209
vn -0.0213 -0.9997 -0.0110
vn -0.0181 -0.9997 -0.0174
vn -0.0019 -0.9999 -0.0138
vn 0.0013 -0.9999 -0.0153
vn 0.0040 -0.9999 -0.0160
vn 0.0079 -0.9998 -0.0207
vn 0.0064 -0.9998 -0.0208
vn 0.0059 -0.9998 -0.0196
vn -0.0062 -0.9998 -0.0212
vn -0.0070 -0.9998 -0.0207
vn -0.0045 -0.9997 -0.0222
vn -0.6595 -0.7488 -0.0668
vn 0.0056 -0.9997 -0.0248
vn 0.0074 -0.9997 -0.0248
vn 0.0065 -0.9997 -0.0248
vn 0.0165 -0.9997 -0.0165
vn 0.0179 -0.9997 -0.0170
vn 0.0168 -0.9997 -0.0177
vn 0.0121 -0.9998 -0.0150
vn 0.0145 -0.9998 -0.0137
vn 0.0172 -0.9998 -0.0115
vn 0.0271 -0.9994 -0.0217
vn 0.0318 -0.9994 -0.0156
vn 0.0375 -0.9993 0.0095
vn 0.0352 -0.9993 0.0148
vn 0.0342 -0.9993 0.0165
vn 0.0215 -0.9998 0.0032
vn 0.0259 -0.9997 -0.0012
vn 0.0254 -0.9997 0.0034
vn 0.0194 -0.9998 0.0058
vn 0.0197 -0.9998 0.0051
vn 0.0370 -0.9993 0.0015
vn 0.0163 -0.9997 0.0206
vn 0.0119 -0.9997 0.0221
vn 0.0009 -0.9998 0.0221
vn 0.0003 -0.9997 0.0231
vn -0.0017 -0.9997 0.0225
vn 0.0003 -0.9999 0.0118
vn 0.0015 -0.9999 0.0123
vn 0.7249 -0.6861 0.0615
usemtl sungaya_inexpectata_31mg
s off
f 452/1/1 348/2/2 455/3/3
f 5/4/4 3/5/5 2/6/6
f 10/7/7 399/8/8 11/9/9
f 16/10/10 15/11/11 14/12/12
f 38/13/13 40/14/14 39/15/15
f 16/10/16 412/16/17 15/11/18
f 54/17/19 2/6/20 55/18/21
f 305/19/22 441/20/23 1/21/24
f 237/22/25 317/23/26 158/24/27
f 75/25/28 227/26/29 232/27/30
f 73/28/31 38/13/32 39/15/33
f 204/29/34 154/30/35 363/31/36
f 88/32/37 90/33/38 89/34/39
f 23/35/40 86/36/41 292/37/42
f 323/38/43 212/39/44 224/40/45
f 108/41/46 271/42/47 109/43/48
f 111/44/49 247/45/50 112/46/51
f 115/47/52 423/48/53 220/49/54
f 435/50/55 346/51/56 52/52/57
f 93/53/58 124/54/59 213/55/60
f 129/56/61 131/57/62 130/58/63
f 114/59/64 324/60/65 124/61/66
f 336/62/67 296/63/68 342/64/69
f 30/65/70 158/66/71 31/67/72
f 163/68/73 19/69/74 93/70/75
f 164/71/76 89/72/77 90/73/78
f 165/74/79 134/75/80 135/76/81
f 154/77/82 166/78/83 68/79/84
f 151/80/85 322/81/86 411/82/87
f 9/83/88 81/84/89 65/85/90
f 94/86/91 174/87/92 371/88/93
f 1069/89/94 1074/90/95 381/91/96 49/92/97
f 178/93/98 30/94/99 214/95/100
f 184/96/101 183/97/102 185/98/103
f 370/99/104 309/100/105 12/101/106
f 21/102/107 100/103/108 22/104/109
f 123/105/110 217/106/111 189/107/112
f 197/108/113 436/109/114 275/110/115
f 152/111/116 361/112/117 266/113/118
f 205/114/119 108/115/120 132/116/121
f 220/49/122 219/117/123 218/118/124
f 238/119/125 295/120/126 60/121/127
f 401/122/128 239/123/129 376/124/130
f 1016/125/131 1041/126/132 52/127/133
f 253/128/134 344/129/135 250/130/136
f 159/131/137 104/132/138 119/133/139
f 383/134/140 248/135/141 257/136/142
f 3/137/143 84/138/144 141/139/145
f 226/140/146 194/141/147 103/142/148
f 148/143/149 265/144/150 121/145/151
f 200/146/152 260/147/153 164/148/154
f 158/24/155 273/149/156 152/111/157
f 75/150/158 76/151/159 242/152/160
f 377/153/161 190/154/162 273/149/163
f 281/155/164 170/156/165 96/157/166
f 282/158/167 283/159/168 313/160/169
f 47/161/170 24/162/171 15/163/172
f 1049/164/173 1034/165/174 53/166/175
f 249/167/176 291/168/177 194/169/178
f 226/170/179 126/171/180 293/172/181
f 181/173/182 294/174/183 232/175/184
f 54/17/185 55/18/186 304/176/187
f 67/177/188 133/178/189 87/179/190
f 65/85/191 162/180/192 95/181/193
f 348/182/194 278/183/195 279/184/196
f 360/185/197 303/186/198 17/187/199
f 304/188/200 243/189/201 305/190/202
f 122/191/203 121/192/204 77/193/205
f 79/194/206 278/195/207 117/196/208
f 308/197/209 124/198/210 146/199/211
f 132/200/212 177/201/213 210/202/214
f 133/178/215 121/145/216 45/203/217
f 312/204/218 95/205/219 236/206/220
f 242/152/221 76/207/222 132/208/223
f 183/209/224 432/210/225 97/211/226
f 66/212/227 289/213/228 162/180/229
f 316/214/230 243/215/231 317/216/232
f 109/217/233 206/218/234 339/219/235
f 271/220/236 206/221/237 109/222/238
f 318/223/239 320/224/240 319/225/241
f 302/226/242 85/227/243 1/228/244
f 51/229/245 85/227/246 302/226/247
f 84/230/248 171/231/249 321/232/250
f 296/63/251 423/48/252 333/233/253
f 169/234/254 23/235/255 62/236/256
f 87/179/257 133/178/258 145/237/259
f 214/238/260 338/239/261 178/240/262
f 50/241/263 341/242/264 340/243/265
f 348/244/266 41/245/267 335/246/268
f 74/247/269 27/248/270 182/249/271
f 105/250/272 315/251/273 115/47/274
f 316/252/275 284/253/276 243/215/277
f 414/254/278 258/255/279 351/256/280
f 352/257/281 6/258/282 288/259/283
f 353/260/284 417/261/285 354/262/286
f 67/177/287 388/263/288 133/178/289
f 34/264/290 37/265/291 91/266/292
f 301/267/293 176/268/294 441/269/295
f 1085/270/296 1069/271/297 49/272/298 13/273/299
f 528/274/300 286/275/301 474/276/302
f 22/277/303 363/278/304 21/279/305
f 482/280/306 365/281/307 1009/282/308
f 522/283/309 328/284/310 473/285/311
f 197/108/312 90/33/313 88/32/314
f 111/44/315 194/141/316 247/45/317
f 295/286/318 238/287/319 292/288/320
f 1012/289/321 501/290/322 201/291/323 157/292/324
f 371/293/325 61/294/326 71/295/327
f 343/296/328 189/297/329 173/298/330
f 371/299/331 372/300/332 94/301/333
f 99/302/334 321/303/335 18/304/336
f 77/305/337 156/306/338 122/307/339
f 1073/308/340 1060/309/341 37/310/342
f 270/311/343 411/312/344 48/313/345
f 289/213/346 155/314/347 111/44/348
f 211/315/349 155/314/350 289/213/351
f 371/316/352 103/317/353 372/318/354
f 325/319/355 147/320/356 146/321/357
f 293/322/358 194/141/359 226/140/360
f 168/323/361 67/324/362 72/325/363
f 1013/326/364 489/327/365 180/328/366 327/329/367
f 9/330/368 65/85/369 78/331/370
f 188/332/371 112/46/372 367/333/373
f 233/334/374 70/335/375 290/336/376
f 106/337/377 77/305/378 315/251/379
f 242/152/380 132/208/381 241/338/382
f 520/339/383 1037/340/384 153/341/385
f 344/129/386 228/342/387 227/26/388
f 316/343/389 246/344/390 240/345/391
f 157/346/392 130/347/393 354/348/394
f 135/349/395 364/350/396 169/234/397
f 238/287/398 60/351/399 299/352/400
f 284/353/401 305/190/402 243/189/403
f 327/329/404 180/328/405 204/29/406
f 217/354/407 222/355/408 173/356/409
f 46/357/410 315/251/411 77/305/412
f 115/47/413 220/49/414 218/358/415
f 162/180/416 65/85/417 66/212/418
f 36/359/419 82/360/420 114/361/421
f 529/362/422 524/363/423 43/364/424
f 91/365/425 106/337/426 105/250/427
f 377/366/428 379/367/429 378/368/430
f 1/228/431 176/268/432 345/369/433
f 302/370/434 1/371/435 345/372/436
f 1003/373/437 314/374/438 505/375/439
f 509/376/440 514/377/441 282/378/442 380/379/443
f 1079/380/444 381/381/445 1062/382/446
f 167/383/447 206/384/448 271/385/449
f 220/49/450 423/48/451 202/386/452
f 145/237/453 133/178/454 45/203/455
f 118/387/456 79/388/457 117/389/458
f 304/176/459 85/227/460 54/17/461
f 384/390/462 134/391/463 210/392/464
f 1085/393/465 13/394/466 1071/395/467
f 166/396/468 434/397/469 68/398/470
f 1046/399/471 508/400/472 326/401/473
f 389/402/474 368/403/475 201/404/476
f 255/405/477 16/406/478 14/407/479
f 95/181/480 161/408/481 236/409/482
f 19/410/483 36/411/484 93/412/485
f 1077/413/486 1070/414/487 385/415/488
f 118/416/489 217/417/490 79/418/491
f 42/419/492 32/420/493 369/421/494
f 117/422/495 206/423/496 350/424/497
f 406/425/498 323/426/499 224/427/500
f 397/428/501 47/429/502 398/430/503
f 11/9/504 399/8/505 72/431/506
f 256/432/507 85/227/508 51/229/509
f 400/433/510 84/434/511 3/435/512
f 122/307/513 156/306/514 101/436/515
f 338/437/516 187/438/517 184/439/518
f 338/437/519 214/440/520 187/438/521
f 491/441/522 1022/442/523 418/443/524
f 320/444/525 234/445/526 59/446/527
f 355/447/528 41/448/529 86/449/530
f 258/450/531 402/451/532 386/452/533
f 194/141/534 111/44/535 155/314/536
f 135/453/537 169/454/538 62/455/539
f 234/456/540 248/457/541 233/458/542
f 516/459/543 512/460/544 306/461/545
f 461/462/546 469/463/547 279/464/548 19/465/549
f 185/466/550 271/467/551 108/468/552
f 108/468/553 184/469/554 185/466/555
f 171/470/556 400/471/557 172/472/558
f 404/473/559 72/474/560 399/475/561
f 345/476/562 272/477/563 302/478/564
f 120/479/565 110/480/566 11/481/567
f 179/482/568 137/483/569 180/328/570
f 206/218/571 335/484/572 92/485/573
f 91/486/574 33/487/575 34/488/576
f 10/489/577 406/490/578 399/491/579
f 8/492/580 272/493/581 345/494/582
f 8/495/583 407/496/584 259/497/585
f 60/498/586 295/499/587 236/500/588
f 368/501/589 157/502/590 201/503/591
f 428/504/592 18/505/593 268/506/594
f 528/274/595 504/507/596 286/275/597
f 254/508/598 24/509/599 151/510/600
f 254/511/601 14/512/602 24/513/603
f 195/514/604 199/515/605 119/516/606
f 499/517/607 496/518/608 144/519/609 328/520/610
f 311/521/611 7/522/612 131/57/613
f 173/356/614 222/523/615 221/524/616
f 81/525/617 9/526/618 346/527/619
f 114/528/620 82/529/621 287/530/622
f 406/531/623 404/532/624 399/491/625
f 63/533/626 99/534/627 18/535/628
f 271/467/629 26/536/630 25/537/631
f 4/538/632 85/227/633 410/539/634
f 419/540/635 309/100/636 385/541/637
f 322/542/638 412/543/639 230/544/640
f 104/132/641 373/545/642 110/546/643
f 344/129/644 307/547/645 228/342/646
f 228/342/647 307/547/648 57/548/649
f 450/549/650 414/550/651 263/551/652
f 150/552/653 44/553/654 416/554/655
f 166/555/656 341/556/657 98/557/658
f 84/558/659 321/559/660 99/560/661
f 99/561/662 100/562/663 84/138/664
f 324/563/665 114/564/666 287/565/667
f 172/566/668 6/567/669 311/568/670
f 6/258/671 7/522/672 311/521/673
f 71/569/674 103/570/675 371/571/676
f 185/572/677 183/573/678 97/574/679
f 97/575/680 26/536/681 185/576/682
f 150/577/683 289/578/684 66/579/685
f 325/319/686 146/321/687 324/580/688
f 251/581/689 62/582/690 212/583/691
f 353/584/692 7/585/693 352/586/694
f 353/584/695 130/347/696 7/585/697
f 342/64/698 333/587/699 315/251/700
f 251/588/701 212/589/702 323/590/703
f 69/591/704 370/99/705 409/592/706
f 69/593/707 57/594/708 307/595/709
f 299/352/710 332/596/711 264/597/712
f 489/598/713 518/599/714 179/600/715 180/601/716
f 1073/602/717 37/603/718 1068/604/719
f 43/605/720 216/606/721 208/607/722
f 265/144/723 336/62/724 342/64/725
f 1003/608/726 502/609/727 314/610/728
f 168/611/729 72/612/730 276/613/731
f 72/612/732 404/532/733 276/613/734
f 367/614/735 408/615/736 264/616/737
f 458/617/738 464/618/739 366/619/740 420/620/741
f 371/316/742 174/621/743 61/622/744
f 222/623/745 340/624/746 166/625/747
f 215/626/748 247/45/749 194/141/750
f 433/627/751 25/628/752 347/629/753
f 433/630/754 167/631/755 25/632/756
f 35/633/757 175/634/758 75/635/759
f 331/636/760 237/22/761 330/637/762
f 362/638/763 195/514/764 207/639/765
f 446/640/766 115/47/767 218/358/768
f 446/641/769 218/642/770 314/374/771
f 168/611/772 112/46/773 374/643/774
f 335/644/775 364/645/776 92/646/777
f 335/644/778 334/647/779 364/645/780
f 160/648/781 364/645/782 384/649/783
f 339/650/784 364/645/785 160/648/786
f 153/651/787 143/652/788 225/653/789
f 114/654/790 93/655/791 36/656/792
f 123/657/793 189/658/794 329/659/795
f 296/63/796 402/660/797 423/48/798
f 401/122/799 376/124/800 96/157/801
f 401/122/802 96/157/803 97/211/804
f 96/157/805 376/124/806 281/155/807
f 327/329/808 63/661/809 326/662/810
f 240/663/811 284/253/812 316/252/813
f 321/664/814 200/665/815 415/666/816
f 321/667/817 311/668/818 200/669/819
f 35/670/820 359/671/821 107/672/822
f 90/33/823 197/108/824 275/110/825
f 78/331/826 95/181/827 203/673/828
f 95/181/829 78/331/830 65/85/831
f 193/674/832 270/675/833 48/676/834
f 290/677/835 70/678/836 281/679/837
f 70/680/838 170/681/839 281/682/840
f 530/683/841 1056/684/842 34/685/843
f 1051/686/844 530/683/845 34/685/846
f 1079/380/847 1076/687/848 297/688/849 381/381/850
f 213/689/851 163/690/852 93/412/853
f 374/643/854 215/626/855 293/322/856
f 262/691/857 144/692/858 249/693/859
f 249/694/860 144/695/861 291/696/862
f 291/696/863 144/695/864 198/697/865
f 1036/698/866 1055/699/867 225/700/868 356/701/869
f 308/702/870 203/703/871 420/704/872
f 203/673/873 312/705/874 420/620/875
f 374/643/876 247/45/877 215/626/878
f 75/150/879 242/152/880 35/706/881
f 35/706/882 242/152/883 241/707/884
f 324/708/885 146/709/886 124/710/887
f 380/711/888 282/378/889 313/712/890
f 47/161/891 151/713/892 24/162/893
f 222/355/894 217/354/895 340/714/896
f 393/715/897 377/366/898 304/176/899
f 104/716/900 159/717/901 373/718/902
f 283/719/903 20/720/904 56/721/905
f 350/722/906 206/723/907 167/724/908
f 292/725/909 238/726/910 299/727/911
f 441/269/912 176/268/913 1/228/914
f 377/153/915 317/23/916 243/728/917
f 503/729/918 1038/730/919 328/731/920 262/732/921
f 303/733/922 297/734/923 17/735/924
f 70/335/925 233/334/926 424/736/927
f 368/737/928 89/738/929 129/739/930
f 484/740/931 485/741/932 428/742/933 427/743/934
f 73/744/935 39/745/936 429/746/937
f 275/747/938 430/748/939 90/749/940
f 252/750/941 187/751/942 214/752/943
f 30/94/944 31/753/945 214/95/946
f 347/754/947 21/755/948 68/756/949
f 162/757/950 161/758/951 95/759/952
f 288/760/953 6/761/954 4/538/955
f 6/762/956 172/763/957 4/764/958
f 187/765/959 358/766/960 186/767/961
f 260/768/962 89/72/963 164/71/964
f 298/769/965 107/770/966 10/771/967
f 210/772/968 134/773/969 165/774/970
f 254/511/971 223/775/972 14/512/973
f 431/776/974 254/508/975 151/510/976
f 278/777/977 36/778/978 279/779/979
f 279/780/980 36/781/981 19/782/982
f 36/411/983 278/783/984 79/784/985
f 135/785/986 384/786/987 364/645/988
f 134/787/989 384/788/990 135/789/991
f 182/249/992 229/790/993 142/791/994
f 182/249/995 142/791/996 116/792/997
f 235/793/998 105/794/999 80/795/1000
f 212/796/1001 23/797/1002 387/798/1003
f 416/799/1004 155/314/1005 211/315/1006
f 268/800/1007 427/801/1008 428/802/1009
f 120/803/1010 11/804/1011 145/805/1012
f 145/805/1013 11/804/1014 87/806/1015
f 387/807/1016 140/808/1017 212/583/1018
f 177/809/1019 384/810/1020 210/811/1021
f 224/427/1022 404/812/1023 406/425/1024
f 145/813/1025 45/814/1026 122/815/1027
f 145/237/1028 122/307/1029 207/639/1030
f 379/816/1031 393/817/1032 55/818/1033
f 432/819/1034 186/820/1035 401/821/1036
f 200/822/1037 131/823/1038 260/824/1039
f 200/825/1040 311/826/1041 131/827/1042
f 292/828/1043 337/829/1044 140/830/1045
f 292/831/1046 140/832/1047 387/798/1048
f 120/479/1049 207/639/1050 195/514/1051
f 1066/833/1052 1063/834/1053 362/638/1054 349/835/1055
f 165/774/1056 359/836/1057 210/772/1058
f 143/652/1059 313/160/1060 56/837/1061
f 143/652/1062 56/837/1063 69/838/1064
f 129/839/1065 130/840/1066 157/841/1067
f 429/842/1068 266/843/1069 73/844/1070
f 406/845/1071 10/846/1072 107/847/1073
f 98/848/1074 433/849/1075 434/850/1076
f 394/851/1077 240/852/1078 411/853/1079
f 300/854/1080 240/852/1081 394/851/1082
f 265/144/1083 125/855/1084 336/62/1085
f 336/62/1086 125/855/1087 71/295/1088
f 365/856/1089 34/857/1090 33/858/1091
f 130/58/1092 131/57/1093 7/522/1094
f 184/859/1095 186/860/1096 183/209/1097
f 57/548/1098 20/861/1099 277/862/1100
f 277/862/1101 192/863/1102 57/548/1103
f 385/864/1104 199/865/1105 195/866/1106
f 309/100/1107 250/867/1108 149/868/1109
f 88/869/1110 368/403/1111 389/402/1112
f 88/870/1113 89/871/1114 368/872/1115
f 285/873/1116 426/874/1117 392/875/1118
f 145/237/1119 207/639/1120 120/479/1121
f 428/876/1122 326/877/1123 63/878/1124
f 63/879/1125 18/880/1126 428/881/1127
f 166/882/1128 98/883/1129 434/884/1130
f 264/597/1131 337/829/1132 299/352/1133
f 108/885/1134 205/886/1135 184/887/1136
f 480/888/1137 1058/889/1138 329/890/1139 343/891/1140
f 480/892/1141 343/893/1142 1015/894/1143
f 490/895/1144 1044/896/1145 157/897/1146
f 57/898/1147 192/899/1148 181/900/1149
f 228/342/1150 57/548/1151 181/901/1152
f 339/650/1153 206/902/1154 92/646/1155
f 112/46/1156 188/332/1157 269/903/1158
f 364/645/1159 339/650/1160 92/646/1161
f 1072/904/1162 17/905/1163 1067/906/1164
f 121/145/1165 265/144/1166 46/357/1167
f 46/357/1168 265/144/1169 342/64/1170
f 126/907/1171 148/143/1172 293/322/1173
f 20/861/1174 57/548/1175 56/908/1176
f 100/909/1177 116/910/1178 84/138/1179
f 141/911/1180 84/912/1181 116/913/1182
f 1066/914/1183 349/915/1184 1080/916/1185
f 102/917/1186 338/918/1187 205/919/1188
f 178/240/1189 338/239/1190 102/920/1191
f 1016/921/1192 52/922/1193 1010/923/1194
f 85/924/1195 4/925/1196 2/926/1197
f 315/927/1198 46/928/1199 342/929/1200
f 295/930/1201 312/705/1202 236/409/1203
f 312/204/1204 295/120/1205 369/931/1206
f 107/770/1207 175/634/1208 35/633/1209
f 100/103/1210 64/932/1211 22/104/1212
f 61/294/1213 386/933/1214 336/62/1215
f 29/934/1216 414/935/1217 351/936/1218
f 246/937/1219 193/938/1220 48/939/1221
f 52/127/1222 346/940/1223 147/941/1224
f 1036/698/1225 356/701/1226 1053/942/1227
f 122/307/1228 45/203/1229 121/145/1230
f 93/53/1231 114/59/1232 124/54/1233
f 204/29/1234 180/328/1235 137/483/1236
f 106/337/1237 91/365/1238 156/306/1239
f 48/943/1240 411/944/1241 240/945/1242
f 246/937/1243 48/943/1244 240/945/1245
f 413/946/1246 267/947/1247 268/948/1248
f 231/949/1249 322/950/1250 439/951/1251
f 270/952/1252 277/953/1253 216/606/1254
f 334/954/1255 355/955/1256 86/956/1257
f 367/957/1258 112/958/1259 168/959/1260
f 168/959/1261 276/960/1262 367/957/1263
f 302/226/1264 272/961/1265 209/962/1266
f 319/963/1267 320/964/1268 58/965/1269
f 59/966/1270 58/967/1271 320/968/1272
f 315/251/1273 105/250/1274 106/337/1275
f 9/969/1276 146/321/1277 346/970/1278
f 146/321/1279 147/320/1280 346/970/1281
f 491/971/1282 418/972/1283 1011/973/1284
f 482/974/1285 1048/975/1286 365/976/1287
f 440/977/1288 173/356/1289 221/524/1290
f 269/903/1291 111/44/1292 112/46/1293
f 255/978/1294 216/606/1295 43/605/1296
f 223/775/1297 216/606/1298 255/978/1299
f 374/643/1300 388/263/1301 67/177/1302
f 41/979/1303 42/419/1304 369/421/1305
f 309/100/1306 419/540/1307 12/101/1308
f 240/980/1309 441/981/1310 284/982/1311
f 120/479/1312 104/983/1313 110/480/1314
f 232/984/1315 396/985/1316 83/986/1317
f 281/155/1318 376/124/1319 239/123/1320
f 276/987/1321 408/988/1322 367/989/1323
f 270/990/1324 254/991/1325 431/992/1326
f 411/944/1327 270/993/1328 431/776/1329
f 26/994/1330 97/995/1331 390/996/1332
f 232/997/1333 228/998/1334 181/999/1335
f 86/1000/1336 23/1001/1337 169/1002/1338
f 215/626/1339 194/141/1340 293/322/1341
f 269/1003/1342 332/1004/1343 161/1005/1344
f 384/1006/1345 177/1007/1346 113/1008/1347
f 113/1008/1348 160/1009/1349 384/1006/1350
f 199/1010/1351 309/100/1352 149/868/1353
f 159/1011/1354 199/1010/1355 149/868/1356
f 171/1012/1357 172/1013/1358 311/1014/1359
f 321/1015/1360 171/1012/1361 311/1014/1362
f 356/701/1363 360/1016/1364 17/1017/1365
f 519/1018/1366 1017/1019/1367 403/1020/1368 435/1021/1369
f 109/1022/1370 177/1023/1371 132/1024/1372
f 132/1024/1373 108/1025/1374 109/1022/1375
f 203/703/1376 308/1026/1377 78/1027/1378
f 26/1028/1379 390/1029/1380 347/1030/1381
f 150/1031/1382 310/1032/1383 44/1033/1384
f 97/995/1385 96/1034/1386 170/1035/1387
f 148/143/1388 121/145/1389 133/178/1390
f 190/1036/1391 191/1037/1392 361/1038/1393
f 391/1039/1394 191/1037/1395 196/1040/1396
f 351/1041/1397 61/1042/1398 94/1043/1399
f 416/799/1400 249/693/1401 155/314/1402
f 344/1044/1403 253/1045/1404 307/595/1405
f 234/445/1406 280/1046/1407 248/1047/1408
f 1050/1048/1409 282/1049/1410 514/1050/1411
f 39/1051/1412 58/1052/1413 290/1053/1414
f 59/446/1415 290/1054/1416 58/1055/1417
f 344/1044/1418 227/1056/1419 250/867/1420
f 227/1056/1421 373/1057/1422 250/867/1423
f 161/1058/1424 60/1059/1425 236/1060/1426
f 527/1061/1427 259/497/1428 531/1062/1429
f 32/420/1430 420/620/1431 369/1063/1432
f 373/1064/1433 159/1065/1434 149/1066/1435
f 309/100/1436 370/99/1437 253/1045/1438
f 309/1067/1439 253/1068/1440 250/1069/1441
f 2/926/1442 54/1070/1443 85/924/1444
f 262/1071/1445 328/1072/1446 144/1073/1447
f 373/1074/1448 175/1075/1449 298/1076/1450
f 273/149/1451 317/23/1452 377/153/1453
f 383/1077/1454 318/1078/1455 424/1079/1456
f 28/1080/1457 27/1081/1458 424/1082/1459
f 424/1079/1460 27/1083/1461 70/1084/1462
f 424/1082/1463 318/1085/1464 28/1080/1465
f 382/1086/1466 383/1087/1467 442/1088/1468
f 437/1089/1469 443/1090/1470 438/1091/1471
f 421/1092/1472 443/1093/1473 437/1094/1474
f 8/1095/1475 345/1096/1476 407/1097/1477
f 345/1098/1478 357/1099/1479 407/1100/1480
f 434/1101/1481 433/1102/1482 68/756/1483
f 433/1102/1484 347/754/1485 68/756/1486
f 15/163/1487 398/1103/1488 47/161/1489
f 231/1104/1490 398/1105/1491 15/1106/1492
f 109/217/1493 113/1107/1494 177/1108/1495
f 1043/1109/1496 255/1110/1497 525/1111/1498
f 75/1112/1499 175/1113/1500 227/1114/1501
f 181/1115/1502 193/938/1503 294/1116/1504
f 69/1117/1505 56/908/1506 57/548/1507
f 313/160/1508 283/159/1509 56/837/1510
f 347/1118/1511 390/1119/1512 21/1120/1513
f 74/1121/1514 21/1122/1515 390/1123/1516
f 38/1124/1517 196/1125/1518 40/1126/1519
f 391/1127/1520 196/1128/1521 38/1129/1522
f 3/5/1523 55/18/1524 2/6/1525
f 107/770/1526 298/769/1527 175/1130/1528
f 207/639/1529 349/835/1530 362/638/1531
f 373/545/1532 298/769/1533 110/546/1534
f 110/1131/1535 298/1132/1536 10/1133/1537
f 357/1134/1538 301/267/1539 139/1135/1540
f 255/1136/1541 139/1137/1542 16/1138/1543
f 135/1139/1544 62/1140/1545 165/1141/1546
f 251/1142/1547 359/1143/1548 62/1144/1549
f 359/1143/1550 165/1145/1551 62/1144/1552
f 35/1146/1553 241/707/1554 210/772/1555
f 359/836/1556 35/1146/1557 210/772/1558
f 300/1147/1559 441/1148/1560 240/1149/1561
f 301/1150/1562 441/1148/1563 300/1147/1564
f 172/472/1565 400/1151/1566 4/1152/1567
f 209/962/1568 288/760/1569 410/539/1570
f 256/432/1571 209/962/1572 410/539/1573
f 209/1153/1574 352/1154/1575 288/1155/1576
f 83/1156/1577 76/1157/1578 75/1158/1579
f 39/745/1580 290/1159/1581 281/1160/1582
f 353/584/1583 354/348/1584 130/347/1585
f 360/1161/1586 225/1162/1587 409/592/1588
f 143/652/1589 380/1163/1590 313/160/1591
f 380/1163/1592 143/652/1593 153/651/1594
f 225/700/1595 143/1164/1596 409/1165/1597
f 409/1165/1598 143/1164/1599 69/1166/1600
f 374/643/1601 293/322/1602 388/263/1603
f 284/982/1604 441/981/1605 305/1167/1606
f 438/1168/1607 244/1169/1608 445/1170/1609
f 445/1171/1610 444/1172/1611 438/1173/1612
f 268/1174/1613 18/1175/1614 413/1176/1615
f 18/1177/1616 415/1178/1617 413/1179/1618
f 205/1180/1619 132/1181/1620 102/1182/1621
f 280/1046/1622 257/1183/1623 248/1047/1624
f 501/1184/1625 1027/1185/1626 285/1186/1627 201/1187/1628
f 425/1188/1629 139/1135/1630 301/267/1631
f 300/1189/1632 425/1190/1633 301/1191/1634
f 425/1188/1635 16/1192/1636 139/1135/1637
f 55/18/1638 196/1193/1639 379/367/1640
f 196/1193/1641 191/1194/1642 379/367/1643
f 401/1195/1644 186/1196/1645 358/1197/1646
f 379/367/1647 191/1194/1648 378/368/1649
f 347/629/1650 25/1198/1651 26/1199/1652
f 30/1200/1653 237/1201/1654 158/1202/1655
f 273/149/1656 158/24/1657 317/23/1658
f 506/1203/1659 1031/1204/1660 380/1205/1661
f 509/1206/1662 380/1207/1663 1031/1208/1664
f 307/595/1665 370/99/1666 69/591/1667
f 253/1045/1668 370/99/1669 307/595/1670
f 68/1209/1671 363/1210/1672 154/1211/1673
f 363/1212/1674 68/1213/1675 21/1214/1676
f 244/1215/1677 245/1216/1678 445/1217/1679
f 212/1218/1680 62/236/1681 23/1219/1682
f 102/1220/1683 83/1221/1684 178/93/1685
f 304/176/1686 305/1222/1687 1/228/1688
f 1/228/1689 85/227/1690 304/176/1691
f 319/1223/1692 28/1224/1693 318/1225/1694
f 229/1226/1695 28/1224/1696 319/1223/1697
f 58/1227/1698 229/1226/1699 319/1223/1700
f 229/1226/1701 58/1227/1702 40/1228/1703
f 425/1229/1704 230/1230/1705 16/1231/1706
f 16/1232/1707 230/1233/1708 412/1234/1709
f 193/938/1710 192/863/1711 277/862/1712
f 277/862/1713 270/993/1714 193/938/1715
f 446/1235/1716 235/1236/1717 80/1237/1718
f 22/1238/1719 63/1239/1720 204/1240/1721
f 22/1241/1722 64/1242/1723 63/1243/1724
f 412/1244/1725 322/1245/1726 231/1246/1727
f 15/1106/1728 412/1247/1729 231/1104/1730
f 448/1248/1731 398/1249/1732 128/1250/1733
f 138/1251/1734 398/1249/1735 448/1248/1736
f 447/1252/1737 397/1253/1738 138/1254/1739
f 397/1255/1740 398/1256/1741 138/1257/1742
f 14/1258/1743 223/1259/1744 255/1260/1745
f 234/1261/1746 320/1262/1747 280/1263/1748
f 245/1264/1749 448/1265/1750 127/1266/1751
f 437/1267/1752 438/1268/1753 245/1269/1754
f 189/658/1755 343/1270/1756 329/659/1757
f 379/367/1758 377/366/1759 393/715/1760
f 55/18/1761 393/715/1762 304/176/1763
f 378/1271/1764 191/1272/1765 377/1273/1766
f 353/1274/1767 352/1275/1768 209/1276/1769
f 272/1277/1770 417/1278/1771 353/1274/1772
f 395/1279/1773 30/1280/1774 178/1281/1775
f 136/1282/1776 221/1283/1777 137/1284/1778
f 136/1285/1779 440/1286/1780 221/524/1781
f 221/1287/1782 154/1288/1783 137/1289/1784
f 204/29/1785 137/483/1786 154/1290/1787
f 357/1291/1788 418/1292/1789 407/1100/1790
f 139/1293/1791 418/1294/1792 357/1295/1793
f 33/1296/1794 235/1297/1795 365/1298/1796
f 492/1299/1797 1009/1300/1798 365/1301/1799 235/1302/1800
f 318/1225/1801 383/1303/1802 382/1304/1803
f 318/223/1804 382/1305/1805 320/224/1806
f 187/1306/1807 239/1307/1808 358/1308/1809
f 252/1309/1810 239/1310/1811 187/1311/1812
f 358/1312/1813 239/1313/1814 401/1314/1815
f 232/27/1816 227/26/1817 228/1315/1818
f 337/1316/1819 264/1317/1820 224/1318/1821
f 224/1318/1822 264/1317/1823 408/1319/1824
f 11/1320/1825 110/480/1826 10/1321/1827
f 72/1322/1828 67/1323/1829 87/1324/1830
f 72/1325/1831 87/1324/1832 11/1326/1833
f 335/484/1834 206/218/1835 117/1327/1836
f 199/515/1837 159/1328/1838 119/516/1839
f 309/100/1840 199/1010/1841 385/541/1842
f 410/1329/1843 85/924/1844 256/1330/1845
f 294/1331/1846 330/1332/1847 396/1333/1848
f 193/938/1849 330/637/1850 294/1116/1851
f 216/1334/1852 277/862/1853 208/1335/1854
f 208/1335/1855 277/862/1856 20/861/1857
f 390/1336/1858 97/1337/1859 170/1338/1860
f 391/1039/1861 361/1038/1862 191/1037/1863
f 266/1339/1864 361/1340/1865 391/1341/1866
f 86/1342/1867 169/1343/1868 334/1344/1869
f 334/1344/1870 169/1343/1871 364/1345/1872
f 205/1346/1873 338/437/1874 184/439/1875
f 431/1347/1876 151/80/1877 411/82/1878
f 77/305/1879 121/145/1880 46/357/1881
f 154/1348/1882 222/1349/1883 166/1350/1884
f 345/369/1885 176/268/1886 357/1134/1887
f 128/1351/1888 398/1352/1889 231/1353/1890
f 394/851/1891 411/853/1892 230/1354/1893
f 230/1355/1894 411/1356/1895 322/1357/1896
f 296/63/1897 333/233/1898 342/64/1899
f 410/539/1900 288/760/1901 4/538/1902
f 322/1358/1903 47/429/1904 439/1359/1905
f 151/1360/1906 47/429/1907 322/1358/1908
f 1002/1361/1909 477/1362/1910 417/1278/1911
f 128/1363/1912 127/1364/1913 448/1365/1914
f 107/1366/1915 359/836/1916 251/581/1917
f 357/1134/1918 176/268/1919 301/267/1920
f 208/1367/1921 422/1368/1922 53/1369/1923
f 1014/1370/1924 1004/1371/1925 37/1372/1926 405/1373/1927
f 81/84/1928 66/1374/1929 65/85/1930
f 430/1375/1931 274/1376/1932 415/1377/1933
f 415/1378/1934 274/1379/1935 413/1380/1936
f 275/1381/1937 274/1376/1938 430/1375/1939
f 400/1382/1940 3/1383/1941 5/1384/1942
f 142/1385/1943 40/1228/1944 196/1386/1945
f 229/1226/1946 40/1228/1947 142/1385/1948
f 71/1387/1949 61/622/1950 336/1388/1951
f 185/1389/1952 26/994/1953 271/1390/1954
f 1020/1391/1955 494/1392/1956 17/1393/1957
f 395/1394/1958 237/1395/1959 30/94/1960
f 74/1396/1961 116/1397/1962 21/102/1963
f 138/1257/1964 448/1398/1965 447/1399/1966
f 1062/1400/1967 381/1401/1968 1074/1402/1969
f 285/873/1970 427/1403/1971 426/874/1972
f 102/1404/1973 132/1405/1974 76/1406/1975
f 136/1407/1976 137/1408/1977 179/1409/1978
f 438/1410/1979 443/1411/1980 449/1412/1981
f 510/1413/1982 1054/1414/1983 219/117/1984 261/1415/1985
f 90/73/1986 430/1416/1987 164/71/1988
f 164/71/1989 430/1416/1990 200/1417/1991
f 402/1418/1992 258/1419/1993 450/1420/1994
f 216/606/1995 223/775/1996 254/511/1997
f 195/514/1998 119/516/1999 120/479/2000
f 499/1421/2001 328/1422/2002 522/1423/2003
f 112/46/2004 247/45/2005 374/643/2006
f 349/835/2007 207/639/2008 122/307/2009
f 405/1424/2010 37/310/2011 34/1425/2012
f 140/1426/2013 224/1427/2014 212/1428/2015
f 337/1429/2016 224/1427/2017 140/1426/2018
f 445/1430/2019 127/1431/2020 444/1432/2021
f 245/1433/2022 127/1434/2023 445/1435/2024
f 419/1436/2025 385/864/2026 13/1437/2027
f 219/1438/2028 220/1439/2029 202/1440/2030
f 202/1441/2031 261/1442/2032 219/1443/2033
f 348/1444/2034 335/1445/2035 278/1446/2036
f 289/213/2037 150/1447/2038 211/315/2039
f 105/250/2040 33/1448/2041 91/365/2042
f 235/1449/2043 33/1450/2044 105/1451/2045
f 367/333/2046 332/596/2047 188/332/2048
f 332/1004/2049 269/1452/2050 188/1453/2051
f 6/258/2052 352/257/2053 7/522/2054
f 440/1454/2055 343/296/2056 173/298/2057
f 79/1455/2058 217/1456/2059 36/1457/2060
f 123/1458/2061 36/1459/2062 217/1460/2063
f 400/1461/2064 5/4/2065 4/538/2066
f 51/229/2067 302/226/2068 209/962/2069
f 256/432/2070 51/229/2071 209/962/2072
f 339/219/2073 113/1107/2074 109/217/2075
f 348/1462/2076 42/1463/2077 41/1464/2078
f 83/1156/2079 75/1158/2080 232/1465/2081
f 22/1466/2082 204/1467/2083 363/1468/2084
f 438/1168/2085 449/1469/2086 244/1169/2087
f 433/1470/2088 98/1471/2089 350/1472/2090
f 350/1473/2091 167/1474/2092 433/1475/2093
f 60/1059/2094 332/1476/2095 299/1477/2096
f 161/1058/2097 332/1476/2098 60/1059/2099
f 287/1478/2100 82/1479/2101 329/1480/2102
f 476/1481/2103 517/1482/2104 372/1483/2105 198/1484/2106
f 204/1485/2107 63/1486/2108 327/1487/2109
f 381/1488/2110 297/1489/2111 303/1490/2112
f 303/1491/2113 49/1492/2114 381/1493/2115
f 395/1494/2116 83/1495/2117 396/1496/2118
f 395/1497/2119 396/1498/2120 330/637/2121
f 395/1499/2122 330/1500/2123 237/1501/2124
f 360/1502/2125 356/701/2126 225/700/2127
f 275/110/2128 436/109/2129 274/1503/2130
f 436/1504/2131 413/1505/2132 274/1506/2133
f 21/102/2134 116/1397/2135 100/1507/2136
f 190/1036/2137 361/1038/2138 273/1508/2139
f 330/637/2140 193/938/2141 331/636/2142
f 331/636/2143 193/938/2144 246/937/2145
f 316/343/2146 331/1509/2147 246/1510/2148
f 387/798/2149 23/797/2150 292/831/2151
f 189/107/2152 217/106/2153 173/1511/2154
f 442/1512/2155 383/1513/2156 257/1514/2157
f 304/188/2158 377/1515/2159 243/189/2160
f 190/1516/2161 377/1273/2162 191/1272/2163
f 174/1517/2164 94/1518/2165 61/1519/2166
f 3/5/2167 141/1520/2168 55/18/2169
f 55/18/2170 141/1520/2171 196/1193/2172
f 196/1125/2173 141/1521/2174 142/791/2175
f 141/1521/2176 116/792/2177 142/791/2178
f 74/1522/2179 182/1523/2180 116/1524/2181
f 170/1525/2182 74/1526/2183 390/1527/2184
f 171/1528/2185 84/1529/2186 400/1530/2187
f 341/1531/2188 117/1532/2189 98/883/2190
f 50/1533/2191 117/1534/2192 341/556/2193
f 118/1535/2194 117/1534/2195 50/1533/2196
f 209/962/2197 272/961/2198 353/1536/2199
f 18/1537/2200 321/1538/2201 415/1539/2202
f 53/1540/2203 43/1541/2204 208/1542/2205
f 467/1543/2206 366/1544/2207 457/1545/2208
f 200/1546/2209 430/1375/2210 415/1377/2211
f 466/1547/2212 213/689/2213 124/1548/2214
f 260/1549/2215 129/56/2216 89/1550/2217
f 131/57/2218 129/56/2219 260/1549/2220
f 402/1551/2221 296/1552/2222 386/1553/2223
f 402/660/2224 450/1554/2225 423/48/2226
f 267/1555/2227 436/1556/2228 197/1557/2229
f 267/947/2230 413/946/2231 436/1558/2232
f 267/1559/2233 426/1560/2234 427/1561/2235
f 267/1559/2236 427/1561/2237 268/1562/2238
f 160/1563/2239 113/1564/2240 339/1565/2241
f 404/1566/2242 224/1567/2243 408/1568/2244
f 408/1568/2245 276/1569/2246 404/1566/2247
f 299/352/2248 337/829/2249 292/828/2250
f 99/1570/2251 64/1571/2252 100/1572/2253
f 64/1573/2254 99/1574/2255 63/1575/2256
f 267/1555/2257 197/1557/2258 392/1576/2259
f 197/1577/2260 88/1578/2261 392/1579/2262
f 267/1580/2263 392/1579/2264 426/1581/2265
f 120/479/2266 119/516/2267 104/983/2268
f 106/337/2269 156/306/2270 77/305/2271
f 392/875/2272 201/291/2273 285/873/2274
f 392/1582/2275 389/1583/2276 201/1584/2277
f 1026/1585/2278 487/1586/2279 285/1186/2280
f 515/1587/2281 428/1588/2282 485/1589/2283
f 250/867/2284 373/1057/2285 149/868/2286
f 74/247/2287 170/1590/2288 27/248/2289
f 12/101/2290 409/592/2291 370/99/2292
f 424/1591/2293 233/1592/2294 248/1593/2295
f 335/644/2296 355/1594/2297 334/647/2298
f 335/1595/2299 41/1596/2300 355/1597/2301
f 460/1598/2302 463/1599/2303 32/420/2304
f 463/1600/2305 454/1601/2306 32/1602/2307
f 310/1603/2308 150/1604/2309 403/1605/2310
f 291/168/2311 372/318/2312 103/317/2313
f 369/1606/2314 420/1607/2315 312/1608/2316
f 39/1609/2317 40/1610/2318 58/1055/2319
f 418/443/2320 259/497/2321 407/496/2322
f 4/538/2323 5/4/2324 2/6/2325
f 439/1611/2326 397/1612/2327 447/1613/2328
f 128/1614/2329 439/1615/2330 127/1616/2331
f 291/1617/2332 198/1618/2333 372/1619/2334
f 300/1620/2335 230/1621/2336 425/1229/2337
f 394/851/2338 230/1622/2339 300/854/2340
f 396/1623/2341 232/175/2342 294/174/2343
f 12/1624/2344 360/1016/2345 409/1165/2346
f 12/101/2347 49/1625/2348 360/1161/2349
f 360/1161/2350 49/1625/2351 303/186/2352
f 252/1309/2353 31/1626/2354 266/1627/2355
f 82/1628/2356 123/657/2357 329/659/2358
f 203/703/2359 95/205/2360 312/204/2361
f 308/197/2362 366/1629/2363 124/198/2364
f 292/725/2365 41/448/2366 295/120/2367
f 86/1630/2368 41/1631/2369 292/1632/2370
f 1015/1633/2371 343/1270/2372 1006/1634/2373
f 471/1635/2374 1006/1636/2375 343/296/2376
f 81/1637/2377 346/940/2378 435/1638/2379
f 244/1639/2380 421/1092/2381 245/1640/2382
f 245/1640/2383 421/1092/2384 437/1094/2385
f 59/446/2386 233/1641/2387 290/1642/2388
f 59/446/2389 234/445/2390 233/1641/2391
f 266/1643/2392 31/1644/2393 152/1645/2394
f 152/1646/2395 31/1647/2396 158/1648/2397
f 129/739/2398 157/1649/2399 368/737/2400
f 245/1269/2401 438/1268/2402 448/1650/2403
f 438/1651/2404 444/1652/2405 448/1653/2406
f 350/424/2407 98/1654/2408 117/422/2409
f 280/1655/2410 320/224/2411 382/1305/2412
f 296/63/2413 336/62/2414 386/933/2415
f 332/1656/2416 367/1657/2417 264/1658/2418
f 81/1659/2419 435/50/2420 150/1031/2421
f 81/1660/2422 150/1661/2423 66/1662/2424
f 494/1663/2425 1053/942/2426 356/701/2427 17/1017/2428
f 115/47/2429 333/1664/2430 423/48/2431
f 202/386/2432 450/1554/2433 263/1665/2434
f 161/408/2435 162/180/2436 289/213/2437
f 161/1666/2438 289/1667/2439 111/1668/2440
f 67/177/2441 168/611/2442 374/643/2443
f 269/903/2444 161/408/2445 111/44/2446
f 83/1669/2447 395/1394/2448 178/93/2449
f 422/1670/2450 283/1671/2451 282/378/2452
f 254/511/2453 270/952/2454 216/606/2455
f 193/1672/2456 181/1673/2457 192/1674/2458
f 373/1675/2459 227/1676/2460 175/1113/2461
f 107/770/2462 323/1677/2463 406/1678/2464
f 107/847/2465 251/581/2466 323/1679/2467
f 340/1680/2468 341/1681/2469 166/78/2470
f 183/209/2471 186/860/2472 432/210/2473
f 283/1682/2474 422/1368/2475 20/1683/2476
f 20/1683/2477 422/1368/2478 208/1367/2479
f 101/436/2480 375/1684/2481 349/835/2482
f 349/835/2483 122/307/2484 101/436/2485
f 447/1685/2486 127/1686/2487 439/1687/2488
f 419/540/2489 13/273/2490 12/101/2491
f 13/273/2492 49/1625/2493 12/101/2494
f 416/799/2495 262/1688/2496 249/693/2497
f 447/1689/2498 448/1690/2499 444/1691/2500
f 447/1685/2501 444/1692/2502 127/1686/2503
f 38/1693/2504 73/1694/2505 391/1695/2506
f 73/1696/2507 266/1697/2508 391/1698/2509
f 202/386/2510 263/1665/2511 261/1415/2512
f 1012/289/2513 157/292/2514 1044/1699/2515
f 91/1700/2516 37/1701/2517 156/1702/2518
f 184/1703/2519 187/1704/2520 186/1705/2521
f 450/1554/2522 202/386/2523 423/48/2524
f 88/1578/2525 389/1583/2526 392/1579/2527
f 308/1706/2528 146/321/2529 9/969/2530
f 9/1707/2531 78/1708/2532 308/1709/2533
f 239/1710/2534 252/1711/2535 266/1643/2536
f 258/1712/2537 386/1713/2538 351/1714/2539
f 351/1715/2540 386/1716/2541 61/1717/2542
f 278/1718/2543 335/1719/2544 117/1720/2545
f 36/656/2546 123/1721/2547 82/1722/2548
f 194/141/2549 155/314/2550 249/693/2551
f 154/1723/2552 221/1724/2553 222/1725/2554
f 214/95/2555 31/753/2556 252/1726/2557
f 366/1727/2558 308/702/2559 420/704/2560
f 1039/1728/2561 94/1518/2562 1040/1729/2563
f 148/143/2564 388/263/2565 293/322/2566
f 133/178/2567 388/263/2568 148/143/2569
f 80/1730/2570 105/250/2571 115/47/2572
f 132/208/2573 210/772/2574 241/338/2575
f 459/1731/2576 462/1732/2577 458/1733/2578 420/620/2579
f 115/47/2580 446/640/2581 80/1730/2582
f 28/1224/2583 229/1226/2584 182/1734/2585
f 182/1735/2586 27/1736/2587 28/1737/2588
f 27/1738/2589 170/156/2590 70/335/2591
f 439/1687/2592 47/1739/2593 397/1740/2594
f 231/949/2595 439/951/2596 128/1741/2597
f 306/1742/2598 325/1743/2599 324/1744/2600
f 1021/1745/2601 1024/1746/2602 422/1747/2603
f 523/1748/2604 516/1749/2605 306/461/2606
f 83/1750/2607 102/1751/2608 76/1752/2609
f 317/23/2610 237/22/2611 331/636/2612
f 331/636/2613 316/1753/2614 317/23/2615
f 500/1754/2616 310/1755/2617 1029/1756/2618
f 361/1757/2619 152/1758/2620 273/1759/2621
f 424/1591/2622 248/1593/2623 383/1760/2624
f 103/1761/2625 125/855/2626 226/140/2627
f 71/295/2628 125/855/2629 103/1761/2630
f 266/1762/2631 429/1763/2632 239/123/2633
f 429/1763/2634 281/155/2635 239/123/2636
f 449/1469/2637 443/1764/2638 421/1765/2639
f 244/1169/2640 449/1469/2641 421/1765/2642
f 211/315/2643 150/1447/2644 416/799/2645
f 125/855/2646 126/907/2647 226/140/2648
f 213/1766/2649 465/1767/2650 163/1768/2651
f 465/1769/2652 470/1770/2653 163/1771/2654
f 1055/699/2655 520/339/2656 153/341/2657 225/700/2658
f 148/143/2659 126/907/2660 265/144/2661
f 265/144/2662 126/907/2663 125/855/2664
f 403/1772/2665 150/1773/2666 435/1774/2667
f 262/732/2668 416/1775/2669 44/1033/2670
f 414/254/2671 450/549/2672 258/255/2673
f 29/1776/2674 351/1777/2675 94/1778/2676
f 429/1779/2677 39/1780/2678 281/1781/2679
f 401/122/2680 97/211/2681 432/210/2682
f 315/251/2683 333/1782/2684 115/47/2685
f 194/1783/2686 291/1784/2687 103/1785/2688
f 340/1786/2689 217/417/2690 50/1787/2691
f 50/1788/2692 217/1789/2693 118/1790/2694
f 14/512/2695 15/1106/2696 24/513/2697
f 442/1791/2698 280/1655/2699 382/1792/2700
f 442/1793/2701 257/1183/2702 280/1046/2703
f 271/467/2704 25/1794/2705 167/1795/2706
f 295/120/2707 41/448/2708 369/931/2709
f 366/1544/2710 467/1543/2711 466/1796/2712 124/1797/2713
f 19/1798/2714 468/1799/2715 461/1800/2716
f 163/1801/2717 456/1802/2718 468/1803/2719 19/465/2720
f 163/1801/2721 470/1804/2722 456/1802/2723
f 279/1805/2724 469/1806/2725 455/1807/2726 348/1808/2727
f 32/420/2728 454/1809/2729 453/1810/2730
f 32/420/2731 453/1810/2732 459/1731/2733 420/620/2734
f 32/420/2735 42/419/2736 451/1811/2737 460/1598/2738
f 348/1812/2739 452/1813/2740 451/1814/2741 42/1815/2742
f 466/1547/2743 467/1543/2744 457/1545/2745 464/1816/2746 458/1733/2747 462/1732/2748 459/1731/2749 453/1810/2750 454/1601/2751 463/1599/2752 460/1598/2753 451/1814/2754 452/1/2755 455/1807/2756 469/463/2757 461/1800/2758 468/1803/2759 456/1802/2760 470/1770/2761 465/1767/2762 213/689/2763
f 255/1110/2764 43/364/2765 524/363/2766 525/1111/2767
f 8/495/2768 259/497/2769 527/1061/2770 1052/1817/2771
f 8/1818/2772 1052/1819/2773 526/1820/2774 272/1277/2775
f 365/1821/2776 1048/1822/2777 1051/1823/2778 34/1824/2779
f 259/497/2780 1047/1825/2781 531/1062/2782
f 136/1826/2783 1057/1827/2784 521/1828/2785
f 326/1829/2786 1059/1830/2787 1046/1831/2788
f 326/1829/2789 428/1832/2790 515/1833/2791 1059/1830/2792
f 136/1834/2793 521/1835/2794 513/1836/2795 440/1454/2796
f 261/1837/2797 511/1838/2798 510/1839/2799
f 327/329/2800 326/662/2801 508/1840/2802 1042/1841/2803
f 306/461/2804 512/1842/2805 507/1843/2806 325/319/2807
f 52/1844/2808 1041/1845/2809 519/1846/2810 435/50/2811
f 372/1847/2812 517/1848/2813 1040/1849/2814 94/1850/2815
f 218/642/2816 1035/1851/2817 505/375/2818 314/374/2819
f 218/1852/2820 219/1853/2821 1054/1854/2822 1035/1855/2823
f 286/1856/2824 504/1857/2825 1032/1858/2826 324/708/2827
f 327/329/2828 1042/1859/2829 1030/1860/2830
f 310/1755/2831 500/1754/2832 498/1861/2833 44/1862/2834
f 306/1742/2835 324/1744/2836 1032/1863/2837 497/1864/2838
f 306/1865/2839 497/1866/2840 523/1867/2841
f 380/1205/2842 153/1868/2843 1037/1869/2844 495/1870/2845
f 380/1205/2846 495/1870/2847 506/1203/2848
f 261/1871/2849 493/1872/2850 511/1873/2851
f 310/1874/2852 403/1875/2853 1033/1876/2854 1029/1877/2855
f 287/1878/2856 329/1879/2857 1058/1880/2858 1028/1881/2859
f 285/1882/2860 1027/1883/2861 1026/1884/2862
f 29/1885/2863 488/1886/2864 1045/1887/2865
f 44/1888/2866 498/1889/2867 486/1890/2868
f 44/1033/2869 486/1891/2870 503/729/2871 262/732/2872
f 427/743/2873 285/1892/2874 487/1893/2875 484/740/2876
f 179/1894/2877 518/1895/2878 1025/1896/2879
f 179/1409/2880 1025/1897/2881 1057/1898/2882 136/1407/2883
f 422/1747/2884 1024/1746/2885 1049/1899/2886 53/1900/2887
f 325/1901/2888 507/1902/2889 1023/1903/2890 147/1904/2891
f 418/443/2892 1022/442/2893 1047/1825/2894 259/497/2895
f 422/1670/2896 282/378/2897 1050/1905/2898 1021/1906/2899
f 1072/1907/2900 1114/1908/2901 1020/1391/2902 17/1393/2903
f 354/1909/2904 1019/1910/2905 490/1911/2906 157/1912/2907
f 139/1913/2908 1018/1914/2909 483/1915/2910 418/1916/2911
f 255/1917/2912 1043/1918/2913 1018/1914/2914 139/1913/2915
f 440/1454/2916 513/1836/2917 481/1919/2918 343/296/2919
f 403/1920/2920 1017/1921/2921 1033/1922/2922
f 405/1923/2923 34/1924/2924 1056/1925/2925 1014/1926/2926
f 327/329/2927 1030/1860/2928 1013/326/2929
f 446/641/2930 314/374/2931 502/1927/2932 492/1928/2933
f 235/1929/2934 446/1930/2935 492/1931/2936
f 418/443/2937 483/1932/2938 1011/1933/2939
f 147/941/2940 1023/1934/2941 1010/1935/2942 52/127/2943
f 263/1665/2944 414/1936/2945 479/1937/2946 1008/1938/2947
f 261/1871/2948 263/1939/2949 1008/1940/2950 493/1872/2951
f 417/1941/2952 1007/1942/2953 1019/1943/2954 354/1944/2955
f 43/1945/2956 53/1946/2957 478/1947/2958 529/1948/2959
f 53/166/2960 1034/165/2961 478/1949/2962
f 29/1776/2963 1045/1950/2964 1005/1951/2965 414/550/2966
f 414/550/2967 1005/1951/2968 479/1952/2969
f 417/1941/2970 477/1953/2971 1007/1942/2972
f 198/1954/2973 144/1955/2974 496/1956/2975 476/1957/2976
f 287/565/2977 1028/1958/2978 475/1959/2979 324/563/2980
f 286/1960/2981 324/708/2982 475/1961/2983 474/1962/2984
f 328/731/2985 1038/730/2986 473/1963/2987
f 94/1964/2988 472/1965/2989 488/1966/2990 29/1967/2991
f 94/1968/2992 1039/1969/2993 472/1970/2994
f 417/1278/2995 272/1277/2996 526/1820/2997 1002/1361/2998
f 343/296/2999 481/1919/3000 471/1635/3001
f 984/1971/3002 987/1972/3003 880/1973/3004
f 536/1974/3005 533/1975/3006 534/1976/3007
f 541/1977/3008 542/1978/3009 931/1979/3010
f 547/1980/3011 545/1981/3012 546/1982/3013
f 569/1983/3014 570/1984/3015 571/1985/3016
f 547/1980/3017 546/1982/3018 944/1986/3019
f 585/1987/3020 586/1988/3021 533/1975/3022
f 837/1989/3023 532/1990/3024 973/1991/3025
f 768/1992/3026 689/1993/3027 849/1994/3028
f 606/1995/3029 763/1996/3030 758/1997/3031
f 604/1998/3032 570/1984/3033 569/1983/3034
f 735/1999/3035 895/2000/3036 685/2001/3037
f 619/2002/3038 620/2003/3039 621/2004/3040
f 554/2005/3041 824/2006/3042 617/2007/3043
f 855/2008/3044 755/2009/3045 743/2010/3046
f 639/2011/3047 640/2012/3048 803/2013/3049
f 642/2014/3050 643/2015/3051 779/2016/3052
f 646/2017/3053 751/2018/3054 955/2019/3055
f 967/2020/3056 583/2021/3057 878/2022/3058
f 624/2023/3059 744/2024/3060 655/2025/3061
f 660/2026/3062 661/2027/3063 662/2028/3064
f 645/2029/3065 655/2030/3066 856/2031/3067
f 868/2032/3068 874/2033/3069 828/2034/3070
f 561/2035/3071 562/2036/3072 689/2037/3073
f 694/2038/3074 624/2039/3075 550/2040/3076
f 695/2041/3077 621/2042/3078 620/2043/3079
f 696/2044/3080 666/2045/3081 665/2046/3082
f 685/2047/3083 599/2048/3084 697/2049/3085
f 682/2050/3086 943/2051/3087 854/2052/3088
f 540/2053/3089 596/2054/3090 612/2055/3091
f 625/2056/3092 903/2057/3093 705/2058/3094
f 1101/2059/3095 1096/2060/3096 580/2061/3097 913/2062/3098
f 709/2063/3099 745/2064/3100 561/2065/3101
f 715/2066/3102 716/2067/3103 714/2068/3104
f 902/2069/3105 543/2070/3106 841/2071/3107
f 552/2072/3108 553/2073/3109 631/2074/3110
f 654/2075/3111 720/2076/3112 748/2077/3113
f 728/2078/3114 807/2079/3115 968/2080/3116
f 683/2081/3117 798/2082/3118 893/2083/3119
f 736/2084/3120 663/2085/3121 639/2086/3122
f 751/2018/3123 749/2087/3124 750/2088/3125
f 769/2089/3126 591/2090/3127 827/2091/3128
f 933/2092/3129 908/2093/3130 770/2094/3131
f 1016/125/3132 583/2095/3133 1041/126/3134
f 785/2096/3135 782/2097/3136 876/2098/3137
f 690/2099/3138 650/2100/3139 635/2101/3140
f 915/2102/3141 789/2103/3142 780/2104/3143
f 534/2105/3144 672/2106/3145 615/2107/3146
f 757/2108/3147 634/2109/3148 725/2110/3149
f 679/2111/3150 652/2112/3151 797/2113/3152
f 731/2114/3153 695/2115/3154 792/2116/3155
f 689/1993/3156 683/2081/3157 805/2117/3158
f 606/2118/3159 773/2119/3160 607/2120/3161
f 909/2121/3162 805/2117/3163 721/2122/3164
f 813/2123/3165 627/2124/3166 701/2125/3167
f 814/2126/3168 845/2127/3169 815/2128/3170
f 578/2129/3171 546/2130/3172 555/2131/3173
f 1049/164/3174 584/2132/3175 1034/165/3176
f 781/2133/3177 725/2134/3178 823/2135/3179
f 757/2136/3180 825/2137/3181 657/2138/3182
f 712/2139/3183 763/2140/3184 826/2141/3185
f 585/1987/3186 836/2142/3187 586/1988/3188
f 598/2143/3189 618/2144/3190 664/2145/3191
f 596/2054/3192 626/2146/3193 693/2147/3194
f 880/2148/3195 811/2149/3196 810/2150/3197
f 892/2151/3198 548/2152/3199 835/2153/3200
f 836/2154/3201 837/2155/3202 774/2156/3203
f 653/2157/3204 608/2158/3205 652/2159/3206
f 610/2160/3207 648/2161/3208 810/2162/3209
f 840/2163/3210 677/2164/3211 655/2165/3212
f 663/2166/3213 741/2167/3214 708/2168/3215
f 664/2145/3216 576/2169/3217 652/2112/3218
f 844/2170/3219 767/2171/3220 626/2172/3221
f 773/2119/3222 663/2173/3223 607/2174/3224
f 714/2175/3225 628/2176/3226 964/2177/3227
f 597/2178/3228 693/2147/3229 821/2179/3230
f 848/2180/3231 849/2181/3232 774/2182/3233
f 640/2183/3234 871/2184/3235 737/2185/3236
f 803/2186/3237 640/2187/3238 737/2188/3239
f 850/2189/3240 851/2190/3241 852/2191/3242
f 834/2192/3243 532/2193/3244 616/2194/3245
f 582/2195/3246 834/2192/3247 616/2194/3248
f 615/2196/3249 853/2197/3250 702/2198/3251
f 828/2034/3252 865/2199/3253 955/2019/3254
f 700/2200/3255 593/2201/3256 554/2202/3257
f 618/2144/3258 676/2203/3259 664/2145/3260
f 745/2204/3261 709/2205/3262 870/2206/3263
f 581/2207/3264 872/2208/3265 873/2209/3266
f 880/2210/3267 867/2211/3268 572/2212/3269
f 605/2213/3270 713/2214/3271 558/2215/3272
f 636/2216/3273 646/2017/3274 847/2217/3275
f 848/2218/3276 774/2182/3277 816/2219/3278
f 946/2220/3279 883/2221/3280 790/2222/3281
f 884/2223/3282 820/2224/3283 537/2225/3284
f 885/2226/3285 886/2227/3286 949/2228/3287
f 598/2143/3288 664/2145/3289 920/2229/3290
f 565/2230/3291 622/2231/3292 568/2232/3293
f 833/2233/3294 973/2234/3295 707/2235/3296
f 1096/2236/3297 1112/2237/3298 544/2238/3299 580/2239/3300
f 528/274/3301 474/276/3302 818/2240/3303
f 553/2241/3304 552/2242/3305 895/2243/3306
f 482/280/3307 1009/282/3308 897/2244/3309
f 522/283/3310 473/285/3311 860/2245/3312
f 728/2078/3313 619/2002/3314 621/2004/3315
f 642/2014/3316 779/2016/3317 725/2110/3318
f 827/2246/3319 824/2247/3320 769/2248/3321
f 1012/289/3322 688/2249/3323 732/2250/3324 501/290/3325
f 903/2251/3326 602/2252/3327 592/2253/3328
f 875/2254/3329 704/2255/3330 720/2256/3331
f 903/2257/3332 625/2258/3333 904/2259/3334
f 630/2260/3335 549/2261/3336 853/2262/3337
f 608/2263/3338 653/2264/3339 687/2265/3340
f 1100/2266/3341 568/2267/3342 1087/2268/3343
f 802/2269/3344 579/2270/3345 943/2271/3346
f 821/2179/3347 642/2014/3348 686/2272/3349
f 742/2273/3350 821/2179/3351 686/2272/3352
f 903/2274/3353 904/2275/3354 634/2276/3355
f 857/2277/3356 677/2278/3357 678/2279/3358
f 825/2280/3359 757/2108/3360 725/2110/3361
f 699/2281/3362 603/2282/3363 598/2283/3364
f 1013/326/3365 859/2284/3366 711/2285/3367 489/327/3368
f 540/2286/3369 609/2287/3370 596/2054/3371
f 719/2288/3372 899/2289/3373 643/2015/3374
f 764/2290/3375 822/2291/3376 601/2292/3377
f 637/2293/3378 847/2217/3379 608/2263/3380
f 773/2119/3381 772/2294/3382 663/2173/3383
f 520/339/3384 684/2295/3385 1037/340/3386
f 876/2098/3387 758/1997/3388 759/2296/3389
f 848/2297/3390 771/2298/3391 778/2299/3392
f 688/2300/3393 886/2301/3394 661/2302/3395
f 666/2303/3396 700/2200/3397 896/2304/3398
f 769/2248/3399 831/2305/3400 591/2306/3401
f 816/2307/3402 774/2156/3403 837/2155/3404
f 859/2284/3405 735/1999/3406 711/2285/3407
f 748/2308/3408 704/2309/3409 753/2310/3410
f 577/2311/3411 608/2263/3412 847/2217/3413
f 646/2017/3414 749/2312/3415 751/2018/3416
f 693/2147/3417 597/2178/3418 596/2054/3419
f 567/2313/3420 645/2314/3421 613/2315/3422
f 529/362/3423 574/2316/3424 524/363/3425
f 622/2317/3426 636/2216/3427 637/2293/3428
f 909/2318/3429 910/2319/3430 911/2320/3431
f 532/2193/3432 877/2321/3433 707/2235/3434
f 834/2322/3435 877/2323/3436 532/2324/3437
f 1003/373/3438 505/375/3439 846/2325/3440
f 509/376/3441 912/2326/3442 814/2327/3443 514/377/3444
f 1106/2328/3445 1089/2329/3446 913/2330/3447
f 698/2331/3448 803/2332/3449 737/2333/3450
f 751/2018/3451 733/2334/3452 955/2019/3453
f 676/2203/3454 576/2169/3455 664/2145/3456
f 649/2335/3457 648/2336/3458 610/2337/3459
f 836/2142/3460 585/1987/3461 616/2194/3462
f 916/2338/3463 741/2339/3464 665/2340/3465
f 1112/2341/3466 1098/2342/3467 544/2343/3468
f 697/2344/3469 599/2345/3470 966/2346/3471
f 1046/399/3472 858/2347/3473 508/400/3474
f 921/2348/3475 732/2349/3476 900/2350/3477
f 787/2351/3478 545/2352/3479 547/2353/3480
f 626/2146/3481 767/2354/3482 692/2355/3483
f 550/2356/3484 624/2357/3485 567/2358/3486
f 1104/2359/3487 917/2360/3488 1097/2361/3489
f 649/2362/3490 610/2363/3491 748/2364/3492
f 573/2365/3493 901/2366/3494 563/2367/3495
f 648/2368/3496 882/2369/3497 737/2370/3498
f 938/2371/3499 755/2372/3500 855/2373/3501
f 929/2374/3502 930/2375/3503 578/2376/3504
f 542/1978/3505 603/2377/3506 931/1979/3507
f 788/2378/3508 582/2195/3509 616/2194/3510
f 932/2379/3511 534/2380/3512 615/2381/3513
f 653/2264/3514 632/2382/3515 687/2265/3516
f 870/2383/3517 715/2384/3518 718/2385/3519
f 870/2383/3520 718/2385/3521 745/2386/3522
f 491/441/3523 950/2387/3524 1022/442/3525
f 852/2388/3526 590/2389/3527 765/2390/3528
f 887/2391/3529 617/2392/3530 572/2393/3531
f 790/2394/3532 918/2395/3533 934/2396/3534
f 725/2110/3535 686/2272/3536 642/2014/3537
f 666/2397/3538 593/2398/3539 700/2399/3540
f 765/2400/3541 764/2401/3542 780/2402/3543
f 516/459/3544 838/2403/3545 512/460/3546
f 993/2404/3547 550/2405/3548 811/2406/3549 1000/2407/3550
f 716/2408/3551 639/2409/3552 803/2410/3553
f 639/2409/3554 716/2408/3555 715/2411/3556
f 702/2412/3557 703/2413/3558 932/2414/3559
f 936/2415/3560 931/2416/3561 603/2417/3562
f 877/2418/3563 834/2419/3564 804/2420/3565
f 651/2421/3566 542/2422/3567 641/2423/3568
f 710/2424/3569 711/2285/3570 668/2425/3571
f 737/2185/3572 623/2426/3573 867/2427/3574
f 622/2428/3575 565/2429/3576 564/2430/3577
f 541/2431/3578 931/2432/3579 938/2433/3580
f 539/2434/3581 877/2435/3582 804/2436/3583
f 539/2437/3584 791/2438/3585 939/2439/3586
f 591/2440/3587 767/2441/3588 827/2442/3589
f 900/2443/3590 732/2444/3591 688/2445/3592
f 960/2446/3593 800/2447/3594 549/2448/3595
f 528/274/3596 818/2240/3597 504/507/3598
f 786/2449/3599 682/2450/3600 555/2451/3601
f 786/2452/3602 555/2453/3603 545/2454/3604
f 726/2455/3605 650/2456/3606 730/2457/3607
f 499/517/3608 860/2458/3609 675/2459/3610 496/518/3611
f 843/2460/3612 662/2028/3613 538/2461/3614
f 704/2309/3615 752/2462/3616 753/2463/3617
f 612/2464/3618 878/2465/3619 540/2466/3620
f 645/2467/3621 819/2468/3622 613/2469/3623
f 938/2470/3624 931/2432/3625 936/2471/3626
f 594/2472/3627 549/2473/3628 630/2474/3629
f 803/2410/3630 556/2475/3631 557/2476/3632
f 535/2477/3633 942/2478/3634 616/2194/3635
f 951/2479/3636 917/2480/3637 841/2071/3638
f 854/2481/3639 761/2482/3640 944/2483/3641
f 635/2101/3642 641/2484/3643 905/2485/3644
f 876/2098/3645 759/2296/3646 839/2486/3647
f 759/2296/3648 588/2487/3649 839/2486/3650
f 982/2488/3651 795/2489/3652 946/2490/3653
f 681/2491/3654 948/2492/3655 575/2493/3656
f 697/2494/3657 629/2495/3658 873/2496/3659
f 615/2497/3660 630/2498/3661 853/2499/3662
f 630/2500/3663 615/2107/3664 631/2501/3665
f 856/2502/3666 819/2503/3667 645/2504/3668
f 703/2505/3669 843/2506/3670 537/2507/3671
f 537/2225/3672 843/2460/3673 538/2461/3674
f 602/2508/3675 903/2509/3676 634/2510/3677
f 716/2511/3678 628/2512/3679 714/2513/3680
f 628/2514/3681 716/2515/3682 557/2476/3683
f 681/2516/3684 597/2517/3685 821/2518/3686
f 857/2277/3687 856/2519/3688 677/2278/3689
f 783/2520/3690 743/2521/3691 593/2522/3692
f 885/2523/3693 884/2524/3694 538/2525/3695
f 885/2523/3696 538/2525/3697 661/2302/3698
f 874/2033/3699 847/2217/3700 865/2526/3701
f 783/2527/3702 855/2528/3703 743/2529/3704
f 600/2530/3705 941/2531/3706 902/2069/3707
f 600/2532/3708 839/2533/3709 588/2534/3710
f 831/2305/3711 796/2535/3712 864/2536/3713
f 489/598/3714 711/2537/3715 710/2538/3716 518/599/3717
f 1100/2539/3718 1095/2540/3719 568/2541/3720
f 574/2542/3721 739/2543/3722 747/2544/3723
f 797/2113/3724 874/2033/3725 868/2032/3726
f 1003/608/3727 846/2545/3728 502/609/3729
f 699/2546/3730 808/2547/3731 603/2548/3732
f 603/2548/3733 808/2547/3734 936/2471/3735
f 899/2549/3736 796/2550/3737 940/2551/3738
f 990/2552/3739 952/2553/3740 898/2554/3741 777/2555/3742
f 903/2274/3743 592/2556/3744 705/2557/3745
f 753/2558/3746 697/2559/3747 872/2560/3748
f 746/2561/3749 725/2110/3750 779/2016/3751
f 965/2562/3752 879/2563/3753 556/2564/3754
f 965/2565/3755 556/2566/3756 698/2567/3757
f 566/2568/3758 606/2569/3759 706/2570/3760
f 863/2571/3761 862/2572/3762 768/1992/3763
f 894/2573/3764 738/2574/3765 726/2455/3766
f 978/2575/3767 749/2312/3768 646/2017/3769
f 978/2576/3770 846/2325/3771 749/2577/3772
f 699/2546/3773 906/2578/3774 643/2015/3775
f 867/2579/3776 623/2580/3777 896/2581/3778
f 867/2579/3779 896/2581/3780 866/2582/3781
f 691/2583/3782 916/2584/3783 896/2581/3784
f 871/2585/3785 691/2583/3786 896/2581/3787
f 684/2586/3788 756/2587/3789 674/2588/3790
f 645/2589/3791 567/2590/3792 624/2591/3793
f 654/2592/3794 861/2593/3795 720/2594/3796
f 828/2034/3797 955/2019/3798 934/2595/3799
f 933/2092/3800 627/2124/3801 908/2093/3802
f 933/2092/3803 628/2176/3804 627/2124/3805
f 627/2124/3806 813/2123/3807 908/2093/3808
f 859/2284/3809 858/2596/3810 594/2597/3811
f 771/2598/3812 848/2218/3813 816/2219/3814
f 853/2599/3815 947/2600/3816 731/2601/3817
f 853/2602/3818 731/2603/3819 843/2604/3820
f 566/2605/3821 638/2606/3822 891/2607/3823
f 621/2004/3824 807/2079/3825 728/2078/3826
f 609/2287/3827 734/2608/3828 626/2146/3829
f 626/2146/3830 596/2054/3831 609/2287/3832
f 724/2609/3833 579/2610/3834 802/2611/3835
f 822/2612/3836 813/2613/3837 601/2614/3838
f 601/2615/3839 813/2616/3840 701/2617/3841
f 530/683/3842 565/2618/3843 1056/684/3844
f 1051/686/3845 565/2618/3846 530/683/3847
f 1103/2619/3848 1106/2328/3849 913/2330/3850 829/2620/3851
f 744/2621/3852 624/2357/3853 694/2622/3854
f 906/2578/3855 825/2280/3856 746/2561/3857
f 794/2623/3858 781/2624/3859 675/2625/3860
f 781/2626/3861 823/2627/3862 675/2628/3863
f 823/2627/3864 729/2629/3865 675/2628/3866
f 1036/698/3867 888/2630/3868 756/2631/3869 1055/699/3870
f 840/2632/3871 952/2633/3872 734/2634/3873
f 734/2608/3874 952/2553/3875 844/2635/3876
f 906/2578/3877 746/2561/3878 779/2016/3879
f 606/2118/3880 566/2636/3881 773/2119/3882
f 566/2636/3883 772/2637/3884 773/2119/3885
f 856/2638/3886 655/2639/3887 677/2640/3888
f 912/2641/3889 845/2642/3890 814/2327/3891
f 578/2129/3892 555/2131/3893 682/2643/3894
f 753/2310/3895 872/2644/3896 748/2308/3897
f 925/2645/3898 836/2142/3899 909/2318/3900
f 635/2646/3901 905/2647/3902 690/2648/3903
f 815/2649/3904 587/2650/3905 551/2651/3906
f 882/2652/3907 698/2653/3908 737/2654/3909
f 824/2655/3910 831/2656/3911 769/2657/3912
f 973/2234/3913 532/2193/3914 707/2235/3915
f 909/2121/3916 774/2658/3917 849/1994/3918
f 503/729/3919 794/2659/3920 860/2660/3921 1038/730/3922
f 835/2661/3923 548/2662/3924 829/2663/3925
f 601/2292/3926 956/2664/3927 764/2290/3928
f 900/2665/3929 660/2666/3930 620/2667/3931
f 484/740/3932 959/2668/3933 960/2669/3934 485/741/3935
f 604/2670/3936 961/2671/3937 570/2672/3938
f 807/2673/3939 621/2674/3940 962/2675/3941
f 784/2676/3942 745/2677/3943 718/2678/3944
f 561/2065/3945 745/2064/3946 562/2679/3947
f 879/2680/3948 599/2681/3949 552/2682/3950
f 693/2683/3951 626/2684/3952 692/2685/3953
f 820/2686/3954 535/2477/3955 537/2687/3956
f 537/2688/3957 535/2689/3958 703/2690/3959
f 718/2691/3960 717/2692/3961 890/2693/3962
f 792/2694/3963 695/2041/3964 620/2043/3965
f 830/2695/3966 541/2696/3967 638/2697/3968
f 741/2698/3969 696/2699/3970 665/2700/3971
f 786/2452/3972 545/2454/3973 754/2701/3974
f 963/2702/3975 682/2450/3976 786/2449/3977
f 810/2703/3978 811/2704/3979 567/2705/3980
f 811/2706/3981 550/2707/3982 567/2708/3983
f 567/2358/3984 610/2709/3985 810/2710/3986
f 666/2711/3987 896/2581/3988 916/2712/3989
f 665/2713/3990 666/2714/3991 916/2715/3992
f 713/2214/3993 673/2716/3994 760/2717/3995
f 713/2214/3996 647/2718/3997 673/2716/3998
f 766/2719/3999 611/2720/4000 636/2721/4001
f 743/2722/4002 919/2723/4003 554/2724/4004
f 948/2725/4005 742/2273/4006 686/2272/4007
f 800/2726/4008 960/2727/4009 959/2728/4010
f 651/2729/4011 676/2730/4012 542/2731/4013
f 676/2730/4014 618/2732/4015 542/2731/4016
f 919/2733/4017 743/2521/4018 671/2734/4019
f 708/2735/4020 741/2736/4021 916/2737/4022
f 755/2372/4023 938/2371/4024 936/2738/4025
f 676/2739/4026 653/2740/4027 576/2741/4028
f 676/2203/4029 738/2574/4030 653/2264/4031
f 911/2742/4032 586/2743/4033 925/2744/4034
f 964/2745/4035 933/2746/4036 717/2747/4037
f 731/2748/4038 792/2749/4039 662/2750/4040
f 731/2751/4041 662/2752/4042 843/2753/4043
f 824/2754/4044 671/2755/4045 869/2756/4046
f 824/2757/4047 919/2723/4048 671/2758/4049
f 651/2421/4050 726/2455/4051 738/2574/4052
f 1090/2759/4053 1093/2760/4054 881/2761/4055 894/2573/4056
f 696/2699/4057 741/2698/4058 891/2762/4059
f 674/2588/4060 587/2763/4061 845/2127/4062
f 674/2588/4063 600/2764/4064 587/2763/4065
f 660/2765/4066 688/2766/4067 661/2767/4068
f 961/2768/4069 604/2769/4070 798/2770/4071
f 938/2771/4072 638/2772/4073 541/2773/4074
f 629/2774/4075 966/2775/4076 965/2776/4077
f 926/2777/4078 943/2778/4079 771/2779/4080
f 832/2780/4081 926/2777/4082 771/2779/4083
f 797/2113/4084 868/2032/4085 656/2781/4086
f 868/2032/4087 602/2252/4088 656/2781/4089
f 897/2782/4090 564/2783/4091 565/2784/4092
f 661/2027/4093 538/2461/4094 662/2028/4095
f 715/2785/4096 714/2175/4097 717/2786/4098
f 588/2487/4099 809/2787/4100 551/2788/4101
f 809/2787/4102 588/2487/4103 723/2789/4104
f 917/2790/4105 726/2791/4106 730/2792/4107
f 841/2071/4108 680/2793/4109 782/2794/4110
f 619/2795/4111 921/2348/4112 900/2350/4113
f 619/2796/4114 900/2797/4115 620/2798/4116
f 817/2799/4117 924/2800/4118 958/2801/4119
f 676/2203/4120 651/2421/4121 738/2574/4122
f 960/2802/4123 594/2803/4124 858/2804/4125
f 594/2805/4126 960/2806/4127 549/2807/4128
f 697/2808/4129 966/2809/4130 629/2810/4131
f 796/2535/4132 831/2305/4133 869/2756/4134
f 639/2811/4135 715/2812/4136 736/2813/4137
f 480/888/4138 875/2814/4139 861/2815/4140 1058/889/4141
f 480/892/4142 1015/894/4143 875/2816/4144
f 490/895/4145 688/2817/4146 1044/896/4147
f 588/2818/4148 712/2819/4149 723/2820/4150
f 759/2296/4151 712/2821/4152 588/2487/4153
f 871/2585/4154 623/2580/4155 737/2822/4156
f 643/2015/4157 801/2823/4158 719/2288/4159
f 896/2581/4160 623/2580/4161 871/2585/4162
f 1099/2824/4163 1094/2825/4164 548/2826/4165
f 652/2112/4166 577/2311/4167 797/2113/4168
f 577/2311/4169 874/2033/4170 797/2113/4171
f 657/2827/4172 825/2280/4173 679/2111/4174
f 551/2788/4175 587/2828/4176 588/2487/4177
f 631/2829/4178 615/2107/4179 647/2830/4180
f 672/2831/4181 647/2832/4182 615/2833/4183
f 1093/2834/4184 1107/2835/4185 881/2836/4186
f 633/2837/4187 736/2838/4188 870/2839/4189
f 709/2205/4190 633/2840/4191 870/2206/4192
f 1016/921/4193 1010/923/4194 583/2841/4195
f 616/2842/4196 533/2843/4197 535/2844/4198
f 847/2845/4199 874/2846/4200 577/2847/4201
f 827/2848/4202 767/2354/4203 844/2635/4204
f 844/2170/4205 901/2849/4206 827/2091/4207
f 638/2697/4208 566/2568/4209 706/2570/4210
f 631/2074/4211 553/2073/4212 595/2850/4213
f 592/2253/4214 868/2032/4215 918/2851/4216
f 560/2852/4217 883/2853/4218 946/2854/4219
f 778/2855/4220 579/2856/4221 724/2857/4222
f 583/2095/4223 678/2858/4224 878/2859/4225
f 1036/698/4226 1053/942/4227 888/2630/4228
f 653/2264/4229 652/2112/4230 576/2169/4231
f 624/2023/4232 655/2025/4233 645/2029/4234
f 735/1999/4235 668/2425/4236 711/2285/4237
f 637/2293/4238 687/2265/4239 622/2317/4240
f 579/2860/4241 771/2861/4242 943/2862/4243
f 778/2855/4244 771/2861/4245 579/2860/4246
f 945/2863/4247 800/2864/4248 799/2865/4249
f 762/2866/4250 971/2867/4251 854/2868/4252
f 802/2869/4253 747/2544/4254 809/2870/4255
f 866/2871/4256 617/2872/4257 887/2873/4258
f 899/2874/4259 699/2875/4260 643/2876/4261
f 699/2875/4262 899/2874/4263 808/2877/4264
f 834/2192/4265 740/2878/4266 804/2879/4267
f 851/2880/4268 589/2881/4269 852/2882/4270
f 590/2883/4271 852/2884/4272 589/2885/4273
f 847/2217/4274 637/2293/4275 636/2216/4276
f 540/2886/4277 878/2887/4278 677/2278/4279
f 677/2278/4280 878/2887/4281 678/2279/4282
f 491/971/4283 1011/973/4284 950/2888/4285
f 482/974/4286 897/2889/4287 1048/975/4288
f 972/2890/4289 752/2462/4290 704/2309/4291
f 801/2823/4292 643/2015/4293 642/2014/4294
f 787/2891/4295 574/2542/4296 747/2544/4297
f 754/2701/4298 787/2891/4299 747/2544/4300
f 906/2578/4301 598/2143/4302 920/2229/4303
f 572/2892/4304 901/2366/4305 573/2365/4306
f 841/2071/4307 543/2070/4308 951/2479/4309
f 771/2893/4310 816/2894/4311 973/2895/4312
f 651/2421/4313 641/2423/4314 635/2896/4315
f 763/2897/4316 614/2898/4317 928/2899/4318
f 813/2123/4319 770/2094/4320 908/2093/4321
f 808/2900/4322 899/2901/4323 940/2902/4324
f 802/2903/4325 963/2904/4326 786/2905/4327
f 943/2862/4328 963/2702/4329 802/2906/4330
f 557/2907/4331 922/2908/4332 628/2909/4333
f 763/2910/4334 712/2911/4335 759/2912/4336
f 617/2913/4337 700/2914/4338 554/2915/4339
f 746/2561/4340 825/2280/4341 725/2110/4342
f 801/2916/4343 692/2917/4344 864/2918/4345
f 916/2919/4346 644/2920/4347 708/2921/4348
f 644/2920/4349 916/2919/4350 691/2922/4351
f 730/2923/4352 680/2793/4353 841/2071/4354
f 690/2924/4355 680/2793/4356 730/2923/4357
f 702/2925/4358 843/2926/4359 703/2927/4360
f 853/2928/4361 843/2926/4362 702/2925/4363
f 888/2630/4364 548/2929/4365 892/2930/4366
f 519/1018/4367 967/2931/4368 935/2932/4369 1017/1019/4370
f 640/2933/4371 663/2934/4372 708/2935/4373
f 663/2934/4374 640/2933/4375 639/2936/4376
f 734/2634/4377 609/2937/4378 840/2938/4379
f 557/2939/4380 879/2940/4381 922/2941/4382
f 681/2942/4383 575/2943/4384 842/2944/4385
f 628/2909/4386 701/2945/4387 627/2946/4388
f 679/2111/4389 664/2145/4390 652/2112/4391
f 721/2947/4392 893/2948/4393 722/2949/4394
f 923/2950/4395 727/2951/4396 722/2949/4397
f 883/2952/4398 625/2953/4399 592/2954/4400
f 948/2725/4401 686/2272/4402 781/2624/4403
f 876/2955/4404 839/2533/4405 785/2956/4406
f 765/2390/4407 780/2957/4408 812/2958/4409
f 1050/1048/4410 514/1050/4411 814/2959/4412
f 570/2960/4413 822/2961/4414 589/2962/4415
f 590/2389/4416 589/2963/4417 822/2964/4418
f 876/2955/4419 782/2794/4420 758/2965/4421
f 758/2965/4422 782/2794/4423 905/2966/4424
f 692/2967/4425 767/2968/4426 591/2969/4427
f 527/1061/4428 531/1062/4429 791/2438/4430
f 563/2367/4431 901/2970/4432 952/2553/4433
f 905/2971/4434 680/2972/4435 690/2973/4436
f 841/2071/4437 785/2956/4438 902/2069/4439
f 841/2974/4440 782/2975/4441 785/2976/4442
f 533/2843/4443 616/2842/4444 585/2977/4445
f 794/2978/4446 675/2979/4447 860/2980/4448
f 905/2981/4449 830/2982/4450 706/2983/4451
f 805/2117/4452 909/2121/4453 849/1994/4454
f 915/2984/4455 956/2985/4456 850/2986/4457
f 559/2987/4458 956/2988/4459 558/2989/4460
f 956/2985/4461 601/2990/4462 558/2991/4463
f 956/2988/4464 559/2987/4465 850/2992/4466
f 914/2993/4467 974/2994/4468 915/2995/4469
f 969/2996/4470 970/2997/4471 975/2998/4472
f 953/2999/4473 969/3000/4474 975/3001/4475
f 539/3002/4476 939/3003/4477 877/3004/4478
f 877/3005/4479 939/3006/4480 889/3007/4481
f 966/3008/4482 599/2681/4483 965/3009/4484
f 965/3009/4485 599/2681/4486 879/2680/4487
f 546/2130/4488 578/2129/4489 930/3010/4490
f 762/3011/4491 546/3012/4492 930/3013/4493
f 640/2183/4494 708/3014/4495 644/3015/4496
f 1043/1109/4497 525/1111/4498 787/3016/4499
f 606/3017/4500 758/3018/4501 706/3019/4502
f 712/3020/4503 826/3021/4504 724/2857/4505
f 600/3022/4506 588/2487/4507 587/2828/4508
f 845/2127/4509 587/2763/4510 815/2128/4511
f 879/3023/4512 552/3024/4513 922/3025/4514
f 605/3026/4515 922/3027/4516 552/3028/4517
f 569/3029/4518 571/3030/4519 727/3031/4520
f 923/3032/4521 569/3033/4522 727/3034/4523
f 534/1976/4524 533/1975/4525 586/1988/4526
f 638/2697/4527 706/3035/4528 830/2695/4529
f 738/2574/4530 894/2573/4531 881/2761/4532
f 905/2485/4533 641/2484/4534 830/2695/4535
f 641/3036/4536 541/3037/4537 830/3038/4538
f 889/3039/4539 670/3040/4540 833/2233/4541
f 787/3041/4542 547/3042/4543 670/3043/4544
f 666/3044/4545 696/3045/4546 593/3046/4547
f 783/3047/4548 593/3048/4549 891/3049/4550
f 891/3049/4551 593/3048/4552 696/3050/4553
f 566/3051/4554 741/2698/4555 772/2637/4556
f 891/2762/4557 741/2698/4558 566/3051/4559
f 832/3052/4560 771/3053/4561 973/3054/4562
f 833/3055/4563 832/3052/4564 973/3054/4565
f 703/2413/4566 535/3056/4567 932/3057/4568
f 740/2878/4569 942/2478/4570 820/2686/4571
f 788/2378/4572 942/2478/4573 740/2878/4574
f 740/3058/4575 820/3059/4576 884/3060/4577
f 614/3061/4578 606/3062/4579 607/3063/4580
f 570/2672/4581 813/3064/4582 822/3065/4583
f 885/2523/4584 661/2302/4585 886/2301/4586
f 892/3066/4587 941/2531/4588 756/3067/4589
f 674/2588/4590 845/2127/4591 912/3068/4592
f 912/3068/4593 684/2586/4594 674/2588/4595
f 756/2631/4596 941/3069/4597 674/3070/4598
f 941/3069/4599 600/3071/4600 674/3070/4601
f 906/2578/4602 920/2229/4603 825/2280/4604
f 816/2894/4605 837/3072/4606 973/2895/4607
f 970/3073/4608 977/3074/4609 775/3075/4610
f 977/3076/4611 970/3077/4612 976/3078/4613
f 800/3079/4614 945/3080/4615 549/3081/4616
f 549/3082/4617 945/3083/4618 947/3084/4619
f 736/3085/4620 633/3086/4621 663/3087/4622
f 812/2958/4623 780/2957/4624 789/3088/4625
f 501/1184/4626 732/3089/4627 817/3090/4628 1027/1185/4629
f 957/3091/4630 833/2233/4631 670/3040/4632
f 832/3092/4633 833/3093/4634 957/3094/4635
f 957/3091/4636 670/3040/4637 547/3095/4638
f 586/1988/4639 911/2320/4640 727/3096/4641
f 727/3096/4642 911/2320/4643 722/3097/4644
f 933/3098/4645 890/3099/4646 717/3100/4647
f 911/2320/4648 910/2319/4649 722/3097/4650
f 879/2563/4651 557/3101/4652 556/3102/4653
f 561/3103/4654 689/3104/4655 768/3105/4656
f 805/2117/4657 849/1994/4658 689/1993/4659
f 506/1203/4660 912/3106/4661 1031/1204/4662
f 509/1206/4663 1031/1208/4664 912/3107/4665
f 839/2533/4666 600/2530/4667 902/2069/4668
f 785/2956/4669 839/2533/4670 902/2069/4671
f 599/3108/4672 685/3109/4673 895/3110/4674
f 895/3111/4675 552/3112/4676 599/3113/4677
f 775/3114/4678 977/3115/4679 776/3116/4680
f 743/3117/4681 554/3118/4682 593/2201/4683
f 633/3119/4684 709/2063/4685 614/3120/4686
f 836/2142/4687 532/2193/4688 837/3121/4689
f 532/2193/4690 836/2142/4691 616/2194/4692
f 851/3122/4693 850/3123/4694 559/3124/4695
f 760/3125/4696 851/3122/4697 559/3124/4698
f 589/3126/4699 851/3122/4700 760/3125/4701
f 760/3125/4702 571/3127/4703 589/3126/4704
f 957/3128/4705 547/3129/4706 761/3130/4707
f 547/3131/4708 944/3132/4709 761/3133/4710
f 724/2857/4711 809/2787/4712 723/2789/4713
f 809/2787/4714 724/2857/4715 802/2906/4716
f 978/3134/4717 611/3135/4718 766/3136/4719
f 553/3137/4720 735/3138/4721 594/3139/4722
f 553/3140/4723 594/3141/4724 595/3142/4725
f 944/3143/4726 762/3144/4727 854/3145/4728
f 546/3012/4729 762/3011/4730 944/3146/4731
f 980/3147/4732 659/3148/4733 930/3149/4734
f 669/3150/4735 980/3147/4736 930/3149/4737
f 979/3151/4738 669/3152/4739 929/3153/4740
f 929/3154/4741 669/3155/4742 930/3156/4743
f 545/3157/4744 787/3158/4745 754/3159/4746
f 765/3160/4747 812/3161/4748 852/3162/4749
f 776/3163/4750 658/3164/4751 980/3165/4752
f 969/3166/4753 776/3167/4754 970/3168/4755
f 720/2594/4756 861/2593/4757 875/3169/4758
f 911/2320/4759 925/2645/4760 909/2318/4761
f 586/1988/4762 836/2142/4763 925/2645/4764
f 910/3170/4765 909/3171/4766 722/3172/4767
f 885/3173/4768 740/3174/4769 884/3175/4770
f 804/3176/4771 885/3173/4772 949/3177/4773
f 927/3178/4774 709/3179/4775 561/3180/4776
f 667/3181/4777 668/3182/4778 752/3183/4779
f 667/3184/4780 752/2462/4781 972/3185/4782
f 752/3186/4783 668/3187/4784 685/3188/4785
f 735/1999/4786 685/3189/4787 668/2425/4788
f 889/3190/4789 939/3006/4790 950/3191/4791
f 670/3192/4792 889/3193/4793 950/3194/4794
f 564/3195/4795 897/3196/4796 766/3197/4797
f 492/1299/4798 766/3198/4799 897/3199/4800 1009/1300/4801
f 850/3123/4802 914/3200/4803 915/3201/4804
f 850/2189/4805 852/2191/4806 914/3202/4807
f 718/3203/4808 890/3204/4809 770/3205/4810
f 784/3206/4811 718/3207/4812 770/3208/4813
f 890/3209/4814 933/3210/4815 770/3211/4816
f 763/1996/4817 759/3212/4818 758/1997/4819
f 869/3213/4820 755/3214/4821 796/3215/4822
f 755/3214/4823 940/3216/4824 796/3215/4825
f 542/3217/4826 541/3218/4827 641/2423/4828
f 603/3219/4829 618/3220/4830 598/3221/4831
f 603/3222/4832 542/3223/4833 618/3220/4834
f 867/2427/4835 648/3224/4836 737/2185/4837
f 730/2457/4838 650/2456/4839 690/3225/4840
f 841/2071/4841 917/2480/4842 730/2923/4843
f 942/3226/4844 788/3227/4845 616/2842/4846
f 826/3228/4847 928/3229/4848 862/3230/4849
f 724/2857/4850 826/3021/4851 862/2572/4852
f 747/3231/4853 739/3232/4854 809/2787/4855
f 739/3232/4856 551/2788/4857 809/2787/4858
f 922/3233/4859 701/3234/4860 628/3235/4861
f 923/2950/4862 722/2949/4863 893/2948/4864
f 798/3236/4865 923/3237/4866 893/3238/4867
f 617/3239/4868 866/3240/4869 700/3241/4870
f 866/3240/4871 896/3242/4872 700/3241/4873
f 736/3243/4874 715/2384/4875 870/2383/4876
f 963/3244/4877 943/2051/4878 682/2050/4879
f 608/2263/4880 577/2311/4881 652/2112/4882
f 685/3245/4883 697/3246/4884 753/3247/4885
f 877/2321/4886 889/3039/4887 707/2235/4888
f 659/3248/4889 762/3249/4890 930/3250/4891
f 926/2777/4892 761/3251/4893 943/2778/4894
f 761/3252/4895 854/3253/4896 943/3254/4897
f 828/2034/4898 874/2033/4899 865/2199/4900
f 942/2478/4901 535/2477/4902 820/2686/4903
f 854/3255/4904 971/3256/4905 578/2376/4906
f 682/3257/4907 854/3255/4908 578/2376/4909
f 1002/1361/4910 949/3177/4911 477/1362/4912
f 659/3258/4913 980/3259/4914 658/3260/4915
f 638/3261/4916 783/2520/4917 891/2762/4918
f 889/3039/4919 833/2233/4920 707/2235/4921
f 739/3262/4922 584/3263/4923 954/3264/4924
f 1014/1370/4925 937/3265/4926 568/3266/4927 1004/1371/4928
f 612/2055/4929 596/2054/4930 597/3267/4931
f 962/3268/4932 947/3269/4933 806/3270/4934
f 947/3271/4935 945/3272/4936 806/3273/4937
f 807/3274/4938 962/3268/4939 806/3270/4940
f 932/3275/4941 536/3276/4942 534/3277/4943
f 673/3278/4944 727/3279/4945 571/3127/4946
f 760/3125/4947 673/3278/4948 571/3127/4949
f 602/3280/4950 868/3281/4951 592/2556/4952
f 716/3282/4953 803/3283/4954 557/2907/4955
f 1020/1391/4956 548/3284/4957 494/1392/4958
f 927/3285/4959 561/2065/4960 768/3286/4961
f 605/3287/4962 552/2072/4963 647/3288/4964
f 669/3155/4965 979/3289/4966 980/3290/4967
f 1089/3291/4968 1101/3292/4969 913/3293/4970
f 817/2799/4971 958/2801/4972 959/3294/4973
f 633/3295/4974 607/3296/4975 663/3297/4976
f 667/3298/4977 710/3299/4978 668/3300/4979
f 970/3301/4980 981/3302/4981 975/3303/4982
f 510/1413/4983 793/3304/4984 750/2088/4985 1054/1414/4986
f 621/2042/4987 695/2041/4988 962/3305/4989
f 695/2041/4990 731/3306/4991 962/3305/4992
f 934/3307/4993 982/3308/4994 790/3309/4995
f 747/2544/4996 786/2452/4997 754/2701/4998
f 726/2455/4999 651/2421/5000 650/2456/5001
f 499/1421/5002 522/1423/5003 860/3310/5004
f 643/2015/5005 906/2578/5006 779/2016/5007
f 881/2761/5008 653/2264/5009 738/2574/5010
f 937/3311/5011 565/3312/5012 568/2267/5013
f 671/3313/5014 743/3314/5015 755/3315/5016
f 869/3316/5017 671/3313/5018 755/3315/5019
f 977/3317/5020 976/3318/5021 658/3319/5022
f 776/3320/5023 977/3321/5024 658/3322/5025
f 951/3323/5026 544/3324/5027 917/2790/5028
f 750/3325/5029 733/3326/5030 751/3327/5031
f 733/3328/5032 750/3329/5033 793/3330/5034
f 880/3331/5035 810/3332/5036 867/3333/5037
f 821/2179/5038 742/2273/5039 681/3334/5040
f 636/2216/5041 622/2317/5042 564/3335/5043
f 766/3336/5044 636/3337/5045 564/3338/5046
f 899/2289/5047 719/2288/5048 864/2536/5049
f 864/2918/5050 719/3339/5051 801/3340/5052
f 537/2225/5053 538/2461/5054 884/2223/5055
f 972/3341/5056 704/2255/5057 875/2254/5058
f 610/3342/5059 567/3343/5060 748/3344/5061
f 654/3345/5062 748/3346/5063 567/3347/5064
f 932/3348/5065 535/2477/5066 536/1974/5067
f 582/2195/5068 740/2878/5069 834/2192/5070
f 788/2378/5071 740/2878/5072 582/2195/5073
f 871/2184/5074 640/2183/5075 644/3015/5076
f 880/3349/5077 572/3350/5078 573/3351/5079
f 614/3061/5080 763/3352/5081 606/3062/5082
f 553/3353/5083 895/3354/5084 735/3355/5085
f 970/3073/5086 775/3075/5087 981/3356/5088
f 965/3357/5089 882/3358/5090 629/3359/5091
f 882/3360/5092 965/3361/5093 698/3362/5094
f 591/2969/5095 831/3363/5096 864/3364/5097
f 692/2967/5098 591/2969/5099 864/3364/5100
f 819/3365/5101 861/3366/5102 613/3367/5103
f 476/1481/5104 729/3368/5105 904/3369/5106 517/1482/5107
f 735/3370/5108 859/3371/5109 594/3372/5110
f 913/3373/5111 835/3374/5112 829/3375/5113
f 835/3376/5114 913/3377/5115 580/3378/5116
f 927/3379/5117 928/3380/5118 614/3381/5119
f 927/3382/5120 862/2572/5121 928/3383/5122
f 927/3384/5123 768/3385/5124 862/3386/5125
f 892/3387/5126 756/2631/5127 888/2630/5128
f 807/2079/5129 806/3388/5130 968/2080/5131
f 968/3389/5132 806/3390/5133 945/3391/5134
f 552/2072/5135 631/3392/5136 647/3288/5137
f 721/2947/5138 805/3393/5139 893/2948/5140
f 862/2572/5141 863/2571/5142 724/2857/5143
f 863/2571/5144 778/2855/5145 724/2857/5146
f 848/2297/5147 778/3394/5148 863/3395/5149
f 919/2723/5150 824/2757/5151 554/2724/5152
f 720/2076/5153 704/3396/5154 748/2077/5155
f 974/3397/5156 789/3398/5157 915/3399/5158
f 836/2154/5159 774/2156/5160 909/3400/5161
f 721/3401/5162 722/3172/5163 909/3171/5164
f 705/3402/5165 592/3403/5166 625/3404/5167
f 534/1976/5168 586/1988/5169 672/3405/5170
f 586/1988/5171 727/3096/5172 672/3405/5173
f 727/3031/5174 673/2716/5175 672/3406/5176
f 672/3406/5177 673/2716/5178 647/2718/5179
f 605/3407/5180 647/3408/5181 713/3409/5182
f 701/3410/5183 922/3411/5184 605/3412/5185
f 702/3413/5186 932/3414/5187 615/3415/5188
f 873/3416/5189 629/2810/5190 648/3417/5191
f 581/3418/5192 873/2496/5193 648/3419/5194
f 649/3420/5195 581/3418/5196 648/3419/5197
f 740/2878/5198 885/3421/5199 804/2879/5200
f 549/3422/5201 947/3423/5202 853/3424/5203
f 584/3425/5204 739/3426/5205 574/3427/5206
f 998/3428/5207 989/3429/5208 898/3430/5209
f 731/3431/5210 947/3269/5211 962/3268/5212
f 997/3432/5213 655/3433/5214 744/2621/5215
f 792/3434/5216 620/3435/5217 660/2026/5218
f 662/2028/5219 792/3434/5220 660/2026/5221
f 934/3436/5222 918/3437/5223 828/3438/5224
f 934/2595/5225 955/2019/5226 982/3439/5227
f 799/3440/5228 728/3441/5229 968/3442/5230
f 799/2865/5231 968/3443/5232 945/2863/5233
f 799/3444/5234 959/3445/5235 958/3446/5236
f 799/3444/5237 800/3447/5238 959/3445/5239
f 691/3448/5240 871/3449/5241 644/3450/5242
f 936/3451/5243 940/3452/5244 755/3453/5245
f 940/3452/5246 936/3451/5247 808/3454/5248
f 831/2305/5249 824/2754/5250 869/2756/5251
f 630/3455/5252 631/3456/5253 595/3457/5254
f 595/3458/5255 594/3459/5256 630/3460/5257
f 799/3440/5258 924/3461/5259 728/3441/5260
f 728/3462/5261 924/3463/5262 619/3464/5263
f 799/3465/5264 958/3466/5265 924/3463/5266
f 651/2421/5267 635/2896/5268 650/2456/5269
f 637/2293/5270 608/2263/5271 687/2265/5272
f 924/2800/5273 817/2799/5274 732/2250/5275
f 924/3467/5276 732/3468/5277 921/3469/5278
f 1026/1585/5279 817/3090/5280 487/1586/5281
f 515/1587/5282 485/1589/5283 960/3470/5284
f 782/2794/5285 680/2793/5286 905/2966/5287
f 605/2213/5288 558/2215/5289 701/3471/5290
f 543/2070/5291 902/2069/5292 941/2531/5293
f 956/3472/5294 780/3473/5295 764/3474/5296
f 867/2579/5297 866/2582/5298 887/3475/5299
f 867/3476/5300 887/3477/5301 572/3478/5302
f 992/3479/5303 563/2367/5304 995/3480/5305
f 995/3481/5306 563/3482/5307 986/3483/5308
f 842/3484/5309 935/3485/5310 681/3486/5311
f 823/2135/5312 634/2276/5313 904/2275/5314
f 901/3487/5315 844/3488/5316 952/3489/5317
f 570/3490/5318 589/2963/5319 571/3491/5320
f 950/2387/5321 939/2439/5322 791/2438/5323
f 535/2477/5324 533/1975/5325 536/1974/5326
f 971/3492/5327 979/3493/5328 929/3494/5329
f 659/3495/5330 658/3496/5331 971/3497/5332
f 823/3498/5333 904/3499/5334 729/3500/5335
f 832/3501/5336 957/3128/5337 761/3502/5338
f 926/2777/5339 832/2780/5340 761/3503/5341
f 928/3504/5342 826/2141/5343 763/2140/5344
f 543/3505/5345 941/3069/5346 892/2930/5347
f 543/2070/5348 892/3066/5349 580/3506/5350
f 892/3066/5351 835/2153/5352 580/3506/5353
f 784/3206/5354 798/3507/5355 562/3508/5356
f 613/3509/5357 861/2593/5358 654/2592/5359
f 734/2634/5360 844/2170/5361 626/2172/5362
f 840/2163/5363 655/2165/5364 898/3510/5365
f 824/2655/5366 827/2091/5367 572/2393/5368
f 617/3511/5369 824/3512/5370 572/3513/5371
f 1015/1633/5372 1006/1634/5373 875/3169/5374
f 471/1635/5375 875/2254/5376 1006/1636/5377
f 612/3514/5378 967/3515/5379 878/2859/5380
f 775/3516/5381 776/3517/5382 953/2999/5383
f 776/3517/5384 969/3000/5385 953/2999/5386
f 590/2389/5387 822/3518/5388 764/3519/5389
f 590/2389/5390 764/3519/5391 765/2390/5392
f 798/3520/5393 683/3521/5394 562/3522/5395
f 683/3523/5396 689/3524/5397 562/3525/5398
f 660/2666/5399 900/2665/5400 688/3526/5401
f 776/3167/5402 980/3527/5403 970/3168/5404
f 970/3528/5405 980/3529/5406 976/3530/5407
f 882/2369/5408 648/2368/5409 629/3531/5410
f 812/3532/5411 914/3202/5412 852/2191/5413
f 828/2034/5414 918/2851/5415 868/2032/5416
f 864/3533/5417 796/3534/5418 899/3535/5419
f 612/3536/5420 681/2942/5421 967/2020/5422
f 612/3537/5423 597/3538/5424 681/3539/5425
f 494/1663/5426 548/2929/5427 888/2630/5428 1053/942/5429
f 646/2017/5430 955/2019/5431 865/3540/5432
f 733/2334/5433 795/3541/5434 982/3439/5435
f 692/2355/5436 821/2179/5437 693/2147/5438
f 692/3542/5439 642/3543/5440 821/3544/5441
f 598/2143/5442 906/2578/5443 699/2546/5444
f 801/2823/5445 642/2014/5446 692/2355/5447
f 614/3545/5448 709/2063/5449 927/3285/5450
f 954/3546/5451 814/2327/5452 815/3547/5453
f 786/2452/5454 747/2544/5455 802/2869/5456
f 724/3548/5457 723/3549/5458 712/3550/5459
f 905/3551/5460 706/3019/5461 758/3552/5462
f 638/2697/5463 938/3553/5464 855/3554/5465
f 638/2772/5466 855/3555/5467 783/2520/5468
f 872/3556/5469 697/2049/5470 873/3557/5471
f 714/2175/5472 964/2177/5473 717/2786/5474
f 815/3558/5475 551/3559/5476 954/3264/5477
f 551/3559/5478 739/3262/5479 954/3264/5480
f 632/2382/5481 881/2761/5482 907/3560/5483
f 881/2761/5484 632/2382/5485 653/2264/5486
f 979/3561/5487 971/3562/5488 658/3563/5489
f 951/2479/5490 543/2070/5491 544/2238/5492
f 544/2238/5493 543/2070/5494 580/3506/5495
f 948/2725/5496 781/2624/5497 794/3564/5498
f 979/3565/5499 976/3566/5500 980/3567/5501
f 979/3561/5502 658/3563/5503 976/3568/5504
f 569/3569/5505 923/3570/5506 604/3571/5507
f 604/3572/5508 923/3573/5509 798/3574/5510
f 733/2334/5511 793/3304/5512 795/3541/5513
f 1012/289/5514 1044/1699/5515 688/2249/5516
f 622/3575/5517 687/3576/5518 568/3577/5519
f 715/3578/5520 717/3579/5521 718/3580/5522
f 982/3439/5523 955/2019/5524 733/2334/5525
f 619/3464/5526 924/3463/5527 921/3469/5528
f 840/3581/5529 540/2886/5530 677/2278/5531
f 540/3582/5532 840/3583/5533 609/3584/5534
f 770/3585/5535 798/3520/5536 784/3586/5537
f 790/3587/5538 883/3588/5539 918/3589/5540
f 883/3590/5541 592/3591/5542 918/3592/5543
f 810/3593/5544 648/3594/5545 867/3595/5546
f 567/2590/5547 613/3596/5548 654/3597/5549
f 725/2110/5550 781/2624/5551 686/2272/5552
f 685/3598/5553 753/3599/5554 752/3600/5555
f 745/2064/5556 784/3601/5557 562/2679/5558
f 898/3602/5559 952/2633/5560 840/2632/5561
f 1039/1728/5562 1040/1729/5563 625/3404/5564
f 679/2111/5565 825/2280/5566 920/2229/5567
f 664/2145/5568 679/2111/5569 920/2229/5570
f 611/3603/5571 646/2017/5572 636/2216/5573
f 663/2173/5574 772/2294/5575 741/2698/5576
f 457/1545/5577 366/1544/5578 464/3604/5579
f 991/3605/5580 952/2553/5581 990/3606/5582 994/3607/5583
f 777/3608/5584 898/3430/5585 989/3429/5586
f 646/2017/5587 611/3603/5588 978/2575/5589
f 559/3124/5590 713/3609/5591 760/3125/5592
f 713/3610/5593 559/3611/5594 558/3612/5595
f 558/3613/5596 601/2292/5597 701/2125/5598
f 971/3562/5599 929/3614/5600 578/3615/5601
f 762/2866/5602 659/3616/5603 971/2867/5604
f 838/3617/5605 856/3618/5606 857/3619/5607
f 1021/1745/5608 954/3620/5609 1024/1746/5610
f 523/1748/5611 838/2403/5612 516/1749/5613
f 614/3621/5614 607/3622/5615 633/3623/5616
f 849/1994/5617 863/2571/5618 768/1992/5619
f 863/2571/5620 849/1994/5621 848/3624/5622
f 500/1754/5623 1029/1756/5624 842/3625/5625
f 893/3626/5626 805/3627/5627 683/3628/5628
f 956/3472/5629 915/3629/5630 780/3473/5631
f 634/3630/5632 757/2108/5633 656/2781/5634
f 602/2252/5635 634/3630/5636 656/2781/5637
f 798/3631/5638 770/2094/5639 961/3632/5640
f 961/3632/5641 770/2094/5642 813/2123/5643
f 981/3356/5644 953/3633/5645 975/3634/5646
f 775/3075/5647 953/3633/5648 981/3356/5649
f 742/2273/5650 948/2725/5651 681/3334/5652
f 656/2781/5653 757/2108/5654 657/2827/5655
f 744/3635/5656 694/3636/5657 996/3637/5658
f 996/3638/5659 694/3639/5660 1001/3640/5661
f 1055/699/5662 756/2631/5663 684/2295/5664 520/339/5665
f 679/2111/5666 797/2113/5667 657/2827/5668
f 797/2113/5669 656/2781/5670 657/2827/5671
f 935/3641/5672 967/3642/5673 681/3643/5674
f 794/2659/5675 575/2943/5676 948/3644/5677
f 946/2220/5678 790/2222/5679 982/2488/5680
f 560/3645/5681 625/3646/5682 883/3647/5683
f 961/3648/5684 813/3649/5685 570/3650/5686
f 933/2092/5687 964/2177/5688 628/2176/5689
f 847/2217/5690 646/2017/5691 865/3651/5692
f 725/3652/5693 634/3653/5694 823/3654/5695
f 872/3655/5696 581/3656/5697 748/2364/5698
f 581/3657/5699 649/3658/5700 748/3659/5701
f 545/2454/5702 555/2453/5703 546/3012/5704
f 974/3660/5705 914/3661/5706 812/3532/5707
f 974/3662/5708 812/2958/5709 789/3088/5710
f 803/2410/5711 698/3663/5712 556/3664/5713
f 827/2091/5714 901/2849/5715 572/2393/5716
f 898/3430/5717 655/3665/5718 997/3666/5719 998/3428/5720
f 550/3667/5721 993/3668/5722 999/3669/5723
f 694/3670/5724 550/2405/5725 999/3671/5726 988/3672/5727
f 694/3670/5728 988/3672/5729 1001/3673/5730
f 811/3674/5731 880/3675/5732 987/3676/5733 1000/3677/5734
f 563/2367/5735 985/3678/5736 986/3679/5737
f 563/2367/5738 952/2553/5739 991/3605/5740 985/3678/5741
f 563/2367/5742 992/3479/5743 983/3680/5744 573/2365/5745
f 880/3681/5746 573/3682/5747 983/3683/5748 984/3684/5749
f 997/3432/5750 744/2621/5751 996/3637/5752 1001/3640/5753 988/3672/5754 999/3671/5755 993/3668/5756 1000/2407/5757 987/3676/5758 984/1971/5759 983/3683/5760 992/3479/5761 995/3480/5762 986/3483/5763 985/3678/5764 991/3605/5765 994/3607/5766 990/3606/5767 777/3685/5768 989/3429/5769 998/3428/5770
f 787/3016/5771 525/1111/5772 524/363/5773 574/2316/5774
f 539/2437/5775 1052/1817/5776 527/1061/5777 791/2438/5778
f 539/3686/5779 804/3176/5780 526/1820/5781 1052/1819/5782
f 897/3687/5783 565/3688/5784 1051/1823/5785 1048/1822/5786
f 791/2438/5787 531/1062/5788 1047/1825/5789
f 667/3689/5790 521/1828/5791 1057/1827/5792
f 858/3690/5793 1046/1831/5794 1059/1830/5795
f 858/3690/5796 1059/1830/5797 515/1833/5798 960/3691/5799
f 667/3692/5800 972/3341/5801 513/1836/5802 521/1835/5803
f 793/3693/5804 510/1839/5805 511/1838/5806
f 859/2284/5807 1042/1841/5808 508/1840/5809 858/2596/5810
f 838/2403/5811 857/2277/5812 507/1843/5813 512/1842/5814
f 583/3694/5815 967/2020/5816 519/1846/5817 1041/1845/5818
f 904/3695/5819 625/3696/5820 1040/1849/5821 517/1848/5822
f 749/2577/5823 846/2325/5824 505/375/5825 1035/1851/5826
f 749/3697/5827 1035/1855/5828 1054/1854/5829 750/3698/5830
f 818/3699/5831 856/2638/5832 1032/1858/5833 504/1857/5834
f 859/2284/5835 1030/1860/5836 1042/1859/5837
f 842/3625/5838 575/3700/5839 498/1861/5840 500/1754/5841
f 838/3617/5842 497/1864/5843 1032/1863/5844 856/3618/5845
f 838/3701/5846 523/1867/5847 497/1866/5848
f 912/3106/5849 495/1870/5850 1037/1869/5851 684/3702/5852
f 912/3106/5853 506/1203/5854 495/1870/5855
f 793/3703/5856 511/1873/5857 493/1872/5858
f 842/3704/5859 1029/1877/5860 1033/1876/5861 935/3705/5862
f 819/3706/5863 1028/1881/5864 1058/1880/5865 861/3707/5866
f 817/3708/5867 1026/1884/5868 1027/1883/5869
f 560/3709/5870 1045/1887/5871 488/1886/5872
f 575/3710/5873 486/1890/5874 498/1889/5875
f 575/2943/5876 794/2659/5877 503/729/5878 486/1891/5879
f 959/2668/5880 484/740/5881 487/1893/5882 817/3711/5883
f 710/3712/5884 1025/1896/5885 518/1895/5886
f 710/3299/5887 667/3298/5888 1057/1898/5889 1025/1897/5890
f 954/3620/5891 584/3713/5892 1049/1899/5893 1024/1746/5894
f 857/3714/5895 678/3715/5896 1023/1903/5897 507/1902/5898
f 950/2387/5899 791/2438/5900 1047/1825/5901 1022/442/5902
f 954/3546/5903 1021/1906/5904 1050/1905/5905 814/2327/5906
f 1099/3716/5907 548/3284/5908 1020/1391/5909 1114/1908/5910
f 886/3717/5911 688/3718/5912 490/1911/5913 1019/1910/5914
f 670/3719/5915 950/3720/5916 483/1915/5917 1018/1914/5918
f 787/3721/5919 670/3719/5920 1018/1914/5921 1043/1918/5922
f 972/3341/5923 875/2254/5924 481/1919/5925 513/1836/5926
f 935/3722/5927 1033/1922/5928 1017/1921/5929
f 937/3723/5930 1014/1926/5931 1056/1925/5932 565/3724/5933
f 859/2284/5934 1013/326/5935 1030/1860/5936
f 978/2576/5937 492/1928/5938 502/1927/5939 846/2325/5940
f 766/3725/5941 492/1931/5942 978/3726/5943
f 950/2387/5944 1011/1933/5945 483/1932/5946
f 678/2858/5947 583/2095/5948 1010/1935/5949 1023/1934/5950
f 795/3541/5951 1008/1938/5952 479/1937/5953 946/3727/5954
f 793/3703/5955 493/1872/5956 1008/1940/5957 795/3728/5958
f 949/3729/5959 886/3730/5960 1019/1943/5961 1007/1942/5962
f 574/3731/5963 529/1948/5964 478/1947/5965 584/3732/5966
f 584/2132/5967 478/1949/5968 1034/165/5969
f 560/3645/5970 946/2490/5971 1005/1951/5972 1045/1950/5973
f 946/2490/5974 479/1952/5975 1005/1951/5976
f 949/3729/5977 1007/1942/5978 477/1953/5979
f 729/3733/5980 476/1957/5981 496/1956/5982 675/3734/5983
f 819/2503/5984 856/2502/5985 475/1959/5986 1028/1958/5987
f 818/3735/5988 474/1962/5989 475/1961/5990 856/2638/5991
f 860/2660/5992 473/1963/5993 1038/730/5994
f 625/3736/5995 560/3737/5996 488/1966/5997 472/1965/5998
f 625/3738/5999 472/1970/6000 1039/1969/6001
f 949/3177/6002 1002/1361/6003 526/1820/6004 804/3176/6005
f 875/2254/6006 471/1635/6007 481/1919/6008
f 907/3560/6009 1109/3739/6010 1110/3740/6011
f 907/3741/6012 1108/3742/6013 1109/3743/6014
f 907/3560/6015 881/2761/6016 1107/3744/6017 1108/3745/6018
f 632/2382/6019 1105/3746/6020 1113/3747/6021 687/2265/6022
f 829/3748/6023 1111/3749/6024 1103/3750/6025
f 726/3751/6026 917/2360/6027 1104/2359/6028 1102/3752/6029
f 917/3753/6030 544/3754/6031 1098/3755/6032 1097/3756/6033
f 568/3757/6034 1095/3758/6035 1115/3759/6036 1004/3760/6037
f 548/3761/6038 1094/3762/6039 1111/3763/6040 829/2663/6041
f 632/2382/6042 1091/3764/6043 1105/3746/6044
f 632/3765/6045 907/3766/6046 1110/3767/6047 1091/3768/6048
f 894/3769/6049 1092/3770/6050 1090/3771/6051
f 894/3772/6052 1088/3773/6053 1092/3774/6054
f 894/3772/6055 726/3751/6056 1102/3752/6057 1088/3775/6058
f 687/2265/6059 1113/3747/6060 1087/2268/6061 568/2267/6062
f 375/1684/6063 1083/3776/6064 1082/3777/6065
f 375/3778/6066 1082/3779/6067 1081/3780/6068
f 375/1684/6069 1081/3781/6070 1080/3782/6071 349/835/6072
f 101/436/6073 156/306/6074 1086/3783/6075 1078/3784/6076
f 297/3785/6077 1076/3786/6078 1084/3787/6079
f 195/3788/6080 1075/3789/6081 1077/413/6082 385/415/6083
f 385/3790/6084 1070/3791/6085 1071/3792/6086 13/3793/6087
f 37/3794/6088 1004/3760/6089 1115/3759/6090 1068/3795/6091
f 17/3796/6092 297/734/6093 1084/3797/6094 1067/3798/6095
f 101/436/6096 1078/3784/6097 1064/3799/6098
f 101/3800/6099 1064/3801/6100 1083/3802/6101 375/3803/6102
f 362/3804/6103 1063/3805/6104 1065/3806/6105
f 362/3807/6106 1065/3808/6107 1061/3809/6108
f 362/3807/6109 1061/3810/6110 1075/3789/6111 195/3788/6112
f 156/306/6113 37/310/6114 1060/309/6115 1086/3783/6116
f 1072/1907/6117 1067/3798/6118 1084/3787/6119 1076/687/6120 1079/380/6121 1062/1400/6122 1074/90/6123 1069/271/6124 1085/393/6125 1071/3792/6126 1070/414/6127 1077/413/6128 1075/3789/6129 1061/3809/6130 1065/3806/6131 1063/834/6132 1066/914/6133 1080/3782/6134 1081/3780/6135 1082/3777/6136 1083/3802/6137 1064/3799/6138 1078/3784/6139 1086/3783/6140 1060/309/6141 1073/602/6142 1068/3795/6143 1115/3759/6144 1095/2540/6145 1100/2266/6146 1087/2268/6147 1113/3747/6148 1105/3746/6149 1091/3768/6150 1110/3740/6151 1109/3743/6152 1108/3745/6153 1107/2835/6154 1093/2760/6155 1090/3771/6156 1092/3774/6157 1088/3775/6158 1102/3752/6159 1104/2359/6160 1097/3756/6161 1098/2342/6162 1112/2237/6163 1096/2060/6164 1101/3292/6165 1089/2329/6166 1106/2328/6167 1103/3750/6168 1111/3763/6169 1094/2825/6170 1099/3716/6171 1114/1908/6172
