# Blender v2.79 (sub 0) OBJ File: 'redo_fixed_360_joints.blend'
# www.blender.org
mtllib sungaya_inexpectata_31mg.mtl
o 05-t2_Sungaya_inexpectata_31mg.018
v 0.000321 0.001801 -0.000443
v 0.000359 0.000020 0.000702
v 0.000300 0.002011 -0.000519
v 0.000668 0.000176 -0.000230
v 0.000698 0.000164 -0.000308
v 0.000465 -0.001976 0.000505
v 0.000337 -0.000310 -0.000811
v 0.000547 -0.001842 0.000326
v 0.000150 -0.001209 0.000954
v 0.000811 -0.001761 -0.000163
v 0.000568 0.001362 -0.000023
v 0.000580 -0.000145 -0.000478
v 0.000628 0.000966 0.000181
v 0.000505 0.000780 0.000492
v 0.000475 0.001743 -0.000037
v 0.000348 -0.001825 0.000690
v 0.000377 -0.001848 0.000630
v 0.000642 0.000669 -0.000090
v 0.000509 -0.000509 -0.000623
v 0.000354 0.000803 -0.000629
v 0.000664 -0.000266 -0.000137
v 0.000578 -0.001541 0.000175
v 0.000515 -0.001120 0.000451
v 0.000527 -0.000038 0.000413
v 0.000614 -0.001855 0.000101
v 0.000380 0.001012 0.000674
v 0.000282 0.001032 0.000756
v 0.000094 0.000475 0.000834
v 0.000632 0.000439 0.000012
v 0.000611 0.000462 0.000126
v 0.000605 0.000230 0.000084
v 0.000552 0.000441 0.000327
v 0.000582 0.001431 0.000446
v 0.000544 -0.001992 0.000354
v 0.000618 -0.000486 0.000339
v 0.000622 -0.000315 0.000299
v 0.000610 0.001987 0.000317
v 0.000354 -0.000837 -0.000817
v 0.000429 0.000286 0.000648
v 0.000363 0.000297 0.000710
v 0.000310 0.000244 0.000745
v 0.000647 0.000425 -0.000079
v 0.000535 0.000113 0.000394
v 0.000194 -0.001410 0.000927
v 0.000322 -0.001374 0.000824
v 0.000440 -0.001638 0.000505
v 0.000521 -0.001832 0.000438
v 0.000566 -0.000868 0.000445
v 0.000527 -0.000937 0.000525
v 0.000569 -0.001925 0.000230
v 0.000640 0.000736 -0.000203
v 0.000591 0.001977 0.000444
v 0.000061 -0.000613 0.000922
v 0.000151 -0.000645 0.000882
v 0.000109 -0.000858 -0.000950
v 0.000579 -0.001775 0.000170
v 0.000485 -0.001890 -0.000617
v 0.000027 0.000495 -0.000993
v 0.000326 -0.002009 0.000710
v 0.000525 -0.001288 0.000316
v 0.000590 -0.000297 0.000382
v 0.000516 0.000540 -0.000430
v 0.000624 0.000278 0.000016
v 0.000494 -0.000539 0.000645
v 0.000598 -0.000428 -0.000503
v 0.000586 0.001796 0.000496
v 0.000334 0.001335 -0.000500
v 0.000166 -0.001782 0.000885
v 0.000073 -0.001865 0.000922
v 0.000120 0.002153 -0.000682
v 0.000733 -0.001240 0.000060
v 0.000640 -0.001255 0.000153
v 0.000209 0.000440 0.000786
v 0.000263 0.000315 0.000766
v 0.000628 -0.001046 0.000169
v 0.000270 0.001364 -0.000678
v 0.000678 0.000173 -0.000359
v 0.000451 0.000727 0.000597
v 0.000522 0.002093 0.000615
v 0.000070 0.001334 -0.000881
v 0.000473 -0.000131 0.000528
v 0.000359 -0.001800 -0.000736
v 0.000485 0.001738 0.000630
v 0.000549 -0.001895 -0.000549
v 0.000366 -0.001534 0.000691
v 0.000600 -0.000776 -0.000601
v 0.000498 0.000450 0.000509
v 0.000414 -0.001484 -0.000746
v 0.000333 0.000945 -0.000633
v 0.000257 -0.001696 -0.000781
v 0.000501 0.000235 -0.000513
v 0.000745 -0.001435 0.000026
v 0.000239 -0.001009 0.000880
v 0.000079 0.001826 -0.000806
v 0.000633 -0.000183 -0.000059
v 0.000208 0.000828 -0.000886
v 0.000356 0.002077 -0.000240
v 0.000562 0.000564 0.000300
v 0.000573 -0.001658 0.000182
v 0.000280 -0.001256 0.000883
v 0.000173 0.001460 0.000860
v 0.000172 0.000466 -0.000915
v 0.000386 -0.000705 0.000733
v 0.000314 0.001257 -0.000582
v 0.000503 -0.001012 -0.000736
v 0.000231 0.001545 -0.000721
v 0.000226 -0.000748 -0.000905
v 0.000282 0.000410 -0.000818
v 0.000676 -0.000210 -0.000420
v 0.000498 -0.001037 0.000599
v 0.000482 0.000823 -0.000403
v 0.000582 0.000059 0.000174
v 0.000511 -0.000632 -0.000656
v 0.000743 -0.000440 -0.000322
v 0.000333 0.002185 -0.000467
v 0.000423 0.000098 0.000644
v 0.000161 0.000764 0.000829
v 0.000459 0.001573 -0.000196
v 0.000836 -0.001415 -0.000164
v 0.000296 0.001574 0.000776
v 0.000302 0.001370 0.000753
v 0.000599 -0.000678 0.000327
v 0.000598 -0.000501 0.000249
v 0.000604 -0.000601 0.000377
v 0.000403 0.000594 -0.000581
v 0.000234 -0.001490 -0.000825
v 0.000330 0.000421 0.000725
v 0.000553 -0.000684 0.000559
v 0.000376 0.000783 0.000687
v 0.000633 -0.000319 -0.000031
v 0.000249 -0.001881 0.000804
v 0.000331 0.001992 -0.000335
v 0.000262 0.000096 0.000771
v 0.000529 0.000903 0.000435
v 0.000628 0.001276 0.000229
v 0.000319 0.000239 -0.000789
v 0.000461 -0.000919 -0.000747
v 0.000519 -0.000161 -0.000552
v 0.000596 -0.000921 0.000219
v 0.000163 -0.001017 0.000925
v 0.000832 -0.001102 -0.000197
v 0.000397 -0.001693 0.000592
v 0.000440 -0.000083 -0.000656
v 0.000479 0.000017 -0.000590
v 0.000530 0.000073 -0.000504
v 0.000726 -0.001043 0.000059
v 0.000680 -0.000762 0.000071
v 0.000778 -0.000563 -0.000352
v 0.000630 -0.000459 0.000019
v 0.000551 -0.001131 0.000292
v 0.000807 -0.001383 -0.000085
v 0.000564 0.001896 0.000545
v 0.000424 0.000810 -0.000499
v 0.000372 0.001031 -0.000526
v 0.000722 -0.000268 -0.000263
v 0.000764 -0.000610 -0.000117
v 0.000744 -0.001911 -0.000099
v 0.000710 -0.000426 -0.000411
v 0.000825 -0.000846 -0.000200
v 0.000812 -0.000924 -0.000124
v 0.000553 -0.000519 0.000576
v 0.000274 0.001595 -0.000652
v 0.000613 0.001621 0.000289
v 0.000212 0.000325 -0.000897
v 0.000334 0.000912 0.000716
v 0.000483 0.001252 -0.000280
v 0.000421 -0.001038 -0.000776
v 0.000191 0.000919 0.000817
v 0.000663 0.000514 -0.000210
v 0.000447 0.000477 -0.000539
v 0.000234 -0.001111 -0.000882
v 0.000261 -0.000515 0.000807
v 0.000339 -0.000895 0.000776
v 0.000273 -0.000738 0.000810
v 0.000174 -0.000773 0.000879
v 0.000252 0.000210 0.000774
v 0.000063 0.001303 0.000917
v 0.000652 -0.001906 0.000023
v 0.000121 -0.000233 -0.000932
v 0.000491 0.001056 -0.000326
v 0.000510 0.000704 0.000470
v 0.000389 0.001406 -0.000363
v 0.000385 0.001562 -0.000309
v 0.000540 -0.000987 0.000431
v 0.000598 -0.001577 -0.000536
v 0.000635 0.000361 -0.000360
v 0.000443 -0.000189 0.000574
v 0.000410 -0.000262 0.000618
v 0.000379 -0.001666 -0.000732
v 0.000280 0.000683 0.000762
v 0.000269 0.000812 0.000769
v 0.000251 -0.001187 0.000910
v 0.000573 0.001721 0.000177
v 0.000682 -0.001807 -0.000005
v 0.000342 -0.001126 -0.000825
v 0.000820 -0.001155 -0.000154
v 0.000619 -0.001905 -0.000504
v 0.000351 -0.000926 -0.000824
v 0.000390 0.000509 0.000673
v 0.000444 0.000387 0.000621
v 0.000646 -0.001586 -0.000481
v 0.000116 0.001969 -0.000755
v 0.000505 0.001405 -0.000211
v 0.000518 0.001446 -0.000125
v 0.000783 -0.001536 -0.000036
v 0.000175 -0.000479 -0.000906
v 0.000689 -0.000672 0.000016
v 0.000692 -0.000477 -0.000091
v 0.000375 0.001684 0.000719
v 0.000561 0.001243 -0.000142
v 0.000595 0.001070 -0.000168
v 0.000422 -0.001528 0.000550
v 0.000407 -0.001296 0.000722
v 0.000560 -0.000935 0.000395
v 0.000474 -0.000746 0.000673
v 0.000522 -0.001422 -0.000730
v 0.000684 -0.000072 -0.000331
v 0.000705 -0.000239 -0.000336
v 0.000545 0.001172 0.000442
v 0.000423 0.001150 0.000628
v 0.000611 -0.001166 0.000188
v 0.000746 -0.000767 -0.000407
v 0.000722 -0.000976 -0.000404
v 0.000223 -0.000895 0.000865
v 0.000536 0.001468 -0.000047
v 0.000579 -0.000136 0.000229
v 0.000586 -0.000082 0.000141
v 0.000298 -0.000140 0.000747
v 0.000397 -0.000982 0.000742
v 0.000559 -0.000980 0.000317
v 0.000806 -0.001224 -0.000063
v 0.000524 0.000806 0.000432
v 0.000537 -0.001226 -0.000786
v 0.000131 -0.001989 0.000886
v 0.000696 -0.000994 -0.000465
v 0.000694 -0.000934 0.000088
v 0.000635 -0.000933 0.000162
v 0.000306 0.001554 -0.000541
v 0.000769 -0.001965 -0.000373
v 0.000042 -0.001987 -0.000824
v 0.000529 -0.000228 0.000436
v 0.000173 -0.000958 -0.000935
v 0.000274 -0.000840 -0.000882
v 0.000444 0.002240 0.000696
v 0.000806 -0.001571 -0.000168
v 0.000812 -0.001476 -0.000172
v 0.000774 -0.001553 -0.000269
v 0.000410 0.002094 0.000721
v 0.000641 0.000771 -0.000014
v 0.000639 0.000629 0.000026
v 0.000021 0.002179 -0.000725
v 0.000413 -0.001610 -0.000712
v 0.000192 0.001208 0.000827
v 0.000130 0.000317 -0.000953
v 0.000350 0.001712 -0.000313
v 0.000585 -0.000251 0.000136
v 0.000441 0.001387 -0.000287
v 0.000459 -0.000275 0.000547
v 0.000424 0.002292 -0.000132
v 0.000458 0.000911 0.000588
v 0.000668 -0.001973 0.000002
v 0.000061 -0.001420 0.000984
v 0.000628 -0.001723 0.000093
v 0.000592 -0.001035 -0.000670
v 0.000133 0.001026 -0.000901
v 0.000701 -0.000267 -0.000205
v 0.000621 0.000999 -0.000052
v 0.000243 -0.001103 0.000898
v 0.000545 -0.001640 0.000229
v 0.000626 0.000875 -0.000136
v 0.000627 0.001321 0.000172
v 0.000433 -0.000488 0.000683
v 0.000455 -0.000447 0.000627
v 0.000309 -0.000331 0.000749
v 0.000114 -0.000198 0.000851
v 0.000614 0.001174 0.000039
v 0.000362 0.000173 0.000710
v 0.000666 0.000633 -0.000244
v 0.000589 0.000158 0.000154
v 0.000640 -0.000826 0.000145
v 0.000064 -0.000999 -0.000965
v 0.000276 -0.001313 -0.000835
v 0.000603 0.001867 0.000343
v 0.000573 0.002108 0.000274
v 0.000580 0.002247 0.000315
v 0.000519 0.002219 0.000221
v 0.000337 0.000509 -0.000710
v 0.000043 0.002091 0.000980
v 0.000274 0.000706 -0.000788
v 0.000434 -0.001816 0.000533
v 0.000479 0.001970 0.000650
v 0.000397 0.001850 0.000709
v 0.000462 -0.001155 0.000676
v 0.000840 -0.001291 -0.000131
v 0.000165 0.002289 0.000911
v 0.000324 0.001629 -0.000425
v 0.000462 -0.001298 0.000603
v 0.000488 -0.001314 0.000477
v 0.000320 -0.000515 -0.000834
v 0.000277 -0.000658 -0.000868
v 0.000404 0.000057 -0.000683
v 0.000107 0.000161 0.000833
v 0.000186 0.000160 0.000807
v 0.000150 0.001803 0.000904
v 0.000229 0.001683 0.000839
v 0.000104 0.001613 0.000913
v 0.000485 -0.000353 -0.000633
v 0.000385 0.001537 0.000702
v 0.000625 0.001482 0.000258
v 0.000584 0.001471 0.000096
v 0.000759 -0.000980 -0.000337
v 0.000359 -0.001412 0.000750
v 0.000317 0.001737 0.000771
v 0.000426 -0.000885 0.000706
v 0.000368 0.001983 -0.000199
v 0.000577 0.001527 0.000490
v 0.000346 -0.000181 -0.000801
v 0.000106 0.000983 0.000874
v 0.000559 -0.000438 0.000514
v 0.000103 -0.001641 0.000945
v 0.000561 -0.000304 -0.000519
v 0.000590 -0.000147 0.000316
v 0.000180 0.001194 -0.000836
v 0.000593 0.000984 -0.000245
v 0.000617 -0.001624 -0.000529
v 0.000629 0.001024 0.000047
v 0.000296 0.001643 -0.000582
v 0.000159 0.000295 0.000811
v 0.000065 0.000316 0.000839
v 0.000325 -0.000646 0.000776
v 0.000369 0.000724 -0.000612
v 0.000044 -0.001358 -0.000882
v 0.000276 0.002211 0.000831
v 0.000033 0.000095 -0.000993
v 0.000107 0.000146 -0.000973
v 0.000654 0.000457 -0.000137
v 0.000664 0.000304 -0.000204
v 0.000694 0.000392 -0.000281
v 0.000470 -0.000644 0.000687
v 0.000256 -0.000010 -0.000890
v 0.000409 0.000166 -0.000648
v 0.000570 -0.000916 -0.000654
v 0.000412 -0.000538 -0.000754
v 0.000213 0.000152 -0.000911
v 0.000760 -0.001825 -0.000094
v 0.000788 -0.001917 -0.000149
v 0.000617 0.000103 -0.000429
v 0.000581 0.002233 0.000382
v 0.000783 -0.001770 -0.000376
v 0.000267 0.001028 -0.000758
v 0.000604 -0.000092 0.000059
v 0.000401 -0.001975 0.000592
v 0.000569 0.000116 0.000306
v 0.000233 0.001877 -0.000655
v 0.000080 -0.000015 0.000846
v 0.000672 -0.000133 -0.000403
v 0.000547 -0.001719 0.000256
v 0.000403 -0.000081 0.000649
v 0.000247 0.002089 -0.000598
v 0.000295 0.000548 0.000745
v 0.000106 0.000846 -0.000952
v 0.000478 0.001536 0.000618
v 0.000351 0.000025 -0.000793
v 0.000478 -0.001458 0.000442
v 0.000418 0.000341 -0.000618
v 0.000489 0.001132 0.000543
v 0.000178 0.000047 0.000813
v 0.000258 -0.000016 0.000776
v 0.000534 0.000230 0.000401
v 0.000702 -0.001900 -0.000053
v 0.000496 -0.001401 0.000375
v 0.000085 -0.000829 0.000932
v 0.000679 -0.001731 -0.000479
v 0.000582 -0.000546 0.000496
v 0.000697 -0.000319 -0.000410
v 0.000669 -0.000637 -0.000491
v -0.000003 0.001618 -0.000867
v 0.000264 0.001246 -0.000735
v 0.000491 -0.001196 0.000560
v 0.000420 0.002082 -0.000061
v 0.000268 0.000598 -0.000802
v 0.000818 -0.000701 -0.000177
v 0.000802 -0.000979 -0.000269
v 0.000546 0.000332 0.000357
v 0.000268 -0.000413 -0.000859
v 0.000637 0.000165 -0.000052
v 0.000297 -0.001593 0.000803
v 0.000386 -0.000199 0.000653
v 0.000404 -0.000367 0.000648
v 0.000406 0.000619 0.000658
v 0.000676 -0.000119 -0.000217
v 0.000447 -0.001416 0.000534
v 0.000477 0.000571 0.000546
v 0.000599 0.000272 0.000267
v 0.000785 -0.001885 -0.000256
v 0.000794 -0.002004 -0.000231
v 0.000020 0.000912 -0.000965
v 0.000700 -0.001657 -0.000439
v 0.000707 -0.001600 -0.000384
v 0.000125 -0.001175 -0.000923
v 0.000581 -0.000841 0.000365
v 0.000399 -0.000576 0.000732
v 0.000592 -0.000378 0.000118
v 0.000617 -0.000284 -0.000471
v 0.000631 -0.000057 -0.000040
v 0.000651 0.000007 -0.000121
v 0.000420 0.001199 -0.000388
v 0.000381 -0.000805 0.000733
v 0.000440 0.002209 -0.000017
v 0.000327 -0.001036 0.000816
v 0.000549 0.001239 -0.000230
v 0.000411 -0.000271 -0.000736
v 0.000578 0.001921 0.000230
v 0.000015 0.001460 0.000953
v 0.000733 -0.000360 -0.000284
v 0.000335 0.001861 -0.000295
v 0.000508 0.000333 0.000495
v 0.000646 -0.000738 0.000109
v 0.000625 -0.000648 0.000112
v 0.000636 0.000761 0.000086
v 0.000404 -0.001396 0.000652
v 0.000472 0.000106 0.000571
v 0.000719 -0.001981 -0.000073
v 0.000513 0.001630 -0.000027
v 0.000216 -0.001560 0.000893
v 0.000537 0.000341 -0.000450
v 0.000354 -0.000456 0.000736
v 0.000789 -0.001808 -0.000350
v 0.000518 0.001032 0.000480
v 0.000755 -0.000796 -0.000037
v 0.000367 0.001855 -0.000227
v 0.000417 0.001859 -0.000115
v 0.000585 -0.000787 0.000258
v 0.000255 0.001722 -0.000648
v 0.000581 -0.001434 0.000183
v 0.000523 -0.001520 -0.000656
v 0.000382 -0.001191 0.000785
v 0.000310 -0.001156 0.000860
v 0.000544 0.000677 -0.000357
v 0.000632 0.000742 0.000187
v 0.000529 0.000410 0.000423
v 0.000413 -0.001076 0.000741
v 0.000451 0.000201 0.000617
v 0.000508 0.000208 0.000497
v 0.000213 0.002082 0.000881
v 0.000269 0.001888 0.000824
v 0.000299 0.002072 0.000808
v 0.000769 -0.001319 -0.000009
v 0.000084 0.000888 0.000879
v 0.000432 0.001036 -0.000422
v 0.000112 0.001569 -0.000826
v 0.000023 0.001080 0.000921
v 0.000485 -0.001569 0.000420
v 0.000597 0.001793 0.000255
v 0.000464 -0.000992 0.000679
v 0.000132 0.000607 -0.000952
v 0.000593 -0.000623 0.000213
v 0.000613 -0.000541 0.000104
v 0.000290 0.001888 -0.000518
v 0.000345 -0.001716 0.000705
v 0.000582 0.001655 0.000504
v 0.000462 0.001906 0.000018
v -0.000006 0.001316 -0.000909
v 0.000818 -0.000601 -0.000246
v 0.000751 -0.000451 -0.000223
v 0.000311 0.002166 -0.000527
v 0.000589 0.000465 0.000216
v 0.000573 0.002196 0.000522
v 0.000601 0.001107 0.000292
v 0.000429 0.001721 -0.000162
v 0.000738 -0.001695 -0.000018
v 0.000582 -0.001329 0.000201
v 0.000551 -0.000795 0.000519
v 0.000169 0.000600 0.000812
v 0.000193 0.001393 -0.000774
v 0.000187 -0.000151 -0.000918
v 0.000140 -0.000017 -0.000965
v 0.000159 0.001047 0.000843
v 0.000209 -0.000283 0.000815
v 0.000109 -0.000430 0.000874
v 0.000394 0.001295 0.000665
v 0.000484 0.001253 0.000563
v 0.000139 -0.001086 -0.000931
v 0.000824 -0.001013 -0.000199
v 0.000365 0.001962 0.000747
v 0.000070 -0.001060 0.000975
v 0.000617 0.000080 0.000030
v 0.000521 0.002219 0.000616
v 0.000289 0.000833 -0.000794
v 0.000598 -0.000502 0.000148
v 0.000474 0.000014 0.000553
v 0.000566 -0.001230 0.000238
v 0.000530 0.000603 0.000402
v 0.000781 -0.001661 -0.000304
v 0.000576 0.001315 0.000417
v 0.000311 -0.001213 -0.000837
v 0.000420 -0.001923 -0.000696
v 0.000069 -0.001152 0.000985
v 0.000584 -0.000736 0.000420
v 0.000677 -0.001533 0.000094
v 0.000636 0.000873 0.000063
v 0.000188 -0.000099 0.000814
v 0.000327 0.001164 0.000720
v 0.000787 -0.001911 -0.000444
v 0.000405 0.001413 0.000670
v 0.000503 0.001373 0.000559
v 0.000821 -0.000732 -0.000279
v 0.000421 -0.000386 -0.000746
v 0.000629 0.000832 -0.000252
v 0.000665 -0.000023 -0.000198
v 0.000775 -0.001121 -0.000017
v 0.000711 -0.001151 0.000085
v 0.000166 0.001947 0.000911
v 0.000540 0.001775 0.000123
v 0.000530 0.000862 -0.000328
v 0.000690 0.000029 -0.000281
v 0.000508 -0.001538 0.000351
v 0.000637 0.000698 -0.000273
v 0.000533 -0.001515 0.000256
v 0.000609 -0.000417 0.000372
v 0.000063 0.001916 0.000963
v 0.000772 -0.000969 -0.000020
v 0.000806 -0.001086 -0.000118
v 0.000309 -0.001885 -0.000771
v 0.000789 -0.001702 -0.000080
v 0.000581 0.000051 0.000289
v 0.000673 -0.001367 0.000106
v 0.000701 -0.000093 -0.000262
v 0.000703 0.000271 -0.000312
v 0.000647 -0.000005 -0.000410
v 0.000043 0.000713 0.000875
v 0.000173 0.001762 -0.000755
v 0.000534 -0.001670 0.000358
v 0.000631 0.001170 0.000163
v 0.000210 -0.001592 -0.000822
v 0.000697 0.000521 -0.000279
v 0.000023 0.000892 0.000905
v 0.000484 -0.001393 -0.000754
v 0.000538 -0.000629 0.000626
v 0.000503 -0.000843 0.000627
v 0.000746 -0.001015 -0.000372
v 0.000668 -0.001575 -0.000512
v 0.000760 -0.001014 -0.000347
v 0.000543 -0.001044 -0.000738
v 0.000726 -0.001003 -0.000409
v 0.000864 -0.001272 -0.000153
v 0.000516 -0.001192 -0.000784
v 0.000833 -0.001463 -0.000213
v 0.000521 -0.001278 -0.000776
v 0.000849 -0.001172 -0.000178
v 0.000594 -0.001511 -0.000644
v 0.000864 -0.001319 -0.000152
v 0.000838 -0.001106 -0.000207
v 0.000544 -0.001424 -0.000734
v 0.000759 -0.001564 -0.000347
v 0.000725 -0.001589 -0.000409
v 0.000855 -0.001408 -0.000172
v 0.000698 -0.001581 -0.000457
v 0.000836 -0.001095 -0.000211
v 0.000541 -0.001403 -0.000740
v 0.000819 -0.001504 -0.000236
v 0.000529 -0.001373 -0.000761
v 0.000840 -0.001116 -0.000203
v 0.000707 -0.001009 -0.000444
v 0.000796 -0.001544 -0.000280
v 0.000771 -0.001012 -0.000327
v 0.000609 -0.001520 -0.000617
v 0.000851 -0.001429 -0.000180
v 0.000573 -0.001030 -0.000684
v 0.000827 -0.001035 -0.000225
v 0.000531 -0.001083 -0.000759
v 0.000578 -0.001497 -0.000673
v 0.000563 -0.001462 -0.000700
v 0.000001 -0.001428 0.001002
v -0.000007 -0.000012 0.000857
v -0.000049 0.001773 0.000977
v -0.000003 -0.000423 -0.000948
v -0.000016 0.001571 -0.000873
v -0.000014 0.000355 0.000853
v -0.000005 -0.000361 0.000889
v 0.000002 -0.001272 -0.000908
v -0.000048 0.000706 0.000885
v -0.000013 0.001062 -0.000948
v -0.000004 -0.000277 -0.000952
v -0.000075 0.001297 0.000966
v -0.000021 0.002265 -0.000712
v -0.000010 0.000628 -0.000988
v -0.000020 0.002170 -0.000731
v -0.000001 -0.000728 -0.000959
v -0.000017 0.001722 -0.000848
v -0.000003 -0.001088 0.000997
v -0.000000 -0.000936 -0.000964
v -0.000004 -0.000876 0.000962
v -0.000007 0.000225 -0.001001
v 0.000001 -0.001365 0.001002
v -0.000077 0.001507 0.000987
v -0.000049 0.002149 0.000995
v -0.000046 0.002113 0.000995
v 0.000005 -0.001779 -0.000843
v -0.000017 0.001754 -0.000841
v -0.000352 0.001798 -0.000443
v -0.000338 0.000016 0.000697
v -0.000339 0.002007 -0.000519
v -0.000650 0.000156 -0.000211
v -0.000707 0.000145 -0.000307
v -0.000449 -0.001967 0.000497
v -0.000342 -0.000315 -0.000809
v -0.000536 -0.001863 0.000318
v -0.000141 -0.001210 0.000953
v -0.000810 -0.001766 -0.000153
v -0.000580 0.001344 -0.000013
v -0.000584 -0.000149 -0.000479
v -0.000615 0.000966 0.000213
v -0.000508 0.000777 0.000503
v -0.000501 0.001765 -0.000023
v -0.000325 -0.001831 0.000685
v -0.000351 -0.001855 0.000622
v -0.000618 0.000633 -0.000062
v -0.000512 -0.000513 -0.000622
v -0.000364 0.000796 -0.000622
v -0.000632 -0.000280 -0.000122
v -0.000527 -0.001554 0.000158
v -0.000470 0.002266 -0.000035
v -0.000501 -0.001145 0.000465
v -0.000511 -0.000045 0.000414
v -0.000578 -0.001846 0.000083
v -0.000411 0.000996 0.000688
v -0.000358 0.001015 0.000762
v -0.000144 0.000471 0.000842
v -0.000596 0.000462 0.000028
v -0.000596 0.000436 0.000138
v -0.000575 0.000232 0.000119
v -0.000535 0.000436 0.000353
v -0.000573 0.001436 0.000443
v -0.000524 -0.001989 0.000364
v -0.000621 -0.000493 0.000341
v -0.000622 -0.000324 0.000296
v -0.000614 0.001983 0.000337
v -0.000356 -0.000841 -0.000818
v -0.000401 0.000286 0.000645
v -0.000354 0.000289 0.000707
v -0.000308 0.000236 0.000745
v -0.000602 0.000395 -0.000059
v -0.000505 0.000105 0.000416
v -0.000180 -0.001407 0.000921
v -0.000314 -0.001371 0.000820
v -0.000415 -0.001636 0.000497
v -0.000524 -0.001848 0.000442
v -0.000572 -0.000878 0.000447
v -0.000525 -0.000949 0.000533
v -0.000524 -0.001971 0.000215
v -0.000655 0.000717 -0.000197
v -0.000579 0.001970 0.000455
v -0.000070 -0.000613 0.000923
v -0.000161 -0.000648 0.000880
v -0.000110 -0.000859 -0.000950
v -0.000531 -0.001774 0.000148
v -0.000474 -0.001896 -0.000618
v -0.000045 0.000495 -0.000993
v -0.000304 -0.002014 0.000701
v -0.000446 -0.001250 0.000299
v -0.000597 -0.000308 0.000383
v -0.000503 0.000534 -0.000422
v -0.000573 0.000283 0.000037
v -0.000495 -0.000543 0.000639
v -0.000601 -0.000445 -0.000501
v -0.000552 0.001808 0.000510
v -0.000345 0.001328 -0.000493
v -0.000158 -0.001777 0.000879
v -0.000063 -0.001870 0.000920
v -0.000160 0.002151 -0.000682
v -0.000730 -0.001248 0.000092
v -0.000632 -0.001272 0.000164
v -0.000246 0.000434 0.000797
v -0.000276 0.000311 0.000769
v -0.000617 -0.001083 0.000149
v -0.000300 0.001360 -0.000679
v -0.000690 0.000159 -0.000360
v -0.000446 0.000720 0.000608
v -0.000466 0.002089 0.000642
v -0.000099 0.001333 -0.000881
v -0.000432 -0.000137 0.000523
v -0.000349 -0.001804 -0.000736
v -0.000469 0.001728 0.000647
v -0.000538 -0.001902 -0.000550
v -0.000351 -0.001533 0.000689
v -0.000604 -0.000787 -0.000604
v -0.000477 0.000450 0.000493
v -0.000407 -0.001490 -0.000746
v -0.000348 0.000939 -0.000627
v -0.000248 -0.001699 -0.000781
v -0.000482 0.000228 -0.000510
v -0.000741 -0.001455 0.000039
v -0.000230 -0.001008 0.000880
v -0.000114 0.001824 -0.000806
v -0.000583 -0.000197 -0.000032
v -0.000230 0.000825 -0.000886
v -0.000384 0.002097 -0.000224
v -0.000551 0.000576 0.000347
v -0.000520 -0.001691 0.000165
v -0.000271 -0.001259 0.000883
v -0.000567 0.002265 0.000265
v -0.000511 0.002258 0.000109
v -0.000262 0.001461 0.000894
v -0.000188 0.000464 -0.000913
v -0.000386 -0.000706 0.000730
v -0.000338 0.001252 -0.000580
v -0.000503 -0.001018 -0.000737
v -0.000263 0.001542 -0.000721
v -0.000229 -0.000751 -0.000906
v -0.000294 0.000406 -0.000815
v -0.000692 -0.000215 -0.000421
v -0.000499 -0.001042 0.000614
v -0.000467 0.000814 -0.000395
v -0.000570 0.000026 0.000173
v -0.000514 -0.000635 -0.000657
v -0.000756 -0.000467 -0.000311
v -0.000373 0.002180 -0.000468
v -0.000383 0.000092 0.000641
v -0.000264 0.000761 0.000835
v -0.000473 0.001551 -0.000196
v -0.000832 -0.001428 -0.000167
v -0.000349 0.001561 0.000805
v -0.000346 0.001348 0.000792
v -0.000602 -0.000685 0.000327
v -0.000597 -0.000511 0.000247
v -0.000607 -0.000608 0.000380
v -0.000397 0.000584 -0.000567
v -0.000228 -0.001493 -0.000825
v -0.000337 0.000421 0.000726
v -0.000556 -0.000693 0.000552
v -0.000391 0.000781 0.000698
v -0.000612 -0.000329 -0.000023
v -0.000235 -0.001881 0.000796
v -0.000364 0.001987 -0.000337
v -0.000264 0.000090 0.000770
v -0.000545 0.000893 0.000426
v -0.000611 0.001241 0.000310
v -0.000328 0.000234 -0.000786
v -0.000462 -0.000924 -0.000748
v -0.000521 -0.000169 -0.000548
v -0.000568 -0.000933 0.000218
v -0.000160 -0.001019 0.000926
v -0.000834 -0.001115 -0.000206
v -0.000370 -0.001698 0.000583
v -0.000447 -0.000089 -0.000654
v -0.000480 0.000010 -0.000589
v -0.000519 0.000067 -0.000504
v -0.000739 -0.001049 0.000057
v -0.000681 -0.000774 0.000080
v -0.000387 0.002293 0.000760
v -0.000802 -0.000561 -0.000364
v -0.000626 -0.000480 0.000011
v -0.000488 -0.001115 0.000301
v -0.000807 -0.001393 -0.000092
v -0.000516 0.001931 0.000569
v -0.000414 0.000798 -0.000484
v -0.000370 0.001021 -0.000514
v -0.000728 -0.000292 -0.000254
v -0.000781 -0.000613 -0.000103
v -0.000736 -0.001925 -0.000105
v -0.000724 -0.000403 -0.000409
v -0.000847 -0.000833 -0.000197
v -0.000826 -0.000920 -0.000134
v -0.000554 -0.000533 0.000573
v -0.000307 0.001591 -0.000652
v -0.000605 0.001615 0.000372
v -0.000225 0.000322 -0.000895
v -0.000377 0.000907 0.000732
v -0.000492 0.001245 -0.000281
v -0.000420 -0.001044 -0.000777
v -0.000282 0.000917 0.000835
v -0.000678 0.000487 -0.000216
v -0.000436 0.000468 -0.000525
v -0.000232 -0.001114 -0.000882
v -0.000270 -0.000518 0.000804
v -0.000331 -0.000899 0.000771
v -0.000277 -0.000741 0.000807
v -0.000181 -0.000776 0.000878
v -0.000258 0.000203 0.000778
v -0.000188 0.001304 0.000937
v -0.000633 -0.001903 -0.000000
v -0.000125 -0.000235 -0.000928
v -0.000487 0.001048 -0.000324
v -0.000510 0.000689 0.000479
v -0.000375 0.001401 -0.000351
v -0.000384 0.001541 -0.000294
v -0.000530 -0.001020 0.000430
v -0.000591 -0.001585 -0.000536
v -0.000640 0.000342 -0.000369
v -0.000413 -0.000197 0.000568
v -0.000396 -0.000266 0.000610
v -0.000370 -0.001671 -0.000732
v -0.000330 0.000676 0.000771
v -0.000337 0.000810 0.000778
v -0.000237 -0.001189 0.000909
v -0.000609 0.001658 0.000201
v -0.000675 -0.001803 -0.000020
v -0.000340 -0.001130 -0.000826
v -0.000814 -0.001153 -0.000165
v -0.000608 -0.001913 -0.000505
v -0.000351 -0.000931 -0.000824
v -0.000383 0.000504 0.000674
v -0.000421 0.000380 0.000614
v -0.000638 -0.001594 -0.000482
v -0.000154 0.001967 -0.000755
v -0.000518 0.001383 -0.000216
v -0.000547 0.001416 -0.000119
v -0.000784 -0.001522 -0.000012
v -0.000179 -0.000481 -0.000905
v -0.000685 -0.000680 0.000022
v -0.000691 -0.000480 -0.000105
v -0.000402 0.001675 0.000743
v -0.000583 0.001240 -0.000112
v -0.000611 0.001065 -0.000148
v -0.000403 -0.001532 0.000546
v -0.000410 -0.001295 0.000726
v -0.000553 -0.000961 0.000398
v -0.000474 -0.000750 0.000670
v -0.000517 -0.001429 -0.000731
v -0.000694 -0.000084 -0.000332
v -0.000717 -0.000253 -0.000330
v -0.000560 0.001156 0.000431
v -0.000445 0.001145 0.000645
v -0.000596 -0.001177 0.000186
v -0.000750 -0.000752 -0.000418
v -0.000720 -0.000993 -0.000406
v -0.000222 -0.000897 0.000864
v -0.000565 0.001454 -0.000013
v -0.000583 -0.000135 0.000226
v -0.000551 -0.000085 0.000139
v -0.000295 -0.000143 0.000744
v -0.000389 -0.000989 0.000737
v -0.000524 -0.000989 0.000291
v -0.000816 -0.001231 -0.000060
v -0.000538 0.000778 0.000429
v -0.000534 -0.001233 -0.000787
v -0.000114 -0.001990 0.000878
v -0.000702 -0.001020 -0.000456
v -0.000696 -0.000941 0.000094
v -0.000635 -0.000937 0.000163
v -0.000335 0.001550 -0.000540
v -0.000756 -0.001976 -0.000376
v -0.000029 -0.001987 -0.000824
v -0.000531 -0.000232 0.000439
v -0.000173 -0.000961 -0.000936
v -0.000276 -0.000844 -0.000882
v -0.000409 0.002200 0.000721
v -0.000805 -0.001564 -0.000153
v -0.000809 -0.001480 -0.000179
v -0.000767 -0.001561 -0.000269
v -0.000392 0.002085 0.000741
v -0.000621 0.000770 0.000019
v -0.000612 0.000622 0.000073
v -0.000060 0.002178 -0.000725
v -0.000405 -0.001615 -0.000712
v -0.000275 0.001200 0.000854
v -0.000145 0.000315 -0.000952
v -0.000355 0.001691 -0.000297
v -0.000556 -0.000259 0.000137
v -0.000439 0.001380 -0.000281
v -0.000446 -0.000279 0.000543
v -0.000462 0.000903 0.000600
v -0.000642 -0.001966 -0.000001
v -0.000052 -0.001420 0.000988
v -0.000589 -0.001737 0.000097
v -0.000591 -0.001042 -0.000671
v -0.000158 0.001024 -0.000901
v -0.000682 -0.000272 -0.000189
v -0.000618 0.000967 -0.000013
v -0.000233 -0.001105 0.000897
v -0.000476 -0.001653 0.000201
v -0.000633 0.000860 -0.000131
v -0.000624 0.001289 0.000203
v -0.000432 -0.000489 0.000679
v -0.000463 -0.000455 0.000623
v -0.000312 -0.000334 0.000745
v -0.000126 -0.000195 0.000856
v -0.000612 0.001160 0.000066
v -0.000346 0.000166 0.000705
v -0.000679 0.000611 -0.000238
v -0.000579 0.000135 0.000166
v -0.000625 -0.000847 0.000166
v -0.000064 -0.000999 -0.000965
v -0.000272 -0.001316 -0.000835
v -0.000603 0.001809 0.000404
v -0.000600 0.002052 0.000269
v -0.000595 0.002161 0.000317
v -0.000549 0.002104 0.000180
v -0.000343 0.000503 -0.000703
v -0.000125 0.002088 0.000984
v -0.000291 0.000701 -0.000786
v -0.000410 -0.001820 0.000524
v -0.000443 0.001952 0.000675
v -0.000411 0.001848 0.000727
v -0.000483 -0.001162 0.000686
v -0.000841 -0.001300 -0.000133
v -0.000227 0.002282 0.000920
v -0.000338 0.001621 -0.000420
v -0.000474 -0.001308 0.000599
v -0.000486 -0.001322 0.000490
v -0.000324 -0.000519 -0.000833
v -0.000281 -0.000662 -0.000869
v -0.000411 0.000051 -0.000680
v -0.000123 0.000158 0.000836
v -0.000199 0.000155 0.000809
v -0.000204 0.001796 0.000957
v -0.000290 0.001684 0.000878
v -0.000197 0.001617 0.000958
v -0.000491 -0.000359 -0.000634
v -0.000414 0.001508 0.000728
v -0.000614 0.001431 0.000298
v -0.000600 0.001428 0.000110
v -0.000753 -0.001012 -0.000342
v -0.000347 -0.001404 0.000750
v -0.000369 0.001733 0.000785
v -0.000420 -0.000892 0.000703
v -0.000377 0.001965 -0.000193
v -0.000550 0.001515 0.000504
v -0.000354 -0.000185 -0.000801
v -0.000194 0.000983 0.000895
v -0.000547 -0.000431 0.000518
v -0.000093 -0.001645 0.000942
v -0.000566 -0.000317 -0.000516
v -0.000592 -0.000145 0.000323
v -0.000206 0.001192 -0.000836
v -0.000607 0.000977 -0.000246
v -0.000610 -0.001632 -0.000530
v -0.000621 0.000993 0.000095
v -0.000328 0.001639 -0.000583
v -0.000181 0.000291 0.000815
v -0.000086 0.000315 0.000845
v -0.000331 -0.000646 0.000772
v -0.000370 0.000716 -0.000601
v -0.000040 -0.001359 -0.000882
v -0.000318 0.002192 0.000828
v -0.000046 0.000094 -0.000992
v -0.000119 0.000144 -0.000971
v -0.000639 0.000501 -0.000143
v -0.000648 0.000315 -0.000181
v -0.000702 0.000388 -0.000269
v -0.000469 -0.000647 0.000682
v -0.000266 -0.000013 -0.000890
v -0.000410 0.000160 -0.000642
v -0.000572 -0.000925 -0.000655
v -0.000417 -0.000543 -0.000755
v -0.000224 0.000149 -0.000910
v -0.000755 -0.001845 -0.000105
v -0.000792 -0.001921 -0.000160
v -0.000627 0.000097 -0.000430
v -0.000592 0.002129 0.000408
v -0.000774 -0.001782 -0.000379
v -0.000292 0.001025 -0.000758
v -0.000538 -0.000104 0.000068
v -0.000374 -0.001979 0.000584
v -0.000566 0.000108 0.000326
v -0.000269 0.001874 -0.000656
v -0.000094 -0.000016 0.000848
v -0.000689 -0.000148 -0.000402
v -0.000513 -0.001752 0.000235
v -0.000375 -0.000085 0.000643
v -0.000286 0.002086 -0.000599
v -0.000325 0.000541 0.000754
v -0.000128 0.000845 -0.000952
v -0.000473 0.001525 0.000638
v -0.000361 0.000020 -0.000792
v -0.000478 -0.001464 0.000434
v -0.000420 0.000334 -0.000611
v -0.000503 0.001124 0.000544
v -0.000189 0.000043 0.000815
v -0.000260 -0.000020 0.000775
v -0.000515 0.000207 0.000396
v -0.000688 -0.001907 -0.000071
v -0.000468 -0.001385 0.000375
v -0.000091 -0.000829 0.000935
v -0.000670 -0.001739 -0.000480
v -0.000586 -0.000550 0.000491
v -0.000712 -0.000317 -0.000422
v -0.000676 -0.000647 -0.000496
v -0.000030 0.001617 -0.000867
v -0.000292 0.001242 -0.000735
v -0.000495 -0.001224 0.000546
v -0.000442 0.002062 -0.000031
v -0.000282 0.000593 -0.000799
v -0.000839 -0.000697 -0.000181
v -0.000802 -0.000989 -0.000276
v -0.000531 0.000312 0.000362
v -0.000270 -0.000417 -0.000856
v -0.000577 0.000161 -0.000061
v -0.000278 -0.001597 0.000798
v -0.000369 -0.000201 0.000646
v -0.000405 -0.000370 0.000643
v -0.000409 0.000607 0.000652
v -0.000638 -0.000129 -0.000188
v -0.000440 -0.001437 0.000524
v -0.000461 0.000565 0.000550
v -0.000591 0.000254 0.000242
v -0.000773 -0.001880 -0.000245
v -0.000043 0.000911 -0.000965
v -0.000692 -0.001666 -0.000441
v -0.000700 -0.001609 -0.000385
v -0.000122 -0.001176 -0.000923
v -0.000583 -0.000857 0.000365
v -0.000399 -0.000578 0.000726
v -0.000577 -0.000389 0.000126
v -0.000624 -0.000292 -0.000473
v -0.000553 -0.000067 -0.000005
v -0.000577 -0.000010 -0.000065
v -0.000403 0.001188 -0.000377
v -0.000378 -0.000808 0.000729
v -0.000445 0.002183 -0.000033
v -0.000321 -0.001035 0.000809
v -0.000564 0.001220 -0.000224
v -0.000419 -0.000277 -0.000736
v -0.000595 0.001902 0.000213
v -0.000155 0.001460 0.000973
v -0.000743 -0.000384 -0.000258
v -0.000347 0.001846 -0.000294
v -0.000473 0.000326 0.000499
v -0.000633 -0.000757 0.000128
v -0.000611 -0.000661 0.000126
v -0.000623 0.000740 0.000117
v -0.000391 -0.001389 0.000657
v -0.000429 0.000102 0.000565
v -0.000692 -0.002014 -0.000063
v -0.000545 0.001602 -0.000012
v -0.000201 -0.001559 0.000884
v -0.000521 0.000340 -0.000451
v -0.000361 -0.000460 0.000731
v -0.000779 -0.001813 -0.000353
v -0.000530 0.001026 0.000477
v -0.000771 -0.000797 -0.000043
v -0.000378 0.001836 -0.000214
v -0.000436 0.001867 -0.000099
v -0.000568 -0.000790 0.000259
v -0.000289 0.001718 -0.000649
v -0.000546 -0.001450 0.000161
v -0.000516 -0.001526 -0.000656
v -0.000400 -0.001193 0.000777
v -0.000305 -0.001159 0.000858
v -0.000541 0.000678 -0.000356
v -0.000605 0.000713 0.000225
v -0.000504 0.000394 0.000422
v -0.000412 -0.001085 0.000740
v -0.000415 0.000198 0.000614
v -0.000478 0.000206 0.000487
v -0.000261 0.002076 0.000892
v -0.000317 0.001878 0.000844
v -0.000329 0.002062 0.000818
v -0.000782 -0.001316 -0.000033
v -0.000177 0.000886 0.000889
v -0.000413 0.001027 -0.000409
v -0.000144 0.001567 -0.000826
v -0.000134 0.001082 0.000933
v -0.000480 -0.001556 0.000410
v -0.000622 0.001797 0.000303
v -0.000480 -0.000993 0.000674
v -0.000150 0.000605 -0.000951
v -0.000584 -0.000637 0.000216
v -0.000614 -0.000535 0.000089
v -0.000326 0.001884 -0.000518
v -0.000322 -0.001719 0.000701
v -0.000551 0.001657 0.000509
v -0.000512 0.001911 0.000057
v -0.000023 0.001316 -0.000909
v -0.000850 -0.000603 -0.000268
v -0.000757 -0.000465 -0.000204
v -0.000351 0.002162 -0.000528
v -0.000580 0.000456 0.000256
v -0.000537 0.002146 0.000532
v -0.000591 0.001079 0.000336
v -0.000449 0.001718 -0.000149
v -0.000743 -0.001715 -0.000033
v -0.000544 -0.001362 0.000193
v -0.000555 -0.000801 0.000520
v -0.000247 0.000595 0.000821
v -0.000222 0.001391 -0.000774
v -0.000190 -0.000154 -0.000913
v -0.000148 -0.000019 -0.000963
v -0.000245 0.001045 0.000869
v -0.000219 -0.000285 0.000818
v -0.000119 -0.000428 0.000878
v -0.000418 0.001295 0.000694
v -0.000493 0.001244 0.000574
v -0.000137 -0.001088 -0.000931
v -0.000826 -0.001037 -0.000206
v -0.000378 0.001952 0.000767
v -0.000073 -0.001062 0.000977
v -0.000550 0.000066 0.000057
v -0.000465 0.002214 0.000649
v -0.000311 0.000829 -0.000795
v -0.000592 -0.000509 0.000148
v -0.000428 0.000010 0.000545
v -0.000527 -0.001233 0.000236
v -0.000516 0.000585 0.000432
v -0.000776 -0.001674 -0.000303
v -0.000562 0.001290 0.000448
v -0.000308 -0.001217 -0.000838
v -0.000408 -0.001928 -0.000697
v -0.000069 -0.001154 0.000985
v -0.000589 -0.000744 0.000419
v -0.000688 -0.001523 0.000095
v -0.000625 0.000856 0.000110
v -0.000198 -0.000101 0.000816
v -0.000376 0.001144 0.000741
v -0.000776 -0.001921 -0.000445
v -0.000428 0.001397 0.000692
v -0.000505 0.001369 0.000569
v -0.000849 -0.000737 -0.000272
v -0.000429 -0.000391 -0.000746
v -0.000642 0.000819 -0.000253
v -0.000618 -0.000039 -0.000159
v -0.000789 -0.001136 -0.000042
v -0.000753 -0.001164 0.000057
v -0.000218 0.001937 0.000943
v -0.000564 0.001769 0.000096
v -0.000529 0.000855 -0.000329
v -0.000692 0.000019 -0.000275
v -0.000499 -0.001536 0.000349
v -0.000648 0.000679 -0.000278
v -0.000436 -0.001508 0.000220
v -0.000612 -0.000425 0.000381
v -0.000131 0.001908 0.000988
v -0.000783 -0.000961 -0.000013
v -0.000802 -0.001110 -0.000123
v -0.000298 -0.001889 -0.000772
v -0.000788 -0.001712 -0.000085
v -0.000590 0.000044 0.000264
v -0.000667 -0.001378 0.000110
v -0.000702 -0.000100 -0.000255
v -0.000708 0.000270 -0.000304
v -0.000660 -0.000014 -0.000411
v -0.000143 0.000711 0.000876
v -0.000207 0.001760 -0.000755
v -0.000533 -0.001660 0.000358
v -0.000623 0.001149 0.000220
v -0.000203 -0.001595 -0.000823
v -0.000697 0.000501 -0.000286
v -0.000108 0.000890 0.000909
v -0.000479 -0.001399 -0.000755
v -0.000538 -0.000631 0.000619
v -0.000506 -0.000846 0.000629
v -0.000746 -0.001028 -0.000375
v -0.000661 -0.001584 -0.000513
v -0.000761 -0.001025 -0.000348
v -0.000542 -0.001051 -0.000738
v -0.000727 -0.001012 -0.000410
v -0.000866 -0.001290 -0.000153
v -0.000514 -0.001199 -0.000785
v -0.000827 -0.001477 -0.000219
v -0.000517 -0.001284 -0.000777
v -0.000851 -0.001179 -0.000183
v -0.000587 -0.001519 -0.000645
v -0.000866 -0.001326 -0.000153
v -0.000838 -0.001117 -0.000209
v -0.000538 -0.001431 -0.000735
v -0.000752 -0.001574 -0.000350
v -0.000718 -0.001598 -0.000411
v -0.000852 -0.001427 -0.000176
v -0.000691 -0.001590 -0.000458
v -0.000836 -0.001112 -0.000213
v -0.000535 -0.001410 -0.000741
v -0.000815 -0.001516 -0.000240
v -0.000524 -0.001379 -0.000762
v -0.000839 -0.001122 -0.000207
v -0.000705 -0.001020 -0.000448
v -0.000791 -0.001555 -0.000281
v -0.000771 -0.001028 -0.000331
v -0.000602 -0.001528 -0.000618
v -0.000849 -0.001439 -0.000180
v -0.000572 -0.001037 -0.000685
v -0.000830 -0.001048 -0.000225
v -0.000529 -0.001090 -0.000760
v -0.000571 -0.001504 -0.000674
v -0.000557 -0.001469 -0.000701
v 0.000001 -0.001401 0.001002
v 0.000005 -0.001813 -0.000842
v 0.000005 -0.001775 -0.000844
v -0.000028 0.000488 0.000857
v -0.000003 -0.000443 -0.000949
v -0.000046 0.002284 0.000980
v 0.000001 -0.001102 -0.000940
v -0.000006 -0.000192 0.000871
v -0.000004 -0.000391 -0.000949
v -0.000062 0.001635 0.000976
v -0.000009 0.000163 0.000851
v -0.000007 0.000031 0.000856
v 0.000006 -0.001980 -0.000824
v 0.000001 -0.001051 -0.000952
v -0.000018 0.001930 -0.000800
v 0.000003 -0.001684 0.000975
v 0.000001 -0.001082 -0.000942
v -0.000015 0.001347 -0.000905
v 0.000006 -0.001926 0.000928
v -0.000008 0.000335 -0.000997
v -0.000019 0.001985 -0.000785
v -0.000005 -0.000437 0.000899
v -0.000066 0.001095 0.000949
v -0.000043 0.002063 0.000996
v -0.000001 -0.000751 -0.000961
v -0.000005 -0.000563 0.000931
v 0.000003 -0.001429 -0.000877
v -0.000009 0.000497 -0.000995
v 0.000005 -0.001723 -0.000850
v -0.000080 0.001414 0.000984
v -0.000059 0.001049 0.000941
v -0.000011 0.000848 -0.000973
v 0.000001 -0.001162 -0.000936
v -0.000080 0.001459 0.000986
v -0.000041 0.001926 0.000991
v -0.000001 -0.000734 -0.000960
v -0.000006 0.000102 -0.000989
v -0.000003 -0.001027 0.000991
v -0.000018 0.001942 -0.000796
v -0.000011 0.000290 0.000851
v 0.000000 -0.001243 0.000989
v -0.000013 0.001126 -0.000935
v -0.000009 0.000415 -0.001001
v -0.000005 -0.000824 0.000953
v 0.000002 -0.001351 -0.000888
v -0.000005 -0.000024 -0.000992
v -0.000068 0.001115 0.000952
v 0.000003 -0.001863 0.000942
v -0.000005 -0.000634 0.000939
v -0.000044 0.000895 0.000916
v -0.000004 -0.000776 0.000947
v -0.000007 -0.000053 0.000862
v -0.000071 0.001155 0.000957
v 0.000002 -0.001492 0.000998
v -0.000001 -0.001169 0.001000
v -0.000047 0.000652 0.000877
v -0.000005 -0.000083 -0.000988
v -0.000044 0.001866 0.000989
v -0.000014 0.001253 -0.000920
v -0.000048 0.000754 0.000894
v -0.000005 -0.000116 -0.000982
v 0.000166 0.002294 0.000911
v 0.000163 0.002294 0.000912
v 0.000177 0.002294 0.000904
v 0.000501 0.002292 0.000170
v 0.000382 0.002293 0.000755
v 0.000294 0.002294 0.000818
v 0.000015 0.002290 -0.000703
v 0.000453 0.002292 -0.000015
v 0.000531 0.002293 0.000598
v 0.000322 0.002290 -0.000511
v 0.000384 0.002293 0.000752
v 0.000329 0.002291 -0.000488
v 0.000502 0.002292 0.000172
v 0.000540 0.002293 0.000582
v 0.000127 0.002290 -0.000663
v 0.000354 0.002291 -0.000373
v 0.000359 0.002291 -0.000333
v 0.000536 0.002292 0.000266
v 0.000339 0.002291 -0.000460
v 0.000575 0.002292 0.000336
v 0.000564 0.002292 0.000306
v 0.000286 0.002290 -0.000556
v 0.000571 0.002292 0.000406
v 0.000215 0.002290 -0.000613
v 0.000575 0.002292 0.000366
v 0.000375 0.002293 0.000760
v 0.000077 0.002290 -0.000685
v 0.000447 0.002292 -0.000035
v 0.000263 0.002290 -0.000581
v -0.000015 0.002290 -0.000707
v -0.000227 0.002294 0.000919
v -0.000218 0.002294 0.000924
v -0.000242 0.002294 0.000908
v -0.000056 0.002290 -0.000703
v -0.000493 0.002293 0.000617
v -0.000364 0.002291 -0.000510
v -0.000371 0.002291 -0.000487
v -0.000571 0.002293 0.000351
v -0.000506 0.002293 0.000598
v -0.000168 0.002290 -0.000662
v -0.000394 0.002291 -0.000366
v -0.000397 0.002291 -0.000332
v -0.000483 0.002292 -0.000019
v -0.000380 0.002291 -0.000460
v -0.000577 0.002293 0.000402
v -0.000464 0.002292 -0.000100
v -0.000568 0.002293 0.000261
v -0.000326 0.002291 -0.000557
v -0.000569 0.002293 0.000430
v -0.000454 0.002292 -0.000147
v -0.000259 0.002290 -0.000612
v -0.000526 0.002292 0.000144
v -0.000576 0.002293 0.000415
v -0.000518 0.002292 0.000095
v -0.000119 0.002290 -0.000685
v -0.000305 0.002291 -0.000581
v -0.000043 0.002294 0.000979
v -0.000021 0.002290 -0.000706
v -0.000027 0.002290 -0.000707
v 0.000472 -0.002011 0.000501
v 0.000142 -0.002013 0.000877
v 0.000784 -0.002010 -0.000441
v 0.000462 -0.002011 0.000511
v 0.000675 -0.002010 -0.000006
v 0.000791 -0.002009 -0.000222
v 0.000738 -0.002009 -0.000104
v 0.000709 -0.002010 -0.000056
v 0.000618 -0.002010 0.000112
v 0.000527 -0.002010 0.000436
v 0.000642 -0.002010 0.000060
v 0.000794 -0.002009 -0.000231
v 0.000489 -0.002010 0.000479
v 0.000233 -0.002012 0.000814
v 0.000055 -0.002018 -0.000822
v 0.000450 -0.002011 0.000526
v 0.000775 -0.002010 -0.000401
v 0.000401 -0.002011 0.000594
v 0.000769 -0.002010 -0.000357
v 0.000599 -0.002012 -0.000520
v 0.000448 -0.002013 -0.000662
v 0.000129 -0.002013 0.000886
v 0.000570 -0.002010 0.000245
v 0.000568 -0.002012 -0.000540
v 0.000627 -0.002010 0.000092
v 0.000605 -0.002010 0.000147
v 0.000541 -0.002010 0.000374
v 0.000773 -0.002009 -0.000149
v 0.000545 -0.002010 0.000355
v 0.000324 -0.002012 0.000712
v 0.000713 -0.002011 -0.000476
v 0.000388 -0.002014 -0.000717
v 0.000193 -0.002016 -0.000794
v 0.000009 -0.002018 -0.000820
v 0.000776 -0.002010 -0.000297
v 0.000542 -0.002012 -0.000569
v 0.000350 -0.002015 -0.000742
v 0.000478 -0.002013 -0.000625
v 0.000776 -0.002010 -0.000453
v 0.000327 -0.002011 0.000707
v -0.000460 -0.002019 0.000493
v -0.000126 -0.002015 0.000869
v -0.000772 -0.002025 -0.000442
v -0.000442 -0.002019 0.000506
v -0.000645 -0.002022 0.000007
v -0.000786 -0.002024 -0.000237
v -0.000785 -0.002024 -0.000243
v -0.000704 -0.002023 -0.000080
v -0.000685 -0.002023 -0.000052
v -0.000559 -0.002021 0.000140
v -0.000523 -0.002020 0.000439
v -0.000562 -0.002021 0.000135
v -0.000483 -0.002020 0.000470
v -0.000217 -0.002016 0.000804
v -0.000042 -0.002019 -0.000822
v -0.000762 -0.002024 -0.000405
v -0.000373 -0.002018 0.000586
v -0.000754 -0.002024 -0.000360
v -0.000586 -0.002023 -0.000522
v -0.000436 -0.002022 -0.000661
v -0.000112 -0.002015 0.000878
v -0.000524 -0.002021 0.000225
v -0.000556 -0.002023 -0.000541
v -0.000560 -0.002021 0.000138
v -0.000557 -0.002021 0.000144
v -0.000523 -0.002020 0.000388
v -0.000776 -0.002024 -0.000165
v -0.000523 -0.002020 0.000363
v -0.000302 -0.002017 0.000703
v -0.000705 -0.002024 -0.000476
v -0.000374 -0.002021 -0.000718
v -0.000179 -0.002020 -0.000795
v -0.000760 -0.002024 -0.000298
v -0.000531 -0.002023 -0.000568
v -0.000338 -0.002021 -0.000742
v -0.000465 -0.002022 -0.000626
v -0.000763 -0.002025 -0.000455
v -0.000014 -0.002014 0.000902
v 0.000011 -0.002014 0.000910
v 0.000037 -0.002014 0.000904
v 0.000501 0.002292 0.000169
v 0.000004 -0.002018 -0.000820
v -0.000304 -0.002018 0.000701
v -0.000306 -0.002018 0.000697
v -0.000524 -0.002020 0.000345
v -0.000786 -0.002024 -0.000240
v -0.000425 -0.002019 0.000526
v 0.000007 -0.002018 -0.000820
v 0.000326 -0.002012 0.000710
v 0.000793 -0.002009 -0.000237
v 0.000548 -0.002010 0.000343
vt 0.859663 0.742348
vt 0.862995 0.739434
vt 0.859367 0.738879
vt 0.468171 0.552851
vt 0.470377 0.559873
vt 0.470121 0.554664
vt 0.885611 0.735225
vt 0.881799 0.742364
vt 0.887414 0.739418
vt 0.869269 0.798306
vt 0.866331 0.803347
vt 0.871645 0.802471
vt 0.060924 0.089518
vt 0.053826 0.080565
vt 0.047475 0.090239
vt 0.063888 0.135263
vt 0.061005 0.138776
vt 0.064719 0.139690
vt 0.869901 0.785712
vt 0.871482 0.791546
vt 0.873347 0.788910
vt 0.066573 0.163754
vt 0.062526 0.166642
vt 0.062386 0.171505
vt 0.887908 0.795570
vt 0.883163 0.792833
vt 0.887282 0.799875
vt 0.470244 0.548067
vt 0.470094 0.542260
vt 0.468244 0.544451
vt 0.375303 0.440326
vt 0.376016 0.444453
vt 0.376065 0.437396
vt 0.061854 0.077304
vt 0.056545 0.079301
vt 0.060700 0.083684
vt 0.487207 0.281444
vt 0.484587 0.278639
vt 0.482523 0.282814
vt 0.106268 0.206957
vt 0.109793 0.206950
vt 0.106782 0.202268
vt 0.098897 0.486266
vt 0.094409 0.485626
vt 0.096305 0.487285
vt 0.086807 0.152751
vt 0.084274 0.150070
vt 0.084233 0.156825
vt 0.884613 0.787440
vt 0.890145 0.786802
vt 0.889034 0.782723
vt 0.907632 0.851607
vt 0.912576 0.858912
vt 0.910483 0.847870
vt 0.088422 0.193550
vt 0.091566 0.198841
vt 0.090973 0.192296
vt 0.561578 0.160936
vt 0.563159 0.162447
vt 0.564241 0.161911
vt 0.878023 0.744115
vt 0.880155 0.747583
vt 0.054754 0.076352
vt 0.053497 0.076767
vt 0.059554 0.118531
vt 0.054470 0.118809
vt 0.056131 0.121722
vt 0.900911 0.801508
vt 0.898046 0.798476
vt 0.896679 0.804148
vt 0.907553 0.804866
vt 0.900918 0.805144
vt 0.904887 0.810086
vt 0.096344 0.193551
vt 0.095834 0.197808
vt 0.096918 0.195782
vt 0.838058 0.735259
vt 0.844217 0.742168
vt 0.843796 0.735632
vt 0.871925 0.737446
vt 0.871881 0.731436
vt 0.869531 0.734123
vt 0.441377 0.157323
vt 0.442465 0.157482
vt 0.440784 0.156197
vt 0.634543 0.284026
vt 0.635421 0.285370
vt 0.635730 0.282084
vt 0.418128 0.880937
vt 0.420812 0.882395
vt 0.418413 0.879254
vt 0.895720 0.813981
vt 0.897352 0.812973
vt 0.895248 0.809215
vt 0.182161 0.389887
vt 0.183013 0.390286
vt 0.183290 0.388922
vt 0.923066 0.857332
vt 0.923152 0.857289
vt 0.920689 0.856577
vt 0.917463 0.857434
vt 0.864259 0.727488
vt 0.868660 0.727679
vt 0.068601 0.135456
vt 0.072439 0.141755
vt 0.427471 0.646652
vt 0.427042 0.650524
vt 0.431123 0.648302
vt 0.880629 0.718721
vt 0.878235 0.723234
vt 0.882952 0.726473
vt 0.854448 0.741147
vt 0.859155 0.735170
vt 0.855924 0.755251
vt 0.859978 0.749474
vt 0.856421 0.751419
vt 0.897486 0.794811
vt 0.899772 0.793527
vt 0.897801 0.789507
vt 0.887554 0.814739
vt 0.888607 0.807724
vt 0.102922 0.208928
vt 0.101313 0.202816
vt 0.099072 0.207349
vt 0.048580 0.112910
vt 0.054974 0.114559
vt 0.111793 0.214138
vt 0.109336 0.217625
vt 0.114185 0.217860
vt 0.078748 0.217593
vt 0.086758 0.220800
vt 0.083881 0.212346
vt 0.884686 0.805064
vt 0.888471 0.802830
vt 0.870678 0.744796
vt 0.874119 0.745543
vt 0.871453 0.740731
vt 0.908182 0.855335
vt 0.908671 0.860953
vt 0.925255 0.838585
vt 0.923881 0.835346
vt 0.920418 0.838077
vt 0.866778 0.722490
vt 0.866400 0.722163
vt 0.866345 0.723651
vt 0.905895 0.801478
vt 0.083911 0.229703
vt 0.086967 0.228590
vt 0.081977 0.224335
vt 0.692102 0.185646
vt 0.688968 0.186744
vt 0.692328 0.186613
vt 0.902492 0.798527
vt 0.903419 0.793574
vt 0.498656 0.512967
vt 0.504266 0.512889
vt 0.503469 0.510722
vt 0.876883 0.753842
vt 0.872020 0.750845
vt 0.876220 0.757481
vt 0.904581 0.850881
vt 0.903906 0.853979
vt 0.248125 0.611701
vt 0.250691 0.608220
vt 0.248578 0.609977
vt 0.907255 0.795397
vt 0.909971 0.799899
vt 0.910832 0.797152
vt 0.896172 0.785065
vt 0.901117 0.785348
vt 0.899299 0.782544
vt 0.450447 0.970032
vt 0.448551 0.967456
vt 0.448202 0.970646
vt 0.062774 0.161876
vt 0.060467 0.155989
vt 0.058860 0.162346
vt 0.919516 0.830907
vt 0.915010 0.826362
vt 0.917160 0.833867
vt 0.879584 0.813924
vt 0.880137 0.820854
vt 0.882842 0.816903
vt 0.512377 0.559486
vt 0.515368 0.555087
vt 0.516549 0.555078
vt 0.516694 0.555077
vt 0.071336 0.120827
vt 0.073318 0.120056
vt 0.069142 0.116380
vt 0.051052 0.081543
vt 0.046093 0.085960
vt 0.880659 0.734236
vt 0.876179 0.730910
vt 0.876673 0.736916
vt 0.207946 0.839723
vt 0.207955 0.839372
vt 0.207608 0.839411
vt 0.904707 0.836279
vt 0.906473 0.839676
vt 0.910954 0.835499
vt 0.066631 0.157682
vt 0.065238 0.149983
vt 0.073371 0.159161
vt 0.070894 0.153926
vt 0.885803 0.831841
vt 0.888447 0.832548
vt 0.888586 0.830597
vt 0.076375 0.141137
vt 0.072358 0.136428
vt 0.916773 0.849517
vt 0.913123 0.841933
vt 0.080615 0.144508
vt 0.079921 0.140322
vt 0.076272 0.149277
vt 0.874895 0.726416
vt 0.876723 0.728364
vt 0.056721 0.146313
vt 0.063026 0.143873
vt 0.883246 0.799760
vt 0.880093 0.761718
vt 0.068525 0.169559
vt 0.067458 0.178173
vt 0.071393 0.173564
vt 0.077359 0.781700
vt 0.077849 0.782631
vt 0.078804 0.782837
vt 0.077956 0.780860
vt 0.899434 0.821034
vt 0.897585 0.817616
vt 0.894537 0.825232
vt 0.063768 0.118247
vt 0.062873 0.115596
vt 0.916767 0.844940
vt 0.918039 0.840125
vt 0.915648 0.839235
vt 0.124549 0.702116
vt 0.123013 0.705751
vt 0.125327 0.703268
vt 0.873501 0.770815
vt 0.878846 0.770995
vt 0.879664 0.766416
vt 0.481621 0.633741
vt 0.484274 0.628528
vt 0.481788 0.627973
vt 0.879963 0.774018
vt 0.882954 0.780500
vt 0.886710 0.777685
vt 0.217840 0.440455
vt 0.217217 0.441383
vt 0.218492 0.441899
vt 0.895751 0.779434
vt 0.892100 0.779517
vt 0.893091 0.782496
vt 0.194196 0.894105
vt 0.196336 0.893970
vt 0.195211 0.890265
vt 0.900910 0.830951
vt 0.905913 0.831097
vt 0.905013 0.827348
vt 0.737460 0.480916
vt 0.735116 0.484057
vt 0.736860 0.481770
vt 0.900619 0.809547
vt 0.372964 0.451577
vt 0.374228 0.457815
vt 0.376919 0.452922
vt 0.047536 0.128229
vt 0.050003 0.132738
vt 0.051528 0.126012
vt 0.064533 0.086663
vt 0.068098 0.088276
vt 0.078971 0.490474
vt 0.081668 0.491455
vt 0.080165 0.490094
vt 0.078054 0.209204
vt 0.076033 0.212766
vt 0.891649 0.758518
vt 0.893241 0.754758
vt 0.886072 0.755448
vt 0.850696 0.728118
vt 0.847217 0.728719
vt 0.849529 0.731357
vt 0.524443 0.409992
vt 0.526247 0.408402
vt 0.523744 0.406810
vt 0.091381 0.186701
vt 0.086323 0.186550
vt 0.902652 0.782691
vt 0.903622 0.785415
vt 0.884068 0.758037
vt 0.843984 0.747593
vt 0.849613 0.742247
vt 0.844098 0.742252
vt 0.522344 0.436831
vt 0.521484 0.432763
vt 0.519864 0.435906
vt 0.052688 0.122069
vt 0.046968 0.123215
vt 0.079347 0.137641
vt 0.242396 0.621832
vt 0.244382 0.627664
vt 0.247455 0.624635
vt 0.194337 0.514396
vt 0.197956 0.520295
vt 0.195412 0.514413
vt 0.879902 0.738843
vt 0.981628 0.175273
vt 0.980229 0.175943
vt 0.981498 0.176723
vt 0.421748 0.284441
vt 0.420164 0.286465
vt 0.423080 0.285654
vt 0.420517 0.291670
vt 0.423796 0.288204
vt 0.053727 0.144723
vt 0.070095 0.498639
vt 0.071309 0.495679
vt 0.067657 0.495201
vt 0.223574 0.162184
vt 0.224025 0.161495
vt 0.223745 0.161085
vt 0.222933 0.162086
vt 0.854460 0.728852
vt 0.854332 0.732555
vt 0.857405 0.730611
vt 0.902914 0.815699
vt 0.467112 0.548918
vt 0.893597 0.801522
vt 0.892377 0.798235
vt 0.890364 0.801013
vt 0.373183 0.798745
vt 0.375189 0.799678
vt 0.377409 0.796357
vt 0.643643 0.087746
vt 0.642964 0.089258
vt 0.644530 0.089578
vt 0.876710 0.741500
vt 0.892859 0.807592
vt 0.667791 0.359800
vt 0.663614 0.359526
vt 0.665054 0.361388
vt 0.201217 0.727390
vt 0.201251 0.724481
vt 0.200373 0.725054
vt 0.894603 0.772756
vt 0.064048 0.873024
vt 0.065585 0.873078
vt 0.067512 0.872358
vt 0.696807 0.380555
vt 0.692442 0.382171
vt 0.694062 0.383697
vt 0.091580 0.204478
vt 0.066524 0.196742
vt 0.069309 0.196147
vt 0.071606 0.190295
vt 0.036794 0.404160
vt 0.037917 0.403159
vt 0.037136 0.402268
vt 0.856430 0.746585
vt 0.878868 0.779739
vt 0.875796 0.780512
vt 0.879182 0.785244
vt 0.093016 0.227263
vt 0.093762 0.228308
vt 0.092407 0.225215
vt 0.090579 0.222441
vt 0.905956 0.786874
vt 0.902491 0.789058
vt 0.907602 0.790548
vt 0.889292 0.773398
vt 0.889454 0.776909
vt 0.218948 0.237742
vt 0.219836 0.239072
vt 0.220868 0.238211
vt 0.686104 0.099575
vt 0.686149 0.100090
vt 0.687595 0.099724
vt 0.876018 0.762402
vt 0.873552 0.761551
vt 0.179149 0.708444
vt 0.181782 0.710527
vt 0.180225 0.709172
vt 0.080613 0.148340
vt 0.854502 0.777153
vt 0.858644 0.779310
vt 0.857793 0.776107
vt 0.079475 0.157998
vt 0.076658 0.154847
vt 0.894212 0.765552
vt 0.898552 0.763307
vt 0.303377 0.767091
vt 0.302672 0.763458
vt 0.300940 0.766617
vt 0.101442 0.211409
vt 0.101236 0.212790
vt 0.884040 0.822833
vt 0.055070 0.151335
vt 0.556582 0.490773
vt 0.555245 0.489233
vt 0.552797 0.490852
vt 0.060334 0.074185
vt 0.058330 0.074833
vt 0.049726 0.144422
vt 0.051009 0.149632
vt 0.610652 0.776463
vt 0.610971 0.779527
vt 0.611620 0.778078
vt 0.066303 0.090207
vt 0.062098 0.092047
vt 0.072413 0.147701
vt 0.075995 0.172054
vt 0.076194 0.168651
vt 0.074809 0.196182
vt 0.074116 0.203553
vt 0.870169 0.721076
vt 0.069061 0.144600
vt 0.069951 0.150747
vt 0.122649 0.860098
vt 0.122986 0.858843
vt 0.120811 0.858240
vt 0.084472 0.181309
vt 0.088449 0.180918
vt 0.084372 0.174138
vt 0.921653 0.843458
vt 0.876830 0.341249
vt 0.873753 0.341180
vt 0.874909 0.342617
vt 0.858900 0.427383
vt 0.857663 0.429415
vt 0.859206 0.430867
vt 0.915806 0.854160
vt 0.920266 0.851945
vt 0.892271 0.789392
vt 0.885874 0.791855
vt 0.425424 0.288887
vt 0.425421 0.291082
vt 0.427657 0.288200
vt 0.611306 0.865783
vt 0.616520 0.866598
vt 0.615965 0.865142
vt 0.897467 0.745474
vt 0.896856 0.746306
vt 0.897517 0.746643
vt 0.087880 0.211128
vt 0.088912 0.215836
vt 0.103240 0.214883
vt 0.081664 0.202723
vt 0.082959 0.207062
vt 0.084985 0.204564
vt 0.549768 0.342610
vt 0.548704 0.346653
vt 0.550027 0.344395
vt 0.850284 0.725712
vt 0.847993 0.726534
vt 0.858686 0.768295
vt 0.853687 0.771120
vt 0.855792 0.773646
vt 0.899907 0.825558
vt 0.544365 0.135674
vt 0.543549 0.136311
vt 0.545343 0.136191
vt 0.891650 0.769784
vt 0.838773 0.724434
vt 0.838489 0.725762
vt 0.838766 0.727439
vt 0.839957 0.727163
vt 0.059830 0.115085
vt 0.057642 0.113764
vt 0.059597 0.115909
vt 0.490924 0.294612
vt 0.491178 0.297286
vt 0.493137 0.296953
vt 0.098392 0.857304
vt 0.095700 0.858504
vt 0.099880 0.859426
vt 0.886130 0.761266
vt 0.889905 0.761939
vt 0.905563 0.590822
vt 0.904930 0.589430
vt 0.905034 0.591916
vt 0.669278 0.768591
vt 0.671173 0.767338
vt 0.668013 0.765080
vt 0.556127 0.345115
vt 0.556084 0.342257
vt 0.554231 0.342874
vt 0.555427 0.346741
vt 0.076767 0.832398
vt 0.076042 0.834923
vt 0.078604 0.832027
vt 0.090076 0.160854
vt 0.081531 0.164322
vt 0.090489 0.167669
vt 0.858181 0.758932
vt 0.861412 0.762032
vt 0.861922 0.756068
vt 0.852661 0.772760
vt 0.851803 0.771184
vt 0.076927 0.162186
vt 0.070805 0.165650
vt 0.888333 0.766407
vt 0.520681 0.656631
vt 0.516059 0.656837
vt 0.518477 0.657307
vt 0.061951 0.183119
vt 0.067302 0.185191
vt 0.064014 0.180007
vt 0.075940 0.174858
vt 0.046902 0.104054
vt 0.052611 0.099453
vt 0.050563 0.095888
vt 0.979309 0.119642
vt 0.980250 0.120664
vt 0.981793 0.120260
vt 0.136508 0.732480
vt 0.135208 0.734059
vt 0.137997 0.733225
vt 0.088214 0.571154
vt 0.087580 0.571965
vt 0.089162 0.571955
vt 0.903339 0.823459
vt 0.249476 0.606027
vt 0.249760 0.603445
vt 0.247645 0.602622
vt 0.967138 0.121177
vt 0.968029 0.120371
vt 0.967336 0.118695
vt 0.886549 0.769839
vt 0.884302 0.769858
vt 0.044109 0.128042
vt 0.044325 0.128456
vt 0.043405 0.120642
vt 0.073034 0.131415
vt 0.078173 0.131101
vt 0.073254 0.125521
vt 0.736683 0.265679
vt 0.734836 0.265139
vt 0.734921 0.266092
vt 0.041502 0.115714
vt 0.041664 0.116757
vt 0.044848 0.115999
vt 0.043806 0.111480
vt 0.909648 0.816658
vt 0.907005 0.817993
vt 0.910610 0.821017
vt 0.884692 0.752299
vt 0.882973 0.753253
vt 0.641414 0.183559
vt 0.639779 0.182587
vt 0.638068 0.183061
vt 0.898780 0.753084
vt 0.902294 0.763676
vt 0.496592 0.886618
vt 0.498024 0.889133
vt 0.499847 0.887475
vt 0.692261 0.604862
vt 0.691360 0.606286
vt 0.693235 0.605856
vt 0.547178 0.902346
vt 0.543902 0.901450
vt 0.547170 0.904758
vt 0.049962 0.092223
vt 0.076490 0.190569
vt 0.078899 0.189871
vt 0.073991 0.183548
vt 0.210133 0.761162
vt 0.208098 0.762678
vt 0.208092 0.764796
vt 0.765537 0.393761
vt 0.765577 0.394711
vt 0.765849 0.394523
vt 0.038839 0.092961
vt 0.039051 0.094546
vt 0.041179 0.105054
vt 0.042655 0.095051
vt 0.907628 0.813663
vt 0.908891 0.809505
vt 0.206565 0.130878
vt 0.208120 0.130132
vt 0.207196 0.128786
vt 0.862697 0.778005
vt 0.854165 0.757105
vt 0.432401 0.994358
vt 0.430222 0.997165
vt 0.434373 0.997073
vt 0.047664 0.119399
vt 0.044679 0.118898
vt 0.067361 0.121459
vt 0.067578 0.130561
vt 0.925976 0.841816
vt 0.374359 0.445335
vt 0.825394 0.330869
vt 0.824679 0.332440
vt 0.827008 0.332357
vt 0.842258 0.750784
vt 0.842823 0.751629
vt 0.843296 0.751000
vt 0.205073 0.096668
vt 0.206075 0.094571
vt 0.204571 0.094710
vt 0.417337 0.281916
vt 0.418733 0.280883
vt 0.204595 0.111663
vt 0.206243 0.111090
vt 0.205692 0.109746
vt 0.085197 0.167721
vt 0.091929 0.171420
vt 0.895439 0.791493
vt 0.894997 0.788299
vt 0.617205 0.828658
vt 0.611696 0.830366
vt 0.611192 0.832150
vt 0.877220 0.777245
vt 0.094056 0.489132
vt 0.090725 0.492206
vt 0.097481 0.488722
vt 0.557842 0.906701
vt 0.556575 0.905773
vt 0.556630 0.910363
vt 0.559279 0.909419
vt 0.915950 0.821221
vt 0.857294 0.763269
vt 0.852394 0.759679
vt 0.846099 0.735580
vt 0.845228 0.730730
vt 0.864091 0.760927
vt 0.866244 0.763447
vt 0.867072 0.760343
vt 0.903053 0.833885
vt 0.882084 0.762374
vt 0.884345 0.765281
vt 0.510560 0.890933
vt 0.504779 0.890654
vt 0.507850 0.892839
vt 0.913119 0.812604
vt 0.816318 0.968205
vt 0.818107 0.967897
vt 0.817100 0.967887
vt 0.247229 0.598698
vt 0.249104 0.599411
vt 0.895357 0.797756
vt 0.847513 0.746964
vt 0.852585 0.744377
vt 0.461449 0.940839
vt 0.460148 0.942886
vt 0.460477 0.945024
vt 0.462381 0.943792
vt 0.238724 0.609252
vt 0.236483 0.608166
vt 0.238100 0.611058
vt 0.850827 0.765709
vt 0.850893 0.767878
vt 0.854730 0.767166
vt 0.248203 0.613372
vt 0.246372 0.616738
vt 0.247458 0.618269
vt 0.907424 0.844938
vt 0.240531 0.610406
vt 0.240312 0.615801
vt 0.241023 0.612118
vt 0.881710 0.810321
vt 0.913141 0.833225
vt 0.878769 0.332264
vt 0.876799 0.330578
vt 0.875137 0.332045
vt 0.864903 0.795175
vt 0.865233 0.799728
vt 0.244568 0.970389
vt 0.245309 0.973963
vt 0.247140 0.971112
vt 0.931176 0.853670
vt 0.931093 0.853552
vt 0.931096 0.853693
vt 0.534611 0.267858
vt 0.535973 0.268251
vt 0.535780 0.266554
vt 0.014561 0.426182
vt 0.015558 0.425756
vt 0.015277 0.425416
vt 0.014124 0.426152
vt 0.875604 0.795952
vt 0.868232 0.791548
vt 0.510738 0.556590
vt 0.509383 0.561214
vt 0.885572 0.818316
vt 0.886629 0.821316
vt 0.894360 0.749905
vt 0.919683 0.817491
vt 0.916817 0.812579
vt 0.915306 0.816220
vt 0.851574 0.753459
vt 0.865968 0.783967
vt 0.667354 0.350838
vt 0.667428 0.351824
vt 0.669501 0.352906
vt 0.745167 0.529104
vt 0.744368 0.531289
vt 0.746376 0.529960
vt 0.108545 0.902284
vt 0.110277 0.903445
vt 0.110747 0.901438
vt 0.847008 0.753371
vt 0.849356 0.759879
vt 0.868343 0.778600
vt 0.869499 0.779563
vt 0.051187 0.112290
vt 0.054547 0.107044
vt 0.049027 0.108740
vt 0.065490 0.127017
vt 0.062738 0.130900
vt 0.851360 0.749924
vt 0.076996 0.491531
vt 0.080368 0.495293
vt 0.891285 0.741830
vt 0.873439 0.766122
vt 0.879806 0.805051
vt 0.882165 0.805286
vt 0.880483 0.802058
vt 0.492952 0.291825
vt 0.492235 0.289622
vt 0.460199 0.879344
vt 0.459289 0.878810
vt 0.456952 0.881693
vt 0.460203 0.879451
vt 0.882993 0.312746
vt 0.883426 0.310673
vt 0.881726 0.309520
vt 0.636862 0.286429
vt 0.637820 0.285864
vt 0.044697 0.098453
vt 0.348556 0.868493
vt 0.342579 0.870084
vt 0.347484 0.870332
vt 0.884769 0.759539
vt 0.877036 0.805284
vt 0.878834 0.801676
vt 0.872788 0.726468
vt 0.888590 0.780074
vt 0.886267 0.772069
vt 0.043235 0.940494
vt 0.041858 0.942214
vt 0.045098 0.939465
vt 0.107469 0.190418
vt 0.108670 0.197333
vt 0.109280 0.195157
vt 0.111526 0.835654
vt 0.111264 0.833714
vt 0.110006 0.833749
vt 0.886635 0.781996
vt 0.046252 0.766640
vt 0.043780 0.768088
vt 0.046420 0.767929
vt 0.044719 0.769960
vt 0.889347 0.732467
vt 0.892017 0.737197
vt 0.496456 0.511689
vt 0.495673 0.515278
vt 0.100268 0.728667
vt 0.099642 0.731792
vt 0.100352 0.730876
vt 0.877547 0.749197
vt 0.873353 0.748529
vt 0.543088 0.155735
vt 0.544154 0.156391
vt 0.545434 0.155885
vt 0.890298 0.793990
vt 0.866248 0.736130
vt 0.910551 0.830511
vt 0.881361 0.863099
vt 0.883364 0.862191
vt 0.881717 0.861538
vt 0.802052 0.599881
vt 0.800731 0.599800
vt 0.799275 0.601070
vt 0.277506 0.741250
vt 0.279569 0.744026
vt 0.282265 0.742881
vt 0.093404 0.488142
vt 0.846451 0.724039
vt 0.842626 0.728619
vt 0.845416 0.727365
vt 0.007770 0.827285
vt 0.006782 0.828231
vt 0.009567 0.826699
vt 0.884649 0.747040
vt 0.482276 0.281065
vt 0.931591 0.846293
vt 0.926478 0.847946
vt 0.865016 0.749204
vt 0.865854 0.744508
vt 0.861656 0.745523
vt 0.038651 0.369159
vt 0.037298 0.368227
vt 0.037357 0.369686
vt 0.896249 0.756680
vt 0.197547 0.490690
vt 0.197668 0.496069
vt 0.199666 0.494812
vt 0.878613 0.755349
vt 0.881710 0.750179
vt 0.882949 0.755945
vt 0.863484 0.767270
vt 0.866036 0.766539
vt 0.611418 0.800573
vt 0.612476 0.796871
vt 0.610715 0.796949
vt 0.695319 0.378954
vt 0.872450 0.768143
vt 0.081266 0.174440
vt 0.094873 0.208567
vt 0.097197 0.211287
vt 0.874908 0.721166
vt 0.669216 0.642163
vt 0.874885 0.721306
vt 0.525443 0.411773
vt 0.528345 0.415324
vt 0.910558 0.804261
vt 0.886253 0.742880
vt 0.897157 0.836914
vt 0.900844 0.842196
vt 0.569394 0.910236
vt 0.568944 0.910631
vt 0.569906 0.910417
vt 0.228677 0.852193
vt 0.229984 0.853116
vt 0.229560 0.851500
vt 0.872357 0.754500
vt 0.871463 0.757462
vt 0.766063 0.026552
vt 0.767451 0.023980
vt 0.767685 0.022902
vt 0.765652 0.025991
vt 0.287221 0.412565
vt 0.288276 0.411958
vt 0.287184 0.410893
vt 0.481659 0.289726
vt 0.484254 0.290305
vt 0.482994 0.289179
vt 0.250212 0.677977
vt 0.251338 0.677352
vt 0.251570 0.674509
vt 0.070634 0.206271
vt 0.098188 0.868609
vt 0.100222 0.868185
vt 0.099204 0.867745
vt 0.057246 0.136519
vt 0.052937 0.135444
vt 0.378731 0.911638
vt 0.377719 0.913351
vt 0.379514 0.912545
vt 0.868229 0.740590
vt 0.079042 0.134186
vt 0.862981 0.770956
vt 0.859569 0.774705
vt 0.130312 0.394703
vt 0.131096 0.395957
vt 0.131767 0.394809
vt 0.902036 0.769284
vt 0.423896 0.293134
vt 0.902097 0.775303
vt 0.900884 0.778940
vt 0.905020 0.778942
vt 0.506255 0.509944
vt 0.511922 0.510269
vt 0.508080 0.508644
vt 0.540943 0.134487
vt 0.539588 0.135359
vt 0.540901 0.136979
vt 0.480601 0.883117
vt 0.473863 0.882051
vt 0.472685 0.882144
vt 0.481042 0.884223
vt 0.552847 0.904462
vt 0.251269 0.628867
vt 0.247531 0.628725
vt 0.250380 0.633611
vt 0.625695 0.183821
vt 0.628855 0.183464
vt 0.625789 0.183017
vt 0.955700 0.674098
vt 0.955268 0.677874
vt 0.956371 0.677186
vt 0.906957 0.823253
vt 0.936585 0.632463
vt 0.935595 0.633710
vt 0.938289 0.634239
vt 0.842341 0.868443
vt 0.844631 0.869755
vt 0.843885 0.868449
vt 0.239435 0.434777
vt 0.240562 0.434220
vt 0.239645 0.432962
vt 0.059834 0.150235
vt 0.372949 0.460999
vt 0.372402 0.459963
vt 0.373366 0.463029
vt 0.522821 0.171546
vt 0.522609 0.172278
vt 0.522857 0.172894
vt 0.523195 0.171392
vt 0.120047 0.200865
vt 0.119033 0.199328
vt 0.119123 0.200705
vt 0.092524 0.176671
vt 0.086991 0.173742
vt 0.609096 0.214868
vt 0.611013 0.216285
vt 0.610372 0.214379
vt 0.964005 0.236725
vt 0.962724 0.235940
vt 0.962848 0.237454
vt 0.253616 0.635347
vt 0.253629 0.628013
vt 0.257072 0.443857
vt 0.256144 0.443308
vt 0.256382 0.445234
vt 0.863496 0.785464
vt 0.863772 0.790979
vt 0.866239 0.789493
vt 0.043376 0.083809
vt 0.043967 0.090455
vt 0.047230 0.081614
vt 0.478080 0.938108
vt 0.477782 0.936900
vt 0.478151 0.939738
vt 0.486859 0.285390
vt 0.487552 0.290518
vt 0.524012 0.468023
vt 0.523388 0.469261
vt 0.524543 0.471244
vt 0.898558 0.773248
vt 0.177383 0.093521
vt 0.177715 0.091968
vt 0.175876 0.093242
vt 0.098081 0.491181
vt 0.098786 0.489248
vt 0.049154 0.206793
vt 0.048472 0.207864
vt 0.048524 0.207922
vt 0.049962 0.206677
vt 0.893617 0.831159
vt 0.895180 0.830623
vt 0.892868 0.828453
vt 0.865155 0.336267
vt 0.864141 0.334883
vt 0.864111 0.336149
vt 0.158233 0.890678
vt 0.158281 0.893690
vt 0.162107 0.891156
vt 0.249295 0.616684
vt 0.251797 0.617066
vt 0.080937 0.497896
vt 0.083516 0.497328
vt 0.874544 0.731374
vt 0.868692 0.757812
vt 0.868813 0.752413
vt 0.864838 0.738338
vt 0.866909 0.741870
vt 0.752301 0.523973
vt 0.750530 0.525490
vt 0.750997 0.527122
vt 0.071821 0.177129
vt 0.882951 0.314183
vt 0.094477 0.190854
vt 0.058083 0.132400
vt 0.928479 0.838774
vt 0.928796 0.843556
vt 0.716214 0.258708
vt 0.714153 0.258275
vt 0.715219 0.259723
vt 0.054325 0.128993
vt 0.919448 0.822468
vt 0.923401 0.828047
vt 0.389561 0.698025
vt 0.389694 0.699845
vt 0.390930 0.697968
vt 0.870635 0.764580
vt 0.868166 0.769664
vt 0.048831 0.140210
vt 0.037567 0.085276
vt 0.038646 0.091537
vt 0.038259 0.084189
vt 0.053209 0.156296
vt 0.056482 0.157067
vt 0.422362 0.991292
vt 0.425244 0.992695
vt 0.426554 0.990587
vt 0.054624 0.108393
vt 0.542985 0.901051
vt 0.539052 0.899359
vt 0.537013 0.898695
vt 0.541896 0.903296
vt 0.634875 0.278091
vt 0.909745 0.827108
vt 0.893898 0.793535
vt 0.837437 0.729537
vt 0.838861 0.732618
vt 0.865733 0.722306
vt 0.840586 0.738100
vt 0.884033 0.815662
vt 0.884992 0.815514
vt 0.897759 0.417919
vt 0.896301 0.419431
vt 0.899550 0.419557
vt 0.559502 0.910944
vt 0.072669 0.815999
vt 0.072752 0.813279
vt 0.071589 0.814523
vt 0.888870 0.747476
vt 0.665809 0.763228
vt 0.665849 0.762113
vt 0.053944 0.104680
vt 0.079205 0.226324
vt 0.331730 0.884268
vt 0.326959 0.882210
vt 0.328848 0.883913
vt 0.635785 0.275703
vt 0.638159 0.280032
vt 0.876273 0.817230
vt 0.876539 0.820638
vt 0.862726 0.751944
vt 0.246723 0.676587
vt 0.247636 0.677469
vt 0.901309 0.848908
vt 0.902877 0.849558
vt 0.512400 0.707191
vt 0.509685 0.710036
vt 0.510785 0.710519
vt 0.873157 0.810318
vt 0.875156 0.806571
vt 0.555264 0.337479
vt 0.550232 0.337976
vt 0.554291 0.340465
vt 0.550637 0.339914
vt 0.890749 0.751494
vt 0.057299 0.093976
vt 0.003812 0.848662
vt 0.002408 0.845964
vt 0.000925 0.846385
vt 0.097209 0.202929
vt 0.864754 0.721954
vt 0.862627 0.721151
vt 0.075542 0.135925
vt 0.372696 0.441640
vt 0.555207 0.350154
vt 0.556805 0.352622
vt 0.558606 0.351336
vt 0.429515 0.991281
vt 0.431316 0.989595
vt 0.429381 0.989233
vt 0.084130 0.184447
vt 0.058011 0.169471
vt 0.246864 0.180189
vt 0.245686 0.179946
vt 0.244509 0.180032
vt 0.050179 0.133533
vt 0.564846 0.906401
vt 0.565252 0.906785
vt 0.566258 0.906970
vt 0.878675 0.775828
vt 0.162316 0.151148
vt 0.163950 0.151358
vt 0.163293 0.149768
vt 0.855846 0.426102
vt 0.854327 0.425526
vt 0.855284 0.427178
vt 0.827865 0.874247
vt 0.825651 0.874675
vt 0.826618 0.875918
vt 0.949395 0.566847
vt 0.949478 0.565371
vt 0.948324 0.565070
vt 0.042513 0.224819
vt 0.040446 0.224080
vt 0.041131 0.225424
vt 0.311988 0.905272
vt 0.311672 0.905382
vt 0.312439 0.905387
vt 0.869280 0.807113
vt 0.727104 0.197413
vt 0.732665 0.198722
vt 0.729060 0.197682
vt 0.518824 0.895951
vt 0.522368 0.895087
vt 0.516772 0.893276
vt 0.895507 0.969362
vt 0.893960 0.971147
vt 0.895382 0.971113
vt 0.040568 0.108840
vt 0.041020 0.113169
vt 0.528771 0.420695
vt 0.529681 0.417519
vt 0.212063 0.911027
vt 0.207193 0.911962
vt 0.207784 0.912680
vt 0.089713 0.208919
vt 0.837155 0.725380
vt 0.528247 0.898414
vt 0.531572 0.899366
vt 0.528836 0.895785
vt 0.906740 0.784369
vt 0.652722 0.171967
vt 0.653184 0.170209
vt 0.651805 0.171778
vt 0.876312 0.792311
vt 0.910269 0.685225
vt 0.912209 0.683159
vt 0.911349 0.683733
vt 0.210032 0.837976
vt 0.226235 0.815978
vt 0.209720 0.837987
vt 0.885630 0.723726
vt 0.241931 0.624836
vt 0.242654 0.627661
vt 0.087500 0.489268
vt 0.529315 0.411264
vt 0.528685 0.409324
vt 0.300214 0.244207
vt 0.302303 0.244157
vt 0.304382 0.243817
vt 0.100091 0.869386
vt 0.098381 0.870338
vt 0.098474 0.871163
vt 0.039136 0.954907
vt 0.039015 0.955189
vt 0.039450 0.955074
vt 0.432343 0.256957
vt 0.432936 0.255740
vt 0.432792 0.255624
vt 0.831932 0.431207
vt 0.832216 0.432646
vt 0.832373 0.429019
vt 0.037211 0.083354
vt 0.038225 0.082623
vt 0.681116 0.188253
vt 0.676743 0.187894
vt 0.676961 0.188472
vt 0.078726 0.201113
vt 0.071826 0.211483
vt 0.074604 0.218083
vt 0.074834 0.213574
vt 0.775419 0.674842
vt 0.775056 0.679536
vt 0.775261 0.677570
vt 0.373787 0.449329
vt 0.943749 0.413179
vt 0.943050 0.412447
vt 0.941066 0.413835
vt 0.194980 0.870840
vt 0.196248 0.871864
vt 0.197907 0.872042
vt 0.420924 0.929258
vt 0.419693 0.929046
vt 0.419989 0.931404
vt 0.102933 0.292585
vt 0.101971 0.291370
vt 0.101261 0.292442
vt 0.842068 0.744665
vt 0.783431 0.188974
vt 0.782875 0.189300
vt 0.782931 0.190046
vt 0.784021 0.189425
vt 0.090623 0.164157
vt 0.436411 0.894282
vt 0.433206 0.895510
vt 0.433783 0.896753
vt 0.914299 0.053314
vt 0.914130 0.052050
vt 0.913002 0.053148
vt 0.759095 0.185524
vt 0.759733 0.187378
vt 0.760053 0.185783
vt 0.583337 0.270087
vt 0.584665 0.270729
vt 0.585402 0.269538
vt 0.585731 0.271390
vt 0.782216 0.021725
vt 0.780200 0.020167
vt 0.779856 0.021340
vt 0.980335 0.684937
vt 0.979588 0.686037
vt 0.979784 0.686457
vt 0.372685 0.455992
vt 0.199149 0.725662
vt 0.198317 0.727057
vt 0.465912 0.553316
vt 0.469890 0.546575
vt 0.860657 0.734587
vt 0.528951 0.483703
vt 0.529396 0.481157
vt 0.527853 0.481502
vt 0.638781 0.275272
vt 0.637876 0.276350
vt 0.806679 0.518935
vt 0.805684 0.516548
vt 0.806349 0.520183
vt 0.523782 0.442759
vt 0.524696 0.439314
vt 0.371364 0.448527
vt 0.371306 0.451942
vt 0.874824 0.787913
vt 0.092886 0.985405
vt 0.093723 0.984504
vt 0.090995 0.983875
vt 0.374832 0.432582
vt 0.374766 0.434758
vt 0.872058 0.262977
vt 0.870724 0.261482
vt 0.870298 0.262623
vt 0.108455 0.201413
vt 0.583708 0.932793
vt 0.584952 0.933879
vt 0.589556 0.933228
vt 0.868022 0.774937
vt 0.866222 0.775492
vt 0.521207 0.654092
vt 0.522374 0.655737
vt 0.523383 0.654371
vt 0.093217 0.209609
vt 0.196070 0.488454
vt 0.195256 0.489742
vt 0.332508 0.185104
vt 0.334418 0.185696
vt 0.333734 0.184399
vt 0.923639 0.848557
vt 0.919985 0.846743
vt 0.857638 0.441487
vt 0.855632 0.437821
vt 0.856671 0.441789
vt 0.101887 0.187070
vt 0.104051 0.186054
vt 0.101325 0.185101
vt 0.898897 0.877749
vt 0.899854 0.877742
vt 0.898253 0.876453
vt 0.077608 0.496435
vt 0.076920 0.499361
vt 0.930755 0.853894
vt 0.926375 0.855834
vt 0.247722 0.595255
vt 0.055178 0.164429
vt 0.056089 0.167158
vt 0.964579 0.473221
vt 0.963541 0.475849
vt 0.964292 0.477577
vt 0.806500 0.566296
vt 0.805498 0.565121
vt 0.806255 0.568274
vt 0.143987 0.092887
vt 0.142767 0.093317
vt 0.143534 0.094545
vt 0.768248 0.023397
vt 0.770650 0.023176
vt 0.987760 0.665816
vt 0.988125 0.667465
vt 0.988886 0.665513
vt 0.079850 0.178002
vt 0.870028 0.776925
vt 0.872573 0.778089
vt 0.870746 0.774360
vt 0.551989 0.336387
vt 0.233541 0.841047
vt 0.237450 0.841103
vt 0.237563 0.838446
vt 0.419941 0.298853
vt 0.421615 0.295175
vt 0.419914 0.295643
vt 0.022747 0.647212
vt 0.021986 0.648231
vt 0.025917 0.649582
vt 0.440773 0.893018
vt 0.442060 0.892345
vt 0.568784 0.683890
vt 0.571696 0.680019
vt 0.569684 0.681943
vt 0.426031 0.280323
vt 0.426636 0.280659
vt 0.426570 0.279241
vt 0.855610 0.722971
vt 0.854868 0.723779
vt 0.857264 0.723703
vt 0.523471 0.431568
vt 0.416914 0.290512
vt 0.416981 0.291904
vt 0.417774 0.291318
vt 0.513747 0.966883
vt 0.516497 0.968084
vt 0.514352 0.966619
vt 0.394770 0.050084
vt 0.394194 0.049113
vt 0.393608 0.050808
vt 0.888139 0.769759
vt 0.798143 0.136578
vt 0.797232 0.135930
vt 0.796326 0.136876
vt 0.131262 0.897029
vt 0.134066 0.897681
vt 0.132345 0.895638
vt 0.048100 0.078160
vt 0.045173 0.079327
vt 0.199722 0.499636
vt 0.197006 0.503941
vt 0.785130 0.023100
vt 0.786819 0.023917
vt 0.786250 0.023145
vt 0.167978 0.844286
vt 0.170962 0.843404
vt 0.167670 0.842246
vt 0.984750 0.686223
vt 0.982834 0.688178
vt 0.985121 0.687881
vt 0.738127 0.676285
vt 0.739869 0.674559
vt 0.738636 0.673451
vt 0.529005 0.412952
vt 0.669406 0.770412
vt 0.668040 0.772747
vt 0.669848 0.772607
vt 0.634864 0.542985
vt 0.635937 0.543489
vt 0.635789 0.540464
vt 0.524885 0.482275
vt 0.526916 0.484696
vt 0.112134 0.219839
vt 0.114085 0.219528
vt 0.173599 0.882599
vt 0.175569 0.882285
vt 0.173713 0.881178
vt 0.425781 0.930688
vt 0.422626 0.930170
vt 0.424759 0.932379
vt 0.492753 0.512354
vt 0.099812 0.391976
vt 0.098583 0.391485
vt 0.099027 0.393149
vt 0.577455 0.099400
vt 0.575143 0.100447
vt 0.577255 0.100957
vt 0.638026 0.539842
vt 0.637655 0.546268
vt 0.638793 0.543846
vt 0.851910 0.999139
vt 0.850357 0.997188
vt 0.850519 0.998834
vt 0.911362 0.807040
vt 0.914540 0.808607
vt 0.927290 0.557873
vt 0.926169 0.559723
vt 0.927498 0.559228
vt 0.926090 0.557735
vt 0.555331 0.498668
vt 0.554351 0.497003
vt 0.552827 0.501567
vt 0.420995 0.281386
vt 0.420482 0.279518
vt 0.863152 0.735048
vt 0.557154 0.500891
vt 0.554745 0.502266
vt 0.556403 0.503365
vt 0.075667 0.125581
vt 0.094825 0.187274
vt 0.848503 0.734666
vt 0.088526 0.218136
vt 0.356981 0.361641
vt 0.357479 0.361603
vt 0.357416 0.361421
vt 0.889747 0.743546
vt 0.138158 0.963917
vt 0.141031 0.963293
vt 0.139159 0.961556
vt 0.674513 0.103180
vt 0.673876 0.102749
vt 0.673463 0.102641
vt 0.672506 0.103484
vt 0.815128 0.690688
vt 0.813783 0.688735
vt 0.813909 0.691201
vt 0.669476 0.762078
vt 0.670921 0.765145
vt 0.670491 0.762643
vt 0.078395 0.194552
vt 0.503245 0.888590
vt 0.004541 0.846934
vt 0.750943 0.814047
vt 0.752002 0.816705
vt 0.752591 0.814370
vt 0.458841 0.944820
vt 0.458827 0.944929
vt 0.773232 0.022743
vt 0.775112 0.022390
vt 0.774469 0.020702
vt 0.099990 0.199718
vt 0.522599 0.898824
vt 0.524937 0.897592
vt 0.746586 0.874393
vt 0.747761 0.874116
vt 0.747168 0.872573
vt 0.177679 0.710334
vt 0.178978 0.712046
vt 0.481204 0.936587
vt 0.481211 0.938638
vt 0.670196 0.355717
vt 0.667740 0.354287
vt 0.667928 0.356698
vt 0.965622 0.417117
vt 0.966824 0.416623
vt 0.965693 0.415842
vt 0.823836 0.204125
vt 0.823255 0.202755
vt 0.822360 0.203716
vt 0.206117 0.861919
vt 0.207774 0.860566
vt 0.204740 0.859626
vt 0.362997 0.014603
vt 0.363724 0.013893
vt 0.362953 0.012625
vt 0.495671 0.886295
vt 0.486106 0.884019
vt 0.487652 0.886123
vt 0.272352 0.099372
vt 0.271497 0.100391
vt 0.273845 0.100466
vt 0.064164 0.081722
vt 0.551306 0.598382
vt 0.551399 0.597816
vt 0.549450 0.597802
vt 0.845955 0.754351
vt 0.846627 0.755178
vt 0.008501 0.826034
vt 0.009024 0.825044
vt 0.891437 0.826052
vt 0.890144 0.820845
vt 0.211094 0.910207
vt 0.881914 0.766392
vt 0.969721 0.401352
vt 0.968825 0.403924
vt 0.970282 0.402991
vt 0.054246 0.100466
vt 0.382474 0.866675
vt 0.379936 0.867251
vt 0.382263 0.867995
vt 0.585753 0.066361
vt 0.585704 0.066370
vt 0.585703 0.066394
vt 0.841269 0.731430
vt 0.335401 0.295967
vt 0.336184 0.296686
vt 0.336954 0.295837
vt 0.193796 0.737338
vt 0.193329 0.734214
vt 0.192120 0.736012
vt 0.494976 0.091768
vt 0.495564 0.090739
vt 0.494256 0.090389
vt 0.376640 0.448460
vt 0.880596 0.791646
vt 0.870352 0.811245
vt 0.880753 0.767684
vt 0.881330 0.771554
vt 0.195520 0.848414
vt 0.194489 0.849264
vt 0.196916 0.851822
vt 0.561521 0.907084
vt 0.560935 0.908379
vt 0.558624 0.906210
vt 0.657088 0.476477
vt 0.655023 0.475483
vt 0.655707 0.478708
vt 0.379951 0.869950
vt 0.380035 0.870899
vt 0.647124 0.351274
vt 0.645481 0.354411
vt 0.647047 0.355395
vt 0.645709 0.351707
vt 0.145506 0.957701
vt 0.143233 0.956579
vt 0.141471 0.959007
vt 0.924286 0.976885
vt 0.922580 0.974951
vt 0.922211 0.977068
vt 0.564557 0.064236
vt 0.566533 0.064068
vt 0.565252 0.063105
vt 0.879376 0.741550
vt 0.901079 0.790900
vt 0.296814 0.893269
vt 0.301690 0.893471
vt 0.298610 0.891358
vt 0.126290 0.874388
vt 0.128557 0.875218
vt 0.128800 0.873313
vt 0.254550 0.270538
vt 0.255413 0.271478
vt 0.254326 0.268742
vt 0.502764 0.892603
vt 0.904226 0.786702
vt 0.568450 0.679732
vt 0.926223 0.648759
vt 0.925331 0.647767
vt 0.925344 0.648454
vt 0.673544 0.110485
vt 0.674709 0.110990
vt 0.676691 0.110039
vt 0.113248 0.208730
vt 0.493662 0.287986
vt 0.609314 0.867599
vt 0.611815 0.866621
vt 0.608129 0.866372
vt 0.958606 0.100405
vt 0.959485 0.101040
vt 0.958623 0.098964
vt 0.850314 0.764130
vt 0.849493 0.761633
vt 0.451099 0.966601
vt 0.555782 0.905200
vt 0.553562 0.907867
vt 0.636555 0.547009
vt 0.637285 0.551877
vt 0.743066 0.943898
vt 0.741055 0.943852
vt 0.742312 0.944838
vt 0.372509 0.915066
vt 0.375075 0.915684
vt 0.062169 0.115663
vt 0.525915 0.415864
vt 0.898978 0.717858
vt 0.899805 0.720266
vt 0.900323 0.718454
vt 0.070556 0.412522
vt 0.070404 0.412556
vt 0.070502 0.412702
vt 0.930441 0.827624
vt 0.930016 0.826220
vt 0.930078 0.828598
vt 0.931406 0.828165
vt 0.823330 0.043204
vt 0.822236 0.041540
vt 0.822224 0.042850
vt 0.513956 0.813701
vt 0.515710 0.811245
vt 0.514477 0.810223
vt 0.042625 0.122657
vt 0.868355 0.749252
vt 0.971065 0.680205
vt 0.970238 0.678969
vt 0.969881 0.681154
vt 0.987683 0.798853
vt 0.527123 0.592639
vt 0.987666 0.798892
vt 0.814424 0.925849
vt 0.813274 0.926181
vt 0.815460 0.927356
vt 0.781858 0.800161
vt 0.782422 0.801318
vt 0.784412 0.800948
vt 0.083298 0.494019
vt 0.055332 0.097854
vt 0.057127 0.097231
vt 0.058210 0.096172
vt 0.848855 0.764585
vt 0.848797 0.764704
vt 0.850261 0.765850
vt 0.845561 0.751896
vt 0.844808 0.752415
vt 0.845013 0.752836
vt 0.689189 0.360282
vt 0.688990 0.359897
vt 0.687048 0.359961
vt 0.848798 0.764616
vt 0.059322 0.095647
vt 0.848265 0.760378
vt 0.848545 0.762163
vt 0.848638 0.762175
vt 0.522192 0.173998
vt 0.522208 0.172442
vt 0.521961 0.173199
vt 0.599115 0.071519
vt 0.600914 0.070223
vt 0.600603 0.070293
vt 0.599209 0.071262
vt 0.248930 0.661890
vt 0.249259 0.661188
vt 0.248058 0.658907
vt 0.040199 0.955616
vt 0.040601 0.955497
vt 0.040427 0.955427
vt 0.795892 0.957072
vt 0.795446 0.956843
vt 0.795282 0.957391
vt 0.795503 0.957880
vt 0.000000 0.000000
vt 0.000000 0.000000
vt 0.000000 0.000000
vt 0.000000 0.000000
vt 0.000000 0.000000
vt 0.000000 0.000000
vt 0.000000 0.000000
vt 0.000000 0.000000
vt 0.000000 0.000000
vt 0.000000 0.000000
vt 0.000000 0.000000
vt 0.000000 0.000000
vt 0.000000 0.000000
vt 0.000000 0.000000
vt 0.000000 0.000000
vt 0.000000 0.000000
vt 0.000000 0.000000
vt 0.000000 0.000000
vt 0.000000 0.000000
vt 0.000000 0.000000
vt 0.000000 0.000000
vt 0.000000 0.000000
vt 0.000000 0.000000
vt 0.000000 0.000000
vt 0.000000 0.000000
vt 0.000000 0.000000
vt 0.000000 0.000000
vt 0.000000 0.000000
vt 0.000000 0.000000
vt 0.000000 0.000000
vt 0.000000 0.000000
vt 0.000000 0.000000
vt 0.000000 0.000000
vt 0.000000 0.000000
vt 0.000000 0.000000
vt 0.000000 0.000000
vt 0.000000 0.000000
vt 0.051126 0.150673
vt 0.850414 0.860998
vt 0.849171 0.858923
vt 0.848213 0.859633
vt 0.848040 0.859875
vt 0.528914 0.895615
vt 0.524626 0.894607
vt 0.537304 0.898502
vt 0.750939 0.206362
vt 0.750177 0.206099
vt 0.751004 0.206530
vt 0.051495 0.152682
vt 0.473240 0.881778
vt 0.472025 0.881641
vt 0.979363 0.996499
vt 0.977499 0.996695
vt 0.977754 0.997569
vt 0.978007 0.998037
vt 0.292481 0.114315
vt 0.292038 0.115155
vt 0.293042 0.115078
vt 0.292747 0.114527
vt 0.063186 0.188537
vt 0.064154 0.190664
vt 0.522426 0.893888
vt 0.520826 0.893415
vt 0.952890 0.605308
vt 0.953055 0.605117
vt 0.952697 0.602702
vt 0.952243 0.602257
vt 0.672692 0.187667
vt 0.880523 0.717977
vt 0.882014 0.716271
vt 0.047404 0.128019
vt 0.518740 0.968950
vt 0.517555 0.967877
vt 0.518154 0.968735
vt 0.518766 0.969268
vt 0.704593 0.191190
vt 0.702642 0.191270
vt 0.705299 0.191658
vt 0.536269 0.898152
vt 0.166099 0.442966
vt 0.167357 0.443563
vt 0.166167 0.442256
vt 0.165924 0.442096
vt 0.511283 0.890794
vt 0.510173 0.890545
vt 0.617252 0.183626
vt 0.613442 0.184937
vt 0.617783 0.184157
vt 0.536925 0.898342
vt 0.243087 0.139820
vt 0.243903 0.139585
vt 0.243089 0.139305
vt 0.241935 0.139223
vt 0.074851 0.218460
vt 0.075448 0.219982
vt 0.077886 0.226195
vt 0.053767 0.160905
vt 0.887473 0.725305
vt 0.887024 0.723843
vt 0.715584 0.194276
vt 0.714203 0.194289
vt 0.717070 0.194813
vt 0.066616 0.197665
vt 0.069533 0.204711
vt 0.455909 0.878203
vt 0.454353 0.877199
vt 0.449152 0.875480
vt 0.448942 0.875844
vt 0.041630 0.117019
vt 0.043056 0.117128
vt 0.506098 0.889531
vt 0.048524 0.139067
vt 0.490901 0.888383
vt 0.496134 0.886418
vt 0.492624 0.888137
vt 0.496223 0.886405
vt 0.763115 0.549315
vt 0.766200 0.548127
vt 0.765546 0.547971
vt 0.763426 0.549061
vt 0.516936 0.892219
vt 0.455500 0.877316
vt 0.038851 0.092832
vt 0.457129 0.878077
vt 0.456327 0.877691
vt 0.859663 0.742348
vt 0.859367 0.738879
vt 0.862995 0.739434
vt 0.468171 0.552851
vt 0.470121 0.554664
vt 0.470377 0.559873
vt 0.885611 0.735225
vt 0.887414 0.739418
vt 0.881799 0.742364
vt 0.869269 0.798306
vt 0.871645 0.802471
vt 0.866331 0.803347
vt 0.060924 0.089518
vt 0.047475 0.090239
vt 0.053826 0.080565
vt 0.063888 0.135263
vt 0.064719 0.139690
vt 0.061005 0.138776
vt 0.869901 0.785712
vt 0.873347 0.788910
vt 0.871482 0.791546
vt 0.109336 0.217625
vt 0.113978 0.221300
vt 0.109605 0.221030
vt 0.066573 0.163754
vt 0.062386 0.171505
vt 0.062526 0.166642
vt 0.887908 0.795570
vt 0.887282 0.799875
vt 0.883163 0.792833
vt 0.470244 0.548067
vt 0.468244 0.544451
vt 0.470094 0.542260
vt 0.375303 0.440326
vt 0.376065 0.437396
vt 0.376016 0.444453
vt 0.061854 0.077304
vt 0.060700 0.083684
vt 0.056545 0.079301
vt 0.487207 0.281444
vt 0.482523 0.282814
vt 0.484587 0.278639
vt 0.106268 0.206957
vt 0.106782 0.202268
vt 0.109793 0.206950
vt 0.098897 0.486266
vt 0.096305 0.487285
vt 0.094409 0.485626
vt 0.086807 0.152751
vt 0.084233 0.156825
vt 0.084274 0.150070
vt 0.884613 0.787440
vt 0.889034 0.782723
vt 0.890145 0.786802
vt 0.907632 0.851607
vt 0.910483 0.847870
vt 0.912576 0.858912
vt 0.088422 0.193550
vt 0.090973 0.192296
vt 0.091566 0.198841
vt 0.561578 0.160936
vt 0.564241 0.161911
vt 0.563159 0.162447
vt 0.878023 0.744115
vt 0.880155 0.747583
vt 0.053484 0.076620
vt 0.054678 0.076227
vt 0.059554 0.118531
vt 0.056131 0.121722
vt 0.054470 0.118809
vt 0.900911 0.801508
vt 0.896679 0.804148
vt 0.898046 0.798476
vt 0.907553 0.804866
vt 0.904887 0.810086
vt 0.900918 0.805144
vt 0.096344 0.193551
vt 0.096918 0.195782
vt 0.095834 0.197808
vt 0.838058 0.735259
vt 0.843796 0.735632
vt 0.844217 0.742168
vt 0.871925 0.737446
vt 0.869531 0.734123
vt 0.871881 0.731436
vt 0.441377 0.157323
vt 0.440784 0.156197
vt 0.442465 0.157482
vt 0.634543 0.284026
vt 0.635730 0.282084
vt 0.635421 0.285370
vt 0.418128 0.880937
vt 0.418413 0.879254
vt 0.420812 0.882395
vt 0.895720 0.813981
vt 0.895248 0.809215
vt 0.897352 0.812973
vt 0.182161 0.389887
vt 0.183290 0.388922
vt 0.183013 0.390286
vt 0.923287 0.857328
vt 0.917463 0.857434
vt 0.920689 0.856577
vt 0.864259 0.727488
vt 0.868660 0.727679
vt 0.068601 0.135456
vt 0.072439 0.141755
vt 0.427471 0.646652
vt 0.431123 0.648302
vt 0.427042 0.650524
vt 0.880629 0.718721
vt 0.882952 0.726473
vt 0.878235 0.723234
vt 0.854448 0.741147
vt 0.859155 0.735170
vt 0.855924 0.755251
vt 0.856421 0.751419
vt 0.859978 0.749474
vt 0.897486 0.794811
vt 0.897801 0.789507
vt 0.899772 0.793527
vt 0.887554 0.814739
vt 0.888607 0.807724
vt 0.102922 0.208928
vt 0.099072 0.207349
vt 0.101313 0.202816
vt 0.048580 0.112910
vt 0.054974 0.114559
vt 0.111793 0.214138
vt 0.114185 0.217860
vt 0.078748 0.217593
vt 0.083881 0.212346
vt 0.086758 0.220800
vt 0.884686 0.805064
vt 0.888471 0.802830
vt 0.870678 0.744796
vt 0.871453 0.740731
vt 0.874119 0.745543
vt 0.908671 0.860953
vt 0.908182 0.855335
vt 0.925255 0.838585
vt 0.920418 0.838077
vt 0.923881 0.835346
vt 0.867095 0.721658
vt 0.866345 0.723651
vt 0.866422 0.721581
vt 0.905895 0.801478
vt 0.083939 0.229781
vt 0.081977 0.224335
vt 0.087081 0.228687
vt 0.692102 0.185646
vt 0.692328 0.186613
vt 0.688968 0.186744
vt 0.902492 0.798527
vt 0.903419 0.793574
vt 0.498656 0.512967
vt 0.503469 0.510722
vt 0.504266 0.512889
vt 0.876883 0.753842
vt 0.876220 0.757481
vt 0.872020 0.750845
vt 0.904581 0.850881
vt 0.903906 0.853979
vt 0.248125 0.611701
vt 0.248578 0.609977
vt 0.250691 0.608220
vt 0.907255 0.795397
vt 0.910832 0.797152
vt 0.909971 0.799899
vt 0.896172 0.785065
vt 0.899299 0.782544
vt 0.901117 0.785348
vt 0.450447 0.970032
vt 0.448202 0.970646
vt 0.448551 0.967456
vt 0.062774 0.161876
vt 0.058860 0.162346
vt 0.060467 0.155989
vt 0.919516 0.830907
vt 0.917160 0.833867
vt 0.915010 0.826362
vt 0.879584 0.813924
vt 0.882842 0.816903
vt 0.880137 0.820854
vt 0.512377 0.559486
vt 0.516694 0.555077
vt 0.516549 0.555078
vt 0.515368 0.555087
vt 0.071336 0.120827
vt 0.069142 0.116380
vt 0.073318 0.120056
vt 0.051052 0.081543
vt 0.046093 0.085960
vt 0.880659 0.734236
vt 0.876673 0.736916
vt 0.876179 0.730910
vt 0.208066 0.839835
vt 0.207608 0.839411
vt 0.208174 0.839348
vt 0.904707 0.836279
vt 0.910954 0.835499
vt 0.906473 0.839676
vt 0.065238 0.149983
vt 0.066631 0.157682
vt 0.073371 0.159161
vt 0.070894 0.153926
vt 0.885803 0.831841
vt 0.888586 0.830597
vt 0.888447 0.832548
vt 0.076375 0.141137
vt 0.072358 0.136428
vt 0.913123 0.841933
vt 0.916773 0.849517
vt 0.080615 0.144508
vt 0.076272 0.149277
vt 0.079921 0.140322
vt 0.876723 0.728364
vt 0.874895 0.726416
vt 0.063026 0.143873
vt 0.056721 0.146313
vt 0.883246 0.799760
vt 0.880093 0.761718
vt 0.068525 0.169559
vt 0.071393 0.173564
vt 0.067458 0.178173
vt 0.077359 0.781700
vt 0.077956 0.780860
vt 0.078804 0.782837
vt 0.077849 0.782631
vt 0.899434 0.821034
vt 0.894537 0.825232
vt 0.897585 0.817616
vt 0.063768 0.118247
vt 0.062873 0.115596
vt 0.916767 0.844940
vt 0.915648 0.839235
vt 0.918039 0.840125
vt 0.124549 0.702116
vt 0.125327 0.703268
vt 0.123013 0.705751
vt 0.873501 0.770815
vt 0.879664 0.766416
vt 0.878846 0.770995
vt 0.481621 0.633741
vt 0.481788 0.627973
vt 0.484274 0.628528
vt 0.879963 0.774018
vt 0.886710 0.777685
vt 0.882954 0.780500
vt 0.217840 0.440455
vt 0.218492 0.441899
vt 0.217217 0.441383
vt 0.895751 0.779434
vt 0.893091 0.782496
vt 0.892100 0.779517
vt 0.194196 0.894105
vt 0.195211 0.890265
vt 0.196336 0.893970
vt 0.900910 0.830951
vt 0.905013 0.827348
vt 0.905913 0.831097
vt 0.737460 0.480916
vt 0.736860 0.481770
vt 0.735116 0.484057
vt 0.900619 0.809547
vt 0.372964 0.451577
vt 0.376919 0.452922
vt 0.374228 0.457815
vt 0.051528 0.126012
vt 0.064533 0.086663
vt 0.068098 0.088276
vt 0.078971 0.490474
vt 0.080165 0.490094
vt 0.081668 0.491455
vt 0.078054 0.209204
vt 0.076033 0.212766
vt 0.891649 0.758518
vt 0.886072 0.755448
vt 0.893241 0.754758
vt 0.850696 0.728118
vt 0.849529 0.731357
vt 0.847217 0.728719
vt 0.524443 0.409992
vt 0.523744 0.406810
vt 0.526247 0.408402
vt 0.091381 0.186701
vt 0.086323 0.186550
vt 0.902652 0.782691
vt 0.903622 0.785415
vt 0.884068 0.758037
vt 0.843984 0.747593
vt 0.844098 0.742252
vt 0.849613 0.742247
vt 0.522344 0.436831
vt 0.519864 0.435906
vt 0.521484 0.432763
vt 0.052688 0.122069
vt 0.046968 0.123215
vt 0.079347 0.137641
vt 0.242396 0.621832
vt 0.247455 0.624635
vt 0.244382 0.627664
vt 0.194337 0.514396
vt 0.195412 0.514413
vt 0.197956 0.520295
vt 0.879902 0.738843
vt 0.981628 0.175273
vt 0.981498 0.176723
vt 0.980229 0.175943
vt 0.421748 0.284441
vt 0.423080 0.285654
vt 0.420164 0.286465
vt 0.420517 0.291670
vt 0.423796 0.288204
vt 0.053727 0.144723
vt 0.070095 0.498639
vt 0.067657 0.495201
vt 0.071309 0.495679
vt 0.223870 0.161267
vt 0.223775 0.162215
vt 0.222933 0.162086
vt 0.223745 0.161085
vt 0.854460 0.728852
vt 0.857405 0.730611
vt 0.854332 0.732555
vt 0.902914 0.815699
vt 0.467112 0.548918
vt 0.893597 0.801522
vt 0.890364 0.801013
vt 0.892377 0.798235
vt 0.373183 0.798745
vt 0.377409 0.796357
vt 0.375189 0.799678
vt 0.643643 0.087746
vt 0.644530 0.089578
vt 0.642964 0.089258
vt 0.876710 0.741500
vt 0.892859 0.807592
vt 0.667791 0.359800
vt 0.665054 0.361388
vt 0.663614 0.359526
vt 0.201217 0.727390
vt 0.200373 0.725054
vt 0.201251 0.724481
vt 0.894603 0.772756
vt 0.064048 0.873024
vt 0.067512 0.872358
vt 0.065585 0.873078
vt 0.696807 0.380555
vt 0.694062 0.383697
vt 0.692442 0.382171
vt 0.091580 0.204478
vt 0.066524 0.196742
vt 0.071606 0.190295
vt 0.069309 0.196147
vt 0.036794 0.404160
vt 0.037136 0.402268
vt 0.037917 0.403159
vt 0.856430 0.746585
vt 0.878868 0.779739
vt 0.879182 0.785244
vt 0.875796 0.780512
vt 0.093824 0.228450
vt 0.093108 0.227445
vt 0.090579 0.222441
vt 0.092407 0.225215
vt 0.905956 0.786874
vt 0.907602 0.790548
vt 0.902491 0.789058
vt 0.889292 0.773398
vt 0.889454 0.776909
vt 0.218948 0.237742
vt 0.220868 0.238211
vt 0.219836 0.239072
vt 0.686149 0.100090
vt 0.876018 0.762402
vt 0.873552 0.761551
vt 0.179149 0.708444
vt 0.180225 0.709172
vt 0.181782 0.710527
vt 0.080613 0.148340
vt 0.854502 0.777153
vt 0.857793 0.776107
vt 0.858644 0.779310
vt 0.079475 0.157998
vt 0.076658 0.154847
vt 0.898552 0.763307
vt 0.894212 0.765552
vt 0.303377 0.767091
vt 0.300940 0.766617
vt 0.302672 0.763458
vt 0.101236 0.212790
vt 0.101442 0.211409
vt 0.884040 0.822833
vt 0.055070 0.151335
vt 0.556582 0.490773
vt 0.552797 0.490852
vt 0.555245 0.489233
vt 0.058407 0.074641
vt 0.060258 0.074029
vt 0.610652 0.776463
vt 0.611620 0.778078
vt 0.610971 0.779527
vt 0.066303 0.090207
vt 0.062098 0.092047
vt 0.072413 0.147701
vt 0.075995 0.172054
vt 0.076194 0.168651
vt 0.074809 0.196182
vt 0.074116 0.203553
vt 0.870169 0.721076
vt 0.069951 0.150747
vt 0.069061 0.144600
vt 0.122649 0.860098
vt 0.120811 0.858240
vt 0.122986 0.858843
vt 0.084472 0.181309
vt 0.084372 0.174138
vt 0.088449 0.180918
vt 0.921653 0.843458
vt 0.876830 0.341249
vt 0.874909 0.342617
vt 0.873753 0.341180
vt 0.858900 0.427383
vt 0.859206 0.430867
vt 0.857663 0.429415
vt 0.915806 0.854160
vt 0.920266 0.851945
vt 0.892271 0.789392
vt 0.885874 0.791855
vt 0.425424 0.288887
vt 0.427657 0.288200
vt 0.425421 0.291082
vt 0.611306 0.865783
vt 0.615965 0.865142
vt 0.616520 0.866598
vt 0.896856 0.746306
vt 0.087880 0.211128
vt 0.088912 0.215836
vt 0.103240 0.214883
vt 0.081664 0.202723
vt 0.084985 0.204564
vt 0.082959 0.207062
vt 0.549768 0.342610
vt 0.550027 0.344395
vt 0.548704 0.346653
vt 0.847993 0.726534
vt 0.850284 0.725712
vt 0.858686 0.768295
vt 0.855792 0.773646
vt 0.853687 0.771120
vt 0.899907 0.825558
vt 0.544365 0.135674
vt 0.545343 0.136191
vt 0.543549 0.136311
vt 0.891650 0.769784
vt 0.838482 0.725718
vt 0.838719 0.724311
vt 0.839957 0.727163
vt 0.838766 0.727439
vt 0.059830 0.115085
vt 0.059597 0.115909
vt 0.057642 0.113764
vt 0.490924 0.294612
vt 0.493137 0.296953
vt 0.491178 0.297286
vt 0.098392 0.857304
vt 0.099880 0.859426
vt 0.095700 0.858504
vt 0.889905 0.761939
vt 0.886130 0.761266
vt 0.905563 0.590822
vt 0.905034 0.591916
vt 0.904930 0.589430
vt 0.669278 0.768591
vt 0.668013 0.765080
vt 0.671173 0.767338
vt 0.556127 0.345115
vt 0.554231 0.342874
vt 0.556084 0.342257
vt 0.555427 0.346741
vt 0.076767 0.832398
vt 0.078604 0.832027
vt 0.076042 0.834923
vt 0.090076 0.160854
vt 0.090489 0.167669
vt 0.081531 0.164322
vt 0.858181 0.758932
vt 0.861922 0.756068
vt 0.861412 0.762032
vt 0.852661 0.772760
vt 0.851803 0.771184
vt 0.070805 0.165650
vt 0.076927 0.162186
vt 0.888333 0.766407
vt 0.520681 0.656631
vt 0.518477 0.657307
vt 0.516059 0.656837
vt 0.061951 0.183119
vt 0.064014 0.180007
vt 0.067302 0.185191
vt 0.075940 0.174858
vt 0.046902 0.104054
vt 0.050563 0.095888
vt 0.052611 0.099453
vt 0.979309 0.119642
vt 0.981793 0.120260
vt 0.980250 0.120664
vt 0.136508 0.732480
vt 0.137997 0.733225
vt 0.135208 0.734059
vt 0.088214 0.571154
vt 0.089162 0.571955
vt 0.087580 0.571965
vt 0.903339 0.823459
vt 0.249476 0.606027
vt 0.249760 0.603445
vt 0.247645 0.602622
vt 0.967138 0.121177
vt 0.967336 0.118695
vt 0.968029 0.120371
vt 0.886549 0.769839
vt 0.884302 0.769858
vt 0.043405 0.120642
vt 0.073034 0.131415
vt 0.073254 0.125521
vt 0.078173 0.131101
vt 0.736683 0.265679
vt 0.734921 0.266092
vt 0.734836 0.265139
vt 0.043806 0.111480
vt 0.044848 0.115999
vt 0.909648 0.816658
vt 0.910610 0.821017
vt 0.907005 0.817993
vt 0.884692 0.752299
vt 0.882973 0.753253
vt 0.639779 0.182587
vt 0.898780 0.753084
vt 0.902294 0.763676
vt 0.498024 0.889133
vt 0.692261 0.604862
vt 0.693235 0.605856
vt 0.691360 0.606286
vt 0.547170 0.904758
vt 0.049962 0.092223
vt 0.076490 0.190569
vt 0.073991 0.183548
vt 0.078899 0.189871
vt 0.210133 0.761162
vt 0.208092 0.764796
vt 0.208098 0.762678
vt 0.765849 0.394523
vt 0.042655 0.095051
vt 0.041179 0.105054
vt 0.907628 0.813663
vt 0.908891 0.809505
vt 0.206565 0.130878
vt 0.207196 0.128786
vt 0.208120 0.130132
vt 0.862697 0.778005
vt 0.854165 0.757105
vt 0.432401 0.994358
vt 0.434373 0.997073
vt 0.430222 0.997165
vt 0.044679 0.118898
vt 0.047664 0.119399
vt 0.067361 0.121459
vt 0.067578 0.130561
vt 0.925976 0.841816
vt 0.374359 0.445335
vt 0.825394 0.330869
vt 0.827008 0.332357
vt 0.824679 0.332440
vt 0.842258 0.750784
vt 0.843296 0.751000
vt 0.842823 0.751629
vt 0.205073 0.096668
vt 0.204571 0.094710
vt 0.206075 0.094571
vt 0.417337 0.281916
vt 0.418733 0.280883
vt 0.204595 0.111663
vt 0.205692 0.109746
vt 0.206243 0.111090
vt 0.091929 0.171420
vt 0.085197 0.167721
vt 0.895439 0.791493
vt 0.894997 0.788299
vt 0.617205 0.828658
vt 0.611192 0.832150
vt 0.611696 0.830366
vt 0.877220 0.777245
vt 0.094056 0.489132
vt 0.097481 0.488722
vt 0.090725 0.492206
vt 0.559279 0.909419
vt 0.556630 0.910363
vt 0.915950 0.821221
vt 0.857294 0.763269
vt 0.852394 0.759679
vt 0.846099 0.735580
vt 0.845228 0.730730
vt 0.864091 0.760927
vt 0.867072 0.760343
vt 0.866244 0.763447
vt 0.903053 0.833885
vt 0.882084 0.762374
vt 0.884345 0.765281
vt 0.510560 0.890933
vt 0.507850 0.892839
vt 0.504779 0.890654
vt 0.913119 0.812604
vt 0.816318 0.968205
vt 0.817100 0.967887
vt 0.818107 0.967897
vt 0.247229 0.598698
vt 0.249104 0.599411
vt 0.895357 0.797756
vt 0.852585 0.744377
vt 0.847513 0.746964
vt 0.461449 0.940839
vt 0.460477 0.945024
vt 0.460148 0.942886
vt 0.462381 0.943792
vt 0.238724 0.609252
vt 0.238100 0.611058
vt 0.236483 0.608166
vt 0.850827 0.765709
vt 0.850893 0.767878
vt 0.854730 0.767166
vt 0.248203 0.613372
vt 0.247458 0.618269
vt 0.246372 0.616738
vt 0.907424 0.844938
vt 0.240531 0.610406
vt 0.241023 0.612118
vt 0.240312 0.615801
vt 0.881710 0.810321
vt 0.913141 0.833225
vt 0.878769 0.332264
vt 0.875137 0.332045
vt 0.876799 0.330578
vt 0.865233 0.799728
vt 0.864903 0.795175
vt 0.244568 0.970389
vt 0.247140 0.971112
vt 0.245309 0.973963
vt 0.931321 0.853873
vt 0.931101 0.853956
vt 0.931093 0.853552
vt 0.534611 0.267858
vt 0.535780 0.266554
vt 0.535973 0.268251
vt 0.014124 0.426152
vt 0.015277 0.425416
vt 0.875604 0.795952
vt 0.868232 0.791548
vt 0.510738 0.556590
vt 0.509383 0.561214
vt 0.885572 0.818316
vt 0.886629 0.821316
vt 0.894360 0.749905
vt 0.919683 0.817491
vt 0.915306 0.816220
vt 0.916817 0.812579
vt 0.851574 0.753459
vt 0.865968 0.783967
vt 0.667354 0.350838
vt 0.669501 0.352906
vt 0.667428 0.351824
vt 0.745167 0.529104
vt 0.746376 0.529960
vt 0.744368 0.531289
vt 0.108545 0.902284
vt 0.110747 0.901438
vt 0.110277 0.903445
vt 0.849356 0.759879
vt 0.847008 0.753371
vt 0.868343 0.778600
vt 0.869499 0.779563
vt 0.051187 0.112290
vt 0.049027 0.108740
vt 0.054547 0.107044
vt 0.065490 0.127017
vt 0.062738 0.130900
vt 0.851360 0.749924
vt 0.076996 0.491531
vt 0.080368 0.495293
vt 0.891285 0.741830
vt 0.873439 0.766122
vt 0.879806 0.805051
vt 0.880483 0.802058
vt 0.882165 0.805286
vt 0.492235 0.289622
vt 0.492952 0.291825
vt 0.460203 0.879451
vt 0.456952 0.881693
vt 0.882993 0.312746
vt 0.881726 0.309520
vt 0.883426 0.310673
vt 0.636862 0.286429
vt 0.637820 0.285864
vt 0.044697 0.098453
vt 0.348556 0.868493
vt 0.347484 0.870332
vt 0.342579 0.870084
vt 0.884769 0.759539
vt 0.878834 0.801676
vt 0.877036 0.805284
vt 0.872788 0.726468
vt 0.888590 0.780074
vt 0.886267 0.772069
vt 0.107469 0.190418
vt 0.109280 0.195157
vt 0.108670 0.197333
vt 0.111526 0.835654
vt 0.110006 0.833749
vt 0.111264 0.833714
vt 0.886635 0.781996
vt 0.046252 0.766640
vt 0.046420 0.767929
vt 0.043780 0.768088
vt 0.044719 0.769960
vt 0.889347 0.732467
vt 0.892017 0.737197
vt 0.495673 0.515278
vt 0.496456 0.511689
vt 0.100268 0.728667
vt 0.100352 0.730876
vt 0.099642 0.731792
vt 0.877547 0.749197
vt 0.873353 0.748529
vt 0.543088 0.155735
vt 0.545434 0.155885
vt 0.544154 0.156391
vt 0.890298 0.793990
vt 0.866248 0.736130
vt 0.910551 0.830511
vt 0.881361 0.863099
vt 0.881717 0.861538
vt 0.883364 0.862191
vt 0.802100 0.599884
vt 0.798904 0.601393
vt 0.800731 0.599800
vt 0.277506 0.741250
vt 0.282265 0.742881
vt 0.279569 0.744026
vt 0.093404 0.488142
vt 0.846451 0.724039
vt 0.845416 0.727365
vt 0.842626 0.728619
vt 0.007770 0.827285
vt 0.009567 0.826699
vt 0.006782 0.828231
vt 0.884649 0.747040
vt 0.482276 0.281065
vt 0.931591 0.846293
vt 0.926478 0.847946
vt 0.865016 0.749204
vt 0.861656 0.745523
vt 0.865854 0.744508
vt 0.038651 0.369159
vt 0.037357 0.369686
vt 0.037298 0.368227
vt 0.896249 0.756680
vt 0.197547 0.490690
vt 0.199666 0.494812
vt 0.197668 0.496069
vt 0.878613 0.755349
vt 0.881710 0.750179
vt 0.882949 0.755945
vt 0.866036 0.766539
vt 0.863484 0.767270
vt 0.611418 0.800573
vt 0.610715 0.796949
vt 0.612476 0.796871
vt 0.695319 0.378954
vt 0.872450 0.768143
vt 0.081266 0.174440
vt 0.094873 0.208567
vt 0.097197 0.211287
vt 0.874916 0.721116
vt 0.874885 0.721306
vt 0.874856 0.721153
vt 0.525443 0.411773
vt 0.528345 0.415324
vt 0.910558 0.804261
vt 0.886253 0.742880
vt 0.900844 0.842196
vt 0.897157 0.836914
vt 0.568944 0.910631
vt 0.228677 0.852193
vt 0.229560 0.851500
vt 0.229984 0.853116
vt 0.872357 0.754500
vt 0.871463 0.757462
vt 0.766063 0.026552
vt 0.765652 0.025991
vt 0.767685 0.022902
vt 0.767451 0.023980
vt 0.287221 0.412565
vt 0.287184 0.410893
vt 0.288276 0.411958
vt 0.481659 0.289726
vt 0.482994 0.289179
vt 0.484254 0.290305
vt 0.250212 0.677977
vt 0.251570 0.674509
vt 0.251338 0.677352
vt 0.070634 0.206271
vt 0.098188 0.868609
vt 0.099204 0.867745
vt 0.100222 0.868185
vt 0.057246 0.136519
vt 0.052937 0.135444
vt 0.378731 0.911638
vt 0.379514 0.912545
vt 0.377719 0.913351
vt 0.868229 0.740590
vt 0.079042 0.134186
vt 0.862981 0.770956
vt 0.859569 0.774705
vt 0.130312 0.394703
vt 0.131767 0.394809
vt 0.131096 0.395957
vt 0.902036 0.769284
vt 0.423896 0.293134
vt 0.902097 0.775303
vt 0.905020 0.778942
vt 0.900884 0.778940
vt 0.506255 0.509944
vt 0.508080 0.508644
vt 0.511922 0.510269
vt 0.540943 0.134487
vt 0.540901 0.136979
vt 0.539588 0.135359
vt 0.481042 0.884223
vt 0.472685 0.882144
vt 0.251269 0.628867
vt 0.250380 0.633611
vt 0.247531 0.628725
vt 0.625789 0.183017
vt 0.955700 0.674098
vt 0.956371 0.677186
vt 0.955268 0.677874
vt 0.906957 0.823253
vt 0.936585 0.632463
vt 0.938289 0.634239
vt 0.935595 0.633710
vt 0.842341 0.868443
vt 0.843885 0.868449
vt 0.844631 0.869755
vt 0.239435 0.434777
vt 0.239645 0.432962
vt 0.240562 0.434220
vt 0.059834 0.150235
vt 0.372949 0.460999
vt 0.373366 0.463029
vt 0.372402 0.459963
vt 0.522821 0.171546
vt 0.523195 0.171392
vt 0.522857 0.172894
vt 0.522609 0.172278
vt 0.120047 0.200865
vt 0.119123 0.200705
vt 0.119033 0.199328
vt 0.092524 0.176671
vt 0.086991 0.173742
vt 0.609096 0.214868
vt 0.610372 0.214379
vt 0.611013 0.216285
vt 0.964005 0.236725
vt 0.962848 0.237454
vt 0.962724 0.235940
vt 0.253629 0.628013
vt 0.253616 0.635347
vt 0.257072 0.443857
vt 0.256382 0.445234
vt 0.256144 0.443308
vt 0.863496 0.785464
vt 0.866239 0.789493
vt 0.863772 0.790979
vt 0.043376 0.083809
vt 0.043967 0.090455
vt 0.047230 0.081614
vt 0.478080 0.938108
vt 0.478151 0.939738
vt 0.477782 0.936900
vt 0.412263 0.953725
vt 0.409173 0.955025
vt 0.413679 0.950928
vt 0.487552 0.290518
vt 0.486859 0.285390
vt 0.524012 0.468023
vt 0.524543 0.471244
vt 0.523388 0.469261
vt 0.898558 0.773248
vt 0.177383 0.093521
vt 0.175876 0.093242
vt 0.177715 0.091968
vt 0.098081 0.491181
vt 0.098786 0.489248
vt 0.049962 0.206677
vt 0.048524 0.207922
vt 0.342569 0.109500
vt 0.344083 0.109978
vt 0.344885 0.110943
vt 0.893617 0.831159
vt 0.892868 0.828453
vt 0.895180 0.830623
vt 0.865155 0.336267
vt 0.864111 0.336149
vt 0.864141 0.334883
vt 0.158233 0.890678
vt 0.162107 0.891156
vt 0.158281 0.893690
vt 0.251797 0.617066
vt 0.249295 0.616684
vt 0.080937 0.497896
vt 0.083516 0.497328
vt 0.874544 0.731374
vt 0.868813 0.752413
vt 0.868692 0.757812
vt 0.864838 0.738338
vt 0.866909 0.741870
vt 0.752301 0.523973
vt 0.750997 0.527122
vt 0.750530 0.525490
vt 0.071821 0.177129
vt 0.258734 0.299510
vt 0.257689 0.298998
vt 0.259201 0.298619
vt 0.882951 0.314183
vt 0.094477 0.190854
vt 0.058083 0.132400
vt 0.928479 0.838774
vt 0.928796 0.843556
vt 0.716214 0.258708
vt 0.715219 0.259723
vt 0.714153 0.258275
vt 0.054325 0.128993
vt 0.919448 0.822468
vt 0.923401 0.828047
vt 0.389561 0.698025
vt 0.390930 0.697968
vt 0.389694 0.699845
vt 0.870635 0.764580
vt 0.868166 0.769664
vt 0.038259 0.084189
vt 0.056482 0.157067
vt 0.053209 0.156296
vt 0.422362 0.991292
vt 0.426554 0.990587
vt 0.425244 0.992695
vt 0.054624 0.108393
vt 0.541896 0.903296
vt 0.537013 0.898695
vt 0.840386 0.725717
vt 0.842160 0.725257
vt 0.634875 0.278091
vt 0.909745 0.827108
vt 0.462426 0.735777
vt 0.462230 0.733062
vt 0.462518 0.732655
vt 0.462868 0.736081
vt 0.893898 0.793535
vt 0.837437 0.729537
vt 0.838861 0.732618
vt 0.865506 0.721806
vt 0.840586 0.738100
vt 0.884033 0.815662
vt 0.884992 0.815514
vt 0.897759 0.417919
vt 0.899550 0.419557
vt 0.896301 0.419431
vt 0.559502 0.910944
vt 0.072669 0.815999
vt 0.071589 0.814523
vt 0.072752 0.813279
vt 0.888870 0.747476
vt 0.665809 0.763228
vt 0.665849 0.762113
vt 0.053944 0.104680
vt 0.079205 0.226324
vt 0.331730 0.884268
vt 0.328848 0.883913
vt 0.326959 0.882210
vt 0.635785 0.275703
vt 0.638159 0.280032
vt 0.876273 0.817230
vt 0.876539 0.820638
vt 0.862726 0.751944
vt 0.246723 0.676587
vt 0.247636 0.677469
vt 0.902877 0.849558
vt 0.901309 0.848908
vt 0.512400 0.707191
vt 0.510785 0.710519
vt 0.509685 0.710036
vt 0.873157 0.810318
vt 0.875156 0.806571
vt 0.555264 0.337479
vt 0.554291 0.340465
vt 0.550232 0.337976
vt 0.550637 0.339914
vt 0.890749 0.751494
vt 0.057299 0.093976
vt 0.003812 0.848662
vt 0.000925 0.846385
vt 0.002408 0.845964
vt 0.097209 0.202929
vt 0.862681 0.721360
vt 0.864422 0.721600
vt 0.075542 0.135925
vt 0.372696 0.441640
vt 0.555207 0.350154
vt 0.556805 0.352622
vt 0.558606 0.351336
vt 0.429515 0.991281
vt 0.429381 0.989233
vt 0.431316 0.989595
vt 0.084130 0.184447
vt 0.058011 0.169471
vt 0.246984 0.180197
vt 0.244509 0.180032
vt 0.245745 0.179942
vt 0.565252 0.906785
vt 0.878675 0.775828
vt 0.162316 0.151148
vt 0.163293 0.149768
vt 0.163950 0.151358
vt 0.855846 0.426102
vt 0.855284 0.427178
vt 0.854327 0.425526
vt 0.827865 0.874247
vt 0.826618 0.875918
vt 0.825651 0.874675
vt 0.949395 0.566847
vt 0.948324 0.565070
vt 0.949478 0.565371
vt 0.042513 0.224819
vt 0.041131 0.225424
vt 0.040446 0.224080
vt 0.311672 0.905382
vt 0.869280 0.807113
vt 0.729060 0.197682
vt 0.518824 0.895951
vt 0.516772 0.893276
vt 0.522368 0.895087
vt 0.895507 0.969362
vt 0.895382 0.971113
vt 0.893960 0.971147
vt 0.528771 0.420695
vt 0.529681 0.417519
vt 0.212063 0.911027
vt 0.207784 0.912680
vt 0.207193 0.911962
vt 0.089713 0.208919
vt 0.837003 0.725186
vt 0.531572 0.899366
vt 0.528247 0.898414
vt 0.528836 0.895785
vt 0.906740 0.784369
vt 0.652722 0.171967
vt 0.651805 0.171778
vt 0.653184 0.170209
vt 0.876312 0.792311
vt 0.910269 0.685225
vt 0.911349 0.683733
vt 0.912209 0.683159
vt 0.210228 0.837969
vt 0.209720 0.837987
vt 0.210092 0.837718
vt 0.885630 0.723726
vt 0.241931 0.624836
vt 0.242654 0.627661
vt 0.087500 0.489268
vt 0.528685 0.409324
vt 0.529315 0.411264
vt 0.300214 0.244207
vt 0.304382 0.243817
vt 0.302303 0.244157
vt 0.100091 0.869386
vt 0.098474 0.871163
vt 0.098381 0.870338
vt 0.039136 0.954907
vt 0.039450 0.955074
vt 0.039015 0.955189
vt 0.432343 0.256957
vt 0.432792 0.255624
vt 0.432936 0.255740
vt 0.831932 0.431207
vt 0.832373 0.429019
vt 0.832216 0.432646
vt 0.038224 0.082607
vt 0.037243 0.083322
vt 0.676743 0.187894
vt 0.078726 0.201113
vt 0.074834 0.213574
vt 0.115245 0.221177
vt 0.114586 0.221981
vt 0.775419 0.674842
vt 0.775261 0.677570
vt 0.775056 0.679536
vt 0.373787 0.449329
vt 0.943749 0.413179
vt 0.941066 0.413835
vt 0.943050 0.412447
vt 0.194980 0.870840
vt 0.197907 0.872042
vt 0.196248 0.871864
vt 0.420924 0.929258
vt 0.419989 0.931404
vt 0.419693 0.929046
vt 0.102933 0.292585
vt 0.101261 0.292442
vt 0.101971 0.291370
vt 0.842068 0.744665
vt 0.783431 0.188974
vt 0.784021 0.189425
vt 0.782931 0.190046
vt 0.782875 0.189300
vt 0.090623 0.164157
vt 0.436411 0.894282
vt 0.433783 0.896753
vt 0.433206 0.895510
vt 0.061131 0.664194
vt 0.060740 0.663350
vt 0.061803 0.664393
vt 0.914299 0.053314
vt 0.913002 0.053148
vt 0.914130 0.052050
vt 0.759733 0.187378
vt 0.583337 0.270087
vt 0.585402 0.269538
vt 0.584665 0.270729
vt 0.585731 0.271390
vt 0.782216 0.021725
vt 0.779856 0.021340
vt 0.780200 0.020167
vt 0.980363 0.684895
vt 0.979791 0.686473
vt 0.979588 0.686037
vt 0.372685 0.455992
vt 0.199149 0.725662
vt 0.198317 0.727057
vt 0.465912 0.553316
vt 0.469890 0.546575
vt 0.860657 0.734587
vt 0.528951 0.483703
vt 0.527853 0.481502
vt 0.529396 0.481157
vt 0.638781 0.275272
vt 0.637876 0.276350
vt 0.806679 0.518935
vt 0.806349 0.520183
vt 0.805684 0.516548
vt 0.524696 0.439314
vt 0.523782 0.442759
vt 0.371306 0.451942
vt 0.371364 0.448527
vt 0.874824 0.787913
vt 0.092886 0.985405
vt 0.090995 0.983875
vt 0.093723 0.984504
vt 0.374832 0.432582
vt 0.374766 0.434758
vt 0.872058 0.262977
vt 0.870298 0.262623
vt 0.870724 0.261482
vt 0.108455 0.201413
vt 0.583708 0.932793
vt 0.589556 0.933228
vt 0.584952 0.933879
vt 0.868022 0.774937
vt 0.866222 0.775492
vt 0.521207 0.654092
vt 0.523383 0.654371
vt 0.522374 0.655737
vt 0.093217 0.209609
vt 0.196070 0.488454
vt 0.195256 0.489742
vt 0.332508 0.185104
vt 0.333734 0.184399
vt 0.334418 0.185696
vt 0.923639 0.848557
vt 0.919985 0.846743
vt 0.857638 0.441487
vt 0.856671 0.441789
vt 0.855632 0.437821
vt 0.101887 0.187070
vt 0.101325 0.185101
vt 0.104051 0.186054
vt 0.898897 0.877749
vt 0.898253 0.876453
vt 0.899854 0.877742
vt 0.077608 0.496435
vt 0.076920 0.499361
vt 0.930422 0.854232
vt 0.926330 0.852764
vt 0.247722 0.595255
vt 0.964522 0.473366
vt 0.850493 0.566326
vt 0.964292 0.477577
vt 0.963541 0.475849
vt 0.143987 0.092887
vt 0.143534 0.094545
vt 0.142767 0.093317
vt 0.768248 0.023397
vt 0.770650 0.023176
vt 0.987760 0.665816
vt 0.988886 0.665513
vt 0.988125 0.667465
vt 0.079850 0.178002
vt 0.870028 0.776925
vt 0.870746 0.774360
vt 0.872573 0.778089
vt 0.551989 0.336387
vt 0.233541 0.841047
vt 0.237563 0.838446
vt 0.237450 0.841103
vt 0.419941 0.298853
vt 0.419914 0.295643
vt 0.421615 0.295175
vt 0.022747 0.647212
vt 0.025917 0.649582
vt 0.021986 0.648231
vt 0.442060 0.892345
vt 0.440773 0.893018
vt 0.568784 0.683890
vt 0.569684 0.681943
vt 0.571696 0.680019
vt 0.426031 0.280323
vt 0.426570 0.279241
vt 0.426636 0.280659
vt 0.854949 0.722764
vt 0.855060 0.722728
vt 0.857264 0.723703
vt 0.523471 0.431568
vt 0.416914 0.290512
vt 0.417774 0.291318
vt 0.416981 0.291904
vt 0.514352 0.966619
vt 0.394770 0.050084
vt 0.393608 0.050808
vt 0.394194 0.049113
vt 0.888139 0.769759
vt 0.798143 0.136578
vt 0.796326 0.136876
vt 0.797232 0.135930
vt 0.131262 0.897029
vt 0.132345 0.895638
vt 0.134066 0.897681
vt 0.048127 0.078053
vt 0.045118 0.079265
vt 0.199722 0.499636
vt 0.197006 0.503941
vt 0.785130 0.023100
vt 0.786250 0.023145
vt 0.786819 0.023917
vt 0.167978 0.844286
vt 0.167670 0.842246
vt 0.170962 0.843404
vt 0.984750 0.686223
vt 0.985121 0.687881
vt 0.982834 0.688178
vt 0.738127 0.676285
vt 0.738636 0.673451
vt 0.739869 0.674559
vt 0.529005 0.412952
vt 0.669406 0.770412
vt 0.669848 0.772607
vt 0.668040 0.772747
vt 0.634864 0.542985
vt 0.635789 0.540464
vt 0.635937 0.543489
vt 0.524885 0.482275
vt 0.526916 0.484696
vt 0.173599 0.882599
vt 0.173713 0.881178
vt 0.175569 0.882285
vt 0.425781 0.930688
vt 0.424759 0.932379
vt 0.422626 0.930170
vt 0.492753 0.512354
vt 0.099812 0.391976
vt 0.099027 0.393149
vt 0.098583 0.391485
vt 0.577455 0.099400
vt 0.577255 0.100957
vt 0.575143 0.100447
vt 0.638026 0.539842
vt 0.638793 0.543846
vt 0.637655 0.546268
vt 0.851910 0.999139
vt 0.850519 0.998834
vt 0.850357 0.997188
vt 0.911362 0.807040
vt 0.914540 0.808607
vt 0.927290 0.557873
vt 0.927498 0.559228
vt 0.926169 0.559723
vt 0.926090 0.557735
vt 0.555331 0.498668
vt 0.552827 0.501567
vt 0.554351 0.497003
vt 0.420482 0.279518
vt 0.420995 0.281386
vt 0.863152 0.735048
vt 0.557154 0.500891
vt 0.556403 0.503365
vt 0.554745 0.502266
vt 0.075667 0.125581
vt 0.094825 0.187274
vt 0.848503 0.734666
vt 0.088526 0.218136
vt 0.357416 0.361421
vt 0.889747 0.743546
vt 0.138158 0.963917
vt 0.139159 0.961556
vt 0.141031 0.963293
vt 0.674024 0.102788
vt 0.674447 0.103190
vt 0.672506 0.103484
vt 0.673463 0.102641
vt 0.815128 0.690688
vt 0.813909 0.691201
vt 0.813783 0.688735
vt 0.669476 0.762078
vt 0.670491 0.762643
vt 0.670921 0.765145
vt 0.078395 0.194552
vt 0.004541 0.846934
vt 0.750943 0.814047
vt 0.752591 0.814370
vt 0.752002 0.816705
vt 0.458770 0.944926
vt 0.773232 0.022743
vt 0.774469 0.020702
vt 0.775112 0.022390
vt 0.099990 0.199718
vt 0.522599 0.898824
vt 0.524937 0.897592
vt 0.746586 0.874393
vt 0.747168 0.872573
vt 0.747761 0.874116
vt 0.177679 0.710334
vt 0.178978 0.712046
vt 0.481204 0.936587
vt 0.481211 0.938638
vt 0.670196 0.355717
vt 0.667928 0.356698
vt 0.667740 0.354287
vt 0.965622 0.417117
vt 0.965693 0.415842
vt 0.966824 0.416623
vt 0.823836 0.204125
vt 0.822360 0.203716
vt 0.823255 0.202755
vt 0.206117 0.861919
vt 0.204740 0.859626
vt 0.207774 0.860566
vt 0.362997 0.014603
vt 0.362953 0.012625
vt 0.363724 0.013893
vt 0.487652 0.886123
vt 0.272352 0.099372
vt 0.273845 0.100466
vt 0.271497 0.100391
vt 0.064164 0.081722
vt 0.551306 0.598382
vt 0.549450 0.597802
vt 0.551399 0.597816
vt 0.845955 0.754351
vt 0.846627 0.755178
vt 0.008501 0.826034
vt 0.009024 0.825044
vt 0.891437 0.826052
vt 0.890144 0.820845
vt 0.211094 0.910207
vt 0.881914 0.766392
vt 0.969721 0.401352
vt 0.970282 0.402991
vt 0.968825 0.403924
vt 0.054246 0.100466
vt 0.382474 0.866675
vt 0.382263 0.867995
vt 0.379936 0.867251
vt 0.585753 0.066361
vt 0.585703 0.066394
vt 0.585704 0.066370
vt 0.841269 0.731430
vt 0.335401 0.295967
vt 0.336954 0.295837
vt 0.336184 0.296686
vt 0.193796 0.737338
vt 0.192120 0.736012
vt 0.193329 0.734214
vt 0.494976 0.091768
vt 0.494256 0.090389
vt 0.495564 0.090739
vt 0.376640 0.448460
vt 0.880596 0.791646
vt 0.870352 0.811245
vt 0.880753 0.767684
vt 0.881330 0.771554
vt 0.195520 0.848414
vt 0.196916 0.851822
vt 0.194489 0.849264
vt 0.560935 0.908379
vt 0.657088 0.476477
vt 0.655707 0.478708
vt 0.655023 0.475483
vt 0.380035 0.870899
vt 0.379951 0.869950
vt 0.647124 0.351274
vt 0.647047 0.355395
vt 0.645481 0.354411
vt 0.645709 0.351707
vt 0.145506 0.957701
vt 0.141471 0.959007
vt 0.143233 0.956579
vt 0.924286 0.976885
vt 0.922211 0.977068
vt 0.922580 0.974951
vt 0.564557 0.064236
vt 0.565252 0.063105
vt 0.566533 0.064068
vt 0.879376 0.741550
vt 0.901079 0.790900
vt 0.296814 0.893269
vt 0.298610 0.891358
vt 0.301690 0.893471
vt 0.126290 0.874388
vt 0.128800 0.873313
vt 0.128557 0.875218
vt 0.254550 0.270538
vt 0.254326 0.268742
vt 0.255413 0.271478
vt 0.502764 0.892603
vt 0.904226 0.786702
vt 0.568450 0.679732
vt 0.926967 0.649016
vt 0.925344 0.648454
vt 0.925327 0.647551
vt 0.673544 0.110485
vt 0.676691 0.110039
vt 0.674709 0.110990
vt 0.113248 0.208730
vt 0.493662 0.287986
vt 0.609314 0.867599
vt 0.608129 0.866372
vt 0.611815 0.866621
vt 0.958606 0.100405
vt 0.958623 0.098964
vt 0.959485 0.101040
vt 0.850314 0.764130
vt 0.849493 0.761633
vt 0.451099 0.966601
vt 0.553562 0.907867
vt 0.637285 0.551877
vt 0.636555 0.547009
vt 0.743066 0.943898
vt 0.742312 0.944838
vt 0.741055 0.943852
vt 0.375075 0.915684
vt 0.372509 0.915066
vt 0.062169 0.115663
vt 0.525915 0.415864
vt 0.898978 0.717858
vt 0.900323 0.718454
vt 0.899805 0.720266
vt 0.070502 0.412702
vt 0.930441 0.827624
vt 0.930078 0.828598
vt 0.930016 0.826220
vt 0.931406 0.828165
vt 0.823330 0.043204
vt 0.822224 0.042850
vt 0.822236 0.041540
vt 0.513956 0.813701
vt 0.514477 0.810223
vt 0.515710 0.811245
vt 0.868355 0.749252
vt 0.971075 0.680221
vt 0.969788 0.681723
vt 0.970238 0.678969
vt 0.907523 0.759968
vt 0.987666 0.798892
vt 0.987659 0.798802
vt 0.814424 0.925849
vt 0.815460 0.927356
vt 0.813274 0.926181
vt 0.781858 0.800161
vt 0.784412 0.800948
vt 0.782422 0.801318
vt 0.083298 0.494019
vt 0.055332 0.097854
vt 0.058210 0.096172
vt 0.057127 0.097231
vt 0.848855 0.764585
vt 0.850261 0.765850
vt 0.848797 0.764704
vt 0.845561 0.751896
vt 0.845013 0.752836
vt 0.844808 0.752415
vt 0.689189 0.360282
vt 0.687048 0.359961
vt 0.688990 0.359897
vt 0.848798 0.764616
vt 0.059322 0.095647
vt 0.848638 0.762175
vt 0.848545 0.762163
vt 0.848265 0.760378
vt 0.522192 0.173998
vt 0.521961 0.173199
vt 0.522208 0.172442
vt 0.599115 0.071519
vt 0.599209 0.071262
vt 0.600603 0.070293
vt 0.600914 0.070223
vt 0.248930 0.661890
vt 0.248058 0.658907
vt 0.249259 0.661188
vt 0.040199 0.955616
vt 0.040427 0.955427
vt 0.040601 0.955497
vt 0.795892 0.957072
vt 0.795503 0.957880
vt 0.795282 0.957391
vt 0.795446 0.956843
vt 0.000000 0.000000
vt 0.000000 0.000000
vt 0.000000 0.000000
vt 0.000000 0.000000
vt 0.000000 0.000000
vt 0.000000 0.000000
vt 0.000000 0.000000
vt 0.000000 0.000000
vt 0.000000 0.000000
vt 0.000000 0.000000
vt 0.000000 0.000000
vt 0.000000 0.000000
vt 0.000000 0.000000
vt 0.000000 0.000000
vt 0.000000 0.000000
vt 0.000000 0.000000
vt 0.000000 0.000000
vt 0.000000 0.000000
vt 0.000000 0.000000
vt 0.000000 0.000000
vt 0.000000 0.000000
vt 0.000000 0.000000
vt 0.000000 0.000000
vt 0.000000 0.000000
vt 0.000000 0.000000
vt 0.000000 0.000000
vt 0.000000 0.000000
vt 0.000000 0.000000
vt 0.000000 0.000000
vt 0.000000 0.000000
vt 0.000000 0.000000
vt 0.000000 0.000000
vt 0.000000 0.000000
vt 0.000000 0.000000
vt 0.000000 0.000000
vt 0.000000 0.000000
vt 0.000000 0.000000
vt 0.850414 0.860998
vt 0.849171 0.858923
vt 0.750941 0.206363
vt 0.979363 0.996499
vt 0.978007 0.998037
vt 0.292481 0.114315
vt 0.292038 0.115155
vt 0.952890 0.605308
vt 0.952243 0.602257
vt 0.880517 0.717937
vt 0.882034 0.716235
vt 0.518740 0.968950
vt 0.517555 0.967877
vt 0.704593 0.191190
vt 0.166099 0.442966
vt 0.167357 0.443563
vt 0.617252 0.183626
vt 0.243087 0.139820
vt 0.241935 0.139223
vt 0.715584 0.194276
vt 0.455909 0.878203
vt 0.448942 0.875844
vt 0.043056 0.117128
vt 0.490901 0.888383
vt 0.492624 0.888137
vt 0.763115 0.549315
vt 0.766200 0.548127
vt 0.010599 0.137593
vt 0.010827 0.137727
vt 0.010399 0.137825
vt 0.088994 0.228294
vt 0.910630 0.864759
vt 0.910156 0.865069
vt 0.076773 0.440800
vt 0.077087 0.439858
vt 0.077592 0.439550
vt 0.078487 0.440193
vt 0.111430 0.221901
vt 0.041533 0.942490
vt 0.042579 0.941264
vt 0.043381 0.940414
vt 0.045098 0.939465
vt 0.284473 0.673576
vt 0.281781 0.673085
vt 0.281933 0.672800
vt 0.285035 0.671427
vt 0.190161 0.471108
vt 0.191001 0.471391
vt 0.189790 0.471772
vt 0.209076 0.971275
vt 0.208446 0.973108
vt 0.205576 0.973455
vt 0.205906 0.973106
vt 0.082408 0.230227
vt 0.115926 0.220636
vt 0.092226 0.227149
vt 0.090087 0.227882
vt 0.917993 0.860702
vt 0.917404 0.861272
vt 0.080720 0.230812
vt 0.749002 0.205531
vt 0.752237 0.206367
vt 0.753235 0.206938
vt 0.572655 0.914429
vt 0.573654 0.911810
vt 0.573718 0.911823
vt 0.572784 0.914437
vt 0.088953 0.228157
vt 0.909657 0.863685
vt 0.911025 0.863572
vt 0.076773 0.440800
vt 0.078487 0.440193
vt 0.077609 0.439562
vt 0.077077 0.439888
vt 0.115239 0.219540
vt 0.284473 0.673576
vt 0.285035 0.671427
vt 0.283158 0.672258
vt 0.282687 0.673250
vt 0.190161 0.471108
vt 0.189806 0.471743
vt 0.190958 0.471377
vt 0.209076 0.971275
vt 0.206069 0.973011
vt 0.205618 0.973450
vt 0.208446 0.973108
vt 0.082370 0.230181
vt 0.109601 0.220982
vt 0.090103 0.227710
vt 0.092167 0.226981
vt 0.918005 0.860777
vt 0.917233 0.861188
vt 0.412263 0.953725
vt 0.413679 0.950928
vt 0.409584 0.954651
vt 0.409811 0.954756
vt 0.080714 0.230792
vt 0.753231 0.206936
vt 0.752237 0.206367
vt 0.926330 0.852764
vt 0.923390 0.857174
vt 0.109549 0.220976
vt 0.109573 0.220999
vt 0.344885 0.110943
vt 0.344095 0.109992
vt 0.342373 0.109378
vt 0.572655 0.914429
vt 0.572703 0.914432
vt 0.258730 0.299503
vt 0.037206 0.083358
vt 0.885213 0.720527
vt 0.882589 0.715931
vt 0.049718 0.077544
vt 0.052367 0.076943
vt 0.040429 0.080174
vt 0.043758 0.079623
vt 0.857259 0.721956
vt 0.767026 0.746869
vt 0.766114 0.746465
vt 0.766527 0.746133
vt 0.820839 0.733947
vt 0.869689 0.720399
vt 0.037324 0.373671
vt 0.037676 0.371573
vt 0.037692 0.371604
vt 0.037812 0.373317
vt 0.854766 0.722805
vt 0.854873 0.722787
vt 0.521370 0.429781
vt 0.521538 0.429050
vt 0.407158 0.627114
vt 0.845724 0.723978
vt 0.846894 0.723699
vt 0.662419 0.754710
vt 0.666503 0.752331
vt 0.666725 0.754103
vt 0.806500 0.566296
vt 0.806255 0.568274
vt 0.805522 0.565221
vt 0.805574 0.565210
vt 0.835856 0.727623
vt 0.835743 0.726326
vt 0.837355 0.726602
vt 0.979368 0.650029
vt 0.978881 0.652164
vt 0.978464 0.651597
vt 0.979174 0.650158
vt 0.880006 0.717942
vt 0.052323 0.077095
vt 0.049750 0.077639
vt 0.662419 0.754710
vt 0.666977 0.754068
vt 0.667096 0.753880
vt 0.666326 0.752435
vt 0.043751 0.079694
vt 0.040455 0.080208
vt 0.857255 0.720921
vt 0.767026 0.746869
vt 0.767041 0.746833
vt 0.766488 0.746165
vt 0.766114 0.746465
vt 0.869735 0.720464
vt 0.037324 0.373671
vt 0.037815 0.373315
vt 0.037688 0.371596
vt 0.037676 0.371573
vt 0.100778 0.710155
vt 0.100822 0.710203
vt 0.152767 0.696152
vt 0.853915 0.724010
vt 0.852712 0.724137
vt 0.523292 0.430978
vt 0.521638 0.428616
vt 0.521370 0.429781
vt 0.844663 0.723890
vt 0.842159 0.725250
vt 0.847447 0.723274
vt 0.840202 0.725479
vt 0.840393 0.725280
vt 0.161755 0.675674
vt 0.161733 0.675899
vt 0.161859 0.675724
vt 0.837477 0.726674
vt 0.835748 0.726389
vt 0.835856 0.727623
vt 0.979368 0.650029
vt 0.979179 0.650155
vt 0.978462 0.651593
vt 0.978881 0.652164
vt 0.880020 0.717959
vt 0.259201 0.298619
vt 0.257689 0.298998
vn 0.8591 -0.0798 0.5056
vn 0.8743 -0.0573 0.4819
vn 0.8608 -0.0511 0.5063
vn 0.9814 -0.0511 -0.1849
vn 0.9769 -0.0852 -0.1961
vn 0.9743 -0.0510 -0.2194
vn 0.6527 -0.0228 0.7573
vn 0.6338 -0.0875 0.7686
vn 0.6617 -0.0926 0.7440
vn 0.9385 -0.0378 0.3433
vn 0.9188 -0.0651 0.3894
vn 0.9424 -0.0551 0.3300
vn 0.6421 -0.1229 -0.7567
vn 0.6532 -0.0998 -0.7506
vn 0.6599 -0.1139 -0.7426
vn 0.6704 0.1329 -0.7300
vn 0.6816 0.1214 -0.7216
vn 0.6705 0.1147 -0.7330
vn 0.9739 -0.0058 0.2269
vn 0.9725 -0.0236 0.2318
vn 0.9773 -0.0314 0.2094
vn 0.6495 -0.0022 -0.7603
vn 0.6647 -0.0018 -0.7471
vn 0.6665 -0.0227 -0.7452
vn 0.9573 0.0212 0.2884
vn 0.9480 0.0402 0.3156
vn 0.9491 0.0001 0.3150
vn 0.9910 -0.1327 -0.0175
vn 0.9943 -0.1024 -0.0310
vn 0.9948 -0.1018 -0.0032
vn 0.9942 0.0347 -0.1021
vn 0.9915 -0.0132 -0.1295
vn 0.9908 0.0367 -0.1303
vn 0.2908 0.0461 -0.9557
vn 0.3439 0.0262 -0.9386
vn 0.3406 0.0079 -0.9402
vn 0.8329 0.2639 0.4864
vn 0.8206 0.2744 0.5013
vn 0.8287 0.2566 0.4974
vn 0.8705 0.1244 -0.4761
vn 0.8630 0.1222 -0.4901
vn 0.8645 0.1335 -0.4846
vn 0.9183 -0.1117 -0.3799
vn 0.9176 -0.1332 -0.3745
vn 0.9096 -0.1270 -0.3956
vn 0.6620 0.1643 -0.7313
vn 0.7011 0.1648 -0.6938
vn 0.7030 0.1520 -0.6947
vn 0.9209 -0.0763 0.3822
vn 0.9255 -0.0785 0.3706
vn 0.9247 -0.0671 0.3748
vn 0.9663 -0.0081 0.2574
vn 0.9686 -0.0233 0.2475
vn 0.9690 -0.0022 0.2469
vn 0.8406 0.2110 -0.4989
vn 0.8348 0.1850 -0.5186
vn 0.8199 0.2136 -0.5312
vn 0.9720 -0.1646 0.1674
vn 0.9742 -0.1713 0.1468
vn 0.9774 -0.1507 0.1486
vn 0.7975 -0.1390 0.5870
vn 0.8040 -0.1733 0.5688
vn 0.8159 -0.1361 0.5619
vn 0.5382 0.0298 -0.8423
vn 0.5466 0.0355 -0.8367
vn 0.5462 0.0177 -0.8374
vn 0.5348 0.0188 -0.8448
vn 0.5556 0.0384 -0.8306
vn 0.5705 0.0428 -0.8202
vn 0.5683 0.0249 -0.8224
vn 0.8062 0.0970 0.5836
vn 0.7945 0.1099 0.5972
vn 0.7911 0.0936 0.6044
vn 0.6392 -0.0204 0.7688
vn 0.6193 -0.0153 0.7850
vn 0.6284 -0.0361 0.7770
vn 0.9161 0.3058 -0.2594
vn 0.9236 0.2741 -0.2680
vn 0.9163 0.2859 -0.2804
vn 0.9931 0.0324 -0.1127
vn 0.9908 0.0024 -0.1351
vn 0.9900 0.0355 -0.1363
vn 0.9021 -0.0427 0.4293
vn 0.9090 -0.0122 0.4166
vn 0.8993 -0.0257 0.4366
vn 0.8300 -0.2145 0.5149
vn 0.8242 -0.1798 0.5370
vn 0.8119 -0.2333 0.5351
vn 0.9797 0.1494 -0.1336
vn 0.9794 0.1051 -0.1722
vn 0.9705 0.1474 -0.1906
vn 0.9482 -0.2879 0.1345
vn 0.9563 -0.2616 0.1306
vn 0.9520 -0.2617 0.1584
vn 0.9524 -0.0320 0.3031
vn 0.9591 -0.0303 0.2815
vn 0.9559 -0.0148 0.2934
vn 0.9632 -0.0177 -0.2681
vn 0.9580 -0.0324 -0.2849
vn 0.9568 -0.0113 -0.2905
vn 0.7263 0.0957 0.6807
vn 0.7352 0.1107 0.6688
vn 0.7301 0.1177 0.6732
vn 0.7189 0.1175 0.6851
vn 0.7171 0.1115 0.6880
vn 0.7450 0.0705 0.6634
vn 0.7513 0.0890 0.6539
vn 0.8381 0.0878 -0.5384
vn 0.8433 0.0787 -0.5316
vn 0.8325 0.0687 -0.5497
vn 0.9746 0.1785 -0.1349
vn 0.9753 0.1549 -0.1576
vn 0.9691 0.1832 -0.1650
vn 0.7505 0.1191 0.6500
vn 0.4811 -0.0960 0.8714
vn 0.6594 -0.1930 0.7266
vn 0.6223 0.0114 0.7827
vn 0.6408 0.0065 0.7677
vn 0.6491 0.0376 0.7598
vn 0.7117 -0.0337 0.7017
vn 0.7211 -0.0148 0.6927
vn 0.7078 -0.0182 0.7062
vn 0.6749 -0.0162 0.7377
vn 0.6898 -0.0355 0.7232
vn 0.6934 0.0241 0.7201
vn 0.8998 -0.0889 0.4271
vn 0.9073 -0.0944 0.4097
vn 0.9068 -0.0658 0.4164
vn 0.9064 0.1912 -0.3767
vn 0.9040 0.2099 -0.3725
vn 0.9101 0.1970 -0.3646
vn 0.5122 -0.0452 -0.8576
vn 0.5077 -0.0588 -0.8595
vn 0.4990 -0.0465 -0.8654
vn 0.8116 0.1400 -0.5673
vn 0.8242 0.1219 -0.5530
vn 0.8067 0.1009 -0.5823
vn 0.7131 0.1372 -0.6876
vn 0.6968 0.1186 -0.7074
vn 0.6994 0.1493 -0.6989
vn 0.9349 0.0082 0.3548
vn 0.9503 -0.0293 0.3098
vn 0.9548 0.0055 0.2972
vn 0.9330 -0.2614 0.2473
vn 0.9423 -0.2510 0.2214
vn 0.9449 -0.2352 0.2278
vn 0.9968 0.0499 0.0631
vn 0.9952 0.0619 0.0763
vn 0.9954 0.0422 0.0864
vn 0.5473 -0.1075 0.8300
vn 0.5507 -0.0814 0.8307
vn 0.5366 -0.0891 0.8391
vn 0.8290 0.0765 0.5539
vn 0.7806 0.0764 0.6203
vn 0.7839 -0.0068 0.6208
vn 0.6332 -0.0166 0.7738
vn 0.6164 -0.0351 0.7866
vn 0.6349 -0.0371 0.7717
vn 0.4887 0.0928 -0.8675
vn 0.4711 0.0932 -0.8771
vn 0.4851 0.1151 -0.8669
vn 0.9787 0.2013 0.0389
vn 0.9829 0.1820 0.0282
vn 0.9812 0.1926 -0.0108
vn 0.4912 0.0120 0.8710
vn 0.4988 0.0352 0.8660
vn 0.4793 0.0543 0.8760
vn 0.6528 0.3959 0.6458
vn 0.6743 0.3941 0.6245
vn 0.6530 0.4209 0.6297
vn 0.9731 -0.1389 0.1839
vn 0.9710 -0.1339 0.1979
vn 0.9681 -0.1570 0.1952
vn 0.9881 -0.0121 0.1534
vn 0.9856 -0.0359 0.1652
vn 0.9889 -0.0313 0.1451
vn 0.9981 0.0497 0.0353
vn 0.9984 0.0530 0.0205
vn 0.9976 0.0599 0.0344
vn 0.3613 -0.0530 0.9309
vn 0.3645 -0.0719 0.9284
vn 0.3865 -0.0489 0.9210
vn 0.5742 0.0191 0.8185
vn 0.5926 0.0027 0.8055
vn 0.6009 0.0341 0.7986
vn 0.5995 0.0324 0.7997
vn 0.5888 0.0224 0.8080
vn 0.6041 0.0114 0.7968
vn 0.5492 0.0640 -0.8332
vn 0.5561 0.0848 -0.8268
vn 0.5715 0.0635 -0.8181
vn 0.6189 -0.0760 0.7818
vn 0.6005 -0.0629 0.7972
vn 0.5959 -0.0939 0.7975
vn 0.9952 0.0717 -0.0661
vn 0.9971 0.0489 -0.0585
vn 0.9947 0.0666 -0.0789
vn 0.9224 -0.1054 -0.3717
vn 0.9201 -0.0829 -0.3828
vn 0.9255 -0.0780 -0.3707
vn 0.9272 -0.0891 -0.3639
vn 0.7484 -0.0149 -0.6631
vn 0.7348 0.0041 -0.6783
vn 0.7433 0.0152 -0.6688
vn 0.6511 -0.0717 -0.7556
vn 0.6642 -0.0675 -0.7445
vn 0.6549 -0.0825 -0.7512
vn 0.9061 -0.0697 0.4174
vn 0.8574 -0.0136 0.5145
vn 0.8607 -0.0767 0.5032
vn 0.9825 0.0658 0.1740
vn 0.9723 0.0545 0.2275
vn 0.9729 0.0322 0.2289
vn 0.7828 -0.0882 0.6160
vn 0.7841 -0.1064 0.6114
vn 0.7903 -0.0980 0.6048
vn 0.7178 0.1164 -0.6864
vn 0.7026 0.1101 -0.7030
vn 0.7013 0.1280 -0.7013
vn 0.8482 0.0387 -0.5282
vn 0.8463 0.0678 -0.5283
vn 0.8564 0.0470 -0.5142
vn 0.9641 0.1698 -0.2041
vn 0.9621 0.1574 -0.2227
vn 0.9593 0.1736 -0.2229
vn 0.7540 0.0715 -0.6530
vn 0.7595 0.1003 -0.6427
vn 0.7709 0.0659 -0.6336
vn 0.7596 -0.0402 0.6491
vn 0.7684 -0.0474 0.6383
vn 0.7674 -0.0263 0.6406
vn 0.6478 0.0586 -0.7596
vn 0.6462 0.0921 -0.7576
vn 0.6560 0.0747 -0.7511
vn 0.6320 0.0471 -0.7735
vn 0.6180 0.0581 -0.7840
vn 0.6393 0.0602 -0.7666
vn 0.8555 0.0368 0.5165
vn 0.7567 -0.0574 0.6512
vn 0.7608 -0.1166 0.6384
vn 0.5920 0.0309 -0.8053
vn 0.6047 0.0182 -0.7962
vn 0.5902 0.0191 -0.8070
vn 0.8474 -0.0213 0.5306
vn 0.8345 -0.0396 0.5496
vn 0.8540 -0.0585 0.5170
vn 0.9622 -0.1174 0.2457
vn 0.9574 -0.0594 0.2826
vn 0.9517 -0.0660 0.3000
vn 0.8423 0.0318 -0.5380
vn 0.8472 0.0138 -0.5311
vn 0.8382 0.0165 -0.5451
vn 0.1913 -0.9466 -0.2595
vn 0.1881 -0.9431 -0.2741
vn 0.2039 -0.9357 -0.2880
vn 0.2183 -0.9415 -0.2570
vn 0.9231 -0.0622 0.3795
vn 0.9217 -0.0483 0.3849
vn 0.9187 -0.0598 0.3905
vn 0.6294 0.2004 -0.7508
vn 0.6274 0.2276 -0.7447
vn 0.6441 0.2125 -0.7349
vn 0.6393 -0.0532 0.7671
vn 0.6586 -0.0426 0.7513
vn 0.6384 -0.0253 0.7693
vn 0.7104 -0.2921 0.6403
vn 0.7217 -0.2840 0.6313
vn 0.7176 -0.2740 0.6403
vn 0.9647 -0.0979 0.2445
vn 0.9662 -0.1225 0.2267
vn 0.9700 -0.0945 0.2238
vn 0.8427 -0.0065 0.5384
vn 0.8924 0.0862 0.4429
vn 0.8385 0.0088 0.5448
vn 0.7271 0.3358 0.5988
vn 0.7280 0.3185 0.6071
vn 0.7441 0.3195 0.5867
vn 0.9559 0.2270 -0.1861
vn 0.9601 0.2038 -0.1915
vn 0.9545 0.2156 -0.2060
vn 0.7103 -0.0822 0.6991
vn 0.7026 -0.0719 0.7079
vn 0.6979 -0.1038 0.7087
vn 0.8409 -0.0581 0.5381
vn 0.8395 -0.0349 0.5422
vn 0.8273 -0.0491 0.5596
vn 0.9275 -0.0508 0.3704
vn 0.9117 -0.0050 0.4109
vn 0.9014 -0.0384 0.4314
vn 0.8571 -0.1248 0.4998
vn 0.8651 -0.1330 0.4837
vn 0.8690 -0.1096 0.4825
vn 0.5717 0.0704 -0.8174
vn 0.5871 0.0578 -0.8075
vn 0.5783 0.0450 -0.8146
vn 0.9107 0.0228 0.4125
vn 0.9069 0.0091 0.4214
vn 0.9137 0.0046 0.4063
vn 0.8332 -0.0560 0.5501
vn 0.8414 -0.0327 0.5394
vn 0.8308 -0.0364 0.5553
vn 0.9987 -0.0215 0.0468
vn 0.9982 -0.0453 0.0402
vn 0.9995 -0.0276 0.0151
vn 0.1421 0.7934 -0.5919
vn 0.6129 -0.6034 -0.5101
vn 0.2240 0.0402 -0.9738
vn 0.7221 0.4428 -0.5316
vn 0.7516 0.4162 -0.5118
vn 0.7331 0.4096 -0.5430
vn 0.9464 0.0883 -0.3107
vn 0.9408 0.1056 -0.3222
vn 0.9468 0.1098 -0.3024
vn 0.5409 0.1638 -0.8250
vn 0.5635 0.1484 -0.8126
vn 0.5518 0.1368 -0.8227
vn 0.6067 0.0652 0.7923
vn 0.6083 0.0842 0.7892
vn 0.5958 0.0892 0.7982
vn 0.8512 -0.0933 0.5165
vn 0.8286 -0.0960 0.5515
vn 0.8388 -0.1123 0.5327
vn 0.9588 0.1322 -0.2514
vn 0.9368 0.1514 -0.3153
vn 0.9489 0.1707 -0.2655
vn 0.7749 0.2232 -0.5914
vn 0.7977 0.2409 -0.5529
vn 0.7932 0.1979 -0.5759
vn 0.4474 0.0375 0.8935
vn 0.4281 0.0239 0.9034
vn 0.4521 0.0045 0.8920
vn 0.6140 0.1004 0.7829
vn 0.5940 0.0840 0.8000
vn 0.6245 0.0764 0.7773
vn 0.9811 -0.0542 0.1856
vn 0.9849 -0.0469 0.1666
vn 0.9810 -0.0337 0.1911
vn 0.9860 0.1000 0.1337
vn 0.9825 0.1013 0.1564
vn 0.9852 0.0779 0.1530
vn 0.7718 -0.0706 0.6319
vn 0.7710 -0.0540 0.6345
vn 0.7652 -0.0614 0.6409
vn 0.3672 -0.0243 -0.9298
vn 0.3959 -0.0281 -0.9179
vn 0.3802 -0.0437 -0.9239
vn 0.5971 0.1975 -0.7775
vn 0.5879 0.2405 -0.7724
vn 0.6161 0.2028 -0.7611
vn 0.9356 0.2339 -0.2643
vn 0.9404 0.2107 -0.2668
vn 0.9332 0.2242 -0.2809
vn 0.9665 0.2286 -0.1171
vn 0.9670 0.2059 -0.1501
vn 0.9613 0.2275 -0.1552
vn 0.8334 -0.1532 0.5310
vn 0.8551 -0.1518 0.4957
vn 0.8674 -0.0551 0.4946
vn 0.8317 0.2277 0.5064
vn 0.8232 0.2292 0.5194
vn 0.8336 0.2067 0.5123
vn 0.9813 -0.0927 0.1685
vn 0.9767 -0.1057 0.1868
vn 0.9793 -0.1277 0.1571
vn 0.9658 -0.1514 0.2106
vn 0.9744 -0.1428 0.1736
vn 0.9717 -0.1242 0.2009
vn 0.4178 -0.1892 -0.8886
vn 0.4374 -0.1897 -0.8790
vn 0.4289 -0.2032 -0.8802
vn 0.9824 0.0361 -0.1832
vn 0.9846 0.0482 -0.1680
vn 0.9870 0.0309 -0.1579
vn 0.8318 0.0495 0.5529
vn 0.8202 0.0550 0.5694
vn 0.8181 0.0270 0.5744
vn 0.8374 0.0205 0.5462
vn 0.8495 -0.0292 0.5268
vn 0.8542 -0.0654 0.5158
vn 0.8697 -0.0637 0.4894
vn 0.5840 0.0642 0.8092
vn 0.5987 -0.1848 0.7793
vn 0.7030 -0.0632 0.7084
vn 0.6306 0.2657 -0.7292
vn 0.6034 0.2737 -0.7490
vn 0.6262 0.2856 -0.7254
vn 0.9092 -0.0654 0.4111
vn 0.9026 -0.0644 0.4256
vn 0.9029 -0.0771 0.4228
vn 0.9947 -0.0524 -0.0881
vn 0.9936 -0.0944 -0.0625
vn 0.9914 -0.0826 -0.1011
vn 0.9488 0.0311 0.3143
vn 0.9468 0.0498 0.3180
vn 0.9393 0.0331 0.3415
vn 0.8628 0.1365 -0.4867
vn 0.8575 0.1610 -0.4887
vn 0.8640 0.1620 -0.4767
vn 0.7864 -0.0902 0.6111
vn 0.7771 -0.1061 0.6204
vn 0.7893 -0.1058 0.6048
vn 0.7502 0.0207 0.6609
vn 0.7767 0.0390 0.6286
vn 0.7536 0.0484 0.6555
vn 0.9180 -0.1747 0.3560
vn 0.9260 -0.1445 0.3487
vn 0.9168 -0.1480 0.3709
vn 0.9539 -0.0308 0.2984
vn 0.9620 -0.0126 0.2727
vn 0.9552 0.0027 0.2961
vn 0.9335 0.0686 0.3520
vn 0.9316 0.0525 0.3597
vn 0.9371 0.0492 0.3455
vn 0.9321 0.0852 -0.3519
vn 0.9312 0.0647 -0.3587
vn 0.9246 0.0859 -0.3712
vn 0.9636 0.1264 0.2357
vn 0.9538 0.1294 0.2712
vn 0.9558 0.1151 0.2704
vn 0.7485 0.0547 0.6608
vn 0.7400 0.0464 0.6710
vn 0.7502 0.0409 0.6600
vn 0.9715 -0.1931 0.1378
vn 0.9764 -0.1876 0.1072
vn 0.9786 -0.1602 0.1294
vn 0.9753 -0.1246 -0.1825
vn 0.9824 -0.1122 -0.1495
vn 0.9731 -0.1594 -0.1665
vn 0.8133 0.1784 -0.5537
vn 0.8223 0.1846 -0.5383
vn 0.8317 0.1498 -0.5346
vn 0.3687 -0.0298 -0.9291
vn 0.3469 -0.0465 -0.9368
vn 0.3427 -0.0189 -0.9393
vn 0.8919 0.4091 -0.1926
vn 0.8831 0.4295 -0.1889
vn 0.8896 0.4270 -0.1619
vn 0.6511 -0.0678 0.7559
vn 0.6738 -0.0392 0.7379
vn 0.6547 -0.0221 0.7555
vn 0.9357 0.1625 0.3131
vn 0.9280 0.1610 0.3361
vn 0.9334 0.1329 0.3332
vn 0.9468 -0.0703 -0.3141
vn 0.9372 -0.0549 -0.3444
vn 0.9348 -0.0176 -0.3546
vn 0.9495 -0.0167 -0.3132
vn 0.4137 0.0707 0.9077
vn 0.3906 0.0523 0.9191
vn 0.4247 0.0238 0.9050
vn 0.8292 0.1170 0.5466
vn 0.8172 0.1042 0.5669
vn 0.8340 0.1001 0.5426
vn 0.9981 -0.0404 -0.0475
vn 0.9965 -0.0298 -0.0782
vn 0.9978 -0.0048 -0.0667
vn 0.8272 0.2986 0.4760
vn 0.2157 0.1183 0.9693
vn 0.1466 -0.6546 0.7417
vn 0.6934 0.0929 -0.7145
vn 0.6768 0.0984 -0.7295
vn 0.6922 0.1127 -0.7129
vn 0.9316 -0.1676 0.3224
vn 0.9382 -0.1328 0.3196
vn 0.9276 -0.1463 0.3437
vn 0.8015 -0.3854 0.4572
vn 0.8106 -0.3916 0.4354
vn 0.8084 -0.3764 0.4525
vn 0.7067 0.0733 -0.7038
vn 0.7063 0.1012 -0.7007
vn 0.7144 0.0795 -0.6952
vn 0.8606 0.3284 0.3893
vn 0.8695 0.3093 0.3851
vn 0.8671 0.3262 0.3766
vn 0.6378 0.2174 -0.7388
vn 0.6304 0.2261 -0.7426
vn 0.6381 0.2352 -0.7331
vn 0.5181 0.0545 0.8536
vn 0.5237 0.0318 0.8513
vn 0.5329 0.0431 0.8451
vn 0.9070 0.0993 -0.4093
vn 0.9201 0.0934 -0.3803
vn 0.9060 0.0803 -0.4157
vn 0.9351 0.0755 -0.3463
vn 0.9394 0.0804 -0.3332
vn 0.9396 0.0601 -0.3369
vn 0.9963 0.0641 -0.0572
vn 0.9942 0.0888 -0.0606
vn 0.9962 0.0785 -0.0378
vn 0.3938 -0.1748 -0.9024
vn 0.4074 -0.1607 -0.8990
vn 0.4039 -0.1817 -0.8966
vn 0.8312 0.1074 -0.5455
vn 0.8327 0.1436 -0.5348
vn 0.8487 0.1389 -0.5104
vn 0.3291 0.0592 -0.9424
vn 0.3370 0.0594 -0.9396
vn 0.3479 0.0478 -0.9363
vn 0.2989 0.0122 -0.9542
vn 0.1349 0.6264 -0.7677
vn 0.6864 -0.6263 -0.3695
vn 0.2000 -0.1782 -0.9635
vn 0.9306 0.2018 -0.3053
vn 0.9254 0.2049 -0.3189
vn 0.9257 0.2157 -0.3108
vn 0.8346 0.0513 -0.5485
vn 0.8544 0.0572 -0.5165
vn 0.8510 0.0337 -0.5241
vn 0.7520 0.2474 -0.6109
vn 0.7556 0.2264 -0.6147
vn 0.7395 0.2243 -0.6347
vn 0.8356 0.0902 -0.5418
vn 0.8426 0.0724 -0.5336
vn 0.8351 0.0677 -0.5459
vn 0.8530 0.0900 -0.5141
vn 0.8635 0.1271 -0.4881
vn 0.8752 0.1165 -0.4695
vn 0.6256 0.0702 -0.7770
vn 0.6475 0.0793 -0.7579
vn 0.6400 0.0464 -0.7670
vn 0.7865 0.0857 0.6116
vn 0.8079 0.0357 0.5883
vn 0.8144 0.0553 0.5777
vn 0.7891 0.0808 -0.6089
vn 0.7948 0.0963 -0.5992
vn 0.8026 0.0738 -0.5920
vn 0.9382 -0.1085 -0.3287
vn 0.9500 -0.0529 -0.3078
vn 0.9499 -0.0985 -0.2968
vn 0.8343 0.1392 -0.5334
vn 0.8238 0.1447 -0.5481
vn 0.8253 0.1578 -0.5421
vn 0.5831 -0.0432 0.8112
vn 0.5791 -0.0624 0.8129
vn 0.5972 -0.0557 0.8001
vn 0.9804 -0.0005 0.1973
vn 0.9739 0.0105 0.2268
vn 0.9751 -0.0157 0.2211
vn 0.9746 -0.0161 0.2235
vn 0.9692 -0.0223 0.2454
vn 0.9735 -0.0430 0.2245
vn 0.6760 -0.0353 0.7360
vn 0.6861 -0.0438 0.7262
vn 0.6906 -0.0283 0.7227
vn 0.9453 -0.0483 0.3226
vn 0.9427 -0.0356 0.3316
vn 0.9385 -0.0448 0.3423
vn 0.7378 0.0719 -0.6712
vn 0.7355 0.0453 -0.6760
vn 0.7259 0.0619 -0.6850
vn 0.8300 0.1565 -0.5354
vn 0.8119 0.1404 -0.5667
vn 0.8137 0.1695 -0.5560
vn 0.9555 -0.1646 0.2449
vn 0.9564 -0.1904 0.2213
vn 0.9610 -0.1724 0.2163
vn 0.9996 0.0283 0.0052
vn 0.9983 0.0518 -0.0277
vn 0.9980 0.0608 0.0178
vn 0.8305 0.3189 0.4566
vn 0.2362 0.1040 0.9661
vn 0.1647 -0.6771 0.7172
vn 0.9149 -0.0795 -0.3957
vn 0.9270 -0.0758 -0.3673
vn 0.9151 -0.1100 -0.3880
vn 0.9301 0.0719 -0.3602
vn 0.9361 0.0576 -0.3471
vn 0.9267 0.0487 -0.3727
vn 0.7044 0.2961 0.6451
vn 0.6905 0.2999 0.6582
vn 0.6991 0.2774 0.6590
vn 0.7453 -0.0419 -0.6654
vn 0.7377 -0.0660 -0.6718
vn 0.7332 -0.0490 -0.6783
vn 0.9130 0.1624 -0.3741
vn 0.9163 0.1340 -0.3773
vn 0.9058 0.1499 -0.3963
vn 0.9446 0.1431 0.2954
vn 0.9543 0.1428 0.2625
vn 0.9453 0.1664 0.2804
vn 0.8476 0.0100 0.5305
vn 0.8416 0.0490 0.5378
vn 0.8288 0.0157 0.5594
vn 0.9770 0.0059 0.2132
vn 0.9706 0.0371 0.2380
vn 0.9682 -0.0070 0.2500
vn 0.8215 0.1542 -0.5490
vn 0.8287 0.1566 -0.5374
vn 0.8363 0.1303 -0.5325
vn 0.9009 -0.0581 0.4302
vn 0.8992 -0.0772 0.4306
vn 0.9079 -0.0625 0.4145
vn 0.9217 -0.0113 0.3877
vn 0.9108 0.0097 0.4126
vn 0.9139 -0.0274 0.4049
vn 0.9225 -0.0811 0.3775
vn 0.9255 -0.0702 0.3722
vn 0.9200 -0.0753 0.3847
vn 0.8172 0.3686 -0.4429
vn 0.8153 0.3362 -0.4714
vn 0.7662 0.3787 -0.5192
vn 0.7093 0.0109 0.7049
vn 0.7491 0.0135 0.6623
vn 0.7464 0.0700 0.6618
vn 0.5574 0.1246 0.8209
vn 0.5414 0.1255 0.8313
vn 0.5529 0.1101 0.8259
vn 0.9926 -0.0247 -0.1186
vn 0.9946 -0.0267 -0.1002
vn 0.9951 -0.0383 -0.0911
vn 0.9921 -0.0526 -0.1139
vn 0.2785 0.3945 -0.8757
vn 0.2904 0.4006 -0.8690
vn 0.3025 0.3903 -0.8696
vn 0.2817 0.3782 -0.8818
vn 0.9653 -0.0118 0.2609
vn 0.9629 -0.0410 0.2667
vn 0.9719 -0.0301 0.2333
vn 0.9819 0.0850 0.1693
vn 0.9856 0.0582 0.1589
vn 0.9850 0.0792 0.1535
vn 0.5782 -0.0047 0.8159
vn 0.5434 -0.0097 0.8394
vn 0.5669 -0.0287 0.8233
vn 0.8442 0.0781 -0.5303
vn 0.8315 0.0862 -0.5488
vn 0.8411 0.0959 -0.5324
vn 0.3012 0.0213 0.9533
vn 0.3317 0.0262 0.9430
vn 0.3094 0.0483 0.9497
vn 0.3730 0.1687 0.9123
vn 0.3517 0.1748 0.9196
vn 0.3564 0.1530 0.9217
vn 0.9641 0.0125 0.2652
vn 0.9613 0.0342 0.2733
vn 0.9576 -0.0127 0.2880
vn 0.9659 -0.0060 0.2588
vn 0.9653 0.0072 0.2612
vn 0.9568 -0.0059 0.2907
vn 0.9649 -0.0547 -0.2570
vn 0.9557 -0.0635 -0.2874
vn 0.9642 -0.0311 -0.2635
vn 0.6092 0.2670 -0.7467
vn 0.6406 0.2446 -0.7279
vn 0.6312 0.2077 -0.7473
vn 0.7389 0.0580 0.6713
vn 0.7449 0.0342 0.6663
vn 0.7539 0.0513 0.6550
vn 0.9410 -0.1798 -0.2868
vn 0.9339 -0.1688 -0.3151
vn 0.9491 -0.1489 -0.2775
vn 0.8460 0.1125 -0.5212
vn 0.8388 0.1330 -0.5280
vn 0.8488 0.1284 -0.5128
vn 0.5354 -0.0621 0.8423
vn 0.5548 -0.0511 0.8304
vn 0.5346 -0.0225 0.8448
vn 0.9817 -0.0936 0.1661
vn 0.9808 -0.1312 0.1445
vn 0.9858 -0.0910 0.1413
vn 0.3047 0.2187 -0.9270
vn 0.2932 0.2085 -0.9330
vn 0.2964 0.2396 -0.9245
vn 0.8590 0.0994 -0.5021
vn 0.8813 0.0673 -0.4678
vn 0.8762 0.0490 -0.4795
vn 0.2582 -0.2819 -0.9241
vn 0.2474 -0.2787 -0.9280
vn 0.2558 -0.2721 -0.9276
vn 0.8309 0.1144 -0.5445
vn 0.8314 0.0998 -0.5467
vn 0.8187 0.1129 -0.5630
vn 0.5271 0.0528 -0.8481
vn 0.5158 0.0383 -0.8559
vn 0.5168 0.0740 -0.8529
vn 0.6668 -0.0814 0.7408
vn 0.7033 -0.1548 0.6939
vn 0.7475 -0.1271 0.6520
vn 0.8548 -0.0443 0.5171
vn 0.8498 -0.0562 0.5242
vn 0.8619 -0.0599 0.5035
vn 0.9977 0.0162 0.0652
vn 0.9984 0.0083 0.0561
vn 0.9981 0.0268 0.0563
vn 0.9980 0.0202 0.0596
vn 0.9986 0.0044 0.0527
vn 0.9990 0.0140 0.0426
vn 0.9307 0.1483 -0.3343
vn 0.9258 0.1401 -0.3510
vn 0.9266 0.1536 -0.3433
vn 0.6353 0.1666 0.7541
vn 0.6379 0.1885 0.7467
vn 0.6108 0.1795 0.7712
vn 0.0980 0.7893 -0.6061
vn 0.6108 -0.5387 -0.5803
vn 0.1409 0.0526 -0.9886
vn 0.1545 0.0791 -0.9848
vn 0.6303 0.1613 -0.7594
vn 0.6034 0.1616 -0.7809
vn 0.6221 0.1925 -0.7589
vn 0.9780 -0.0870 0.1897
vn 0.9693 -0.1055 0.2220
vn 0.9724 -0.1171 0.2019
vn 0.6386 0.0739 -0.7660
vn 0.6414 0.0582 -0.7650
vn 0.6326 0.0692 -0.7713
vn 0.0450 0.6523 -0.7566
vn 0.7544 -0.1007 -0.6486
vn 0.0573 -0.1245 -0.9906
vn 0.0621 -0.0936 -0.9937
vn 0.6687 -0.0021 0.7436
vn 0.6375 0.0032 0.7705
vn 0.6454 -0.0248 0.7634
vn 0.6641 0.1615 0.7300
vn 0.6516 0.1556 0.7424
vn 0.6631 0.1384 0.7357
vn 0.4011 -0.5490 -0.7333
vn -0.1390 -0.1040 -0.9848
vn -0.0914 0.6120 -0.7855
vn 0.4341 0.1017 0.8951
vn 0.4273 0.0876 0.8998
vn 0.4349 0.0880 0.8961
vn 0.4942 0.0257 0.8690
vn 0.4917 0.0446 0.8696
vn 0.4739 0.0332 0.8799
vn 0.7729 0.3746 0.5122
vn 0.1155 0.1137 0.9868
vn 0.0989 -0.6476 0.7556
vn 0.9110 -0.1416 0.3873
vn 0.9082 -0.1783 0.3787
vn 0.9182 -0.1486 0.3672
vn 0.2140 -0.7946 0.5682
vn 0.8760 0.2905 0.3850
vn 0.3266 -0.0591 0.9433
vn 0.6406 -0.1325 -0.7564
vn 0.6601 -0.1277 -0.7403
vn 0.6591 -0.1407 -0.7387
vn 0.9526 0.0358 -0.3020
vn 0.9471 0.0392 -0.3185
vn 0.9506 0.0556 -0.3055
vn 0.6133 0.0873 0.7850
vn 0.6195 0.0573 0.7829
vn 0.6285 0.0888 0.7727
vn 0.0197 0.8314 -0.5553
vn 0.7461 0.0155 -0.6657
vn 0.0279 0.0664 -0.9974
vn 0.1169 0.7183 -0.6859
vn 0.2093 0.6950 -0.6879
vn 0.2015 -0.1207 -0.9720
vn 0.1750 -0.1106 -0.9783
vn 0.6131 0.0036 0.7900
vn 0.6247 0.0244 0.7805
vn 0.6055 0.0280 0.7954
vn 0.8717 -0.0090 0.4899
vn 0.8816 0.0237 0.4715
vn 0.8479 0.0051 0.5301
vn 0.8175 0.3676 0.4434
vn 0.8163 0.3529 0.4574
vn 0.8231 0.3591 0.4400
vn 0.8473 -0.0053 0.5311
vn 0.8500 0.0163 0.5265
vn 0.8405 0.0126 0.5417
vn 0.9470 -0.0330 -0.3196
vn 0.9335 -0.0597 -0.3535
vn 0.9393 -0.0261 -0.3420
vn 0.2598 0.0099 -0.9656
vn 0.2396 0.0326 -0.9703
vn 0.2671 0.0415 -0.9628
vn 0.7057 0.1986 -0.6801
vn 0.7116 0.1805 -0.6790
vn 0.6916 0.1863 -0.6978
vn 0.6002 -0.1110 0.7921
vn 0.6225 -0.1267 0.7723
vn 0.6162 -0.0965 0.7816
vn 0.9996 -0.0233 0.0139
vn 0.9992 -0.0255 -0.0318
vn 1.0000 0.0063 0.0076
vn 0.9443 -0.0876 0.3172
vn 0.9219 -0.1238 0.3672
vn 0.9249 -0.1459 0.3510
vn 0.9525 0.2323 -0.1967
vn 0.9595 0.2055 -0.1928
vn 0.9490 0.2097 -0.2354
vn 0.0901 -0.7015 0.7069
vn 0.0671 -0.7092 0.7018
vn 0.0904 -0.7161 0.6921
vn 0.6109 0.4692 0.6377
vn 0.5624 0.4632 0.6849
vn 0.5997 0.4505 0.6614
vn 0.9581 0.0398 0.2835
vn 0.9664 0.0210 0.2563
vn 0.9661 0.0414 0.2549
vn 0.7356 -0.1886 0.6506
vn 0.7380 -0.1627 0.6549
vn 0.7144 -0.1255 0.6884
vn 0.6215 0.1809 -0.7622
vn 0.6499 0.1580 -0.7434
vn 0.6383 0.1345 -0.7579
vn 0.7160 -0.0192 0.6978
vn 0.7462 -0.0183 0.6655
vn 0.7134 0.0194 0.7005
vn 0.9592 0.0761 0.2722
vn 0.9581 0.0463 0.2828
vn 0.9638 0.0575 0.2604
vn 0.9329 0.1349 0.3340
vn 0.9280 0.1243 0.3513
vn 0.9413 0.1096 0.3192
vn 0.9030 0.1189 -0.4130
vn 0.8954 0.1124 -0.4309
vn 0.8957 0.1354 -0.4236
vn 0.1937 -0.8386 0.5092
vn 0.9302 -0.0167 0.3668
vn 0.3336 -0.1746 0.9264
vn 0.3405 -0.1886 0.9211
vn 0.6073 -0.0637 0.7920
vn 0.6294 -0.0465 0.7757
vn 0.6042 -0.0373 0.7960
vn 0.9549 0.0090 0.2966
vn 0.9560 0.0347 0.2914
vn 0.9519 0.0278 0.3053
vn 0.8618 0.0224 0.5068
vn 0.8520 0.0383 0.5222
vn 0.8496 0.0140 0.5273
vn 0.8732 -0.2630 0.4103
vn 0.8830 -0.2304 0.4089
vn 0.8654 -0.2584 0.4293
vn 0.8187 0.0772 0.5690
vn 0.8210 0.0359 0.5698
vn 0.8368 0.0623 0.5440
vn 0.8421 -0.1931 0.5036
vn 0.8517 -0.1709 0.4954
vn 0.8361 -0.1735 0.5205
vn 0.8435 -0.1679 0.5103
vn 0.8380 -0.1946 0.5098
vn 0.8522 -0.1727 0.4939
vn 0.5164 -0.0808 0.8525
vn 0.5176 -0.1148 0.8479
vn 0.5535 -0.0914 0.8278
vn 0.3016 0.0318 0.9529
vn 0.2945 0.0613 0.9537
vn 0.2680 0.0222 0.9632
vn 0.9447 -0.0353 0.3261
vn 0.9395 -0.0374 0.3406
vn 0.9409 -0.0493 0.3351
vn 0.5653 -0.0537 0.8231
vn 0.5813 -0.0246 0.8133
vn 0.5629 -0.0188 0.8263
vn 0.8451 0.1136 -0.5223
vn 0.8380 0.1133 -0.5337
vn 0.8445 0.1303 -0.5194
vn 0.9987 0.0020 0.0518
vn 0.9984 -0.0153 0.0552
vn 0.9992 -0.0058 0.0393
vn 0.8992 0.0223 0.4369
vn 0.8929 0.0302 0.4493
vn 0.8928 0.0102 0.4503
vn 0.8650 0.0430 0.4998
vn 0.8616 0.0143 0.5074
vn 0.8727 0.0259 0.4875
vn 0.6211 -0.0058 0.7837
vn 0.6237 -0.0211 0.7814
vn 0.6338 -0.0192 0.7732
vn 0.6268 -0.0312 0.7785
vn 0.6298 -0.0136 0.7766
vn 0.6132 -0.0218 0.7896
vn 0.9681 0.2398 -0.0731
vn 0.9678 0.2486 -0.0386
vn 0.9722 0.2283 -0.0524
vn 0.9508 0.0042 -0.3097
vn 0.9565 -0.0034 -0.2916
vn 0.9495 -0.0345 -0.3117
vn 0.9843 -0.0318 0.1735
vn 0.9902 -0.0093 0.1396
vn 0.9858 0.0040 0.1677
vn 0.9897 0.0927 -0.1094
vn 0.9906 0.0990 -0.0941
vn 0.9911 0.0805 -0.1057
vn 0.9941 0.0146 0.1073
vn 0.9919 0.0170 0.1262
vn 0.9940 0.0019 0.1097
vn 0.9618 -0.0465 0.2699
vn 0.9557 -0.0483 0.2904
vn 0.9573 -0.0642 0.2819
vn 0.9801 0.1492 -0.1307
vn 0.9847 0.1174 -0.1287
vn 0.9810 0.1253 -0.1479
vn 0.9998 -0.0002 0.0214
vn 0.9994 -0.0016 0.0333
vn 0.9996 -0.0152 0.0231
vn 0.6627 -0.0593 0.7466
vn 0.6637 -0.0742 0.7443
vn 0.6811 -0.0583 0.7299
vn 0.6568 -0.0505 0.7524
vn 0.6495 -0.0257 0.7599
vn 0.6365 -0.0509 0.7696
vn 0.9321 0.0241 0.3613
vn 0.9275 0.0333 0.3724
vn 0.9265 0.0175 0.3758
vn 0.4344 0.0122 0.9006
vn 0.4545 0.0320 0.8902
vn 0.4358 0.0524 0.8985
vn 0.9390 0.0119 0.3436
vn 0.9359 0.0432 0.3497
vn 0.9253 -0.0083 0.3791
vn 0.9466 -0.0344 -0.3207
vn 0.9370 -0.0312 -0.3480
vn 0.9428 0.0026 -0.3333
vn 0.4494 0.0121 0.8932
vn 0.4341 0.0341 0.9002
vn 0.4274 0.0131 0.9040
vn 0.9608 -0.1948 -0.1972
vn 0.9685 -0.1615 -0.1897
vn 0.9720 -0.1757 -0.1560
vn 0.1839 -0.9054 0.3828
vn 0.9635 -0.1040 0.2467
vn 0.1116 0.0676 0.9915
vn 0.2798 -0.1942 0.9402
vn 0.9857 0.0088 0.1684
vn 0.9843 0.0215 0.1749
vn 0.9843 0.0086 0.1765
vn 0.9287 -0.0266 0.3698
vn 0.9237 -0.0543 0.3792
vn 0.9342 -0.0538 0.3528
vn 0.7887 0.0433 -0.6132
vn 0.7655 0.0326 -0.6426
vn 0.7725 0.0628 -0.6319
vn 0.9945 0.0473 -0.0937
vn 0.9961 0.0404 -0.0783
vn 0.9947 0.0360 -0.0960
vn 0.4294 0.1465 0.8912
vn 0.4131 0.1438 0.8993
vn 0.4212 0.1298 0.8977
vn 0.5103 0.0045 0.8600
vn 0.5030 0.0247 0.8639
vn 0.4867 0.0066 0.8735
vn 0.7040 -0.2049 0.6800
vn 0.7260 -0.2002 0.6579
vn 0.7235 -0.1748 0.6679
vn 0.9319 0.1320 0.3377
vn 0.9376 0.1308 0.3222
vn 0.9281 0.1608 0.3359
vn 0.9490 0.0638 0.3088
vn 0.9539 0.0742 0.2909
vn 0.9480 0.0847 0.3067
vn 0.8934 0.2604 -0.3660
vn 0.8892 0.2542 -0.3804
vn 0.8860 0.2709 -0.3765
vn 0.9760 0.0897 -0.1985
vn 0.9787 0.0807 -0.1889
vn 0.9755 0.0741 -0.2072
vn 0.6201 -0.0702 0.7814
vn 0.6352 -0.0660 0.7695
vn 0.6239 -0.0496 0.7799
vn 0.9469 0.1916 0.2581
vn 0.9355 0.2058 0.2872
vn 0.9412 0.1751 0.2890
vn 0.9415 0.1102 0.3186
vn 0.9381 0.0900 0.3346
vn 0.9414 0.0953 0.3237
vn 0.2234 0.0477 -0.9736
vn 0.2164 0.0587 -0.9745
vn 0.2288 0.0617 -0.9715
vn 0.7697 0.1883 -0.6099
vn 0.7840 0.1752 -0.5955
vn 0.7717 0.1729 -0.6120
vn 0.9075 -0.0513 0.4169
vn 0.9069 -0.1058 0.4079
vn 0.9170 -0.1005 0.3859
vn 0.7864 -0.1685 0.5942
vn 0.8035 -0.1381 0.5791
vn 0.7746 -0.1614 0.6115
vn 0.9479 0.0911 -0.3053
vn 0.9416 0.0958 -0.3228
vn 0.9415 0.1082 -0.3190
vn 0.4440 0.0948 0.8910
vn 0.4324 0.1178 0.8940
vn 0.4302 0.0971 0.8975
vn 0.8265 0.0879 0.5560
vn 0.8232 0.1086 0.5573
vn 0.8108 0.0968 0.5773
vn 0.9667 -0.0847 0.2413
vn 0.9541 -0.1091 0.2790
vn 0.9630 -0.1081 0.2469
vn 0.6218 0.0178 0.7830
vn 0.6025 0.0304 0.7975
vn 0.6071 0.0001 0.7946
vn 0.9784 -0.0543 0.1994
vn 0.9818 -0.0549 0.1819
vn 0.9798 -0.0357 0.1969
vn 0.8559 -0.0325 0.5161
vn 0.8496 -0.0673 0.5231
vn 0.8643 -0.0557 0.4998
vn 0.9668 0.0104 0.2553
vn 0.9735 0.0116 0.2283
vn 0.9702 0.0383 0.2394
vn 0.1933 -0.8073 0.5577
vn 0.8728 0.0594 0.4844
vn 0.2411 -0.1443 0.9597
vn 0.2566 -0.1628 0.9527
vn 0.9138 0.3063 -0.2668
vn 0.8976 0.3219 -0.3011
vn 0.8934 0.3480 -0.2842
vn 0.9396 0.0626 0.3365
vn 0.9428 0.1138 0.3133
vn 0.9289 0.1193 0.3506
vn 0.8341 0.0483 0.5495
vn 0.8445 0.0516 0.5330
vn 0.8405 0.0634 0.5381
vn 0.4310 -0.1304 -0.8929
vn 0.4227 -0.1169 -0.8987
vn 0.4445 -0.1044 -0.8897
vn 0.9203 0.1992 0.3368
vn 0.9143 0.1716 0.3668
vn 0.9271 0.1712 0.3335
vn 0.8471 0.2192 -0.4842
vn 0.8534 0.2287 -0.4684
vn 0.8600 0.2066 -0.4666
vn 0.8398 0.0170 -0.5427
vn 0.8330 0.0322 -0.5524
vn 0.8444 0.0390 -0.5343
vn 0.8607 0.1609 -0.4831
vn 0.8626 0.1456 -0.4845
vn 0.8476 0.1485 -0.5095
vn 0.5834 -0.0280 0.8117
vn 0.5604 -0.0045 0.8282
vn 0.5540 -0.0504 0.8310
vn 0.6200 -0.0679 0.7816
vn 0.6376 -0.0580 0.7682
vn 0.6267 -0.0334 0.7786
vn 0.6452 -0.0363 0.7631
vn 0.6229 -0.0614 0.7798
vn 0.6399 -0.0731 0.7649
vn 0.9753 -0.0081 0.2207
vn 0.9746 -0.0204 0.2229
vn 0.9778 -0.0049 0.2096
vn 0.8637 0.0100 0.5039
vn 0.8616 0.0234 0.5070
vn 0.8544 0.0013 0.5196
vn 0.8260 -0.0230 0.5631
vn 0.8112 -0.0193 0.5844
vn 0.8147 -0.0502 0.5777
vn 0.6895 0.2722 0.6712
vn 0.7034 0.2653 0.6594
vn 0.6921 0.2931 0.6596
vn 0.9831 0.0165 0.1821
vn 0.9851 0.0061 0.1717
vn 0.9857 0.0106 0.1683
vn 0.9545 -0.1999 -0.2213
vn 0.9496 -0.1986 -0.2426
vn 0.9593 -0.1776 -0.2193
vn 0.9631 0.1375 -0.2312
vn 0.9678 0.1189 -0.2219
vn 0.9588 0.1245 -0.2555
vn 0.6065 0.2725 -0.7469
vn 0.6326 0.2647 -0.7279
vn 0.6266 0.2200 -0.7476
vn 0.8646 0.0857 -0.4952
vn 0.8684 0.0527 -0.4930
vn 0.8461 0.0741 -0.5279
vn 0.6715 0.1219 -0.7309
vn 0.6608 0.1256 -0.7400
vn 0.6652 0.1514 -0.7312
vn 0.8777 0.0801 0.4725
vn 0.8789 0.0616 0.4731
vn 0.8830 0.0700 0.4641
vn 0.9531 -0.0349 0.3006
vn 0.9577 -0.0611 0.2813
vn 0.9598 -0.0421 0.2776
vn 0.7650 -0.1360 0.6295
vn 0.7545 -0.1375 0.6417
vn 0.7571 -0.1622 0.6328
vn 0.4028 -0.0303 0.9148
vn 0.3754 -0.1084 0.9205
vn 0.4433 -0.1390 0.8856
vn 0.3993 0.0925 -0.9122
vn 0.4188 0.0839 -0.9042
vn 0.4135 0.0645 -0.9082
vn 0.6175 0.1119 -0.7785
vn 0.6418 0.1346 -0.7550
vn 0.6474 0.1274 -0.7514
vn 0.9298 0.1372 0.3415
vn 0.9263 0.1601 0.3411
vn 0.9229 0.1351 0.3605
vn 0.9321 -0.0876 0.3514
vn 0.9346 -0.0983 0.3419
vn 0.9378 -0.0876 0.3359
vn 0.9507 -0.1571 0.2672
vn 0.9481 -0.1388 0.2859
vn 0.9425 -0.1493 0.2990
vn 0.7886 0.0035 0.6148
vn 0.7771 -0.0135 0.6292
vn 0.7915 -0.0301 0.6105
vn 0.6844 -0.0214 0.7288
vn 0.6787 -0.0428 0.7331
vn 0.6935 -0.0370 0.7195
vn 0.6391 -0.0579 0.7670
vn 0.6223 -0.0565 0.7807
vn 0.6341 -0.0767 0.7694
vn 0.8822 0.0359 0.4695
vn 0.8937 0.0358 0.4473
vn 0.8822 0.0591 0.4671
vn 0.9351 -0.0129 0.3543
vn 0.9280 -0.0140 0.3722
vn 0.9334 -0.0432 0.3562
vn 0.9583 -0.0264 0.2846
vn 0.9656 -0.0142 0.2598
vn 0.9632 -0.0031 0.2688
vn 0.8978 -0.0478 0.4378
vn 0.8953 -0.0284 0.4445
vn 0.8851 -0.0387 0.4637
vn 0.6733 -0.0989 0.7327
vn 0.6690 -0.0737 0.7396
vn 0.6610 -0.0867 0.7454
vn 0.7166 -0.1460 0.6820
vn 0.7245 -0.1385 0.6752
vn 0.7111 -0.1324 0.6905
vn 0.9347 0.3074 -0.1783
vn 0.9237 0.3105 -0.2243
vn 0.9086 0.3602 -0.2115
vn 0.9638 0.2152 0.1571
vn 0.9576 0.2332 0.1692
vn 0.9576 0.2095 0.1978
vn 0.8453 0.0992 -0.5250
vn 0.8393 0.1048 -0.5335
vn 0.8449 0.1199 -0.5213
vn 0.9246 0.1355 -0.3561
vn 0.9341 0.1310 -0.3320
vn 0.9298 0.1152 -0.3496
vn 0.8178 0.1293 -0.5608
vn 0.8003 0.1284 -0.5857
vn 0.8026 0.1538 -0.5764
vn 0.7621 -0.0147 0.6473
vn 0.7165 -0.0327 0.6968
vn 0.7532 -0.0373 0.6567
vn 0.6704 0.0867 0.7369
vn 0.6875 0.0854 0.7211
vn 0.6836 0.1220 0.7196
vn 0.7392 0.1613 0.6539
vn 0.7539 0.1228 0.6454
vn 0.7583 0.1460 0.6353
vn 0.7652 0.3190 0.5593
vn 0.7583 0.3094 0.5738
vn 0.7643 0.2991 0.5712
vn 0.5113 -0.0037 0.8594
vn 0.4986 0.0017 0.8668
vn 0.5005 -0.0218 0.8655
vn 0.8901 -0.0444 0.4536
vn 0.9006 -0.0217 0.4341
vn 0.8879 -0.0173 0.4598
vn 0.5491 -0.0667 -0.8331
vn 0.5445 -0.0961 -0.8332
vn 0.5344 -0.0791 -0.8415
vn 0.8321 -0.1483 0.5345
vn 0.8223 -0.1693 0.5433
vn 0.8320 -0.1749 0.5265
vn 0.5550 0.0800 0.8280
vn 0.5566 0.0964 0.8252
vn 0.5361 0.0865 0.8397
vn 0.9992 0.0066 0.0399
vn 0.9988 -0.0092 0.0478
vn 0.9996 -0.0075 0.0289
vn 0.6508 0.0912 0.7537
vn 0.6913 0.0966 0.7161
vn 0.6875 0.1204 0.7161
vn 0.6850 0.0552 0.7264
vn 0.6930 0.0687 0.7177
vn 0.6544 0.0975 0.7498
vn 0.7927 0.2017 0.5753
vn 0.7833 0.1837 0.5938
vn 0.8016 0.1619 0.5756
vn 0.8471 -0.1007 0.5217
vn 0.8387 -0.1102 0.5333
vn 0.8511 -0.1225 0.5106
vn 0.8038 0.0816 0.5893
vn 0.7959 0.0989 0.5973
vn 0.7945 0.0744 0.6026
vn 0.9862 0.0533 -0.1570
vn 0.9908 0.0182 -0.1339
vn 0.9853 0.0345 -0.1675
vn 0.4656 0.0707 0.8822
vn 0.4784 0.0819 0.8743
vn 0.4670 0.0871 0.8800
vn 0.4945 0.1734 0.8517
vn 0.5044 0.1660 0.8473
vn 0.4996 0.1824 0.8468
vn 0.9924 -0.0990 0.0733
vn 0.9883 -0.1128 0.1029
vn 0.9865 -0.1388 0.0874
vn 0.7232 0.0246 -0.6902
vn 0.7223 0.0481 -0.6899
vn 0.7353 0.0357 -0.6768
vn 0.8380 0.1364 -0.5284
vn 0.8313 0.1576 -0.5330
vn 0.8383 0.1558 -0.5224
vn 0.9117 0.0920 -0.4003
vn 0.9116 0.0574 -0.4071
vn 0.9022 0.0882 -0.4221
vn 0.8814 0.0494 0.4699
vn 0.6762 0.0534 0.7348
vn 0.6985 -0.1659 0.6961
vn 0.9358 0.1466 -0.3205
vn 0.9577 0.1336 -0.2548
vn 0.9532 0.1029 -0.2841
vn 0.9577 0.1251 -0.2590
vn 0.9523 0.1081 -0.2853
vn 0.9433 0.1714 -0.2842
vn 0.4587 -0.0902 0.8840
vn 0.4603 -0.0620 0.8856
vn 0.4444 -0.0743 0.8927
vn 0.6664 -0.1303 0.7341
vn 0.6405 -0.1455 0.7540
vn 0.6456 -0.1750 0.7433
vn 0.9771 0.0419 0.2084
vn 0.9723 0.0354 0.2311
vn 0.9729 0.0031 0.2310
vn 0.9856 0.0032 0.1690
vn 0.9810 -0.0357 0.1908
vn 0.9869 -0.0276 0.1592
vn 0.7483 -0.1310 0.6503
vn 0.1654 0.0351 0.9856
vn 0.1820 -0.6939 0.6967
vn 0.2193 -0.0934 -0.9712
vn 0.2200 -0.1028 -0.9701
vn 0.2070 -0.0999 -0.9732
vn 0.9574 -0.2196 0.1874
vn 0.9479 -0.2349 0.2150
vn 0.9510 -0.2475 0.1854
vn 0.7947 0.1534 -0.5872
vn 0.7880 0.1335 -0.6011
vn 0.7844 0.1642 -0.5981
vn 0.9019 -0.0095 0.4318
vn 0.9095 -0.0147 0.4154
vn 0.9039 0.0053 0.4277
vn 0.1075 -0.5481 -0.8295
vn 0.0978 -0.5431 -0.8340
vn 0.1073 -0.5280 -0.8424
vn 0.1164 -0.5441 -0.8309
vn 0.9663 -0.1616 0.2005
vn 0.9674 -0.1391 0.2118
vn 0.9629 -0.1505 0.2239
vn 0.4657 -0.0404 0.8840
vn 0.4612 -0.0216 0.8870
vn 0.4475 -0.0350 0.8936
vn 0.7092 -0.0030 0.7050
vn 0.7253 -0.0014 0.6884
vn 0.7174 0.0119 0.6965
vn 0.8556 0.2027 0.4764
vn 0.8681 0.2018 0.4535
vn 0.8624 0.2180 0.4569
vn 0.6221 0.0378 -0.7820
vn 0.6398 0.0215 -0.7682
vn 0.6180 0.0260 -0.7857
vn 0.8955 -0.0206 0.4447
vn 0.8972 -0.0017 0.4417
vn 0.8877 -0.0070 0.4603
vn 0.9080 0.1161 0.4025
vn 0.9098 0.1356 0.3922
vn 0.8959 0.1330 0.4239
vn 0.3961 0.1254 -0.9096
vn 0.3746 0.1077 -0.9209
vn 0.3670 0.1358 -0.9203
vn 0.5486 0.1536 -0.8218
vn 0.5517 0.1232 -0.8249
vn 0.5324 0.1275 -0.8368
vn 0.9562 0.1426 -0.2554
vn 0.9558 0.1556 -0.2496
vn 0.9576 0.1473 -0.2477
vn 0.4384 0.0026 -0.8988
vn 0.4594 0.0263 -0.8878
vn 0.4532 -0.0086 -0.8914
vn 0.9375 -0.0022 0.3478
vn 0.9334 0.0014 0.3588
vn 0.9328 -0.0122 0.3602
vn 0.3981 -0.1416 -0.9064
vn 0.4098 -0.1388 -0.9016
vn 0.4049 -0.1522 -0.9016
vn 0.8779 -0.0947 -0.4694
vn 0.8700 -0.1167 -0.4790
vn 0.8618 -0.0907 -0.4991
vn 0.8897 -0.0179 0.4563
vn 0.8915 -0.0469 0.4505
vn 0.9009 -0.0335 0.4327
vn 0.9180 -0.1433 0.3698
vn 0.9070 -0.1546 0.3917
vn 0.9136 -0.1645 0.3719
vn 0.6264 0.0704 -0.7763
vn 0.6203 0.1043 -0.7774
vn 0.6397 0.0824 -0.7642
vn 0.8216 0.1977 0.5347
vn 0.8098 0.2090 0.5483
vn 0.8098 0.1952 0.5533
vn 0.6177 0.3441 0.7071
vn 0.6293 0.3539 0.6919
vn 0.6072 0.3629 0.7069
vn 0.8681 -0.3296 0.3711
vn 0.8792 -0.3165 0.3561
vn 0.8683 -0.3163 0.3821
vn 0.8407 0.0477 0.5395
vn 0.8177 0.0536 0.5732
vn 0.8285 0.0208 0.5596
vn 0.4598 0.1138 0.8807
vn 0.4560 0.1273 0.8808
vn 0.4471 0.1193 0.8865
vn 0.9848 -0.0936 0.1466
vn 0.9816 -0.1263 0.1432
vn 0.9846 -0.1230 0.1242
vn 0.8945 0.1216 -0.4302
vn 0.9051 0.1173 -0.4087
vn 0.9017 0.0984 -0.4211
vn 0.5931 0.1812 0.7844
vn 0.5905 0.1615 0.7907
vn 0.6014 0.1662 0.7815
vn 0.4274 -0.1613 -0.8896
vn 0.4215 -0.1385 -0.8962
vn 0.4432 -0.1284 -0.8872
vn 0.6407 -0.0829 0.7633
vn 0.6394 -0.1095 0.7610
vn 0.6537 -0.0828 0.7523
vn 0.3493 0.1006 0.9316
vn 0.3373 0.0907 0.9370
vn 0.3536 0.0724 0.9326
vn 0.5936 0.1898 0.7821
vn 0.6117 0.1876 0.7685
vn 0.6051 0.2139 0.7669
vn 0.5179 0.1812 0.8360
vn 0.5216 0.1555 0.8389
vn 0.5348 0.1678 0.8282
vn 0.1500 -0.6960 0.7022
vn 0.7563 -0.3171 0.5722
vn 0.2107 0.0733 0.9748
vn 0.2113 0.0605 0.9755
vn 0.1779 -0.7824 0.5969
vn 0.9324 -0.0086 0.3613
vn 0.3265 -0.0289 0.9448
vn 0.7140 0.1921 -0.6732
vn 0.7215 0.2137 -0.6586
vn 0.7267 0.1843 -0.6618
vn 0.9313 0.1731 -0.3204
vn 0.9323 0.1836 -0.3116
vn 0.9345 0.1633 -0.3163
vn 0.0654 0.5491 -0.8332
vn 0.3836 -0.7973 -0.4660
vn 0.0914 -0.2297 -0.9690
vn 0.3868 0.0587 0.9203
vn 0.3820 0.0215 0.9239
vn 0.4070 0.0113 0.9134
vn 0.7788 -0.0885 0.6209
vn 0.7932 -0.0625 0.6058
vn 0.7802 -0.0665 0.6220
vn 0.4935 0.0397 0.8688
vn 0.4953 0.0156 0.8686
vn 0.5114 0.0124 0.8592
vn 0.7164 0.0891 0.6920
vn 0.7101 0.0724 0.7004
vn 0.7270 0.0676 0.6833
vn 0.9096 0.2047 -0.3615
vn 0.9098 0.1936 -0.3671
vn 0.9026 0.2056 -0.3781
vn 0.8284 0.1719 0.5331
vn 0.8397 0.1717 0.5151
vn 0.8353 0.2054 0.5100
vn 0.8100 0.2568 0.5272
vn 0.7914 0.2577 0.5544
vn 0.7921 0.2370 0.5625
vn 0.5819 -0.1155 -0.8050
vn 0.5737 -0.1316 -0.8084
vn 0.5702 -0.1162 -0.8132
vn 0.9825 -0.0446 0.1807
vn 0.9793 -0.0409 0.1983
vn 0.9795 -0.0551 0.1937
vn 0.5208 -0.7454 0.4162
vn 0.5216 -0.7526 0.4018
vn 0.5287 -0.7515 0.3945
vn 0.5479 -0.7321 0.4047
vn 0.9098 -0.0650 0.4100
vn 0.9133 -0.0509 0.4042
vn 0.9051 -0.0546 0.4217
vn 0.9030 0.2162 -0.3713
vn 0.9020 0.2337 -0.3630
vn 0.9081 0.2199 -0.3564
vn 0.6333 0.1769 -0.7534
vn 0.6231 0.2034 -0.7553
vn 0.6406 0.1854 -0.7451
vn 0.7724 0.0445 0.6336
vn 0.7673 0.0250 0.6409
vn 0.7801 0.0184 0.6254
vn 0.9809 -0.0384 0.1905
vn 0.9828 -0.0206 0.1835
vn 0.9792 -0.0352 0.1999
vn 0.9972 0.0693 0.0287
vn 0.9953 0.0927 0.0273
vn 0.9952 0.0865 0.0467
vn 0.9929 0.0774 -0.0904
vn 0.9936 0.0992 -0.0547
vn 0.9959 0.0465 -0.0777
vn 0.7090 -0.0930 0.6990
vn 0.7255 -0.0914 0.6822
vn 0.7145 -0.0587 0.6971
vn 0.4143 -0.0920 -0.9055
vn 0.3972 -0.1047 -0.9117
vn 0.3933 -0.0940 -0.9146
vn 0.5789 0.1909 -0.7928
vn 0.5819 0.2170 -0.7837
vn 0.6014 0.1989 -0.7738
vn 0.5055 -0.0606 0.8607
vn 0.5163 -0.0194 0.8562
vn 0.4833 -0.0407 0.8745
vn 0.9609 0.1245 -0.2474
vn 0.9626 0.1087 -0.2483
vn 0.9585 0.1248 -0.2563
vn 0.5773 0.0718 0.8133
vn 0.5649 0.0498 0.8237
vn 0.5825 0.0539 0.8111
vn 0.9421 0.0245 -0.3346
vn 0.9474 0.0308 -0.3186
vn 0.9447 0.0066 -0.3279
vn 0.8044 0.1998 0.5595
vn 0.7953 0.1472 0.5881
vn 0.8186 0.1484 0.5549
vn 0.4747 0.1590 -0.8657
vn 0.5051 0.0354 -0.8623
vn 0.4584 0.0850 -0.8847
vn 0.7275 0.1465 -0.6703
vn 0.7354 0.1582 -0.6589
vn 0.7394 0.1356 -0.6594
vn 0.5345 -0.1048 -0.8386
vn 0.5414 -0.0908 -0.8358
vn 0.5486 -0.1062 -0.8293
vn 0.8583 0.1329 -0.4957
vn 0.8656 0.1085 -0.4888
vn 0.8520 0.1108 -0.5117
vn 0.9568 0.0857 0.2778
vn 0.9478 0.1004 0.3027
vn 0.9503 0.0854 0.2994
vn 0.8709 -0.0812 -0.4847
vn 0.8738 -0.1112 -0.4733
vn 0.8645 -0.1121 -0.4900
vn 0.5418 0.0912 0.8355
vn 0.5299 0.0638 0.8457
vn 0.5393 0.0595 0.8400
vn 0.3879 0.0430 0.9207
vn 0.4009 0.0458 0.9150
vn 0.3791 0.0738 0.9224
vn 0.5385 -0.0508 0.8411
vn 0.5521 -0.0320 0.8332
vn 0.5385 -0.0261 0.8422
vn 0.5411 -0.0550 0.8391
vn 0.5310 -0.0365 0.8466
vn 0.5245 -0.0616 0.8492
vn 0.6167 -0.0647 0.7845
vn 0.5903 -0.0731 0.8039
vn 0.6083 -0.0883 0.7887
vn 0.8730 0.0607 -0.4840
vn 0.8854 0.1015 -0.4537
vn 0.8824 0.0581 -0.4670
vn 0.6976 -0.1166 0.7069
vn 0.7076 -0.0974 0.6999
vn 0.6793 -0.0846 0.7290
vn 0.1721 -0.6936 0.6995
vn 0.8294 0.2077 0.5186
vn 0.2131 0.0809 0.9737
vn 0.2178 0.0671 0.9737
vn 0.7935 0.1442 -0.5912
vn 0.7947 0.1592 -0.5857
vn 0.8029 0.1474 -0.5775
vn 0.9998 0.0205 -0.0017
vn 0.9992 0.0184 -0.0365
vn 0.9978 0.0656 0.0063
vn 0.4801 0.0119 0.8771
vn 0.5191 0.0025 0.8547
vn 0.5148 0.0329 0.8567
vn 0.5621 -0.0513 0.8255
vn 0.5410 -0.0416 0.8400
vn 0.5320 -0.0819 0.8427
vn 0.6738 0.1163 0.7297
vn 0.6772 0.0962 0.7294
vn 0.6910 0.1076 0.7148
vn 0.8324 0.2152 -0.5107
vn 0.8445 0.1728 -0.5070
vn 0.8236 0.1773 -0.5387
vn 0.8554 0.1034 -0.5076
vn 0.8550 0.1224 -0.5040
vn 0.8769 0.0783 -0.4742
vn 0.5051 -0.0286 0.8626
vn 0.5008 -0.0573 0.8637
vn 0.5161 -0.0330 0.8559
vn 0.5809 -0.0055 0.8140
vn 0.6039 -0.0127 0.7970
vn 0.5887 0.0115 0.8083
vn 0.4640 0.0511 0.8844
vn 0.4555 0.0675 0.8877
vn 0.4448 0.0481 0.8943
vn 0.9116 0.0947 -0.3999
vn 0.9032 0.0935 -0.4189
vn 0.9040 0.1110 -0.4129
vn 0.7306 -0.0773 0.6784
vn 0.7508 -0.0438 0.6591
vn 0.7218 -0.0540 0.6900
vn 0.6446 -0.0900 0.7592
vn 0.6469 -0.0668 0.7596
vn 0.6253 -0.0675 0.7774
vn 0.9902 -0.0180 -0.1384
vn 0.9914 -0.0326 -0.1271
vn 0.9857 -0.0595 -0.1580
vn 0.8707 0.1674 -0.4625
vn 0.8637 0.2116 -0.4574
vn 0.8755 0.1869 -0.4456
vn 0.9117 -0.0909 0.4006
vn 0.9250 -0.0320 0.3786
vn 0.9036 -0.0654 0.4233
vn 0.6294 0.1856 0.7546
vn 0.6258 0.1449 0.7664
vn 0.6461 0.1565 0.7470
vn 0.8691 -0.1232 0.4790
vn 0.8777 -0.1373 0.4590
vn 0.8803 -0.1136 0.4607
vn 0.9567 0.0395 0.2885
vn 0.9571 0.0161 0.2895
vn 0.9624 0.0298 0.2701
vn 0.5575 0.1358 -0.8190
vn 0.5467 0.1567 -0.8226
vn 0.5711 0.1546 -0.8062
vn 0.7731 0.0351 -0.6334
vn 0.7891 0.0332 -0.6134
vn 0.7790 0.0127 -0.6269
vn 0.4167 0.0891 0.9047
vn 0.3900 0.0811 0.9172
vn 0.4164 0.0702 0.9065
vn 0.8249 -0.0243 0.5648
vn 0.8397 -0.0205 0.5427
vn 0.8184 0.0427 0.5730
vn 0.7253 0.2095 -0.6558
vn 0.7388 0.2066 -0.6415
vn 0.7322 0.1889 -0.6544
vn 0.9456 0.1207 -0.3022
vn 0.9399 0.1022 -0.3258
vn 0.9314 0.1262 -0.3413
vn 0.7127 0.2724 -0.6464
vn 0.7042 0.2479 -0.6654
vn 0.6840 0.2636 -0.6802
vn 0.9326 -0.0132 0.3606
vn 0.9238 -0.0421 0.3805
vn 0.9354 -0.0196 0.3531
vn 0.7377 0.1847 -0.6494
vn 0.7122 0.1765 -0.6794
vn 0.7158 0.2215 -0.6623
vn 0.6479 -0.0062 -0.7617
vn 0.6461 0.0145 -0.7631
vn 0.6664 0.0116 -0.7455
vn 0.7276 -0.0231 0.6856
vn 0.7110 -0.0287 0.7026
vn 0.7170 -0.0497 0.6953
vn 0.6477 -0.0302 0.7613
vn 0.6277 -0.0397 0.7774
vn 0.6315 -0.0572 0.7733
vn 0.4626 -0.0300 0.8861
vn 0.4324 -0.0364 0.9010
vn 0.4579 -0.0463 0.8878
vn 0.8974 0.1306 -0.4214
vn 0.8977 0.1090 -0.4270
vn 0.8899 0.1235 -0.4391
vn 0.5820 0.0308 -0.8126
vn 0.5977 0.0207 -0.8015
vn 0.5832 0.0016 -0.8123
vn 0.5082 -0.0339 0.8606
vn 0.4927 -0.0460 0.8690
vn 0.5127 -0.0442 0.8574
vn 0.5549 -0.0761 -0.8284
vn 0.5373 -0.1037 -0.8370
vn 0.5336 -0.0826 -0.8417
vn 0.8778 -0.0452 0.4770
vn 0.8829 -0.0429 0.4675
vn 0.8805 -0.0327 0.4730
vn 0.9179 0.1466 0.3687
vn 0.9036 0.1650 0.3953
vn 0.9098 0.1417 0.3901
vn 0.7995 0.1616 0.5785
vn 0.8155 0.1634 0.5552
vn 0.8140 0.1900 0.5488
vn 0.8118 0.2334 -0.5352
vn 0.1510 -0.0307 -0.9881
vn 0.0996 0.7637 -0.6379
vn -0.0224 0.6430 -0.7655
vn 0.1446 -0.8264 -0.5442
vn -0.1218 -0.0393 -0.9918
vn 0.8168 0.0194 -0.5766
vn 0.8118 0.0359 -0.5829
vn 0.8191 0.0336 -0.5727
vn 0.2524 0.0181 -0.9674
vn 0.2710 0.0053 -0.9626
vn 0.2541 -0.0022 -0.9672
vn 0.5002 0.0727 -0.8628
vn 0.5083 0.0578 -0.8592
vn 0.4881 0.0551 -0.8711
vn 0.2765 0.0817 -0.9575
vn 0.1885 -0.0587 -0.9803
vn 0.1248 0.0293 -0.9917
vn 0.8873 0.1302 0.4425
vn 0.8815 0.1943 0.4303
vn 0.8632 0.1659 0.4769
vn 0.2230 0.1984 -0.9544
vn 0.2319 0.1832 -0.9553
vn 0.2152 0.1867 -0.9585
vn 0.2349 -0.8019 0.5494
vn 0.7848 -0.4861 0.3845
vn 0.3289 -0.0321 0.9438
vn 0.3235 -0.0491 0.9450
vn 0.9712 0.1464 -0.1881
vn 0.9686 0.1898 -0.1609
vn 0.9839 0.1214 -0.1313
vn 0.6864 -0.0557 0.7251
vn 0.6999 -0.0422 0.7130
vn 0.6777 -0.0371 0.7344
vn 0.8528 -0.0652 0.5182
vn 0.8617 -0.0290 0.5066
vn 0.8470 -0.0593 0.5283
vn 0.8760 -0.1180 0.4676
vn 0.8603 -0.0958 0.5008
vn 0.8551 -0.1266 0.5028
vn 0.9019 -0.0038 0.4320
vn 0.9097 0.0103 0.4151
vn 0.9021 0.0083 0.4314
vn 0.9721 -0.1358 0.1912
vn 0.9788 -0.1603 0.1272
vn 0.9828 -0.1328 0.1287
vn 0.7043 0.0813 0.7052
vn 0.6715 0.0990 0.7344
vn 0.6970 0.0178 0.7168
vn 0.9148 0.2520 -0.3155
vn 0.9340 0.1688 -0.3148
vn 0.9129 0.2233 -0.3416
vn 0.9986 0.0108 0.0526
vn 0.9992 0.0027 0.0389
vn 0.9994 0.0166 0.0306
vn 0.7967 0.1565 -0.5838
vn 0.7990 0.1408 -0.5846
vn 0.7917 0.1495 -0.5924
vn 0.8146 0.1551 -0.5589
vn 0.8238 0.1560 -0.5450
vn 0.8165 0.1409 -0.5599
vn 0.4582 -0.1228 0.8803
vn 0.4758 -0.1054 0.8732
vn 0.4636 -0.0849 0.8820
vn 0.9099 0.1651 -0.3807
vn 0.9155 0.1790 -0.3604
vn 0.9179 0.1568 -0.3644
vn 0.7815 -0.1853 0.5958
vn 0.7693 -0.1893 0.6102
vn 0.7751 -0.2209 0.5920
vn 0.8519 -0.0913 0.5157
vn 0.8331 -0.0812 0.5472
vn 0.8312 -0.0975 0.5473
vn 0.5940 0.1944 0.7806
vn 0.6071 0.2012 0.7687
vn 0.5902 0.2180 0.7772
vn 0.6150 0.1727 0.7694
vn 0.6189 0.1870 0.7629
vn 0.6039 0.1767 0.7773
vn 0.7875 0.1396 -0.6002
vn 0.7733 0.1501 -0.6160
vn 0.7822 0.1701 -0.5994
vn 0.2557 -0.2669 -0.9292
vn 0.2542 -0.2588 -0.9319
vn 0.2603 -0.2551 -0.9312
vn 0.2675 -0.2602 -0.9278
vn 0.5417 0.0508 -0.8390
vn 0.5499 0.0744 -0.8319
vn 0.5573 0.0408 -0.8293
vn 0.5828 -0.0327 0.8120
vn 0.5729 -0.0142 0.8195
vn 0.5468 -0.0262 0.8368
vn 0.4406 0.3334 -0.8335
vn 0.4539 0.3101 -0.8354
vn 0.4348 0.3117 -0.8449
vn 0.8534 0.1481 -0.4998
vn 0.8595 0.1373 -0.4923
vn 0.8491 0.1326 -0.5114
vn 0.6558 -0.0975 0.7486
vn 0.6439 -0.0864 0.7602
vn 0.6395 -0.1012 0.7621
vn 0.8597 -0.3059 0.4091
vn 0.8686 -0.3143 0.3831
vn 0.8687 -0.2844 0.4056
vn 0.7869 0.1711 -0.5929
vn 0.7947 0.1715 -0.5822
vn 0.7919 0.1580 -0.5898
vn 0.3058 0.2300 -0.9239
vn 0.2997 0.2349 -0.9246
vn 0.3008 0.2442 -0.9219
vn 0.3157 0.2366 -0.9189
vn 0.9166 0.2373 0.3218
vn 0.9181 0.2028 0.3406
vn 0.9275 0.2075 0.3109
vn 0.9927 0.1202 -0.0040
vn 0.9958 0.0913 0.0105
vn 0.9954 0.0937 -0.0206
vn 0.7175 -0.0069 0.6965
vn 0.7209 0.0145 0.6929
vn 0.7095 0.0083 0.7047
vn 0.7124 -0.0372 0.7008
vn 0.7253 -0.0364 0.6875
vn 0.7163 -0.0173 0.6975
vn 0.7133 0.4129 0.5663
vn 0.6899 0.4249 0.5861
vn 0.7093 0.3892 0.5878
vn 0.7479 -0.1070 -0.6551
vn 0.7581 -0.1209 -0.6408
vn 0.7432 -0.1271 -0.6569
vn 0.8606 0.0359 0.5080
vn 0.8435 0.0395 0.5357
vn 0.8558 0.0201 0.5169
vn 0.7758 0.0705 0.6270
vn 0.7873 0.0453 0.6149
vn 0.7964 0.0765 0.5999
vn 0.6228 -0.0287 0.7819
vn 0.6253 -0.0648 0.7777
vn 0.6458 -0.0426 0.7623
vn 0.3492 0.0775 -0.9339
vn 0.3659 0.0811 -0.9271
vn 0.3662 0.0644 -0.9283
vn 0.3831 -0.1510 -0.9113
vn 0.3999 -0.1630 -0.9020
vn 0.3805 -0.1618 -0.9105
vn 0.9787 -0.1136 0.1709
vn 0.9774 -0.0950 0.1890
vn 0.9744 -0.1073 0.1977
vn 0.9061 0.0125 0.4228
vn 0.9127 0.0122 0.4085
vn 0.9082 0.0316 0.4174
vn 0.9885 0.0941 -0.1181
vn 0.9929 0.0541 -0.1056
vn 0.9907 0.0523 -0.1254
vn 0.9892 -0.0044 0.1465
vn 0.9908 0.0133 0.1344
vn 0.9866 0.0275 0.1606
vn 0.7537 -0.2110 0.6225
vn 0.7759 -0.2054 0.5965
vn 0.7616 -0.1899 0.6196
vn 0.2315 -0.1092 -0.9667
vn 0.2135 -0.1115 -0.9706
vn 0.2135 -0.0973 -0.9721
vn 0.6647 -0.0110 0.7470
vn 0.6700 -0.0344 0.7416
vn 0.6813 -0.0089 0.7320
vn 0.8404 0.1154 -0.5296
vn 0.8433 0.1340 -0.5205
vn 0.8493 0.1193 -0.5142
vn 0.9896 -0.0089 0.1434
vn 0.9922 0.0080 0.1246
vn 0.9900 0.0322 0.1376
vn 0.6926 0.1405 -0.7075
vn 0.6836 0.1389 -0.7166
vn 0.6825 0.1486 -0.7156
vn 0.6680 0.1436 -0.7302
vn 0.6608 0.1518 -0.7351
vn 0.6692 0.1533 -0.7271
vn 0.8832 0.1843 0.4313
vn 0.8843 0.1224 0.4506
vn 0.9023 0.1620 0.3994
vn 0.9509 0.0567 0.3042
vn 0.9324 0.0121 0.3612
vn 0.9512 0.0156 0.3081
vn 0.5597 -0.0038 -0.8287
vn 0.5679 0.0142 -0.8230
vn 0.5754 0.0021 -0.8178
vn 0.6156 0.1823 0.7667
vn 0.6195 0.1875 0.7623
vn 0.6044 0.1933 0.7729
vn 0.7200 0.0705 -0.6904
vn 0.7351 0.0728 -0.6741
vn 0.7284 0.0510 -0.6832
vn 0.6192 -0.3168 -0.7184
vn 0.6093 -0.3019 -0.7332
vn 0.6298 -0.3048 -0.7145
vn 0.8554 0.1799 0.4857
vn 0.8441 0.1770 0.5061
vn 0.8542 0.1662 0.4926
vn 0.5249 -0.0037 0.8512
vn 0.5554 0.0043 0.8316
vn 0.5349 0.0231 0.8446
vn 0.8760 0.1997 -0.4389
vn 0.8687 0.1626 -0.4678
vn 0.8643 0.1848 -0.4678
vn 0.8940 0.2018 -0.4000
vn 0.8849 0.2082 -0.4167
vn 0.8848 0.2213 -0.4100
vn 0.7484 0.0737 0.6591
vn 0.7260 0.0609 0.6850
vn 0.7341 -0.0247 0.6786
vn 0.7755 0.0179 0.6311
vn 0.6391 0.0636 -0.7665
vn 0.6156 0.0899 -0.7829
vn 0.6294 0.0985 -0.7708
vn 0.9939 0.0201 0.1083
vn 0.9961 -0.0030 0.0879
vn 0.9968 0.0262 0.0759
vn 0.8915 -0.0180 0.4527
vn 0.8942 0.0037 0.4477
vn 0.8856 -0.0082 0.4644
vn 0.8767 0.0503 0.4783
vn 0.8882 0.0513 0.4567
vn 0.8812 0.0691 0.4676
vn 0.9814 -0.0068 0.1921
vn 0.9730 0.0380 0.2276
vn 0.9710 0.0095 0.2387
vn 0.8485 0.1399 -0.5103
vn 0.8438 0.1755 -0.5072
vn 0.8543 0.1701 -0.4911
vn 0.8786 0.0930 0.4684
vn 0.8740 0.0742 0.4803
vn 0.8811 0.0725 0.4674
vn 0.7416 0.0637 0.6678
vn 0.7322 0.0691 0.6775
vn 0.7343 0.0510 0.6769
vn 0.1734 0.0730 -0.9822
vn 0.1935 0.0864 -0.9773
vn 0.1936 0.0648 -0.9789
vn 0.8192 -0.0289 -0.5727
vn 0.8497 -0.0022 -0.5273
vn 0.8208 -0.0975 -0.5628
vn 0.1437 0.8154 -0.5607
vn 0.8706 -0.1962 -0.4511
vn 0.2173 0.0295 -0.9757
vn 0.2369 0.0513 -0.9702
vn 0.7941 0.2290 0.5629
vn 0.1606 0.0152 0.9869
vn 0.1620 -0.6300 0.7595
vn 0.7916 0.2976 0.5337
vn 0.8068 0.2930 0.5130
vn 0.8021 0.3137 0.5081
vn 0.9250 0.1296 0.3572
vn 0.9297 0.0986 0.3547
vn 0.9311 0.1288 0.3412
vn 0.9162 0.0521 -0.3973
vn 0.9184 0.0838 -0.3867
vn 0.9217 0.0627 -0.3827
vn 0.9975 -0.0650 -0.0258
vn 0.9988 -0.0486 0.0030
vn 0.9969 -0.0780 -0.0091
vn 0.2033 0.0688 -0.9767
vn 0.1959 0.0867 -0.9768
vn 0.2176 0.0948 -0.9714
vn 0.8191 -0.0921 0.5662
vn 0.8099 -0.0958 0.5787
vn 0.8130 -0.1068 0.5724
vn 0.8599 0.0294 0.5096
vn 0.7844 -0.1444 0.6032
vn 0.8228 -0.2148 0.5262
vn 0.8330 0.1406 -0.5351
vn 0.8424 0.1353 -0.5216
vn 0.8376 0.1180 -0.5334
vn 0.7815 0.0969 -0.6163
vn 0.7691 0.1094 -0.6297
vn 0.7772 0.1187 -0.6179
vn 0.9435 -0.0841 0.3204
vn 0.9368 -0.0864 0.3391
vn 0.9393 -0.0962 0.3294
vn 0.8297 0.0541 0.5556
vn 0.2211 0.1268 0.9670
vn 0.1469 -0.6274 0.7647
vn 0.3876 0.0221 0.9216
vn 0.4220 0.0260 0.9062
vn 0.3855 0.0484 0.9214
vn 0.3933 0.0147 0.9193
vn 0.4140 0.0482 0.9090
vn 0.3834 0.0259 0.9232
vn 0.9349 -0.0430 0.3524
vn 0.9472 -0.0079 0.3206
vn 0.9257 0.0158 0.3779
vn -0.0850 0.8044 -0.5880
vn 0.0302 -0.6398 -0.7680
vn -0.1321 0.1710 -0.9764
vn 0.3776 -0.0749 0.9230
vn 0.4017 -0.0975 0.9106
vn 0.3911 -0.0515 0.9189
vn 0.9923 0.0791 0.0957
vn 0.9926 0.0551 0.1084
vn 0.9965 0.0225 0.0807
vn 0.0496 0.5408 -0.8397
vn 0.7662 -0.2448 -0.5942
vn 0.0665 -0.2610 -0.9630
vn 0.0792 -0.2355 -0.9686
vn 0.9951 -0.0987 0.0077
vn 0.9986 -0.0491 -0.0213
vn 0.9993 -0.0360 0.0125
vn 0.9309 0.0043 -0.3653
vn 0.9326 -0.0248 -0.3600
vn 0.9172 -0.0435 -0.3961
vn 0.9104 0.1384 -0.3899
vn 0.9175 0.1189 -0.3795
vn 0.9122 0.1049 -0.3961
vn 0.9502 0.0975 -0.2960
vn 0.9553 0.1097 -0.2744
vn 0.9597 0.0805 -0.2692
vn 0.2546 -0.0006 0.9670
vn 0.2843 -0.0423 0.9578
vn 0.2929 -0.0143 0.9560
vn 0.9928 0.0550 0.1064
vn 0.9895 0.0534 0.1340
vn 0.9915 0.0334 0.1256
vn 0.4457 -0.0655 0.8928
vn 0.4423 -0.0427 0.8958
vn 0.4306 -0.0558 0.9008
vn 0.3720 -0.0710 0.9255
vn 0.3788 -0.0924 0.9209
vn 0.3950 -0.0737 0.9157
vn 0.3028 0.0052 0.9530
vn 0.3105 0.0399 0.9497
vn 0.2857 0.0200 0.9581
vn 0.4183 0.0977 0.9031
vn 0.4211 0.1192 0.8992
vn 0.4065 0.1110 0.9069
vn 0.3611 0.0154 -0.9324
vn 0.3800 0.0021 -0.9250
vn 0.3620 -0.0152 -0.9320
vn 0.8131 0.0945 -0.5744
vn 0.8016 0.0769 -0.5928
vn 0.7948 0.1015 -0.5983
vn 0.7924 0.1524 -0.5906
vn 0.8035 0.1406 -0.5784
vn 0.7943 0.1362 -0.5920
vn 0.9365 -0.0327 0.3491
vn 0.9256 -0.0016 0.3784
vn 0.9264 -0.0850 0.3668
vn 0.9754 -0.0262 0.2188
vn 0.9747 0.0048 0.2234
vn 0.9717 -0.0147 0.2358
vn 0.9726 -0.0193 0.2317
vn 0.9765 -0.0103 0.2153
vn 0.9725 -0.0099 0.2326
vn 0.6549 0.0804 -0.7515
vn 0.6532 0.0558 -0.7552
vn 0.6359 0.0758 -0.7680
vn 0.7625 0.1728 -0.6235
vn 0.7758 0.1452 -0.6141
vn 0.7640 0.1469 -0.6283
vn 0.0275 -0.6130 -0.7896
vn 0.0405 -0.5971 -0.8011
vn 0.0437 -0.6081 -0.7927
vn 0.9746 0.0502 0.2184
vn 0.9704 0.0515 0.2360
vn 0.9739 0.0305 0.2247
vn 0.3823 -0.1658 0.9090
vn 0.6674 -0.1064 0.7371
vn 0.3979 0.2121 0.8926
vn 0.8122 0.2132 -0.5431
vn 0.8223 0.1795 -0.5399
vn 0.8130 0.1830 -0.5528
vn 0.9193 0.3003 -0.2545
vn 0.9332 0.2671 -0.2405
vn 0.9249 0.2632 -0.2745
vn 0.9042 0.1201 -0.4098
vn 0.8987 0.1350 -0.4173
vn 0.9070 0.1352 -0.3988
vn 0.5073 0.0403 -0.8608
vn 0.5040 0.0157 -0.8636
vn 0.4895 0.0384 -0.8712
vn 0.6562 0.1366 -0.7421
vn 0.6508 0.1432 -0.7456
vn 0.6598 0.1499 -0.7363
vn 0.9757 0.0967 -0.1967
vn 0.9657 0.0891 -0.2440
vn 0.9669 0.1398 -0.2136
vn 0.9847 -0.0878 0.1506
vn 0.9811 -0.0997 0.1656
vn 0.9806 -0.1184 0.1561
vn 0.7064 0.0868 -0.7024
vn 0.6902 0.1007 -0.7165
vn 0.7036 0.1062 -0.7026
vn 0.2295 -0.0554 -0.9717
vn 0.2469 -0.0877 -0.9650
vn 0.2284 -0.0827 -0.9701
vn 0.8336 0.3184 -0.4512
vn 0.7869 0.3087 -0.5343
vn 0.8057 0.3470 -0.4800
vn 0.9998 0.0214 -0.0026
vn 0.9998 0.0127 -0.0120
vn 0.9984 0.0502 -0.0246
vn 0.8666 0.1832 -0.4641
vn 0.8552 0.1526 -0.4953
vn 0.8417 0.2125 -0.4964
vn 0.8275 0.1478 -0.5417
vn 0.8348 0.1705 -0.5236
vn 0.8478 0.1391 -0.5118
vn 0.9517 0.0256 -0.3058
vn 0.9444 0.0076 -0.3286
vn 0.9425 0.0473 -0.3309
vn 0.3196 -0.1126 -0.9408
vn 0.2889 -0.1242 -0.9493
vn 0.2945 -0.0899 -0.9514
vn 0.0674 -0.0425 -0.9968
vn -0.0373 -0.2127 -0.9764
vn -0.1790 0.0058 -0.9838
vn 0.1683 -0.8092 -0.5629
vn -0.1193 -0.0832 -0.9894
vn -0.0880 0.5911 -0.8018
vn 0.6650 0.0743 -0.7432
vn 0.6831 0.0723 -0.7267
vn 0.6714 0.0448 -0.7397
vn 0.8032 0.1035 -0.5867
vn 0.7866 0.1253 -0.6047
vn 0.7990 0.1306 -0.5870
vn 0.6285 0.0623 -0.7753
vn 0.6465 0.0496 -0.7613
vn 0.6400 0.0439 -0.7671
vn 0.6783 0.1513 -0.7190
vn 0.6787 0.1369 -0.7216
vn 0.6714 0.1400 -0.7278
vn 0.1096 0.8933 -0.4360
vn 0.6412 -0.4270 -0.6376
vn 0.1672 0.2295 -0.9588
vn 0.3310 0.0154 -0.9435
vn 0.3186 0.0321 -0.9474
vn 0.3399 0.0488 -0.9392
vn 0.9630 0.2259 -0.1467
vn 0.9742 0.1875 -0.1258
vn 0.9668 0.2014 -0.1572
vn 0.4596 -0.0318 -0.8876
vn 0.4678 -0.0420 -0.8828
vn 0.4533 -0.0391 -0.8905
vn 0.6806 -0.0457 0.7313
vn 0.6798 -0.0191 0.7331
vn 0.6685 -0.0352 0.7429
vn 0.6869 0.0839 0.7219
vn 0.7108 0.0919 0.6974
vn 0.6803 0.1014 0.7259
vn 0.6791 0.0973 0.7276
vn 0.6961 0.0897 0.7123
vn 0.6975 0.1208 0.7063
vn 0.9961 -0.0878 0.0135
vn 0.9982 -0.0519 -0.0315
vn 0.9978 -0.0647 0.0108
vn 0.9749 -0.0305 0.2207
vn 0.9745 -0.0026 0.2244
vn 0.9696 -0.0347 0.2423
vn 0.9142 -0.1650 0.3702
vn 0.9233 -0.1676 0.3455
vn 0.9206 -0.1434 0.3632
vn 0.8635 0.0698 0.4995
vn 0.8726 0.0638 0.4843
vn 0.8736 0.0797 0.4800
vn 0.6041 -0.0210 -0.7967
vn 0.6005 -0.0366 -0.7988
vn 0.5878 -0.0214 -0.8087
vn 0.9769 0.0512 0.2074
vn 0.9775 0.0102 0.2105
vn 0.9812 0.0215 0.1919
vn 0.9596 0.0484 0.2771
vn 0.9546 0.0320 0.2963
vn 0.9602 0.0026 0.2793
vn 0.9417 -0.0558 -0.3317
vn 0.9534 -0.0620 -0.2952
vn 0.9442 -0.0730 -0.3211
vn 0.5458 0.0433 -0.8368
vn 0.5377 0.0235 -0.8428
vn 0.5330 0.0456 -0.8449
vn 0.5672 -0.8232 0.0249
vn 0.5549 -0.8318 0.0120
vn 0.5614 -0.8274 -0.0140
vn 0.5859 -0.8103 0.0123
vn 0.5877 0.2562 -0.7674
vn 0.6147 0.2760 -0.7389
vn 0.6184 0.2656 -0.7396
vn 0.9111 0.3589 -0.2029
vn 0.9364 0.2862 -0.2030
vn 0.9132 0.3215 -0.2506
vn 0.8680 0.1238 0.4809
vn 0.8906 0.0604 0.4508
vn 0.8924 0.1182 0.4355
vn 0.9754 -0.1241 0.1821
vn 0.9799 -0.0865 0.1797
vn 0.9724 -0.0765 0.2202
vn 0.6945 -0.4071 -0.5932
vn 0.0848 -0.0541 -0.9949
vn 0.0661 0.6769 -0.7331
vn 0.7966 0.1192 -0.5927
vn 0.7812 0.1294 -0.6107
vn 0.7927 0.1449 -0.5921
vn 0.6409 0.2938 -0.7091
vn 0.6357 0.3144 -0.7050
vn 0.6510 0.3133 -0.6914
vn 0.4616 0.0897 -0.8826
vn 0.4782 0.0964 -0.8729
vn 0.4851 0.0626 -0.8722
vn 0.5639 -0.0030 -0.8259
vn 0.5550 0.0228 -0.8315
vn 0.6171 0.0429 -0.7857
vn 0.5413 -0.0709 -0.8378
vn 0.5533 -0.0879 -0.8283
vn 0.5343 -0.0845 -0.8410
vn 0.1542 -0.9650 -0.2119
vn 0.1832 -0.9607 -0.2085
vn 0.1660 -0.9683 -0.1867
vn 0.3915 -0.2436 -0.8873
vn 0.3926 -0.2329 -0.8897
vn 0.4067 -0.2434 -0.8805
vn 0.5252 -0.0089 -0.8510
vn 0.5329 -0.0226 -0.8459
vn 0.5173 -0.0205 -0.8556
vn 0.4885 -0.4399 -0.7536
vn 0.4803 -0.4447 -0.7560
vn 0.4781 -0.4348 -0.7631
vn 0.5718 -0.2171 -0.7911
vn 0.5827 -0.2054 -0.7863
vn 0.5801 -0.2223 -0.7837
vn 0.7507 0.1442 -0.6447
vn 0.7638 0.1221 -0.6338
vn 0.7366 0.1187 -0.6658
vn 0.9493 -0.0528 -0.3099
vn 0.9572 -0.0226 -0.2884
vn 0.9589 -0.0628 -0.2765
vn 0.9523 0.0658 0.2981
vn 0.9490 0.0722 0.3068
vn 0.9487 0.0590 0.3105
vn 0.9820 -0.0657 0.1769
vn 0.9871 -0.0654 0.1464
vn 0.9886 -0.0509 0.1414
vn 0.9858 -0.1622 0.0442
vn 0.9894 -0.1311 0.0617
vn 0.9850 -0.1533 0.0792
vn 0.6322 -0.0404 0.7737
vn 0.6314 -0.0622 0.7729
vn 0.6454 -0.0546 0.7619
vn 0.6346 -0.0375 0.7719
vn 0.6439 -0.0547 0.7632
vn 0.6506 -0.0250 0.7590
vn 0.9700 -0.0700 0.2329
vn 0.9733 -0.0768 0.2164
vn 0.9756 -0.0521 0.2132
vn 0.9621 0.0936 0.2562
vn 0.9688 0.0715 0.2373
vn 0.9670 0.1190 0.2252
vn 0.9982 -0.0581 0.0154
vn 0.9981 -0.0587 -0.0190
vn 0.9999 -0.0081 -0.0107
vn 0.9993 -0.0032 -0.0369
vn 0.9972 -0.0461 -0.0584
vn 0.9969 -0.0119 -0.0781
vn 0.8720 0.0173 0.4892
vn 0.8662 -0.0137 0.4996
vn 0.8805 -0.0232 0.4734
vn 0.8411 -0.0139 0.5407
vn 0.8525 -0.0564 0.5197
vn 0.8702 -0.0275 0.4920
vn 0.9890 0.1137 -0.0946
vn 0.9831 0.1541 -0.0991
vn 0.9899 0.1285 -0.0599
vn 0.8778 0.2041 0.4334
vn 0.8688 0.2070 0.4498
vn 0.8778 0.1797 0.4440
vn 0.9969 0.0765 0.0162
vn 0.9984 0.0456 0.0337
vn 0.9993 0.0355 0.0137
vn 0.9996 0.0250 0.0156
vn 0.9988 0.0284 0.0402
vn 0.9994 0.0112 0.0338
vn 0.9690 0.0431 0.2431
vn 0.9711 -0.0046 0.2384
vn 0.9821 0.0497 0.1818
vn 0.9703 -0.0225 0.2407
vn 0.9664 -0.0000 0.2570
vn 0.9659 -0.0285 0.2572
vn 0.9676 -0.0431 0.2487
vn 0.9717 -0.0138 0.2359
vn 0.9624 -0.0173 0.2710
vn 0.9801 -0.0263 0.1965
vn 0.9739 -0.0138 0.2266
vn 0.9735 -0.0487 0.2234
vn 0.8427 -0.0948 0.5300
vn 0.8440 -0.1060 0.5257
vn 0.8569 -0.0889 0.5077
vn 0.9719 0.2127 -0.1005
vn 0.9796 0.1839 -0.0805
vn 0.9754 0.1919 -0.1088
vn 0.8677 0.1942 0.4576
vn 0.8766 0.1857 0.4439
vn 0.8716 0.2022 0.4467
vn 0.3191 0.1755 -0.9313
vn 0.3016 0.1469 -0.9420
vn 0.2933 0.1773 -0.9394
vn 0.3623 0.1190 -0.9244
vn 0.3818 0.1410 -0.9134
vn 0.3881 0.1053 -0.9156
vn 0.9581 0.0221 -0.2857
vn 0.9678 0.0113 -0.2514
vn 0.9652 -0.0076 -0.2614
vn 0.8821 0.1119 -0.4576
vn 0.8888 0.1011 -0.4469
vn 0.8849 0.0916 -0.4567
vn 0.9279 -0.0080 0.3728
vn 0.9340 -0.0116 0.3571
vn 0.9328 0.0042 0.3603
vn 0.8731 0.1002 0.4772
vn 0.8761 0.0761 0.4760
vn 0.8804 0.0901 0.4655
vn 0.9283 0.0593 0.3671
vn 0.9376 0.0751 0.3396
vn 0.9351 0.1015 0.3396
vn 0.9448 0.1251 0.3028
vn 0.9418 0.1324 0.3091
vn 0.9409 0.1133 0.3192
vn 0.9872 -0.1584 -0.0189
vn 0.9862 -0.1582 -0.0480
vn 0.9907 -0.1311 -0.0351
vn 0.9045 0.0568 -0.4226
vn 0.9040 0.1016 -0.4153
vn 0.9122 0.0942 -0.3988
vn 0.8897 0.0256 0.4559
vn 0.8950 0.0104 0.4459
vn 0.8980 0.0279 0.4391
vn 0.9864 0.0327 0.1610
vn 0.9872 0.0197 0.1581
vn 0.9886 0.0315 0.1471
vn 0.9996 -0.0254 0.0142
vn 0.9990 -0.0404 0.0212
vn 0.9991 -0.0413 0.0122
vn 0.9167 -0.1073 -0.3848
vn 0.9175 -0.0254 -0.3968
vn 0.9302 -0.0529 -0.3632
vn 0.6348 -0.0485 0.7711
vn 0.6474 -0.0506 0.7605
vn 0.6427 -0.0314 0.7655
vn 0.6353 -0.0440 0.7710
vn 0.6455 -0.0549 0.7618
vn 0.6492 -0.0335 0.7598
vn 0.9520 0.1461 -0.2688
vn 0.9505 0.1569 -0.2680
vn 0.9553 0.1416 -0.2595
vn 0.9567 0.1438 -0.2530
vn 0.9541 0.1475 -0.2607
vn 0.9561 0.1538 -0.2495
vn 0.8210 0.0868 -0.5643
vn 0.8103 0.0941 -0.5784
vn 0.8140 0.1076 -0.5708
vn 0.9102 0.1326 -0.3923
vn 0.8964 0.1370 -0.4214
vn 0.9018 0.1719 -0.3965
vn 0.8908 0.1458 -0.4304
vn 0.8916 0.1280 -0.4344
vn 0.8791 0.1477 -0.4531
vn 0.9642 -0.0500 0.2606
vn 0.9638 -0.0813 0.2539
vn 0.9696 -0.0706 0.2345
vn 0.8716 0.0193 0.4898
vn 0.8704 -0.0018 0.4923
vn 0.8783 0.0142 0.4779
vn 0.8009 0.0111 0.5987
vn 0.7921 0.0180 0.6101
vn 0.7918 0.0074 0.6108
vn 0.5439 -0.4028 0.7362
vn 0.5576 -0.3865 0.7347
vn 0.5301 -0.3891 0.7534
vn 0.9740 -0.0945 0.2059
vn 0.9611 -0.1151 0.2509
vn 0.9613 -0.1321 0.2419
vn 0.9882 -0.0959 0.1197
vn 0.9886 -0.1045 0.1083
vn 0.9902 -0.0853 0.1110
vn 0.1750 0.7689 -0.6150
vn 0.5038 0.6887 -0.5215
vn 0.3008 -0.0597 -0.9518
vn 0.2855 -0.0364 -0.9577
vn 0.9564 0.0440 -0.2887
vn 0.9618 0.0135 -0.2734
vn 0.9543 0.0029 -0.2990
vn 0.9765 -0.1446 0.1598
vn 0.9699 -0.1007 0.2217
vn 0.9686 -0.1407 0.2052
vn 0.8344 -0.0189 0.5508
vn 0.8274 -0.0885 0.5546
vn 0.8450 -0.0742 0.5297
vn 0.8536 0.1235 -0.5060
vn 0.8513 0.1099 -0.5131
vn 0.8444 0.1192 -0.5223
vn 0.5642 0.0315 0.8251
vn 0.5872 0.0443 0.8083
vn 0.5617 0.0447 0.8261
vn -0.2120 -0.7238 -0.6566
vn -0.2114 -0.7029 -0.6791
vn -0.1858 -0.7194 -0.6693
vn -0.2200 -0.2840 -0.9332
vn -0.1896 -0.2897 -0.9382
vn -0.2076 -0.3095 -0.9280
vn 0.8943 0.2148 -0.3925
vn 0.8952 0.1994 -0.3987
vn 0.8889 0.2089 -0.4078
vn 0.8673 0.1369 -0.4786
vn 0.8629 0.1508 -0.4823
vn 0.8691 0.1580 -0.4687
vn 0.8231 0.1229 -0.5545
vn 0.8207 0.1025 -0.5621
vn 0.8170 0.1140 -0.5652
vn 0.8090 0.1280 -0.5737
vn 0.7965 0.1162 -0.5934
vn 0.7939 0.1335 -0.5932
vn 0.9474 -0.1376 0.2890
vn 0.9266 -0.1286 0.3533
vn 0.9183 -0.1589 0.3625
vn 0.9499 0.1146 0.2908
vn 0.9583 0.0949 0.2694
vn 0.9551 0.1361 0.2630
vn 0.8234 0.1154 0.5557
vn 0.8320 0.1069 0.5444
vn 0.8384 0.1224 0.5311
vn 0.8261 0.1371 0.5465
vn 0.8227 0.1197 0.5557
vn 0.8383 0.1161 0.5328
vn 0.6020 0.0021 0.7985
vn 0.6186 -0.0049 0.7857
vn 0.6142 0.0170 0.7889
vn 0.9628 0.1116 0.2462
vn 0.9745 0.0767 0.2111
vn 0.9647 0.1369 0.2251
vn 0.7278 0.1982 -0.6565
vn 0.7219 0.1851 -0.6668
vn 0.7154 0.2027 -0.6687
vn 0.9104 -0.0985 0.4018
vn 0.8707 -0.1634 0.4638
vn 0.8714 -0.2033 0.4465
vn 0.7644 -0.0056 0.6447
vn 0.7750 0.0072 0.6319
vn 0.7634 0.0134 0.6458
vn 0.7024 0.0092 0.7118
vn 0.6947 0.0382 0.7183
vn 0.6841 0.0101 0.7294
vn 0.8939 -0.0410 0.4465
vn 0.8817 -0.0689 0.4668
vn 0.8939 -0.0807 0.4409
vn 0.9331 -0.0197 0.3590
vn 0.9387 -0.0459 0.3417
vn 0.9445 -0.0151 0.3282
vn 0.9728 -0.2082 0.1016
vn 0.9805 -0.1798 0.0791
vn 0.9779 -0.1781 0.1092
vn 0.9678 -0.1043 0.2293
vn 0.9728 -0.0863 0.2148
vn 0.9698 -0.0786 0.2308
vn 0.9629 -0.1299 0.2367
vn 0.9677 -0.1293 0.2166
vn 0.9664 -0.1085 0.2328
vn 0.8901 -0.0585 -0.4521
vn 0.8864 -0.1097 -0.4498
vn 0.8838 -0.0645 -0.4634
vn 0.6333 0.1741 -0.7541
vn 0.6359 0.1573 -0.7555
vn 0.6151 0.1646 -0.7711
vn 0.6715 0.1123 -0.7324
vn 0.6621 0.0731 -0.7458
vn 0.6556 0.1622 -0.7375
vn 0.9198 -0.0699 0.3860
vn 0.9293 -0.0498 0.3659
vn 0.9165 0.0215 0.3995
vn 0.9984 -0.0099 0.0561
vn 0.9963 0.0073 0.0851
vn 0.9954 -0.0287 0.0909
vn 0.8895 -0.0886 0.4482
vn 0.8795 -0.0648 0.4714
vn 0.8764 -0.0915 0.4727
vn 0.8802 -0.0724 0.4691
vn 0.8665 -0.0950 0.4901
vn 0.8792 -0.1083 0.4639
vn 0.4536 0.0020 0.8912
vn 0.3693 -0.0213 0.9291
vn 0.3928 -0.0493 0.9183
vn 0.9406 0.0566 0.3349
vn 0.9512 0.0556 0.3035
vn 0.9479 0.0781 0.3088
vn 0.9373 0.0568 0.3438
vn 0.9238 0.0662 0.3772
vn 0.9311 0.0154 0.3644
vn 0.9396 0.0451 0.3392
vn 0.9262 0.1008 0.3632
vn 0.9105 0.0911 0.4033
vn 0.9281 0.0652 0.3665
vn 0.8622 0.0196 0.5062
vn 0.8524 0.0207 0.5225
vn 0.8611 -0.0067 0.5083
vn 0.8984 -0.0037 0.4391
vn 0.8952 -0.0277 0.4447
vn 0.9093 0.0004 0.4161
vn 0.9751 0.0231 0.2208
vn 0.9800 0.0048 0.1991
vn 0.9793 0.0307 0.1999
vn 0.9695 0.0916 0.2272
vn 0.9733 0.0826 0.2142
vn 0.9734 0.1108 0.2005
vn 0.9550 0.0628 0.2899
vn 0.9545 0.0482 0.2941
vn 0.9596 0.0728 0.2719
vn 0.0225 0.7544 -0.6561
vn 0.2236 -0.6784 -0.6998
vn 0.0250 0.0591 -0.9979
vn 0.8607 0.1551 -0.4849
vn 0.8482 0.1914 -0.4939
vn 0.8529 0.2093 -0.4782
vn 0.9155 0.1960 -0.3513
vn 0.9257 0.1665 -0.3395
vn 0.9205 0.1440 -0.3632
vn 0.7595 0.3561 0.5443
vn 0.7487 0.3375 0.5705
vn 0.7643 0.3325 0.5526
vn 0.9900 0.0784 0.1171
vn 0.9843 0.0934 0.1499
vn 0.9922 0.0434 0.1167
vn 0.8598 -0.0638 0.5066
vn 0.7266 0.1086 0.6784
vn 0.7529 -0.0410 0.6568
vn 0.8965 -0.0767 0.4364
vn 0.9088 0.0721 0.4109
vn 0.8880 -0.0618 0.4557
vn 0.6663 -0.0684 -0.7426
vn 0.6819 -0.0661 -0.7285
vn 0.6697 -0.0872 -0.7375
vn 0.4194 -0.1952 -0.8866
vn 0.3956 -0.1815 -0.9003
vn 0.4162 -0.1202 -0.9013
vn 0.8426 0.2812 -0.4594
vn 0.8624 0.2664 -0.4305
vn 0.8435 0.2704 -0.4642
vn 0.9951 0.0806 -0.0574
vn 0.9948 0.0896 -0.0478
vn 0.9968 0.0668 -0.0448
vn 0.4007 -0.9138 0.0659
vn 0.3791 -0.9244 0.0420
vn 0.4061 -0.9135 0.0257
vn 0.9783 -0.1191 -0.1694
vn 0.9828 -0.1064 -0.1507
vn 0.9827 -0.1331 -0.1284
vn 0.9744 0.1424 -0.1739
vn 0.9789 0.1277 -0.1592
vn 0.9786 0.1115 -0.1732
vn 0.8148 0.0503 -0.5775
vn 0.8047 0.0633 -0.5902
vn 0.8184 0.0753 -0.5697
vn 0.9722 0.0313 -0.2319
vn 0.9633 0.0903 -0.2529
vn 0.9765 0.0640 -0.2056
vn 0.6385 0.0599 -0.7673
vn 0.6065 0.0173 -0.7949
vn 0.6111 0.0614 -0.7892
vn 0.4056 0.1018 0.9084
vn 0.4160 0.0785 0.9060
vn 0.4248 0.1024 0.8995
vn 0.9816 -0.0855 0.1709
vn 0.9835 -0.0914 0.1561
vn 0.9853 -0.0720 0.1549
vn 0.7261 -0.0823 0.6827
vn 0.6312 -0.2159 0.7450
vn 0.7083 -0.2312 0.6670
vn 0.6302 -0.0908 0.7711
vn 0.6246 -0.0596 0.7787
vn 0.6058 -0.0735 0.7922
vn 0.9674 0.1230 -0.2213
vn 0.9670 0.0774 -0.2427
vn 0.9557 0.1508 -0.2526
vn 0.8056 0.1504 -0.5731
vn 0.8020 0.1427 -0.5800
vn 0.7832 0.1736 -0.5970
vn 0.8069 0.1841 -0.5613
vn 0.9747 -0.0296 0.2214
vn 0.9751 -0.0029 0.2219
vn 0.9727 -0.0153 0.2315
vn 0.6486 0.0227 -0.7607
vn 0.6584 0.0417 -0.7515
vn 0.6687 0.0200 -0.7433
vn 0.9775 -0.0314 0.2088
vn 0.9722 -0.0691 0.2238
vn 0.9816 -0.0507 0.1843
vn 0.9779 0.0215 0.2079
vn 0.9670 0.0176 0.2542
vn 0.9734 -0.0002 0.2292
vn 0.4714 0.2167 -0.8549
vn 0.4846 0.1901 -0.8538
vn 0.4615 0.1989 -0.8646
vn 0.9143 -0.0254 0.4043
vn 0.9249 -0.0676 0.3742
vn 0.9193 -0.0012 0.3936
vn 0.7756 -0.0066 0.6312
vn 0.7676 -0.0715 0.6369
vn 0.7916 -0.0239 0.6105
vn 0.9608 -0.1007 0.2582
vn 0.9534 -0.1006 0.2846
vn 0.9534 -0.1205 0.2766
vn 0.4953 -0.0343 0.8681
vn 0.5077 -0.0164 0.8614
vn 0.4827 -0.0223 0.8755
vn 0.5109 -0.0122 0.8595
vn 0.5053 -0.0355 0.8622
vn 0.5184 -0.0373 0.8543
vn 0.9446 0.1276 0.3024
vn 0.9307 0.1169 0.3466
vn 0.9471 0.1044 0.3035
vn 0.9887 0.0204 0.1485
vn 0.9889 -0.0319 0.1448
vn 0.9925 0.0138 0.1218
vn 0.9397 0.1028 -0.3263
vn 0.9408 0.1173 -0.3181
vn 0.9493 0.0916 -0.3007
vn 0.9474 0.0002 0.3201
vn 0.9529 -0.0157 0.3028
vn 0.9540 0.0127 0.2995
vn 0.9107 0.1896 0.3671
vn 0.8919 0.2358 0.3860
vn 0.9009 0.1890 0.3907
vn 0.8688 0.1986 0.4537
vn 0.8734 0.2162 0.4363
vn 0.8657 0.2148 0.4522
vn 0.9830 0.1637 -0.0833
vn 0.9859 0.1591 -0.0510
vn 0.9898 0.1206 -0.0762
vn 0.9512 0.3057 -0.0418
vn 0.9624 0.2668 -0.0504
vn 0.9571 0.2817 -0.0683
vn 0.4378 -0.1686 -0.8831
vn 0.4171 -0.1537 -0.8958
vn 0.4318 -0.1369 -0.8915
vn 0.7689 0.1136 -0.6291
vn 0.7581 0.0710 -0.6482
vn 0.7436 0.1040 -0.6605
vn 0.6006 0.1954 -0.7753
vn 0.6250 0.2075 -0.7526
vn 0.6423 0.1890 -0.7428
vn 0.9856 -0.0354 0.1656
vn 0.9833 -0.0517 0.1743
vn 0.9854 -0.0570 0.1605
vn 0.7226 -0.2034 0.6607
vn 0.7266 -0.1815 0.6626
vn 0.7145 -0.1834 0.6752
vn 0.7796 -0.0616 -0.6233
vn 0.8016 -0.0879 -0.5914
vn 0.7790 -0.1080 -0.6176
vn 0.7033 0.2142 -0.6779
vn 0.7079 0.2313 -0.6674
vn 0.7189 0.2109 -0.6623
vn 0.0812 0.6286 -0.7734
vn 0.7973 -0.2235 -0.5607
vn 0.1115 -0.1391 -0.9840
vn 0.4054 -0.1468 0.9023
vn 0.4120 -0.1743 0.8944
vn 0.4355 -0.1630 0.8853
vn 0.4794 -0.0235 0.8773
vn 0.4724 0.0173 0.8812
vn 0.4501 -0.0231 0.8927
vn 0.9502 0.0524 0.3072
vn 0.9485 0.0674 0.3096
vn 0.9441 0.0678 0.3226
vn 0.9920 0.0318 0.1225
vn 0.9905 0.0313 0.1339
vn 0.9918 0.0184 0.1263
vn 0.7454 -0.0696 0.6630
vn 0.7499 -0.0875 0.6557
vn 0.7571 -0.0725 0.6492
vn 0.7502 0.0756 -0.6569
vn 0.7366 0.0700 -0.6727
vn 0.7386 0.0912 -0.6680
vn 0.6525 -0.0526 0.7560
vn 0.6394 -0.0707 0.7656
vn 0.6564 -0.0692 0.7512
vn 0.9804 0.0765 0.1818
vn 0.9761 0.0458 0.2124
vn 0.9738 0.0389 0.2242
vn 0.9788 -0.0143 0.2044
vn 0.9823 0.1058 -0.1543
vn 0.9802 0.1235 -0.1549
vn 0.9853 0.1083 -0.1324
vn 0.9916 0.0671 -0.1104
vn 0.9866 0.0681 -0.1484
vn 0.9882 0.0880 -0.1256
vn 0.6401 -0.0322 0.7676
vn 0.6577 -0.0280 0.7528
vn 0.6452 0.0057 0.7640
vn 0.5678 0.1650 0.8065
vn 0.5834 0.1554 0.7972
vn 0.5884 0.1775 0.7888
vn 0.8468 -0.0411 0.5303
vn 0.8505 0.0095 0.5259
vn 0.8409 -0.0148 0.5410
vn 0.7031 -0.0371 0.7102
vn 0.6766 -0.0590 0.7340
vn 0.7080 -0.0805 0.7016
vn 0.8211 0.0379 -0.5695
vn 0.8245 0.0647 -0.5622
vn 0.8317 0.0420 -0.5537
vn 0.5072 -0.0820 0.8579
vn 0.5118 -0.0656 0.8566
vn 0.4951 -0.0585 0.8668
vn 0.8209 0.0644 -0.5675
vn 0.8160 0.0501 -0.5759
vn 0.8098 0.0764 -0.5817
vn 0.1031 -0.6759 0.7297
vn 0.8159 -0.0035 0.5782
vn 0.1139 0.0403 0.9927
vn 0.5665 -0.0506 0.8225
vn 0.5658 -0.0062 0.8245
vn 0.5357 -0.0308 0.8438
vn 0.9353 -0.0369 0.3520
vn 0.9376 -0.0742 0.3397
vn 0.9433 -0.0551 0.3273
vn 0.7387 -0.0230 0.6736
vn 0.7268 0.0102 0.6868
vn 0.7229 -0.0132 0.6909
vn 0.6237 -0.1210 0.7722
vn 0.6323 -0.1154 0.7661
vn 0.6399 -0.1026 0.7616
vn 0.6280 -0.1051 0.7711
vn 0.4290 -0.7697 -0.4729
vn 0.4163 -0.7765 -0.4730
vn 0.4151 -0.7608 -0.4990
vn 0.4311 -0.7607 -0.4853
vn 0.8901 0.2695 -0.3677
vn 0.8923 0.2552 -0.3723
vn 0.8858 0.2644 -0.3813
vn 0.4096 -0.0839 0.9084
vn 0.3807 -0.0685 0.9222
vn 0.3713 -0.0912 0.9240
vn 0.3979 -0.1310 0.9080
vn 0.4152 -0.0989 0.9043
vn 0.3852 -0.1086 0.9164
vn 0.8554 -0.0694 0.5133
vn 0.8713 -0.0881 0.4828
vn 0.8685 -0.0499 0.4932
vn 0.8673 -0.0912 0.4894
vn 0.8794 -0.0533 0.4730
vn 0.8668 -0.0506 0.4961
vn 0.9069 -0.1558 0.3915
vn 0.9182 -0.1304 0.3740
vn 0.9094 -0.1282 0.3956
vn 0.6612 -0.0598 0.7478
vn 0.6594 -0.0361 0.7509
vn 0.6443 -0.0543 0.7629
vn 0.8751 0.1484 -0.4606
vn 0.8755 0.1274 -0.4661
vn 0.8650 0.1439 -0.4808
vn 0.8839 -0.0332 0.4665
vn 0.8722 -0.0388 0.4877
vn 0.8862 -0.0582 0.4597
vn 0.8768 0.2647 -0.4013
vn 0.8831 0.2493 -0.3975
vn 0.8758 0.2524 -0.4113
vn 0.9039 0.2062 -0.3747
vn 0.9113 0.2105 -0.3540
vn 0.9112 0.1984 -0.3609
vn 0.7872 0.0491 0.6147
vn 0.7881 0.0238 0.6150
vn 0.7994 0.0215 0.6004
vn 0.5781 0.1162 -0.8077
vn 0.5881 0.0936 -0.8033
vn 0.5704 0.0938 -0.8160
vn 0.6372 0.0585 -0.7685
vn 0.6278 0.0307 -0.7777
vn 0.6189 0.0552 -0.7835
vn 0.5011 0.0299 0.8649
vn 0.5016 0.0560 0.8633
vn 0.4879 0.0426 0.8718
vn 0.6896 -0.1836 0.7005
vn 0.7132 -0.1514 0.6844
vn 0.6979 -0.1556 0.6991
vn 0.9849 0.0608 -0.1618
vn 0.9915 0.0376 -0.1247
vn 0.9904 0.0277 -0.1358
vn 0.9539 -0.0163 0.2997
vn 0.9475 -0.0012 0.3197
vn 0.9512 -0.0306 0.3069
vn 0.3505 0.0967 -0.9316
vn 0.3692 0.1217 -0.9213
vn 0.3824 0.0986 -0.9187
vn 0.8880 0.2574 0.3810
vn 0.8810 0.2774 0.3832
vn 0.8832 0.2552 0.3936
vn 0.9636 0.1481 -0.2227
vn 0.9531 0.1867 -0.2382
vn 0.9570 0.1861 -0.2224
vn 0.1336 -0.6857 0.7156
vn 0.8586 0.1355 0.4943
vn 0.1992 0.1381 0.9702
vn 0.4395 0.0679 0.8957
vn 0.4278 0.0743 0.9008
vn 0.4271 0.0407 0.9033
vn 0.5984 0.0820 0.7970
vn 0.5846 0.1126 0.8035
vn 0.5789 0.0994 0.8093
vn 0.8226 0.1455 0.5497
vn 0.8060 0.1940 0.5592
vn 0.8137 0.1309 0.5663
vn 0.7134 0.0014 -0.7008
vn 0.7175 0.0206 -0.6963
vn 0.7243 0.0072 -0.6894
vn 0.8637 0.0863 -0.4966
vn 0.8691 0.0719 -0.4893
vn 0.8572 0.0770 -0.5092
vn 0.7350 0.3103 -0.6029
vn 0.7247 0.2990 -0.6209
vn 0.7098 0.3695 -0.5998
vn 0.7327 0.1599 -0.6615
vn 0.7347 0.1245 -0.6669
vn 0.7125 0.1617 -0.6827
vn 0.9878 0.0830 -0.1317
vn 0.9882 0.1301 -0.0806
vn 0.9926 0.0638 -0.1036
vn 0.9953 -0.0167 0.0949
vn 0.9934 -0.0314 0.1107
vn 0.9954 -0.0265 0.0916
vn 0.6775 0.1320 -0.7235
vn 0.6782 0.1672 -0.7156
vn 0.6867 0.1612 -0.7088
vn 0.7850 0.1451 -0.6022
vn 0.7917 0.1339 -0.5960
vn 0.7835 0.1298 -0.6076
vn 0.3719 -0.0133 -0.9282
vn 0.4339 -0.0362 -0.9002
vn 0.3720 -0.0339 -0.9276
vn 0.9843 -0.0246 0.1748
vn 0.9860 -0.0036 0.1667
vn 0.9846 -0.0014 0.1751
vn 0.2412 -0.3115 -0.9191
vn 0.2590 -0.3036 -0.9169
vn 0.2537 -0.3272 -0.9102
vn 0.4401 -0.0519 0.8964
vn 0.4449 -0.0726 0.8926
vn 0.4592 -0.0615 0.8862
vn 0.6654 0.0349 0.7456
vn 0.6653 0.0008 0.7466
vn 0.6868 0.0170 0.7267
vn 0.6664 0.0042 0.7455
vn 0.6503 0.0423 0.7585
vn 0.6385 0.0200 0.7694
vn 0.8056 -0.0050 0.5924
vn 0.8194 0.0214 0.5728
vn 0.7903 0.0106 0.6126
vn 0.9239 0.1462 0.3535
vn 0.9085 0.1860 0.3743
vn 0.9181 0.1231 0.3768
vn 0.9670 -0.0271 0.2533
vn 0.9747 0.0023 0.2235
vn 0.9726 0.0145 0.2319
vn 0.7458 -0.0047 0.6661
vn 0.7306 0.0035 0.6828
vn 0.7336 -0.0227 0.6792
vn 0.4812 0.1868 0.8565
vn 0.4943 0.1853 0.8493
vn 0.4845 0.1998 0.8517
vn 0.6841 0.0791 -0.7251
vn 0.6639 0.0871 -0.7427
vn 0.6705 0.1071 -0.7341
vn 0.9049 -0.0118 -0.4255
vn 0.8977 -0.0362 -0.4391
vn 0.8949 -0.0066 -0.4463
vn 0.6198 -0.0705 0.7816
vn 0.6217 -0.0325 0.7826
vn 0.6039 -0.0564 0.7950
vn 0.5415 -0.0666 0.8381
vn 0.5271 -0.0464 0.8486
vn 0.5295 -0.0837 0.8442
vn 0.7022 -0.0791 0.7075
vn 0.7053 -0.0608 0.7063
vn 0.6844 -0.0683 0.7259
vn 0.6788 -0.0535 0.7324
vn 0.6530 -0.0937 0.7516
vn 0.6870 -0.0909 0.7210
vn 0.8640 -0.2801 0.4183
vn 0.8503 -0.2945 0.4362
vn 0.8471 -0.3280 0.4181
vn 0.7383 -0.2217 0.6370
vn 0.7303 -0.2510 0.6353
vn 0.7448 -0.2499 0.6187
vn 0.7062 -0.2648 0.6567
vn 0.6880 -0.2574 0.6785
vn 0.6993 -0.2828 0.6566
vn 0.5318 0.1041 0.8404
vn 0.5512 0.1100 0.8271
vn 0.5414 0.1217 0.8319
vn -0.0903 -0.1558 -0.9837
vn -0.0801 -0.1570 -0.9844
vn -0.0853 -0.1676 -0.9821
vn 0.9531 0.0282 0.3012
vn 0.9543 0.0417 0.2959
vn 0.9441 0.0395 0.3272
vn 0.4761 0.0637 0.8771
vn 0.4821 0.0774 0.8727
vn 0.4655 0.0781 0.8816
vn 0.8791 -0.0142 0.4764
vn 0.8775 0.0149 0.4793
vn 0.8704 -0.0023 0.4923
vn 0.9870 0.0048 -0.1609
vn 0.9837 -0.0166 -0.1791
vn 0.9834 0.0093 -0.1814
vn 0.8971 -0.1972 0.3953
vn 0.8843 -0.2072 0.4184
vn 0.8833 -0.2317 0.4076
vn 0.8200 -0.1126 0.5612
vn 0.8082 -0.1535 0.5685
vn 0.8276 -0.1580 0.5386
vn 0.9542 0.0062 0.2992
vn 0.9568 0.0219 0.2899
vn 0.9476 0.0137 0.3191
vn 0.7038 0.0085 -0.7104
vn 0.7123 0.0165 -0.7016
vn 0.7100 -0.0022 -0.7042
vn 0.4563 -0.0169 0.8897
vn 0.4354 -0.0114 0.9002
vn 0.4464 -0.0334 0.8942
vn 0.8545 0.3461 0.3873
vn 0.8566 0.3189 0.4057
vn 0.8791 0.3006 0.3699
vn 0.9910 -0.1154 -0.0679
vn 0.9934 -0.1052 -0.0453
vn 0.9901 -0.1339 -0.0427
vn 0.9866 -0.1523 -0.0581
vn 0.9835 -0.1553 -0.0928
vn 0.9882 -0.1311 -0.0792
vn 0.8838 -0.1223 0.4516
vn 0.8891 -0.1099 0.4442
vn 0.8857 -0.1090 0.4513
vn 0.7598 -0.1352 0.6359
vn 0.7530 -0.1592 0.6385
vn 0.7704 -0.1568 0.6179
vn 0.7784 -0.0904 0.6212
vn 0.7575 -0.0905 0.6465
vn 0.7667 -0.1064 0.6332
vn 0.3825 -0.1310 0.9146
vn 0.3768 -0.0873 0.9222
vn 0.3649 -0.1181 0.9236
vn 0.9638 0.0652 -0.2586
vn 0.9642 0.0779 -0.2537
vn 0.9686 0.0622 -0.2409
vn 0.7386 -0.0570 0.6717
vn 0.7321 -0.0159 0.6810
vn 0.7197 -0.0356 0.6934
vn 0.9333 0.2297 -0.2762
vn 0.9407 0.2170 -0.2608
vn 0.9389 0.2073 -0.2746
vn 0.9981 0.0610 0.0096
vn 0.9991 0.0381 0.0172
vn 0.9988 0.0485 0.0042
vn 0.9945 -0.1040 -0.0124
vn 0.9989 -0.0445 -0.0171
vn 0.9968 -0.0786 0.0134
vn 0.7971 -0.0301 0.6030
vn 0.8079 -0.0094 0.5893
vn 0.7953 0.0307 0.6054
vn 0.8815 -0.0588 0.4685
vn 0.9044 -0.0411 0.4248
vn 0.8939 0.0005 0.4483
vn 0.9497 0.0478 0.3096
vn 0.9354 0.0216 0.3530
vn 0.9562 -0.0057 0.2926
vn 0.8286 0.1359 0.5431
vn 0.8176 0.1474 0.5566
vn 0.8207 0.1227 0.5580
vn 0.9496 0.1871 0.2514
vn 0.9384 0.1732 0.2991
vn 0.9464 0.1442 0.2890
vn 0.5855 0.1215 0.8015
vn 0.3847 -0.1639 0.9084
vn 0.4827 -0.2049 0.8515
vn 0.4381 0.1094 0.8922
vn 0.4427 0.1185 0.8888
vn 0.4328 0.1215 0.8933
vn 0.6150 0.1741 0.7691
vn 0.6473 0.1377 0.7497
vn 0.6545 0.1715 0.7363
vn 0.8422 -0.0081 -0.5392
vn 0.8332 0.0024 -0.5530
vn 0.8420 0.0090 -0.5395
vn 0.8806 0.1314 -0.4552
vn 0.8718 0.1184 -0.4754
vn 0.8707 0.1405 -0.4714
vn 0.1697 -0.7459 0.6440
vn 0.8660 -0.1053 0.4888
vn 0.2228 -0.0434 0.9739
vn 0.2206 -0.0605 0.9735
vn 0.8295 0.2743 0.4866
vn 0.2472 -0.0423 0.9680
vn 0.1325 -0.7528 0.6448
vn 0.4753 0.0740 -0.8767
vn 0.4793 0.0664 -0.8751
vn 0.4650 0.0610 -0.8832
vn 0.9248 0.1403 -0.3538
vn 0.9381 0.1437 -0.3151
vn 0.9373 0.1177 -0.3282
vn 0.9951 0.0192 -0.0968
vn 0.9962 -0.0027 -0.0875
vn 0.9938 -0.0065 -0.1114
vn 0.4584 -0.1871 0.8688
vn 0.5390 -0.1559 0.8278
vn 0.4704 -0.0414 0.8815
vn 0.7291 -0.1524 0.6672
vn 0.7247 -0.1261 0.6774
vn 0.7114 -0.1496 0.6867
vn 0.7473 -0.0217 0.6642
vn 0.7587 -0.0058 0.6514
vn 0.7381 -0.0046 0.6746
vn 0.7524 0.1100 -0.6494
vn 0.7679 0.1062 -0.6317
vn 0.7600 0.0913 -0.6435
vn 0.8530 -0.0533 0.5192
vn 0.8647 -0.0438 0.5005
vn 0.8546 -0.0351 0.5181
vn 0.6679 -0.1301 0.7328
vn 0.6967 -0.1351 0.7046
vn 0.6969 -0.1067 0.7092
vn 0.6942 -0.0489 0.7181
vn 0.7217 -0.0661 0.6890
vn 0.7269 -0.0354 0.6858
vn 0.7247 -0.0800 0.6844
vn 0.7059 -0.1069 0.7002
vn 0.7409 -0.0965 0.6647
vn 0.8721 0.1898 0.4509
vn 0.8574 0.1841 0.4806
vn 0.8783 0.1379 0.4578
vn 0.9335 0.0327 0.3572
vn 0.9327 -0.0091 0.3607
vn 0.9435 0.0113 0.3311
vn 0.9933 0.0044 -0.1159
vn 0.9961 0.0130 -0.0867
vn 0.9949 -0.0060 -0.1009
vn 0.5393 -0.0579 -0.8401
vn 0.5244 -0.0710 -0.8485
vn 0.5223 -0.0564 -0.8509
vn 0.9887 0.0196 0.1487
vn 0.9847 0.0441 0.1689
vn 0.9838 0.0197 0.1782
vn 0.5037 -0.0151 0.8637
vn 0.4825 -0.0003 0.8759
vn 0.4813 -0.0206 0.8763
vn 0.9302 -0.0040 0.3670
vn 0.9292 0.0385 0.3675
vn 0.9172 0.0368 0.3967
vn 0.9549 -0.1040 0.2782
vn 0.9653 -0.0868 0.2462
vn 0.9603 -0.0630 0.2717
vn 0.9038 -0.2568 0.3424
vn 0.8827 -0.2700 0.3846
vn 0.8816 -0.3019 0.3627
vn 0.9070 -0.1242 0.4023
vn 0.8980 -0.1523 0.4127
vn 0.9156 -0.1600 0.3690
vn 0.4848 -0.1064 0.8681
vn 0.5002 -0.0745 0.8627
vn 0.4603 -0.0579 0.8859
vn 0.5440 0.0257 0.8387
vn 0.5372 -0.0277 0.8430
vn 0.5782 -0.0024 0.8159
vn 0.7419 0.2065 0.6379
vn 0.7527 0.2035 0.6262
vn 0.7493 0.2216 0.6240
vn 0.3178 0.0214 0.9479
vn 0.2960 0.0310 0.9547
vn 0.2972 0.0098 0.9548
vn 0.9111 0.0915 0.4018
vn 0.9144 0.0593 0.4003
vn 0.9216 0.0813 0.3796
vn 0.8190 0.0000 0.5737
vn 0.8062 -0.0229 0.5912
vn 0.8301 -0.0264 0.5569
vn 0.7213 -0.0810 0.6879
vn 0.7230 -0.1077 0.6824
vn 0.7340 -0.0967 0.6723
vn 0.7199 -0.1026 0.6864
vn 0.7296 -0.1093 0.6751
vn 0.7329 -0.0922 0.6741
vn 0.8479 -0.0533 0.5274
vn 0.8292 -0.0738 0.5541
vn 0.8345 -0.0932 0.5430
vn 0.7936 0.2142 -0.5695
vn 0.7785 0.2993 -0.5517
vn 0.8114 0.2302 -0.5372
vn 0.9542 0.1323 -0.2683
vn 0.9432 0.1491 -0.2970
vn 0.9516 0.2029 -0.2306
vn 0.8406 0.1057 -0.5312
vn 0.8333 0.1190 -0.5398
vn 0.8468 0.1162 -0.5190
vn 0.6543 -0.0627 0.7536
vn 0.6401 -0.0659 0.7655
vn 0.6509 -0.0832 0.7546
vn 0.3307 0.0430 0.9428
vn 0.3002 0.0456 0.9528
vn 0.3146 -0.0010 0.9492
vn 0.4255 0.0238 0.9047
vn 0.4273 -0.0078 0.9041
vn 0.4528 0.0081 0.8916
vn 0.6612 -0.0612 0.7477
vn 0.6464 -0.0522 0.7612
vn 0.6522 -0.0747 0.7544
vn 0.9741 0.0109 0.2257
vn 0.9680 0.0001 0.2511
vn 0.9712 -0.0235 0.2373
vn 0.9770 0.0045 0.2131
vn 0.9715 -0.0194 0.2364
vn 0.9788 -0.0319 0.2023
vn 0.8276 0.1457 -0.5421
vn 0.8175 0.1750 -0.5487
vn 0.8249 0.1824 -0.5351
vn 0.6522 0.0788 -0.7540
vn 0.6213 0.0622 -0.7811
vn 0.6353 0.0975 -0.7660
vn 0.8992 0.0785 0.4304
vn 0.8860 0.0929 0.4543
vn 0.8899 0.0566 0.4527
vn 0.9522 0.1746 -0.2506
vn 0.9515 0.1587 -0.2635
vn 0.9469 0.1710 -0.2723
vn 0.9677 -0.0795 0.2393
vn 0.9586 -0.0704 0.2757
vn 0.9528 -0.0932 0.2890
vn 0.9944 0.1003 0.0319
vn 0.9942 0.1075 -0.0065
vn 0.9915 0.1297 0.0087
vn 0.8732 0.0678 -0.4826
vn 0.8680 0.1103 -0.4842
vn 0.8781 0.0884 -0.4703
vn 0.9980 0.0588 0.0237
vn 0.9993 0.0374 0.0049
vn 0.9973 0.0731 -0.0119
vn 0.9657 -0.0699 -0.2502
vn 0.9683 -0.0339 -0.2476
vn 0.9704 -0.0701 -0.2309
vn 0.9874 -0.0962 0.1258
vn 0.9930 -0.0827 0.0846
vn 0.9915 -0.0659 0.1125
vn 0.9330 -0.2512 0.2577
vn 0.9425 -0.2361 0.2365
vn 0.9398 -0.2235 0.2584
vn 0.9817 -0.0266 0.1885
vn 0.9785 -0.0359 0.2033
vn 0.9812 -0.0544 0.1854
vn 0.9511 0.0979 0.2930
vn 0.9413 0.1229 0.3146
vn 0.9493 0.0851 0.3026
vn 0.9510 0.0284 0.3078
vn 0.9489 0.0467 0.3120
vn 0.9396 0.0254 0.3414
vn 0.6438 -0.0255 0.7648
vn 0.6532 -0.0147 0.7571
vn 0.6394 -0.0068 0.7689
vn 0.4853 -0.1574 0.8601
vn 0.5218 -0.0836 0.8490
vn 0.4416 -0.0996 0.8916
vn 0.7478 -0.0019 0.6639
vn 0.7344 -0.0248 0.6782
vn 0.7506 -0.0268 0.6602
vn 0.1670 -0.7601 0.6280
vn 0.9258 -0.1168 0.3595
vn 0.3438 -0.0311 0.9385
vn 0.3413 -0.0503 0.9386
vn 0.7384 -0.1181 0.6640
vn 0.7426 -0.0909 0.6636
vn 0.6932 -0.0970 0.7142
vn 0.6700 0.0192 0.7421
vn 0.7015 0.0665 0.7096
vn 0.6935 0.1216 0.7101
vn 0.9219 -0.0732 0.3805
vn 0.8994 -0.0792 0.4300
vn 0.8938 -0.1486 0.4231
vn 0.8569 0.3238 -0.4011
vn 0.8700 0.3046 -0.3879
vn 0.8655 0.3023 -0.3995
vn 0.7533 0.0503 0.6557
vn 0.7424 0.0649 0.6668
vn 0.7366 0.0507 0.6744
vn 0.6047 0.0382 0.7955
vn 0.6260 0.0353 0.7790
vn 0.6181 0.0611 0.7837
vn 0.8660 0.0123 -0.4999
vn 0.8626 -0.0199 -0.5054
vn 0.8567 0.0088 -0.5158
vn 0.7105 0.1965 -0.6757
vn 0.7017 0.2250 -0.6760
vn 0.7190 0.2048 -0.6642
vn 0.6254 0.0340 0.7795
vn 0.6104 0.0016 0.7921
vn 0.6372 -0.0104 0.7706
vn 0.5813 -0.0268 0.8132
vn 0.5515 -0.0189 0.8340
vn 0.5702 -0.0624 0.8191
vn 0.6267 0.1000 0.7728
vn 0.6171 0.1169 0.7782
vn 0.6112 0.1000 0.7851
vn 0.9679 0.0739 0.2402
vn 0.9598 0.0825 0.2682
vn 0.9584 0.0662 0.2775
vn 0.7017 0.2420 0.6701
vn 0.6963 0.1661 0.6982
vn 0.7240 0.2052 0.6586
vn 0.9442 -0.0132 0.3291
vn 0.9513 -0.0300 0.3068
vn 0.9517 -0.0203 0.3064
vn 0.6283 0.1791 -0.7571
vn 0.6106 0.1949 -0.7676
vn 0.6243 0.2029 -0.7544
vn 0.6346 0.1949 -0.7479
vn 0.9934 0.1011 0.0548
vn 0.9947 0.0888 0.0517
vn 0.9938 0.1035 0.0405
vn 0.9402 0.1737 -0.2931
vn 0.9471 0.1441 -0.2866
vn 0.9334 0.1630 -0.3197
vn 0.9402 -0.0329 0.3390
vn 0.9352 -0.0175 0.3538
vn 0.9299 -0.0419 0.3653
vn 0.7760 0.2706 0.5697
vn 0.7843 0.2374 0.5731
vn 0.7941 0.2461 0.5558
vn 0.9555 0.0058 0.2949
vn 0.9601 -0.0268 0.2783
vn 0.9638 -0.0168 0.2662
vn 0.8537 0.0061 0.5208
vn 0.8412 -0.0038 0.5407
vn 0.8492 -0.0139 0.5279
vn 0.8511 -0.0162 0.5247
vn 0.8610 -0.0202 0.5082
vn 0.8516 0.0090 0.5240
vn 0.9655 0.0504 0.2556
vn 0.9653 0.0720 0.2509
vn 0.9569 0.0873 0.2771
vn 0.8664 0.1494 0.4765
vn 0.8718 0.1877 0.4526
vn 0.8593 0.1980 0.4715
vn 0.9650 -0.0401 0.2590
vn 0.9669 -0.0158 0.2548
vn 0.9576 -0.0039 0.2881
vn 0.2179 -0.6882 0.6921
vn 0.8655 0.0652 0.4967
vn 0.2137 -0.0102 0.9769
vn 0.7335 0.0032 -0.6797
vn 0.7355 -0.0071 -0.6775
vn 0.7243 0.0041 -0.6895
vn 0.5616 0.0413 -0.8264
vn 0.5542 0.0640 -0.8299
vn 0.5710 0.0626 -0.8186
vn 0.6666 -0.0025 -0.7454
vn 0.6768 0.0135 -0.7360
vn 0.6780 -0.0174 -0.7349
vn 0.8918 -0.0198 0.4521
vn 0.8856 -0.0248 0.4637
vn 0.8899 -0.0347 0.4548
vn 0.7908 0.0113 0.6120
vn 0.8023 0.0053 0.5969
vn 0.7935 0.0256 0.6081
vn 0.8042 -0.0117 -0.5942
vn 0.8138 -0.0032 -0.5812
vn 0.8095 -0.0269 -0.5865
vn 0.8601 0.0892 -0.5023
vn 0.8513 0.0888 -0.5172
vn 0.8517 0.1019 -0.5141
vn 0.7777 0.0817 -0.6233
vn 0.7782 0.0680 -0.6243
vn 0.7678 0.0763 -0.6362
vn 0.7498 0.1065 -0.6530
vn 0.7355 0.1051 -0.6693
vn 0.7340 0.1241 -0.6678
vn 0.4972 0.0568 -0.8658
vn 0.5039 0.0728 -0.8607
vn 0.5146 0.0558 -0.8556
vn 0.8112 -0.0190 0.5845
vn 0.8037 0.0007 0.5950
vn 0.7944 -0.0205 0.6071
vn 0.5703 0.1410 -0.8092
vn 0.5733 0.0971 -0.8136
vn 0.5371 0.1085 -0.8365
vn 0.6324 0.1457 -0.7608
vn 0.6231 0.1130 -0.7739
vn 0.6002 0.1408 -0.7874
vn 0.4858 0.1878 0.8537
vn 0.4870 0.1765 0.8554
vn 0.4948 0.1852 0.8491
vn 0.8311 0.0298 -0.5554
vn 0.8389 0.0271 -0.5437
vn 0.8285 0.0007 -0.5600
vn 0.1891 -0.7145 -0.6735
vn -0.0165 0.0331 -0.9993
vn -0.0083 0.6943 -0.7196
vn 0.5272 -0.0683 0.8470
vn 0.5122 -0.0724 0.8558
vn 0.5213 -0.0857 0.8491
vn 0.9839 -0.0236 0.1774
vn 0.9875 -0.0273 0.1555
vn 0.9878 -0.0159 0.1552
vn 0.9918 0.0093 0.1274
vn 0.9933 0.0160 0.1149
vn 0.9903 0.0331 0.1347
vn 0.9055 -0.0994 0.4126
vn 0.9106 -0.0699 0.4073
vn 0.8995 -0.0823 0.4290
vn 0.9495 -0.1523 -0.2742
vn 0.9655 -0.1246 -0.2289
vn 0.9568 -0.1635 -0.2403
vn 0.9325 0.1385 0.3336
vn 0.7800 -0.0133 0.6256
vn 0.8677 -0.1837 0.4619
vn 0.9446 -0.1485 0.2928
vn 0.9319 -0.1549 0.3279
vn 0.9434 -0.1596 0.2907
vn 0.4237 0.0386 0.9050
vn 0.4557 0.0243 0.8898
vn 0.4491 0.0411 0.8925
vn 0.4309 0.0153 -0.9023
vn 0.4700 0.0088 -0.8826
vn 0.4444 -0.0044 -0.8958
vn 0.4564 0.0927 -0.8849
vn 0.4773 0.0582 -0.8768
vn 0.4458 0.0636 -0.8929
vn 0.8092 0.1093 -0.5773
vn 0.8051 0.0876 -0.5866
vn 0.7923 0.1102 -0.6001
vn 0.5314 -0.0856 0.8428
vn 0.5377 -0.0713 0.8401
vn 0.5090 -0.0768 0.8574
vn 0.4869 -0.0039 0.8734
vn 0.4827 -0.0377 0.8750
vn 0.5071 -0.0204 0.8617
vn 0.9192 0.1576 -0.3608
vn 0.9252 0.1472 -0.3497
vn 0.9214 0.1420 -0.3618
vn 0.5054 0.0693 0.8601
vn 0.4936 0.1031 0.8636
vn 0.4713 0.0734 0.8789
vn 0.4473 0.0399 0.8935
vn 0.4111 0.0264 0.9112
vn 0.4425 0.0154 0.8967
vn 0.0046 -0.6175 -0.7866
vn -0.0107 -0.6155 -0.7880
vn -0.0139 -0.6029 -0.7977
vn 0.0020 -0.5988 -0.8009
vn 0.9858 0.1474 0.0800
vn 0.9831 0.1445 0.1127
vn 0.9866 0.1196 0.1106
vn 0.9892 0.1145 0.0912
vn 0.4820 -0.4034 0.7778
vn 0.4710 -0.3837 0.7943
vn 0.4664 -0.4114 0.7831
vn 0.9410 0.2944 -0.1672
vn 0.9396 0.3061 -0.1531
vn 0.9481 0.2833 -0.1440
vn 0.8716 0.3487 0.3445
vn 0.8517 0.3675 0.3735
vn 0.8583 0.3332 0.3901
vn 0.4650 -0.2620 0.8456
vn 0.4661 -0.2367 0.8525
vn 0.4506 -0.2387 0.8602
vn 0.4460 -0.2544 0.8581
vn 0.1803 -0.8329 -0.5233
vn 0.1909 -0.8369 -0.5131
vn 0.1814 -0.8427 -0.5069
vn 0.1749 -0.8418 -0.5106
vn 0.7543 0.3335 0.5656
vn 0.7374 0.3447 0.5809
vn 0.7337 0.3247 0.5969
vn 0.7526 0.2994 0.5865
vn 0.8468 -0.4267 0.3175
vn 0.8525 -0.4153 0.3175
vn 0.8498 -0.4124 0.3283
vn 0.8436 -0.4239 0.3297
vn 0.6411 0.2340 0.7309
vn 0.6379 0.2613 0.7244
vn 0.6164 0.2540 0.7454
vn 0.6250 0.2343 0.7446
vn 0.8366 0.1929 -0.5127
vn 0.8286 0.2204 -0.5146
vn 0.8443 0.2128 -0.4919
vn 0.5616 0.6691 -0.4866
vn 0.5349 0.6808 -0.5004
vn 0.5470 0.6887 -0.4759
vn 0.8632 0.1494 -0.4822
vn 0.8484 0.1814 -0.4973
vn 0.8731 0.1952 -0.4468
vn -0.1334 -0.8987 -0.4177
vn -0.1288 -0.9136 -0.3856
vn -0.1497 -0.9053 -0.3975
vn 0.8659 0.1575 -0.4748
vn 0.8683 0.1879 -0.4590
vn 0.8811 0.1776 -0.4382
vn 0.8815 0.1529 -0.4467
vn 0.8768 -0.0052 -0.4809
vn 0.2207 -0.1563 -0.9627
vn 0.1308 0.6732 -0.7278
vn 0.8401 0.2166 -0.4973
vn 0.2194 -0.1751 -0.9598
vn 0.1867 0.1943 -0.9630
vn 0.1988 0.2238 -0.9542
vn 0.1210 0.8800 -0.4594
vn 0.7184 0.5710 -0.3972
vn 0.1312 -0.1597 0.9784
vn 0.0928 -0.7695 0.6319
vn 0.7005 -0.3783 0.6051
vn 0.1330 -0.1311 0.9824
vn 0.2842 -0.0759 0.9558
vn 0.2437 -0.8150 0.5258
vn 0.8174 -0.2957 0.4944
vn -0.2417 -0.5348 -0.8097
vn -0.0894 0.8746 -0.4766
vn 0.5513 0.1824 -0.8141
vn 0.1745 -0.0624 -0.9827
vn 0.1105 0.7315 -0.6728
vn 0.3539 0.6785 -0.6437
vn 0.1850 -0.0801 -0.9795
vn 0.2215 0.1687 0.9605
vn 0.1738 -0.5445 0.8205
vn 0.7832 0.4421 0.4371
vn 0.2929 0.1294 -0.9473
vn 0.1757 0.8662 -0.4677
vn 0.2844 0.8547 -0.4343
vn 0.3058 0.1013 -0.9467
vn 0.2431 0.1286 0.9614
vn 0.2411 0.0470 0.9694
vn 0.1690 -0.6791 0.7143
vn 0.7312 -0.4737 0.4908
vn 0.3254 0.1780 -0.9287
vn 0.3419 0.1838 -0.9216
vn 0.1952 0.8983 -0.3935
vn 0.8507 -0.3396 -0.4013
vn 0.1016 -0.1491 0.9836
vn 0.1195 -0.7437 0.6578
vn 0.6479 0.2713 0.7117
vn 0.1030 -0.1722 0.9797
vn 0.0865 -0.7824 0.6167
vn 0.7362 -0.0836 0.6716
vn 0.2445 0.1620 0.9560
vn 0.1753 -0.6068 0.7753
vn 0.8454 -0.1889 0.4997
vn 0.2483 0.1811 0.9516
vn -0.1016 0.0185 -0.9947
vn -0.0628 0.7727 -0.6316
vn 0.5854 -0.1063 -0.8037
vn 0.0527 0.2635 0.9632
vn -0.0388 -0.1605 0.9863
vn 0.8770 0.0152 0.4803
vn 0.2295 0.1319 -0.9643
vn 0.2346 0.1503 -0.9604
vn 0.1453 0.8504 -0.5057
vn 0.8990 0.0189 -0.4376
vn 0.1061 0.0646 -0.9923
vn 0.1055 0.0857 -0.9907
vn 0.0679 0.7856 -0.6150
vn 0.3953 0.7034 -0.5907
vn 0.0108 0.1207 -0.9926
vn 0.0054 0.8090 -0.5878
vn 0.1789 -0.7150 -0.6758
vn 0.2147 -0.0877 0.9727
vn 0.2109 -0.1117 0.9711
vn 0.2341 -0.7424 0.6277
vn 0.7973 -0.0985 0.5954
vn 0.3385 -0.1139 0.9340
vn 0.3416 -0.1248 0.9315
vn 0.2500 -0.8411 0.4796
vn 0.9422 -0.0414 0.3325
vn 0.1536 -0.0115 0.9881
vn 0.1577 -0.6883 0.7081
vn 0.7617 0.2105 0.6128
vn 0.0505 -0.1067 -0.9930
vn 0.0304 0.7078 -0.7058
vn 0.4063 0.5616 -0.7208
vn 0.2628 -0.1246 0.9568
vn 0.2962 -0.7339 0.6112
vn 0.8106 0.1325 0.5705
vn 0.2610 -0.1344 0.9559
vn 0.2729 -0.7651 0.5832
vn 0.8224 -0.2104 0.5286
vn 0.2252 0.2026 0.9530
vn 0.1567 -0.5681 0.8079
vn 0.7516 -0.3147 0.5797
vn 0.2298 0.2121 0.9499
vn 0.2421 0.2287 -0.9429
vn 0.2315 0.2524 -0.9395
vn 0.1449 0.9105 -0.3873
vn 0.2985 0.8853 -0.3567
vn 0.0688 0.2721 -0.9598
vn 0.0458 0.9259 -0.3750
vn 0.7585 0.3531 -0.5477
vn 0.2930 0.0274 -0.9557
vn 0.3076 0.0510 -0.9501
vn 0.1825 0.8091 -0.5587
vn 0.9390 -0.0765 -0.3353
vn -0.0165 -0.3051 0.9522
vn 0.1739 -0.9340 0.3121
vn 0.7732 0.4527 0.4441
vn 0.0401 0.1530 -0.9874
vn 0.0289 0.8858 -0.4632
vn 0.2323 -0.5569 -0.7975
vn -0.0173 0.1177 -0.9929
vn -0.0165 0.1554 -0.9877
vn -0.0143 0.7944 -0.6073
vn 0.1804 0.7622 -0.6217
vn 0.3156 -0.1759 0.9324
vn 0.2119 -0.8535 0.4760
vn 0.9186 0.2535 0.3030
vn 0.2957 -0.0754 0.9523
vn 0.2241 0.2670 -0.9373
vn 0.2328 0.2861 -0.9295
vn 0.1423 0.9178 -0.3706
vn 0.8808 0.3150 -0.3534
vn 0.0408 -0.3053 -0.9514
vn 0.0398 0.4479 -0.8932
vn 0.5713 0.2037 -0.7951
vn 0.0642 -0.3314 -0.9413
vn 0.1331 0.0324 0.9906
vn 0.1132 -0.6633 0.7397
vn 0.7190 -0.2929 0.6303
vn 0.1401 0.0637 0.9881
vn 0.1487 -0.0081 0.9888
vn 0.1263 -0.6851 0.7174
vn 0.7974 -0.0070 0.6034
vn 0.1416 0.0138 0.9898
vn 0.3525 0.0271 0.9354
vn 0.1530 -0.7139 0.6833
vn 0.8793 -0.3091 0.3623
vn 0.3592 0.0409 0.9324
vn 0.1901 -0.0352 -0.9811
vn 0.1283 0.7380 -0.6625
vn 0.6084 0.5706 -0.5515
vn 0.2039 -0.0690 -0.9766
vn 0.1759 0.1040 0.9789
vn 0.1683 0.0939 0.9813
vn 0.1192 -0.6894 0.7145
vn 0.7774 -0.3380 0.5304
vn 0.1620 0.0732 0.9841
vn 0.1565 0.0458 0.9866
vn 0.1121 -0.7132 0.6920
vn 0.8576 -0.0001 0.5143
vn 0.2857 0.1432 0.9476
vn 0.2737 0.1256 0.9536
vn 0.1828 -0.6452 0.7418
vn 0.7835 -0.2846 0.5523
vn 0.1775 0.0055 0.9841
vn 0.1653 -0.0234 0.9860
vn 0.2030 -0.6834 0.7012
vn 0.7335 -0.2964 0.6116
vn 0.1404 -0.1486 0.9789
vn 0.1855 -0.7425 0.6436
vn 0.7833 -0.1635 0.5997
vn 0.1325 -0.1100 0.9851
vn 0.2213 -0.0737 0.9724
vn 0.2160 -0.7225 0.6568
vn 0.6770 0.5741 0.4606
vn 0.2481 -0.2226 -0.9428
vn 0.1908 0.5994 -0.7774
vn 0.7758 0.3786 -0.5048
vn 0.3058 -0.2580 -0.9165
vn 0.2627 0.0728 -0.9621
vn 0.1539 0.7532 -0.6395
vn 0.8759 0.2078 -0.4355
vn 0.2068 -0.0840 -0.9748
vn 0.2331 0.0515 0.9711
vn 0.1934 -0.7484 0.6345
vn 0.8344 -0.1878 0.5182
vn -0.5064 -0.1327 0.8520
vn -0.5108 -0.1090 0.8528
vn -0.5365 -0.1180 0.8356
vn -0.9757 -0.0582 -0.2114
vn -0.9647 -0.0582 -0.2568
vn -0.9686 -0.0848 -0.2337
vn -0.6255 -0.0471 0.7788
vn -0.6329 -0.1266 0.7638
vn -0.6094 -0.1128 0.7848
vn -0.8870 -0.0679 0.4568
vn -0.8898 -0.0897 0.4473
vn -0.8602 -0.0767 0.5041
vn -0.6410 -0.1336 -0.7558
vn -0.6571 -0.1226 -0.7438
vn -0.6494 -0.1083 -0.7527
vn -0.6460 0.1304 -0.7521
vn -0.6504 0.1144 -0.7509
vn -0.6611 0.1174 -0.7410
vn -0.8837 0.1190 0.4526
vn -0.8955 0.1027 0.4331
vn -0.8853 0.0999 0.4542
vn -0.9377 0.0895 -0.3357
vn -0.9334 0.0562 -0.3544
vn -0.9424 0.0578 -0.3295
vn -0.6614 -0.0145 -0.7499
vn -0.6756 -0.0372 -0.7363
vn -0.6768 -0.0154 -0.7360
vn -0.8438 0.0659 0.5326
vn -0.8354 0.0209 0.5493
vn -0.8305 0.0610 0.5536
vn -0.9544 -0.1763 -0.2411
vn -0.9624 -0.1640 -0.2163
vn -0.9594 -0.1436 -0.2427
vn -0.9966 -0.0043 -0.0817
vn -0.9939 -0.0118 -0.1097
vn -0.9942 -0.0580 -0.0906
vn -0.2881 0.0449 -0.9566
vn -0.3345 0.0044 -0.9424
vn -0.3435 0.0176 -0.9390
vn -0.8028 0.3094 0.5098
vn -0.7983 0.3021 0.5211
vn -0.7935 0.3235 0.5154
vn -0.8735 0.1909 -0.4478
vn -0.8693 0.2042 -0.4502
vn -0.8665 0.1944 -0.4597
vn -0.9360 -0.1628 -0.3121
vn -0.9274 -0.1718 -0.3323
vn -0.9333 -0.1821 -0.3096
vn -0.7454 0.1552 -0.6483
vn -0.7737 0.1765 -0.6085
vn -0.7713 0.1894 -0.6076
vn -0.8278 -0.0620 0.5576
vn -0.8346 -0.0563 0.5480
vn -0.8333 -0.0683 0.5485
vn -0.8701 0.0017 0.4929
vn -0.8768 0.0039 0.4808
vn -0.8739 -0.0150 0.4859
vn -0.7600 0.2193 -0.6118
vn -0.7337 0.2278 -0.6402
vn -0.7504 0.1972 -0.6309
vn -0.9608 -0.2625 -0.0895
vn -0.9630 -0.2466 -0.1083
vn -0.9586 -0.2605 -0.1154
vn -0.7533 -0.2180 0.6205
vn -0.7723 -0.2182 0.5966
vn -0.7657 -0.2542 0.5908
vn -0.5403 0.0248 -0.8411
vn -0.5377 0.0315 -0.8426
vn -0.5314 0.0200 -0.8469
vn -0.5475 0.0141 -0.8367
vn -0.5549 0.0323 -0.8313
vn -0.5717 0.0204 -0.8202
vn -0.5718 0.0331 -0.8197
vn -0.8522 -0.0024 0.5233
vn -0.8396 -0.0031 0.5431
vn -0.8431 0.0143 0.5376
vn -0.8179 -0.0717 0.5709
vn -0.8081 -0.0846 0.5829
vn -0.8085 -0.0568 0.5857
vn -0.8932 0.3013 -0.3338
vn -0.8853 0.2877 -0.3653
vn -0.8934 0.2771 -0.3536
vn -0.9898 0.0315 -0.1387
vn -0.9839 0.0331 -0.1757
vn -0.9858 0.0117 -0.1676
vn -0.9094 -0.1027 0.4031
vn -0.9062 -0.0863 0.4140
vn -0.9156 -0.0712 0.3957
vn -0.7871 -0.3343 0.5183
vn -0.7663 -0.3522 0.5374
vn -0.7814 -0.3027 0.5457
vn -0.9862 0.1619 -0.0332
vn -0.9843 0.1523 -0.0897
vn -0.9915 0.1126 -0.0656
vn -0.8884 -0.4363 -0.1426
vn -0.9012 -0.4162 -0.1209
vn -0.9019 -0.4063 -0.1463
vn -0.9181 -0.0934 0.3851
vn -0.9239 -0.0785 0.3744
vn -0.9268 -0.0952 0.3634
vn -0.9688 -0.0460 -0.2436
vn -0.9632 -0.0422 -0.2653
vn -0.9627 -0.0629 -0.2632
vn -0.7994 -0.0762 0.5959
vn -0.7810 -0.0635 0.6213
vn -0.7950 -0.0594 0.6037
vn -0.5603 0.1228 0.8191
vn -0.6060 0.1096 0.7879
vn -0.5981 0.0915 0.7962
vn -0.8464 0.1076 -0.5215
vn -0.8448 0.0864 -0.5280
vn -0.8531 0.1000 -0.5120
vn -0.9356 0.0694 -0.3463
vn -0.9266 0.0755 -0.3684
vn -0.9310 0.0406 -0.3627
vn -0.7173 0.1282 0.6848
vn -0.6362 -0.2335 0.7353
vn -0.4911 -0.1263 0.8619
vn -0.3397 0.0246 0.9402
vn -0.3583 0.0600 0.9317
vn -0.3655 0.0281 0.9304
vn -0.5496 0.1761 0.8167
vn -0.5474 0.1877 0.8155
vn -0.5660 0.1871 0.8029
vn -0.7793 -0.0641 0.6233
vn -0.7963 -0.0272 0.6043
vn -0.8053 -0.0683 0.5889
vn -0.9378 -0.0773 0.3384
vn -0.9427 -0.0539 0.3292
vn -0.9436 -0.0831 0.3205
vn -0.8567 0.1934 -0.4783
vn -0.8636 0.1951 -0.4648
vn -0.8565 0.2091 -0.4719
vn -0.5103 -0.0516 -0.8584
vn -0.4966 -0.0543 -0.8663
vn -0.5029 -0.0652 -0.8619
vn -0.8878 0.2248 -0.4016
vn -0.8873 0.1986 -0.4162
vn -0.9026 0.2106 -0.3756
vn -0.7134 0.1321 -0.6882
vn -0.7018 0.1416 -0.6982
vn -0.6956 0.1116 -0.7097
vn -0.8909 -0.0728 0.4484
vn -0.9159 -0.0706 0.3951
vn -0.9106 -0.1069 0.3992
vn -0.9270 -0.3350 0.1688
vn -0.9381 -0.3137 0.1468
vn -0.9337 -0.3296 0.1401
vn -0.9186 0.0361 0.3935
vn -0.9089 0.0374 0.4153
vn -0.9137 0.0530 0.4029
vn -0.6663 -0.0370 0.7448
vn -0.6544 -0.0214 0.7558
vn -0.6683 -0.0126 0.7438
vn -0.7850 0.0233 0.6191
vn -0.7478 -0.0456 0.6624
vn -0.7555 0.0173 0.6549
vn -0.8058 -0.0917 0.5851
vn -0.8028 -0.1128 0.5855
vn -0.7913 -0.0976 0.6035
vn -0.4910 0.0814 -0.8673
vn -0.4902 0.1076 -0.8650
vn -0.4675 0.0862 -0.8798
vn -0.9190 0.2396 -0.3130
vn -0.9031 0.2612 -0.3409
vn -0.9202 0.2193 -0.3244
vn -0.6177 -0.0547 0.7845
vn -0.6017 -0.0268 0.7983
vn -0.6305 -0.0378 0.7752
vn -0.6767 0.3635 0.6402
vn -0.6857 0.3841 0.6183
vn -0.6953 0.3489 0.6284
vn -0.9800 -0.1610 0.1167
vn -0.9760 -0.1774 0.1262
vn -0.9794 -0.1536 0.1307
vn -0.9545 0.0652 0.2911
vn -0.9581 0.0446 0.2830
vn -0.9534 0.0380 0.2992
vn -0.9979 0.0300 0.0570
vn -0.9977 0.0409 0.0532
vn -0.9986 0.0330 0.0419
vn -0.3570 -0.1344 0.9244
vn -0.3836 -0.1378 0.9132
vn -0.3586 -0.1536 0.9208
vn -0.6922 0.0088 0.7217
vn -0.7089 0.0286 0.7047
vn -0.7064 -0.0111 0.7078
vn -0.7235 0.0337 0.6895
vn -0.7299 0.0112 0.6835
vn -0.7176 0.0208 0.6961
vn -0.5693 0.0515 -0.8205
vn -0.5846 0.0562 -0.8094
vn -0.5702 0.0793 -0.8177
vn -0.7549 -0.0481 0.6541
vn -0.7373 -0.0724 0.6717
vn -0.7397 -0.0400 0.6718
vn -0.9977 -0.0459 0.0502
vn -0.9975 -0.0583 0.0388
vn -0.9959 -0.0665 0.0610
vn -0.9512 -0.1381 -0.2758
vn -0.9555 -0.1213 -0.2689
vn -0.9533 -0.1121 -0.2806
vn -0.9492 -0.1203 -0.2908
vn -0.7165 -0.0470 -0.6960
vn -0.7097 -0.0183 -0.7042
vn -0.7005 -0.0299 -0.7130
vn -0.6490 -0.0799 -0.7566
vn -0.6523 -0.0909 -0.7525
vn -0.6624 -0.0767 -0.7452
vn -0.8887 -0.1262 0.4407
vn -0.8440 -0.1103 0.5249
vn -0.8487 -0.0464 0.5268
vn -0.9995 -0.0183 -0.0252
vn -0.9992 -0.0383 -0.0121
vn -0.9998 -0.0186 -0.0066
vn -0.8592 -0.0161 0.5113
vn -0.8688 -0.0214 0.4948
vn -0.8638 -0.0288 0.5029
vn -0.7240 0.1252 -0.6783
vn -0.7084 0.1376 -0.6922
vn -0.7129 0.1161 -0.6916
vn -0.8734 0.0278 -0.4862
vn -0.8818 0.0392 -0.4700
vn -0.8708 0.0530 -0.4888
vn -0.9869 0.1345 -0.0895
vn -0.9846 0.1369 -0.1091
vn -0.9875 0.1200 -0.1021
vn -0.7220 0.0608 -0.6892
vn -0.7381 0.0703 -0.6710
vn -0.7253 0.0964 -0.6816
vn -0.8232 0.0205 0.5673
vn -0.8280 0.0344 0.5597
vn -0.8330 0.0151 0.5530
vn -0.5563 0.0647 -0.8284
vn -0.5774 0.0619 -0.8141
vn -0.5671 0.0795 -0.8198
vn -0.5938 0.0815 -0.8005
vn -0.5926 0.1021 -0.7990
vn -0.5797 0.0932 -0.8095
vn -0.8716 0.0340 0.4890
vn -0.7764 -0.1198 0.6188
vn -0.7817 -0.0546 0.6213
vn -0.5672 0.0169 -0.8234
vn -0.5652 -0.0014 -0.8249
vn -0.5761 0.0008 -0.8174
vn -0.9068 0.0989 0.4098
vn -0.9171 0.0661 0.3931
vn -0.8990 0.0777 0.4311
vn -0.9666 -0.1160 0.2286
vn -0.9638 -0.0577 0.2605
vn -0.9692 -0.0472 0.2419
vn -0.8509 0.0021 -0.5253
vn -0.8453 -0.0054 -0.5343
vn -0.8548 -0.0165 -0.5188
vn -0.1695 -0.9537 -0.2484
vn -0.1925 -0.9499 -0.2463
vn -0.1772 -0.9437 -0.2793
vn -0.1634 -0.9523 -0.2576
vn -0.9268 -0.0441 0.3728
vn -0.9215 -0.0469 0.3854
vn -0.9241 -0.0348 0.3806
vn -0.6244 0.1995 -0.7552
vn -0.6455 0.2037 -0.7361
vn -0.6293 0.2201 -0.7454
vn -0.7927 0.0001 0.6096
vn -0.7918 0.0319 0.6100
vn -0.8045 0.0198 0.5936
vn -0.6153 -0.3919 0.6840
vn -0.6274 -0.3785 0.6805
vn -0.6297 -0.3880 0.6730
vn -0.9623 -0.0989 0.2534
vn -0.9683 -0.0914 0.2326
vn -0.9673 -0.1156 0.2259
vn -0.8605 -0.0053 0.5095
vn -0.8551 0.0026 0.5184
vn -0.9100 0.0803 0.4068
vn -0.6560 0.3343 0.6766
vn -0.6722 0.3187 0.6683
vn -0.6558 0.3148 0.6861
vn -0.9794 0.1877 -0.0751
vn -0.9806 0.1734 -0.0916
vn -0.9838 0.1620 -0.0762
vn -0.7945 -0.0268 0.6067
vn -0.7781 -0.0411 0.6268
vn -0.7860 -0.0180 0.6180
vn -0.8614 -0.1353 0.4895
vn -0.8586 -0.1195 0.4985
vn -0.8716 -0.1063 0.4785
vn -0.9380 -0.0707 0.3392
vn -0.9195 -0.0441 0.3906
vn -0.9304 -0.0109 0.3663
vn -0.8825 -0.0657 0.4656
vn -0.8929 -0.0526 0.4471
vn -0.8876 -0.0789 0.4539
vn -0.5732 0.0658 -0.8168
vn -0.5780 0.0397 -0.8151
vn -0.5843 0.0619 -0.8092
vn -0.8864 -0.0753 0.4568
vn -0.8887 -0.0936 0.4488
vn -0.8816 -0.0898 0.4633
vn -0.8688 -0.1089 0.4831
vn -0.8666 -0.0903 0.4907
vn -0.8778 -0.1003 0.4684
vn -0.9914 -0.0843 -0.0999
vn -0.9878 -0.0831 -0.1316
vn -0.9883 -0.1060 -0.1093
vn -0.8936 -0.0548 -0.4454
vn -0.2225 0.0366 -0.9742
vn -0.1365 -0.7670 -0.6269
vn -0.7301 0.4420 -0.5212
vn -0.7367 0.4045 -0.5419
vn -0.7539 0.4134 -0.5106
vn -0.9567 0.0646 -0.2837
vn -0.9574 0.0864 -0.2756
vn -0.9519 0.0841 -0.2946
vn -0.5431 0.1583 -0.8246
vn -0.5540 0.1297 -0.8224
vn -0.5613 0.1496 -0.8140
vn -0.6418 0.0318 0.7662
vn -0.6348 0.0559 0.7706
vn -0.6460 0.0524 0.7615
vn -0.7764 -0.1832 0.6030
vn -0.7616 -0.2091 0.6134
vn -0.7559 -0.1857 0.6278
vn -0.9734 0.1594 -0.1645
vn -0.9630 0.1985 -0.1822
vn -0.9562 0.1802 -0.2306
vn -0.6164 0.2626 -0.7424
vn -0.6339 0.2192 -0.7417
vn -0.6436 0.2618 -0.7192
vn -0.5264 0.0113 0.8502
vn -0.5231 -0.0169 0.8521
vn -0.5014 0.0057 0.8652
vn -0.6304 0.0543 0.7744
vn -0.6383 0.0281 0.7693
vn -0.6113 0.0331 0.7907
vn -0.9883 -0.0045 0.1522
vn -0.9872 0.0139 0.1586
vn -0.9912 -0.0021 0.1320
vn -0.9779 0.0617 -0.1996
vn -0.9827 0.0547 -0.1772
vn -0.9813 0.0779 -0.1758
vn -0.8617 -0.0150 0.5073
vn -0.8548 -0.0071 0.5189
vn -0.8598 -0.0001 0.5107
vn -0.3630 -0.0338 -0.9312
vn -0.3796 -0.0487 -0.9239
vn -0.3949 -0.0352 -0.9180
vn -0.5656 0.2414 -0.7886
vn -0.5860 0.2493 -0.7710
vn -0.5540 0.2815 -0.7835
vn -0.9648 0.2057 -0.1637
vn -0.9658 0.1881 -0.1785
vn -0.9697 0.1829 -0.1620
vn -0.9611 0.2133 -0.1754
vn -0.9578 0.1982 -0.2083
vn -0.9634 0.1789 -0.1997
vn -0.8330 -0.2010 0.5154
vn -0.8730 -0.0986 0.4777
vn -0.8544 -0.1933 0.4822
vn -0.8036 0.2911 0.5191
vn -0.8030 0.2720 0.5303
vn -0.7936 0.2931 0.5332
vn -0.9868 0.0275 -0.1595
vn -0.9849 -0.0079 -0.1728
vn -0.9896 0.0091 -0.1436
vn -0.9849 0.0484 -0.1660
vn -0.9818 0.0713 -0.1763
vn -0.9770 0.0530 -0.2064
vn -0.4126 -0.1719 -0.8945
vn -0.4179 -0.1880 -0.8888
vn -0.4315 -0.1751 -0.8850
vn -0.9965 0.0439 -0.0713
vn -0.9981 0.0384 -0.0475
vn -0.9968 0.0575 -0.0551
vn -0.8161 0.1358 0.5618
vn -0.8240 0.1412 0.5487
vn -0.8277 0.1041 0.5514
vn -0.8057 0.1241 0.5791
vn -0.7060 -0.1289 0.6963
vn -0.7280 -0.1661 0.6652
vn -0.7074 -0.1670 0.6868
vn -0.6122 0.0610 0.7884
vn -0.7291 -0.1264 0.6726
vn -0.6224 -0.1833 0.7609
vn -0.6290 0.2555 -0.7343
vn -0.6268 0.2795 -0.7274
vn -0.6049 0.2695 -0.7493
vn -0.9013 -0.0638 0.4285
vn -0.8964 -0.0761 0.4368
vn -0.8945 -0.0622 0.4428
vn -0.9640 -0.1453 -0.2227
vn -0.9552 -0.1618 -0.2479
vn -0.9589 -0.1897 -0.2112
vn -0.9341 -0.0264 0.3559
vn -0.9244 -0.0106 0.3812
vn -0.9337 -0.0056 0.3580
vn -0.8775 0.1075 -0.4674
vn -0.8819 0.1291 -0.4534
vn -0.8748 0.1322 -0.4662
vn -0.8658 -0.0273 0.4996
vn -0.8669 -0.0437 0.4965
vn -0.8587 -0.0486 0.5102
vn -0.7370 0.1085 0.6672
vn -0.7477 0.1284 0.6514
vn -0.7686 0.1094 0.6303
vn -0.9222 -0.1969 0.3329
vn -0.9202 -0.1739 0.3507
vn -0.9305 -0.1703 0.3243
vn -0.9122 -0.1082 0.3953
vn -0.9123 -0.0736 0.4029
vn -0.9223 -0.0858 0.3769
vn -0.9099 -0.0628 0.4100
vn -0.9128 -0.0798 0.4005
vn -0.9065 -0.0807 0.4144
vn -0.9745 0.0795 -0.2098
vn -0.9709 0.0585 -0.2322
vn -0.9753 0.0586 -0.2128
vn -0.9675 0.0694 0.2431
vn -0.9589 0.0524 0.2789
vn -0.9586 0.0653 0.2771
vn -0.8188 0.0881 0.5673
vn -0.8205 0.0746 0.5668
vn -0.8119 0.0773 0.5787
vn -0.9601 -0.2702 0.0722
vn -0.9703 -0.2334 0.0630
vn -0.9635 -0.2636 0.0464
vn -0.9762 -0.1444 -0.1621
vn -0.9720 -0.1786 -0.1529
vn -0.9831 -0.1315 -0.1274
vn -0.7213 0.1274 -0.6808
vn -0.7377 0.0947 -0.6685
vn -0.7300 0.1355 -0.6699
vn -0.3686 -0.0363 -0.9289
vn -0.3430 -0.0231 -0.9391
vn -0.3461 -0.0503 -0.9368
vn -0.7955 0.5878 -0.1476
vn -0.7923 0.5993 -0.1148
vn -0.7834 0.6051 -0.1421
vn -0.3854 -0.0584 0.9209
vn -0.3907 -0.0195 0.9203
vn -0.4189 -0.0335 0.9074
vn -0.9628 0.1314 0.2361
vn -0.9591 0.1095 0.2611
vn -0.9535 0.1291 0.2722
vn -0.9346 -0.0764 -0.3475
vn -0.9485 -0.0561 -0.3116
vn -0.9497 -0.0261 -0.3122
vn -0.9395 -0.0160 -0.3421
vn -0.4588 0.0374 0.8877
vn -0.4629 -0.0127 0.8863
vn -0.4357 0.0201 0.8999
vn -0.8051 0.2463 0.5396
vn -0.8091 0.2240 0.5434
vn -0.7953 0.2323 0.5600
vn -0.9973 -0.0289 -0.0678
vn -0.9972 0.0084 -0.0748
vn -0.9953 -0.0077 -0.0966
vn -0.1394 0.8098 0.5700
vn -0.7239 -0.3679 0.5836
vn -0.2036 0.1188 0.9718
vn -0.7074 0.0859 -0.7016
vn -0.7009 0.1085 -0.7050
vn -0.6913 0.0927 -0.7166
vn -0.9152 -0.1756 0.3628
vn -0.9084 -0.1540 0.3888
vn -0.9194 -0.1418 0.3668
vn -0.7597 -0.4525 0.4671
vn -0.7674 -0.4421 0.4644
vn -0.7689 -0.4571 0.4470
vn -0.7010 0.0810 -0.7085
vn -0.7086 0.0858 -0.7004
vn -0.7056 0.1088 -0.7002
vn -0.8334 0.3963 0.3852
vn -0.8391 0.3956 0.3733
vn -0.8441 0.3777 0.3805
vn -0.5606 0.2180 -0.7988
vn -0.5582 0.2341 -0.7960
vn -0.5498 0.2256 -0.8042
vn -0.5419 0.0434 0.8393
vn -0.5539 0.0261 0.8322
vn -0.5452 0.0184 0.8381
vn -0.8917 0.1316 -0.4330
vn -0.8906 0.1127 -0.4406
vn -0.9062 0.1155 -0.4067
vn -0.8726 0.1394 -0.4682
vn -0.8796 0.1208 -0.4602
vn -0.8789 0.1396 -0.4561
vn -0.9954 0.0209 0.0935
vn -0.9923 0.0363 0.1181
vn -0.9949 0.0418 0.0923
vn -0.4228 -0.1826 -0.8876
vn -0.4315 -0.1968 -0.8804
vn -0.4354 -0.1761 -0.8829
vn -0.7775 0.0613 -0.6258
vn -0.7987 0.0954 -0.5941
vn -0.7793 0.0946 -0.6194
vn -0.3425 0.0548 -0.9379
vn -0.3006 0.0873 -0.9497
vn -0.2933 0.0079 -0.9560
vn -0.3429 0.0373 -0.9386
vn -0.8653 0.1249 -0.4855
vn -0.2353 -0.1777 -0.9555
vn -0.1477 -0.8870 -0.4375
vn -0.9624 0.1165 -0.2455
vn -0.9589 0.1392 -0.2472
vn -0.9590 0.1281 -0.2527
vn -0.8360 0.0383 -0.5474
vn -0.8468 0.0188 -0.5316
vn -0.8554 0.0460 -0.5158
vn -0.7523 0.2397 -0.6137
vn -0.7411 0.2185 -0.6348
vn -0.7579 0.2161 -0.6156
vn -0.8774 0.1124 -0.4664
vn -0.8787 0.0911 -0.4686
vn -0.8850 0.0884 -0.4572
vn -0.9104 0.0354 -0.4122
vn -0.9171 0.0780 -0.3910
vn -0.9081 0.0925 -0.4085
vn -0.6264 0.0627 -0.7770
vn -0.6410 0.0373 -0.7667
vn -0.6483 0.0697 -0.7582
vn -0.7131 0.0995 0.6939
vn -0.7478 0.0886 0.6580
vn -0.7438 0.0635 0.6654
vn -0.8068 0.1064 -0.5812
vn -0.8213 0.0952 -0.5625
vn -0.8138 0.1169 -0.5693
vn -0.9365 -0.1144 -0.3315
vn -0.9508 -0.1061 -0.2910
vn -0.9503 -0.0649 -0.3046
vn -0.7376 0.1310 -0.6624
vn -0.7272 0.1495 -0.6699
vn -0.7263 0.1344 -0.6741
vn -0.6939 0.0366 0.7191
vn -0.7080 0.0242 0.7058
vn -0.6919 0.0181 0.7217
vn -0.9690 -0.0538 -0.2413
vn -0.9715 -0.0774 -0.2242
vn -0.9754 -0.0493 -0.2149
vn -0.9737 -0.0888 -0.2098
vn -0.9706 -0.1131 -0.2125
vn -0.9778 -0.0938 -0.1876
vn -0.7982 -0.0050 0.6024
vn -0.8109 -0.0069 0.5852
vn -0.8043 -0.0182 0.5939
vn -0.8881 -0.1148 0.4451
vn -0.8805 -0.1092 0.4614
vn -0.8877 -0.1001 0.4493
vn -0.7506 0.0640 -0.6577
vn -0.7390 0.0487 -0.6719
vn -0.7526 0.0410 -0.6573
vn -0.6997 0.1331 -0.7019
vn -0.6785 0.1468 -0.7198
vn -0.6673 0.1256 -0.7341
vn -0.9779 -0.1466 0.1493
vn -0.9792 -0.1611 0.1234
vn -0.9756 -0.1781 0.1283
vn -0.9944 0.0963 -0.0435
vn -0.9894 0.1386 -0.0441
vn -0.9892 0.1264 -0.0739
vn -0.1611 0.7994 0.5788
vn -0.8167 -0.2632 0.5136
vn -0.2253 0.0990 0.9692
vn -0.9225 -0.0750 -0.3787
vn -0.9134 -0.1237 -0.3877
vn -0.9262 -0.0913 -0.3658
vn -0.8744 0.1396 -0.4647
vn -0.8670 0.1221 -0.4831
vn -0.8815 0.1260 -0.4551
vn -0.7045 0.3644 0.6090
vn -0.7021 0.3448 0.6231
vn -0.6921 0.3695 0.6200
vn -0.7626 -0.0728 -0.6428
vn -0.7481 -0.0726 -0.6596
vn -0.7506 -0.0895 -0.6547
vn -0.9184 0.1526 -0.3649
vn -0.9125 0.1417 -0.3838
vn -0.9228 0.1224 -0.3654
vn -0.9123 -0.0570 0.4055
vn -0.9248 -0.0315 0.3791
vn -0.9253 -0.0569 0.3749
vn -0.7979 0.0959 0.5951
vn -0.7717 0.1033 0.6276
vn -0.7861 0.1293 0.6044
vn -0.9192 -0.0105 0.3936
vn -0.9064 -0.0204 0.4220
vn -0.9063 0.0256 0.4219
vn -0.8861 0.1222 -0.4472
vn -0.8957 0.1158 -0.4293
vn -0.8886 0.1411 -0.4365
vn -0.8783 -0.1056 0.4663
vn -0.8861 -0.1095 0.4504
vn -0.8766 -0.1245 0.4647
vn -0.9011 -0.0029 0.4337
vn -0.8939 -0.0214 0.4477
vn -0.8874 0.0140 0.4608
vn -0.9267 -0.0855 0.3660
vn -0.9239 -0.0794 0.3742
vn -0.9287 -0.0732 0.3635
vn -0.8230 0.3578 -0.4412
vn -0.7711 0.3616 -0.5240
vn -0.8196 0.3307 -0.4679
vn -0.5506 -0.0139 0.8347
vn -0.5867 0.0569 0.8078
vn -0.5948 -0.0008 0.8039
vn -0.5742 0.1355 0.8074
vn -0.5702 0.1204 0.8126
vn -0.5580 0.1310 0.8194
vn -0.9963 -0.0493 -0.0706
vn -0.9942 -0.0485 -0.0961
vn -0.9923 -0.0772 -0.0965
vn -0.9946 -0.0705 -0.0762
vn -0.2861 0.3790 -0.8801
vn -0.3053 0.3699 -0.8774
vn -0.3060 0.3873 -0.8697
vn -0.2907 0.3956 -0.8712
vn -0.9458 0.1709 0.2763
vn -0.9552 0.1604 0.2488
vn -0.9508 0.1382 0.2773
vn -0.9542 0.0119 0.2990
vn -0.9601 0.0123 0.2794
vn -0.9586 -0.0085 0.2846
vn -0.5922 -0.0200 0.8056
vn -0.5828 -0.0413 0.8116
vn -0.5568 -0.0217 0.8304
vn -0.8677 0.0756 -0.4913
vn -0.8616 0.0969 -0.4983
vn -0.8559 0.0865 -0.5098
vn -0.3250 0.0086 0.9457
vn -0.3395 0.0365 0.9399
vn -0.3554 0.0122 0.9346
vn -0.3975 0.1557 0.9043
vn -0.3850 0.1381 0.9125
vn -0.3721 0.1555 0.9151
vn -0.9277 -0.0175 0.3729
vn -0.9189 -0.0442 0.3920
vn -0.9174 -0.0079 0.3978
vn -0.9241 -0.0086 0.3820
vn -0.9100 -0.0141 0.4144
vn -0.9219 0.0017 0.3874
vn -0.9826 -0.1551 -0.1022
vn -0.9855 -0.1348 -0.1030
vn -0.9779 -0.1564 -0.1387
vn -0.5595 0.2249 -0.7977
vn -0.5796 0.1618 -0.7987
vn -0.5902 0.1991 -0.7823
vn -0.5968 -0.0319 0.8018
vn -0.6162 -0.0256 0.7872
vn -0.6067 -0.0472 0.7935
vn -0.9223 -0.2572 -0.2886
vn -0.9326 -0.2269 -0.2808
vn -0.9167 -0.2423 -0.3178
vn -0.8890 0.1244 -0.4406
vn -0.8934 0.1372 -0.4277
vn -0.8849 0.1457 -0.4423
vn -0.5712 -0.0499 0.8193
vn -0.5677 -0.0072 0.8232
vn -0.5864 -0.0328 0.8094
vn -0.9875 -0.1009 0.1215
vn -0.9915 -0.0923 0.0920
vn -0.9858 -0.1321 0.1040
vn -0.3097 0.2188 -0.9253
vn -0.2934 0.2321 -0.9274
vn -0.2986 0.2042 -0.9323
vn -0.9001 -0.0136 -0.4356
vn -0.9142 -0.0401 -0.4033
vn -0.9228 -0.0266 -0.3845
vn -0.2527 -0.2857 -0.9244
vn -0.2453 -0.2755 -0.9295
vn -0.2431 -0.2846 -0.9273
vn -0.8521 0.1035 -0.5130
vn -0.8412 0.0950 -0.5323
vn -0.8517 0.0880 -0.5166
vn -0.5282 0.0497 -0.8476
vn -0.5158 0.0680 -0.8540
vn -0.5169 0.0329 -0.8554
vn -0.6703 -0.1004 0.7353
vn -0.7328 -0.1553 0.6624
vn -0.6882 -0.1891 0.7005
vn -0.8859 -0.0416 0.4621
vn -0.8920 -0.0570 0.4485
vn -0.8810 -0.0531 0.4701
vn -0.9906 -0.0333 0.1326
vn -0.9919 -0.0267 0.1242
vn -0.9914 -0.0452 0.1229
vn -0.9847 0.0021 0.1740
vn -0.9878 -0.0008 0.1556
vn -0.9861 -0.0108 0.1659
vn -0.9503 0.0853 -0.2994
vn -0.9471 0.0903 -0.3079
vn -0.9445 0.0793 -0.3189
vn -0.6299 0.1587 0.7603
vn -0.6123 0.1836 0.7690
vn -0.6366 0.1862 0.7484
vn -0.2859 -0.6901 -0.6648
vn -0.1571 0.0770 -0.9846
vn -0.1385 0.0587 -0.9886
vn -0.0935 -0.7344 -0.6723
vn -0.5583 0.1785 -0.8102
vn -0.5456 0.2045 -0.8127
vn -0.5383 0.1589 -0.8276
vn -0.9600 -0.1001 -0.2616
vn -0.9607 -0.1267 -0.2469
vn -0.9675 -0.1129 -0.2264
vn -0.5458 0.0975 -0.8322
vn -0.5371 0.0951 -0.8381
vn -0.5479 0.0846 -0.8323
vn -0.6681 -0.4492 -0.5932
vn -0.0656 -0.0916 -0.9936
vn -0.0498 -0.1197 -0.9916
vn -0.0449 -0.7782 -0.6264
vn -0.8195 0.0049 0.5730
vn -0.8106 -0.0342 0.5846
vn -0.8005 -0.0084 0.5992
vn -0.6748 0.1613 0.7201
vn -0.6722 0.1399 0.7270
vn -0.6603 0.1527 0.7353
vn 0.0941 -0.7510 -0.6535
vn -0.4426 0.3521 -0.8247
vn 0.1414 -0.0942 -0.9855
vn -0.4543 0.1036 0.8848
vn -0.4571 0.0904 0.8848
vn -0.4472 0.0932 0.8896
vn -0.5332 0.0306 0.8454
vn -0.5140 0.0307 0.8572
vn -0.5271 0.0496 0.8484
vn -0.0754 0.8278 0.5559
vn -0.7990 0.0428 0.5998
vn -0.0852 0.1108 0.9902
vn -0.8708 -0.2074 0.4458
vn -0.8796 -0.2126 0.4255
vn -0.8667 -0.2426 0.4359
vn -0.8648 -0.0223 0.5016
vn -0.1755 -0.0592 0.9827
vn -0.1132 0.7323 0.6715
vn -0.6376 -0.1411 -0.7573
vn -0.6530 -0.1509 -0.7422
vn -0.6575 -0.1366 -0.7410
vn -0.9613 0.0183 -0.2749
vn -0.9594 0.0379 -0.2793
vn -0.9559 0.0232 -0.2929
vn -0.5996 0.0656 0.7976
vn -0.6152 0.0677 0.7854
vn -0.6086 0.0360 0.7927
vn -0.3532 0.7588 -0.5473
vn -0.0271 0.0700 -0.9972
vn -0.0244 -0.6649 -0.7465
vn -0.7139 0.4483 -0.5379
vn -0.1737 -0.1006 -0.9797
vn -0.1988 -0.1232 -0.9723
vn -0.1197 -0.8354 -0.5364
vn -0.8084 -0.0799 0.5832
vn -0.8070 -0.0531 0.5881
vn -0.8190 -0.0572 0.5710
vn -0.7386 -0.0555 0.6719
vn -0.7054 -0.0443 0.7075
vn -0.7341 -0.0128 0.6789
vn -0.6922 0.4828 0.5364
vn -0.7002 0.4734 0.5344
vn -0.6907 0.4693 0.5501
vn -0.9266 0.1010 0.3621
vn -0.9175 0.1141 0.3811
vn -0.9240 0.1191 0.3634
vn -0.9612 -0.0290 -0.2743
vn -0.9538 -0.0196 -0.2998
vn -0.9511 -0.0559 -0.3039
vn -0.2551 0.0062 -0.9669
vn -0.2696 0.0345 -0.9624
vn -0.2379 0.0280 -0.9709
vn -0.6906 0.1960 -0.6961
vn -0.6723 0.1807 -0.7179
vn -0.6924 0.1803 -0.6987
vn -0.6971 0.0045 0.7169
vn -0.7116 0.0177 0.7024
vn -0.7085 -0.0197 0.7055
vn -0.9789 0.0016 -0.2042
vn -0.9759 0.0277 -0.2162
vn -0.9723 -0.0287 -0.2321
vn -0.9447 -0.0839 0.3171
vn -0.9215 -0.1241 0.3680
vn -0.9152 -0.1122 0.3871
vn -0.9672 0.2314 -0.1048
vn -0.9730 0.1924 -0.1272
vn -0.9742 0.2075 -0.0887
vn -0.0585 -0.7210 0.6905
vn -0.0599 -0.7347 0.6757
vn -0.0365 -0.7347 0.6775
vn -0.6668 0.4006 0.6285
vn -0.6514 0.3873 0.6525
vn -0.6382 0.4399 0.6318
vn -0.8988 0.2529 -0.3581
vn -0.8875 0.2575 -0.3821
vn -0.8916 0.2356 -0.3866
vn -0.6879 -0.1950 0.6991
vn -0.6491 -0.1645 0.7427
vn -0.6902 -0.1666 0.7042
vn -0.5553 0.1903 -0.8096
vn -0.5784 0.1436 -0.8030
vn -0.5873 0.1675 -0.7918
vn -0.8015 -0.1036 0.5889
vn -0.8110 -0.0607 0.5819
vn -0.8270 -0.1007 0.5531
vn -0.8876 0.2692 -0.3738
vn -0.8867 0.2540 -0.3863
vn -0.8999 0.2411 -0.3635
vn -0.9580 0.1279 0.2566
vn -0.9638 0.0963 0.2487
vn -0.9564 0.1077 0.2716
vn -0.9659 0.0889 -0.2433
vn -0.9621 0.1113 -0.2489
vn -0.9612 0.0901 -0.2607
vn -0.7419 0.2143 0.6353
vn -0.1320 -0.1678 0.9769
vn -0.1167 -0.1503 0.9817
vn -0.0553 0.6320 0.7730
vn -0.7257 -0.0765 0.6837
vn -0.7188 -0.0533 0.6932
vn -0.7422 -0.0523 0.6682
vn -0.9890 -0.0069 0.1475
vn -0.9867 0.0085 0.1624
vn -0.9885 0.0184 0.1501
vn -0.8781 -0.0461 0.4763
vn -0.8701 -0.0678 0.4882
vn -0.8685 -0.0411 0.4939
vn -0.8260 -0.2866 0.4853
vn -0.8181 -0.2719 0.5068
vn -0.8355 -0.2549 0.4869
vn -0.6140 0.0591 0.7871
vn -0.6474 0.0543 0.7602
vn -0.6267 0.0270 0.7788
vn -0.8945 -0.0873 0.4385
vn -0.8843 -0.0673 0.4621
vn -0.8982 -0.0665 0.4346
vn -0.8893 -0.0468 0.4550
vn -0.8958 -0.0580 0.4407
vn -0.8833 -0.0728 0.4630
vn -0.5336 -0.0580 0.8437
vn -0.5654 -0.0749 0.8214
vn -0.5332 -0.0986 0.8402
vn -0.3164 0.0087 0.9486
vn -0.2759 0.0068 0.9612
vn -0.3082 0.0358 0.9507
vn -0.9118 -0.1209 0.3924
vn -0.9064 -0.1355 0.4000
vn -0.9051 -0.1252 0.4064
vn -0.7302 -0.0875 0.6777
vn -0.7239 -0.0468 0.6883
vn -0.7369 -0.0552 0.6737
vn -0.8434 0.1329 -0.5205
vn -0.8434 0.1500 -0.5159
vn -0.8370 0.1330 -0.5308
vn -0.9818 -0.1345 0.1339
vn -0.9828 -0.1401 0.1199
vn -0.9793 -0.1513 0.1344
vn -0.9143 -0.0107 0.4049
vn -0.9073 -0.0221 0.4199
vn -0.9080 -0.0043 0.4191
vn -0.8473 0.1742 0.5017
vn -0.8544 0.1548 0.4959
vn -0.8436 0.1465 0.5166
vn -0.7612 0.0157 0.6483
vn -0.7681 0.0005 0.6403
vn -0.7586 0.0004 0.6516
vn -0.7726 0.0070 0.6348
vn -0.7621 0.0210 0.6472
vn -0.7730 0.0264 0.6339
vn -0.9755 0.2191 -0.0213
vn -0.9779 0.2092 -0.0014
vn -0.9717 0.2361 0.0050
vn -0.9217 -0.0651 -0.3825
vn -0.9184 -0.1008 -0.3826
vn -0.9298 -0.0697 -0.3614
vn -0.9754 -0.1313 0.1769
vn -0.9806 -0.0927 0.1725
vn -0.9836 -0.1032 0.1478
vn -0.9981 0.0473 -0.0400
vn -0.9988 0.0347 -0.0350
vn -0.9985 0.0505 -0.0224
vn -0.9044 0.0000 0.4268
vn -0.9019 -0.0118 0.4318
vn -0.8953 0.0017 0.4455
vn -0.9305 -0.0401 0.3642
vn -0.9239 -0.0547 0.3786
vn -0.9220 -0.0385 0.3853
vn -0.9911 0.1282 0.0349
vn -0.9934 0.1135 0.0156
vn -0.9944 0.0982 0.0391
vn -0.9983 -0.0435 0.0380
vn -0.9973 -0.0604 0.0428
vn -0.9978 -0.0458 0.0485
vn -0.8356 -0.0030 0.5494
vn -0.8449 0.0071 0.5348
vn -0.8371 -0.0193 0.5467
vn -0.8297 -0.0076 0.5581
vn -0.8177 -0.0037 0.5757
vn -0.8220 0.0246 0.5689
vn -0.9546 -0.0271 0.2966
vn -0.9503 -0.0345 0.3095
vn -0.9513 -0.0170 0.3078
vn -0.4998 0.0048 0.8662
vn -0.4961 0.0405 0.8674
vn -0.5199 0.0129 0.8542
vn -0.8643 0.0296 0.5022
vn -0.8445 0.0083 0.5356
vn -0.8598 0.0600 0.5070
vn -0.9462 -0.1374 -0.2931
vn -0.9523 -0.1001 -0.2884
vn -0.9398 -0.1271 -0.3171
vn -0.4924 0.0636 0.8680
vn -0.4717 0.0565 0.8800
vn -0.4761 0.0811 0.8757
vn -0.9534 -0.2103 -0.2162
vn -0.9636 -0.1931 -0.1847
vn -0.9617 -0.1706 -0.2146
vn -0.9348 0.2146 0.2830
vn -0.3135 -0.1984 0.9286
vn -0.1732 0.0928 0.9805
vn -0.1891 0.7387 0.6470
vn -0.9007 -0.0327 0.4331
vn -0.8970 -0.0343 0.4407
vn -0.8986 -0.0208 0.4383
vn -0.9342 -0.0872 0.3459
vn -0.9373 -0.1175 0.3280
vn -0.9293 -0.1188 0.3498
vn -0.7412 -0.0050 -0.6713
vn -0.7237 0.0090 -0.6900
vn -0.7137 -0.0201 -0.7002
vn -0.9990 0.0309 -0.0337
vn -0.9992 0.0207 -0.0344
vn -0.9996 0.0207 -0.0175
vn -0.4569 0.1369 0.8789
vn -0.4556 0.1156 0.8826
vn -0.4458 0.1275 0.8860
vn -0.4998 -0.0391 0.8653
vn -0.4737 -0.0390 0.8798
vn -0.4896 -0.0225 0.8716
vn -0.6076 -0.2770 0.7444
vn -0.6366 -0.2553 0.7277
vn -0.6303 -0.2810 0.7237
vn -0.9480 0.2233 0.2267
vn -0.9435 0.2521 0.2153
vn -0.9516 0.2233 0.2110
vn -0.9093 0.1061 0.4024
vn -0.9068 0.1266 0.4022
vn -0.9154 0.1159 0.3856
vn -0.8780 0.2039 -0.4330
vn -0.8707 0.2108 -0.4444
vn -0.8740 0.1930 -0.4459
vn -0.9979 0.0408 -0.0509
vn -0.9980 0.0237 -0.0579
vn -0.9987 0.0302 -0.0420
vn -0.7584 0.0351 0.6509
vn -0.7645 0.0534 0.6425
vn -0.7728 0.0384 0.6335
vn -0.9742 0.1988 0.1069
vn -0.9711 0.1944 0.1385
vn -0.9649 0.2242 0.1370
vn -0.9494 0.1643 0.2676
vn -0.9507 0.1500 0.2715
vn -0.9484 0.1432 0.2828
vn -0.2302 0.0479 -0.9720
vn -0.2296 0.0565 -0.9717
vn -0.2158 0.0566 -0.9748
vn -0.7756 0.2009 -0.5984
vn -0.7775 0.1828 -0.6017
vn -0.7884 0.1854 -0.5866
vn -0.9281 0.0001 0.3723
vn -0.9396 -0.0427 0.3397
vn -0.9305 -0.0538 0.3624
vn -0.8020 -0.3255 0.5009
vn -0.7922 -0.3116 0.5247
vn -0.8190 -0.3001 0.4890
vn -0.9696 0.1465 -0.1962
vn -0.9648 0.1636 -0.2061
vn -0.9648 0.1522 -0.2144
vn -0.4860 0.0765 0.8706
vn -0.4708 0.0679 0.8796
vn -0.4724 0.0897 0.8768
vn -0.7895 0.0883 0.6074
vn -0.7747 0.0872 0.6263
vn -0.7803 0.1104 0.6156
vn -0.9614 -0.0659 0.2672
vn -0.9597 -0.0935 0.2650
vn -0.9510 -0.0851 0.2971
vn -0.8026 -0.0768 0.5915
vn -0.7852 -0.0860 0.6132
vn -0.7918 -0.0601 0.6078
vn -0.9898 -0.1403 -0.0248
vn -0.9925 -0.1187 -0.0308
vn -0.9898 -0.1360 -0.0425
vn -0.8653 -0.1812 0.4673
vn -0.8646 -0.2032 0.4596
vn -0.8474 -0.2129 0.4864
vn -0.9699 0.1249 0.2092
vn -0.9698 0.1520 0.1906
vn -0.9752 0.1211 0.1851
vn -0.8660 0.0392 0.4986
vn -0.2648 -0.1776 0.9478
vn -0.2602 -0.1611 0.9520
vn -0.2057 0.6171 0.7595
vn -0.9068 0.4212 0.0181
vn -0.8879 0.4601 0.0019
vn -0.9039 0.4274 -0.0164
vn -0.8263 0.0727 0.5584
vn -0.8163 0.1364 0.5613
vn -0.8346 0.1259 0.5363
vn -0.9381 -0.1380 0.3176
vn -0.9448 -0.1249 0.3028
vn -0.9426 -0.1406 0.3029
vn -0.4268 -0.1362 -0.8940
vn -0.4467 -0.1213 -0.8864
vn -0.4200 -0.1219 -0.8993
vn -0.8986 0.1174 0.4228
vn -0.9059 0.0899 0.4138
vn -0.8917 0.0832 0.4450
vn -0.8560 0.2091 -0.4728
vn -0.8663 0.1907 -0.4616
vn -0.8628 0.2167 -0.4566
vn -0.8353 -0.0071 -0.5497
vn -0.8463 0.0067 -0.5327
vn -0.8329 0.0098 -0.5533
vn -0.9342 0.1080 -0.3400
vn -0.9238 0.0990 -0.3698
vn -0.9346 0.0931 -0.3434
vn -0.5996 -0.0652 0.7976
vn -0.5696 -0.0839 0.8176
vn -0.5752 -0.0408 0.8170
vn -0.7581 -0.0290 0.6515
vn -0.7599 0.0074 0.6500
vn -0.7707 -0.0159 0.6370
vn -0.7792 0.0045 0.6267
vn -0.7784 -0.0325 0.6269
vn -0.7625 -0.0139 0.6468
vn -0.9792 -0.1009 0.1758
vn -0.9802 -0.1130 0.1625
vn -0.9779 -0.1126 0.1761
vn -0.8595 -0.0057 0.5111
vn -0.8504 -0.0127 0.5260
vn -0.8558 0.0096 0.5171
vn -0.8179 0.1591 0.5529
vn -0.8139 0.1369 0.5647
vn -0.8001 0.1672 0.5761
vn -0.6924 0.3262 0.6436
vn -0.7080 0.3375 0.6204
vn -0.7067 0.3185 0.6317
vn -0.9127 -0.0032 0.4086
vn -0.9166 -0.0043 0.3998
vn -0.9165 -0.0143 0.3997
vn -0.9985 0.0433 0.0341
vn -0.9997 0.0214 0.0102
vn -0.9988 0.0257 0.0428
vn -0.6305 0.2331 -0.7404
vn -0.6513 0.1900 -0.7346
vn -0.6710 0.2173 -0.7089
vn -0.8654 0.0744 -0.4956
vn -0.8461 0.0649 -0.5291
vn -0.8665 0.0408 -0.4976
vn -0.6532 0.1101 -0.7492
vn -0.6506 0.1397 -0.7465
vn -0.6411 0.1276 -0.7568
vn -0.7203 0.1760 0.6710
vn -0.7309 0.1640 0.6625
vn -0.7238 0.1600 0.6712
vn -0.9016 -0.1208 0.4153
vn -0.9081 -0.1260 0.3993
vn -0.9047 -0.1498 0.3988
vn -0.7543 -0.2169 0.6197
vn -0.7437 -0.2389 0.6244
vn -0.7401 -0.2177 0.6363
vn -0.4745 -0.0365 0.8795
vn -0.5273 -0.1286 0.8399
vn -0.4478 -0.1093 0.8874
vn -0.3936 0.0738 -0.9163
vn -0.4117 0.0593 -0.9094
vn -0.4177 0.0795 -0.9051
vn -0.5583 0.1817 -0.8095
vn -0.5902 0.1947 -0.7834
vn -0.5856 0.2021 -0.7850
vn -0.8895 0.1803 0.4199
vn -0.8818 0.1835 0.4344
vn -0.8815 0.2105 0.4227
vn -0.9521 -0.0988 0.2894
vn -0.9572 -0.0952 0.2733
vn -0.9548 -0.1063 0.2777
vn -0.9767 -0.1680 0.1332
vn -0.9743 -0.1574 0.1611
vn -0.9784 -0.1451 0.1474
vn -0.7358 -0.1418 0.6622
vn -0.7447 -0.1681 0.6459
vn -0.7237 -0.1600 0.6713
vn -0.8021 0.0247 0.5967
vn -0.8094 0.0047 0.5873
vn -0.7967 0.0085 0.6043
vn -0.7627 0.0153 0.6465
vn -0.7597 -0.0039 0.6502
vn -0.7473 0.0095 0.6645
vn -0.8718 0.0388 0.4884
vn -0.8716 0.0621 0.4863
vn -0.8840 0.0428 0.4656
vn -0.8289 0.0425 0.5578
vn -0.8319 0.0132 0.5548
vn -0.8184 0.0392 0.5733
vn -0.9204 -0.0316 0.3898
vn -0.9247 -0.0009 0.3808
vn -0.9276 -0.0133 0.3733
vn -0.8590 -0.1468 0.4905
vn -0.8432 -0.1461 0.5174
vn -0.8556 -0.1316 0.5006
vn -0.8514 -0.0684 0.5201
vn -0.8378 -0.0677 0.5417
vn -0.8412 -0.0542 0.5380
vn -0.8383 -0.0687 0.5409
vn -0.8350 -0.0529 0.5478
vn -0.8434 -0.0549 0.5345
vn -0.9385 0.2931 -0.1823
vn -0.9134 0.3405 -0.2230
vn -0.9302 0.2884 -0.2271
vn -0.9378 0.0312 0.3457
vn -0.9300 0.0328 0.3661
vn -0.9349 0.0507 0.3514
vn -0.8788 0.0916 -0.4683
vn -0.8787 0.1119 -0.4641
vn -0.8731 0.1005 -0.4771
vn -0.9535 0.1091 -0.2811
vn -0.9553 0.0848 -0.2832
vn -0.9599 0.0990 -0.2623
vn -0.8181 0.1173 -0.5629
vn -0.8024 0.1425 -0.5794
vn -0.8007 0.1184 -0.5872
vn -0.7040 0.0132 0.7101
vn -0.6956 -0.0053 0.7184
vn -0.6575 -0.0266 0.7530
vn -0.6465 0.1721 0.7433
vn -0.6454 0.2049 0.7359
vn -0.6638 0.1676 0.7289
vn -0.6588 0.2067 0.7233
vn -0.6910 0.1978 0.6952
vn -0.6819 0.1820 0.7084
vn -0.6094 0.4275 0.6678
vn -0.6044 0.4109 0.6825
vn -0.5977 0.4182 0.6840
vn -0.5648 -0.0167 0.8250
vn -0.5554 -0.0375 0.8308
vn -0.5501 -0.0195 0.8349
vn -0.6190 -0.1869 0.7628
vn -0.6227 -0.1596 0.7661
vn -0.6395 -0.1800 0.7474
vn -0.5466 -0.0730 -0.8342
vn -0.5328 -0.0812 -0.8424
vn -0.5446 -0.1022 -0.8325
vn -0.6737 -0.1599 0.7215
vn -0.6760 -0.1839 0.7136
vn -0.6607 -0.1768 0.7295
vn -0.5788 0.0739 0.8121
vn -0.5623 0.0851 0.8225
vn -0.5810 0.0925 0.8087
vn -0.9966 -0.0722 -0.0391
vn -0.9951 -0.0842 -0.0525
vn -0.9959 -0.0856 -0.0303
vn -0.5291 0.1400 0.8370
vn -0.5688 0.1742 0.8038
vn -0.5748 0.1549 0.8035
vn -0.5700 0.0965 0.8159
vn -0.5290 0.1285 0.8388
vn -0.5752 0.1141 0.8100
vn -0.7305 0.2294 0.6432
vn -0.7339 0.1854 0.6534
vn -0.7194 0.2128 0.6611
vn -0.8993 -0.0266 0.4365
vn -0.8980 -0.0590 0.4359
vn -0.8937 -0.0353 0.4474
vn -0.8689 0.1010 0.4846
vn -0.8613 0.0941 0.4994
vn -0.8550 0.1105 0.5067
vn -0.9902 0.0297 -0.1365
vn -0.9895 0.0085 -0.1445
vn -0.9936 -0.0064 -0.1126
vn -0.5003 0.0504 0.8644
vn -0.5000 0.0665 0.8635
vn -0.5116 0.0648 0.8568
vn -0.5315 0.1550 0.8328
vn -0.5348 0.1663 0.8284
vn -0.5418 0.1513 0.8268
vn -0.9944 -0.0927 0.0499
vn -0.9897 -0.1278 0.0646
vn -0.9894 -0.1158 0.0876
vn -0.7356 0.0180 -0.6772
vn -0.7475 0.0371 -0.6633
vn -0.7333 0.0388 -0.6788
vn -0.8348 0.1607 -0.5267
vn -0.8350 0.1796 -0.5202
vn -0.8275 0.1815 -0.5313
vn -0.8832 0.1003 -0.4581
vn -0.8772 0.0868 -0.4722
vn -0.8856 0.0554 -0.4611
vn -0.8673 -0.0655 0.4934
vn -0.7374 -0.2356 0.6331
vn -0.6721 0.1012 0.7335
vn -0.9572 0.1344 -0.2562
vn -0.9716 0.0916 -0.2182
vn -0.9739 0.1249 -0.1895
vn -0.9765 0.1286 -0.1730
vn -0.9637 0.1735 -0.2028
vn -0.9748 0.1090 -0.1944
vn -0.6057 -0.1418 0.7829
vn -0.5897 -0.1251 0.7979
vn -0.6028 -0.1156 0.7895
vn -0.6448 -0.1737 0.7444
vn -0.6189 -0.2134 0.7560
vn -0.6156 -0.1848 0.7661
vn -0.9670 -0.0513 0.2494
vn -0.9591 -0.0884 0.2690
vn -0.9596 -0.0590 0.2751
vn -0.9254 0.0094 0.3788
vn -0.9313 -0.0105 0.3642
vn -0.9188 -0.0328 0.3933
vn -0.1657 0.6425 0.7481
vn -0.6551 -0.4472 0.6089
vn -0.1364 0.0081 0.9906
vn -0.2175 -0.0971 -0.9712
vn -0.2042 -0.1019 -0.9736
vn -0.2140 -0.1077 -0.9709
vn -0.9518 -0.2788 0.1277
vn -0.9434 -0.3077 0.1236
vn -0.9456 -0.2877 0.1522
vn -0.8119 0.1552 -0.5628
vn -0.8011 0.1631 -0.5758
vn -0.8009 0.1379 -0.5827
vn -0.8923 -0.0941 0.4415
vn -0.8971 -0.0799 0.4346
vn -0.8999 -0.0990 0.4248
vn -0.1008 -0.5499 -0.8291
vn -0.1087 -0.5432 -0.8325
vn -0.1055 -0.5288 -0.8422
vn -0.0906 -0.5403 -0.8366
vn -0.9675 -0.1905 0.1661
vn -0.9645 -0.1859 0.1875
vn -0.9696 -0.1685 0.1773
vn -0.5985 -0.1341 0.7898
vn -0.5821 -0.1260 0.8033
vn -0.5959 -0.1155 0.7947
vn -0.7864 -0.0492 0.6157
vn -0.7888 -0.0200 0.6143
vn -0.7933 -0.0350 0.6078
vn -0.7527 0.2570 0.6061
vn -0.7572 0.2785 0.5909
vn -0.7658 0.2644 0.5862
vn -0.6230 0.0308 -0.7816
vn -0.6215 0.0124 -0.7833
vn -0.6398 0.0168 -0.7684
vn -0.8726 -0.0611 0.4846
vn -0.8645 -0.0491 0.5003
vn -0.8751 -0.0421 0.4820
vn -0.9202 0.1293 0.3695
vn -0.9086 0.1436 0.3922
vn -0.9182 0.1537 0.3651
vn -0.3943 0.1255 -0.9104
vn -0.3662 0.1301 -0.9214
vn -0.3772 0.1024 -0.9205
vn -0.5486 0.1467 -0.8231
vn -0.5312 0.1252 -0.8379
vn -0.5553 0.1186 -0.8231
vn -0.9897 0.1191 -0.0799
vn -0.9903 0.1198 -0.0703
vn -0.9890 0.1288 -0.0728
vn -0.4520 0.0210 -0.8918
vn -0.4662 0.0073 -0.8847
vn -0.4675 0.0448 -0.8829
vn -0.8534 0.0233 0.5207
vn -0.8478 0.0140 0.5301
vn -0.8479 0.0303 0.5293
vn -0.3932 -0.1501 -0.9071
vn -0.4004 -0.1576 -0.9027
vn -0.4076 -0.1454 -0.9015
vn -0.8748 -0.1170 -0.4701
vn -0.8616 -0.1115 -0.4952
vn -0.8671 -0.1414 -0.4777
vn -0.8507 -0.1074 0.5146
vn -0.8648 -0.1153 0.4887
vn -0.8528 -0.1319 0.5053
vn -0.8743 -0.2215 0.4318
vn -0.8681 -0.2442 0.4321
vn -0.8613 -0.2342 0.4508
vn -0.6029 -0.0354 -0.7970
vn -0.6117 -0.0178 -0.7909
vn -0.5819 -0.0206 -0.8130
vn -0.7488 0.1656 0.6418
vn -0.7360 0.1674 0.6560
vn -0.7346 0.1822 0.6536
vn -0.6427 0.3428 0.6851
vn -0.6353 0.3659 0.6801
vn -0.6518 0.3562 0.6695
vn -0.7608 -0.4659 0.4518
vn -0.7637 -0.4518 0.4612
vn -0.7755 -0.4561 0.4366
vn -0.8167 0.0728 0.5724
vn -0.7972 0.0512 0.6015
vn -0.7974 0.0885 0.5969
vn -0.4875 0.0948 0.8679
vn -0.4753 0.0988 0.8742
vn -0.4862 0.1075 0.8672
vn -0.9981 -0.0616 -0.0039
vn -0.9960 -0.0871 -0.0216
vn -0.9954 -0.0960 -0.0025
vn -0.9022 0.1123 -0.4165
vn -0.9085 0.0883 -0.4085
vn -0.9124 0.1067 -0.3953
vn -0.6337 0.1747 0.7536
vn -0.6403 0.1604 0.7512
vn -0.6297 0.1541 0.7614
vn -0.4247 -0.1666 -0.8899
vn -0.4433 -0.1403 -0.8853
vn -0.4183 -0.1438 -0.8969
vn -0.7849 -0.0922 0.6127
vn -0.7975 -0.0837 0.5975
vn -0.7906 -0.1123 0.6020
vn -0.3742 0.1184 0.9198
vn -0.3851 0.0897 0.9185
vn -0.3677 0.1044 0.9241
vn -0.6167 0.1732 0.7679
vn -0.6269 0.1908 0.7554
vn -0.6386 0.1655 0.7516
vn -0.5477 0.1594 0.8214
vn -0.5670 0.1506 0.8099
vn -0.5572 0.1358 0.8192
vn -0.8213 0.2723 0.5014
vn -0.1949 0.0606 0.9789
vn -0.1907 0.0725 0.9790
vn -0.1400 0.7574 0.6378
vn -0.7615 -0.3958 0.5132
vn -0.1749 -0.0034 0.9846
vn -0.0815 0.7540 0.6518
vn -0.7148 0.1857 -0.6742
vn -0.7294 0.1767 -0.6609
vn -0.7250 0.2038 -0.6579
vn -0.9586 0.1341 -0.2512
vn -0.9613 0.1237 -0.2461
vn -0.9619 0.1363 -0.2371
vn -0.7776 -0.3047 -0.5500
vn -0.0867 -0.2311 -0.9691
vn -0.0622 -0.8751 -0.4800
vn -0.3970 -0.0260 0.9175
vn -0.4034 -0.0773 0.9117
vn -0.3830 -0.0629 0.9216
vn -0.8597 -0.0777 0.5049
vn -0.8611 -0.0545 0.5054
vn -0.8716 -0.0553 0.4870
vn -0.5637 0.1486 0.8125
vn -0.5702 0.1202 0.8127
vn -0.5576 0.1166 0.8219
vn -0.8440 -0.0362 0.5352
vn -0.8473 -0.0599 0.5277
vn -0.8359 -0.0521 0.5464
vn -0.8680 0.2295 -0.4403
vn -0.8618 0.2249 -0.4547
vn -0.8698 0.2152 -0.4441
vn -0.8046 0.1943 0.5611
vn -0.8191 0.2197 0.5299
vn -0.8178 0.1910 0.5429
vn -0.7381 0.3414 0.5820
vn -0.7151 0.3288 0.6169
vn -0.7162 0.3484 0.6047
vn -0.5501 -0.1501 -0.8215
vn -0.5351 -0.1494 -0.8315
vn -0.5426 -0.1619 -0.8243
vn -0.9962 -0.0817 -0.0301
vn -0.9951 -0.0965 -0.0222
vn -0.9963 -0.0846 -0.0123
vn -0.4109 -0.7574 0.5075
vn -0.4376 -0.7505 0.4953
vn -0.4161 -0.7682 0.4865
vn -0.4090 -0.7664 0.4953
vn -0.9455 -0.0569 0.3205
vn -0.9425 -0.0453 0.3312
vn -0.9485 -0.0411 0.3141
vn -0.8764 0.2398 -0.4177
vn -0.8819 0.2427 -0.4041
vn -0.8744 0.2576 -0.4112
vn -0.5835 0.1612 -0.7959
vn -0.5917 0.1724 -0.7875
vn -0.5690 0.1801 -0.8024
vn -0.8389 -0.0454 0.5424
vn -0.8382 -0.0719 0.5406
vn -0.8286 -0.0645 0.5561
vn -0.9252 0.0895 0.3687
vn -0.9197 0.0892 0.3823
vn -0.9243 0.1047 0.3672
vn -0.9625 -0.0003 0.2711
vn -0.9587 0.0269 0.2832
vn -0.9633 0.0234 0.2675
vn -0.9899 0.0611 -0.1280
vn -0.9935 0.0400 -0.1062
vn -0.9916 0.0924 -0.0906
vn -0.6067 -0.1960 0.7704
vn -0.6177 -0.1595 0.7700
vn -0.6196 -0.2003 0.7589
vn -0.4121 -0.1011 -0.9055
vn -0.3914 -0.0977 -0.9150
vn -0.3946 -0.1097 -0.9123
vn -0.5801 0.1831 -0.7937
vn -0.6034 0.1896 -0.7745
vn -0.5839 0.2084 -0.7847
vn -0.5237 -0.0411 0.8509
vn -0.4962 -0.0285 0.8677
vn -0.5301 -0.0030 0.8480
vn -0.9976 -0.0074 -0.0682
vn -0.9971 -0.0028 -0.0758
vn -0.9972 -0.0225 -0.0713
vn -0.7356 0.0264 0.6769
vn -0.7416 0.0093 0.6708
vn -0.7261 0.0057 0.6876
vn -0.9703 0.0003 -0.2419
vn -0.9723 -0.0178 -0.2330
vn -0.9741 0.0058 -0.2259
vn -0.6648 0.2163 0.7150
vn -0.6932 0.1953 0.6938
vn -0.6487 0.1678 0.7423
vn -0.4835 0.1513 -0.8622
vn -0.4579 0.0801 -0.8854
vn -0.4972 0.0243 -0.8673
vn -0.7282 0.1375 -0.6714
vn -0.7400 0.1261 -0.6607
vn -0.7313 0.1517 -0.6650
vn -0.5188 -0.1480 -0.8420
vn -0.5324 -0.1463 -0.8338
vn -0.5280 -0.1318 -0.8389
vn -0.8877 0.1723 -0.4270
vn -0.8858 0.1445 -0.4410
vn -0.8961 0.1502 -0.4177
vn -0.9404 -0.2783 -0.1953
vn -0.9362 -0.3069 -0.1714
vn -0.9467 -0.2824 -0.1547
vn -0.9526 0.1493 0.2652
vn -0.9462 0.1512 0.2861
vn -0.9431 0.1672 0.2873
vn -0.8299 -0.1248 -0.5438
vn -0.8205 -0.1553 -0.5502
vn -0.8305 -0.1559 -0.5348
vn -0.6218 0.1024 0.7765
vn -0.6225 0.0714 0.7793
vn -0.6126 0.0743 0.7869
vn -0.4281 0.0489 0.9024
vn -0.4171 0.0796 0.9054
vn -0.4387 0.0620 0.8965
vn -0.5189 -0.0896 0.8501
vn -0.5189 -0.0658 0.8523
vn -0.5333 -0.0687 0.8432
vn -0.6724 -0.0334 0.7394
vn -0.6600 -0.0364 0.7504
vn -0.6607 -0.0109 0.7505
vn -0.7438 -0.0264 0.6679
vn -0.7406 -0.0524 0.6699
vn -0.7237 -0.0425 0.6888
vn -0.9390 -0.0140 -0.3437
vn -0.9438 -0.0237 -0.3298
vn -0.9422 0.0345 -0.3332
vn -0.5101 -0.2598 0.8199
vn -0.5012 -0.2269 0.8351
vn -0.5312 -0.2418 0.8120
vn -0.8340 0.2816 0.4744
vn -0.2300 0.0424 0.9723
vn -0.2246 0.0680 0.9721
vn -0.1757 0.7471 0.6410
vn -0.9273 -0.2266 -0.2979
vn -0.9330 -0.2314 -0.2755
vn -0.9352 -0.2049 -0.2888
vn -0.6662 0.1481 -0.7309
vn -0.6756 0.1541 -0.7210
vn -0.6659 0.1652 -0.7275
vn -0.9916 0.0019 0.1292
vn -0.9893 0.0445 0.1392
vn -0.9958 0.0041 0.0916
vn -0.6086 -0.0293 0.7930
vn -0.6413 -0.0073 0.7672
vn -0.6428 -0.0373 0.7651
vn -0.6732 -0.0725 0.7359
vn -0.6472 -0.1016 0.7555
vn -0.6567 -0.0588 0.7519
vn -0.6490 0.1909 0.7365
vn -0.6664 0.1778 0.7241
vn -0.6554 0.1678 0.7364
vn -0.7487 0.2002 -0.6320
vn -0.7339 0.1653 -0.6588
vn -0.7592 0.1556 -0.6320
vn -0.9134 0.0784 -0.3994
vn -0.9322 0.0847 -0.3518
vn -0.9141 0.0971 -0.3936
vn -0.5834 -0.0317 0.8116
vn -0.5933 -0.0340 0.8043
vn -0.5871 -0.0623 0.8071
vn -0.6910 0.0097 0.7228
vn -0.6984 0.0255 0.7152
vn -0.7163 0.0137 0.6977
vn -0.6141 -0.0322 0.7886
vn -0.5953 -0.0310 0.8029
vn -0.6113 -0.0166 0.7912
vn -0.9444 0.1613 -0.2864
vn -0.9393 0.1775 -0.2937
vn -0.9378 0.1621 -0.3070
vn -0.8039 -0.0972 0.5868
vn -0.8000 -0.0752 0.5952
vn -0.8244 -0.0613 0.5628
vn -0.3808 -0.1104 0.9180
vn -0.3574 -0.0921 0.9294
vn -0.3815 -0.0830 0.9206
vn -0.9967 -0.0299 -0.0759
vn -0.9924 -0.0637 -0.1050
vn -0.9969 -0.0441 -0.0655
vn -0.9454 0.1389 -0.2948
vn -0.9486 0.1559 -0.2755
vn -0.9403 0.1826 -0.2873
vn -0.9250 -0.1360 0.3547
vn -0.9195 -0.1121 0.3768
vn -0.9433 -0.0869 0.3204
vn -0.6273 0.1769 0.7584
vn -0.6479 0.1548 0.7458
vn -0.6213 0.1449 0.7701
vn -0.7606 -0.1667 0.6275
vn -0.7748 -0.1571 0.6124
vn -0.7718 -0.1815 0.6094
vn -0.9770 0.1960 0.0837
vn -0.9801 0.1885 0.0628
vn -0.9816 0.1732 0.0803
vn -0.5611 0.1282 -0.8177
vn -0.5685 0.1575 -0.8075
vn -0.5521 0.1515 -0.8199
vn -0.7726 0.0232 -0.6345
vn -0.7802 0.0006 -0.6255
vn -0.7891 0.0197 -0.6140
vn -0.4418 0.0761 0.8939
vn -0.4461 0.0594 0.8930
vn -0.4158 0.0652 0.9071
vn -0.8079 0.0233 0.5888
vn -0.8184 0.0892 0.5676
vn -0.8220 0.0168 0.5693
vn -0.7220 0.2029 -0.6615
vn -0.7292 0.1823 -0.6596
vn -0.7369 0.1978 -0.6464
vn -0.9055 -0.0384 -0.4226
vn -0.9218 -0.0424 -0.3854
vn -0.9136 -0.0165 -0.4063
vn -0.9647 0.1337 -0.2268
vn -0.9600 0.1202 -0.2529
vn -0.9676 0.0987 -0.2324
vn -0.6239 0.2677 -0.7342
vn -0.5942 0.2769 -0.7552
vn -0.6093 0.2473 -0.7534
vn -0.9332 -0.0527 0.3556
vn -0.9357 -0.0578 0.3479
vn -0.9255 -0.0869 0.3685
vn -0.6301 0.2203 -0.7446
vn -0.6135 0.2602 -0.7456
vn -0.5946 0.2268 -0.7714
vn -0.6391 -0.0183 -0.7689
vn -0.6559 -0.0035 -0.7549
vn -0.6359 0.0060 -0.7718
vn -0.8493 -0.0492 0.5256
vn -0.8423 -0.0730 0.5340
vn -0.8358 -0.0526 0.5465
vn -0.7306 0.0334 0.6820
vn -0.7149 0.0240 0.6989
vn -0.7078 0.0417 0.7052
vn -0.4546 0.0461 0.8895
vn -0.4552 0.0261 0.8900
vn -0.4335 0.0508 0.8997
vn -0.9848 0.0374 -0.1697
vn -0.9813 0.0358 -0.1889
vn -0.9856 0.0183 -0.1680
vn -0.5915 0.0318 -0.8057
vn -0.5920 0.0035 -0.8059
vn -0.6084 0.0234 -0.7933
vn -0.5890 -0.0505 0.8065
vn -0.5925 -0.0623 0.8031
vn -0.5772 -0.0686 0.8137
vn -0.5524 -0.0823 -0.8295
vn -0.5318 -0.0872 -0.8423
vn -0.5411 -0.1102 -0.8337
vn -0.8932 -0.0509 0.4467
vn -0.8942 -0.0381 0.4460
vn -0.8975 -0.0495 0.4383
vn -0.8882 0.1715 0.4262
vn -0.8816 0.1558 0.4456
vn -0.8752 0.1801 0.4490
vn -0.7564 0.2032 0.6217
vn -0.7744 0.2076 0.5977
vn -0.7757 0.1811 0.6046
vn -0.1281 -0.7725 -0.6220
vn -0.5993 0.5966 -0.5338
vn -0.1880 -0.0307 -0.9817
vn -0.6855 -0.2178 -0.6947
vn 0.0947 -0.0091 -0.9955
vn 0.0228 -0.8424 -0.5384
vn -0.8402 -0.0145 -0.5422
vn -0.8439 0.0005 -0.5366
vn -0.8376 0.0032 -0.5463
vn -0.2694 0.0091 -0.9630
vn -0.2678 -0.0095 -0.9634
vn -0.2887 0.0014 -0.9574
vn -0.5021 0.0561 -0.8630
vn -0.4902 0.0386 -0.8708
vn -0.5081 0.0375 -0.8605
vn -0.2876 0.0621 -0.9557
vn -0.1317 0.0434 -0.9903
vn -0.1713 -0.0580 -0.9835
vn -0.8526 0.1674 0.4951
vn -0.8339 0.1602 0.5281
vn -0.8414 0.2320 0.4881
vn -0.2239 0.1955 -0.9548
vn -0.2184 0.1801 -0.9591
vn -0.2332 0.1809 -0.9555
vn -0.9091 -0.0038 0.4166
vn -0.2537 -0.0821 0.9638
vn -0.2520 -0.0675 0.9654
vn -0.1923 0.7196 0.6673
vn -0.9743 -0.1551 0.1633
vn -0.9850 -0.1163 0.1275
vn -0.9706 -0.2128 0.1123
vn -0.9861 0.1490 -0.0731
vn -0.9906 0.1352 -0.0192
vn -0.9777 0.1997 -0.0653
vn -0.8111 -0.0520 0.5826
vn -0.8038 -0.0305 0.5941
vn -0.8181 -0.0307 0.5743
vn -0.7521 -0.1648 0.6381
vn -0.7445 -0.1587 0.6485
vn -0.7692 -0.1361 0.6244
vn -0.7727 -0.1999 0.6025
vn -0.7469 -0.1977 0.6349
vn -0.7468 -0.1726 0.6422
vn -0.9089 -0.3042 -0.2853
vn -0.9208 -0.2889 -0.2621
vn -0.9255 -0.2698 -0.2657
vn -0.9199 -0.2678 -0.2866
vn -0.8957 -0.0190 0.4443
vn -0.8948 -0.0062 0.4464
vn -0.9027 -0.0035 0.4302
vn -0.9642 -0.1571 0.2138
vn -0.9763 -0.1505 0.1555
vn -0.9723 -0.1796 0.1496
vn -0.6121 0.0831 0.7864
vn -0.5901 0.0019 0.8074
vn -0.5704 0.0651 0.8188
vn -0.9051 0.2559 -0.3396
vn -0.9010 0.2294 -0.3682
vn -0.9293 0.2277 -0.2909
vn -0.9999 -0.0116 -0.0103
vn -0.9996 -0.0051 -0.0291
vn -0.9995 -0.0218 -0.0222
vn -0.6691 0.1635 -0.7249
vn -0.6624 0.1586 -0.7321
vn -0.6719 0.1479 -0.7257
vn -0.8203 0.1651 -0.5477
vn -0.8223 0.1506 -0.5487
vn -0.8301 0.1628 -0.5333
vn -0.4301 0.0328 0.9022
vn -0.4448 0.0622 0.8934
vn -0.4583 0.0461 0.8876
vn -0.9355 0.1505 -0.3196
vn -0.9431 0.1388 -0.3020
vn -0.9406 0.1606 -0.2991
vn -0.8591 -0.1224 0.4970
vn -0.8444 -0.1580 0.5119
vn -0.8493 -0.1233 0.5133
vn -0.8706 -0.1296 0.4746
vn -0.8520 -0.1244 0.5086
vn -0.8566 -0.1098 0.5041
vn -0.5790 0.2256 0.7835
vn -0.5816 0.2499 0.7742
vn -0.5930 0.2375 0.7694
vn -0.6399 0.1451 0.7547
vn -0.6248 0.1474 0.7667
vn -0.6363 0.1586 0.7550
vn -0.8262 0.1881 -0.5310
vn -0.8170 0.2118 -0.5363
vn -0.8111 0.1907 -0.5530
vn -0.2499 -0.2690 -0.9302
vn -0.2627 -0.2644 -0.9279
vn -0.2527 -0.2599 -0.9320
vn -0.2495 -0.2621 -0.9322
vn -0.5424 0.0434 -0.8390
vn -0.5664 0.0380 -0.8233
vn -0.5555 0.0630 -0.8291
vn -0.6991 -0.0031 0.7150
vn -0.6700 -0.0041 0.7424
vn -0.6894 0.0169 0.7241
vn -0.4423 0.3279 -0.8348
vn -0.4335 0.3121 -0.8454
vn -0.4583 0.3065 -0.8343
vn -0.9139 0.1359 -0.3824
vn -0.9109 0.1203 -0.3948
vn -0.9181 0.1216 -0.3773
vn -0.7950 -0.0680 0.6028
vn -0.7842 -0.0777 0.6156
vn -0.7836 -0.0608 0.6182
vn -0.7621 -0.4780 0.4368
vn -0.7751 -0.4594 0.4339
vn -0.7696 -0.4889 0.4108
vn -0.6585 0.1638 -0.7345
vn -0.6666 0.1560 -0.7289
vn -0.6697 0.1698 -0.7229
vn -0.3087 0.2259 -0.9239
vn -0.3158 0.2398 -0.9180
vn -0.3030 0.2410 -0.9220
vn -0.3016 0.2306 -0.9251
vn -0.8174 0.2956 0.4945
vn -0.8325 0.2686 0.4845
vn -0.8110 0.2707 0.5187
vn -0.9884 0.1507 0.0207
vn -0.9923 0.1232 0.0112
vn -0.9899 0.1344 0.0462
vn -0.6238 0.1519 0.7666
vn -0.6098 0.1653 0.7751
vn -0.6242 0.1681 0.7629
vn -0.6223 0.0588 0.7805
vn -0.6364 0.0733 0.7679
vn -0.6363 0.0544 0.7696
vn -0.7134 0.3651 0.5981
vn -0.6965 0.3544 0.6240
vn -0.6916 0.3894 0.6083
vn -0.7403 -0.1526 -0.6547
vn -0.7329 -0.1736 -0.6578
vn -0.7471 -0.1698 -0.6426
vn -0.8553 0.1534 0.4949
vn -0.8517 0.1375 0.5057
vn -0.8404 0.1676 0.5155
vn -0.7386 0.0669 0.6708
vn -0.7536 0.0833 0.6520
vn -0.7534 0.0433 0.6561
vn -0.7555 0.0078 0.6551
vn -0.7783 0.0016 0.6279
vn -0.7607 -0.0232 0.6486
vn -0.3555 0.0760 -0.9316
vn -0.3632 0.0606 -0.9297
vn -0.3647 0.0727 -0.9283
vn -0.3813 -0.1553 -0.9113
vn -0.3758 -0.1639 -0.9121
vn -0.3951 -0.1705 -0.9027
vn -0.9631 -0.0857 0.2550
vn -0.9589 -0.0718 0.2746
vn -0.9627 -0.0597 0.2640
vn -0.8974 -0.0036 0.4412
vn -0.9000 0.0144 0.4357
vn -0.9044 -0.0049 0.4266
vn -0.9834 0.0049 0.1812
vn -0.9849 -0.0291 0.1705
vn -0.9788 -0.0265 0.2030
vn -0.9213 -0.0706 0.3824
vn -0.9173 -0.0330 0.3969
vn -0.9251 -0.0527 0.3761
vn -0.5753 -0.2807 0.7683
vn -0.5842 -0.2600 0.7688
vn -0.6050 -0.2502 0.7559
vn -0.2287 -0.1118 -0.9671
vn -0.2123 -0.0994 -0.9721
vn -0.2095 -0.1130 -0.9713
vn -0.7867 -0.0406 0.6160
vn -0.8011 -0.0442 0.5969
vn -0.7882 -0.0638 0.6121
vn -0.8835 0.1644 -0.4386
vn -0.8915 0.1636 -0.4224
vn -0.8872 0.1800 -0.4249
vn -0.8646 -0.0699 0.4976
vn -0.8770 -0.0371 0.4790
vn -0.8788 -0.0622 0.4731
vn -0.5952 0.1685 -0.7857
vn -0.5844 0.1743 -0.7925
vn -0.5843 0.1654 -0.7945
vn -0.6716 0.1432 -0.7270
vn -0.6735 0.1523 -0.7233
vn -0.6646 0.1505 -0.7319
vn -0.8903 0.0331 0.4542
vn -0.9087 0.0262 0.4166
vn -0.8913 -0.0307 0.4524
vn -0.9094 0.0272 0.4151
vn -0.9130 -0.0138 0.4077
vn -0.8878 -0.0263 0.4594
vn -0.5575 -0.0094 -0.8301
vn -0.5733 -0.0073 -0.8193
vn -0.5657 0.0069 -0.8246
vn -0.6380 0.1567 0.7539
vn -0.6270 0.1690 0.7605
vn -0.6368 0.1680 0.7525
vn -0.7200 0.0597 -0.6914
vn -0.7288 0.0409 -0.6835
vn -0.7354 0.0625 -0.6748
vn -0.6149 -0.3246 -0.7187
vn -0.6249 -0.3140 -0.7148
vn -0.6036 -0.3111 -0.7341
vn -0.8535 0.1285 0.5050
vn -0.8533 0.1146 0.5086
vn -0.8424 0.1195 0.5255
vn -0.5095 -0.0132 0.8604
vn -0.5224 0.0102 0.8526
vn -0.5444 -0.0038 0.8388
vn -0.8285 0.1991 -0.5234
vn -0.8106 0.1855 -0.5554
vn -0.8211 0.1680 -0.5455
vn -0.8508 0.2332 -0.4710
vn -0.8387 0.2417 -0.4881
vn -0.8398 0.2294 -0.4920
vn -0.5884 0.0250 0.8082
vn -0.6214 0.0277 0.7830
vn -0.6497 -0.0090 0.7602
vn -0.6039 -0.0651 0.7944
vn -0.5356 0.0507 -0.8429
vn -0.5269 0.0891 -0.8453
vn -0.5148 0.0734 -0.8542
vn -0.9368 -0.0436 -0.3472
vn -0.9232 -0.0334 -0.3830
vn -0.9279 -0.0601 -0.3679
vn -0.9030 -0.0615 0.4253
vn -0.8977 -0.0533 0.4374
vn -0.9080 -0.0448 0.4165
vn -0.8954 -0.0204 0.4448
vn -0.9003 -0.0003 0.4352
vn -0.9039 -0.0261 0.4269
vn -0.9951 -0.0805 0.0575
vn -0.9907 -0.0651 0.1192
vn -0.9935 -0.0468 0.1035
vn -0.9122 0.1098 -0.3948
vn -0.9173 0.1375 -0.3738
vn -0.9084 0.1452 -0.3920
vn -0.9090 0.2013 0.3651
vn -0.9139 0.1814 0.3632
vn -0.9045 0.1959 0.3788
vn -0.7635 0.1551 0.6269
vn -0.7587 0.1427 0.6356
vn -0.7534 0.1604 0.6377
vn -0.1825 0.0542 -0.9817
vn -0.1995 0.0636 -0.9778
vn -0.1979 0.0835 -0.9767
vn -0.7947 -0.0117 -0.6069
vn -0.8105 -0.1097 -0.5754
vn -0.8236 -0.0450 -0.5654
vn -0.6169 -0.6015 -0.5076
vn -0.2463 0.0559 -0.9676
vn -0.2336 0.0269 -0.9720
vn -0.1538 -0.7399 -0.6549
vn -0.1349 0.7191 0.6816
vn -0.7154 -0.1972 0.6704
vn -0.1341 -0.0012 0.9910
vn -0.7727 0.2879 0.5657
vn -0.7897 0.2907 0.5403
vn -0.7932 0.2722 0.5448
vn -0.8934 0.1137 0.4346
vn -0.9020 0.1090 0.4178
vn -0.8943 0.0855 0.4393
vn -0.9748 0.0655 -0.2131
vn -0.9778 0.0752 -0.1955
vn -0.9729 0.0939 -0.2115
vn -0.9851 0.0181 0.1708
vn -0.9833 -0.0090 0.1818
vn -0.9812 0.0223 0.1915
vn -0.2224 0.0582 -0.9732
vn -0.2358 0.0852 -0.9681
vn -0.2195 0.0822 -0.9721
vn -0.8565 0.0113 0.5161
vn -0.8524 -0.0058 0.5229
vn -0.8494 0.0046 0.5277
vn -0.8679 0.0378 0.4953
vn -0.8282 -0.2131 0.5183
vn -0.8006 -0.1189 0.5873
vn -0.9008 0.1580 -0.4045
vn -0.9045 0.1363 -0.4040
vn -0.9093 0.1481 -0.3890
vn -0.7340 0.0859 -0.6737
vn -0.7299 0.1088 -0.6748
vn -0.7224 0.0951 -0.6849
vn -0.8930 -0.0709 0.4444
vn -0.8870 -0.0806 0.4546
vn -0.8833 -0.0713 0.4634
vn -0.1442 0.7701 0.6215
vn -0.7575 -0.2814 0.5891
vn -0.2037 0.1338 0.9698
vn -0.4260 -0.0055 0.9047
vn -0.4298 0.0167 0.9028
vn -0.4617 -0.0140 0.8869
vn -0.4468 -0.0979 0.8893
vn -0.4418 -0.0803 0.8935
vn -0.4734 -0.0709 0.8780
vn -0.8761 -0.1333 0.4633
vn -0.8676 -0.0589 0.4938
vn -0.8886 -0.1018 0.4473
vn -0.1186 0.7801 -0.6143
vn 0.1322 0.1630 -0.9777
vn 0.0766 -0.6476 -0.7582
vn -0.3370 -0.1315 0.9323
vn -0.3576 -0.1078 0.9277
vn -0.3577 -0.1537 0.9211
vn -0.9760 0.0712 -0.2056
vn -0.9739 0.0239 -0.2258
vn -0.9812 0.0522 -0.1859
vn -0.3570 -0.8095 -0.4661
vn -0.0744 -0.2365 -0.9688
vn -0.0582 -0.2557 -0.9650
vn -0.0477 -0.8699 -0.4909
vn -0.9814 -0.1138 0.1548
vn -0.9862 -0.0508 0.1578
vn -0.9895 -0.0732 0.1245
vn -0.9499 0.0035 -0.3126
vn -0.9379 -0.0421 -0.3444
vn -0.9517 -0.0255 -0.3059
vn -0.9136 0.1234 -0.3875
vn -0.9076 0.1053 -0.4065
vn -0.9195 0.1016 -0.3798
vn -0.9617 0.0718 -0.2647
vn -0.9661 0.0530 -0.2527
vn -0.9665 0.0857 -0.2420
vn -0.2627 -0.0601 0.9630
vn -0.2919 -0.0783 0.9532
vn -0.2787 -0.1095 0.9541
vn -0.9865 0.0299 0.1608
vn -0.9862 0.0089 0.1655
vn -0.9825 0.0289 0.1838
vn -0.3817 -0.1321 0.9148
vn -0.3654 -0.1262 0.9223
vn -0.3747 -0.1104 0.9205
vn -0.2599 -0.1475 0.9543
vn -0.2787 -0.1351 0.9508
vn -0.2720 -0.1640 0.9482
vn -0.3284 -0.0063 0.9445
vn -0.3152 0.0226 0.9488
vn -0.3349 0.0299 0.9418
vn -0.4564 0.0708 0.8869
vn -0.4444 0.0747 0.8927
vn -0.4586 0.0920 0.8839
vn -0.3710 0.0102 -0.9286
vn -0.3661 -0.0185 -0.9304
vn -0.3881 -0.0104 -0.9216
vn -0.8140 0.0813 -0.5752
vn -0.7953 0.0917 -0.5993
vn -0.8006 0.0674 -0.5954
vn -0.7688 0.1740 -0.6153
vn -0.7716 0.1584 -0.6161
vn -0.7813 0.1594 -0.6035
vn -0.8622 -0.0146 0.5063
vn -0.8451 -0.0636 0.5309
vn -0.8450 0.0139 0.5346
vn -0.9546 -0.1210 0.2722
vn -0.9516 -0.1114 0.2863
vn -0.9561 -0.0868 0.2799
vn -0.9749 -0.0093 0.2225
vn -0.9743 -0.0009 0.2253
vn -0.9785 -0.0056 0.2061
vn -0.6554 0.0721 -0.7518
vn -0.6374 0.0755 -0.7668
vn -0.6514 0.0492 -0.7571
vn -0.7621 0.1638 -0.6264
vn -0.7597 0.1423 -0.6345
vn -0.7737 0.1351 -0.6190
vn -0.0149 -0.6063 -0.7951
vn -0.0360 -0.6080 -0.7931
vn -0.0317 -0.5976 -0.8012
vn -0.9997 -0.0160 0.0193
vn -0.9990 -0.0394 0.0206
vn -0.9992 -0.0239 0.0332
vn -0.4225 -0.1858 0.8871
vn -0.4087 0.1703 0.8966
vn -0.7086 -0.1647 0.6862
vn -0.7131 0.2197 -0.6657
vn -0.7103 0.1909 -0.6775
vn -0.7234 0.1895 -0.6639
vn -0.8904 0.2971 -0.3450
vn -0.8966 0.2586 -0.3595
vn -0.9083 0.2457 -0.3386
vn -0.9515 0.0333 -0.3057
vn -0.9550 0.0487 -0.2927
vn -0.9496 0.0512 -0.3093
vn -0.5114 0.0246 -0.8590
vn -0.4910 0.0261 -0.8708
vn -0.5043 0.0031 -0.8635
vn -0.5621 0.1672 -0.8100
vn -0.5647 0.1822 -0.8049
vn -0.5570 0.1755 -0.8118
vn -0.9911 0.1196 -0.0586
vn -0.9841 0.1573 -0.0828
vn -0.9886 0.1042 -0.1088
vn -0.9895 -0.0960 0.1080
vn -0.9853 -0.1219 0.1196
vn -0.9865 -0.1025 0.1274
vn -0.7071 0.0829 -0.7022
vn -0.7016 0.1045 -0.7049
vn -0.6911 0.0984 -0.7160
vn -0.2335 -0.0570 -0.9707
vn -0.2250 -0.0831 -0.9708
vn -0.2445 -0.0907 -0.9654
vn -0.8354 0.3104 -0.4537
vn -0.8157 0.3451 -0.4643
vn -0.8024 0.2822 -0.5258
vn -0.9920 -0.0026 0.1259
vn -0.9946 0.0233 0.1016
vn -0.9932 -0.0123 0.1157
vn -0.6790 0.6111 -0.4069
vn -0.6378 0.6239 -0.4515
vn -0.6735 0.5896 -0.4458
vn -0.6872 0.3350 -0.6446
vn -0.7121 0.3355 -0.6167
vn -0.6933 0.3595 -0.6246
vn -0.9958 -0.0899 0.0144
vn -0.9968 -0.0769 -0.0202
vn -0.9937 -0.1123 0.0024
vn -0.3150 -0.1229 -0.9411
vn -0.2963 -0.0925 -0.9506
vn -0.2867 -0.1286 -0.9493
vn 0.1278 -0.0186 -0.9916
vn 0.0897 -0.2055 -0.9745
vn -0.6496 -0.0796 -0.7561
vn 0.0652 -0.8420 -0.5355
vn -0.5793 -0.2045 -0.7891
vn 0.1064 -0.0842 -0.9908
vn -0.6623 0.0620 -0.7466
vn -0.6692 0.0364 -0.7422
vn -0.6821 0.0654 -0.7284
vn -0.8031 0.0929 -0.5885
vn -0.7965 0.1227 -0.5921
vn -0.7873 0.1104 -0.6066
vn -0.5491 0.0423 -0.8347
vn -0.5550 0.0189 -0.8316
vn -0.5628 0.0226 -0.8263
vn -0.6032 0.1594 -0.7815
vn -0.5971 0.1496 -0.7881
vn -0.6069 0.1457 -0.7813
vn -0.7148 0.5754 -0.3973
vn -0.1680 0.2201 -0.9609
vn -0.1090 -0.6164 -0.7798
vn -0.9970 -0.0443 -0.0628
vn -0.9987 -0.0495 -0.0145
vn -0.9995 -0.0199 -0.0254
vn -0.3443 0.0086 -0.9388
vn -0.3524 0.0411 -0.9350
vn -0.3342 0.0402 -0.9417
vn -0.9569 0.2094 -0.2014
vn -0.9608 0.1840 -0.2073
vn -0.9678 0.1877 -0.1677
vn -0.4598 -0.0371 -0.8872
vn -0.4549 -0.0516 -0.8891
vn -0.4659 -0.0478 -0.8835
vn -0.8030 -0.0423 0.5944
vn -0.7927 -0.0380 0.6085
vn -0.7976 -0.0165 0.6030
vn -0.7890 0.0230 0.6140
vn -0.7893 0.0463 0.6122
vn -0.8065 0.0455 0.5895
vn -0.7966 0.0087 0.6045
vn -0.8014 0.0395 0.5968
vn -0.8074 -0.0035 0.5900
vn -0.9758 -0.1145 -0.1864
vn -0.9782 -0.0871 -0.1883
vn -0.9681 -0.0949 -0.2321
vn -0.9703 -0.1125 -0.2142
vn -0.9744 -0.1155 -0.1930
vn -0.9749 -0.0828 -0.2065
vn -0.8710 -0.2465 0.4249
vn -0.8784 -0.2284 0.4198
vn -0.8812 -0.2527 0.3995
vn -0.8095 0.1630 0.5640
vn -0.8189 0.1712 0.5478
vn -0.8199 0.1533 0.5516
vn -0.5808 -0.0236 -0.8137
vn -0.5626 -0.0277 -0.8262
vn -0.5709 -0.0391 -0.8201
vn -0.9835 0.0647 0.1690
vn -0.9870 0.0356 0.1565
vn -0.9848 0.0218 0.1723
vn -0.9585 0.0016 0.2852
vn -0.9616 -0.0410 0.2714
vn -0.9540 -0.0184 0.2992
vn -0.9362 -0.1295 -0.3267
vn -0.9374 -0.1475 -0.3154
vn -0.9472 -0.1336 -0.2914
vn -0.5314 0.0371 -0.8463
vn -0.5171 0.0357 -0.8552
vn -0.5235 0.0166 -0.8519
vn -0.5458 -0.8364 0.0502
vn -0.5610 -0.8272 0.0334
vn -0.5359 -0.8442 0.0114
vn -0.5324 -0.8452 0.0467
vn -0.5475 0.1985 -0.8129
vn -0.5793 0.2040 -0.7892
vn -0.5781 0.2162 -0.7868
vn -0.9154 0.3050 -0.2626
vn -0.9142 0.2583 -0.3122
vn -0.9365 0.2324 -0.2624
vn -0.9517 0.0526 0.3025
vn -0.9663 0.0525 0.2519
vn -0.9643 -0.0068 0.2646
vn -0.9124 -0.3349 -0.2355
vn -0.9257 -0.3221 -0.1984
vn -0.9236 -0.3085 -0.2277
vn -0.9721 -0.1158 0.2039
vn -0.9635 -0.0829 0.2545
vn -0.9739 -0.0796 0.2127
vn -0.0633 -0.7695 -0.6355
vn -0.7792 -0.1216 -0.6148
vn -0.0834 -0.0528 -0.9951
vn -0.7966 0.1070 -0.5950
vn -0.7937 0.1339 -0.5934
vn -0.7822 0.1183 -0.6117
vn -0.6392 0.2895 -0.7124
vn -0.6495 0.3090 -0.6948
vn -0.6339 0.3095 -0.7088
vn -0.4560 0.0893 -0.8855
vn -0.4810 0.0638 -0.8744
vn -0.4720 0.0972 -0.8762
vn -0.5620 -0.0101 -0.8271
vn -0.6200 0.0226 -0.7843
vn -0.5523 0.0132 -0.8335
vn -0.5391 -0.0777 -0.8387
vn -0.5311 -0.0896 -0.8425
vn -0.5516 -0.0934 -0.8289
vn -0.1410 -0.9673 -0.2109
vn -0.1507 -0.9708 -0.1865
vn -0.1722 -0.9640 -0.2026
vn -0.3915 -0.2532 -0.8847
vn -0.4020 -0.2493 -0.8811
vn -0.3899 -0.2368 -0.8899
vn -0.5246 -0.0154 -0.8512
vn -0.5152 -0.0240 -0.8568
vn -0.5311 -0.0296 -0.8468
vn -0.4811 -0.4410 -0.7576
vn -0.4711 -0.4411 -0.7639
vn -0.4755 -0.4506 -0.7555
vn -0.5679 -0.2248 -0.7918
vn -0.5797 -0.2262 -0.7828
vn -0.5804 -0.2135 -0.7858
vn -0.7528 0.1346 -0.6444
vn -0.7340 0.1160 -0.6691
vn -0.7644 0.1140 -0.6346
vn -0.9444 -0.0848 -0.3178
vn -0.9590 -0.0678 -0.2753
vn -0.9577 -0.0341 -0.2858
vn -0.8736 0.0176 0.4863
vn -0.8672 0.0168 0.4977
vn -0.8695 0.0288 0.4930
vn -0.9174 -0.0223 0.3973
vn -0.9293 -0.0057 0.3693
vn -0.9289 -0.0245 0.3694
vn -0.9889 -0.0256 -0.1462
vn -0.9933 -0.0225 -0.1136
vn -0.9923 0.0056 -0.1239
vn -0.8274 0.0340 0.5606
vn -0.8373 0.0303 0.5460
vn -0.8297 0.0119 0.5581
vn -0.8142 0.0107 0.5804
vn -0.8275 0.0231 0.5609
vn -0.8242 -0.0033 0.5663
vn -0.9933 -0.0884 -0.0745
vn -0.9925 -0.0826 -0.0901
vn -0.9902 -0.1082 -0.0886
vn -0.9433 0.1052 0.3148
vn -0.9490 0.1309 0.2868
vn -0.9487 0.0784 0.3063
vn -0.9943 -0.1015 -0.0324
vn -0.9965 -0.0597 -0.0584
vn -0.9917 -0.1014 -0.0792
vn -0.9862 -0.0516 -0.1571
vn -0.9790 -0.0442 -0.1992
vn -0.9784 -0.0829 -0.1892
vn -0.5596 0.0425 0.8277
vn -0.5830 0.0032 0.8125
vn -0.5622 0.0086 0.8270
vn -0.6598 0.1111 0.7432
vn -0.6827 0.1345 0.7182
vn -0.6840 0.0740 0.7258
vn -0.9903 0.1388 -0.0034
vn -0.9815 0.1910 0.0165
vn -0.9839 0.1784 -0.0138
vn -0.7860 0.2651 0.5585
vn -0.7882 0.2412 0.5661
vn -0.7743 0.2697 0.5725
vn -0.9945 0.0690 0.0790
vn -0.9969 0.0288 0.0737
vn -0.9946 0.0397 0.0957
vn -0.9957 -0.0076 0.0925
vn -0.9934 -0.0220 0.1128
vn -0.9934 -0.0038 0.1145
vn -0.9944 0.0131 0.1046
vn -0.9980 0.0277 0.0571
vn -0.9948 -0.0435 0.0918
vn -0.9872 -0.1154 -0.1098
vn -0.9890 -0.1219 -0.0843
vn -0.9909 -0.0976 -0.0931
vn -0.9836 -0.0709 0.1657
vn -0.9806 -0.0511 0.1892
vn -0.9867 -0.0357 0.1588
vn -0.9830 -0.0652 -0.1716
vn -0.9850 -0.0915 -0.1461
vn -0.9889 -0.0622 -0.1351
vn -0.8939 -0.0379 0.4466
vn -0.9050 -0.0477 0.4228
vn -0.8932 -0.0503 0.4469
vn -0.9784 0.1928 -0.0745
vn -0.9822 0.1675 -0.0852
vn -0.9844 0.1664 -0.0571
vn -0.8454 0.2311 0.4815
vn -0.8497 0.2386 0.4702
vn -0.8533 0.2197 0.4730
vn -0.3239 0.1682 -0.9310
vn -0.2972 0.1729 -0.9390
vn -0.3049 0.1416 -0.9418
vn -0.3633 0.1123 -0.9249
vn -0.3916 0.1028 -0.9144
vn -0.3834 0.1358 -0.9135
vn -0.9914 -0.0560 -0.1185
vn -0.9897 -0.0952 -0.1066
vn -0.9928 -0.0759 -0.0922
vn -0.9402 0.0834 -0.3304
vn -0.9420 0.0626 -0.3299
vn -0.9450 0.0691 -0.3198
vn -0.8198 0.0157 0.5724
vn -0.8270 0.0292 0.5614
vn -0.8306 0.0164 0.5566
vn -0.7776 0.0831 0.6232
vn -0.7864 0.0692 0.6139
vn -0.7807 0.0578 0.6222
vn -0.9478 0.1035 0.3016
vn -0.9588 0.1071 0.2631
vn -0.9620 0.0820 0.2606
vn -0.9853 0.0214 0.1692
vn -0.9828 0.0191 0.1838
vn -0.9847 0.0358 0.1705
vn -0.9205 -0.2704 -0.2821
vn -0.9286 -0.2375 -0.2851
vn -0.9186 -0.2509 -0.3054
vn -0.9296 0.0405 -0.3664
vn -0.9392 0.0691 -0.3363
vn -0.9275 0.0756 -0.3661
vn -0.9152 -0.0585 0.3988
vn -0.9225 -0.0560 0.3820
vn -0.9196 -0.0738 0.3859
vn -0.9913 -0.0589 0.1176
vn -0.9926 -0.0634 0.1037
vn -0.9906 -0.0725 0.1156
vn -0.9947 -0.0959 0.0362
vn -0.9936 -0.1086 0.0308
vn -0.9930 -0.1104 0.0427
vn -0.9472 -0.0526 -0.3164
vn -0.9541 0.0039 -0.2996
vn -0.9430 0.0332 -0.3312
vn -0.7339 0.0390 0.6782
vn -0.7383 0.0588 0.6718
vn -0.7458 0.0444 0.6647
vn -0.7585 0.0477 0.6499
vn -0.7686 0.0516 0.6376
vn -0.7678 0.0301 0.6399
vn -0.9723 0.0772 -0.2205
vn -0.9748 0.0805 -0.2079
vn -0.9715 0.0877 -0.2201
vn -0.9865 0.0661 -0.1496
vn -0.9863 0.0763 -0.1461
vn -0.9851 0.0689 -0.1573
vn -0.8223 0.0507 -0.5668
vn -0.8188 0.0724 -0.5694
vn -0.8126 0.0600 -0.5797
vn -0.9368 0.0386 -0.3477
vn -0.9356 0.0845 -0.3429
vn -0.9295 0.0424 -0.3663
vn -0.9662 0.0871 -0.2425
vn -0.9594 0.0935 -0.2661
vn -0.9670 0.0698 -0.2449
vn -0.9642 -0.0261 0.2640
vn -0.9665 -0.0537 0.2510
vn -0.9614 -0.0670 0.2670
vn -0.8364 0.0210 0.5477
vn -0.8421 0.0046 0.5393
vn -0.8316 0.0030 0.5553
vn -0.8624 -0.0113 0.5062
vn -0.8548 -0.0182 0.5187
vn -0.8551 -0.0071 0.5185
vn -0.7057 -0.1734 0.6870
vn -0.6925 -0.1606 0.7034
vn -0.7160 -0.1556 0.6805
vn -0.7076 0.0027 0.7066
vn -0.7196 -0.0109 0.6943
vn -0.6980 -0.0157 0.7159
vn -0.9927 -0.0455 0.1120
vn -0.9855 -0.0852 0.1469
vn -0.9852 -0.0687 0.1570
vn -0.9947 -0.0591 0.0840
vn -0.9960 -0.0430 0.0789
vn -0.9954 -0.0617 0.0731
vn -0.9341 -0.1390 -0.3287
vn -0.2927 -0.0402 -0.9554
vn -0.3033 -0.0650 -0.9507
vn -0.1832 -0.8160 -0.5483
vn -0.9055 0.0824 -0.4162
vn -0.8919 0.0691 -0.4469
vn -0.8966 0.0462 -0.4404
vn -0.9064 0.0562 -0.4186
vn -0.7248 -0.0685 0.6856
vn -0.7572 -0.1160 0.6428
vn -0.7336 -0.1276 0.6675
vn -0.8540 0.1273 -0.5045
vn -0.8486 0.1160 -0.5161
vn -0.8556 0.1089 -0.5060
vn -0.6294 0.0578 0.7749
vn -0.6273 0.0717 0.7755
vn -0.6498 0.0736 0.7566
vn 0.2244 -0.7197 -0.6571
vn 0.1974 -0.7192 -0.6662
vn 0.2195 -0.6998 -0.6798
vn 0.2237 -0.2799 -0.9336
vn 0.2148 -0.3062 -0.9274
vn 0.1933 -0.2906 -0.9371
vn -0.8686 0.1995 -0.4537
vn -0.8618 0.1975 -0.4673
vn -0.8659 0.1842 -0.4651
vn -0.9317 0.1287 -0.3397
vn -0.9350 0.1437 -0.3241
vn -0.9290 0.1433 -0.3411
vn -0.8489 0.1845 -0.4952
vn -0.8432 0.1808 -0.5064
vn -0.8475 0.1658 -0.5043
vn -0.8283 0.1945 -0.5255
vn -0.8169 0.2012 -0.5406
vn -0.8186 0.1808 -0.5452
vn -0.9361 -0.1911 0.2953
vn -0.9164 -0.1791 0.3578
vn -0.9232 -0.1452 0.3558
vn -0.9427 0.1744 0.2846
vn -0.9506 0.1845 0.2496
vn -0.9521 0.1507 0.2662
vn -0.8072 0.0568 0.5876
vn -0.8233 0.0651 0.5639
vn -0.8132 0.0484 0.5800
vn -0.7928 0.1652 0.5866
vn -0.8061 0.1466 0.5734
vn -0.7892 0.1474 0.5962
vn -0.8021 -0.0718 0.5928
vn -0.8131 -0.0596 0.5790
vn -0.8145 -0.0803 0.5745
vn -0.9896 0.0369 0.1390
vn -0.9901 0.0649 0.1244
vn -0.9954 0.0089 0.0950
vn -0.7388 0.2028 -0.6428
vn -0.7261 0.2143 -0.6533
vn -0.7320 0.1958 -0.6526
vn -0.9002 -0.1322 0.4149
vn -0.8567 -0.2297 0.4619
vn -0.8570 -0.1850 0.4810
vn -0.8375 -0.0556 0.5436
vn -0.8376 -0.0364 0.5451
vn -0.8471 -0.0464 0.5294
vn -0.8203 -0.0223 0.5714
vn -0.8023 -0.0242 0.5964
vn -0.8107 0.0011 0.5855
vn -0.7971 -0.1514 0.5846
vn -0.7977 -0.1850 0.5739
vn -0.7779 -0.1770 0.6029
vn -0.8812 -0.1199 0.4573
vn -0.8947 -0.1159 0.4314
vn -0.8884 -0.1485 0.4343
vn -0.9249 -0.3380 -0.1740
vn -0.9364 -0.3136 -0.1574
vn -0.9301 -0.3130 -0.1921
vn -0.9489 -0.2922 -0.1192
vn -0.9553 -0.2730 -0.1134
vn -0.9525 -0.2736 -0.1339
vn -0.9446 -0.3046 -0.1221
vn -0.9531 -0.2765 -0.1229
vn -0.9457 -0.2946 -0.1371
vn -0.9094 -0.1054 -0.4024
vn -0.9011 -0.0800 -0.4261
vn -0.9024 -0.1250 -0.4123
vn -0.5867 0.1687 -0.7921
vn -0.5695 0.1508 -0.8080
vn -0.5910 0.1550 -0.7917
vn -0.7363 0.0861 -0.6712
vn -0.7096 0.1308 -0.6923
vn -0.7273 0.0490 -0.6846
vn -1.0000 0.0069 -0.0067
vn -0.9951 0.0989 0.0002
vn -0.9972 0.0689 -0.0295
vn -0.9377 0.0272 -0.3463
vn -0.9483 0.0133 -0.3170
vn -0.9452 0.0515 -0.3223
vn -0.5536 -0.2876 0.7815
vn -0.5336 -0.2817 0.7974
vn -0.5425 -0.2583 0.7994
vn -0.5716 -0.2439 0.7834
vn -0.5617 -0.2799 0.7786
vn -0.5467 -0.2580 0.7966
vn -0.5197 -0.0014 0.8543
vn -0.4683 -0.0649 0.8812
vn -0.4511 -0.0293 0.8920
vn -0.9751 0.0189 0.2211
vn -0.9797 0.0436 0.1959
vn -0.9817 0.0213 0.1895
vn -0.9106 0.0424 0.4111
vn -0.9152 0.0460 0.4004
vn -0.9192 0.0353 0.3922
vn -0.9061 0.0066 0.4231
vn -0.8715 0.1403 0.4698
vn -0.8755 0.1037 0.4719
vn -0.8519 0.1373 0.5054
vn -0.8554 0.0255 0.5173
vn -0.8550 0.0003 0.5187
vn -0.8448 0.0273 0.5343
vn -0.9206 -0.0139 0.3903
vn -0.9302 -0.0171 0.3667
vn -0.9171 -0.0392 0.3968
vn -0.9954 -0.0957 0.0012
vn -0.9958 -0.0898 -0.0188
vn -0.9928 -0.1190 -0.0104
vn -0.9777 0.1730 0.1188
vn -0.9780 0.1892 0.0874
vn -0.9809 0.1649 0.1033
vn -0.9233 0.2262 0.3105
vn -0.9269 0.2366 0.2913
vn -0.9255 0.2124 0.3137
vn -0.7456 -0.0120 -0.6663
vn -0.0295 0.0625 -0.9976
vn -0.0225 -0.7052 -0.7086
vn -0.8531 0.1199 -0.5078
vn -0.8498 0.1741 -0.4975
vn -0.8437 0.1496 -0.5156
vn -0.9735 0.1253 -0.1913
vn -0.9741 0.0783 -0.2122
vn -0.9789 0.1004 -0.1778
vn -0.7230 0.3563 0.5920
vn -0.7233 0.3358 0.6034
vn -0.7039 0.3575 0.6137
vn -0.9358 0.2962 -0.1913
vn -0.9461 0.2627 -0.1896
vn -0.9523 0.2631 -0.1549
vn -0.8776 -0.0732 0.4737
vn -0.7735 -0.0490 0.6319
vn -0.7594 0.1006 0.6428
vn -0.9151 -0.0881 0.3934
vn -0.9104 -0.0678 0.4082
vn -0.9307 0.0636 0.3601
vn -0.6593 -0.0748 -0.7482
vn -0.6700 -0.0955 -0.7362
vn -0.6973 -0.0532 -0.7148
vn -0.4121 -0.2042 -0.8880
vn -0.4381 -0.1380 -0.8883
vn -0.3919 -0.1860 -0.9010
vn -0.7882 0.2770 -0.5496
vn -0.7907 0.2623 -0.5532
vn -0.8105 0.2559 -0.5268
vn -0.9987 0.0075 -0.0507
vn -0.9992 -0.0035 -0.0402
vn -0.9988 0.0210 -0.0434
vn -0.2741 -0.9542 0.1200
vn -0.2786 -0.9571 0.0801
vn -0.2497 -0.9632 0.0993
vn -0.9900 -0.1016 -0.0976
vn -0.9910 -0.1205 -0.0582
vn -0.9925 -0.0907 -0.0815
vn -0.9842 0.1134 -0.1357
vn -0.9880 0.0816 -0.1311
vn -0.9881 0.0959 -0.1202
vn -0.8711 0.0277 -0.4904
vn -0.8740 0.0564 -0.4827
vn -0.8640 0.0400 -0.5019
vn -0.9948 0.0364 -0.0955
vn -0.9944 0.0765 -0.0736
vn -0.9882 0.0936 -0.1212
vn -0.5532 0.1132 -0.8253
vn -0.5195 0.1137 -0.8469
vn -0.5207 0.0731 -0.8506
vn -0.4318 0.0673 0.8995
vn -0.4547 0.0583 0.8887
vn -0.4446 0.0443 0.8946
vn -0.9979 -0.0406 0.0498
vn -0.9989 -0.0249 0.0385
vn -0.9983 -0.0464 0.0355
vn -0.7413 -0.0634 0.6682
vn -0.7195 -0.2012 0.6647
vn -0.6347 -0.1678 0.7543
vn -0.7558 -0.0693 0.6511
vn -0.7367 -0.0630 0.6733
vn -0.7502 -0.0385 0.6601
vn -0.9841 0.1237 -0.1278
vn -0.9760 0.1389 -0.1677
vn -0.9865 0.0739 -0.1461
vn -0.9367 0.0545 -0.3460
vn -0.9390 0.0867 -0.3328
vn -0.9250 0.0934 -0.3682
vn -0.9826 -0.1034 0.1540
vn -0.9830 -0.0908 0.1594
vn -0.9862 -0.0771 0.1463
vn -0.6370 0.0228 -0.7705
vn -0.6546 0.0132 -0.7559
vn -0.6464 0.0398 -0.7620
vn -0.9746 -0.0314 0.2217
vn -0.9807 -0.0426 0.1908
vn -0.9703 -0.0631 0.2337
vn -0.9773 0.0125 0.2115
vn -0.9733 -0.0126 0.2293
vn -0.9673 0.0113 0.2535
vn -0.4744 0.2096 -0.8550
vn -0.4645 0.1909 -0.8647
vn -0.4861 0.1816 -0.8548
vn -0.9599 0.0331 0.2782
vn -0.9636 0.0540 0.2618
vn -0.9688 -0.0112 0.2475
vn -0.6434 0.0842 0.7609
vn -0.6595 0.0623 0.7491
vn -0.6354 0.0156 0.7720
vn -0.9939 -0.0651 0.0887
vn -0.9910 -0.0737 0.1118
vn -0.9910 -0.0555 0.1215
vn -0.6486 -0.0847 0.7564
vn -0.6365 -0.0755 0.7676
vn -0.6522 -0.0600 0.7557
vn -0.4612 -0.0404 0.8864
vn -0.4788 -0.0572 0.8761
vn -0.4648 -0.0630 0.8832
vn -0.9007 0.0517 0.4313
vn -0.8995 0.0280 0.4359
vn -0.8803 0.0540 0.4714
vn -0.8768 0.0906 0.4723
vn -0.8882 0.0751 0.4533
vn -0.8771 0.0332 0.4792
vn -0.8904 -0.0036 -0.4551
vn -0.9016 -0.0130 -0.4323
vn -0.8925 0.0131 -0.4509
vn -0.9535 -0.0618 0.2951
vn -0.9595 -0.0439 0.2781
vn -0.9580 -0.0746 0.2769
vn -0.8953 0.2640 0.3588
vn -0.8878 0.2582 0.3810
vn -0.8705 0.3029 0.3879
vn -0.8382 0.2726 0.4724
vn -0.8328 0.2893 0.4720
vn -0.8415 0.2896 0.4562
vn -0.9855 0.1672 -0.0274
vn -0.9919 0.1267 -0.0042
vn -0.9847 0.1744 0.0007
vn -0.8870 0.4618 -0.0010
vn -0.8966 0.4416 -0.0315
vn -0.8990 0.4380 0.0008
vn -0.4288 -0.1780 -0.8857
vn -0.4327 -0.1453 -0.8898
vn -0.4138 -0.1589 -0.8964
vn -0.6868 0.1415 -0.7129
vn -0.6605 0.1322 -0.7391
vn -0.6854 0.0975 -0.7216
vn -0.6279 0.1313 -0.7671
vn -0.6527 0.1236 -0.7474
vn -0.6474 0.1542 -0.7464
vn -0.9828 -0.1097 0.1485
vn -0.9798 -0.1303 0.1515
vn -0.9790 -0.1218 0.1636
vn -0.6390 -0.3086 0.7046
vn -0.6338 -0.2834 0.7197
vn -0.6441 -0.2874 0.7089
vn -0.7781 -0.0713 -0.6241
vn -0.7778 -0.1192 -0.6171
vn -0.7989 -0.1028 -0.5926
vn -0.7060 0.2026 -0.6786
vn -0.7211 0.1998 -0.6634
vn -0.7122 0.2201 -0.6666
vn -0.4597 0.5281 -0.7140
vn -0.1084 -0.1410 -0.9841
vn -0.0782 -0.8178 -0.5702
vn -0.4196 -0.1026 0.9019
vn -0.4490 -0.1199 0.8855
vn -0.4333 -0.1350 0.8911
vn -0.4665 -0.0644 0.8822
vn -0.4361 -0.0606 0.8979
vn -0.4657 -0.0246 0.8846
vn -0.9297 0.2126 0.3008
vn -0.9213 0.2262 0.3165
vn -0.9252 0.2275 0.3036
vn -0.9407 -0.0519 0.3354
vn -0.9396 -0.0658 0.3358
vn -0.9361 -0.0612 0.3464
vn -0.8223 0.0071 0.5690
vn -0.8314 0.0086 0.5556
vn -0.8253 -0.0108 0.5645
vn -0.7489 0.0642 -0.6596
vn -0.7369 0.0790 -0.6713
vn -0.7353 0.0577 -0.6753
vn -0.8120 0.0546 0.5811
vn -0.8189 0.0325 0.5731
vn -0.8081 0.0340 0.5881
vn -0.9988 0.0441 0.0199
vn -0.9993 0.0329 -0.0173
vn -0.9985 -0.0536 -0.0081
vn -0.9997 -0.0114 0.0201
vn -0.9990 0.0324 -0.0292
vn -0.9992 0.0399 -0.0074
vn -0.9983 0.0528 -0.0241
vn -0.9895 0.0139 -0.1437
vn -0.9873 0.0458 -0.1522
vn -0.9840 0.0246 -0.1762
vn -0.5851 -0.0172 0.8108
vn -0.5949 0.0169 0.8036
vn -0.6085 -0.0106 0.7935
vn -0.5315 0.1502 0.8336
vn -0.5492 0.1602 0.8202
vn -0.5514 0.1376 0.8228
vn -0.6985 -0.0769 0.7115
vn -0.6785 -0.0630 0.7319
vn -0.6926 -0.0383 0.7203
vn -0.8278 -0.0575 0.5581
vn -0.8295 -0.1003 0.5494
vn -0.8063 -0.0605 0.5884
vn -0.8231 0.0241 -0.5674
vn -0.8335 0.0373 -0.5512
vn -0.8252 0.0526 -0.5623
vn -0.5869 -0.0958 0.8040
vn -0.5744 -0.0774 0.8149
vn -0.5926 -0.0796 0.8015
vn -0.8484 0.0724 -0.5244
vn -0.8358 0.0834 -0.5427
vn -0.8418 0.0607 -0.5363
vn -0.6860 -0.3120 0.6573
vn -0.0819 0.0366 0.9960
vn -0.0776 0.7534 0.6530
vn -0.5593 -0.0840 0.8247
vn -0.5303 -0.0568 0.8459
vn -0.5588 -0.0366 0.8285
vn -0.9759 0.0499 -0.2124
vn -0.9704 0.0353 -0.2388
vn -0.9754 0.0143 -0.2200
vn -0.6108 0.0577 0.7897
vn -0.5990 0.0737 0.7974
vn -0.6078 0.0971 0.7882
vn -0.7607 -0.1033 0.6408
vn -0.7598 -0.0808 0.6452
vn -0.7681 -0.0802 0.6353
vn -0.4172 -0.7759 -0.4733
vn -0.4227 -0.7671 -0.4826
vn -0.4071 -0.7644 -0.4999
vn -0.4000 -0.7752 -0.4889
vn -0.8804 0.2483 -0.4041
vn -0.8748 0.2437 -0.4187
vn -0.8825 0.2364 -0.4066
vn -0.3874 -0.1197 0.9141
vn -0.3567 -0.1319 0.9249
vn -0.3584 -0.1034 0.9278
vn -0.3752 -0.1502 0.9147
vn -0.3540 -0.1416 0.9245
vn -0.3877 -0.1187 0.9141
vn -0.8853 -0.1398 0.4435
vn -0.8978 -0.1179 0.4243
vn -0.8954 -0.1586 0.4161
vn -0.8094 -0.1810 0.5586
vn -0.8144 -0.1406 0.5630
vn -0.8257 -0.1669 0.5389
vn -0.9072 -0.1822 0.3791
vn -0.9098 -0.1551 0.3850
vn -0.9186 -0.1565 0.3629
vn -0.7872 0.0202 0.6164
vn -0.7747 0.0182 0.6321
vn -0.7798 0.0443 0.6244
vn -0.8889 0.1546 -0.4312
vn -0.8783 0.1503 -0.4538
vn -0.8897 0.1360 -0.4358
vn -0.9026 -0.0324 0.4293
vn -0.8952 -0.0593 0.4417
vn -0.8912 -0.0344 0.4524
vn -0.8630 0.2082 -0.4604
vn -0.8614 0.1961 -0.4686
vn -0.8697 0.1923 -0.4546
vn -0.9425 0.0939 -0.3207
vn -0.9476 0.0819 -0.3088
vn -0.9488 0.0950 -0.3011
vn -0.8667 0.0596 0.4952
vn -0.8671 0.0322 0.4971
vn -0.8579 0.0385 0.5124
vn -0.5594 0.1218 -0.8199
vn -0.5472 0.0970 -0.8314
vn -0.5631 0.0987 -0.8205
vn -0.6327 0.0569 -0.7723
vn -0.6159 0.0433 -0.7866
vn -0.6272 0.0242 -0.7785
vn -0.5132 0.0174 0.8581
vn -0.4997 0.0244 0.8659
vn -0.5156 0.0427 0.8558
vn -0.5345 -0.1579 0.8303
vn -0.5443 -0.1332 0.8283
vn -0.5649 -0.1357 0.8139
vn -0.9951 0.0141 -0.0977
vn -0.9970 -0.0228 -0.0739
vn -0.9979 -0.0123 -0.0637
vn -0.9283 -0.0890 0.3612
vn -0.9237 -0.1041 0.3687
vn -0.9215 -0.0750 0.3812
vn -0.3517 0.0892 -0.9318
vn -0.3806 0.0900 -0.9203
vn -0.3677 0.1172 -0.9225
vn -0.8874 0.2555 0.3836
vn -0.8819 0.2530 0.3978
vn -0.8792 0.2733 0.3903
vn -0.9668 0.1588 -0.2002
vn -0.9592 0.1947 -0.2051
vn -0.9565 0.1860 -0.2247
vn -0.7786 -0.3087 0.5463
vn -0.1679 0.1368 0.9763
vn -0.1220 0.8222 0.5560
vn -0.4675 0.0515 0.8825
vn -0.4569 0.0238 0.8892
vn -0.4553 0.0572 0.8885
vn -0.6539 0.0771 0.7526
vn -0.6336 0.0945 0.7679
vn -0.6388 0.1063 0.7619
vn -0.7089 0.1821 0.6814
vn -0.7002 0.1660 0.6944
vn -0.6850 0.2284 0.6918
vn -0.7126 -0.0037 -0.7016
vn -0.7254 0.0037 -0.6883
vn -0.7162 0.0133 -0.6978
vn -0.9125 0.0799 -0.4012
vn -0.9056 0.0748 -0.4176
vn -0.9150 0.0647 -0.3983
vn -0.7326 0.2985 -0.6117
vn -0.7094 0.3596 -0.6061
vn -0.7118 0.3070 -0.6318
vn -0.7278 0.1523 -0.6687
vn -0.7086 0.1646 -0.6862
vn -0.7234 0.1193 -0.6801
vn -0.9890 0.0694 -0.1307
vn -0.9920 0.0478 -0.1172
vn -0.9900 0.1158 -0.0801
vn -0.9030 -0.0066 0.4296
vn -0.9040 -0.0171 0.4272
vn -0.8962 -0.0225 0.4432
vn -0.6114 0.1468 -0.7776
vn -0.6153 0.1807 -0.7673
vn -0.6080 0.1842 -0.7722
vn -0.7860 0.1497 -0.5999
vn -0.7845 0.1352 -0.6052
vn -0.7929 0.1437 -0.5921
vn -0.3707 -0.0178 -0.9286
vn -0.3695 -0.0379 -0.9285
vn -0.4277 -0.0574 -0.9021
vn -0.8918 -0.0874 0.4439
vn -0.8949 -0.0660 0.4414
vn -0.8985 -0.0663 0.4339
vn -0.2363 -0.3133 -0.9198
vn -0.2417 -0.3320 -0.9118
vn -0.2535 -0.3065 -0.9175
vn -0.5904 -0.1093 0.7997
vn -0.6046 -0.1186 0.7877
vn -0.5897 -0.1309 0.7969
vn -0.6108 -0.0003 0.7918
vn -0.6310 -0.0201 0.7755
vn -0.6044 -0.0326 0.7960
vn -0.8231 -0.0343 0.5668
vn -0.7996 -0.0287 0.5998
vn -0.8107 -0.0031 0.5855
vn -0.7058 0.1450 0.6934
vn -0.6867 0.1679 0.7073
vn -0.7084 0.1853 0.6811
vn -0.7961 0.1622 0.5830
vn -0.7818 0.1412 0.6074
vn -0.7725 0.1987 0.6031
vn -0.9639 -0.0862 0.2521
vn -0.9696 -0.0409 0.2414
vn -0.9718 -0.0509 0.2302
vn -0.8572 -0.0337 0.5139
vn -0.8467 -0.0585 0.5288
vn -0.8464 -0.0324 0.5315
vn -0.5250 0.1515 0.8375
vn -0.5204 0.1676 0.8373
vn -0.5335 0.1558 0.8313
vn -0.6843 0.0698 -0.7258
vn -0.6713 0.0969 -0.7349
vn -0.6660 0.0717 -0.7425
vn -0.9156 -0.0367 -0.4004
vn -0.9025 -0.0133 -0.4305
vn -0.9068 -0.0408 -0.4196
vn -0.7388 -0.0829 0.6688
vn -0.7239 -0.0721 0.6861
vn -0.7359 -0.0450 0.6756
vn -0.6377 -0.0868 0.7653
vn -0.6304 -0.1053 0.7691
vn -0.6234 -0.0679 0.7790
vn -0.7926 -0.0527 0.6075
vn -0.7824 -0.0244 0.6223
vn -0.7963 -0.0338 0.6039
vn -0.6862 -0.0372 0.7265
vn -0.6947 -0.0679 0.7161
vn -0.6572 -0.0755 0.7499
vn -0.8563 -0.2466 0.4539
vn -0.8386 -0.2920 0.4598
vn -0.8420 -0.2564 0.4747
vn -0.7393 -0.2508 0.6250
vn -0.7412 -0.2832 0.6087
vn -0.7307 -0.2833 0.6212
vn -0.5952 -0.3488 0.7239
vn -0.5820 -0.3621 0.7282
vn -0.5784 -0.3330 0.7447
vn -0.5617 0.0826 0.8232
vn -0.5723 0.0975 0.8142
vn -0.5832 0.0871 0.8077
vn 0.0949 -0.1565 -0.9831
vn 0.0889 -0.1666 -0.9820
vn 0.0850 -0.1547 -0.9843
vn -0.8394 0.0021 0.5435
vn -0.8247 0.0187 0.5653
vn -0.8426 0.0148 0.5383
vn -0.4994 0.0615 0.8642
vn -0.4899 0.0739 0.8686
vn -0.5058 0.0763 0.8593
vn -0.8529 -0.0392 0.5207
vn -0.8388 -0.0257 0.5438
vn -0.8510 -0.0194 0.5247
vn -0.9950 -0.0811 -0.0589
vn -0.9934 -0.0779 -0.0837
vn -0.9919 -0.1007 -0.0769
vn -0.8467 -0.3108 0.4319
vn -0.8250 -0.3422 0.4498
vn -0.8319 -0.3180 0.4548
vn -0.7632 -0.2072 0.6120
vn -0.7764 -0.2310 0.5864
vn -0.7438 -0.2415 0.6233
vn -0.9181 -0.0918 0.3855
vn -0.9082 -0.0941 0.4078
vn -0.9207 -0.0769 0.3827
vn -0.6877 -0.0108 -0.7259
vn -0.6964 -0.0194 -0.7173
vn -0.6995 -0.0051 -0.7146
vn -0.6020 -0.1226 0.7891
vn -0.5906 -0.1393 0.7948
vn -0.5875 -0.1132 0.8013
vn -0.6418 0.3447 0.6850
vn -0.6746 0.3046 0.6724
vn -0.6474 0.3051 0.6985
vn -0.9891 -0.1390 -0.0478
vn -0.9875 -0.1559 -0.0224
vn -0.9914 -0.1289 -0.0224
vn -0.9674 -0.2422 -0.0743
vn -0.9704 -0.2216 -0.0965
vn -0.9625 -0.2499 -0.1057
vn -0.8946 -0.0752 0.4405
vn -0.8941 -0.0641 0.4433
vn -0.8989 -0.0630 0.4336
vn -0.7315 -0.2090 0.6490
vn -0.7406 -0.2288 0.6317
vn -0.7200 -0.2302 0.6547
vn -0.7595 -0.0212 0.6501
vn -0.7466 -0.0389 0.6642
vn -0.7388 -0.0212 0.6736
vn -0.2893 -0.1303 0.9483
vn -0.2663 -0.1334 0.9546
vn -0.2723 -0.0967 0.9573
vn -0.9677 -0.0132 -0.2516
vn -0.9728 -0.0158 -0.2313
vn -0.9694 -0.0017 -0.2455
vn -0.7198 0.0065 0.6941
vn -0.7029 0.0353 0.7105
vn -0.7127 0.0521 0.6995
vn -0.9661 0.1382 -0.2183
vn -0.9676 0.1215 -0.2211
vn -0.9714 0.1291 -0.1995
vn -0.9655 0.0032 0.2604
vn -0.9679 -0.0070 0.2513
vn -0.9632 -0.0164 0.2684
vn -0.9910 -0.0391 -0.1279
vn -0.9946 -0.0172 -0.1023
vn -0.9893 0.0143 -0.1453
vn -0.9434 0.0081 0.3316
vn -0.9418 0.0691 0.3289
vn -0.9489 0.0330 0.3137
vn -0.9510 0.0593 0.3033
vn -0.9505 0.1174 0.2876
vn -0.9634 0.0782 0.2565
vn -0.9430 0.0392 0.3304
vn -0.9319 -0.0350 0.3609
vn -0.9276 0.0074 0.3736
vn -0.7884 0.1738 0.5901
vn -0.7798 0.1612 0.6049
vn -0.7713 0.1781 0.6111
vn -0.9388 0.2288 0.2573
vn -0.9260 0.2184 0.3079
vn -0.9159 0.2400 0.3218
vn -0.6277 0.1165 0.7696
vn -0.5253 -0.2050 0.8259
vn -0.4378 -0.1066 0.8927
vn -0.4540 0.0880 0.8867
vn -0.4507 0.1021 0.8868
vn -0.4578 0.0984 0.8836
vn -0.6211 0.1650 0.7661
vn -0.6580 0.1645 0.7349
vn -0.6452 0.1272 0.7533
vn -0.8463 -0.0174 -0.5324
vn -0.8452 0.0026 -0.5344
vn -0.8384 -0.0045 -0.5451
vn -0.8911 0.1471 -0.4293
vn -0.8817 0.1582 -0.4446
vn -0.8837 0.1348 -0.4482
vn -0.7619 0.2088 0.6131
vn -0.0827 -0.0104 0.9965
vn -0.0775 0.0046 0.9970
vn -0.0722 0.7090 0.7015
vn 0.0259 0.7221 0.6913
vn -0.7323 -0.1559 0.6629
vn -0.0191 -0.0279 0.9994
vn -0.4644 0.0643 -0.8833
vn -0.4646 0.0547 -0.8838
vn -0.4787 0.0604 -0.8759
vn -0.9798 0.0764 -0.1850
vn -0.9848 0.0369 -0.1700
vn -0.9859 0.0627 -0.1551
vn -0.9970 -0.0562 0.0541
vn -0.9962 -0.0778 0.0379
vn -0.9948 -0.0768 0.0668
vn -0.5204 -0.1780 0.8352
vn -0.5468 -0.0239 0.8369
vn -0.5960 -0.1322 0.7921
vn -0.5038 -0.2291 0.8329
vn -0.4817 -0.2156 0.8494
vn -0.5002 -0.2020 0.8420
vn -0.5682 0.0192 0.8227
vn -0.5644 0.0420 0.8244
vn -0.5859 0.0316 0.8097
vn -0.7020 0.1388 -0.6985
vn -0.7135 0.1301 -0.6884
vn -0.7170 0.1511 -0.6805
vn -0.7445 0.0793 0.6629
vn -0.7477 0.0994 0.6566
vn -0.7586 0.0886 0.6455
vn -0.4826 -0.2870 0.8275
vn -0.5189 -0.2677 0.8119
vn -0.5171 -0.2937 0.8040
vn -0.6232 -0.0434 0.7809
vn -0.6603 -0.0188 0.7508
vn -0.6469 -0.0513 0.7608
vn -0.6727 -0.1396 0.7266
vn -0.6885 -0.1592 0.7076
vn -0.6570 -0.1745 0.7334
vn -0.7639 0.4522 0.4603
vn -0.7907 0.4117 0.4530
vn -0.7598 0.4277 0.4896
vn -0.9735 0.1100 0.2004
vn -0.9811 0.0928 0.1699
vn -0.9815 0.0637 0.1805
vn -0.9950 -0.0858 0.0504
vn -0.9923 -0.1073 0.0619
vn -0.9934 -0.0878 0.0740
vn -0.5374 -0.0633 -0.8410
vn -0.5274 -0.0586 -0.8476
vn -0.5220 -0.0772 -0.8494
vn -0.9916 0.0166 0.1281
vn -0.9883 0.0148 0.1520
vn -0.9889 0.0450 0.1419
vn -0.6580 -0.0656 0.7502
vn -0.6385 -0.0817 0.7653
vn -0.6419 -0.0587 0.7646
vn -0.8657 -0.0756 0.4948
vn -0.8496 -0.0590 0.5242
vn -0.8724 -0.0363 0.4874
vn -0.9496 -0.0822 0.3026
vn -0.9566 -0.0459 0.2879
vn -0.9629 -0.0610 0.2629
vn -0.8664 -0.3941 0.3067
vn -0.8379 -0.4395 0.3238
vn -0.8437 -0.4101 0.3465
vn -0.9057 -0.1424 0.3992
vn -0.9140 -0.1746 0.3663
vn -0.8955 -0.1718 0.4105
vn -0.5905 -0.1555 0.7919
vn -0.5819 -0.1093 0.8059
vn -0.6170 -0.1266 0.7767
vn -0.6747 -0.0221 0.7377
vn -0.7022 -0.0632 0.7092
vn -0.6767 -0.0825 0.7316
vn -0.7551 0.2207 0.6174
vn -0.7593 0.2375 0.6058
vn -0.7650 0.2179 0.6061
vn -0.3363 0.0271 0.9414
vn -0.3070 0.0172 0.9516
vn -0.3133 0.0328 0.9491
vn -0.8387 0.0401 0.5431
vn -0.8527 0.0336 0.5213
vn -0.8412 0.0095 0.5407
vn -0.6151 -0.1383 0.7763
vn -0.6304 -0.1636 0.7588
vn -0.6040 -0.1713 0.7784
vn -0.8285 -0.0422 0.5583
vn -0.8387 -0.0569 0.5416
vn -0.8282 -0.0668 0.5564
vn -0.8302 -0.0753 0.5523
vn -0.8399 -0.0666 0.5387
vn -0.8412 -0.0804 0.5348
vn -0.8849 0.0186 -0.4655
vn -0.8893 -0.0083 -0.4573
vn -0.8976 0.0139 -0.4405
vn -0.8727 -0.1143 0.4747
vn -0.8555 -0.1434 0.4976
vn -0.8525 -0.1212 0.5084
vn -0.7944 0.2096 -0.5701
vn -0.8116 0.2278 -0.5379
vn -0.7637 0.2820 -0.5808
vn -0.9455 0.1455 -0.2914
vn -0.9350 0.2270 -0.2723
vn -0.9328 0.1612 -0.3222
vn -0.8635 0.1177 -0.4904
vn -0.8710 0.1268 -0.4746
vn -0.8588 0.1320 -0.4951
vn -0.8204 0.0290 0.5711
vn -0.8146 0.0118 0.5798
vn -0.8078 0.0297 0.5888
vn -0.3546 0.0107 0.9350
vn -0.3324 -0.0320 0.9426
vn -0.3246 0.0148 0.9457
vn -0.4803 -0.0210 0.8768
vn -0.5046 -0.0386 0.8625
vn -0.4794 -0.0536 0.8759
vn -0.7867 0.0150 0.6171
vn -0.7765 0.0025 0.6301
vn -0.7720 0.0190 0.6353
vn -0.9523 0.2217 0.2096
vn -0.9576 0.1911 0.2155
vn -0.9479 0.2138 0.2363
vn -0.9816 0.0514 -0.1841
vn -0.9804 0.0172 -0.1961
vn -0.9864 0.0210 -0.1628
vn -0.7251 0.1553 -0.6709
vn -0.7233 0.1921 -0.6633
vn -0.7135 0.1820 -0.6766
vn -0.5935 0.0500 -0.8033
vn -0.5773 0.0752 -0.8131
vn -0.5612 0.0419 -0.8266
vn -0.8451 0.1251 0.5198
vn -0.8293 0.1003 0.5497
vn -0.8282 0.1311 0.5449
vn -0.9688 0.1415 -0.2035
vn -0.9651 0.1443 -0.2187
vn -0.9688 0.1242 -0.2145
vn -0.9584 -0.0659 0.2778
vn -0.9428 -0.0793 0.3237
vn -0.9484 -0.0535 0.3124
vn -0.9925 0.0894 0.0836
vn -0.9885 0.1300 0.0766
vn -0.9923 0.1087 0.0587
vn -0.9906 0.0675 -0.1190
vn -0.9896 0.1041 -0.0997
vn -0.9873 0.1087 -0.1160
vn -0.9864 0.1640 0.0056
vn -0.9843 0.1746 -0.0243
vn -0.9905 0.1372 -0.0090
vn -0.9138 -0.0199 -0.4056
vn -0.9248 -0.0323 -0.3790
vn -0.9206 0.0024 -0.3904
vn -0.9899 -0.1104 0.0893
vn -0.9934 -0.0764 0.0859
vn -0.9923 -0.1090 0.0582
vn -0.9120 -0.3133 0.2647
vn -0.9196 -0.2881 0.2671
vn -0.9237 -0.2965 0.2428
vn -0.9768 -0.1085 0.1845
vn -0.9740 -0.1367 0.1807
vn -0.9743 -0.1087 0.1973
vn -0.9305 0.1008 0.3522
vn -0.9268 0.0884 0.3651
vn -0.9174 0.1174 0.3802
vn -0.9246 -0.1111 0.3644
vn -0.9100 -0.1202 0.3967
vn -0.9242 -0.0951 0.3698
vn -0.7356 0.0006 0.6774
vn -0.7302 0.0180 0.6830
vn -0.7418 0.0167 0.6704
vn -0.5449 -0.1569 0.8237
vn -0.5016 -0.1121 0.8578
vn -0.5802 -0.0803 0.8105
vn -0.8447 -0.0055 0.5352
vn -0.8456 -0.0285 0.5330
vn -0.8316 -0.0269 0.5547
vn -0.8117 0.1095 0.5738
vn -0.1217 -0.0066 0.9925
vn -0.1268 0.0160 0.9918
vn -0.0169 0.7458 0.6659
vn -0.6704 -0.1039 0.7347
vn -0.6386 -0.0421 0.7684
vn -0.6786 -0.0760 0.7306
vn -0.5628 0.0981 0.8207
vn -0.5902 0.1838 0.7861
vn -0.6100 0.1320 0.7813
vn -0.9546 -0.0411 0.2950
vn -0.9285 -0.1225 0.3507
vn -0.9380 -0.0537 0.3424
vn -0.8599 0.3119 -0.4041
vn -0.8669 0.2940 -0.4025
vn -0.8731 0.2937 -0.3891
vn -0.5982 0.0722 0.7981
vn -0.5845 0.0590 0.8093
vn -0.5835 0.0809 0.8081
vn -0.7887 -0.0618 0.6117
vn -0.8037 -0.0432 0.5935
vn -0.8040 -0.0694 0.5906
vn -0.8354 -0.0629 -0.5460
vn -0.8243 -0.0658 -0.5624
vn -0.8285 -0.0939 -0.5521
vn -0.7067 0.2334 -0.6679
vn -0.7119 0.2449 -0.6582
vn -0.6933 0.2620 -0.6713
vn -0.7380 0.0304 0.6741
vn -0.7584 -0.0104 0.6517
vn -0.7376 -0.0086 0.6752
vn -0.6902 -0.0502 0.7219
vn -0.6819 -0.0830 0.7267
vn -0.6588 -0.0481 0.7508
vn -0.6139 0.0812 0.7852
vn -0.5985 0.0805 0.7970
vn -0.6014 0.0978 0.7929
vn -0.9528 0.1748 0.2484
vn -0.9420 0.1751 0.2863
vn -0.9440 0.1886 0.2706
vn -0.7083 0.2339 0.6660
vn -0.7266 0.1836 0.6620
vn -0.6824 0.1860 0.7069
vn -0.9044 -0.1167 0.4105
vn -0.9132 -0.1169 0.3905
vn -0.9128 -0.1299 0.3872
vn -0.6288 0.1705 -0.7586
vn -0.6209 0.2010 -0.7577
vn -0.6192 0.1966 -0.7602
vn -0.6117 0.1871 -0.7686
vn -0.9960 0.0638 0.0630
vn -0.9966 0.0655 0.0490
vn -0.9968 0.0514 0.0614
vn -0.9502 0.2038 -0.2359
vn -0.9470 0.1847 -0.2629
vn -0.9566 0.1700 -0.2368
vn -0.9528 -0.1040 0.2851
vn -0.9419 -0.1227 0.3126
vn -0.9479 -0.0977 0.3032
vn -0.7659 0.2627 0.5869
vn -0.7796 0.2403 0.5783
vn -0.7691 0.2284 0.5969
vn -0.9345 0.0359 0.3540
vn -0.9453 0.0112 0.3260
vn -0.9415 0.0024 0.3369
vn -0.7321 0.1831 0.6561
vn -0.7290 0.1614 0.6653
vn -0.7187 0.1687 0.6746
vn -0.8140 0.1548 0.5599
vn -0.8105 0.1789 0.5578
vn -0.8252 0.1659 0.5400
vn -0.9384 0.0967 0.3318
vn -0.9296 0.0845 0.3587
vn -0.9368 0.1186 0.3292
vn -0.7772 0.1941 0.5985
vn -0.7568 0.2378 0.6089
vn -0.7740 0.2359 0.5876
vn -0.9190 -0.0009 0.3942
vn -0.9106 0.0315 0.4120
vn -0.9249 0.0238 0.3794
vn -0.7967 -0.2374 0.5558
vn -0.1704 -0.0219 0.9851
vn -0.1828 0.6734 0.7163
vn -0.7318 -0.0072 -0.6815
vn -0.7221 -0.0069 -0.6918
vn -0.7334 -0.0173 -0.6796
vn -0.5748 0.0360 -0.8175
vn -0.5854 0.0558 -0.8088
vn -0.5637 0.0510 -0.8244
vn -0.6845 -0.0108 -0.7290
vn -0.6934 -0.0276 -0.7200
vn -0.6950 0.0038 -0.7190
vn -0.8946 -0.0433 0.4449
vn -0.8916 -0.0580 0.4490
vn -0.8877 -0.0536 0.4574
vn -0.8631 -0.0370 0.5037
vn -0.8666 -0.0246 0.4983
vn -0.8710 -0.0484 0.4890
vn -0.8133 -0.0290 -0.5811
vn -0.8219 -0.0400 -0.5683
vn -0.8240 -0.0202 -0.5663
vn -0.8679 0.0747 -0.4911
vn -0.8590 0.0809 -0.5056
vn -0.8605 0.0667 -0.5051
vn -0.7870 0.0629 -0.6137
vn -0.7786 0.0543 -0.6252
vn -0.7896 0.0494 -0.6116
vn -0.7666 0.0972 -0.6348
vn -0.7526 0.1200 -0.6474
vn -0.7539 0.1006 -0.6493
vn -0.4831 0.0503 -0.8741
vn -0.5018 0.0439 -0.8639
vn -0.4932 0.0614 -0.8677
vn -0.8691 0.0964 0.4852
vn -0.8570 0.0876 0.5078
vn -0.8640 0.1144 0.4902
vn -0.5316 0.1408 -0.8352
vn -0.4940 0.1055 -0.8630
vn -0.5348 0.1021 -0.8388
vn -0.5710 0.1374 -0.8094
vn -0.5358 0.1398 -0.8327
vn -0.5611 0.1074 -0.8207
vn -0.5186 0.1663 0.8387
vn -0.5303 0.1705 0.8305
vn -0.5241 0.1604 0.8364
vn -0.8304 0.0061 -0.5571
vn -0.8286 -0.0244 -0.5593
vn -0.8375 -0.0078 -0.5464
vn 0.0092 -0.7397 -0.6729
vn -0.4779 -0.4686 -0.7430
vn 0.0151 0.0348 -0.9993
vn -0.4886 -0.1277 0.8631
vn -0.4880 -0.1484 0.8601
vn -0.4769 -0.1375 0.8682
vn -0.9006 -0.0992 0.4231
vn -0.9098 -0.0953 0.4039
vn -0.9098 -0.1068 0.4010
vn -0.9287 -0.0410 0.3686
vn -0.9262 -0.0141 0.3769
vn -0.9322 -0.0302 0.3606
vn -0.6295 -0.2181 0.7457
vn -0.6171 -0.1984 0.7615
vn -0.6415 -0.1974 0.7413
vn -0.9121 -0.2874 -0.2924
vn -0.9196 -0.2934 -0.2614
vn -0.9280 -0.2617 -0.2653
vn -0.9019 -0.0338 0.4306
vn -0.8471 -0.2485 0.4698
vn -0.8126 -0.0862 0.5764
vn -0.9341 -0.0506 0.3534
vn -0.9348 -0.0638 0.3495
vn -0.9208 -0.0620 0.3851
vn -0.5002 0.0287 0.8654
vn -0.5220 0.0446 0.8518
vn -0.5231 0.0232 0.8519
vn -0.4398 0.0471 -0.8969
vn -0.4492 0.0243 -0.8931
vn -0.4758 0.0405 -0.8786
vn -0.4588 0.0991 -0.8830
vn -0.4451 0.0770 -0.8921
vn -0.4820 0.0677 -0.8735
vn -0.8180 0.1324 -0.5597
vn -0.8037 0.1395 -0.5784
vn -0.8181 0.1093 -0.5645
vn -0.5802 -0.1634 0.7979
vn -0.5592 -0.1596 0.8135
vn -0.5829 -0.1452 0.7995
vn -0.4880 0.0048 0.8728
vn -0.5052 -0.0056 0.8630
vn -0.4855 -0.0329 0.8736
vn -0.9826 0.1006 -0.1560
vn -0.9837 0.0850 -0.1583
vn -0.9856 0.0847 -0.1464
vn -0.6384 0.0122 0.7696
vn -0.6139 0.0049 0.7894
vn -0.6404 0.0485 0.7665
vn -0.5700 -0.0131 0.8216
vn -0.5609 -0.0382 0.8270
vn -0.5391 -0.0133 0.8421
vn 0.0070 -0.6182 -0.7860
vn 0.0073 -0.5985 -0.8011
vn 0.0209 -0.5992 -0.8003
vn 0.0275 -0.6036 -0.7968
vn -0.9776 0.1390 0.1580
vn -0.9806 0.1005 0.1682
vn -0.9770 0.1074 0.1841
vn -0.9736 0.1208 0.1934
vn -0.4166 -0.3690 0.8309
vn -0.3980 -0.3741 0.8376
vn -0.3998 -0.3511 0.8467
vn -0.9212 0.3831 -0.0672
vn -0.9255 0.3761 -0.0443
vn -0.9155 0.3987 -0.0540
vn -0.6140 0.6493 0.4487
vn -0.6019 0.6286 0.4926
vn -0.5831 0.6549 0.4807
vn -0.4288 -0.2757 0.8603
vn -0.4068 -0.2617 0.8752
vn -0.4169 -0.2488 0.8743
vn -0.4290 -0.2506 0.8678
vn -0.1697 -0.8349 -0.5236
vn -0.1609 -0.8389 -0.5200
vn -0.1660 -0.8448 -0.5087
vn -0.1798 -0.8387 -0.5140
vn -0.6263 0.4073 0.6647
vn -0.6255 0.3777 0.6827
vn -0.5988 0.4027 0.6923
vn -0.6075 0.4226 0.6726
vn -0.8236 -0.4549 0.3386
vn -0.8200 -0.4511 0.3523
vn -0.8270 -0.4401 0.3499
vn -0.8290 -0.4443 0.3397
vn -0.5469 0.2675 0.7933
vn -0.5266 0.2746 0.8045
vn -0.5247 0.2934 0.7992
vn -0.5462 0.2954 0.7838
vn -0.7733 0.3579 -0.5234
vn -0.7775 0.3778 -0.5028
vn -0.7595 0.3837 -0.5253
vn -0.5695 0.6668 -0.4807
vn -0.5450 0.6851 -0.4833
vn -0.5434 0.6729 -0.5019
vn -0.7572 0.5713 -0.3167
vn -0.7367 0.6155 -0.2799
vn -0.7299 0.5995 -0.3283
vn 0.1428 -0.8978 -0.4167
vn 0.1623 -0.9014 -0.4014
vn 0.1432 -0.9120 -0.3844
vn -0.8655 0.3480 -0.3603
vn -0.8820 0.3378 -0.3285
vn -0.8763 0.3598 -0.3205
vn -0.8669 0.3712 -0.3328
vn -0.8735 -0.0168 -0.4866
vn -0.2448 -0.1673 -0.9550
vn -0.2431 -0.1869 -0.9518
vn -0.1505 -0.8746 -0.4610
vn -0.6876 -0.6392 -0.3444
vn -0.1899 0.1902 -0.9632
vn -0.1205 -0.6254 -0.7709
vn -0.2193 -0.6179 -0.7551
vn -0.1983 0.2215 -0.9548
vn -0.0989 -0.1758 0.9794
vn -0.0868 -0.1367 0.9868
vn -0.0590 0.5354 0.8425
vn -0.7291 -0.1623 0.6649
vn -0.2137 -0.1164 0.9699
vn -0.2140 0.5816 0.7848
vn -0.6341 -0.6402 0.4338
vn 0.1390 0.2253 -0.9643
vn 0.0884 -0.5455 -0.8334
vn -0.0822 0.8618 -0.5006
vn -0.1935 -0.0667 -0.9788
vn -0.2078 -0.0825 -0.9747
vn -0.1272 -0.8003 -0.5860
vn -0.8252 0.2716 -0.4952
vn -0.2051 0.1648 0.9648
vn -0.1492 0.8401 0.5215
vn -0.8205 0.0822 0.5657
vn -0.2960 0.1255 -0.9469
vn -0.3068 0.0970 -0.9468
vn -0.1774 -0.7270 -0.6633
vn -0.8238 -0.3878 -0.4136
vn -0.2325 0.1413 0.9623
vn -0.1702 0.8120 0.5583
vn -0.8559 0.2087 0.4732
vn -0.2440 0.0618 0.9678
vn -0.3294 0.1743 -0.9280
vn -0.2001 -0.6824 -0.7030
vn -0.3627 -0.6825 -0.6346
vn -0.3430 0.1808 -0.9218
vn -0.0777 -0.1565 0.9846
vn -0.1000 0.5511 0.8284
vn -0.7191 -0.0796 0.6904
vn -0.0781 -0.1686 0.9826
vn -0.0695 0.5006 0.8629
vn -0.6719 -0.3975 0.6250
vn -0.2344 0.1552 0.9597
vn -0.2285 0.1721 0.9582
vn -0.1655 0.8512 0.4980
vn -0.7804 0.4426 0.4416
vn 0.0815 0.0153 -0.9966
vn 0.0571 -0.6459 -0.7612
vn -0.1986 0.7334 -0.6501
vn -0.0100 0.1547 0.9879
vn -0.4967 0.0545 0.8662
vn -0.0939 -0.2336 0.9678
vn -0.2300 0.1281 -0.9647
vn -0.1458 -0.6805 -0.7181
vn -0.6554 -0.4999 -0.5662
vn -0.2408 0.1469 -0.9594
vn -0.1080 0.0627 -0.9922
vn -0.0688 -0.6868 -0.7236
vn -0.2614 -0.6692 -0.6956
vn -0.1070 0.0843 -0.9907
vn -0.0098 0.1129 -0.9936
vn -0.0036 -0.7329 -0.6803
vn -0.3403 0.7304 -0.5921
vn -0.1177 -0.1430 0.9827
vn -0.1652 0.5249 0.8350
vn -0.7146 0.1525 0.6827
vn -0.1314 -0.1631 0.9778
vn -0.2440 -0.1573 0.9569
vn -0.1875 0.6633 0.7245
vn -0.8056 0.3010 0.5103
vn -0.2457 -0.1677 0.9547
vn -0.0734 -0.0271 0.9969
vn -0.0989 0.6647 0.7405
vn -0.6545 -0.3495 0.6705
vn -0.0478 -0.1074 -0.9931
vn -0.0315 -0.7881 -0.6148
vn -0.1259 0.7022 -0.7007
vn -0.1767 -0.1956 0.9646
vn -0.2307 0.5025 0.8333
vn -0.7685 -0.2658 0.5820
vn -0.1767 -0.1881 0.9661
vn -0.2128 0.4961 0.8418
vn -0.7233 -0.4360 0.5356
vn -0.1991 0.1975 0.9599
vn -0.2025 0.2067 0.9572
vn -0.1429 0.8701 0.4717
vn -0.8463 0.1898 0.4978
vn -0.2452 0.2257 -0.9428
vn -0.1464 -0.6059 -0.7819
vn -0.8886 0.2861 -0.3585
vn -0.2312 0.2454 -0.9414
vn -0.0730 0.2691 -0.9604
vn -0.0525 -0.5062 -0.8608
vn -0.2098 0.9061 -0.3674
vn -0.3018 0.0227 -0.9531
vn -0.1851 -0.7788 -0.5994
vn -0.4146 -0.7371 -0.5337
vn -0.3149 0.0447 -0.9481
vn 0.0025 -0.2940 0.9558
vn -0.1847 0.7061 0.6836
vn -0.9522 -0.2007 0.2304
vn -0.0400 0.1601 -0.9863
vn -0.0362 -0.5821 -0.8123
vn -0.1479 0.8764 -0.4584
vn 0.0163 0.1177 -0.9929
vn 0.0141 -0.5893 -0.8078
vn -0.1737 -0.5730 -0.8009
vn 0.0152 0.1557 -0.9877
vn -0.3443 -0.1936 0.9187
vn -0.3079 -0.0971 0.9465
vn -0.2058 0.7536 0.6242
vn -0.6827 0.5567 0.4733
vn -0.2285 0.2614 -0.9378
vn -0.1415 -0.5840 -0.7993
vn -0.6693 -0.4047 -0.6231
vn -0.2299 0.2822 -0.9314
vn -0.0374 -0.3024 -0.9525
vn -0.0501 -0.3314 -0.9422
vn -0.0370 -0.8815 -0.4707
vn -0.7428 -0.2560 -0.6186
vn -0.1046 0.0320 0.9940
vn -0.1089 0.0613 0.9922
vn -0.0916 0.7285 0.6789
vn -0.7771 0.0058 0.6293
vn -0.1052 -0.0328 0.9939
vn -0.0948 -0.0080 0.9955
vn -0.0915 0.6848 0.7230
vn -0.7209 0.1994 0.6637
vn -0.1628 0.0658 0.9845
vn -0.1724 0.0775 0.9820
vn -0.0214 0.8158 0.5779
vn -0.8357 -0.0468 0.5472
vn -0.2016 -0.0243 -0.9792
vn -0.2183 -0.0547 -0.9743
vn -0.1343 -0.8046 -0.5785
vn -0.8550 -0.2632 -0.4469
vn -0.1364 0.0994 0.9857
vn -0.0906 0.8361 0.5411
vn -0.8392 0.0404 0.5423
vn -0.1356 0.0817 0.9874
vn -0.1164 0.0698 0.9907
vn -0.0864 0.7998 0.5940
vn -0.7746 0.3331 0.5375
vn -0.1200 0.0474 0.9916
vn -0.2902 0.1462 0.9457
vn -0.1870 0.7966 0.5749
vn -0.9045 0.0869 0.4175
vn -0.2819 0.1293 0.9507
vn -0.1012 -0.0201 0.9947
vn -0.1472 0.6467 0.7484
vn -0.7515 -0.1209 0.6485
vn -0.0867 -0.0407 0.9954
vn -0.0886 -0.1602 0.9831
vn -0.0892 -0.1174 0.9891
vn -0.1512 0.5711 0.8069
vn -0.6468 0.2443 0.7225
vn -0.1861 -0.0928 0.9781
vn -0.1600 0.7603 0.6296
vn -0.8429 0.0648 0.5342
vn -0.2539 -0.2046 -0.9453
vn -0.2920 -0.2601 -0.9204
vn -0.1819 -0.9107 -0.3710
vn -0.9094 0.0748 -0.4091
vn -0.2908 0.0628 -0.9547
vn -0.1985 -0.0780 -0.9770
vn -0.1553 -0.8015 -0.5775
vn -0.3090 -0.7916 -0.5272
vn -0.1925 0.0494 0.9801
vn -0.1898 0.6827 0.7056
vn -0.6841 -0.5292 0.5019
vn -0.9583 -0.2324 -0.1665
vn -0.9492 -0.2497 -0.1915
vn -0.9519 -0.2585 -0.1646
vn -0.5709 0.0221 -0.8207
vn -0.5497 0.0440 -0.8342
vn -0.5447 0.0082 -0.8386
vn -0.5599 0.0068 -0.8285
vn -0.9092 0.0850 0.4076
vn -0.9190 0.0766 0.3867
vn -0.9210 0.0455 0.3868
vn -0.9101 0.0621 0.4096
vn -0.7275 -0.0051 -0.6861
vn -0.7316 -0.0249 -0.6813
vn -0.7503 -0.0287 -0.6604
vn -0.7501 0.0124 -0.6613
vn -0.9339 -0.0708 -0.3504
vn -0.9333 -0.0893 -0.3477
vn -0.9366 -0.0958 -0.3370
vn -0.9449 -0.0774 -0.3181
vn -0.9396 -0.2708 -0.2092
vn -0.9413 -0.2737 -0.1975
vn -0.9420 -0.2786 -0.1872
vn -0.9503 -0.2508 -0.1847
vn -0.9928 0.1058 0.0554
vn -0.9965 0.0720 0.0433
vn -0.9958 0.0650 0.0640
vn -0.9913 0.0929 0.0935
vn -0.9910 -0.0295 -0.1307
vn -0.9848 -0.0636 -0.1615
vn -0.9880 -0.0831 -0.1300
vn -0.9925 -0.1095 -0.0545
vn -0.9902 -0.1004 -0.0972
vn -0.9874 -0.1274 -0.0938
vn -0.9864 -0.1425 -0.0820
vn -0.4096 0.1173 -0.9047
vn -0.4082 0.0963 -0.9078
vn -0.4256 0.0909 -0.9004
vn -0.4284 0.1115 -0.8967
vn -0.9676 0.2305 -0.1030
vn -0.9722 0.1890 -0.1385
vn -0.9772 0.1866 -0.1011
vn -0.9755 0.2002 -0.0915
vn -0.7764 0.0291 -0.6296
vn -0.7651 -0.0088 -0.6438
vn -0.7888 -0.0020 -0.6146
vn -0.8401 -0.0600 0.5392
vn -0.8341 -0.0820 0.5454
vn -0.8261 -0.0813 0.5577
vn -0.8278 -0.0617 0.5576
vn -0.2779 0.2068 -0.9381
vn -0.2661 0.1855 -0.9459
vn -0.2883 0.1810 -0.9403
vn -0.7773 0.2817 -0.5625
vn -0.0911 0.1991 -0.9757
vn -0.0931 0.1718 -0.9807
vn 0.0940 -0.5667 -0.8185
vn -0.0673 -0.5889 -0.8054
vn -0.7940 -0.0282 0.6073
vn -0.8110 -0.0458 0.5832
vn -0.7927 -0.0554 0.6071
vn -0.2931 0.0358 0.9554
vn -0.0417 0.7621 0.6461
vn -0.8791 0.0211 0.4762
vn -0.2996 0.0156 0.9540
vn -0.6144 0.0738 0.7856
vn -0.6178 0.0540 0.7845
vn -0.5974 0.0567 0.7999
vn 0.5701 0.0327 -0.8209
vn 0.5680 0.0079 -0.8230
vn 0.5453 0.0085 -0.8382
vn 0.5467 0.0468 -0.8360
vn 0.9842 0.1407 0.1072
vn 0.9865 0.1119 0.1192
vn 0.9889 0.1201 0.0872
vn 0.9870 0.1375 0.0835
vn 0.7315 0.0068 -0.6818
vn 0.7511 0.0204 -0.6599
vn 0.7541 -0.0170 -0.6565
vn 0.7344 -0.0166 -0.6785
vn 0.8975 0.2836 -0.3379
vn 0.9143 0.2417 -0.3249
vn 0.9049 0.2346 -0.3552
vn 0.9928 0.1197 -0.0048
vn 0.9913 0.1287 0.0257
vn 0.9963 0.0825 0.0224
vn 0.9953 0.0967 -0.0046
vn 0.9867 -0.0136 -0.1620
vn 0.9853 -0.0804 -0.1506
vn 0.9786 -0.0584 -0.1972
vn 0.9922 -0.0647 -0.1069
vn 0.9875 -0.0922 -0.1280
vn 0.9857 -0.0914 -0.1416
vn 0.9869 -0.0645 -0.1478
vn 0.4047 0.1189 -0.9067
vn 0.4294 0.1136 -0.8960
vn 0.4205 0.0993 -0.9018
vn 0.4078 0.0969 -0.9079
vn 0.9392 0.0148 -0.3430
vn 0.9459 -0.0081 -0.3242
vn 0.9351 -0.0171 -0.3540
vn 0.7812 0.0370 -0.6232
vn 0.7933 0.0045 -0.6089
vn 0.7716 0.0048 -0.6361
vn 0.7196 0.0822 0.6895
vn 0.7161 0.0570 0.6957
vn 0.7337 0.0593 0.6769
vn 0.8842 -0.0019 0.4672
vn 0.8699 0.0019 0.4932
vn 0.8736 -0.0148 0.4865
vn 0.8769 -0.0223 0.4802
vn 0.9465 -0.1265 -0.2969
vn 0.9555 -0.1350 -0.2621
vn 0.9469 -0.1621 -0.2776
vn 0.9411 -0.1632 -0.2962
vn 0.2779 0.2100 -0.9374
vn 0.2875 0.1753 -0.9416
vn 0.2598 0.1875 -0.9473
vn 0.0671 0.8467 -0.5278
vn 0.2282 0.8297 -0.5094
vn 0.1152 0.1715 -0.9784
vn 0.0919 0.1823 -0.9789
vn 0.0930 0.2042 -0.9745
vn 0.5841 0.0029 0.8117
vn 0.5681 -0.0109 0.8229
vn 0.5831 -0.0219 0.8121
vn 0.5946 -0.0104 0.8039
vn 0.9362 0.0004 -0.3515
vn 0.9470 0.0072 -0.3212
vn 0.9481 -0.0044 -0.3178
vn 0.9473 -0.0095 -0.3202
vn 0.9420 -0.0204 -0.3350
vn 0.9430 -0.1319 -0.3055
vn 0.9438 -0.1585 -0.2899
vn 0.9371 -0.1547 -0.3130
vn 0.2986 0.0068 0.9543
vn 0.3005 -0.0082 0.9537
vn 0.0255 -0.6998 0.7139
vn 0.9102 0.0181 0.4138
vn 0.4751 0.0300 0.8794
vn 0.4552 0.0155 0.8902
vn 0.4766 0.0071 0.8791
vn 0.0013 0.9999 0.0144
vn 0.0087 0.9998 0.0197
vn -0.6457 0.7589 -0.0843
vn 0.0082 0.9998 0.0199
vn 0.0127 0.9998 0.0177
vn 0.0042 1.0000 0.0083
vn 0.0054 1.0000 0.0078
vn 0.0095 0.9998 0.0173
vn 0.0127 0.9998 0.0155
vn 0.0151 0.9998 0.0136
vn 0.0241 0.9997 0.0097
vn 0.0426 0.9990 -0.0092
vn 0.0423 0.9990 -0.0109
vn 0.0181 0.9998 -0.0004
vn 0.0179 0.9998 0.0010
vn 0.0106 0.9999 0.0023
vn 0.0107 0.9999 0.0020
vn 0.0269 0.9996 -0.0054
vn 0.0268 0.9996 -0.0055
vn 0.0112 0.9999 0.0125
vn 0.0135 0.9999 0.0105
vn 0.0309 0.9995 -0.0004
vn 0.0309 0.9995 -0.0019
vn 0.0300 0.9995 -0.0098
vn 0.0285 0.9995 -0.0142
vn 0.0096 0.9999 -0.0085
vn 0.0086 0.9999 -0.0098
vn 0.0175 0.9998 -0.0088
vn 0.0083 0.9999 -0.0134
vn 0.0117 0.9999 -0.0086
vn 0.0116 0.9999 -0.0094
vn 0.6852 0.6928 -0.2248
vn 0.0034 0.9999 -0.0152
vn 0.0007 0.9999 -0.0152
vn -0.0082 0.9999 -0.0130
vn -0.0046 0.9998 -0.0200
vn -0.0052 0.9998 -0.0198
vn -0.0071 0.9998 -0.0190
vn -0.0078 0.9998 -0.0187
vn -0.0094 0.9999 -0.0077
vn -0.0105 0.9999 -0.0047
vn -0.0300 0.9995 -0.0059
vn -0.0302 0.9995 -0.0033
vn -0.0297 0.9996 0.0035
vn -0.0126 0.9998 0.0141
vn -0.0114 0.9998 0.0150
vn -0.0134 0.9999 -0.0106
vn -0.0147 0.9998 -0.0119
vn -0.0112 0.9999 -0.0105
vn -0.0078 0.9999 0.0131
vn -0.0076 0.9999 0.0131
vn -0.0108 0.9999 -0.0010
vn -0.0170 0.9999 0.0020
vn -0.0173 0.9999 0.0008
vn -0.0324 0.9992 0.0254
vn -0.0297 0.9992 0.0283
vn -0.0229 0.9997 0.0107
vn -0.0176 0.9998 0.0098
vn -0.0154 0.9998 0.0125
vn -0.0129 0.9998 0.0148
vn -0.0047 1.0000 0.0077
vn -0.0036 1.0000 0.0082
vn 0.0221 -0.7934 -0.6083
vn -0.6808 -0.0958 -0.7262
vn 0.0255 -0.0019 -0.9997
vn 0.1409 -0.1284 -0.9817
vn 0.2007 -0.9214 0.3327
vn 0.8982 -0.1053 0.4267
vn 0.3309 0.0904 0.9393
vn 0.0136 -0.0012 0.9999
vn 0.1720 -0.4558 0.8733
vn -0.8188 0.3990 0.4128
vn -0.1794 -0.4817 0.8578
vn -0.0080 -0.1452 0.9894
vn 0.5621 -0.1264 0.8174
vn -0.2176 0.7179 0.6612
vn -0.6605 -0.0026 -0.7508
vn -0.6647 0.0072 -0.7471
vn -0.6566 0.0047 -0.7543
vn -0.2912 -0.1873 -0.9381
vn -0.4635 -0.0413 -0.8851
vn -0.2620 -0.0704 -0.9625
vn -0.5470 -0.0277 -0.8367
vn -0.5966 -0.0716 -0.7993
vn -0.5754 0.0214 -0.8176
vn -0.5476 -0.0088 -0.8367
vn -0.7273 0.0532 -0.6843
vn -0.7347 0.0606 -0.6757
vn -0.7319 0.0661 -0.6782
vn -0.7245 0.0704 -0.6857
vn -0.9253 0.0640 0.3737
vn -0.9181 0.0779 0.3887
vn -0.9256 0.0831 0.3692
vn -0.7679 -0.0166 -0.6404
vn -0.7792 -0.0159 -0.6265
vn -0.7733 -0.0064 -0.6340
vn -0.7679 -0.0091 -0.6405
vn -0.9202 -0.0453 0.3889
vn -0.8581 -0.0149 0.5133
vn -0.8399 0.0591 0.5396
vn -0.8855 0.1143 0.4504
vn -0.7583 0.0064 0.6519
vn -0.7249 -0.0165 0.6886
vn -0.7418 0.0821 0.6656
vn -0.7543 0.0209 0.6563
vn -0.1304 -0.0384 -0.9907
vn -0.2822 -0.0698 -0.9568
vn -0.2758 0.1529 -0.9490
vn -0.1747 0.0706 -0.9821
vn -0.7780 -0.2283 0.5853
vn -0.6683 -0.0466 0.7424
vn -0.6804 0.1662 0.7138
vn -0.8407 0.0579 0.5384
vn -0.8220 0.1233 0.5560
vn -0.8309 0.1268 0.5418
vn -0.8452 0.1263 0.5193
vn -0.8339 0.0930 0.5440
vn -0.8428 0.0694 0.5338
vn -0.8504 0.0861 0.5191
vn -0.8691 0.0909 0.4861
vn -0.8592 0.0418 0.5099
vn -0.9999 -0.0104 -0.0100
vn -0.9998 -0.0155 0.0113
vn -1.0000 -0.0015 0.0090
vn -1.0000 0.0057 0.0005
vn -0.7400 -0.2102 0.6389
vn -0.7495 -0.1469 0.6455
vn -0.7637 -0.1398 0.6303
vn -0.7690 -0.1594 0.6191
vn -0.8318 0.0750 0.5500
vn -0.8221 0.1004 0.5604
vn -0.8424 0.1021 0.5291
vn -0.9081 0.0483 -0.4160
vn -0.9152 0.0752 -0.3959
vn -0.9021 0.0781 -0.4244
vn -0.9969 -0.0665 0.0422
vn -0.9893 -0.1320 0.0618
vn -0.9915 -0.0994 0.0840
vn -0.9951 -0.0613 0.0770
vn -0.9692 -0.0336 0.2440
vn -0.9562 -0.0858 0.2797
vn -0.9633 -0.0228 0.2676
vn -0.9668 -0.0229 0.2543
vn -0.7836 -0.0027 0.6213
vn -0.4943 -0.1795 0.8506
vn -0.4232 0.1574 0.8923
vn -0.5977 0.2513 0.7613
vn -0.6267 -0.2903 0.7232
vn -0.3867 0.0976 0.9170
vn -0.6882 0.2113 0.6941
vn -0.7193 0.0380 0.6937
vn -0.6667 0.1067 0.7376
vn -0.7152 0.1204 0.6885
vn 0.6638 0.0053 -0.7479
vn 0.6611 0.0121 -0.7502
vn 0.6655 0.0136 -0.7462
vn 0.9611 0.0026 -0.2761
vn 0.9538 0.0290 -0.2991
vn 0.9572 0.0368 -0.2869
vn 0.9648 0.0307 -0.2611
vn 0.6879 -0.2108 -0.6945
vn -0.1348 -0.1538 -0.9789
vn -0.7125 -0.0876 -0.6962
vn -0.0250 0.6313 -0.7752
vn 0.3058 -0.1857 -0.9338
vn 0.2831 -0.0857 -0.9552
vn 0.3781 -0.0796 -0.9223
vn 0.5463 -0.0152 -0.8374
vn 0.5403 0.0289 -0.8410
vn 0.5839 0.0541 -0.8100
vn 0.6043 -0.0567 -0.7947
vn 0.7270 0.0628 -0.6838
vn 0.7316 0.0735 -0.6778
vn 0.7342 0.0754 -0.6747
vn 0.7359 0.0685 -0.6736
vn 0.9429 0.0560 0.3284
vn 0.9430 0.0721 0.3247
vn 0.9369 0.0722 0.3422
vn 0.7690 -0.0070 -0.6392
vn 0.7670 0.0025 -0.6416
vn 0.7781 0.0070 -0.6281
vn 0.7788 -0.0116 -0.6272
vn 0.9068 -0.0173 0.4213
vn 0.8379 0.0821 0.5397
vn 0.8377 0.0220 0.5457
vn 0.8349 0.0048 0.5503
vn 0.8114 0.0095 0.5845
vn 0.8287 0.0812 0.5537
vn 0.8006 0.0660 0.5956
vn 0.7822 0.0037 0.6230
vn 0.1352 -0.0410 -0.9900
vn 0.1314 0.1685 -0.9769
vn 0.2232 0.1140 -0.9681
vn 0.3046 -0.0177 -0.9523
vn 0.7643 -0.2093 0.6099
vn 0.8568 0.1187 0.5018
vn 0.7005 0.0800 0.7092
vn 0.6487 -0.0474 0.7596
vn 0.9621 -0.0331 -0.2708
vn 0.9611 0.0136 -0.2758
vn 0.9716 0.0008 -0.2368
vn 0.8855 0.0860 0.4566
vn 0.8932 0.0507 0.4467
vn 0.8996 0.0779 0.4296
vn 0.8943 0.0963 0.4369
vn 0.8999 0.0522 0.4329
vn 0.9194 0.0230 0.3926
vn 0.9137 0.0576 0.4023
vn 0.9079 0.0746 0.4125
vn 0.9765 0.0411 0.2115
vn 0.9747 0.0540 0.2168
vn 0.9716 0.0572 0.2297
vn 0.9725 0.0378 0.2296
vn 0.7580 -0.1684 0.6301
vn 0.8003 -0.1320 0.5849
vn 0.7915 -0.1177 0.5997
vn 0.7848 -0.0814 0.6144
vn 0.8587 -0.0192 0.5122
vn 0.8616 0.0088 0.5075
vn 0.8447 0.0079 0.5352
vn 0.9504 -0.1551 0.2696
vn 0.9486 -0.2107 0.2361
vn 0.9612 -0.1470 0.2333
vn 0.9583 -0.1335 0.2526
vn 0.9370 -0.0181 0.3488
vn 0.9469 0.0091 0.3214
vn 0.9349 0.0233 0.3541
vn 0.9758 -0.0250 0.2171
vn 0.9757 -0.0045 0.2190
vn 0.9640 0.0227 0.2650
vn 0.9648 -0.0693 0.2536
vn 0.7527 -0.1350 0.6444
vn 0.6616 0.2059 0.7211
vn 0.4699 0.1291 0.8732
vn 0.4855 -0.1577 0.8599
vn 0.5597 -0.2968 0.7737
vn 0.7291 0.1108 0.6754
vn 0.3530 0.1603 0.9218
vn 0.8013 0.0511 0.5961
vn 0.7955 0.1135 0.5952
vn 0.7586 0.1144 0.6415
vn 0.0012 -0.9999 0.0105
vn -0.0913 -0.9916 -0.0913
vn -0.0391 -0.9912 -0.1264
vn 0.1467 -0.9892 -0.0063
vn -0.6697 -0.7368 0.0928
vn 0.0815 -0.9966 -0.0099
vn 0.0665 -0.9924 0.1036
vn -0.0590 -0.9979 0.0276
vn 0.0230 -0.9997 -0.0043
vn 0.0547 -0.9967 0.0596
vn 0.0119 -0.9998 0.0171
vn -0.0567 -0.9978 0.0331
vn 0.0222 -0.9997 -0.0059
vn 0.0137 -0.9998 0.0168
vn -0.0542 -0.9978 0.0379
vn 0.0132 -0.9999 -0.0009
vn 0.0059 -1.0000 0.0055
vn 0.0183 -0.9998 -0.0065
vn 0.0131 -0.9999 0.0056
vn -0.0625 -0.9980 -0.0095
vn 0.1257 -0.9921 0.0051
vn 0.0504 -0.9925 0.1111
vn 0.0467 -0.9968 0.0651
vn 0.0716 -0.9924 0.1006
vn 0.0701 -0.9924 0.1015
vn -0.1023 -0.9942 0.0345
vn 0.0139 -0.9999 0.0001
vn 0.0070 -1.0000 0.0065
vn 0.0142 -0.9997 -0.0203
vn 0.0193 -0.9998 0.0099
vn -0.0710 -0.9937 0.0862
vn 0.0158 -0.9997 -0.0199
vn 0.0135 -0.9999 0.0052
vn 0.0882 -0.9922 0.0878
vn -0.0562 -0.9978 0.0341
vn 0.0224 -0.9996 -0.0168
vn -0.0142 -0.9974 0.0713
vn 0.0055 -1.0000 -0.0007
vn 0.0763 -0.9966 0.0316
vn 0.0312 -0.9969 0.0720
vn 0.0045 -1.0000 0.0026
vn 0.0257 -0.9996 -0.0142
vn -0.0018 -1.0000 -0.0076
vn 0.0683 -0.9966 0.0455
vn -0.0039 -1.0000 0.0092
vn 0.0007 -1.0000 -0.0064
vn 0.0131 -0.9999 0.0058
vn 0.0061 -1.0000 0.0062
vn 0.0061 -1.0000 -0.0013
vn 0.0649 -0.9966 0.0498
vn -0.0046 -1.0000 0.0077
vn 0.0021 -0.9999 0.0123
vn 0.0125 -0.9997 -0.0206
vn 0.0192 -0.9998 0.0020
vn 0.0085 -0.9999 0.0071
vn 0.0023 -0.9998 -0.0196
vn 0.0302 -0.9995 -0.0080
vn -0.0027 -1.0000 -0.0001
vn 0.0286 -0.9995 -0.0107
vn 0.0093 -0.9999 0.0073
vn 0.0025 -1.0000 0.0089
vn 0.0120 -0.9999 -0.0097
vn 0.0573 -0.9978 0.0334
vn -0.0067 -0.9984 0.0570
vn 0.0073 -0.9999 -0.0097
vn 0.0659 -0.9978 0.0104
vn 0.0019 -1.0000 0.0083
vn 0.0157 -0.9998 -0.0082
vn 0.0190 -0.9998 0.0041
vn 0.0018 -0.9998 -0.0194
vn 0.0314 -0.9995 0.0026
vn 0.0082 -0.9999 0.0119
vn 0.0001 -1.0000 0.0047
vn 0.0294 -0.9995 -0.0094
vn 0.0076 -0.9999 0.0146
vn 0.0051 -0.9999 0.0109
vn 0.0097 -0.9999 -0.0099
vn 0.0216 -0.9998 0.0004
vn 0.0299 -0.9995 -0.0085
vn 0.0154 -0.9998 0.0099
vn 0.0061 -0.9999 0.0114
vn 0.0106 -0.9998 -0.0196
vn 0.0269 -0.9996 0.0060
vn -0.0462 -0.9988 0.0147
vn 0.0105 -0.9999 -0.0099
vn 0.0263 -0.9980 0.0568
vn -0.0365 -0.9987 0.0360
vn 0.0041 -1.0000 -0.0087
vn 0.0181 -0.9998 0.0067
vn 0.0160 -0.9998 -0.0143
vn 0.0217 -0.9998 0.0024
vn 0.0033 -0.9999 0.0097
vn 0.0074 -0.9999 0.0117
vn 0.0070 -0.9998 -0.0195
vn 0.0314 -0.9995 0.0033
vn 0.0064 -0.9999 -0.0095
vn 0.0152 -0.9998 0.0101
vn 0.0002 -0.9999 0.0102
vn 0.0056 -0.9999 -0.0151
vn 0.0134 -0.9998 0.0112
vn 0.0008 -0.9999 0.0109
vn 0.0079 -0.9998 0.0200
vn 0.0023 -0.9998 -0.0184
vn 0.0273 -0.9996 0.0021
vn 0.0312 -0.9982 0.0510
vn -0.0023 -0.9999 -0.0162
vn 0.0264 -0.9985 -0.0483
vn 0.0360 -0.9984 -0.0440
vn 0.0269 -0.9996 0.0057
vn 0.0107 -0.9997 0.0201
vn -0.0004 -0.9999 -0.0172
vn -0.0169 -0.9999 0.0002
vn 0.0115 -0.9996 -0.0241
vn 0.0137 -0.9997 0.0196
vn -0.0164 -0.9998 0.0082
vn -0.0082 -1.0000 0.0035
vn 0.0114 -0.9997 -0.0195
vn 0.0121 -0.9999 0.0116
vn -0.0167 -0.9999 -0.0016
vn 0.0166 -0.9997 -0.0184
vn 0.0096 -0.9998 0.0201
vn 0.0211 -0.9996 -0.0163
vn 0.0007 -0.9996 0.0273
vn -0.0391 -0.9989 0.0243
vn 0.0156 -0.9997 -0.0199
vn 0.0092 -0.9999 0.0120
vn -0.0093 -0.9999 -0.0089
vn 0.0165 -0.9997 -0.0185
vn 0.0100 -0.9999 0.0120
vn -0.0100 -0.9999 -0.0076
vn 0.0047 -1.0000 -0.0061
vn 0.0087 -0.9997 -0.0215
vn 0.0325 -0.9995 0.0041
vn 0.0270 -0.9992 -0.0279
vn 0.0334 -0.9994 0.0028
vn 0.0152 -0.9997 -0.0200
vn 0.0086 -0.9999 0.0119
vn -0.0134 -0.9999 0.0048
vn -0.0100 -0.9999 -0.0115
vn 0.0217 -0.9998 0.0016
vn -0.0076 -0.9998 0.0178
vn -0.0098 -0.9999 -0.0102
vn 0.0213 -0.9998 -0.0009
vn 0.0060 -0.9999 0.0113
vn 0.0134 -0.9999 -0.0093
vn 0.0386 -0.9990 0.0214
vn 0.0198 -0.9998 0.0089
vn -0.0027 -1.0000 0.0027
vn 0.0157 -0.9998 -0.0083
vn -0.0008 -0.9995 -0.0310
vn 0.0217 -0.9998 0.0018
vn -0.0072 -0.9998 0.0193
vn 0.0023 -1.0000 -0.0076
vn 0.0217 -0.9998 0.0021
vn -0.0218 -0.9996 0.0175
vn 0.0178 -0.9998 0.0112
vn -0.0034 -1.0000 0.0018
vn 0.0157 -0.9998 -0.0091
vn 0.0217 -0.9998 0.0015
vn -0.0001 -1.0000 0.0099
vn 0.0023 -1.0000 -0.0075
vn 0.0217 -0.9998 0.0020
vn 0.0125 -0.9998 0.0149
vn -0.0097 -0.9991 -0.0406
vn 0.0196 -0.9998 -0.0058
vn 0.0135 -0.9998 0.0146
vn -0.0220 -0.9992 -0.0326
vn 0.0434 -0.9986 -0.0318
vn 0.0402 -0.9986 -0.0333
vn 0.0148 -0.9998 0.0141
vn -0.0192 -0.9992 -0.0350
vn 0.0358 -0.9987 -0.0366
vn 0.0156 -0.9998 0.0137
vn -0.0234 -0.9992 -0.0313
vn 0.0000 -0.9999 0.0100
vn -0.0028 -1.0000 0.0062
vn -0.0006 -1.0000 -0.0058
vn 0.0217 -0.9998 0.0031
vn 0.1312 -0.9891 0.0662
vn -0.1278 -0.9917 0.0117
vn 0.0646 -0.9841 -0.1653
vn 0.1773 -0.9826 0.0562
vn -0.1666 -0.9859 0.0139
vn -0.0379 -0.9606 -0.2754
vn -0.1129 -0.9915 0.0651
vn -0.0667 -0.9854 -0.1569
vn 0.1852 -0.9826 -0.0111
vn 0.0216 -0.9997 0.0068
vn -0.0034 -1.0000 0.0034
vn 0.0214 -0.9988 -0.0432
vn 0.0549 -0.9984 0.0144
vn -0.0032 -1.0000 0.0048
vn 0.0074 -0.9999 -0.0092
vn 0.0332 -0.9987 -0.0383
vn 0.0347 -0.9987 -0.0374
vn 0.0058 -0.9999 0.0147
vn -0.0384 -0.9993 -0.0018
vn -0.0012 -1.0000 -0.0050
vn 0.0225 -0.9997 0.0023
vn 0.0015 -0.9999 0.0125
vn 0.0209 -0.9998 0.0046
vn -0.0367 -0.9993 0.0109
vn 0.0672 -0.9902 -0.1225
vn 0.0123 -0.9999 -0.0090
vn 0.0127 -0.9999 -0.0089
vn -0.0278 -0.9991 0.0310
vn -0.0253 -0.9993 -0.0292
vn 0.1430 -0.9893 -0.0302
vn -0.0335 -0.9993 -0.0166
vn 0.0413 -0.9986 -0.0325
vn -0.0199 -0.9990 0.0388
vn -0.0357 -0.9993 -0.0106
vn 0.0359 -0.9987 -0.0366
vn 0.0035 -0.9999 0.0138
vn 0.0003 -0.9999 0.0114
vn -0.0241 -0.9992 -0.0305
vn 0.0209 -0.9998 0.0001
vn 0.2682 -0.9568 0.1122
vn -0.2632 -0.9623 -0.0691
vn -0.0010 -0.9603 -0.2791
vn 0.2888 -0.9568 0.0345
vn -0.2693 -0.9621 0.0440
vn -0.7978 -0.5379 -0.2724
vn 0.2835 -0.9570 -0.0610
vn -0.2413 -0.9616 0.1309
vn -0.2025 -0.9619 -0.1835
vn -0.2106 -0.9620 -0.1738
vn 0.2718 -0.9572 -0.0990
vn -0.1437 -0.9855 0.0900
vn -0.1333 -0.9614 -0.2406
vn 0.2905 -0.9569 -0.0063
vn -0.1595 -0.9858 0.0533
vn 0.2827 -0.9568 0.0687
vn -0.2713 -0.9622 -0.0226
vn -0.0809 -0.9610 -0.2645
vn -0.0276 -0.9991 0.0312
vn -0.0009 -1.0000 -0.0029
vn 0.1445 -0.9892 -0.0236
vn 0.9523 -0.0670 -0.2978
vn 0.9595 -0.0457 -0.2778
vn 0.9601 -0.0807 -0.2678
vn 0.0964 -0.9899 -0.1037
vn 0.0036 -0.9999 0.0130
vn -0.0882 -0.9917 -0.0934
usemtl sungaya_inexpectata_31mg
s off
f 435/1/1 519/2/2 22/3/3
f 123/4/4 36/5/5 35/6/6
f 425/7/7 45/8/8 44/9/9
f 4/10/10 529/11/11 337/12/12
f 325/13/13 84/14/14 189/15/15
f 508/16/16 7/17/17 412/18/18
f 95/19/19 406/20/20 405/21/21
f 108/22/22 102/23/23 456/24/24
f 369/25/25 353/26/26 384/27/27
f 122/28/28 401/29/29 433/30/30
f 226/31/31 526/32/32 322/33/33
f 504/34/34 197/35/35 373/36/36
f 419/37/37 207/38/38 208/39/39
f 462/40/40 413/41/41 514/42/42
f 289/43/43 489/44/44 20/45/45
f 529/46/46 77/47/47 186/48/48
f 24/49/49 491/50/50 81/51/51
f 52/52/52 468/53/53 152/54/54
f 182/55/55 183/56/56 257/57/57
f 230/58/58 184/59/59 23/60/60
f 213/61/61 437/62/62 45/8/63
f 1315/63/64 1319/64/65 84/14/66 197/35/67
f 137/65/68 198/66/69 38/67/70
f 199/68/71 200/69/72 393/70/73
f 190/71/74 390/72/75 129/73/76
f 203/74/77 118/75/78 204/76/79
f 349/77/80 245/78/81 10/79/82
f 212/80/83 142/81/84 46/82/85
f 45/83/86 312/84/87 213/85/88
f 218/86/89 217/87/90 155/88/91
f 214/89/92 184/90/93 230/91/94
f 232/92/95 14/93/96 181/94/97
f 162/95/98 327/96/99 238/97/100
f 1247/98/101 1241/99/102 244/100/103 488/101/104
f 47/102/105 46/82/106 290/103/107
f 307/104/108 412/18/109 138/105/110
f 256/106/111 226/107/112 36/108/113
f 234/109/114 131/110/115 68/111/116
f 500/112/117 22/3/118 99/113/119
f 512/114/120 72/115/121 71/116/122
f 39/117/123 40/118/124 277/119/125
f 440/120/126 232/92/127 98/121/128
f 462/122/129 15/123/130 432/124/131
f 171/125/132 198/66/133 167/126/134
f 284/127/135 286/128/136 285/129/137
f 202/130/138 359/131/139 354/132/140
f 467/133/141 98/121/142 32/134/143
f 298/135/144 297/136/145 392/137/146
f 468/53/147 52/138/148 348/139/149
f 304/140/150 306/141/151 305/142/152
f 1311/143/153 1299/144/154 6/145/155
f 360/146/156 390/72/157 190/71/158
f 1251/147/159 1260/148/160 70/149/161
f 357/150/162 517/151/163 533/152/164
f 127/153/165 74/154/166 40/118/167
f 319/155/168 273/156/169 64/157/170
f 110/158/171 23/159/172 49/160/173
f 283/161/174 37/162/175 52/52/176
f 326/163/177 13/164/178 501/165/179
f 73/166/180 474/167/181 28/168/182
f 2/169/183 133/170/184 368/171/185
f 445/172/186 333/173/187 295/174/188
f 164/175/189 344/176/190 254/177/191
f 101/178/192 121/179/193 120/180/194
f 18/181/195 270/182/196 249/183/197
f 222/184/198 223/185/199 564/186/200 235/187/201
f 376/188/202 222/189/203 235/190/204
f 57/191/205 82/192/206 189/15/207
f 387/193/208 460/194/209 85/195/210
f 1322/196/211 1324/197/212 34/198/213
f 316/199/214 461/200/215 362/201/216
f 344/176/217 136/202/218 363/203/219
f 365/204/220 341/205/221 136/202/222
f 210/206/223 11/207/224 276/208/225
f 12/209/226 321/210/227 138/105/228
f 152/54/229 291/211/230 83/212/231
f 530/213/232 356/214/233 145/215/234
f 145/215/235 356/214/236 12/209/237
f 131/110/238 16/216/239 460/217/240
f 7/17/241 476/218/242 317/219/243
f 353/26/244 394/220/245 384/27/246
f 540/221/247 110/158/248 49/160/249
f 381/222/250 96/223/251 289/224/252
f 558/225/253 556/226/254 399/227/255 201/228/256
f 429/229/257 134/230/258 469/231/259
f 342/232/260 264/233/261 137/65/262
f 292/234/263 313/235/264 209/236/265
f 471/237/266 263/238/267 194/239/268
f 124/240/269 374/241/270 128/242/271
f 17/243/272 59/244/273 352/245/274
f 319/246/275 241/247/276 258/248/277
f 211/249/278 210/250/279 276/251/280
f 228/252/281 388/253/282 358/254/283
f 390/72/284 199/68/285 393/70/286
f 460/255/287 16/256/288 142/257/289
f 495/258/290 506/259/291 482/260/292
f 137/261/293 38/262/294 343/263/295
f 393/70/296 181/94/297 78/264/298
f 78/264/299 390/72/300 393/70/301
f 31/265/302 30/266/303 394/267/304
f 589/268/305 1180/269/306 107/270/307
f 398/271/308 325/13/309 399/272/310
f 76/273/311 104/274/312 378/275/313
f 532/276/314 94/277/315 202/130/316
f 174/278/317 224/279/318 173/280/319
f 178/281/320 370/282/321 194/283/322
f 109/284/323 218/285/324 375/286/325
f 166/287/326 407/288/327 257/57/328
f 367/289/329 133/170/330 303/290/331
f 173/280/332 408/291/333 174/278/334
f 246/292/335 205/293/336 245/294/337
f 8/295/338 50/296/339 357/297/340
f 83/212/341 362/201/342 461/200/343
f 243/298/344 55/299/345 107/270/346
f 356/214/347 109/300/348 12/209/349
f 210/301/350 204/302/351 11/303/352
f 411/304/353 204/305/354 210/306/355
f 312/307/356 45/8/357 387/193/358
f 147/308/359 430/309/360 207/310/361
f 364/311/362 371/312/363 298/313/364
f 60/314/365 298/315/366 371/312/367
f 7/17/368 179/316/369 476/218/370
f 296/317/371 238/318/372 327/319/373
f 1300/320/374 1303/321/375 423/322/376 261/323/377
f 25/324/378 263/325/379 56/326/380
f 131/110/381 387/193/382 68/111/383
f 70/149/384 359/131/385 202/130/386
f 260/327/387 134/230/388 429/229/389
f 433/30/390 457/328/391 122/28/392
f 87/329/393 417/330/394 441/331/395
f 286/332/396 413/333/397 462/334/398
f 506/259/399 316/199/400 362/201/401
f 448/335/402 527/336/403 92/337/404
f 421/338/405 85/195/406 212/80/407
f 98/121/408 87/329/409 32/134/410
f 87/329/411 493/339/412 393/70/413
f 193/340/414 413/341/415 454/342/416
f 457/343/417 419/344/418 458/345/419
f 274/346/420 388/253/421 228/252/422
f 401/347/423 48/348/424 214/349/425
f 132/350/426 3/351/427 115/352/428
f 118/75/429 183/56/430 255/353/431
f 463/354/432 80/355/433 323/356/434
f 465/357/435 464/358/436 148/359/437
f 527/360/438 435/1/439 500/112/440
f 61/361/441 36/362/442 322/363/443
f 1248/364/444 1255/365/445 115/366/446 466/367/447
f 303/368/448 176/369/449 328/370/450
f 389/371/451 258/248/452 188/372/453
f 123/373/454 124/374/455 122/375/456
f 1224/376/457 53/377/458 1201/378/459
f 102/23/460 108/22/461 164/175/462
f 473/379/463 49/160/464 48/380/465
f 119/381/466 151/382/467 246/383/468
f 77/47/469 530/213/470 347/384/471
f 464/385/472 465/386/473 156/387/474
f 426/388/475 186/48/476 91/389/477
f 174/278/478 172/390/479 54/391/480
f 432/392/481 315/393/482 380/394/483
f 462/122/484 432/395/485 380/396/486
f 267/397/487 249/183/488 270/182/489
f 476/218/490 179/316/491 477/398/492
f 159/399/493 383/400/494 311/401/495
f 1334/402/496 1326/403/497 197/35/498 504/34/499
f 584/404/500 1236/405/501 179/316/502
f 225/406/503 310/407/504 11/408/505
f 399/272/506 325/13/507 201/409/508
f 325/13/509 185/410/510 201/409/511
f 138/105/512 144/411/513 145/215/514
f 331/412/515 125/413/516 289/224/517
f 475/414/518 80/355/519 451/415/520
f 6/145/521 290/103/522 352/416/523
f 144/411/524 143/417/525 301/418/526
f 115/419/527 3/420/528 466/421/529
f 450/422/530 180/423/531 111/424/532
f 305/142/533 446/425/534 304/140/535
f 279/426/536 487/427/537 31/428/538
f 112/429/539 487/430/540 279/431/541
f 79/432/542 244/100/543 248/433/544
f 422/434/545 491/50/546 43/435/547
f 344/176/548 164/175/549 136/202/550
f 407/288/551 166/287/552 180/423/553
f 298/436/554 379/437/555 297/438/556
f 403/439/557 123/440/558 490/441/559
f 591/442/560 486/443/561 1213/444/562
f 459/445/563 354/132/564 3/446/565
f 462/122/566 380/447/567 286/128/568
f 389/371/569 319/246/570 258/248/571
f 456/24/572 96/223/573 381/222/574
f 162/448/575 434/449/576 327/450/577
f 32/451/578 87/452/579 441/453/580
f 178/281/581 261/454/582 370/455/583
f 441/331/584 384/27/585 32/134/586
f 284/127/587 413/41/588 286/128/589
f 181/94/590 14/93/591 78/264/592
f 430/456/593 159/457/594 382/458/595
f 219/459/596 429/229/597 469/231/598
f 398/460/599 399/461/600 494/462/601
f 47/102/602 290/103/603 6/145/604
f 172/390/605 427/463/606 274/346/607
f 1330/464/608 1314/465/609 239/466/610 395/467/611
f 544/468/612 571/469/613 167/126/614 105/470/615
f 95/471/616 405/472/617 351/473/618
f 37/474/619 348/475/620 52/476/621
f 174/278/622 103/477/623 330/478/624
f 108/22/625 365/204/626 136/202/627
f 303/479/628 302/480/629 367/481/630
f 9/482/631 192/483/632 268/484/633
f 444/485/634 369/486/635 384/487/636
f 417/488/637 444/485/638 384/487/639
f 132/489/640 315/490/641 416/491/642
f 536/492/643 62/493/644 518/494/645
f 146/495/646 236/496/647 75/497/648
f 507/498/649 159/457/650 311/499/651
f 125/413/652 170/500/653 287/501/654
f 402/502/655 330/478/656 103/477/657
f 401/503/658 499/504/659 48/505/660
f 397/506/661 265/507/662 361/508/663
f 331/412/664 289/224/665 20/509/666
f 282/510/667 538/511/668 88/512/669
f 412/513/670 143/514/671 138/515/672
f 107/516/673 300/517/674 243/518/675
f 387/519/676 45/520/677 425/521/678
f 366/522/679 495/258/680 482/260/681
f 501/523/682 13/164/683 440/524/684
f 420/525/685 501/523/686 440/524/687
f 424/526/688 193/527/689 310/528/690
f 272/529/691 402/502/692 64/530/693
f 1200/531/694 1211/532/695 55/299/696 281/533/697
f 65/534/698 158/535/699 376/536/700
f 298/537/701 60/538/702 23/539/703
f 145/215/704 91/389/705 347/384/706
f 1182/540/707 1192/541/708 483/542/709 400/543/710
f 27/544/711 26/545/712 503/546/713
f 410/547/714 229/548/715 173/280/716
f 592/549/717 281/550/718 1189/551/719
f 372/552/720 54/391/721 53/553/722
f 172/390/723 330/478/724 402/502/725
f 1227/554/726 355/555/727 575/556/728
f 364/557/729 298/558/730 392/559/731
f 1209/560/732 1205/561/733 414/562/734
f 325/13/735 189/15/736 252/563/737
f 378/564/738 104/565/739 350/566/740
f 314/567/741 408/568/742 173/569/743
f 1218/570/744 1203/571/745 58/572/746
f 1178/573/747 1204/574/748 332/575/749 535/576/750
f 165/577/751 191/578/752 129/73/753
f 510/579/754 391/580/755 528/581/756
f 156/387/757 465/386/758 208/582/759
f 146/495/760 512/114/761 511/583/762
f 97/584/763 409/585/764 380/586/765
f 55/299/766 242/587/767 281/588/768
f 86/589/769 19/590/770 376/536/771
f 446/425/772 513/591/773 304/140/774
f 112/592/775 526/32/776 226/31/777
f 540/221/778 473/379/779 128/242/780
f 114/593/781 375/594/782 415/595/783
f 548/596/784 568/597/785 119/598/786
f 64/599/787 161/600/788 319/601/789
f 519/602/790 371/312/791 517/603/792
f 345/604/793 157/605/794 346/606/795
f 518/494/796 439/607/797 509/608/798
f 443/609/799 277/119/800 116/610/801
f 357/611/802 519/612/803 517/613/804
f 520/614/805 36/362/806 61/361/807
f 89/615/808 154/616/809 20/617/810
f 1233/618/811 576/619/812 304/620/813 521/621/814
f 121/179/815 253/622/816 503/546/817
f 522/623/818 511/583/819 523/624/820
f 146/495/821 511/583/822 522/623/823
f 525/625/824 345/626/825 10/79/826
f 237/627/827 280/628/828 139/629/829
f 316/199/830 506/259/831 33/630/832
f 495/258/833 33/630/834 506/259/835
f 215/631/836 339/632/837 103/477/838
f 329/633/839 302/634/840 328/635/841
f 393/70/842 493/339/843 181/94/844
f 27/544/845 168/636/846 165/577/847
f 153/637/848 111/638/849 125/639/850
f 250/640/851 420/525/852 440/641/853
f 200/642/854 417/330/855 87/329/856
f 205/293/857 151/643/858 92/644/859
f 248/645/860 244/646/861 333/647/862
f 333/647/863 447/648/864 248/645/865
f 270/649/866 509/650/867 324/651/868
f 484/652/869 383/653/870 159/457/871
f 159/457/872 160/654/873 484/652/874
f 326/655/875 267/656/876 276/657/877
f 66/658/878 283/161/879 52/52/880
f 14/93/881 232/92/882 134/230/883
f 270/659/884 211/660/885 267/661/886
f 250/662/887 18/181/888 249/183/889
f 362/201/890 83/212/891 308/663/892
f 209/236/893 308/663/894 83/212/895
f 134/664/896 440/665/897 13/666/898
f 133/170/899 367/289/900 368/171/901
f 4/10/902 516/667/903 5/668/904
f 97/669/905 380/670/906 315/671/907
f 1238/672/908 295/673/909 1237/674/910
f 35/675/911 124/676/912 123/677/913
f 1191/678/914 1223/679/915 69/680/916 320/681/917
f 386/682/918 510/683/919 4/10/920
f 142/81/921 212/80/922 85/195/923
f 376/684/924 148/685/925 222/184/926
f 501/686/927 267/397/928 326/687/929
f 486/443/930 140/688/931 372/552/932
f 452/689/933 318/690/934 478/691/935
f 345/626/936 194/283/937 370/282/938
f 523/624/939 511/583/940 231/692/941
f 510/683/942 95/19/943 21/693/944
f 470/694/945 15/695/946 424/696/947
f 67/697/948 238/698/949 296/699/950
f 248/700/951 447/701/952 485/702/953
f 231/692/954 294/703/955 196/704/956
f 149/705/957 21/693/958 130/706/959
f 195/707/960 233/708/961 496/709/962
f 113/710/963 343/711/964 19/590/965
f 467/133/966 440/120/967 98/121/968
f 71/116/969 527/360/970 448/712/971
f 76/713/972 67/714/973 104/274/974
f 486/443/975 9/715/976 140/688/977
f 236/496/978 146/495/979 522/623/980
f 473/379/981 499/716/982 128/242/983
f 360/146/984 199/68/985 390/72/986
f 29/717/987 30/718/988 63/719/989
f 448/712/990 231/692/991 71/116/992
f 95/471/993 256/720/994 403/721/995
f 1230/722/996 1216/723/997 9/724/998 498/725/999
f 158/726/1000 114/727/1001 148/728/1002
f 528/729/1003 266/730/1004 155/88/1005
f 511/583/1006 512/114/1007 71/116/1008
f 126/731/1009 189/15/1010 535/576/1011
f 160/654/1012 159/457/1013 430/456/1014
f 235/190/1015 264/233/1016 342/232/1017
f 86/589/1018 235/190/1019 342/232/1020
f 154/732/1021 67/733/1022 407/734/1023
f 174/278/1024 408/735/1025 103/477/1026
f 313/235/1027 305/142/1028 120/180/1029
f 120/180/1030 209/236/1031 313/235/1032
f 386/682/1033 42/736/1034 63/737/1035
f 17/738/1036 352/416/1037 290/103/1038
f 188/372/1039 258/248/1040 187/739/1041
f 319/246/1042 389/371/1043 273/740/1044
f 510/683/1045 386/682/1046 406/20/1047
f 259/741/1048 1264/742/1049 97/743/1050
f 309/744/1051 193/745/1052 163/746/1053
f 411/747/1054 166/748/1055 203/749/1056
f 354/132/1057 359/131/1058 3/446/1059
f 113/710/1060 86/589/1061 342/232/1062
f 241/247/1063 24/49/1064 81/750/1065
f 10/751/1066 205/752/1067 525/753/1068
f 471/754/1069 525/753/1070 205/752/1071
f 320/755/1072 44/9/1073 262/756/1074
f 105/470/1075 167/126/1076 137/65/1077
f 536/492/1078 186/48/1079 62/493/1080
f 319/155/1081 374/757/1082 520/758/1083
f 13/759/1084 469/760/1085 134/761/1086
f 293/762/1087 297/136/1088 379/763/1089
f 75/497/1090 236/496/1091 237/627/1092
f 291/211/1093 79/432/1094 248/433/1095
f 305/142/1096 313/235/1097 446/425/1098
f 46/764/1099 142/765/1100 290/766/1101
f 43/435/1102 353/26/1103 369/25/1104
f 369/25/1105 444/767/1106 43/435/1107
f 212/80/1108 46/82/1109 453/768/1110
f 308/663/1111 505/769/1112 362/201/1113
f 362/201/1114 505/769/1115 506/259/1116
f 518/770/1117 51/771/1118 278/772/1119
f 1250/773/1120 468/774/1121 1259/775/1122
f 381/776/1123 287/777/1124 108/778/1125
f 20/45/1126 489/44/1127 89/779/1128
f 532/276/1129 434/449/1130 162/448/1131
f 423/780/1132 346/781/1133 157/782/1134
f 442/783/1135 410/784/1136 437/785/1137
f 437/62/1138 410/547/1139 438/786/1140
f 207/38/1141 156/787/1142 208/39/1143
f 288/788/1144 445/789/1145 295/673/1146
f 492/790/1147 60/791/1148 472/792/1149
f 84/14/1150 325/13/1151 373/36/1152
f 492/793/1153 221/794/1154 150/795/1155
f 54/391/1156 175/796/1157 174/278/1158
f 250/797/1159 249/798/1160 420/799/1161
f 455/800/1162 229/548/1163 442/801/1164
f 314/802/1165 229/548/1166 455/800/1167
f 280/628/1168 147/803/1169 418/804/1170
f 388/253/1171 81/51/1172 358/254/1173
f 388/805/1174 187/806/1175 81/807/1176
f 1/808/1177 3/351/1178 132/350/1179
f 175/796/1180 372/552/1181 224/279/1182
f 224/279/1183 372/552/1184 140/688/1185
f 499/716/1186 122/809/1187 124/240/1188
f 108/22/1189 136/202/1190 164/175/1191
f 450/422/1192 111/424/1193 153/810/1194
f 431/811/1195 315/812/1196 432/124/1197
f 1325/813/1198 1384/814/1199 59/815/1200
f 218/285/1201 109/284/1202 356/816/1203
f 356/816/1204 217/817/1205 218/285/1206
f 117/818/1207 474/167/1208 190/71/1209
f 44/9/1210 45/8/1211 100/819/1212
f 33/630/1213 309/820/1214 163/821/1215
f 33/630/1216 163/821/1217 316/199/1218
f 598/822/1219 288/823/1220 597/824/1221
f 282/825/1222 496/826/1223 233/827/1224
f 184/828/1225 214/829/1226 48/380/1227
f 307/104/1228 321/210/1229 65/534/1230
f 444/767/1231 443/609/1232 422/434/1233
f 562/830/1234 560/831/1235 216/832/1236 538/833/1237
f 49/160/1238 23/159/1239 184/828/1240
f 474/167/1241 73/166/1242 360/146/1243
f 488/834/1244 244/835/1245 79/836/1246
f 266/837/1247 21/838/1248 208/839/1249
f 198/66/1250 243/298/1251 38/67/1252
f 260/840/1253 78/841/1254 14/842/1255
f 430/456/1256 522/623/1257 160/654/1258
f 377/843/1259 94/277/1260 451/415/1261
f 451/415/1262 94/277/1263 532/276/1264
f 309/844/1265 271/845/1266 310/846/1267
f 385/847/1268 206/848/1269 179/316/1270
f 491/50/1271 24/49/1272 43/435/1273
f 88/512/1274 126/731/1275 282/510/1276
f 223/849/1277 222/850/1278 311/851/1279
f 453/768/1280 364/852/1281 212/80/1282
f 212/80/1283 364/852/1284 392/137/1285
f 375/853/1286 158/535/1287 65/534/1288
f 207/854/1289 430/456/1290 156/855/1291
f 389/856/1292 427/857/1293 272/858/1294
f 297/136/1295 421/338/1296 392/137/1297
f 261/454/1298 423/780/1299 370/455/1300
f 480/859/1301 54/391/1302 172/390/1303
f 298/315/1304 23/860/1305 379/437/1306
f 327/450/1307 434/449/1308 354/132/1309
f 410/547/1310 173/280/1311 224/279/1312
f 242/587/1313 171/125/1314 483/542/1315
f 505/769/1316 308/663/1317 121/179/1318
f 275/861/1319 502/862/1320 355/863/1321
f 272/864/1322 427/865/1323 402/866/1324
f 402/867/1325 427/868/1326 172/869/1327
f 1224/870/1328 1226/871/1329 372/872/1330 53/873/1331
f 596/874/1332 1209/560/1333 414/562/1334
f 354/132/1335 532/276/1336 202/130/1337
f 310/875/1338 225/876/1339 424/877/1340
f 1220/878/1341 581/879/1342 332/880/1343
f 328/881/1344 73/882/1345 28/883/1346
f 482/260/1347 220/884/1348 366/522/1349
f 513/885/1350 445/886/1351 288/887/1352
f 129/73/1353 260/327/1354 165/577/1355
f 470/888/1356 432/889/1357 15/890/1358
f 207/891/1359 419/892/1360 418/893/1361
f 418/804/1362 147/803/1363 207/854/1364
f 476/218/1365 340/894/1366 317/219/1367
f 30/895/1368 29/896/1369 250/897/1370
f 565/898/1371 561/899/1372 246/900/1373 247/901/1374
f 134/230/1375 232/92/1376 440/120/1377
f 424/902/1378 204/903/1379 118/904/1380
f 324/905/1381 509/608/1382 515/906/1383
f 390/72/1384 78/264/1385 129/73/1386
f 406/20/1387 95/19/1388 510/683/1389
f 270/907/1390 18/908/1391 51/909/1392
f 51/910/1393 518/911/1394 509/912/1395
f 71/116/1396 72/115/1397 527/360/1398
f 400/543/1399 171/125/1400 496/709/1401
f 475/414/1402 323/356/1403 80/355/1404
f 402/502/1405 103/477/1406 339/632/1407
f 310/875/1408 193/913/1409 309/914/1410
f 191/578/1411 165/577/1412 168/636/1413
f 67/915/1414 76/916/1415 162/917/1416
f 266/918/1417 528/919/1418 391/920/1419
f 524/921/1420 90/922/1421 82/192/1422
f 57/191/1423 497/923/1424 82/192/1425
f 340/894/1426 476/218/1427 477/398/1428
f 301/924/1429 136/925/1430 341/926/1431
f 403/721/1432 149/927/1433 130/928/1434
f 311/929/1435 222/930/1436 507/931/1437
f 479/932/1438 228/252/1439 502/862/1440
f 502/862/1441 275/861/1442 479/932/1443
f 478/691/1444 318/690/1445 168/636/1446
f 306/141/1447 101/178/1448 305/142/1449
f 101/933/1450 120/934/1451 305/935/1452
f 153/936/1453 331/937/1454 20/617/1455
f 72/115/1456 472/792/1457 527/360/1458
f 591/938/1459 1230/939/1460 498/940/1461 486/941/1462
f 515/906/1463 439/607/1464 111/424/1465
f 271/942/1466 135/943/1467 534/944/1468
f 277/119/1469 176/369/1470 133/170/1471
f 133/170/1472 2/169/1473 277/119/1474
f 442/801/1475 229/548/1476 410/547/1477
f 407/288/1478 182/55/1479 257/57/1480
f 153/945/1481 125/946/1482 331/947/1483
f 228/252/1484 368/171/1485 502/862/1486
f 2/169/1487 368/171/1488 228/252/1489
f 73/166/1490 74/154/1491 127/153/1492
f 350/948/1493 154/949/1494 89/950/1495
f 39/117/1496 277/119/1497 443/609/1498
f 435/1/1499 22/3/1500 500/112/1501
f 13/164/1502 276/951/1503 534/952/1504
f 182/953/1505 407/954/1506 67/714/1507
f 85/195/1508 460/955/1509 142/81/1510
f 339/632/1511 64/530/1512 402/502/1513
f 75/497/1514 230/956/1515 150/957/1516
f 517/958/1517 371/959/1518 364/852/1519
f 265/507/1520 96/223/1521 361/508/1522
f 76/960/1523 475/961/1524 106/962/1525
f 480/859/1526 479/932/1527 275/861/1528
f 128/242/1529 215/631/1530 540/221/1531
f 489/963/1532 96/223/1533 350/566/1534
f 158/726/1535 375/964/1536 114/727/1537
f 257/57/1538 118/75/1539 203/965/1540
f 469/231/1541 135/943/1542 219/459/1543
f 257/57/1544 203/965/1545 166/287/1546
f 508/16/1547 343/711/1548 299/966/1549
f 165/577/1550 260/327/1551 26/545/1552
f 513/591/1553 446/425/1554 445/789/1555
f 521/967/1556 513/968/1557 288/788/1558
f 413/969/1559 284/970/1560 37/971/1561
f 38/67/1562 300/972/1563 299/966/1564
f 177/973/1565 101/178/1566 414/974/1567
f 242/587/1568 243/298/1569 198/66/1570
f 219/975/1571 366/976/1572 429/977/1573
f 433/978/1574 280/628/1575 419/979/1576
f 418/804/1577 419/979/1578 280/628/1579
f 584/404/1580 179/316/1581 1184/980/1582
f 1188/981/1583 1177/982/1584 240/983/1585
f 289/224/1586 287/501/1587 381/222/1588
f 477/398/1589 334/984/1590 335/985/1591
f 477/398/1592 335/985/1593 344/176/1594
f 240/983/1595 90/922/1596 524/921/1597
f 453/986/1598 47/987/1599 533/988/1600
f 547/989/1601 167/126/1602 571/469/1603
f 585/990/1604 1228/991/1605 452/992/1606 177/993/1607
f 155/88/1608 415/994/1609 218/86/1610
f 481/995/1611 503/546/1612 220/884/1613
f 263/325/1614 25/324/1615 194/283/1616
f 25/324/1617 178/281/1618 194/283/1619
f 417/330/1620 443/996/1621 444/767/1622
f 504/997/1623 428/998/1624 239/466/1625
f 1299/144/1626 1296/999/1627 6/145/1628
f 349/77/1629 494/1000/1630 245/78/1631
f 249/1001/1632 501/686/1633 420/1002/1634
f 62/1003/1635 111/1004/1636 439/1005/1637
f 62/493/1638 125/413/1639 111/424/1640
f 513/1006/1641 521/621/1642 304/620/1643
f 89/1007/1644 489/1008/1645 350/1009/1646
f 2/169/1647 491/50/1648 116/610/1649
f 116/610/1650 491/50/1651 422/434/1652
f 410/547/1653 268/1010/1654 438/786/1655
f 93/1011/1656 268/484/1657 410/1012/1658
f 341/205/1659 91/389/1660 301/418/1661
f 233/708/1662 549/1013/1663 538/511/1664 282/510/1665
f 96/223/1666 456/24/1667 361/508/1668
f 478/691/1669 168/636/1670 27/544/1671
f 202/130/1672 251/1014/1673 70/149/1674
f 153/1015/1675 154/1016/1676 450/1017/1677
f 121/179/1678 481/995/1679 505/769/1680
f 297/136/1681 213/61/1682 421/338/1683
f 515/906/1684 111/424/1685 180/423/1686
f 167/126/1687 547/989/1688 233/708/1689 195/707/1690
f 465/1018/1691 155/88/1692 266/1019/1693
f 51/1020/1694 509/1021/1695 270/182/1696
f 75/497/1697 221/1022/1698 512/114/1699
f 512/114/1700 221/1022/1701 72/115/1702
f 272/864/1703 64/157/1704 273/156/1705
f 289/224/1706 96/223/1707 489/963/1708
f 71/116/1709 231/692/1710 511/583/1711
f 236/496/1712 280/628/1713 237/627/1714
f 308/663/1715 209/236/1716 120/180/1717
f 1326/403/1718 1315/63/1719 197/35/1720
f 282/510/1721 400/543/1722 496/709/1723
f 33/630/1724 495/258/1725 309/820/1726
f 134/1023/1727 260/1024/1728 14/842/1729
f 163/821/1730 454/1025/1731 283/1026/1732
f 283/1026/1733 461/200/1734 163/821/1735
f 500/112/1736 99/113/1737 263/325/1738
f 332/575/1739 282/510/1740 126/731/1741
f 200/1027/1742 199/1028/1743 127/1029/1744
f 170/500/1745 365/204/1746 287/501/1747
f 169/1030/1748 336/1031/1749 337/12/1750
f 91/389/1751 186/48/1752 347/384/1753
f 186/48/1754 77/47/1755 347/384/1756
f 394/1032/1757 467/1033/1758 384/1034/1759
f 384/1034/1760 467/1033/1761 32/1035/1762
f 137/65/1763 167/126/1764 198/66/1765
f 224/279/1766 93/1036/1767 410/547/1768
f 350/566/1769 265/507/1770 323/356/1771
f 436/1037/1772 325/13/1773 252/563/1774
f 430/456/1775 382/458/1776 156/855/1777
f 215/1038/1778 408/1039/1779 314/1040/1780
f 255/353/1781 431/811/1782 470/1041/1783
f 431/811/1784 432/124/1785 470/1041/1786
f 1308/1042/1787 1305/1043/1788 47/102/1789 6/145/1790
f 404/1044/1791 375/853/1792 65/534/1793
f 227/1045/1794 112/592/1795 226/31/1796
f 200/1046/1797 39/1047/1798 417/488/1799
f 417/488/1800 39/1047/1801 443/1048/1802
f 47/1049/1803 34/1050/1804 8/1051/1805
f 407/288/1806 450/422/1807 154/1052/1808
f 389/371/1809 188/372/1810 388/253/1811
f 274/346/1812 389/371/1813 388/253/1814
f 361/508/1815 58/1053/1816 397/506/1817
f 1298/1054/1818 1334/1055/1819 504/1056/1820
f 1180/269/1821 577/1057/1822 206/848/1823 107/270/1824
f 1199/1058/1825 288/1059/1826 598/1060/1827
f 61/361/1828 241/247/1829 319/246/1830
f 520/1061/1831 61/361/1832 319/246/1833
f 37/1062/1834 454/1063/1835 413/1064/1836
f 283/1065/1837 454/1066/1838 37/1067/1839
f 254/177/1840 335/985/1841 334/984/1842
f 83/212/1843 66/658/1844 152/54/1845
f 131/110/1846 460/217/1847 387/193/1848
f 91/1068/1849 365/1069/1850 170/1070/1851
f 170/1071/1852 426/1072/1853 91/1073/1854
f 422/1074/1855 43/1075/1856 444/1076/1857
f 1219/1077/1858 372/1078/1859 1226/1079/1860
f 74/154/1861 328/370/1862 176/369/1863
f 73/166/1864 328/370/1865 74/154/1866
f 338/1080/1867 337/12/1868 529/11/1869
f 578/1081/1870 590/1082/1871 377/1083/1872
f 474/1084/1873 531/1085/1874 28/1086/1875
f 8/1087/1876 357/1088/1877 533/1089/1878
f 581/1090/1879 1208/1091/1880 400/543/1881 332/575/1882
f 5/1092/1883 516/1093/1884 217/817/1885
f 217/1094/1886 77/1095/1887 5/1096/1888
f 327/450/1889 354/132/1890 459/445/1891
f 1/1097/1892 327/450/1893 459/445/1894
f 328/635/1895 28/1086/1896 329/633/1897
f 1314/465/1898 1312/1098/1899 239/466/1900
f 452/992/1901 449/1099/1902 318/1100/1903
f 449/1099/1904 452/992/1905 537/1101/1906
f 302/1102/1907 355/863/1908 367/289/1909
f 140/688/1910 9/715/1911 268/1010/1912
f 254/177/1913 58/1053/1914 456/24/1915
f 532/276/1916 354/132/1917 434/449/1918
f 426/388/1919 170/500/1920 62/493/1921
f 4/1103/1922 5/1104/1923 529/1105/1924
f 487/1106/1925 405/21/1926 406/20/1927
f 386/682/1928 487/1106/1929 406/20/1930
f 137/65/1931 343/711/1932 342/232/1933
f 342/232/1934 343/711/1935 113/710/1936
f 216/1107/1937 436/1108/1938 538/1109/1939
f 1324/1110/1940 1386/1111/1941 34/1112/1942
f 68/111/1943 69/1113/1944 234/109/1945
f 257/57/1946 183/56/1947 118/75/1948
f 411/1114/1949 203/1115/1950 204/302/1951
f 104/274/1952 154/616/1953 350/1116/1954
f 335/985/1955 254/177/1956 344/176/1957
f 62/493/1958 186/48/1959 426/388/1960
f 217/817/1961 528/1117/1962 155/1118/1963
f 205/293/1964 246/292/1965 151/643/1966
f 344/176/1967 363/203/1968 340/894/1969
f 535/576/1970 332/575/1971 126/731/1972
f 398/1119/1973 494/1120/1974 349/1121/1975
f 271/1122/1976 309/1123/1977 135/1124/1978
f 541/1125/1979 311/1126/1980 543/1127/1981
f 383/1128/1982 566/1129/1983 311/1130/1984
f 193/1131/1985 454/1132/1986 163/1133/1987
f 281/588/1988 242/587/1989 483/542/1990
f 1329/1134/1991 240/983/1992 1310/1135/1993
f 594/1136/1994 334/1137/1995 1212/1138/1996
f 106/1139/1997 451/415/1998 532/276/1999
f 532/276/2000 162/448/2001 106/1139/2002
f 530/213/2003 145/215/2004 347/384/2005
f 515/906/2006 180/423/2007 324/905/2008
f 600/1140/2009 1190/1141/2010 94/1142/2011
f 361/508/2012 456/24/2013 58/1053/2014
f 211/1143/2015 411/1144/2016 210/1145/2017
f 496/709/2018 171/125/2019 195/707/2020
f 121/179/2021 503/546/2022 481/995/2023
f 200/69/2024 40/118/2025 39/117/2026
f 200/69/2027 127/153/2028 40/118/2029
f 279/1146/2030 526/32/2031 112/592/2032
f 112/1147/2033 227/1148/2034 487/1149/2035
f 392/1150/2036 421/1151/2037 212/1152/2038
f 322/363/2039 24/49/2040 241/247/2041
f 385/847/2042 7/17/2043 508/16/2044
f 35/1153/2045 36/1154/2046 520/1155/2047
f 433/1156/2048 419/1157/2049 457/1158/2050
f 245/294/2051 247/1159/2052 246/292/2053
f 477/398/2054 344/176/2055 340/894/2056
f 556/1160/2057 555/1161/2058 247/1162/2059 399/1163/2060
f 518/494/2061 62/493/2062 439/607/2063
f 536/492/2064 518/494/2065 278/1164/2066
f 536/1165/2067 278/1166/2068 169/1167/2069
f 135/1168/2070 469/1169/2071 534/1170/2072
f 1182/1171/2073 400/1172/2074 1208/1173/2075
f 475/1174/2076 76/1175/2077 323/1176/2078
f 76/1175/2079 378/1177/2080 323/1176/2081
f 300/972/2082 107/270/2083 206/848/2084
f 82/192/2085 497/923/2086 524/921/2087
f 171/125/2088 242/587/2089 198/66/2090
f 558/1178/2091 201/1179/2092 542/1180/2093
f 88/512/2094 252/563/2095 126/731/2096
f 189/15/2097 126/731/2098 252/563/2099
f 88/512/2100 538/511/2101 436/1037/2102
f 436/1037/2103 252/563/2104 88/512/2105
f 373/36/2106 325/13/2107 398/271/2108
f 1248/1181/2109 466/1182/2110 1246/1183/2111
f 152/54/2112 66/658/2113 52/52/2114
f 163/821/2115 461/200/2116 316/199/2117
f 394/267/2118 279/1146/2119 31/265/2120
f 83/212/2121 291/211/2122 292/234/2123
f 83/212/2124 292/234/2125 209/236/2126
f 63/1184/2127 30/266/2128 31/265/2129
f 458/1185/2130 490/1186/2131 457/343/2132
f 490/1187/2133 123/4/2134 457/328/2135
f 457/328/2136 123/4/2137 122/1188/2138
f 99/113/2139 22/3/2140 519/2/2141
f 99/113/2142 519/2/2143 269/1189/2144
f 155/1190/2145 465/1191/2146 415/1192/2147
f 208/1193/2148 465/1018/2149 266/1194/2150
f 159/457/2151 507/498/2152 382/458/2153
f 382/1195/2154 507/1196/2155 464/1197/2156
f 8/295/2157 533/1198/2158 47/1199/2159
f 31/265/2160 487/1200/2161 63/1201/2162
f 487/1106/2163 351/1202/2164 405/21/2165
f 227/1203/2166 351/1204/2167 487/1205/2168
f 81/51/2169 491/50/2170 358/254/2171
f 36/1206/2172 226/1207/2173 322/33/2174
f 208/39/2175 149/927/2176 419/37/2177
f 463/354/2178 451/415/2179 80/355/2180
f 451/415/2181 463/354/2182 377/843/2183
f 315/1208/2184 132/1209/2185 97/1210/2186
f 193/1211/2187 514/42/2188 413/41/2189
f 353/26/2190 43/435/2191 24/49/2192
f 322/363/2193 353/26/2194 24/49/2195
f 526/1212/2196 353/1213/2197 322/1214/2198
f 458/1215/2199 419/979/2200 149/1216/2201
f 433/1217/2202 401/1218/2203 230/1219/2204
f 315/812/2205 431/811/2206 416/1220/2207
f 87/329/2208 393/70/2209 200/69/2210
f 42/736/2211 18/181/2212 29/717/2213
f 29/1221/2214 18/1222/2215 250/797/2216
f 529/1223/2217 5/1224/2218 77/1225/2219
f 447/1226/2220 445/789/2221 446/425/2222
f 485/1227/2223 447/1226/2224 446/425/2225
f 310/1228/2226 276/1229/2227 11/1230/2228
f 310/1231/2229 271/1232/2230 276/1233/2231
f 125/1234/2232 62/1235/2233 170/1236/2234
f 416/1220/2235 431/811/2236 255/353/2237
f 67/1237/2238 296/317/2239 182/1238/2240
f 499/716/2241 124/240/2242 128/242/2243
f 152/54/2244 468/53/2245 79/432/2246
f 83/212/2247 461/200/2248 66/658/2249
f 1239/1239/2250 295/673/2251 1242/1240/2252
f 467/133/2253 30/718/2254 440/120/2255
f 250/640/2256 440/641/2257 30/1241/2258
f 1195/1242/2259 1218/1243/2260 58/1053/2261 254/177/2262
f 396/1244/2263 395/1245/2264 10/1246/2265
f 346/1247/2266 396/1248/2267 10/1249/2268
f 346/781/2269 10/79/2270 345/626/2271
f 508/1250/2272 412/1251/2273 307/1252/2274
f 228/252/2275 479/932/2276 274/346/2277
f 554/1253/2278 573/1254/2279 216/832/2280
f 554/1253/2281 216/832/2282 560/831/2283
f 15/1255/2284 462/1256/2285 514/1257/2286
f 154/1258/2287 153/810/2288 20/509/2289
f 144/411/2290 91/389/2291 145/215/2292
f 301/418/2293 91/389/2294 144/411/2295
f 540/221/2296 49/160/2297 473/379/2298
f 149/1259/2299 403/1260/2300 490/1261/2301
f 430/456/2302 147/803/2303 280/628/2304
f 236/496/2305 430/456/2306 280/628/2307
f 129/73/2308 191/578/2309 190/71/2310
f 30/1262/2311 467/1033/2312 394/1032/2313
f 113/710/2314 19/590/2315 86/589/2316
f 387/193/2317 85/195/2318 312/307/2319
f 260/327/2320 129/73/2321 78/264/2322
f 503/546/2323 26/545/2324 220/884/2325
f 139/629/2326 280/628/2327 433/978/2328
f 139/629/2329 433/978/2330 230/956/2331
f 401/1263/2332 214/1264/2333 230/1265/2334
f 230/1266/2335 23/1267/2336 150/1268/2337
f 150/1268/2338 23/1267/2339 60/314/2340
f 459/1269/2341 3/1270/2342 1/1271/2343
f 439/607/2344 515/906/2345 509/608/2346
f 186/48/2347 536/492/2348 529/46/2349
f 536/1165/2350 338/1272/2351 529/1273/2352
f 226/1274/2353 256/1275/2354 227/1276/2355
f 60/791/2356 435/1/2357 472/792/2358
f 519/2/2359 435/1/2360 60/791/2361
f 262/756/2362 44/9/2363 9/715/2364
f 56/1277/2365 357/1278/2366 50/1279/2367
f 1321/1280/2368 1304/1281/2369 25/324/2370 50/1282/2371
f 50/1282/2372 25/324/2373 56/326/2374
f 17/738/2375 290/103/2376 142/81/2377
f 17/738/2378 142/81/2379 16/216/2380
f 50/296/2381 8/295/2382 34/1283/2383
f 196/704/2384 523/624/2385 231/692/2386
f 130/1284/2387 95/1285/2388 403/1286/2389
f 1203/1287/2390 587/1288/2391 58/1289/2392
f 255/353/2393 183/56/2394 182/55/2395
f 182/1290/2396 296/1291/2397 255/1292/2398
f 272/1293/2399 273/740/2400 389/371/2401
f 357/1294/2402 269/1295/2403 519/1296/2404
f 131/110/2405 59/815/2406 16/216/2407
f 16/1297/2408 59/1298/2409 17/1299/2410
f 1316/1300/2411 1327/1301/2412 497/923/2413
f 535/576/2414 189/15/2415 90/922/2416
f 118/75/2417 255/353/2418 470/1041/2419
f 501/1302/2420 249/798/2421 267/1303/2422
f 555/1304/2423 565/1305/2424 247/1306/2425
f 97/1307/2426 132/1308/2427 115/1309/2428
f 270/1310/2429 324/1311/2430 211/1312/2431
f 365/1313/2432 91/1314/2433 341/1315/2434
f 516/1093/2435 528/1316/2436 217/817/2437
f 404/1044/2438 109/300/2439 375/853/2440
f 9/1317/2441 486/1318/2442 498/1319/2443
f 23/1320/2444 110/1321/2445 379/1322/2446
f 68/111/2447 387/193/2448 425/7/2449
f 120/180/2450 121/179/2451 308/663/2452
f 375/1323/2453 218/1324/2454 415/1192/2455
f 1254/1325/2456 1257/1326/2457 285/129/2458 286/128/2459
f 63/1327/2460 487/1328/2461 386/1329/2462
f 343/711/2463 38/67/2464 299/966/2465
f 124/1330/2466 35/1331/2467 374/1332/2468
f 374/757/2469 35/1333/2470 520/758/2471
f 265/1334/2472 463/1335/2473 323/1336/2474
f 110/1337/2475 455/1338/2476 293/1339/2477
f 293/1340/2478 455/1341/2479 442/1342/2480
f 293/1343/2481 379/1344/2482 110/1345/2483
f 168/636/2484 117/1346/2485 191/578/2486
f 117/1346/2487 168/636/2488 449/1347/2489
f 336/1348/2490 278/1349/2491 51/1350/2492
f 169/1351/2493 278/1349/2494 336/1348/2495
f 464/1352/2496 507/1353/2497 148/1354/2498
f 517/603/2499 364/1355/2500 453/1356/2501
f 453/768/2502 533/1357/2503 517/958/2504
f 21/693/2505 149/1216/2506 208/582/2507
f 465/1358/2508 114/1359/2509 415/1360/2510
f 148/1354/2511 114/1359/2512 465/1358/2513
f 483/542/2514 171/125/2515 400/543/2516
f 376/536/2517 158/535/2518 148/1361/2519
f 411/1362/2520 180/423/2521 166/287/2522
f 63/737/2523 42/736/2524 29/717/2525
f 500/112/2526 263/325/2527 471/1363/2528
f 3/1364/2529 359/131/2530 466/367/2531
f 350/566/2532 96/223/2533 265/507/2534
f 1202/1365/2535 1220/1366/2536 332/1367/2537
f 100/819/2538 192/1368/2539 9/715/2540
f 9/715/2541 44/9/2542 100/819/2543
f 95/1369/2544 130/1370/2545 21/1371/2546
f 42/736/2547 336/1031/2548 18/181/2549
f 152/54/2550 79/432/2551 291/211/2552
f 323/356/2553 378/564/2554 350/566/2555
f 292/234/2556 291/211/2557 485/1227/2558
f 1305/1372/2559 1322/1373/2560 34/1374/2561 47/1375/2562
f 276/1376/2563 267/1377/2564 211/1378/2565
f 349/77/2566 10/79/2567 428/998/2568
f 438/1379/2569 192/1380/2570 100/1381/2571
f 438/1379/2572 268/484/2573 192/1380/2574
f 99/113/2575 56/326/2576 263/325/2577
f 2/169/2578 116/610/2579 277/119/2580
f 162/448/2581 76/1382/2582 106/1139/2583
f 306/141/2584 414/974/2585 101/178/2586
f 143/417/2587 144/411/2588 138/105/2589
f 1187/1383/2590 575/556/2591 355/555/2592
f 103/1384/2593 408/1039/2594 215/1038/2595
f 519/1385/2596 60/1386/2597 371/1387/2598
f 370/455/2599 423/780/2600 157/782/2601
f 1241/1388/2602 1262/1389/2603 333/647/2604 244/646/2605
f 551/1390/2606 567/1391/2607 201/1179/2608 185/1392/2609
f 118/75/2610 470/1041/2611 424/1393/2612
f 531/1085/2613 474/1084/2614 117/1394/2615
f 449/1395/2616 531/1085/2617 117/1394/2618
f 294/1396/2619 231/1397/2620 151/1398/2621
f 231/692/2622 448/712/2623 151/643/2624
f 294/1399/2625 151/1400/2626 119/381/2627
f 446/425/2628 313/235/2629 292/234/2630
f 363/1401/2631 136/925/2632 301/1402/2633
f 92/644/2634 151/643/2635 448/712/2636
f 424/1403/2637 15/1404/2638 514/1405/2639
f 193/340/2640 424/1403/2641 514/1405/2642
f 358/254/2643 491/50/2644 2/169/2645
f 299/966/2646 385/847/2647 508/16/2648
f 243/298/2649 300/972/2650 38/67/2651
f 172/390/2652 174/278/2653 330/478/2654
f 345/1406/2655 370/1407/2656 157/1408/2657
f 534/1409/2658 276/1410/2659 271/1411/2660
f 181/94/2661 98/121/2662 232/92/2663
f 243/298/2664 242/587/2665 55/299/2666
f 156/1412/2667 382/1413/2668 464/1414/2669
f 411/1415/2670 211/1416/2671 324/1417/2672
f 580/1418/2673 1197/1419/2674 480/1420/2675
f 480/859/2676 172/390/2677 479/932/2678
f 479/932/2679 172/390/2680 274/346/2681
f 46/82/2682 47/102/2683 453/768/2684
f 363/203/2685 317/219/2686 340/894/2687
f 287/1421/2688 289/1422/2689 125/1423/2690
f 373/36/2691 349/1424/2692 504/34/2693
f 373/36/2694 398/271/2695 349/1424/2696
f 428/1425/2697 504/1426/2698 349/1427/2699
f 461/200/2700 283/1026/2701 66/658/2702
f 411/1362/2703 324/905/2704 180/423/2705
f 412/18/2706 317/219/2707 143/417/2708
f 82/192/2709 90/922/2710 189/15/2711
f 337/12/2712 386/682/2713 4/10/2714
f 282/510/2715 332/575/2716 400/543/2717
f 360/146/2718 190/71/2719 474/167/2720
f 552/1428/2721 546/1429/2722 294/703/2723
f 27/544/2724 165/577/2725 26/545/2726
f 442/1430/2727 437/785/2728 293/1431/2729
f 510/683/2730 528/919/2731 516/667/2732
f 534/1432/2733 469/231/2734 13/1433/2735
f 26/545/2736 260/327/2737 220/884/2738
f 93/1036/2739 140/688/2740 268/1010/2741
f 451/415/2742 106/1139/2743 475/414/2744
f 530/1434/2745 77/1095/2746 217/1094/2747
f 101/178/2748 253/622/2749 121/179/2750
f 177/973/2751 253/622/2752 101/178/2753
f 2/169/2754 228/252/2755 358/254/2756
f 215/631/2757 539/1435/2758 339/632/2759
f 215/631/2760 128/242/2761 539/1435/2762
f 345/1436/2763 525/1437/2764 471/1438/2765
f 194/283/2766 345/626/2767 471/1363/2768
f 174/278/2769 175/796/2770 224/279/2771
f 562/1439/2772 538/511/2773 549/1013/2774
f 4/10/2775 510/683/2776 516/667/2777
f 54/391/2778 372/552/2779 175/796/2780
f 488/101/2781 79/432/2782 468/53/2783
f 327/1440/2784 1/1441/2785 296/1442/2786
f 213/61/2787 297/136/2788 293/762/2789
f 213/61/2790 293/762/2791 437/62/2792
f 493/339/2793 87/329/2794 98/121/2795
f 412/18/2796 7/17/2797 317/219/2798
f 73/166/2799 127/153/2800 360/146/2801
f 563/1443/2802 553/1444/2803 141/1445/2804
f 395/1446/2805 239/466/2806 428/998/2807
f 428/1447/2808 10/1448/2809 395/1449/2810
f 495/258/2811 366/522/2812 219/459/2813
f 471/1363/2814 205/293/2815 500/112/2816
f 500/1450/2817 205/1451/2818 92/1452/2819
f 537/1101/2820 531/1085/2821 449/1099/2822
f 238/1453/2823 67/1454/2824 162/1455/2825
f 527/360/2826 500/112/2827 92/644/2828
f 11/303/2829 204/302/2830 225/876/2831
f 336/1031/2832 51/1020/2833 18/181/2834
f 394/267/2835 526/1456/2836 279/1146/2837
f 394/220/2838 353/26/2839 526/1457/2840
f 536/1458/2841 169/1030/2842 338/1080/2843
f 539/1459/2844 374/241/2845 161/1460/2846
f 236/496/2847 522/623/2848 430/456/2849
f 161/1460/2850 374/241/2851 319/246/2852
f 69/1113/2853 68/111/2854 320/755/2855
f 480/859/2856 53/553/2857 54/391/2858
f 539/1459/2859 64/530/2860 339/632/2861
f 363/203/2862 143/417/2863 317/219/2864
f 363/1461/2865 301/1462/2866 143/1463/2867
f 1199/1058/2868 1210/1464/2869 521/1465/2870 288/1059/2871
f 1233/1466/2872 521/1465/2873 1210/1464/2874
f 195/707/2875 171/125/2876 167/126/2877
f 255/1467/2878 296/1468/2879 416/1469/2880
f 296/1442/2881 1/1470/2882 416/1471/2883
f 425/7/2884 320/755/2885 68/111/2886
f 492/790/2887 472/792/2888 72/115/2889
f 221/1022/2890 492/790/2891 72/115/2892
f 12/209/2893 138/105/2894 145/215/2895
f 75/497/2896 150/957/2897 221/1022/2898
f 527/360/2899 472/792/2900 435/1/2901
f 437/62/2902 438/786/2903 100/819/2904
f 45/8/2905 437/62/2906 100/819/2907
f 357/1472/2908 99/1473/2909 269/1474/2910
f 56/1475/2911 99/1473/2912 357/1472/2913
f 416/1476/2914 1/1477/2915 132/1478/2916
f 84/14/2917 373/36/2918 197/35/2919
f 205/293/2920 10/79/2921 245/294/2922
f 117/1479/2923 190/1480/2924 191/1481/2925
f 169/1482/2926 337/1483/2927 338/1484/2928
f 499/716/2929 473/379/2930 48/380/2931
f 312/1485/2932 421/338/2933 213/61/2934
f 85/195/2935 421/338/2936 312/1485/2937
f 41/1486/2938 176/369/2939 277/119/2940
f 277/119/2941 40/118/2942 41/1486/2943
f 389/371/2944 274/346/2945 427/463/2946
f 355/863/2947 502/862/2948 367/289/2949
f 75/497/2950 139/629/2951 230/956/2952
f 75/497/2953 237/627/2954 139/629/2955
f 482/260/2956 506/259/2957 481/995/2958
f 506/259/2959 505/769/2960 481/995/2961
f 116/610/2962 422/434/2963 443/609/2964
f 247/1487/2965 494/1488/2966 399/1489/2967
f 247/1490/2968 245/1491/2969 494/1492/2970
f 287/1493/2971 365/1494/2972 108/1495/2973
f 485/1227/2974 291/211/2975 248/433/2976
f 302/634/2977 303/1496/2978 328/635/2979
f 133/170/2980 176/369/2981 303/1497/2982
f 446/425/2983 292/234/2984 485/1227/2985
f 256/720/2986 95/471/2987 351/473/2988
f 256/1275/2989 351/1498/2990 227/1276/2991
f 407/288/2992 180/423/2993 450/422/2994
f 321/210/2995 404/1044/2996 65/534/2997
f 1306/1499/2998 1300/1500/2999 261/1501/3000
f 204/302/3001 424/877/3002 225/876/3003
f 539/1459/3004 128/242/3005 374/241/3006
f 285/1502/3007 348/1503/3008 37/1504/3009
f 285/129/3010 37/1505/3011 284/127/3012
f 403/721/3013 256/720/3014 123/1506/3015
f 36/1507/3016 123/1508/3017 256/1509/3018
f 122/1510/3019 499/1511/3020 401/1512/3021
f 48/380/3022 49/160/3023 184/828/3024
f 523/624/3025 484/652/3026 160/654/3027
f 523/624/3028 141/1513/3029 484/652/3030
f 523/624/3031 196/704/3032 141/1514/3033
f 333/173/3034 445/172/3035 447/1515/3036
f 44/9/3037 320/755/3038 425/7/3039
f 220/884/3040 482/260/3041 481/995/3042
f 576/619/3043 1185/1516/3044 306/1517/3045 304/620/3046
f 215/631/3047 314/802/3048 540/221/3049
f 540/221/3050 314/802/3051 455/800/3052
f 455/1341/3053 110/1518/3054 540/1519/3055
f 325/1520/3056 436/1521/3057 185/1522/3058
f 75/497/3059 512/114/3060 146/495/3061
f 199/68/3062 360/146/3063 127/153/3064
f 222/850/3065 148/1523/3066 507/1524/3067
f 65/534/3068 376/536/3069 19/590/3070
f 27/544/3071 503/546/3072 253/622/3073
f 478/691/3074 27/544/3075 253/622/3076
f 173/280/3077 229/548/3078 314/802/3079
f 490/1261/3080 458/1215/3081 149/1259/3082
f 539/1459/3083 161/1460/3084 64/530/3085
f 98/121/3086 181/94/3087 493/339/3088
f 137/65/3089 264/233/3090 569/1525/3091 105/470/3092
f 326/163/3093 276/951/3094 13/164/3095
f 356/816/3096 530/1526/3097 217/817/3098
f 522/623/3099 523/624/3100 160/654/3101
f 61/361/3102 322/363/3103 241/247/3104
f 135/1527/3105 309/1528/3106 495/1529/3107
f 258/248/3108 241/247/3109 81/750/3110
f 81/750/3111 187/739/3112 258/248/3113
f 510/683/3114 21/693/3115 391/920/3116
f 391/920/3117 21/693/3118 266/918/3119
f 441/331/3120 417/330/3121 384/27/3122
f 1176/1530/3123 574/1531/3124 262/1532/3125
f 57/191/3126 189/15/3127 84/14/3128
f 102/23/3129 164/175/3130 254/177/3131
f 102/23/3132 254/177/3133 456/24/3134
f 260/327/3135 429/229/3136 366/522/3137
f 366/522/3138 220/884/3139 260/327/3140
f 19/1533/3141 343/1534/3142 508/1535/3143
f 508/1535/3144 307/1536/3145 19/1533/3146
f 19/1537/3147 307/1538/3148 65/1539/3149
f 456/24/3150 381/222/3151 108/22/3152
f 7/17/3153 385/847/3154 179/316/3155
f 388/1540/3156 188/1541/3157 187/1542/3158
f 404/1044/3159 12/209/3160 109/300/3161
f 321/210/3162 12/209/3163 404/1044/3164
f 93/1036/3165 224/279/3166 140/688/3167
f 235/190/3168 86/589/3169 376/188/3170
f 1200/531/3171 281/533/3172 592/1543/3173
f 449/1347/3174 168/636/3175 318/690/3176
f 337/12/3177 42/736/3178 386/682/3179
f 336/1031/3180 42/736/3181 337/12/3182
f 150/957/3183 60/1544/3184 492/790/3185
f 1376/1545/3186 409/1546/3187 1244/1547/3188
f 1384/1548/3189 1335/1549/3190 59/1550/3191
f 219/459/3192 135/943/3193 495/258/3194
f 368/171/3195 367/289/3196 502/862/3197
f 299/966/3198 206/848/3199 385/847/3200
f 300/1551/3201 206/1552/3202 299/1553/3203
f 307/104/3204 138/105/3205 321/210/3206
f 177/973/3207 452/689/3208 253/622/3209
f 478/1554/3210 253/1555/3211 452/1556/3212
f 154/616/3213 104/1557/3214 67/714/3215
f 74/154/3216 41/1486/3217 40/118/3218
f 176/369/3219 41/1486/3220 74/154/3221
f 216/1558/3222 573/1559/3223 572/1560/3224 436/1037/3225
f 141/1561/3226 559/1562/3227 570/1563/3228 484/652/3229
f 119/1564/3230 568/1565/3231 557/1566/3232
f 484/1567/3233 570/1568/3234 383/1569/3235
f 141/1561/3236 553/1570/3237 559/1562/3238
f 294/703/3239 119/1564/3240 557/1566/3241 552/1428/3242
f 185/410/3243 436/1037/3244 572/1560/3245 551/1571/3246
f 196/704/3247 550/1572/3248 563/1573/3249 141/1574/3250
f 119/1575/3251 246/900/3252 561/1576/3253 548/1577/3254
f 196/1578/3255 294/1579/3256 546/1580/3257 550/1581/3258
f 223/1582/3259 545/1583/3260 564/1584/3261
f 105/470/3262 569/1525/3263 544/468/3264
f 311/1585/3265 566/1586/3266 543/1587/3267
f 201/1179/3268 567/1391/3269 542/1180/3270
f 311/1588/3271 541/1589/3272 545/1590/3273 223/1591/3274
f 547/1592/3275 571/1593/3275 544/1594/3275 569/1595/3275 264/1596/3275 235/1597/3275 564/1598/3275 545/1599/3275 541/1600/3275 543/1601/3275 566/1602/3275 383/1603/3275 570/1604/3275 559/1605/3275 553/1606/3275 563/1607/3275 550/1608/3275 546/1609/3275 552/1610/3275 557/1611/3275 568/1612/3275 548/1613/3275 561/1614/3275 565/1615/3275 555/1616/3275 556/1617/3275 558/1618/3275 542/1619/3275 567/1620/3275 551/1621/3275 572/1622/3275 573/1623/3275 554/1624/3275 560/1625/3275 562/1626/3275 549/1627/3275 233/1628/3275
f 179/316/3276 1236/405/3277 1232/1629/3278 477/398/3279
f 94/1630/3280 377/1631/3281 590/1632/3282 600/1633/3283
f 537/1101/3284 1225/1634/3285 1235/1635/3286 531/1085/3287
f 452/992/3288 1228/991/3289 1222/1636/3290
f 1266/1637/3291 586/1638/3292 1294/1639/3293
f 477/398/3294 1232/1629/3295 1221/1640/3296 334/984/3297
f 372/872/3298 1219/1641/3299 593/1642/3300
f 265/1643/3301 1217/1644/3302 1234/1645/3303 463/1646/3304
f 262/1647/3305 9/1648/3306 1216/1649/3307 595/1650/3308
f 265/507/3309 397/506/3310 583/1651/3311 1217/1652/3312
f 531/1085/3313 582/1653/3314 1231/1654/3315
f 531/1085/3316 1235/1635/3317 582/1653/3318
f 372/1655/3319 593/1656/3320 1213/1657/3321 486/1658/3322
f 334/1137/3323 1221/1659/3324 1212/1138/3325
f 1317/1660/3326 234/109/3327 1375/1661/3328
f 107/270/3329 55/299/3330 1211/1662/3331 589/268/3332
f 397/1663/3333 58/1664/3334 587/1665/3335 1207/1666/3336
f 397/1667/3337 1207/1668/3338 583/1669/3339
f 537/1101/3340 452/992/3341 1206/1670/3342 1225/1634/3343
f 177/1671/3344 414/1672/3345 1205/1673/3346 585/1674/3347
f 329/633/3348 579/1675/3349 1215/1676/3350
f 332/1677/3351 1204/1678/3352 1202/1679/3353
f 452/992/3354 1198/1680/3355 1206/1670/3356
f 452/992/3357 1222/1636/3358 1198/1680/3359
f 480/1681/3360 1197/1682/3361 1201/1683/3362 53/1684/3363
f 251/1014/3364 202/130/3365 1214/1685/3366 1196/1686/3367
f 251/1014/3368 1196/1686/3369 588/1687/3370
f 254/177/3371 334/984/3372 594/1688/3373 1195/1242/3374
f 69/1113/3375 1223/1689/3376 1194/1690/3377
f 463/1691/3378 1234/1692/3379 1193/1693/3380
f 377/843/3381 463/354/3382 1193/1694/3383 578/1695/3384
f 262/1696/3385 1229/1697/3386 1191/1698/3387 320/1699/3388
f 202/130/3389 94/1142/3390 1190/1141/3391 1214/1685/3392
f 483/542/3393 1192/541/3394 1189/1700/3395 281/1701/3396
f 302/634/3397 1186/1702/3398 1187/1383/3399 355/555/3400
f 329/633/3401 1215/1676/3402 1186/1702/3403 302/634/3404
f 306/1517/3405 1185/1516/3406 596/874/3407 414/562/3408
f 206/848/3409 577/1703/3410 1184/980/3411 179/316/3412
f 480/1420/3413 275/1704/3414 1183/1705/3415 580/1418/3416
f 275/1706/3417 355/555/3418 1227/554/3419 1183/1707/3420
f 288/1708/3421 295/1709/3422 1181/1710/3423 597/1711/3424
f 329/633/3425 28/1086/3426 1179/1712/3427 579/1675/3428
f 531/1085/3429 1231/1654/3430 1179/1712/3431 28/1086/3432
f 262/1696/3433 574/1713/3434 1229/1697/3435
f 90/922/3436 599/1714/3437 1178/573/3438 535/576/3439
f 240/983/3440 1177/982/3441 599/1714/3442 90/922/3443
f 262/1696/3444 595/1715/3445 1176/1716/3446
f 1037/1717/3447 622/1718/3448 1121/1719/3449
f 726/1720/3450 636/1721/3451 637/1722/3452
f 1027/1723/3453 645/1724/3454 646/1725/3455
f 604/1726/3456 940/1727/3457 1131/1728/3458
f 928/1729/3459 793/1730/3460 685/1731/3461
f 1110/1732/3462 1014/1733/3463 607/1734/3464
f 696/1735/3465 1007/1736/3466 1008/1737/3467
f 889/1738/3468 702/1739/3469 703/1740/3470
f 711/1741/3471 1058/1742/3472 705/1743/3473
f 972/1744/3474 987/1745/3475 956/1746/3476
f 725/1747/3477 1035/1748/3478 1003/1749/3479
f 830/1750/3480 925/1751/3481 1128/1752/3482
f 1106/1753/3483 976/1754/3484 801/1755/3485
f 1021/1756/3486 812/1757/3487 811/1758/3488
f 1064/1759/3489 1116/1760/3490 1015/1761/3491
f 892/1762/3492 620/1763/3493 1091/1764/3494
f 1131/1765/3495 790/1766/3496 678/1767/3497
f 625/1768/3498 682/1769/3499 1093/1770/3500
f 653/1771/3501 756/1772/3502 1070/1773/3503
f 786/1774/3504 861/1775/3505 787/1776/3506
f 834/1777/3507 624/1778/3508 788/1779/3509
f 817/1780/3510 646/1725/3511 1039/1781/3512
f 1358/1782/3513 1354/1783/3514 801/1755/3515 685/1731/3516
f 740/1784/3517 639/1785/3518 802/1786/3519
f 803/1787/3520 996/1788/3521 804/1789/3522
f 794/1790/3523 732/1791/3524 993/1792/3525
f 807/1793/3526 808/1794/3527 721/1795/3528
f 952/1796/3529 610/1797/3530 849/1798/3531
f 816/1799/3532 647/1800/3533 745/1801/3534
f 646/1802/3535 817/1803/3536 915/1804/3537
f 822/1805/3538 759/1806/3539 821/1807/3540
f 818/1808/3541 834/1809/3542 788/1810/3543
f 836/1811/3544 785/1812/3545 614/1813/3546
f 766/1814/3547 842/1815/3548 930/1816/3549
f 751/1817/3550 1090/1818/3551 848/1819/3552
f 648/1820/3553 893/1821/3554 647/1800/3555
f 910/1822/3556 741/1823/3557 1014/1733/3558
f 860/1824/3559 637/1825/3560 830/1826/3561
f 838/1827/3562 669/1828/3563 734/1829/3564
f 1102/1830/3565 700/1831/3566 622/1718/3567
f 1114/1832/3568 672/1833/3569 673/1834/3570
f 640/1835/3571 880/1836/3572 641/1837/3573
f 1042/1838/3574 699/1839/3575 836/1811/3576
f 1064/1840/3577 1034/1841/3578 615/1842/3579
f 775/1843/3580 771/1844/3581 802/1786/3582
f 887/1845/3583 888/1846/3584 889/1738/3585
f 806/1847/3586 957/1848/3587 962/1849/3588
f 1069/1850/3589 633/1851/3590 699/1839/3591
f 901/1852/3592 995/1853/3593 900/1854/3594
f 1070/1773/3595 951/1855/3596 653/1856/3597
f 907/1857/3598 908/1858/3599 909/1859/3600
f 1382/1860/3601 606/1861/3602 1339/1862/3603
f 963/1863/3604 794/1790/3605 993/1792/3606
f 1276/1864/3607 671/1865/3608 1287/1866/3609
f 960/1867/3610 1135/1868/3611 1119/1869/3612
f 730/1870/3613 641/1837/3614 675/1871/3615
f 922/1872/3616 665/1873/3617 876/1874/3618
f 713/1875/3619 650/1876/3620 624/1877/3621
f 886/1878/3622 653/1771/3623 638/1879/3624
f 929/1880/3625 1103/1881/3626 613/1882/3627
f 674/1883/3628 629/1884/3629 1076/1885/3630
f 602/1886/3631 971/1887/3632 736/1888/3633
f 1047/1889/3634 898/1890/3635 936/1891/3636
f 768/1892/3637 858/1893/3638 947/1894/3639
f 704/1895/3640 723/1896/3641 724/1897/3642
f 618/1898/3643 853/1899/3644 873/1900/3645
f 826/1901/3646 839/1902/3647 1166/1903/3648 827/1904/3649
f 979/1905/3650 839/1906/3651 826/1907/3652
f 658/1908/3653 793/1730/3654 683/1909/3655
f 990/1910/3656 686/1911/3657 1062/1912/3658
f 1361/1913/3659 635/1914/3660 1363/1915/3661
f 919/1916/3662 965/1917/3663 1063/1918/3664
f 947/1894/3665 966/1919/3666 739/1920/3667
f 968/1921/3668 739/1920/3669 944/1922/3670
f 814/1923/3671 879/1924/3672 611/1925/3673
f 612/1926/3674 741/1823/3675 924/1927/3676
f 756/1772/3677 684/1928/3678 894/1929/3679
f 1132/1930/3680 748/1931/3681 959/1932/3682
f 748/1931/3683 612/1926/3684 959/1932/3685
f 734/1829/3686 1062/1933/3687 616/1934/3688
f 607/1734/3689 920/1935/3690 1078/1936/3691
f 956/1746/3692 987/1745/3693 997/1937/3694
f 1142/1938/3695 650/1876/3696 713/1875/3697
f 984/1939/3698 892/1940/3699 697/1941/3700
f 1160/1942/3701 805/1943/3702 1001/1944/3703 1158/1945/3704
f 1031/1946/3705 1071/1947/3706 737/1948/3707
f 945/1949/3708 740/1784/3709 867/1950/3710
f 895/1951/3711 813/1952/3712 916/1953/3713
f 1073/1954/3714 798/1955/3715 866/1956/3716
f 727/1957/3717 731/1958/3718 977/1959/3719
f 617/1960/3720 955/1961/3721 660/1962/3722
f 922/1963/3723 862/1964/3724 845/1965/3725
f 815/1966/3726 879/1967/3727 814/1968/3728
f 832/1969/3729 961/1970/3730 991/1971/3731
f 993/1792/3732 996/1788/3733 803/1787/3734
f 1062/1972/3735 745/1973/3736 616/1974/3737
f 1097/1975/3738 1084/1976/3739 1108/1977/3740
f 740/1978/3741 946/1979/3742 639/1980/3743
f 996/1788/3744 679/1981/3745 785/1812/3746
f 679/1981/3747 996/1788/3748 993/1792/3749
f 632/1982/3750 997/1983/3751 631/1984/3752
f 589/268/3753 710/1985/3754 1180/269/3755
f 1000/1986/3756 1001/1987/3757 928/1729/3758
f 677/1988/3759 981/1989/3760 707/1990/3761
f 1134/1991/3762 806/1847/3763 695/1992/3764
f 778/1993/3765 777/1994/3766 828/1995/3767
f 782/1996/3768 798/1997/3769 973/1998/3770
f 712/1999/3771 978/2000/3772 822/2001/3773
f 770/2002/3774 861/1775/3775 1009/2003/3776
f 970/2004/3777 906/2005/3778 736/1888/3779
f 777/1994/3780 778/1993/3781 1010/2006/3782
f 850/2007/3783 849/2008/3784 809/2009/3785
f 608/2010/3786 960/2011/3787 651/2012/3788
f 684/1928/3789 1063/1918/3790 965/1917/3791
f 847/2013/3792 710/1985/3793 656/2014/3794
f 959/1932/3795 612/1926/3796 712/2015/3797
f 814/2016/3798 611/2017/3799 808/2018/3800
f 1013/2019/3801 814/2020/3802 808/2021/3803
f 915/2022/3804 990/1910/3805 646/1725/3806
f 750/2023/3807 811/2024/3808 1032/2025/3809
f 967/2026/3810 901/2027/3811 974/2028/3812
f 661/2029/3813 974/2028/3814 901/2030/3815
f 607/1734/3816 1078/1936/3817 783/2031/3818
f 899/2032/3819 930/2033/3820 842/2034/3821
f 1344/2035/3822 1340/2036/3823 864/2037/3824 1025/2038/3825
f 626/2039/3826 657/2040/3827 866/2041/3828
f 734/1829/3829 669/1828/3830 990/1910/3831
f 671/1865/3832 806/1847/3833 962/1849/3834
f 863/2042/3835 1031/1946/3836 737/1948/3837
f 1035/1748/3838 725/1747/3839 1059/2043/3840
f 688/2044/3841 1043/2045/3842 1019/2046/3843
f 889/2047/3844 1064/2048/3845 1015/2049/3846
f 1108/1977/3847 965/1917/3848 919/1916/3849
f 1050/2050/3850 693/2051/3851 1129/2052/3852
f 1023/2053/3853 816/1799/3854 686/1911/3855
f 699/1839/3856 633/1851/3857 688/2044/3858
f 688/2044/3859 996/1788/3860 1095/2054/3861
f 797/2055/3862 1056/2056/3863 1015/2057/3864
f 1059/2058/3865 1060/2059/3866 1021/2060/3867
f 877/2061/3868 832/1969/3869 991/1971/3870
f 1003/2062/3871 818/2063/3872 649/2064/3873
f 735/2065/3874 718/2066/3875 603/2067/3876
f 721/1795/3877 859/2068/3878 787/1776/3879
f 1065/2069/3880 926/2070/3881 681/2071/3882
f 1067/2072/3883 752/2073/3884 1066/2074/3885
f 1129/2075/3886 1102/1830/3887 1037/1717/3888
f 662/2076/3889 925/2077/3890 637/2078/3891
f 1280/2079/3892 1273/2080/3893 1068/2081/3894 718/2082/3895
f 906/2083/3896 931/2084/3897 780/2085/3898
f 992/2086/3899 792/2087/3900 862/1964/3901
f 726/2088/3902 725/2089/3903 727/2090/3904
f 1224/376/3905 1201/378/3906 654/2091/3907
f 705/1743/3908 768/1892/3909 711/1741/3910
f 1075/2092/3911 649/2093/3912 650/1876/3913
f 722/2094/3914 850/2095/3915 755/2096/3916
f 678/1767/3917 950/2097/3918 1132/1930/3919
f 1066/2098/3920 760/2099/3921 1067/2100/3922
f 1028/2101/3923 692/2102/3924 790/1766/3925
f 778/1993/3926 655/2103/3927 776/2104/3928
f 1034/2105/3929 983/2106/3930 918/2107/3931
f 1064/1840/3932 983/2108/3933 1034/2109/3934
f 870/2110/3935 873/1900/3936 853/1899/3937
f 1078/1936/3938 1079/2111/3939 783/2031/3940
f 763/2112/3941 914/2113/3942 986/2114/3943
f 1365/2115/3944 1372/2116/3945 1106/1753/3946 801/1755/3947
f 584/404/3948 783/2031/3949 1236/405/3950
f 829/2117/3951 611/2118/3952 913/2119/3953
f 1001/1987/3954 805/2120/3955 928/1729/3956
f 928/1729/3957 805/2120/3958 789/2121/3959
f 741/1823/3960 748/1931/3961 747/2122/3962
f 934/2123/3963 892/1940/3964 728/2124/3965
f 1077/2125/3966 1053/2126/3967 681/2071/3968
f 606/1861/3969 955/2127/3970 893/1821/3971
f 747/2122/3972 904/2128/3973 746/2129/3974
f 718/2130/3975 1068/2131/3976 603/2132/3977
f 1052/2133/3978 714/2134/3979 784/2135/3980
f 908/1858/3981 907/1857/3982 1048/2136/3983
f 882/2137/3984 632/2138/3985 1089/2139/3986
f 715/2140/3987 882/2141/3988 1089/2142/3989
f 680/2143/3990 852/2144/3991 848/1819/3992
f 1024/2145/3993 644/2146/3994 1093/1770/3995
f 947/1894/3996 739/1920/3997 768/1892/3998
f 1009/2003/3999 784/2135/4000 770/2002/4001
f 901/2147/4002 900/2148/4003 982/2149/4004
f 1005/2150/4005 1092/2151/4006 726/2152/4007
f 591/442/4008 1213/444/4009 1088/2153/4010
f 1061/2154/4011 603/2155/4012 957/1848/4013
f 1064/1840/4014 889/1738/4015 983/2156/4016
f 992/2086/4017 862/1964/4018 922/1963/4019
f 1058/1742/4020 984/1939/4021 697/1941/4022
f 766/2157/4023 930/2158/4024 1036/2159/4025
f 633/2160/4026 1043/2161/4027 688/2162/4028
f 782/1996/4029 973/2163/4030 864/2164/4031
f 1043/2045/4032 633/1851/4033 987/1745/4034
f 887/1845/4035 889/1738/4036 1015/1761/4037
f 785/1812/4038 679/1981/4039 614/1813/4040
f 1032/2165/4041 985/2166/4042 763/2167/4043
f 823/2168/4044 1071/1947/4045 1031/1946/4046
f 1000/2169/4047 1096/2170/4048 1001/2171/4049
f 648/1820/4050 606/1861/4051 893/1821/4052
f 776/2104/4053 877/2061/4054 1029/2172/4055
f 1353/2173/4056 1368/2174/4057 998/2175/4058 843/2176/4059
f 1146/2177/4060 708/2178/4061 771/1844/4062 1173/2179/4063
f 696/2180/4064 954/2181/4065 1007/2182/4066
f 638/2183/4067 653/2184/4068 951/2185/4069
f 778/1993/4070 933/2186/4071 706/2187/4072
f 711/1741/4073 739/1920/4074 968/1921/4075
f 906/2188/4076 970/2189/4077 905/2190/4078
f 609/2191/4079 871/2192/4080 796/2193/4081
f 1046/2194/4082 987/2195/4083 972/2196/4084
f 1019/2197/4085 987/2195/4086 1046/2194/4087
f 735/2198/4088 1018/2199/4089 918/2200/4090
f 1138/2201/4091 1120/2202/4092 663/2203/4093
f 749/2204/4094 676/2205/4095 840/2206/4096
f 1109/2207/4097 914/2208/4098 763/2167/4099
f 728/2124/4100 890/2209/4101 774/2210/4102
f 1004/2211/4103 706/2187/4104 933/2186/4105
f 1003/2212/4106 649/2213/4107 1101/2214/4108
f 999/2215/4109 964/2216/4110 868/2217/4111
f 934/2123/4112 620/2218/4113 892/1940/4114
f 885/2219/4115 689/2220/4116 1140/2221/4117
f 1014/2222/4118 741/2223/4119 746/2224/4120
f 710/2225/4121 847/2226/4122 903/2227/4123
f 990/2228/4124 1027/2229/4125 646/2230/4126
f 969/2231/4127 1084/1976/4128 1097/1975/4129
f 1103/2232/4130 1042/2233/4131 613/1882/4132
f 1022/2234/4133 1042/2233/4134 1103/2232/4135
f 1026/2235/4136 913/2236/4137 797/2237/4138
f 875/2238/4139 665/2239/4140 1004/2211/4141
f 1200/531/4142 884/2240/4143 656/2014/4144 1211/532/4145
f 666/2241/4146 979/2242/4147 762/2243/4148
f 901/2244/4149 624/2245/4150 661/2246/4151
f 748/1931/4152 950/2097/4153 692/2102/4154
f 1182/540/4155 1002/2247/4156 1085/2248/4157 1192/541/4158
f 628/2249/4159 1105/2250/4160 627/2251/4161
f 1012/2252/4162 777/1994/4163 833/2253/4164
f 592/549/4165 1189/551/4166 884/2254/4167
f 975/2255/4168 654/2256/4169 655/2103/4170
f 776/2104/4171 1004/2211/4172 933/2186/4173
f 1227/554/4174 575/556/4175 958/2257/4176
f 967/2258/4177 995/2259/4178 901/2260/4179
f 1209/560/4180 1016/2261/4181 1205/561/4182
f 928/1729/4183 856/2262/4184 793/1730/4185
f 981/2263/4186 953/2264/4187 707/2265/4188
f 917/2266/4189 777/2267/4190 1010/2268/4191
f 1218/570/4192 659/2269/4193 1203/571/4194
f 1178/573/4195 1137/2270/4196 935/2271/4197 1204/574/4198
f 769/2272/4199 732/1791/4200 795/2273/4201
f 1112/2274/4202 1130/2275/4203 994/2276/4204
f 760/2099/4205 812/2277/4206 1067/2100/4207
f 749/2204/4208 1113/2278/4209 1114/1832/4210
f 698/2279/4211 983/2280/4212 1011/2281/4213
f 656/2014/4214 884/2282/4215 846/2283/4216
f 687/2284/4217 979/2242/4218 619/2285/4219
f 1048/2136/4220 907/1857/4221 1115/2286/4222
f 715/2287/4223 830/1750/4224 1128/1752/4225
f 1142/1938/4226 731/1958/4227 1075/2092/4228
f 717/2288/4229 1017/2289/4230 978/2290/4231
f 1150/2291/4232 722/2292/4233 1170/2293/4234
f 665/2294/4235 922/2295/4236 765/2296/4237
f 1121/2297/4238 1119/2298/4239 974/2028/4240
f 948/2299/4241 949/2300/4242 761/2301/4243
f 1120/2202/4244 1111/2302/4245 1041/2303/4246
f 1045/2304/4247 719/2305/4248 880/1836/4249
f 960/2306/4250 1119/2307/4251 1121/2308/4252
f 1122/2309/4253 662/2076/4254 637/2078/4255
f 690/2310/4256 620/2311/4257 758/2312/4258
f 1233/618/4259 1123/2313/4260 907/2314/4261 576/619/4262
f 724/1897/4263 1105/2250/4264 857/2315/4265
f 1124/2316/4266 1125/2317/4267 1113/2278/4268
f 749/2204/4269 1124/2316/4270 1113/2278/4271
f 1127/2318/4272 610/1797/4273 948/2319/4274
f 841/2320/4275 742/2321/4276 883/2322/4277
f 919/1916/4278 634/2323/4279 1108/1977/4280
f 1097/1975/4281 1108/1977/4282 634/2323/4283
f 819/2324/4284 706/2187/4285 942/2325/4286
f 932/2326/4287 931/2327/4288 905/2328/4289
f 996/1788/4290 785/1812/4291 1095/2054/4292
f 628/2249/4293 769/2272/4294 772/2329/4295
f 757/2330/4296 728/2331/4297 714/2332/4298
f 854/2333/4299 1042/2334/4300 1022/2234/4301
f 804/2335/4302 688/2044/4303 1019/2046/4304
f 809/2009/4305 693/2336/4306 755/2337/4307
f 852/2338/4308 936/2339/4309 848/2340/4310
f 936/2339/4311 852/2338/4312 1049/2341/4313
f 873/2342/4314 927/2343/4315 1111/2344/4316
f 1086/2345/4317 763/2167/4318 986/2346/4319
f 763/2167/4320 1086/2345/4321 764/2347/4322
f 929/2348/4323 879/2349/4324 870/2350/4325
f 667/2351/4326 653/1771/4327 886/1878/4328
f 614/1813/4329 737/1948/4330 836/1811/4331
f 873/2352/4332 870/2353/4333 815/2354/4334
f 854/2355/4335 853/1899/4336 618/1898/4337
f 965/1917/4338 911/2356/4339 684/1928/4340
f 813/1952/4341 684/1928/4342 911/2356/4343
f 737/2357/4344 613/2358/4345 1042/2359/4346
f 736/1888/4347 971/1887/4348 970/2004/4349
f 604/1726/4350 605/2360/4351 1118/2361/4352
f 698/2362/4353 918/2363/4354 983/2364/4355
f 1268/2365/4356 1267/2366/4357 898/2367/4358
f 636/2368/4359 726/2369/4360 727/2370/4361
f 1191/678/4362 923/2371/4363 670/2372/4364 1223/679/4365
f 989/2373/4366 604/1726/4367 1112/2374/4368
f 745/1801/4369 686/1911/4370 816/1799/4371
f 979/2375/4372 826/1901/4373 752/2376/4374
f 1103/2377/4375 929/2378/4376 870/2110/4377
f 1088/2153/4378 975/2255/4379 743/2379/4380
f 1054/2380/4381 1080/2381/4382 921/2382/4383
f 948/2319/4384 973/1998/4385 798/1997/4386
f 1125/2317/4387 835/2383/4388 1113/2278/4389
f 1112/2374/4390 621/2384/4391 696/1735/4392
f 1072/2385/4393 1026/2386/4394 615/2387/4395
f 668/2388/4396 899/2389/4397 842/2390/4398
f 852/2391/4399 1087/2392/4400 1049/2393/4401
f 835/2383/4402 800/2394/4403 897/2395/4404
f 753/2396/4405 733/2397/4406 621/2384/4407
f 799/2398/4408 1098/2399/4409 837/2400/4410
f 716/2401/4411 619/2285/4412 946/2402/4413
f 1069/1850/4414 699/1839/4415 1042/1838/4416
f 672/1833/4417 1050/2403/4418 1129/2075/4419
f 677/2404/4420 707/1990/4421 668/2405/4422
f 1088/2153/4423 743/2379/4424 609/2406/4425
f 840/2206/4426 1124/2316/4427 749/2204/4428
f 1075/2092/4429 731/1958/4430 1101/2407/4431
f 963/1863/4432 993/1792/4433 803/1787/4434
f 630/2408/4435 664/2409/4436 631/2410/4437
f 1050/2403/4438 672/1833/4439 835/2383/4440
f 696/2180/4441 1005/2411/4442 860/2412/4443
f 1230/722/4444 1100/2413/4445 609/2414/4446 1216/723/4447
f 762/2415/4448 752/2416/4449 717/2417/4450
f 1130/2418/4451 759/1806/4452 869/2419/4453
f 1113/2278/4454 672/1833/4455 1114/1832/4456
f 729/2420/4457 1137/2270/4458 793/1730/4459
f 764/2347/4460 1032/2165/4461 763/2167/4462
f 839/1906/4463 945/1949/4464 867/1950/4465
f 687/2284/4466 945/1949/4467 839/1906/4468
f 758/2421/4469 1009/2422/4470 668/2423/4471
f 778/1993/4472 706/2187/4473 1010/2424/4474
f 916/1953/4475 723/1896/4476 908/1858/4477
f 723/1896/4478 916/1953/4479 813/1952/4480
f 989/2373/4481 664/2425/4482 643/2426/4483
f 617/2427/4484 893/1821/4485 955/2127/4486
f 792/2087/4487 791/2428/4488 862/1964/4489
f 922/1963/4490 876/2429/4491 992/2086/4492
f 1112/2374/4493 1008/1737/4494 989/2373/4495
f 912/2430/4496 767/2431/4497 797/2432/4498
f 1013/2433/4499 807/2434/4500 770/2435/4501
f 957/1848/4502 603/2155/4503 962/1849/4504
f 716/2401/4505 945/1949/4506 687/2284/4507
f 845/1965/4508 682/2436/4509 625/1768/4510
f 610/2437/4511 1127/2438/4512 809/2439/4513
f 1073/2440/4514 809/2439/4515 1127/2438/4516
f 923/2441/4517 865/2442/4518 645/1724/4519
f 708/2178/4520 740/1784/4521 771/1844/4522
f 1138/2201/4523 663/2203/4524 790/1766/4525
f 922/1872/4526 1122/2443/4527 977/2444/4528
f 613/2445/4529 737/2446/4530 1071/2447/4531
f 896/2448/4532 982/2449/4533 900/1854/4534
f 676/2205/4535 841/2320/4536 840/2206/4537
f 894/1929/4538 852/2144/4539 680/2143/4540
f 908/1858/4541 1048/2136/4542 916/1953/4543
f 647/2450/4544 893/2451/4545 745/2452/4546
f 644/2146/4547 972/1744/4548 956/1746/4549
f 972/1744/4550 644/2146/4551 1046/2453/4552
f 816/1799/4553 1055/2454/4554 647/1800/4555
f 911/2356/4556 965/1917/4557 1107/2455/4558
f 965/1917/4559 1108/1977/4560 1107/2455/4561
f 1120/2456/4562 881/2457/4563 652/2458/4564
f 1275/2459/4565 1285/2460/4566 1070/2461/4567
f 984/2462/4568 711/2463/4569 890/2464/4570
f 620/1763/4571 690/2465/4572 1091/1764/4573
f 1134/1991/4574 766/2157/4575 1036/2159/4576
f 1025/2466/4577 761/2467/4578 949/2468/4579
f 1044/2469/4580 1039/2470/4581 1012/2471/4582
f 1039/1781/4583 1040/2472/4584 1012/2252/4585
f 811/1758/4586 812/1757/4587 760/2473/4588
f 891/2474/4589 898/2367/4590 1047/2475/4591
f 1094/2476/4592 1074/2477/4593 661/2478/4594
f 685/1731/4595 976/1754/4596 928/1729/4597
f 1094/2479/4598 754/2480/4599 825/2481/4600
f 655/2103/4601 778/1993/4602 779/2482/4603
f 854/2483/4604 1022/2484/4605 853/2485/4606
f 1057/2486/4607 1044/2487/4608 833/2253/4609
f 917/2488/4610 1057/2486/4611 833/2253/4612
f 883/2322/4613 1020/2489/4614 750/2490/4615
f 991/1971/4616 961/1970/4617 682/1769/4618
f 991/2491/4619 682/2492/4620 791/2493/4621
f 601/2494/4622 735/2065/4623 603/2067/4624
f 779/2482/4625 828/1995/4626 975/2255/4627
f 828/1995/4628 743/2379/4629 975/2255/4630
f 1101/2407/4631 727/1957/4632 725/2495/4633
f 711/1741/4634 768/1892/4635 739/1920/4636
f 1052/2133/4637 757/2496/4638 714/2134/4639
f 1033/2497/4640 1034/1841/4641 918/2498/4642
f 1364/2499/4643 660/2500/4644 1378/2501/4645
f 822/2001/4646 959/2502/4647 712/1999/4648
f 959/2502/4649 822/2001/4650 821/2503/4651
f 720/2504/4652 794/1790/4653 1076/1885/4654
f 645/1724/4655 701/2505/4656 646/1725/4657
f 634/2323/4658 767/2506/4659 912/2507/4660
f 634/2323/4661 919/1916/4662 767/2506/4663
f 598/822/4664 597/824/4665 891/2508/4666
f 885/2509/4667 837/2510/4668 1098/2511/4669
f 788/2512/4670 649/2093/4671 818/2513/4672
f 910/1822/4673 666/2241/4674 924/1927/4675
f 1046/2453/4676 1024/2145/4677 1045/2304/4678
f 1164/2514/4679 1140/2515/4680 820/2516/4681 1162/2517/4682
f 650/1876/4683 788/2512/4684 624/1877/4685
f 1076/1885/4686 963/1863/4687 674/1883/4688
f 1090/2518/4689 680/2519/4690 848/2520/4691
f 869/2521/4692 812/2522/4693 621/2523/4694
f 802/1786/4695 639/1785/4696 847/2013/4697
f 863/2524/4698 614/2525/4699 679/2526/4700
f 1032/2165/4701 764/2347/4702 1124/2316/4703
f 980/2527/4704 1053/2126/4705 695/1992/4706
f 1053/2126/4707 1134/1991/4708 695/1992/4709
f 912/2528/4710 913/2529/4711 874/2530/4712
f 988/2531/4713 783/2031/4714 810/2532/4715
f 1093/1770/4716 644/2146/4717 625/1768/4718
f 689/2220/4719 885/2219/4720 729/2420/4721
f 827/2533/4722 914/2534/4723 826/2535/4724
f 1055/2454/4725 816/1799/4726 967/2536/4727
f 816/1799/4728 995/1853/4729 967/2536/4730
f 978/2537/4731 666/2241/4732 762/2243/4733
f 811/2538/4734 760/2539/4735 1032/2165/4736
f 992/2540/4737 875/2541/4738 1029/2542/4739
f 900/1854/4740 995/1853/4741 1023/2053/4742
f 864/2164/4743 973/2163/4744 1025/2466/4745
f 1082/2543/4746 776/2104/4747 655/2103/4748
f 901/2030/4749 982/2149/4750 624/2544/4751
f 930/2158/4752 957/1848/4753 1036/2159/4754
f 1012/2252/4755 828/1995/4756 777/1994/4757
f 846/2283/4758 1085/2248/4759 775/1843/4760
f 1107/2455/4761 724/1897/4762 911/2356/4763
f 878/2545/4764 958/2546/4765 1104/2547/4766
f 875/2548/4767 1004/2549/4768 1029/2550/4769
f 1004/2551/4770 776/2552/4771 1029/2553/4772
f 1224/870/4773 654/2554/4774 975/2555/4775 1226/871/4776
f 596/874/4777 1016/2261/4778 1209/560/4779
f 957/1848/4780 806/1847/4781 1134/1991/4782
f 913/2556/4783 1026/2557/4784 829/2558/4785
f 1220/878/4786 935/2559/4787 581/879/4788
f 931/2560/4789 629/2561/4790 674/2562/4791
f 1084/1976/4792 969/2231/4793 824/2563/4794
f 1115/2564/4795 891/2565/4796 1047/2566/4797
f 732/1791/4798 769/2272/4799 863/2042/4800
f 1072/2567/4801 615/2568/4802 1034/2569/4803
f 811/2570/4804 1020/2571/4805 1021/2572/4806
f 1020/2489/4807 811/2538/4808 750/2490/4809
f 1078/1936/4810 920/1935/4811 943/2573/4812
f 631/2574/4813 854/2575/4814 630/2576/4815
f 1167/2577/4816 851/2578/4817 850/2579/4818 1163/2580/4819
f 737/1948/4820 1042/1838/4821 836/1811/4822
f 1026/2581/4823 721/2582/4824 808/2583/4825
f 927/2584/4826 1117/2585/4827 1111/2302/4828
f 993/1792/4829 732/1791/4830 679/1981/4831
f 1008/1737/4832 1112/2374/4833 696/1735/4834
f 873/2586/4835 652/2587/4836 618/2588/4837
f 652/2589/4838 1111/2590/4839 1120/2591/4840
f 672/1833/4841 1129/2075/4842 673/1834/4843
f 1002/2247/4844 1098/2399/4845 775/1843/4846
f 1077/2125/4847 681/2071/4848 926/2070/4849
f 1004/2211/4850 942/2325/4851 706/2187/4852
f 913/2556/4853 912/2592/4854 797/2593/4855
f 795/2273/4856 772/2329/4857 769/2272/4858
f 668/2594/4859 766/2595/4860 677/2596/4861
f 869/2597/4862 994/2598/4863 1130/2599/4864
f 1126/2600/4865 683/1909/4866 691/2601/4867
f 658/1908/4868 683/1909/4869 1099/2602/4870
f 943/2573/4871 1079/2111/4872 1078/1936/4873
f 904/2603/4874 944/2604/4875 739/2605/4876
f 1011/2606/4877 623/2607/4878 698/2608/4879
f 1005/2411/4880 733/2609/4881 753/2610/4882
f 914/2611/4883 1109/2612/4884 826/2613/4885
f 1081/2614/4886 1104/2547/4887 832/1969/4888
f 1104/2547/4889 1081/2614/4890 878/2545/4891
f 1080/2381/4892 772/2329/4893 921/2382/4894
f 909/1859/4895 908/1858/4896 704/1895/4897
f 704/2615/4898 908/2616/4899 723/2617/4900
f 757/2618/4901 620/2311/4902 934/2619/4903
f 673/1834/4904 1129/2075/4905 1074/2477/4906
f 591/938/4907 1088/2620/4908 1100/2621/4909 1230/939/4910
f 1286/2622/4911 1278/2623/4912 698/2624/4913
f 1117/2585/4914 714/2134/4915 1041/2303/4916
f 874/2625/4917 1136/2626/4918 738/2627/4919
f 880/1836/4920 736/1888/4921 780/2085/4922
f 736/1888/4923 880/1836/4924 602/1886/4925
f 1044/2487/4926 1012/2252/4927 833/2253/4928
f 1009/2003/4929 861/1775/4930 786/1774/4931
f 757/2628/4932 934/2629/4933 728/2630/4934
f 832/1969/4935 1104/2547/4936 971/1887/4937
f 602/1886/4938 832/1969/4939 971/1887/4940
f 674/1883/4941 730/1870/4942 675/1871/4943
f 953/2631/4944 690/2632/4945 758/2633/4946
f 640/1835/4947 1045/2304/4948 880/1836/4949
f 1037/1717/4950 1102/1830/4951 622/1718/4952
f 613/1882/4953 1136/2634/4954 879/2635/4955
f 786/2636/4956 668/2405/4957 1009/2637/4958
f 686/1911/4959 745/1801/4960 1062/2638/4961
f 942/2325/4962 1004/2211/4963 665/2239/4964
f 676/2205/4965 754/2639/4966 834/2640/4967
f 1119/2641/4968 967/2536/4969 974/2642/4970
f 868/2217/4971 964/2216/4972 697/1941/4973
f 677/2643/4974 709/2644/4975 1077/2645/4976
f 1082/2543/4977 878/2545/4978 1081/2614/4979
f 731/1958/4980 1142/1938/4981 819/2324/4982
f 1091/2646/4983 953/2264/4984 697/1941/4985
f 703/2647/4986 1011/2648/4987 983/2649/4988
f 762/2415/4989 717/2417/4990 978/2650/4991
f 861/1775/4992 807/2651/4993 721/1795/4994
f 1071/1947/4995 823/2168/4996 738/2627/4997
f 861/1775/4998 770/2002/4999 807/2651/5000
f 1110/1732/5001 902/2652/5002 946/2402/5003
f 769/2272/5004 627/2251/5005 863/2042/5006
f 1115/2286/5007 1047/2475/5008 1048/2136/5009
f 1123/2653/5010 891/2474/5011 1115/2654/5012
f 1015/2655/5013 638/2656/5014 887/2657/5015
f 639/1785/5016 902/2652/5017 903/2658/5018
f 781/2659/5019 1016/2660/5020 704/1895/5021
f 846/2283/5022 802/1786/5023 847/2013/5024
f 823/2661/5025 1031/2662/5026 969/2663/5027
f 1035/2664/5028 1021/2665/5029 883/2322/5030
f 1020/2489/5031 883/2322/5032 1021/2665/5033
f 584/404/5034 1184/980/5035 783/2031/5036
f 1188/981/5037 844/2666/5038 1177/982/5039
f 892/1940/5040 984/1939/5041 890/2209/5042
f 1079/2111/5043 938/2667/5044 937/2668/5045
f 1079/2111/5046 947/1894/5047 938/2667/5048
f 844/2666/5049 1126/2600/5050 691/2601/5051
f 1055/2669/5052 1135/2670/5053 648/2671/5054
f 1149/2672/5055 1173/2179/5056 771/1844/5057
f 585/990/5058 781/2673/5059 1054/2674/5060 1228/991/5061
f 1341/2675/5062 1362/2676/5063 949/2468/5064
f 759/1806/5065 822/1805/5066 1017/2677/5067
f 1083/2678/5068 824/2563/5069 1105/2250/5070
f 866/2041/5071 798/1997/5072 626/2039/5073
f 626/2039/5074 798/1997/5075 782/1996/5076
f 1290/2679/5077 1279/2680/5078 623/2681/5079 703/2682/5080
f 1019/2046/5081 1046/2453/5082 1045/2683/5083
f 1106/2684/5084 843/2176/5085 1030/2685/5086
f 1339/1862/5087 606/1861/5088 1336/2686/5089
f 952/1796/5090 849/1798/5091 1096/2687/5092
f 853/2688/5093 1022/2689/5094 1103/2377/5095
f 663/2690/5096 1041/2691/5097 714/2692/5098
f 663/2203/5099 714/2134/5100 728/2124/5101
f 1115/2693/5102 907/2314/5103 1123/2313/5104
f 690/2694/5105 953/2695/5106 1091/2696/5107
f 602/1886/5108 719/2305/5109 1093/1770/5110
f 719/2305/5111 1024/2145/5112 1093/1770/5113
f 1012/2252/5114 1040/2472/5115 871/2697/5116
f 694/2698/5117 1012/2699/5118 871/2192/5119
f 944/1922/5120 904/2128/5121 692/2102/5122
f 837/2400/5123 885/2219/5124 1140/2221/5125 1151/2700/5126
f 697/1941/5127 964/2216/5128 1058/1742/5129
f 1080/2381/5130 628/2249/5131 772/2329/5132
f 806/1847/5133 671/1865/5134 855/2701/5135
f 757/2702/5136 1052/2703/5137 758/2704/5138
f 724/1897/5139 1107/2455/5140 1083/2678/5141
f 900/1854/5142 1023/2053/5143 817/1780/5144
f 1117/2585/5145 784/2135/5146 714/2134/5147
f 771/1844/5148 799/2398/5149 837/2400/5150 1149/2672/5151
f 1067/2705/5152 869/2706/5153 759/1806/5154
f 652/2707/5155 873/1900/5156 1111/2708/5157
f 676/2205/5158 1114/1832/5159 825/2709/5160
f 1114/1832/5161 673/1834/5162 825/2709/5163
f 875/2548/5164 876/1874/5165 665/1873/5166
f 892/1940/5167 1091/2646/5168 697/1941/5169
f 672/1833/5170 1113/2278/5171 835/2383/5172
f 840/2206/5173 841/2320/5174 883/2322/5175
f 911/2356/5176 723/1896/5177 813/1952/5178
f 1365/2115/5179 801/1755/5180 1354/1783/5181
f 885/2219/5182 1098/2399/5183 1002/2247/5184
f 634/2323/5185 912/2507/5186 1097/1975/5187
f 737/2710/5188 614/2525/5189 863/2711/5190
f 767/2506/5191 886/2712/5192 1056/2713/5193
f 886/2712/5194 767/2506/5195 1063/1918/5196
f 1102/1830/5197 866/2041/5198 700/1831/5199
f 935/2271/5200 729/2420/5201 885/2219/5202
f 804/2714/5203 730/2715/5204 803/2716/5205
f 774/2210/5206 890/2209/5207 968/1921/5208
f 773/2717/5209 940/1727/5210 939/2718/5211
f 692/2102/5212 950/2097/5213 790/1766/5214
f 790/1766/5215 950/2097/5216 678/1767/5217
f 997/2719/5218 987/2720/5219 1069/2721/5220
f 987/2720/5221 633/2722/5222 1069/2721/5223
f 740/1784/5224 802/1786/5225 771/1844/5226
f 828/1995/5227 1012/2252/5228 694/2723/5229
f 953/2264/5230 926/2070/5231 868/2217/5232
f 1038/2724/5233 856/2262/5234 928/1729/5235
f 1032/2165/5236 760/2539/5237 985/2166/5238
f 819/2725/5239 917/2726/5240 1010/2727/5241
f 859/2068/5242 1072/2728/5243 1033/2497/5244
f 1033/2497/5245 1072/2728/5246 1034/1841/5247
f 1346/2729/5248 1348/2730/5249 606/1861/5250 648/1820/5251
f 1006/2731/5252 666/2241/5253 978/2537/5254
f 831/2732/5255 830/1750/5256 715/2287/5257
f 804/2733/5258 1019/2197/5259 640/2734/5260
f 1019/2197/5261 1045/2735/5262 640/2734/5263
f 648/2736/5264 608/2737/5265 635/2738/5266
f 1009/2003/5267 758/2739/5268 1052/2133/5269
f 992/2086/5270 991/1971/5271 792/2087/5272
f 877/2061/5273 991/1971/5274 992/2086/5275
f 964/2216/5276 999/2215/5277 659/2740/5278
f 1338/2741/5279 1106/2742/5280 1372/2743/5281
f 1180/269/5282 710/1985/5283 810/2532/5284 577/1057/5285
f 1199/1058/5286 598/1060/5287 891/2744/5288
f 662/2076/5289 922/1963/5290 845/1965/5291
f 1122/2745/5292 922/1963/5293 662/2076/5294
f 638/2746/5295 1015/2747/5296 1056/2748/5297
f 886/2749/5298 638/2750/5299 1056/2751/5300
f 858/1893/5301 937/2668/5302 938/2667/5303
f 684/1928/5304 756/1772/5305 667/2351/5306
f 734/1829/5307 990/1910/5308 1062/1933/5309
f 692/2752/5310 774/2753/5311 968/2754/5312
f 774/2755/5313 692/2756/5314 1028/2757/5315
f 1024/2758/5316 1046/2759/5317 644/2760/5318
f 1219/1077/5319 1226/1079/5320 975/2761/5321
f 675/1871/5322 780/2085/5323 931/2084/5324
f 674/1883/5325 675/1871/5326 931/2084/5327
f 941/2762/5328 1131/1728/5329 940/1727/5330
f 578/1081/5331 980/2763/5332 590/1082/5333
f 1076/2764/5334 629/2765/5335 1133/2766/5336
f 608/2767/5337 1135/2768/5338 960/2769/5339
f 581/1090/5340 935/2271/5341 1002/2247/5342 1208/1091/5343
f 605/2770/5344 821/2503/5345 1118/2771/5346
f 821/2772/5347 605/2773/5348 678/2774/5349
f 930/2158/5350 1061/2154/5351 957/1848/5352
f 601/2775/5353 1061/2154/5354 930/2158/5355
f 931/2327/5356 932/2326/5357 629/2765/5358
f 1353/2173/5359 843/2176/5360 1351/2776/5361
f 1054/2674/5362 921/2777/5363 1051/2778/5364
f 1051/2778/5365 1139/2779/5366 1054/2674/5367
f 905/2780/5368 970/2004/5369 958/2546/5370
f 743/2379/5371 871/2697/5372 609/2406/5373
f 858/1893/5374 1058/1742/5375 659/2740/5376
f 1134/1991/5377 1036/2159/5378 957/1848/5379
f 1028/2101/5380 663/2203/5381 774/2210/5382
f 604/2781/5383 1131/2782/5384 605/2783/5385
f 1089/2784/5386 1008/1737/5387 1007/1736/5388
f 989/2373/5389 1008/1737/5390 1089/2784/5391
f 740/1784/5392 945/1949/5393 946/2402/5394
f 945/1949/5395 716/2401/5396 946/2402/5397
f 820/2785/5398 1140/2786/5399 1038/2787/5400
f 1363/2788/5401 635/2789/5402 1380/2790/5403
f 669/1828/5404 838/1827/5405 670/2791/5406
f 861/1775/5407 721/1795/5408 787/1776/5409
f 1013/2792/5410 808/2018/5411 807/2793/5412
f 707/1990/5413 953/2794/5414 758/2312/5415
f 938/2667/5416 947/1894/5417 858/1893/5418
f 663/2203/5419 1028/2101/5420 790/1766/5421
f 821/2503/5422 759/2795/5423 1130/2796/5424
f 809/2009/5425 755/2337/5426 850/2007/5427
f 947/1894/5428 943/2573/5429 966/1919/5430
f 1137/2270/5431 729/2420/5432 935/2271/5433
f 1000/2797/5434 952/2798/5435 1096/2799/5436
f 874/2800/5437 738/2801/5438 912/2802/5439
f 1143/2803/5440 1145/2804/5441 914/2805/5442
f 986/2806/5443 914/2807/5444 1168/2808/5445
f 797/2809/5446 767/2810/5447 1056/2811/5448
f 884/2282/5449 1085/2248/5450 846/2283/5451
f 1350/2812/5452 844/2666/5453 1377/2813/5454
f 594/1136/5455 1212/1138/5456 937/2814/5457
f 709/2815/5458 1134/1991/5459 1053/2126/5460
f 1134/1991/5461 709/2815/5462 766/2157/5463
f 1132/1930/5464 950/2097/5465 748/1931/5466
f 1117/2585/5467 927/2584/5468 784/2135/5469
f 600/1140/5470 695/2816/5471 1190/1141/5472
f 1274/2817/5473 1283/2818/5474 702/1739/5475
f 964/2216/5476 659/2740/5477 1058/1742/5478
f 815/2819/5479 814/2820/5480 1013/2821/5481
f 1098/2399/5482 799/2398/5483 775/1843/5484
f 724/1897/5485 1083/2678/5486 1105/2250/5487
f 804/1789/5488 640/1835/5489 641/1837/5490
f 804/1789/5491 641/1837/5492 730/1870/5493
f 882/2822/5494 715/2287/5495 1128/1752/5496
f 715/2823/5497 1089/2824/5498 831/2825/5499
f 995/2826/5500 816/2827/5501 1023/2828/5502
f 925/2077/5503 845/1965/5504 625/1768/5505
f 988/2531/5506 1110/1732/5507 607/1734/5508
f 636/2829/5509 1122/2830/5510 637/2831/5511
f 1035/2832/5512 1059/2833/5513 1021/2834/5514
f 849/2008/5515 850/2007/5516 851/2835/5517
f 1079/2111/5518 943/2573/5519 947/1894/5520
f 1158/2836/5521 1001/2837/5522 851/2838/5523 1157/2839/5524
f 1120/2202/5525 1041/2303/5526 663/2203/5527
f 1138/2201/5528 881/2840/5529 1120/2202/5530
f 1138/2841/5531 773/2842/5532 881/2843/5533
f 1279/2844/5534 1282/2845/5535 623/2846/5536
f 738/2847/5537 1136/2848/5538 1071/2849/5539
f 1182/1171/5540 1208/1173/5541 1002/2850/5542
f 1077/2851/5543 926/2852/5544 677/2853/5545
f 677/2853/5546 926/2852/5547 981/2854/5548
f 903/2658/5549 810/2532/5550 710/1985/5551
f 683/1909/5552 1126/2600/5553 1099/2602/5554
f 775/1843/5555 802/1786/5556 846/2283/5557
f 1160/2855/5558 1144/2856/5559 805/2857/5560
f 689/2220/5561 729/2420/5562 856/2262/5563
f 793/1730/5564 856/2262/5565 729/2420/5566
f 689/2220/5567 1038/2724/5568 1140/2221/5569
f 1038/2724/5570 689/2220/5571 856/2262/5572
f 976/1754/5573 1000/1986/5574 928/1729/5575
f 1273/2858/5576 1272/2859/5577 1068/2860/5578
f 756/1772/5579 653/1771/5580 667/2351/5581
f 767/2506/5582 919/1916/5583 1063/1918/5584
f 997/1983/5585 632/1982/5586 882/2822/5587
f 684/1928/5588 895/1951/5589 894/1929/5590
f 684/1928/5591 813/1952/5592 895/1951/5593
f 664/2861/5594 632/1982/5595 631/1984/5596
f 1060/2862/5597 1059/2058/5598 1092/2863/5599
f 1092/2864/5600 1059/2043/5601 726/1720/5602
f 1059/2043/5603 725/2865/5604 726/1720/5605
f 700/1831/5606 1121/1719/5607 622/1718/5608
f 700/1831/5609 872/2866/5610 1121/1719/5611
f 759/2867/5612 1017/2868/5613 1067/2869/5614
f 812/2870/5615 869/2871/5616 1067/2705/5617
f 763/2167/5618 985/2166/5619 1109/2207/5620
f 985/2872/5621 1066/2873/5622 1109/2874/5623
f 608/2010/5624 648/2875/5625 1135/2876/5626
f 632/1982/5627 664/2877/5628 1089/2878/5629
f 1089/2784/5630 1007/1736/5631 954/2879/5632
f 831/2880/5633 1089/2881/5634 954/2882/5635
f 682/1769/5636 961/1970/5637 1093/1770/5638
f 637/2883/5639 925/1751/5640 830/2884/5641
f 812/1757/5642 1021/1756/5643 753/2610/5644
f 1065/2069/5645 681/2071/5646 1053/2126/5647
f 1053/2126/5648 980/2527/5649 1065/2069/5650
f 918/2885/5651 698/2886/5652 735/2887/5653
f 797/2888/5654 1015/1761/5655 1116/1760/5656
f 956/1746/5657 625/1768/5658 644/2146/5659
f 925/2077/5660 625/1768/5661 956/1746/5662
f 1128/2889/5663 925/2890/5664 956/2891/5665
f 1060/2892/5666 753/2893/5667 1021/2665/5668
f 1035/2894/5669 834/2895/5670 1003/2896/5671
f 918/2498/5672 1018/2897/5673 1033/2497/5674
f 688/2044/5675 804/1789/5676 996/1788/5677
f 643/2426/5678 630/2408/5679 618/1898/5680
f 630/2898/5681 854/2483/5682 618/2899/5683
f 1131/2900/5684 678/2901/5685 605/2902/5686
f 1049/2903/5687 1048/2136/5688 1047/2475/5689
f 1087/2904/5690 1048/2136/5691 1049/2903/5692
f 913/2905/5693 611/2906/5694 879/2907/5695
f 913/2908/5696 879/2909/5697 874/2910/5698
f 728/2911/5699 774/2912/5700 663/2913/5701
f 1018/2897/5702 859/2068/5703 1033/2497/5704
f 668/2914/5705 786/2915/5706 899/2032/5707
f 1101/2407/5708 731/1958/5709 727/1957/5710
f 756/1772/5711 680/2143/5712 1070/1773/5713
f 684/1928/5714 667/2351/5715 1063/1918/5716
f 1269/2916/5717 751/1817/5718 898/2367/5719
f 936/2917/5720 898/2367/5721 751/1817/5722
f 1069/1850/5723 1042/1838/5724 631/2410/5725
f 854/2333/5726 631/2918/5727 1042/2334/5728
f 1195/1242/5729 858/1893/5730 659/2740/5731 1218/1243/5732
f 1342/2919/5733 1381/2920/5734 610/2921/5735 998/2922/5736
f 949/2468/5737 948/2319/5738 610/1797/5739
f 1110/2923/5740 910/2924/5741 1014/2925/5742
f 832/1969/5743 877/2061/5744 1081/2614/5745
f 1156/2926/5746 820/2516/5747 1175/2927/5748
f 1156/2926/5749 1162/2517/5750 820/2516/5751
f 615/2928/5752 1116/2929/5753 1064/2930/5754
f 758/2931/5755 620/2218/5756 757/2496/5757
f 747/2122/5758 748/1931/5759 692/2102/5760
f 904/2128/5761 747/2122/5762 692/2102/5763
f 1142/1938/5764 1075/2092/5765 650/1876/5766
f 753/2932/5767 1092/2933/5768 1005/2934/5769
f 1032/2165/5770 883/2322/5771 750/2490/5772
f 840/2206/5773 883/2322/5774 1032/2165/5775
f 732/1791/5776 794/1790/5777 795/2273/5778
f 631/2935/5779 997/2719/5780 1069/2721/5781
f 716/2401/5782 687/2284/5783 619/2285/5784
f 990/1910/5785 915/2022/5786 686/1911/5787
f 863/2042/5788 679/1981/5789 732/1791/5790
f 1105/2250/5791 824/2563/5792 627/2251/5793
f 742/2321/5794 1035/2664/5795 883/2322/5796
f 742/2321/5797 834/2640/5798 1035/2664/5799
f 1003/2936/5800 834/2937/5801 818/2938/5802
f 834/2939/5803 754/2940/5804 624/2941/5805
f 754/2940/5806 661/2029/5807 624/2941/5808
f 1061/2942/5809 601/2943/5810 603/2944/5811
f 1041/2303/5812 1111/2302/5813 1117/2585/5814
f 790/1766/5815 1131/1765/5816 1138/2201/5817
f 1138/2841/5818 1131/2945/5819 941/2946/5820
f 830/2947/5821 831/2948/5822 860/2949/5823
f 661/2478/5824 1074/2477/5825 1037/1717/5826
f 1121/1719/5827 661/2478/5828 1037/1717/5829
f 865/2442/5830 609/2406/5831 645/1724/5832
f 657/2950/5833 651/2951/5834 960/2952/5835
f 1345/2953/5836 1360/2954/5837 651/2955/5838 626/2039/5839
f 651/2955/5840 657/2040/5841 626/2039/5842
f 617/2427/5843 745/1801/5844 893/1821/5845
f 617/2427/5846 616/1934/5847 745/1801/5848
f 651/2012/5849 635/2956/5850 608/2010/5851
f 800/2394/5852 835/2383/5853 1125/2317/5854
f 733/2957/5855 1005/2958/5856 696/2959/5857
f 1203/1287/5858 659/2960/5859 587/1288/5860
f 859/2068/5861 786/1774/5862 787/1776/5863
f 786/2961/5864 859/2962/5865 899/2963/5866
f 875/2964/5867 992/2086/5868 876/2429/5869
f 960/2965/5870 1121/2966/5871 872/2967/5872
f 734/1829/5873 616/1934/5874 660/2500/5875
f 616/2968/5876 617/2969/5877 660/2970/5878
f 1355/2971/5879 1099/2602/5880 1366/2972/5881
f 1137/2270/5882 691/2601/5883 793/1730/5884
f 721/1795/5885 1072/2728/5886 859/2068/5887
f 1103/2973/5888 870/2974/5889 853/2485/5890
f 1157/2975/5891 851/2976/5892 1167/2977/5893
f 698/2978/5894 718/2979/5895 735/2980/5896
f 873/2981/5897 815/2982/5898 927/2983/5899
f 968/2984/5900 944/2985/5901 692/2986/5902
f 1118/2771/5903 821/2503/5904 1130/2987/5905
f 1006/2731/5906 978/2537/5907 712/2015/5908
f 609/2988/5909 1100/2989/5910 1088/2990/5911
f 624/2991/5912 982/2992/5913 713/2993/5914
f 669/1828/5915 1027/1723/5916 990/1910/5917
f 723/1896/5918 911/2356/5919 724/1897/5920
f 978/2994/5921 1017/2868/5922 822/2995/5923
f 702/1739/5924 889/1738/5925 888/1846/5926
f 664/2996/5927 989/2997/5928 1089/2998/5929
f 946/2402/5930 902/2652/5931 639/1785/5932
f 727/2999/5933 977/3000/5934 636/3001/5935
f 977/2444/5936 1122/2443/5937 636/3002/5938
f 868/3003/5939 926/3004/5940 1065/3005/5941
f 713/3006/5942 896/3007/5943 1057/3008/5944
f 896/3009/5945 1044/3010/5946 1057/3011/5947
f 896/3012/5948 713/3013/5949 982/3014/5950
f 772/2329/5951 795/2273/5952 720/3015/5953
f 720/3015/5954 1051/3016/5955 772/2329/5956
f 939/3017/5957 652/3018/5958 881/3019/5959
f 773/3020/5960 939/3017/5961 881/3019/5962
f 1066/3021/5963 752/3022/5964 1109/3023/5965
f 1119/2298/5966 1055/3024/5967 967/3025/5968
f 1055/2454/5969 1119/2641/5970 1135/3026/5971
f 621/2384/5972 812/2277/5973 753/2893/5974
f 1067/3027/5975 1017/3028/5976 717/3029/5977
f 752/3022/5978 1067/3027/5979 717/3029/5980
f 1085/2248/5981 1002/2247/5982 775/1843/5983
f 979/2242/5984 752/3030/5985 762/2243/5986
f 1013/3031/5987 770/2002/5988 784/2135/5989
f 664/2425/5990 630/2408/5991 643/2426/5992
f 1102/1830/5993 1073/3032/5994 866/2041/5995
f 603/3033/5996 1068/2081/5997 962/1849/5998
f 953/2264/5999 868/2217/6000 697/1941/6001
f 1202/1365/6002 935/3034/6003 1220/1366/6004
f 701/2505/6005 609/2406/6006 796/3035/6007
f 609/2406/6008 701/2505/6009 645/1724/6010
f 696/3036/6011 621/3037/6012 733/3038/6013
f 643/2426/6014 618/1898/6015 939/2718/6016
f 756/1772/6017 894/1929/6018 680/2143/6019
f 926/2070/6020 953/2264/6021 981/2263/6022
f 895/1951/6023 1087/2904/6024 894/1929/6025
f 1361/3039/6026 1346/3040/6027 648/3041/6028 635/3042/6029
f 879/3043/6030 815/3044/6031 870/3045/6032
f 952/1796/6033 1030/2685/6034 610/1797/6035
f 1040/3046/6036 701/3047/6037 796/3048/6038
f 1040/3046/6039 796/3048/6040 871/2192/6041
f 700/1831/6042 866/2041/6043 657/2040/6044
f 602/1886/6045 880/1836/6046 719/2305/6047
f 766/2157/6048 709/2815/6049 677/3049/6050
f 909/1859/6051 704/1895/6052 1016/2660/6053
f 746/2129/6054 741/1823/6055 747/2122/6056
f 1187/1383/6057 958/2257/6058 575/556/6059
f 706/3050/6060 819/2725/6061 1010/2727/6062
f 1121/3051/6063 974/3052/6064 661/3053/6065
f 973/2163/6066 761/2467/6067 1025/2466/6068
f 751/3054/6069 848/2340/6070 936/2339/6071
f 1153/3055/6072 789/3056/6073 805/2857/6074 1169/3057/6075
f 721/1795/6076 1026/3058/6077 1072/2728/6078
f 1133/2766/6079 720/3059/6080 1076/2764/6081
f 1051/3060/6082 720/3059/6083 1133/2766/6084
f 897/3061/6085 755/3062/6086 835/3063/6087
f 835/2383/6088 755/2337/6089 1050/2403/6090
f 897/3064/6091 722/2094/6092 755/3065/6093
f 1048/2136/6094 895/1951/6095 916/1953/6096
f 966/3066/6097 904/3067/6098 739/2605/6099
f 693/2336/6100 1050/2403/6101 755/2337/6102
f 1026/3068/6103 1116/3069/6104 615/3070/6105
f 797/2055/6106 1116/3069/6107 1026/3068/6108
f 961/1970/6109 602/1886/6110 1093/1770/6111
f 902/2652/6112 1110/1732/6113 988/2531/6114
f 847/2013/6115 639/1785/6116 903/2658/6117
f 776/2104/6118 933/2186/6119 778/1993/6120
f 948/3071/6121 761/3072/6122 973/3073/6123
f 1136/3074/6124 874/3075/6125 879/3076/6126
f 785/1812/6127 836/1811/6128 699/1839/6129
f 847/2013/6130 656/2014/6131 846/2283/6132
f 760/3077/6133 1066/3078/6134 985/3079/6135
f 1013/3080/6136 927/3081/6137 815/3082/6138
f 580/1418/6139 1082/3083/6140 1197/1419/6141
f 1082/2543/6142 1081/2614/6143 776/2104/6144
f 1081/2614/6145 877/2061/6146 776/2104/6147
f 647/1800/6148 1055/2454/6149 648/1820/6150
f 966/1919/6151 943/2573/6152 920/1935/6153
f 890/3084/6154 728/3085/6155 892/3086/6156
f 976/1754/6157 1106/1753/6158 952/3087/6159
f 976/1754/6160 952/3087/6161 1000/1986/6162
f 1030/3088/6163 952/3089/6164 1106/3090/6165
f 1063/1918/6166 667/2351/6167 886/2712/6168
f 1013/3031/6169 784/2135/6170 927/2584/6171
f 1014/1733/6172 746/2129/6173 920/1935/6174
f 683/1909/6175 793/1730/6176 691/2601/6177
f 940/1727/6178 604/1726/6179 989/2373/6180
f 885/2219/6181 1002/2247/6182 935/2271/6183
f 963/1863/6184 1076/1885/6185 794/1790/6186
f 1154/3091/6187 897/2395/6188 1148/3092/6189
f 628/2249/6190 627/2251/6191 769/2272/6192
f 1044/3093/6193 896/3094/6194 1039/2470/6195
f 1112/2374/6196 1118/2361/6197 1130/2599/6198
f 1136/3095/6199 613/3096/6200 1071/1947/6201
f 627/2251/6202 824/2563/6203 863/2042/6204
f 694/2723/6205 871/2697/6206 743/2379/6207
f 1053/2126/6208 1077/2125/6209 709/2815/6210
f 1132/3097/6211 821/2772/6212 678/2774/6213
f 704/1895/6214 724/1897/6215 857/2315/6216
f 781/2659/6217 704/1895/6218 857/2315/6219
f 602/1886/6220 961/1970/6221 832/1969/6222
f 819/2324/6223 942/2325/6224 1141/3098/6225
f 819/2324/6226 1141/3098/6227 731/1958/6228
f 948/3099/6229 1073/3100/6230 1127/3101/6231
f 798/1997/6232 1073/3032/6233 948/2319/6234
f 778/1993/6235 828/1995/6236 779/2482/6237
f 1164/3102/6238 1151/2700/6239 1140/2221/6240
f 604/1726/6241 1118/2361/6242 1112/2374/6243
f 655/2103/6244 779/2482/6245 975/2255/6246
f 1090/1818/6247 1070/1773/6248 680/2143/6249
f 930/3103/6250 899/3104/6251 601/3105/6252
f 817/1780/6253 896/2448/6254 900/1854/6255
f 817/1780/6256 1039/1781/6257 896/2448/6258
f 1095/2054/6259 699/1839/6260 688/2044/6261
f 1014/1733/6262 920/1935/6263 607/1734/6264
f 674/1883/6265 963/1863/6266 730/1870/6267
f 1165/3106/6268 744/3107/6269 1155/3108/6270
f 998/3109/6271 1030/2685/6272 843/2176/6273
f 1030/3110/6274 998/3111/6275 610/3112/6276
f 1097/1975/6277 823/2168/6278 969/2231/6279
f 1073/3032/6280 1102/1830/6281 809/2009/6282
f 1102/3113/6283 693/3114/6284 809/3115/6285
f 1139/2779/6286 1051/2778/6287 1133/2766/6288
f 842/3116/6289 766/3117/6290 668/3118/6291
f 1129/2075/6292 693/2336/6293 1102/1830/6294
f 611/2017/6295 829/2558/6296 808/2018/6297
f 939/2718/6298 618/1898/6299 652/2707/6300
f 997/1983/6301 882/2822/6302 1128/3119/6303
f 997/1937/6304 1128/3120/6305 956/1746/6306
f 1138/3121/6307 941/2762/6308 773/2717/6309
f 1141/3122/6310 765/3123/6311 977/1959/6312
f 840/2206/6313 1032/2165/6314 1124/2316/6315
f 765/3123/6316 922/1963/6317 977/1959/6318
f 670/2791/6319 923/2441/6320 669/1828/6321
f 1082/2543/6322 655/2103/6323 654/2256/6324
f 1141/3122/6325 942/2325/6326 665/2239/6327
f 966/1919/6328 920/1935/6329 746/2129/6330
f 966/3124/6331 746/3125/6332 904/3126/6333
f 1199/1058/6334 891/2744/6335 1123/3127/6336 1210/1464/6337
f 1233/1466/6338 1210/1464/6339 1123/3127/6340
f 799/2398/6341 771/1844/6342 775/1843/6343
f 859/3128/6344 1018/3129/6345 899/3130/6346
f 899/3104/6347 1018/3131/6348 601/3132/6349
f 1027/1723/6350 669/1828/6351 923/2441/6352
f 1094/2476/6353 673/1834/6354 1074/2477/6355
f 825/2709/6356 673/1834/6357 1094/2476/6358
f 612/1926/6359 748/1931/6360 741/1823/6361
f 676/2205/6362 825/2709/6363 754/2639/6364
f 1129/2075/6365 1037/1717/6366 1074/2477/6367
f 1039/1781/6368 701/2505/6369 1040/2472/6370
f 646/1725/6371 701/2505/6372 1039/1781/6373
f 960/3133/6374 872/3134/6375 700/3135/6376
f 657/3136/6377 960/3133/6378 700/3135/6379
f 1018/3137/6380 735/3138/6381 601/3139/6382
f 685/1731/6383 801/1755/6384 976/1754/6385
f 809/2009/6386 849/2008/6387 610/1797/6388
f 720/3140/6389 795/3141/6390 794/3142/6391
f 773/3143/6392 941/3144/6393 940/3145/6394
f 1101/2407/6395 649/2093/6396 1075/2092/6397
f 915/3146/6398 817/1780/6399 1023/2053/6400
f 686/1911/6401 915/3146/6402 1023/2053/6403
f 642/3147/6404 880/1836/6405 780/2085/6406
f 880/1836/6407 642/3147/6408 641/1837/6409
f 992/2086/6410 1029/2172/6411 877/2061/6412
f 958/2546/6413 970/2004/6414 1104/2547/6415
f 676/2205/6416 834/2640/6417 742/2321/6418
f 676/2205/6419 742/2321/6420 841/2320/6421
f 1084/1976/6422 1083/2678/6423 1108/1977/6424
f 1108/1977/6425 1083/2678/6426 1107/2455/6427
f 889/1738/6428 703/1740/6429 983/2156/6430
f 719/2305/6431 1045/2304/6432 1024/2145/6433
f 851/3148/6434 1001/3149/6435 1096/3150/6436
f 851/3151/6437 1096/3152/6438 849/3153/6439
f 890/3154/6440 711/3155/6441 968/3156/6442
f 1087/2904/6443 852/2144/6444 894/1929/6445
f 905/2328/6446 931/2327/6447 906/3157/6448
f 736/1888/6449 906/3158/6450 780/2085/6451
f 1048/2136/6452 1087/2904/6453 895/1951/6454
f 860/2412/6455 954/2181/6456 696/2180/6457
f 860/2949/6458 831/2948/6459 954/3159/6460
f 1009/2003/6461 1052/2133/6462 784/2135/6463
f 924/1927/6464 666/2241/6465 1006/2731/6466
f 1347/3160/6467 864/3161/6468 1340/3162/6469
f 808/2018/6470 829/2558/6471 1026/2557/6472
f 1141/3122/6473 977/1959/6474 731/1958/6475
f 888/3163/6476 638/3164/6477 951/3165/6478
f 888/1846/6479 887/1845/6480 638/3166/6481
f 1005/2411/6482 726/3167/6483 860/2412/6484
f 637/3168/6485 860/3169/6486 726/3170/6487
f 725/3171/6488 1003/3172/6489 1101/3173/6490
f 649/2093/6491 788/2512/6492 650/1876/6493
f 1125/2317/6494 764/2347/6495 1086/2345/6496
f 1125/2317/6497 1086/2345/6498 744/3174/6499
f 1125/2317/6500 744/3175/6501 800/2394/6502
f 936/1891/6503 1049/3176/6504 1047/1889/6505
f 645/1724/6506 1027/1723/6507 923/2441/6508
f 824/2563/6509 1083/2678/6510 1084/1976/6511
f 576/619/6512 907/2314/6513 909/3177/6514 1185/1516/6515
f 819/2324/6516 1142/1938/6517 917/2488/6518
f 1142/1938/6519 1057/2486/6520 917/2488/6521
f 1057/3011/6522 1142/3178/6523 713/3179/6524
f 928/3180/6525 789/3181/6526 1038/3182/6527
f 676/2205/6528 749/2204/6529 1114/1832/6530
f 803/1787/6531 730/1870/6532 963/1863/6533
f 826/2535/6534 1109/3183/6535 752/3184/6536
f 666/2241/6537 619/2285/6538 979/2242/6539
f 628/2249/6540 857/2315/6541 1105/2250/6542
f 1080/2381/6543 857/2315/6544 628/2249/6545
f 777/1994/6546 917/2488/6547 833/2253/6548
f 1092/2933/6549 753/2932/6550 1060/2892/6551
f 1141/3122/6552 665/2239/6553 765/3123/6554
f 699/1839/6555 1095/2054/6556 785/1812/6557
f 740/1784/6558 708/2178/6559 1171/3185/6560 867/1950/6561
f 929/1880/6562 613/1882/6563 879/2635/6564
f 959/2502/6565 821/2503/6566 1132/3186/6567
f 1124/2316/6568 764/2347/6569 1125/2317/6570
f 662/2076/6571 845/1965/6572 925/2077/6573
f 738/3187/6574 1097/3188/6575 912/3189/6576
f 862/1964/6577 682/2436/6578 845/1965/6579
f 682/2436/6580 862/1964/6581 791/2428/6582
f 1112/2374/6583 994/2598/6584 621/2384/6585
f 994/2598/6586 869/2597/6587 621/2384/6588
f 1043/2045/6589 987/1745/6590 1019/2046/6591
f 1176/1530/6592 865/3190/6593 574/1531/6594
f 658/1908/6595 685/1731/6596 793/1730/6597
f 705/1743/6598 858/1893/6599 768/1892/6600
f 705/1743/6601 1058/1742/6602 858/1893/6603
f 863/2042/6604 969/2231/6605 1031/1946/6606
f 969/2231/6607 863/2042/6608 824/2563/6609
f 619/3191/6610 1110/3192/6611 946/3193/6612
f 1110/3192/6613 619/3191/6614 910/3194/6615
f 619/3195/6616 666/3196/6617 910/3197/6618
f 1058/1742/6619 711/1741/6620 984/1939/6621
f 607/1734/6622 783/2031/6623 988/2531/6624
f 991/3198/6625 791/3199/6626 792/3200/6627
f 1006/2731/6628 712/2015/6629 612/1926/6630
f 924/1927/6631 1006/2731/6632 612/1926/6633
f 694/2723/6634 743/2379/6635 828/1995/6636
f 839/1906/6637 979/1905/6638 687/2284/6639
f 1200/531/6640 592/1543/6641 884/2240/6642
f 1051/3016/6643 921/2382/6644 772/2329/6645
f 940/1727/6646 989/2373/6647 643/2426/6648
f 939/2718/6649 940/1727/6650 643/2426/6651
f 754/2639/6652 1094/2476/6653 661/3201/6654
f 703/3202/6655 623/3203/6656 1011/3204/6657
f 1378/3205/6658 660/3206/6659 1379/3207/6660
f 823/2168/6661 1097/1975/6662 738/2627/6663
f 971/1887/6664 1104/2547/6665 970/2004/6666
f 902/2652/6667 988/2531/6668 810/2532/6669
f 903/3208/6670 902/3209/6671 810/3210/6672
f 910/1822/6673 924/1927/6674 741/1823/6675
f 781/2659/6676 857/2315/6677 1054/2380/6678
f 1080/3211/6679 1054/3212/6680 857/3213/6681
f 758/2312/6682 668/2405/6683 707/3214/6684
f 675/1871/6685 641/1837/6686 642/3147/6687
f 780/2085/6688 675/1871/6689 642/3147/6690
f 820/3215/6691 1038/2724/6692 1174/3216/6693 1175/3217/6694
f 744/3218/6695 1086/2345/6696 1172/3219/6697 1161/3220/6698
f 722/3221/6699 1159/3222/6700 1170/3223/6701
f 1086/3224/6702 986/3225/6703 1172/3226/6704
f 744/3218/6705 1161/3220/6706 1155/3227/6707
f 897/2395/6708 1154/3091/6709 1159/3222/6710 722/3221/6711
f 789/2121/6712 1153/3228/6713 1174/3216/6714 1038/2724/6715
f 800/2394/6716 744/3229/6717 1165/3230/6718 1152/3231/6719
f 722/3232/6720 1150/3233/6721 1163/3234/6722 850/2579/6723
f 800/3235/6724 1152/3236/6725 1148/3237/6726 897/3238/6727
f 827/3239/6728 1166/3240/6729 1147/3241/6730
f 708/2178/6731 1146/2177/6732 1171/3185/6733
f 914/3242/6734 1145/3243/6735 1168/3244/6736
f 805/2857/6737 1144/2856/6738 1169/3057/6739
f 914/3245/6740 827/3246/6741 1147/3247/6742 1143/3248/6743
f 1149/3249/6744 837/3250/6744 1151/3251/6744 1164/3252/6744 1162/3253/6744 1156/3254/6744 1175/3255/6744 1174/3256/6744 1153/3257/6744 1169/3258/6744 1144/3259/6744 1160/3260/6744 1158/3261/6744 1157/3262/6744 1167/3263/6744 1163/3264/6744 1150/3265/6744 1170/3266/6744 1159/3267/6744 1154/3268/6744 1148/3269/6744 1152/3270/6744 1165/3271/6744 1155/3272/6744 1161/3273/6744 1172/3274/6744 986/3275/6744 1168/3276/6744 1145/3277/6744 1143/3278/6744 1147/3279/6744 1166/3280/6744 839/3281/6744 867/3282/6744 1171/3283/6744 1146/3284/6744 1173/3285/6744
f 783/2031/6745 1079/2111/6746 1232/1629/6747 1236/405/6748
f 695/3286/6749 600/1633/6750 590/1632/6751 980/3287/6752
f 1139/2779/6753 1133/2766/6754 1235/1635/6755 1225/1634/6756
f 1054/2674/6757 1222/1636/6758 1228/991/6759
f 1295/3288/6760 1294/1639/6761 586/1638/6762
f 1079/2111/6763 937/2668/6764 1221/1640/6765 1232/1629/6766
f 975/2555/6767 593/1642/6768 1219/1641/6769
f 868/3289/6770 1065/3290/6771 1234/1645/6772 1217/1644/6773
f 865/3291/6774 595/1650/6775 1216/1649/6776 609/3292/6777
f 868/2217/6778 1217/1652/6779 583/1651/6780 999/2215/6781
f 1133/2766/6782 1231/1654/6783 582/1653/6784
f 1133/2766/6785 582/1653/6786 1235/1635/6787
f 975/3293/6788 1088/3294/6789 1213/1657/6790 593/1656/6791
f 937/2814/6792 1212/1138/6793 1221/1659/6794
f 1356/3295/6795 1373/3296/6796 838/1827/6797
f 710/1985/6798 589/268/6799 1211/1662/6800 656/2014/6801
f 999/3297/6802 1207/1666/6803 587/1665/6804 659/3298/6805
f 999/3299/6806 583/1669/6807 1207/1668/6808
f 1139/2779/6809 1225/1634/6810 1206/1670/6811 1054/2674/6812
f 781/3300/6813 585/1674/6814 1205/1673/6815 1016/3301/6816
f 932/2326/6817 1215/1676/6818 579/1675/6819
f 935/3302/6820 1202/1679/6821 1204/1678/6822
f 1054/2674/6823 1206/1670/6824 1198/1680/6825
f 1054/2674/6826 1198/1680/6827 1222/1636/6828
f 1082/3303/6829 654/3304/6830 1201/1683/6831 1197/1682/6832
f 855/2701/6833 1196/1686/6834 1214/1685/6835 806/1847/6836
f 855/2701/6837 588/1687/6838 1196/1686/6839
f 858/1893/6840 1195/1242/6841 594/1688/6842 937/2668/6843
f 670/2791/6844 1194/1690/6845 1223/1689/6846
f 1065/3305/6847 1193/1693/6848 1234/1692/6849
f 980/2527/6850 578/1695/6851 1193/1694/6852 1065/2069/6853
f 865/3306/6854 923/3307/6855 1191/1698/6856 1229/1697/6857
f 806/1847/6858 1214/1685/6859 1190/1141/6860 695/2816/6861
f 1085/2248/6862 884/3308/6863 1189/1700/6864 1192/541/6865
f 905/2328/6866 958/2257/6867 1187/1383/6868 1186/1702/6869
f 932/2326/6870 905/2328/6871 1186/1702/6872 1215/1676/6873
f 909/3177/6874 1016/2261/6875 596/874/6876 1185/1516/6877
f 810/2532/6878 783/2031/6879 1184/980/6880 577/1703/6881
f 1082/3083/6882 580/1418/6883 1183/1705/6884 878/3309/6885
f 878/3310/6886 1183/1707/6887 1227/554/6888 958/2257/6889
f 891/3311/6890 597/1711/6891 1181/1710/6892 898/3312/6893
f 932/2326/6894 579/1675/6895 1179/1712/6896 629/2765/6897
f 1133/2766/6898 629/2765/6899 1179/1712/6900 1231/1654/6901
f 865/3306/6902 1229/1697/6903 574/1713/6904
f 691/2601/6905 1137/2270/6906 1178/573/6907 599/1714/6908
f 844/2666/6909 691/2601/6910 599/1714/6911 1177/982/6912
f 865/3306/6913 1176/1716/6914 595/1715/6915
f 703/3313/6916 1288/3314/6917 1290/3315/6918
f 671/1865/6919 962/1849/6920 1292/3316/6921 1287/1866/6922
f 951/1855/6923 1070/1773/6924 1285/3317/6925 1289/3318/6926
f 1068/3319/6927 1284/3320/6928 1292/3321/6929 962/3322/6930
f 702/1739/6931 1283/2818/6932 1288/3323/6933 703/1740/6934
f 623/3324/6935 1282/3325/6936 1286/3326/6937 698/3327/6938
f 951/3328/6939 1289/3329/6940 1281/3330/6941 888/3331/6942
f 718/3332/6943 1277/3333/6944 1280/3334/6945
f 718/3335/6946 698/3336/6947 1278/3337/6948 1277/3338/6949
f 671/1865/6950 1276/1864/6951 1291/3339/6952 855/2701/6953
f 888/1846/6954 1281/3340/6955 1274/2817/6956 702/1739/6957
f 1068/2081/6958 1272/3341/6959 1284/3342/6960
f 1090/1818/6961 1271/3343/6962 1275/3344/6963 1070/1773/6964
f 855/2701/6965 1291/3339/6966 1270/3345/6967
f 588/3346/6968 855/3347/6969 1270/3348/6970 1295/3288/6971 586/1638/6972
f 1090/1818/6973 751/1817/6974 1271/3343/6975
f 898/3349/6976 1181/3350/6977 1293/3351/6978 1268/3352/6979
f 898/2367/6980 1267/2366/6981 1269/2916/6982
f 70/149/6983 1260/148/6984 1265/3353/6985 359/131/6986
f 348/139/6987 1261/3354/6988 1259/3355/6989 468/53/6990
f 466/3356/6991 359/3357/6992 1265/3358/6993 1258/3359/6994
f 285/129/6995 1257/1326/6996 1256/3360/6997
f 348/3361/6998 285/3362/6999 1256/3363/7000 1261/3364/7001
f 115/3365/7002 1255/3366/7003 1252/3367/7004
f 115/3368/7005 1252/3369/7006 1253/3370/7007 97/3371/7008
f 70/149/7009 251/1014/7010 1263/3372/7011 1251/147/7012
f 286/128/7013 1249/3373/7014 1254/1325/7015
f 466/367/7016 1258/3374/7017 1246/3375/7018
f 488/101/7019 1245/3376/7020 1247/98/7021
f 488/101/7022 468/53/7023 1250/3377/7024 1245/3376/7025
f 409/3378/7026 97/3379/7027 1264/3380/7028 1244/3381/7029
f 251/1014/7030 1243/3382/7031 1263/3372/7032
f 588/3346/7033 586/1638/7034 1266/1637/7035 1243/3383/7036 251/3384/7037
f 333/3385/7038 1262/3386/7039 1242/1240/7040 295/673/7041
f 286/128/7042 380/447/7043 1376/3387/7044 1240/3388/7045 1249/3373/7046
f 97/3389/7047 1253/3390/7048 259/3391/7049
f 295/3392/7050 1238/3393/7051 1293/3351/7052 1181/3350/7053
f 295/673/7054 1239/1239/7055 1237/674/7056
f 1243/3383/7057 1266/1637/7058 1294/1639/7059 1295/3288/7060 1270/3348/7061 1291/3339/7062 1276/1864/7063 1287/1866/7064 1292/3316/7065 1284/3320/7066 1272/3341/7067 1273/2858/7068 1280/2079/7069 1277/3333/7070 1278/3337/7071 1286/2622/7072 1282/3325/7073 1279/2844/7074 1290/2679/7075 1288/3314/7076 1283/2818/7077 1274/2817/7078 1281/3340/7079 1289/3329/7080 1285/3317/7081 1275/2459/7082 1271/3343/7083 751/1817/7084 1269/2916/7085 1267/2366/7086 1268/2365/7087 1293/3351/7088 1238/3393/7089 1237/674/7090 1239/1239/7091 1242/1240/7092 1262/3386/7093 1241/1388/7094 1247/98/7095 1245/3376/7096 1250/3377/7097 1259/775/7098 1261/3354/7099 1256/3363/7100 1257/1326/7101 1254/1325/7102 1249/3373/7103 1240/3388/7104 1376/3394/7105 1244/1547/7106 1264/3380/7107 259/741/7108 1253/3390/7109 1252/3369/7110 1255/3366/7111 1248/364/7112 1246/1183/7113 1258/3374/7114 1265/3358/7115 1260/148/7116 1251/147/7117 1263/3372/7118
f 1188/981/7119 1383/3395/7120 1377/2813/7121 844/2666/7122
f 1194/3396/7123 1374/3397/7124 1375/1661/7125 234/109/7126 69/1113/7127
f 1194/3396/7128 670/2791/7129 838/1827/7130 1373/3296/7131 1374/3397/7132
f 658/1908/7133 1371/3398/7134 1369/3399/7135
f 1126/2600/7136 1367/3400/7137 1370/3401/7138
f 1099/2602/7139 1126/2600/7140 1370/3401/7141 1366/2972/7142
f 685/1731/7143 658/1908/7144 1369/3399/7145 1358/1782/7146
f 651/2955/7147 1360/2954/7148 1357/3402/7149
f 658/1908/7150 1099/2602/7151 1355/2971/7152 1371/3398/7153
f 660/3403/7154 955/3404/7155 1352/3405/7156 1379/3406/7157
f 955/2127/7158 606/1861/7159 1382/1860/7160 1352/3407/7161
f 1126/2600/7162 844/2666/7163 1350/2812/7164 1367/3400/7165
f 734/3408/7166 660/3409/7167 1364/3410/7168 1349/3411/7169
f 864/2164/7170 1347/3412/7171 1359/3413/7172 782/1996/7173
f 782/1996/7174 1359/3413/7175 1345/2953/7176 626/2039/7177
f 635/2956/7178 651/3414/7179 1357/3415/7180 1380/3416/7181
f 949/2468/7182 1362/2676/7183 1343/3417/7184 1025/2466/7185
f 1025/2466/7186 1343/3417/7187 1344/3418/7188
f 998/3419/7189 1368/3420/7190 1342/3421/7191
f 949/3422/7192 610/3423/7193 1381/3424/7194 1341/3425/7195
f 843/2176/7196 1106/3426/7197 1338/3427/7198 1351/3428/7199
f 838/3429/7200 734/3430/7201 1349/3431/7202 1337/3432/7203
f 838/1827/7204 1337/3433/7205 1356/3295/7206
f 606/1861/7207 1348/2730/7208 1336/2686/7209
f 57/191/7210 1331/3434/7211 1333/3435/7212
f 395/3436/7213 396/3437/7214 1385/3438/7215 1330/3439/7216
f 1188/981/7217 240/983/7218 1329/1134/7219 1383/3395/7220
f 524/921/7221 1332/3440/7222 1328/3441/7223
f 497/923/7224 1327/1301/7225 1332/3440/7226 524/921/7227
f 84/14/7228 1319/64/7229 1331/3434/7230 57/191/7231
f 50/1282/7232 1318/3442/7233 1321/1280/7234
f 57/191/7235 1333/3435/7236 1316/1300/7237 497/923/7238
f 59/3443/7239 1335/3444/7240 1313/3445/7241 352/3446/7242
f 352/416/7243 1313/3447/7244 1311/143/7245 6/145/7246
f 524/921/7247 1328/3441/7248 1310/1135/7249 240/983/7250
f 131/3448/7251 1309/3449/7252 1325/3450/7253 59/3451/7254
f 396/3452/7255 1307/3453/7256 1385/3454/7257
f 261/454/7258 178/281/7259 1320/3455/7260 1306/3456/7261
f 178/281/7262 25/324/7263 1304/1281/7264 1320/3455/7265
f 34/1283/7266 1386/3457/7267 1318/3458/7268 50/3459/7269
f 346/781/7270 423/780/7271 1302/3460/7272 1323/3461/7273
f 423/780/7274 1303/3462/7275 1302/3460/7276
f 396/3463/7277 346/781/7278 1323/3461/7279 1301/3464/7280
f 396/3465/7281 1301/3466/7282 1307/3467/7283
f 239/466/7284 1312/3468/7285 1298/3469/7286 504/3470/7287
f 234/3471/7288 1297/3472/7289 1309/3473/7290 131/3474/7291
f 234/109/7292 1317/1660/7293 1297/3475/7294
f 6/145/7295 1296/999/7296 1308/1042/7297
f 1313/3445/7298 1335/1549/7299 1325/3450/7300 1364/2499/7301
f 1377/2813/7302 1367/3400/7303 1350/2812/7304
f 1367/3400/7305 1366/2972/7306 1370/3401/7307
f 1366/2972/7308 1367/3400/7309 1355/2971/7310
f 1355/2971/7311 1367/3400/7312 1371/3398/7313
f 1371/3398/7314 1358/1782/7315 1369/3399/7316
f 1328/3441/7317 1329/1134/7318 1310/1135/7319
f 1367/3400/7320 1377/2813/7321 1383/3395/7322 1329/1134/7323 1371/3398/7324
f 1371/3398/7325 1340/2036/7326 1358/1782/7327
f 1329/1134/7328 1347/3160/7329 1371/3398/7330
f 1329/1134/7331 1328/3441/7332 1347/3160/7333
f 1332/3440/7334 1333/3435/7335 1328/3441/7336
f 1328/3441/7337 1333/3435/7338 1347/3160/7339
f 1316/1300/7340 1332/3440/7341 1327/1301/7342
f 1319/64/7343 1333/3435/7344 1331/3434/7345
f 1333/3435/7346 1332/3440/7347 1316/1300/7348
f 1358/1782/7349 1340/2036/7350 1354/1783/7351
f 1371/3398/7352 1347/3160/7353 1340/2036/7354
f 1319/64/7355 1347/3160/7356 1333/3435/7357
f 1365/2115/7358 1351/3428/7359 1372/2116/7360
f 1372/2116/7361 1351/3428/7362 1338/2741/7363
f 1354/1783/7364 1353/2173/7365 1365/2115/7366
f 1340/2036/7367 1344/3418/7368 1354/1783/7369
f 1315/63/7370 1347/3160/7371 1319/64/7372
f 1365/2115/7373 1353/2173/7374 1351/3428/7375
f 1326/403/7370 1347/3160/7376 1315/63/7377
f 1354/1783/7378 1343/3417/7379 1368/2174/7380
f 1298/3469/7381 1312/1098/7382 1334/1055/7383
f 1334/1055/7384 1312/1098/7385 1326/403/7386
f 1368/2174/7387 1353/2173/7388 1354/1783/7389
f 1354/1783/7390 1344/3418/7391 1343/3417/7392
f 1314/465/7393 1326/403/7394 1312/1098/7395
f 1330/3439/7396 1326/403/7397 1314/465/7398
f 1368/2174/7399 1343/3417/7400 1342/3421/7401
f 1341/3425/7402 1343/3417/7403 1362/2676/7404
f 1341/3425/7405 1381/2920/7406 1342/3421/7407 1343/3417/7408
f 1307/3467/7409 1301/3464/7410 1330/3439/7411 1385/3454/7412
f 1330/3439/7413 1302/3460/7414 1326/403/7415
f 1301/3464/7416 1302/3460/7417 1330/3439/7418
f 1302/3460/7419 1301/3464/7420 1323/3461/7421
f 1300/1500/7422 1326/403/7423 1303/321/7424
f 1303/321/7425 1326/403/7426 1302/3460/7427
f 1326/403/7428 1359/3413/7429 1347/3160/7430
f 1326/403/7428 1345/2953/7431 1359/3413/7432
f 1306/3456/7433 1326/403/7434 1300/1500/7435
f 1320/3455/7436 1360/2954/7437 1306/3456/7438
f 1306/3456/7439 1360/2954/7440 1326/403/7441
f 1326/403/7428 1360/2954/7442 1345/2953/7443
f 1360/2954/7444 1321/1280/7445 1357/3402/7446
f 1304/1281/7447 1360/2954/7448 1320/3455/7449
f 1321/1280/7450 1360/2954/7451 1304/1281/7452
f 1357/3402/7453 1324/197/7454 1363/2788/7455 1380/3416/7456
f 1321/1280/7457 1318/3458/7458 1357/3402/7459
f 1363/2788/7460 1348/2730/7461 1361/1913/7462
f 1361/1913/7463 1348/2730/7464 1346/3040/7465
f 1348/2730/7466 1363/2788/7467 1336/2686/7468
f 1336/2686/7469 1363/2788/7470 1339/1862/7471
f 1318/3458/7472 1386/1111/7473 1324/197/7474 1357/3402/7475
f 1364/2499/7476 1325/3450/7477 1349/3411/7478
f 1349/3411/7479 1309/3473/7480 1337/3432/7481
f 1325/3450/7482 1309/3473/7483 1349/3411/7484
f 1363/2788/7485 1322/1373/7486 1339/1862/7487
f 1339/1862/7488 1322/1373/7489 1352/3407/7490 1382/1860/7491
f 1308/1042/7492 1322/1373/7493 1305/1043/7494
f 1322/1373/7495 1363/2788/7496 1324/197/7497
f 1352/3407/7498 1299/144/7499 1364/2499/7500 1378/3205/7501 1379/3406/7502
f 1299/144/7503 1311/143/7504 1364/2499/7505
f 1296/999/7506 1299/144/7507 1308/1042/7508
f 1308/1042/7509 1299/144/7510 1322/1373/7511
f 1322/1373/7512 1299/144/7513 1352/3407/7514
f 1337/3432/7515 1373/3296/7516 1356/3295/7517
f 1373/3296/7518 1375/1661/7519 1374/3397/7520
f 1375/1661/7521 1297/3475/7522 1317/1660/7523
f 1297/3475/7524 1375/1661/7525 1309/3473/7526
f 1375/1661/7527 1337/3432/7528 1309/3473/7529
f 1337/3432/7530 1375/1661/7531 1373/3296/7532
f 1311/143/7533 1313/3445/7534 1364/2499/7535
f 1376/3394/7536 380/3476/7537 409/3477/7538
f 1325/3450/7539 1335/1549/7540 1384/814/7541
