# Blender v2.79 (sub 0) OBJ File: 'redo_fixed_360_joints.blend'
# www.blender.org
mtllib sungaya_inexpectata_31mg.mtl
o 12-a7_Sungaya_inexpectata_31mg.025
v 0.000559 -0.000069 -0.000232
v 0.000609 -0.000010 -0.000140
v 0.000274 -0.000255 -0.000421
v 0.000091 -0.000187 -0.000476
v 0.000592 0.000279 -0.000145
v 0.000571 -0.000496 0.000091
v 0.000567 -0.000422 0.000181
v 0.000396 -0.000647 0.000336
v 0.000577 0.000305 0.000125
v 0.000525 -0.000609 -0.000158
v 0.000621 -0.000164 0.000061
v 0.000515 -0.000401 -0.000211
v 0.000083 0.000363 -0.000602
v 0.000256 0.000212 -0.000525
v 0.000602 -0.000077 0.000065
v 0.000591 0.000038 0.000056
v 0.000588 0.000361 -0.000148
v 0.000363 0.000446 0.000421
v 0.000103 -0.000354 -0.000537
v 0.000022 0.000140 -0.000576
v 0.000180 -0.000056 -0.000446
v 0.000020 0.000021 -0.000541
v 0.000138 0.000281 0.000531
v 0.000600 0.000532 -0.000045
v 0.000537 0.000561 -0.000217
v 0.000544 0.000178 -0.000287
v 0.000473 -0.000570 0.000270
v 0.000275 0.000077 -0.000451
v 0.000369 0.000088 -0.000412
v 0.000587 -0.000496 -0.000059
v 0.000497 -0.000690 -0.000234
v 0.000594 -0.000310 -0.000130
v 0.000458 -0.000606 -0.000294
v 0.000076 0.000140 -0.000563
v 0.000251 -0.000442 0.000525
v 0.000559 0.000649 0.000092
v 0.000055 -0.000314 0.000568
v 0.000234 -0.000510 -0.000499
v 0.000114 -0.000425 -0.000538
v 0.000501 -0.000226 0.000324
v 0.000453 -0.000331 0.000376
v 0.000615 0.000163 0.000036
v 0.000071 -0.000548 -0.000478
v 0.000511 -0.000262 -0.000261
v 0.000431 0.000368 0.000352
v 0.000465 0.000492 0.000300
v 0.000470 0.000210 -0.000386
v 0.000493 -0.000720 0.000053
v 0.000548 0.000018 0.000233
v 0.000551 0.000467 0.000162
v 0.000519 0.000529 0.000226
v 0.000567 -0.000442 -0.000147
v 0.000373 0.000575 -0.000478
v 0.000597 -0.000247 -0.000119
v 0.000392 -0.000095 -0.000366
v 0.000398 0.000679 0.000386
v 0.000327 -0.000441 0.000487
v 0.000013 0.000556 -0.000601
v 0.000352 0.000406 -0.000519
v 0.000282 0.000481 0.000488
v 0.000402 0.000397 -0.000467
v 0.000446 -0.000474 -0.000287
v 0.000480 0.000462 -0.000368
v 0.000266 -0.000010 0.000511
v 0.000284 0.000574 -0.000546
v 0.000521 -0.000363 0.000271
v 0.000034 -0.000394 -0.000549
v 0.000398 0.000581 0.000364
v 0.000230 -0.000570 0.000492
v 0.000402 -0.000538 0.000399
v 0.000564 -0.000295 0.000209
v 0.000631 -0.000304 0.000025
v 0.000641 -0.000386 -0.000057
v 0.000657 0.000125 -0.000046
v 0.000561 0.000647 -0.000101
v 0.000543 0.000363 -0.000259
v 0.000535 0.000330 -0.000328
v 0.000223 -0.000642 -0.000467
v 0.000055 -0.000649 0.000489
v 0.000388 -0.000516 -0.000357
v 0.000290 -0.000430 -0.000461
v 0.000378 -0.000303 0.000459
v 0.000141 0.000498 -0.000590
v 0.000320 0.000299 -0.000528
v 0.000003 -0.000151 -0.000522
v 0.000373 -0.000293 -0.000369
v 0.000039 0.000429 0.000545
v 0.000547 0.000187 0.000212
v 0.000684 -0.000149 -0.000033
v 0.000669 -0.000023 -0.000045
v 0.000565 0.000650 0.000029
v 0.000512 -0.000707 -0.000118
v 0.000289 0.000381 0.000485
v 0.000041 0.000291 -0.000615
v 0.000479 -0.000376 -0.000272
v 0.000261 0.000585 0.000492
v 0.000464 -0.000717 0.000198
v 0.000372 0.000267 0.000423
v 0.000320 -0.000611 -0.000435
v 0.000204 0.000415 0.000520
v 0.000134 0.000633 0.000539
v 0.000136 -0.000095 0.000549
v 0.000143 0.000107 0.000535
v 0.000273 0.000219 0.000493
v 0.000260 -0.000273 0.000522
v 0.000496 -0.000052 0.000328
v 0.000600 0.000484 0.000068
v 0.000538 -0.000626 -0.000022
v 0.000516 -0.000596 0.000143
v 0.000186 0.000274 -0.000577
v 0.000554 -0.000135 0.000238
v 0.000371 -0.000018 0.000452
v 0.000355 0.000549 0.000416
v 0.000518 0.000303 0.000258
v 0.000458 0.000146 -0.000381
v 0.000135 -0.000511 0.000549
v 0.000046 -0.000713 -0.000454
v 0.000186 -0.000433 0.000558
v 0.000582 0.000185 0.000094
v 0.000350 0.000098 0.000452
v 0.000008 -0.000048 -0.000531
v 0.000459 0.000257 0.000332
v 0.000332 0.000196 -0.000494
v 0.000319 -0.000144 0.000496
v 0.000415 -0.000130 0.000419
v 0.000614 0.000476 -0.000097
v 0.000041 -0.000002 0.000547
v 0.000543 0.000616 0.000148
v 0.000306 -0.000645 0.000422
v 0.000557 0.000013 -0.000277
v 0.000406 -0.000429 0.000436
v 0.000104 -0.000411 0.000584
v 0.000511 -0.000049 -0.000311
v 0.000126 -0.000273 0.000570
v 0.000459 0.000638 0.000298
v 0.000444 0.000112 0.000353
v 0.000504 -0.000462 0.000300
v 0.000502 0.000391 0.000264
v 0.000626 0.000358 0.000045
v 0.000445 0.000679 -0.000399
v 0.000015 -0.000256 -0.000533
v 0.000318 -0.000721 0.000399
v 0.000639 0.000400 -0.000014
v 0.000075 -0.000486 0.000571
v -0.000002 0.000388 -0.000600
v 0.000002 -0.000624 0.000493
v -0.000005 0.000499 0.000546
v 0.000002 -0.000517 0.000551
v 0.000001 -0.000059 -0.000515
v -0.000001 0.000152 -0.000566
v -0.000001 0.000294 -0.000596
v -0.000004 0.000400 0.000546
v -0.000003 0.000536 -0.000596
v 0.000003 -0.000458 -0.000499
v 0.000002 -0.000220 -0.000507
v -0.000000 -0.000070 0.000549
v 0.000001 -0.000196 0.000561
v 0.000003 -0.000426 0.000575
v -0.000001 0.000160 0.000539
v -0.000004 0.000437 0.000547
v -0.000558 -0.000076 -0.000233
v -0.000609 -0.000017 -0.000141
v -0.000271 -0.000258 -0.000421
v -0.000088 -0.000188 -0.000477
v -0.000595 0.000272 -0.000146
v -0.000565 -0.000503 0.000090
v -0.000562 -0.000428 0.000180
v -0.000389 -0.000652 0.000335
v -0.000581 0.000296 0.000122
v -0.000517 -0.000615 -0.000159
v -0.000619 -0.000172 0.000059
v -0.000509 -0.000407 -0.000212
v -0.000086 0.000362 -0.000602
v -0.000258 0.000209 -0.000525
v -0.000601 -0.000085 0.000064
v -0.000591 0.000030 0.000055
v -0.000593 0.000353 -0.000149
v -0.000369 0.000447 0.000423
v -0.000098 -0.000355 -0.000537
v -0.000023 0.000140 -0.000576
v -0.000179 -0.000058 -0.000446
v -0.000020 0.000020 -0.000541
v -0.000143 0.000279 0.000532
v -0.000608 0.000524 -0.000046
v -0.000544 0.000554 -0.000218
v -0.000546 0.000171 -0.000287
v -0.000467 -0.000576 0.000269
v -0.000276 0.000074 -0.000452
v -0.000370 0.000084 -0.000412
v -0.000580 -0.000504 -0.000060
v -0.000488 -0.000696 -0.000235
v -0.000590 -0.000318 -0.000131
v -0.000450 -0.000612 -0.000295
v -0.000077 0.000139 -0.000563
v -0.000246 -0.000447 0.000526
v -0.000568 0.000640 0.000090
v -0.000053 -0.000314 0.000568
v -0.000227 -0.000513 -0.000499
v -0.000108 -0.000426 -0.000538
v -0.000498 -0.000233 0.000324
v -0.000450 -0.000336 0.000375
v -0.000617 0.000155 0.000035
v -0.000064 -0.000549 -0.000478
v -0.000507 -0.000269 -0.000262
v -0.000434 0.000363 0.000355
v -0.000475 0.000486 0.000296
v -0.000473 0.000204 -0.000387
v -0.000484 -0.000726 0.000053
v -0.000549 0.000010 0.000235
v -0.000559 0.000459 0.000159
v -0.000528 0.000518 0.000225
v -0.000561 -0.000449 -0.000148
v -0.000380 0.000571 -0.000479
v -0.000594 -0.000254 -0.000120
v -0.000390 -0.000100 -0.000366
v -0.000403 0.000673 0.000387
v -0.000322 -0.000445 0.000487
v -0.000019 0.000555 -0.000601
v -0.000356 0.000402 -0.000520
v -0.000287 0.000479 0.000491
v -0.000406 0.000391 -0.000468
v -0.000439 -0.000480 -0.000288
v -0.000486 0.000456 -0.000369
v -0.000267 -0.000013 0.000512
v -0.000291 0.000571 -0.000547
v -0.000517 -0.000369 0.000270
v -0.000028 -0.000394 -0.000549
v -0.000402 0.000575 0.000366
v -0.000223 -0.000573 0.000492
v -0.000396 -0.000543 0.000399
v -0.000560 -0.000303 0.000208
v -0.000627 -0.000312 0.000024
v -0.000636 -0.000394 -0.000058
v -0.000659 0.000116 -0.000047
v -0.000568 0.000640 -0.000102
v -0.000547 0.000356 -0.000260
v -0.000538 0.000323 -0.000329
v -0.000215 -0.000645 -0.000467
v -0.000048 -0.000649 0.000489
v -0.000381 -0.000521 -0.000357
v -0.000284 -0.000434 -0.000462
v -0.000375 -0.000307 0.000459
v -0.000146 0.000496 -0.000591
v -0.000323 0.000295 -0.000528
v -0.000001 -0.000151 -0.000522
v -0.000369 -0.000297 -0.000370
v -0.000046 0.000429 0.000545
v -0.000553 0.000179 0.000209
v -0.000682 -0.000158 -0.000035
v -0.000669 -0.000031 -0.000046
v -0.000574 0.000646 0.000027
v -0.000503 -0.000714 -0.000118
v -0.000291 0.000381 0.000487
v -0.000044 0.000291 -0.000615
v -0.000474 -0.000382 -0.000273
v -0.000269 0.000582 0.000493
v -0.000456 -0.000723 0.000198
v -0.000376 0.000261 0.000424
v -0.000312 -0.000615 -0.000436
v -0.000209 0.000411 0.000521
v -0.000143 0.000632 0.000539
v -0.000135 -0.000097 0.000549
v -0.000145 0.000107 0.000536
v -0.000280 0.000216 0.000492
v -0.000257 -0.000277 0.000523
v -0.000496 -0.000057 0.000328
v -0.000607 0.000479 0.000068
v -0.000530 -0.000633 -0.000023
v -0.000509 -0.000602 0.000142
v -0.000189 0.000272 -0.000578
v -0.000553 -0.000142 0.000238
v -0.000373 -0.000023 0.000452
v -0.000361 0.000541 0.000416
v -0.000524 0.000293 0.000260
v -0.000460 0.000140 -0.000382
v -0.000130 -0.000513 0.000549
v -0.000036 -0.000713 -0.000454
v -0.000181 -0.000436 0.000558
v -0.000584 0.000178 0.000091
v -0.000353 0.000091 0.000452
v -0.000006 -0.000048 -0.000531
v -0.000463 0.000252 0.000334
v -0.000334 0.000192 -0.000494
v -0.000317 -0.000148 0.000497
v -0.000413 -0.000134 0.000420
v -0.000620 0.000468 -0.000098
v -0.000042 -0.000003 0.000547
v -0.000552 0.000610 0.000146
v -0.000298 -0.000648 0.000422
v -0.000557 0.000006 -0.000278
v -0.000401 -0.000435 0.000436
v -0.000099 -0.000412 0.000584
v -0.000510 -0.000056 -0.000312
v -0.000123 -0.000274 0.000570
v -0.000463 0.000630 0.000301
v -0.000446 0.000110 0.000352
v -0.000498 -0.000469 0.000299
v -0.000509 0.000382 0.000263
v -0.000632 0.000356 0.000045
v -0.000453 0.000673 -0.000400
v -0.000011 -0.000256 -0.000533
v -0.000309 -0.000724 0.000399
v -0.000645 0.000393 -0.000014
v -0.000069 -0.000487 0.000571
v -0.000004 0.000454 0.000547
v -0.000002 0.000445 -0.000590
v 0.000001 -0.000150 -0.000518
v 0.000003 -0.000478 0.000566
v -0.000004 0.000426 0.000546
v 0.000001 -0.000316 0.000560
v 0.000000 -0.000023 -0.000524
v -0.000001 0.000021 0.000544
v 0.000000 0.000040 -0.000523
v 0.000003 -0.000642 0.000485
v -0.000000 -0.000020 0.000545
v 0.000004 -0.000593 -0.000446
v 0.000003 -0.000546 0.000531
v 0.000003 -0.000665 0.000480
v 0.000002 -0.000256 -0.000515
v -0.000001 0.000164 -0.000571
v 0.000001 -0.000044 -0.000521
v -0.000000 0.000105 -0.000541
v 0.000004 -0.000541 -0.000453
v 0.000004 -0.000626 -0.000445
v 0.000001 -0.000246 0.000559
v 0.000002 -0.000275 -0.000521
v 0.000003 -0.000400 -0.000520
v -0.000002 0.000241 0.000537
v 0.000003 -0.000379 0.000572
v 0.000000 -0.000124 0.000553
v -0.000003 0.000330 0.000543
v -0.000003 0.000572 -0.000596
v -0.000001 0.000079 0.000543
v 0.000004 -0.000669 -0.000441
v -0.000005 0.000617 0.000543
v 0.000253 0.000681 0.000509
v 0.000103 0.000680 0.000551
v 0.000195 0.000681 0.000527
v 0.000390 0.000682 0.000397
v 0.000247 0.000679 -0.000574
v 0.000399 0.000682 0.000386
v 0.000343 0.000682 0.000454
v 0.000445 0.000680 -0.000399
v 0.000562 0.000682 0.000093
v 0.000552 0.000682 -0.000171
v 0.000447 0.000680 -0.000395
v 0.000355 0.000682 0.000445
v 0.000569 0.000682 -0.000016
v 0.000139 0.000681 0.000548
v 0.000358 0.000680 -0.000498
v 0.000566 0.000682 -0.000099
v 0.000485 0.000682 0.000288
v 0.000281 0.000679 -0.000561
v 0.000557 0.000682 -0.000141
v 0.000077 0.000678 -0.000611
v 0.000519 0.000682 0.000209
v 0.000475 0.000682 0.000308
v 0.000439 0.000680 -0.000406
v 0.000369 0.000680 -0.000490
v 0.000559 0.000682 0.000124
v 0.000520 0.000681 -0.000269
v 0.000509 0.000681 -0.000299
v 0.000554 0.000682 0.000150
v 0.000401 0.000682 0.000385
v 0.000029 0.000677 -0.000613
v 0.000186 0.000678 -0.000596
v -0.000264 0.000678 0.000509
v -0.000113 0.000679 0.000550
v -0.000205 0.000678 0.000527
v -0.000395 0.000677 0.000400
v -0.000255 0.000676 -0.000575
v -0.000405 0.000677 0.000387
v -0.000355 0.000677 0.000451
v -0.000570 0.000675 0.000092
v -0.000561 0.000675 -0.000172
v -0.000455 0.000675 -0.000396
v -0.000367 0.000677 0.000443
v -0.000453 0.000675 -0.000400
v -0.000577 0.000675 -0.000015
v -0.000148 0.000679 0.000548
v -0.000366 0.000675 -0.000499
v -0.000574 0.000675 -0.000100
v -0.000491 0.000676 0.000291
v -0.000289 0.000675 -0.000562
v -0.000565 0.000675 -0.000141
v -0.000085 0.000676 -0.000611
v -0.000528 0.000676 0.000209
v -0.000481 0.000676 0.000312
v -0.000447 0.000675 -0.000407
v -0.000377 0.000675 -0.000490
v -0.000568 0.000675 0.000125
v -0.000528 0.000674 -0.000270
v -0.000518 0.000674 -0.000299
v -0.000563 0.000675 0.000151
v -0.000407 0.000677 0.000386
v -0.000037 0.000677 -0.000613
v -0.000193 0.000676 -0.000597
v -0.000004 0.000677 -0.000601
v -0.000005 0.000680 0.000553
v 0.000159 -0.000725 0.000472
v 0.000511 -0.000726 -0.000111
v 0.000505 -0.000726 -0.000215
v 0.000464 -0.000725 0.000200
v 0.000500 -0.000726 -0.000258
v 0.000037 -0.000727 -0.000455
v 0.000401 -0.000725 0.000325
v 0.000504 -0.000726 -0.000230
v 0.000476 -0.000726 -0.000311
v 0.000335 -0.000727 -0.000426
v 0.000458 -0.000725 0.000211
v 0.000047 -0.000727 -0.000459
v 0.000202 -0.000727 -0.000462
v 0.000444 -0.000726 -0.000363
v 0.000492 -0.000725 0.000053
v 0.000509 -0.000726 -0.000095
v 0.000175 -0.000725 0.000471
v 0.000090 -0.000727 -0.000456
v 0.000458 -0.000726 -0.000351
v 0.000185 -0.000725 0.000465
v 0.000274 -0.000725 0.000420
v 0.000052 -0.000727 -0.000458
v 0.000464 -0.000726 -0.000343
v 0.000316 -0.000725 0.000400
v 0.000222 -0.000727 -0.000454
v 0.000465 -0.000725 0.000193
v 0.000322 -0.000725 0.000394
v 0.000504 -0.000726 -0.000246
v 0.000052 -0.000725 0.000489
v 0.000515 -0.000726 -0.000118
v -0.000149 -0.000725 0.000471
v -0.000502 -0.000727 -0.000113
v -0.000495 -0.000727 -0.000218
v -0.000490 -0.000727 -0.000256
v -0.000392 -0.000726 0.000325
v -0.000494 -0.000727 -0.000231
v -0.000469 -0.000728 -0.000301
v -0.000324 -0.000728 -0.000427
v -0.000453 -0.000726 0.000203
v -0.000037 -0.000727 -0.000459
v -0.000193 -0.000727 -0.000462
v -0.000430 -0.000728 -0.000366
v -0.000501 -0.000727 -0.000102
v -0.000167 -0.000725 0.000470
v -0.000078 -0.000727 -0.000456
v -0.000447 -0.000728 -0.000352
v -0.000179 -0.000725 0.000463
v -0.000294 -0.000726 0.000406
v -0.000042 -0.000727 -0.000458
v -0.000454 -0.000728 -0.000342
v -0.000214 -0.000728 -0.000454
v -0.000456 -0.000726 0.000195
v -0.000310 -0.000726 0.000397
v -0.000494 -0.000727 -0.000246
v -0.000045 -0.000725 0.000489
v -0.000505 -0.000727 -0.000119
v 0.000005 -0.000727 -0.000450
v 0.000003 -0.000725 0.000481
v -0.000028 -0.000727 -0.000455
v -0.000308 -0.000726 0.000399
v -0.000455 -0.000726 0.000198
v 0.000491 -0.000725 0.000056
v 0.000492 -0.000725 0.000049
vt 0.044173 0.537730
vt 0.038352 0.540158
vt 0.043338 0.543436
vt 0.185075 0.785354
vt 0.184049 0.785167
vt 0.184874 0.785980
vt 0.186003 0.785635
vt 0.185374 0.785532
vt 0.791216 0.990059
vt 0.792643 0.989268
vt 0.791542 0.988634
vt 0.370163 0.526740
vt 0.370849 0.526636
vt 0.371261 0.523948
vt 0.367148 0.522437
vt 0.808448 0.467491
vt 0.809984 0.463833
vt 0.807666 0.462992
vt 0.060657 0.540725
vt 0.060666 0.538349
vt 0.058505 0.539661
vt 0.813394 0.428141
vt 0.815554 0.427204
vt 0.813709 0.422905
vt 0.822609 0.459640
vt 0.821777 0.456561
vt 0.818262 0.459853
vt 0.765188 0.612058
vt 0.763310 0.613645
vt 0.766095 0.614014
vt 0.820851 0.467041
vt 0.824470 0.466376
vt 0.823209 0.463046
vt 0.573823 0.435885
vt 0.573888 0.437578
vt 0.575952 0.435994
vt 0.039658 0.566357
vt 0.039249 0.562283
vt 0.031380 0.563290
vt 0.809449 0.429675
vt 0.808062 0.425773
vt 0.510136 0.922243
vt 0.510634 0.923889
vt 0.510212 0.918896
vt 0.046855 0.549842
vt 0.043975 0.555650
vt 0.051123 0.552543
vt 0.054464 0.467322
vt 0.056522 0.466702
vt 0.054474 0.466095
vt 0.811576 0.449952
vt 0.816287 0.446383
vt 0.814405 0.442964
vt 0.361644 0.963232
vt 0.355794 0.962920
vt 0.358454 0.963944
vt 0.165173 0.780250
vt 0.164368 0.780009
vt 0.159065 0.779915
vt 0.160843 0.782950
vt 0.738676 0.109451
vt 0.739920 0.112268
vt 0.739944 0.109571
vt 0.804091 0.441931
vt 0.805872 0.447523
vt 0.808555 0.443452
vt 0.819138 0.450484
vt 0.822758 0.453184
vt 0.823808 0.450828
vt 0.821900 0.447735
vt 0.041092 0.554893
vt 0.039759 0.549616
vt 0.033391 0.555210
vt 0.370074 0.505217
vt 0.367700 0.511669
vt 0.372619 0.513648
vt 0.052586 0.541033
vt 0.053491 0.545429
vt 0.055441 0.540590
vt 0.695955 0.479129
vt 0.698126 0.479682
vt 0.696095 0.477760
vt 0.699227 0.477349
vt 0.804763 0.274874
vt 0.802042 0.275599
vt 0.803151 0.276155
vt 0.791502 0.698734
vt 0.788650 0.699031
vt 0.790722 0.700029
vt 0.034885 0.560653
vt 0.037900 0.558675
vt 0.660543 0.824309
vt 0.656665 0.825222
vt 0.658660 0.827054
vt 0.795164 0.447191
vt 0.800172 0.448064
vt 0.799450 0.444659
vt 0.817068 0.433180
vt 0.818320 0.426432
vt 0.322905 0.208037
vt 0.323578 0.207881
vt 0.322766 0.207624
vt 0.038706 0.351022
vt 0.038334 0.348797
vt 0.037232 0.349374
vt 0.825648 0.458606
vt 0.735808 0.247698
vt 0.733604 0.248089
vt 0.736762 0.248385
vt 0.814513 0.457801
vt 0.812727 0.454115
vt 0.808508 0.455726
vt 0.819370 0.442961
vt 0.049108 0.565381
vt 0.051152 0.560518
vt 0.046915 0.560913
vt 0.957573 0.455664
vt 0.958508 0.454362
vt 0.955825 0.453974
vt 0.800978 0.428930
vt 0.803793 0.426316
vt 0.799532 0.426102
vt 0.168534 0.921930
vt 0.166347 0.921149
vt 0.165693 0.921036
vt 0.168372 0.923010
vt 0.129836 0.996774
vt 0.130850 0.998339
vt 0.131481 0.995739
vt 0.047434 0.543122
vt 0.052423 0.537800
vt 0.049514 0.535886
vt 0.030713 0.560275
vt 0.155516 0.781840
vt 0.058970 0.544077
vt 0.302152 0.209535
vt 0.303539 0.209568
vt 0.306044 0.207452
vt 0.300765 0.208177
vt 0.373174 0.516517
vt 0.377261 0.515961
vt 0.179093 0.783689
vt 0.177277 0.783132
vt 0.179217 0.787773
vt 0.127793 0.997990
vt 0.126126 0.996847
vt 0.126581 0.999227
vt 0.172938 0.786365
vt 0.166096 0.784273
vt 0.168851 0.787826
vt 0.061372 0.533083
vt 0.061191 0.531883
vt 0.058325 0.533746
vt 0.164259 0.785511
vt 0.821835 0.744551
vt 0.820355 0.743662
vt 0.822266 0.746231
vt 0.033336 0.550618
vt 0.031867 0.553969
vt 0.579376 0.449508
vt 0.580954 0.448464
vt 0.581686 0.443557
vt 0.208325 0.138222
vt 0.209982 0.139469
vt 0.209421 0.138022
vt 0.310995 0.208088
vt 0.315091 0.208037
vt 0.315727 0.207437
vt 0.311269 0.206648
vt 0.315669 0.208176
vt 0.821526 0.432629
vt 0.054320 0.533564
vt 0.055894 0.531554
vt 0.182191 0.790196
vt 0.190511 0.790824
vt 0.819023 0.424689
vt 0.170315 0.781024
vt 0.166597 0.780499
vt 0.169901 0.781947
vt 0.801838 0.459501
vt 0.802447 0.453267
vt 0.800357 0.453086
vt 0.376521 0.521709
vt 0.375299 0.525349
vt 0.367024 0.506421
vt 0.322324 0.208172
vt 0.329757 0.206838
vt 0.330124 0.206664
vt 0.329347 0.206087
vt 0.061887 0.778264
vt 0.061195 0.776565
vt 0.060648 0.778508
vt 0.804030 0.456996
vt 0.805080 0.453248
vt 0.081758 0.882289
vt 0.079342 0.882862
vt 0.082128 0.883857
vt 0.286135 0.968969
vt 0.288398 0.968996
vt 0.289056 0.967164
vt 0.043153 0.576648
vt 0.043170 0.576604
vt 0.042835 0.576595
vt 0.934927 0.206680
vt 0.933414 0.206743
vt 0.933525 0.208042
vt 0.372597 0.521458
vt 0.369407 0.516988
vt 0.816096 0.452795
vt 0.718911 0.424164
vt 0.718578 0.421787
vt 0.714990 0.423961
vt 0.159396 0.778427
vt 0.158503 0.778283
vt 0.373424 0.504169
vt 0.369390 0.499586
vt 0.038007 0.544054
vt 0.035335 0.544150
vt 0.810142 0.421012
vt 0.806018 0.422792
vt 0.156060 0.777551
vt 0.753656 0.673061
vt 0.756404 0.674962
vt 0.756253 0.673330
vt 0.841495 0.822267
vt 0.841832 0.824855
vt 0.842905 0.823379
vt 0.146741 0.788661
vt 0.144842 0.789591
vt 0.148253 0.791316
vt 0.796119 0.422069
vt 0.488715 0.438242
vt 0.796117 0.422150
vt 0.285568 0.734293
vt 0.289098 0.733003
vt 0.286539 0.731286
vt 0.043307 0.576665
vt 0.759968 0.779166
vt 0.761850 0.780214
vt 0.762901 0.778528
vt 0.042448 0.566901
vt 0.034336 0.574847
vt 0.032590 0.567687
vt 0.032271 0.574351
vt 0.811780 0.433429
vt 0.805388 0.437689
vt 0.278862 0.157226
vt 0.279027 0.158568
vt 0.279780 0.156342
vt 0.799836 0.431064
vt 0.804317 0.429653
vt 0.576740 0.439215
vt 0.042132 0.193156
vt 0.040164 0.192397
vt 0.040754 0.193534
vt 0.813334 0.465500
vt 0.812543 0.461983
vt 0.583551 0.352167
vt 0.582175 0.351296
vt 0.582083 0.353959
vt 0.742233 0.478014
vt 0.744788 0.477849
vt 0.743782 0.475928
vt 0.171777 0.781479
vt 0.045558 0.569201
vt 0.078881 0.867288
vt 0.077100 0.864586
vt 0.076263 0.865415
vt 0.041052 0.559221
vt 0.047122 0.557825
vt 0.405581 0.646854
vt 0.400152 0.648844
vt 0.406476 0.649462
vt 0.807205 0.436731
vt 0.810108 0.439743
vt 0.808378 0.434187
vt 0.806891 0.452070
vt 0.805297 0.277478
vt 0.154575 0.776909
vt 0.152113 0.775916
vt 0.152835 0.779239
vt 0.793156 0.421336
vt 0.792884 0.421747
vt 0.826363 0.461307
vt 0.742158 0.012103
vt 0.740553 0.011811
vt 0.741420 0.012875
vt 0.910467 0.750239
vt 0.909278 0.749735
vt 0.908267 0.751015
vt 0.144839 0.776270
vt 0.144588 0.776618
vt 0.147277 0.777929
vt 0.148256 0.774017
vt 0.098082 0.838892
vt 0.100183 0.836924
vt 0.098761 0.836064
vt 0.803789 0.460081
vt 0.885795 0.508415
vt 0.887202 0.508472
vt 0.888465 0.507335
vt 0.815271 0.463138
vt 0.817783 0.462208
vt 0.878107 0.460452
vt 0.879817 0.459138
vt 0.878963 0.458070
vt 0.120132 0.203779
vt 0.119043 0.203915
vt 0.119299 0.205766
vt 0.361528 0.653474
vt 0.363079 0.654373
vt 0.364392 0.652138
vt 0.915920 0.680905
vt 0.914840 0.679171
vt 0.914630 0.679314
vt 0.915931 0.681168
vt 0.888379 0.602058
vt 0.887366 0.600135
vt 0.886816 0.603015
vt 0.810143 0.418156
vt 0.808483 0.418606
vt 0.808432 0.418739
vt 0.165568 0.780342
vt 0.414976 0.081186
vt 0.414097 0.080195
vt 0.413010 0.079936
vt 0.877528 0.914089
vt 0.880038 0.912996
vt 0.878836 0.912299
vt 0.017490 0.939942
vt 0.017744 0.943330
vt 0.018585 0.942830
vt 0.304483 0.209677
vt 0.811058 0.452764
vt 0.713946 0.421747
vt 0.714820 0.420920
vt 0.713097 0.420484
vt 0.828435 0.466319
vt 0.828705 0.465869
vt 0.827689 0.464726
vt 0.826292 0.466377
vt 0.882027 0.531881
vt 0.883395 0.532176
vt 0.883105 0.529538
vt 0.812975 0.440381
vt 0.817136 0.438453
vt 0.822764 0.436504
vt 0.341462 0.203868
vt 0.338819 0.204191
vt 0.343642 0.205273
vt 0.579339 0.446152
vt 0.055834 0.549092
vt 0.057302 0.546293
vt 0.052618 0.529827
vt 0.052029 0.529737
vt 0.046742 0.532536
vt 0.818764 0.468682
vt 0.818394 0.468905
vt 0.818390 0.468997
vt 0.800068 0.421228
vt 0.799920 0.421386
vt 0.800115 0.421543
vt 0.285354 0.925956
vt 0.285277 0.928374
vt 0.288481 0.925551
vt 0.035234 0.575065
vt 0.035942 0.571314
vt 0.797376 0.431406
vt 0.795942 0.437164
vt 0.799938 0.433399
vt 0.544617 0.854914
vt 0.546526 0.853185
vt 0.543969 0.853333
vt 0.373605 0.509969
vt 0.227060 0.474931
vt 0.227669 0.476817
vt 0.228408 0.475848
vt 0.188172 0.277158
vt 0.187137 0.276444
vt 0.187397 0.277983
vt 0.061526 0.545694
vt 0.062646 0.542608
vt 0.325619 0.207756
vt 0.328034 0.207348
vt 0.324920 0.206932
vt 0.188321 0.786444
vt 0.163786 0.786194
vt 0.164456 0.787380
vt 0.348738 0.203871
vt 0.347155 0.202456
vt 0.344431 0.203047
vt 0.208777 0.700907
vt 0.206872 0.701396
vt 0.207705 0.702322
vt 0.373966 0.525937
vt 0.141820 0.330446
vt 0.142827 0.329464
vt 0.141140 0.329173
vt 0.300262 0.208381
vt 0.300282 0.208018
vt 0.293955 0.148941
vt 0.293684 0.147080
vt 0.293240 0.149862
vt 0.042271 0.534931
vt 0.702409 0.717688
vt 0.701269 0.719765
vt 0.705523 0.722388
vt 0.437128 0.952119
vt 0.436851 0.953108
vt 0.438285 0.952276
vt 0.314682 0.206361
vt 0.901513 0.949797
vt 0.903883 0.950838
vt 0.902352 0.949279
vt 0.040687 0.534032
vt 0.040664 0.535307
vt 0.319173 0.207884
vt 0.319121 0.207711
vt 0.340469 0.206155
vt 0.342996 0.205789
vt 0.033408 0.548237
vt 0.054852 0.552480
vt 0.052662 0.554513
vt 0.384133 0.914017
vt 0.385600 0.916001
vt 0.386035 0.914310
vt 0.552709 0.853737
vt 0.549510 0.852743
vt 0.550373 0.855808
vt 0.078685 0.658942
vt 0.077220 0.658309
vt 0.077322 0.660654
vt 0.241929 0.673169
vt 0.243369 0.669594
vt 0.240697 0.671591
vt 0.837033 0.981605
vt 0.838028 0.982492
vt 0.839040 0.981418
vt 0.367903 0.653413
vt 0.364208 0.653745
vt 0.821213 0.427202
vt 0.820327 0.424191
vt 0.976714 0.604551
vt 0.976655 0.603176
vt 0.975554 0.604714
vt 0.976218 0.606698
vt 0.177017 0.783081
vt 0.289788 0.970990
vt 0.290158 0.970855
vt 0.290342 0.969966
vt 0.344187 0.205827
vt 0.150995 0.778179
vt 0.039829 0.572263
vt 0.808182 0.418704
vt 0.368890 0.504988
vt 0.793096 0.437566
vt 0.792786 0.435083
vt 0.640139 0.591984
vt 0.643260 0.589712
vt 0.643599 0.586908
vt 0.643623 0.587866
vt 0.913840 0.337157
vt 0.912385 0.335929
vt 0.911123 0.338188
vt 0.715081 0.426759
vt 0.717816 0.427505
vt 0.100351 0.051803
vt 0.102274 0.052872
vt 0.101701 0.051326
vt 0.429897 0.159819
vt 0.429633 0.159745
vt 0.429807 0.159939
vt 0.703290 0.484462
vt 0.705109 0.485241
vt 0.702948 0.481508
vt 0.798767 0.454397
vt 0.823592 0.753496
vt 0.822235 0.754742
vt 0.823073 0.755540
vt 0.148374 0.773432
vt 0.148710 0.773728
vt 0.149010 0.773912
vt 0.800893 0.462153
vt 0.803907 0.463918
vt 0.944071 0.623542
vt 0.942474 0.626162
vt 0.944548 0.624532
vt 0.804296 0.432863
vt 0.801898 0.464393
vt 0.016096 0.071345
vt 0.016463 0.072994
vt 0.017587 0.072825
vt 0.814177 0.417115
vt 0.813789 0.417206
vt 0.816201 0.468930
vt 0.816517 0.467373
vt 0.815253 0.468862
vt 0.031390 0.555471
vt 0.375464 0.518949
vt 0.010199 0.770726
vt 0.008652 0.771512
vt 0.010408 0.771857
vt 0.828083 0.198959
vt 0.827325 0.198812
vt 0.828411 0.199254
vt 0.364815 0.962602
vt 0.363727 0.961720
vt 0.810944 0.458667
vt 0.290349 0.735250
vt 0.291206 0.733831
vt 0.640790 0.595158
vt 0.642128 0.596855
vt 0.643356 0.595598
vt 0.198006 0.087662
vt 0.195842 0.087251
vt 0.196992 0.088532
vt 0.580616 0.437715
vt 0.582357 0.440482
vt 0.337871 0.205893
vt 0.334446 0.204643
vt 0.334500 0.205979
vt 0.794866 0.445238
vt 0.765962 0.204060
vt 0.767059 0.204193
vt 0.767506 0.202838
vt 0.855916 0.051272
vt 0.857519 0.052564
vt 0.857641 0.051463
vt 0.175980 0.782772
vt 0.669393 0.328205
vt 0.667769 0.331813
vt 0.673208 0.330498
vt 0.108789 0.962403
vt 0.106873 0.961952
vt 0.105839 0.962934
vt 0.053937 0.530065
vt 0.055656 0.530435
vt 0.058528 0.639238
vt 0.059278 0.638678
vt 0.059359 0.638340
vt 0.058466 0.638752
vt 0.316875 0.208353
vt 0.306218 0.209730
vt 0.309040 0.208606
vt 0.151438 0.774778
vt 0.191572 0.787375
vt 0.044173 0.537730
vt 0.043338 0.543436
vt 0.038352 0.540158
vt 0.184874 0.785980
vt 0.791216 0.990059
vt 0.791542 0.988634
vt 0.792643 0.989268
vt 0.370849 0.526635
vt 0.370163 0.526740
vt 0.367148 0.522437
vt 0.371261 0.523948
vt 0.808448 0.467491
vt 0.807666 0.462992
vt 0.809984 0.463833
vt 0.060657 0.540725
vt 0.058505 0.539661
vt 0.060666 0.538349
vt 0.813394 0.428141
vt 0.813709 0.422905
vt 0.815554 0.427204
vt 0.822609 0.459640
vt 0.818262 0.459853
vt 0.821777 0.456561
vt 0.765188 0.612058
vt 0.766095 0.614014
vt 0.763310 0.613645
vt 0.820833 0.467071
vt 0.823209 0.463046
vt 0.824473 0.466386
vt 0.573823 0.435885
vt 0.575952 0.435994
vt 0.573888 0.437578
vt 0.039658 0.566357
vt 0.031380 0.563290
vt 0.039249 0.562283
vt 0.809449 0.429675
vt 0.808062 0.425773
vt 0.510136 0.922243
vt 0.510212 0.918896
vt 0.510634 0.923889
vt 0.046855 0.549842
vt 0.051123 0.552543
vt 0.043975 0.555650
vt 0.054464 0.467322
vt 0.054474 0.466095
vt 0.056522 0.466702
vt 0.811576 0.449952
vt 0.814405 0.442964
vt 0.816287 0.446383
vt 0.361644 0.963232
vt 0.358454 0.963944
vt 0.355794 0.962920
vt 0.160843 0.782950
vt 0.159065 0.779915
vt 0.738676 0.109451
vt 0.739944 0.109571
vt 0.739920 0.112268
vt 0.804091 0.441931
vt 0.808555 0.443452
vt 0.805872 0.447523
vt 0.819138 0.450484
vt 0.823808 0.450828
vt 0.822758 0.453184
vt 0.821900 0.447735
vt 0.041092 0.554893
vt 0.033391 0.555210
vt 0.039759 0.549616
vt 0.370074 0.505217
vt 0.372619 0.513648
vt 0.367700 0.511669
vt 0.052586 0.541033
vt 0.055441 0.540590
vt 0.053491 0.545429
vt 0.695955 0.479129
vt 0.696095 0.477760
vt 0.698126 0.479682
vt 0.699227 0.477349
vt 0.804763 0.274874
vt 0.803151 0.276155
vt 0.802042 0.275599
vt 0.791502 0.698734
vt 0.790722 0.700029
vt 0.788650 0.699031
vt 0.037900 0.558675
vt 0.034885 0.560653
vt 0.660543 0.824309
vt 0.658660 0.827054
vt 0.656665 0.825222
vt 0.795164 0.447191
vt 0.799450 0.444659
vt 0.800172 0.448064
vt 0.818320 0.426432
vt 0.817068 0.433180
vt 0.322766 0.207624
vt 0.038706 0.351022
vt 0.037232 0.349374
vt 0.038334 0.348797
vt 0.825648 0.458606
vt 0.735808 0.247698
vt 0.736762 0.248385
vt 0.733604 0.248089
vt 0.814513 0.457801
vt 0.808508 0.455726
vt 0.812727 0.454115
vt 0.819370 0.442961
vt 0.049108 0.565381
vt 0.046915 0.560913
vt 0.051152 0.560518
vt 0.957573 0.455664
vt 0.955825 0.453974
vt 0.958508 0.454362
vt 0.800978 0.428930
vt 0.799532 0.426102
vt 0.803793 0.426316
vt 0.168372 0.923010
vt 0.165693 0.921036
vt 0.129836 0.996774
vt 0.131481 0.995739
vt 0.130850 0.998339
vt 0.047434 0.543122
vt 0.049514 0.535886
vt 0.052423 0.537800
vt 0.030713 0.560275
vt 0.155516 0.781840
vt 0.058970 0.544077
vt 0.300765 0.208177
vt 0.306044 0.207452
vt 0.377261 0.515961
vt 0.373174 0.516517
vt 0.179217 0.787773
vt 0.127793 0.997990
vt 0.126581 0.999227
vt 0.126126 0.996847
vt 0.172938 0.786365
vt 0.168851 0.787826
vt 0.166096 0.784273
vt 0.061372 0.533083
vt 0.058325 0.533746
vt 0.061191 0.531883
vt 0.164259 0.785511
vt 0.821835 0.744551
vt 0.822266 0.746231
vt 0.820355 0.743662
vt 0.033336 0.550618
vt 0.031867 0.553969
vt 0.579376 0.449508
vt 0.581686 0.443557
vt 0.580954 0.448464
vt 0.208325 0.138222
vt 0.209421 0.138022
vt 0.209982 0.139469
vt 0.311269 0.206648
vt 0.315727 0.207437
vt 0.821526 0.432629
vt 0.054320 0.533564
vt 0.055894 0.531554
vt 0.190511 0.790824
vt 0.182191 0.790196
vt 0.819023 0.424689
vt 0.169901 0.781947
vt 0.801838 0.459501
vt 0.800357 0.453086
vt 0.802447 0.453267
vt 0.376521 0.521709
vt 0.375299 0.525349
vt 0.367024 0.506421
vt 0.329347 0.206087
vt 0.061887 0.778264
vt 0.060648 0.778508
vt 0.061195 0.776565
vt 0.804030 0.456996
vt 0.805080 0.453248
vt 0.081758 0.882289
vt 0.082128 0.883857
vt 0.079342 0.882862
vt 0.286135 0.968969
vt 0.289056 0.967164
vt 0.288398 0.968996
vt 0.043153 0.576648
vt 0.042835 0.576595
vt 0.043170 0.576604
vt 0.934927 0.206680
vt 0.933525 0.208042
vt 0.933414 0.206743
vt 0.372597 0.521458
vt 0.369407 0.516988
vt 0.816096 0.452795
vt 0.718911 0.424164
vt 0.714990 0.423961
vt 0.718578 0.421787
vt 0.373424 0.504169
vt 0.369390 0.499586
vt 0.035335 0.544150
vt 0.038007 0.544054
vt 0.810142 0.421012
vt 0.806018 0.422792
vt 0.753656 0.673061
vt 0.756253 0.673330
vt 0.756404 0.674962
vt 0.841495 0.822267
vt 0.842905 0.823379
vt 0.841832 0.824855
vt 0.146741 0.788661
vt 0.148253 0.791316
vt 0.144842 0.789591
vt 0.285568 0.734293
vt 0.286539 0.731286
vt 0.289098 0.733003
vt 0.043306 0.576665
vt 0.759968 0.779166
vt 0.762901 0.778528
vt 0.761850 0.780214
vt 0.042448 0.566901
vt 0.034336 0.574847
vt 0.032271 0.574351
vt 0.032590 0.567687
vt 0.811780 0.433429
vt 0.805388 0.437689
vt 0.278862 0.157226
vt 0.279780 0.156342
vt 0.279027 0.158568
vt 0.799836 0.431064
vt 0.804317 0.429653
vt 0.576740 0.439215
vt 0.042132 0.193156
vt 0.040754 0.193534
vt 0.040164 0.192397
vt 0.813334 0.465500
vt 0.812543 0.461983
vt 0.583551 0.352167
vt 0.582083 0.353959
vt 0.582175 0.351296
vt 0.742233 0.478014
vt 0.743782 0.475928
vt 0.744788 0.477849
vt 0.045558 0.569201
vt 0.078881 0.867288
vt 0.076263 0.865415
vt 0.077100 0.864586
vt 0.047122 0.557825
vt 0.041052 0.559221
vt 0.405581 0.646854
vt 0.406476 0.649462
vt 0.400152 0.648844
vt 0.807205 0.436731
vt 0.808378 0.434187
vt 0.810108 0.439743
vt 0.806891 0.452070
vt 0.805297 0.277478
vt 0.152835 0.779239
vt 0.793084 0.421444
vt 0.796117 0.422150
vt 0.792884 0.421747
vt 0.826363 0.461307
vt 0.742158 0.012103
vt 0.741420 0.012875
vt 0.740553 0.011811
vt 0.910467 0.750239
vt 0.908267 0.751015
vt 0.909278 0.749735
vt 0.144618 0.776632
vt 0.144906 0.776226
vt 0.148256 0.774017
vt 0.147277 0.777929
vt 0.098082 0.838892
vt 0.098761 0.836064
vt 0.100183 0.836924
vt 0.803789 0.460081
vt 0.885795 0.508415
vt 0.888465 0.507335
vt 0.887202 0.508472
vt 0.817783 0.462208
vt 0.815271 0.463138
vt 0.878107 0.460452
vt 0.878963 0.458070
vt 0.879817 0.459138
vt 0.120132 0.203779
vt 0.119299 0.205766
vt 0.119043 0.203915
vt 0.361528 0.653474
vt 0.364392 0.652138
vt 0.363079 0.654373
vt 0.914812 0.679190
vt 0.915923 0.680976
vt 0.915931 0.681168
vt 0.914630 0.679314
vt 0.888379 0.602058
vt 0.886816 0.603015
vt 0.887366 0.600135
vt 0.809009 0.418543
vt 0.808432 0.418739
vt 0.801271 0.661759
vt 0.414976 0.081186
vt 0.413010 0.079936
vt 0.414097 0.080195
vt 0.877528 0.914089
vt 0.878836 0.912299
vt 0.880038 0.912996
vt 0.017490 0.939942
vt 0.018585 0.942830
vt 0.017744 0.943330
vt 0.811058 0.452764
vt 0.713946 0.421747
vt 0.713099 0.420485
vt 0.714820 0.420920
vt 0.828418 0.466281
vt 0.827689 0.464726
vt 0.828698 0.465861
vt 0.826300 0.466369
vt 0.882027 0.531881
vt 0.883105 0.529538
vt 0.883395 0.532176
vt 0.817136 0.438453
vt 0.812975 0.440381
vt 0.822764 0.436504
vt 0.341462 0.203868
vt 0.343642 0.205273
vt 0.338819 0.204191
vt 0.579339 0.446152
vt 0.055834 0.549092
vt 0.057302 0.546293
vt 0.051834 0.529841
vt 0.052553 0.529955
vt 0.046742 0.532536
vt 0.818855 0.468627
vt 0.818389 0.469020
vt 0.818394 0.468905
vt 0.800106 0.421423
vt 0.800115 0.421543
vt 0.800029 0.421474
vt 0.285354 0.925956
vt 0.288481 0.925551
vt 0.285277 0.928374
vt 0.035234 0.575065
vt 0.035942 0.571314
vt 0.797376 0.431406
vt 0.799938 0.433399
vt 0.795942 0.437164
vt 0.544617 0.854914
vt 0.543969 0.853333
vt 0.546526 0.853185
vt 0.373605 0.509969
vt 0.227060 0.474931
vt 0.228408 0.475848
vt 0.227669 0.476817
vt 0.188172 0.277158
vt 0.187397 0.277983
vt 0.187137 0.276444
vt 0.062646 0.542608
vt 0.061526 0.545694
vt 0.324920 0.206932
vt 0.163786 0.786194
vt 0.164456 0.787380
vt 0.348738 0.203871
vt 0.344431 0.203047
vt 0.347155 0.202456
vt 0.208777 0.700907
vt 0.207705 0.702322
vt 0.206872 0.701396
vt 0.373967 0.525938
vt 0.141820 0.330446
vt 0.141140 0.329173
vt 0.142827 0.329464
vt 0.300295 0.208023
vt 0.300273 0.208377
vt 0.293955 0.148941
vt 0.293240 0.149862
vt 0.293684 0.147080
vt 0.042271 0.534931
vt 0.702409 0.717688
vt 0.705523 0.722388
vt 0.701269 0.719765
vt 0.437191 0.952127
vt 0.438285 0.952276
vt 0.436887 0.953087
vt 0.314682 0.206361
vt 0.901513 0.949797
vt 0.902352 0.949279
vt 0.903883 0.950838
vt 0.040664 0.535307
vt 0.040687 0.534032
vt 0.319121 0.207711
vt 0.033408 0.548237
vt 0.054852 0.552480
vt 0.052662 0.554513
vt 0.384133 0.914017
vt 0.386035 0.914310
vt 0.385600 0.916001
vt 0.552709 0.853737
vt 0.550373 0.855808
vt 0.549510 0.852743
vt 0.078685 0.658942
vt 0.077322 0.660654
vt 0.077220 0.658309
vt 0.241929 0.673169
vt 0.240697 0.671591
vt 0.243369 0.669594
vt 0.837033 0.981605
vt 0.839040 0.981418
vt 0.838028 0.982492
vt 0.367903 0.653413
vt 0.364208 0.653745
vt 0.821213 0.427202
vt 0.820327 0.424191
vt 0.976218 0.606698
vt 0.975554 0.604714
vt 0.290342 0.969966
vt 0.150995 0.778179
vt 0.039829 0.572263
vt 0.808355 0.418728
vt 0.368890 0.504988
vt 0.793096 0.437566
vt 0.792786 0.435083
vt 0.640139 0.591984
vt 0.643599 0.586908
vt 0.643260 0.589712
vt 0.643623 0.587866
vt 0.913840 0.337157
vt 0.911123 0.338188
vt 0.912385 0.335929
vt 0.715081 0.426759
vt 0.717816 0.427505
vt 0.100351 0.051803
vt 0.101701 0.051326
vt 0.102274 0.052872
vt 0.429862 0.159810
vt 0.429784 0.159913
vt 0.429633 0.159745
vt 0.703290 0.484462
vt 0.702948 0.481508
vt 0.705109 0.485241
vt 0.798767 0.454397
vt 0.823592 0.753496
vt 0.823073 0.755540
vt 0.822235 0.754742
vt 0.800893 0.462153
vt 0.803907 0.463918
vt 0.944071 0.623542
vt 0.944548 0.624532
vt 0.942474 0.626162
vt 0.804296 0.432863
vt 0.801898 0.464393
vt 0.016096 0.071345
vt 0.017587 0.072825
vt 0.016463 0.072994
vt 0.813707 0.417292
vt 0.814172 0.417180
vt 0.816197 0.468950
vt 0.815214 0.468908
vt 0.816517 0.467373
vt 0.031390 0.555471
vt 0.375464 0.518949
vt 0.010199 0.770726
vt 0.010408 0.771857
vt 0.008652 0.771512
vt 0.828411 0.199254
vt 0.364815 0.962602
vt 0.363727 0.961720
vt 0.810944 0.458667
vt 0.290349 0.735250
vt 0.291206 0.733831
vt 0.640790 0.595158
vt 0.643356 0.595598
vt 0.642128 0.596855
vt 0.198006 0.087662
vt 0.196992 0.088532
vt 0.195842 0.087251
vt 0.580616 0.437715
vt 0.582357 0.440482
vt 0.334446 0.204643
vt 0.794866 0.445238
vt 0.765962 0.204060
vt 0.767506 0.202838
vt 0.767059 0.204193
vt 0.855916 0.051272
vt 0.857641 0.051463
vt 0.857519 0.052564
vt 0.669393 0.328205
vt 0.673208 0.330498
vt 0.667769 0.331813
vt 0.108789 0.962403
vt 0.105839 0.962934
vt 0.106873 0.961952
vt 0.054187 0.530255
vt 0.055687 0.530582
vt 0.058528 0.639235
vt 0.058466 0.638752
vt 0.347754 0.204753
vt 0.347752 0.205871
vt 0.612568 0.127154
vt 0.613107 0.128750
vt 0.612010 0.128988
vt 0.611998 0.128233
vt 0.039123 0.575972
vt 0.837584 0.213526
vt 0.836924 0.214738
vt 0.836902 0.214730
vt 0.837212 0.213757
vt 0.810690 0.468693
vt 0.808909 0.469681
vt 0.572423 0.532835
vt 0.572200 0.533674
vt 0.569426 0.533952
vt 0.038648 0.575859
vt 0.311846 0.400204
vt 0.311830 0.400662
vt 0.311231 0.400944
vt 0.310870 0.400572
vt 0.368454 0.528537
vt 0.368524 0.528506
vt 0.374739 0.525933
vt 0.713640 0.427238
vt 0.713711 0.425839
vt 0.820256 0.467147
vt 0.576614 0.533824
vt 0.576545 0.533938
vt 0.576505 0.533916
vt 0.080361 0.884506
vt 0.079526 0.883236
vt 0.347754 0.204753
vt 0.612568 0.127154
vt 0.612016 0.128199
vt 0.612018 0.128986
vt 0.613107 0.128750
vt 0.039123 0.575973
vt 0.837584 0.213526
vt 0.837216 0.213754
vt 0.836906 0.214731
vt 0.836924 0.214738
vt 0.808906 0.469665
vt 0.810772 0.468594
vt 0.572423 0.532835
vt 0.569519 0.533917
vt 0.572207 0.533649
vt 0.038648 0.575859
vt 0.311846 0.400204
vt 0.310870 0.400572
vt 0.311231 0.400944
vt 0.311829 0.400689
vt 0.368454 0.528537
vt 0.368524 0.528506
vt 0.374738 0.525934
vt 0.713678 0.425887
vt 0.713686 0.427223
vt 0.820237 0.467109
vt 0.576614 0.533824
vt 0.576523 0.533900
vt 0.576559 0.533915
vt 0.079490 0.883162
vt 0.080375 0.884501
vt 0.300205 0.209332
vt 0.145403 0.773614
vt 0.145913 0.772839
vt 0.053141 0.530003
vt 0.300482 0.208011
vt 0.300516 0.207594
vt 0.581027 0.349780
vt 0.581257 0.349854
vt 0.300805 0.205724
vt 0.302915 0.204838
vt 0.576087 0.348577
vt 0.575977 0.348363
vt 0.576103 0.348327
vt 0.583818 0.348779
vt 0.048000 0.529371
vt 0.429766 0.159663
vt 0.771362 0.905442
vt 0.769791 0.906215
vt 0.769784 0.906125
vt 0.770487 0.904880
vt 0.790781 0.989665
vt 0.791522 0.988645
vt 0.986127 0.978777
vt 0.985965 0.978478
vt 0.986021 0.978420
vt 0.800291 0.421378
vt 0.508266 0.830437
vt 0.508585 0.830566
vt 0.508474 0.830696
vt 0.508457 0.830392
vt 0.145408 0.773614
vt 0.053095 0.529865
vt 0.300501 0.207560
vt 0.300473 0.208006
vt 0.487776 0.438320
vt 0.164208 0.455462
vt 0.164251 0.455423
vt 0.164180 0.455431
vt 0.581214 0.349811
vt 0.581000 0.349745
vt 0.302915 0.204838
vt 0.300756 0.205744
vt 0.576087 0.348577
vt 0.576104 0.348319
vt 0.575974 0.348357
vt 0.583826 0.348683
vt 0.048035 0.529281
vt 0.429786 0.159651
vt 0.771362 0.905442
vt 0.770442 0.904852
vt 0.769776 0.906013
vt 0.769791 0.906215
vt 0.791478 0.988669
vt 0.790759 0.989645
vt 0.986127 0.978777
vt 0.986005 0.978365
vt 0.985941 0.978432
vt 0.800511 0.421171
vt 0.508266 0.830437
vt 0.508548 0.830788
vt 0.508701 0.830613
vt 0.508527 0.830376
vn 0.4399 0.2456 -0.8638
vn 0.4556 0.2410 -0.8570
vn 0.4426 0.2289 -0.8670
vn 0.0382 -0.6077 0.7932
vn 0.5516 0.3405 0.7615
vn 0.0227 -0.0269 0.9994
vn 0.0531 -0.6235 0.7800
vn 0.6533 -0.0921 0.7514
vn 0.0486 0.0306 0.9983
vn 0.6692 -0.1212 0.7331
vn 0.6907 -0.1219 0.7128
vn 0.6840 -0.0799 0.7251
vn 0.9404 -0.0166 -0.3397
vn 0.9379 -0.0254 -0.3460
vn 0.9362 -0.0141 -0.3511
vn 0.9406 -0.0117 -0.3393
vn 0.9190 0.0693 0.3880
vn 0.9253 0.0836 0.3700
vn 0.9167 0.0952 0.3880
vn 0.8055 -0.4067 -0.4311
vn 0.8168 -0.3820 -0.4323
vn 0.8208 -0.3937 -0.4138
vn 0.4259 -0.2961 0.8550
vn 0.4378 -0.3012 0.8471
vn 0.4351 -0.2870 0.8534
vn 0.6474 0.0108 0.7621
vn 0.6441 0.0331 0.7642
vn 0.6280 0.0134 0.7781
vn 0.7924 -0.1186 0.5984
vn 0.7796 -0.1383 0.6109
vn 0.7859 -0.1450 0.6010
vn 0.5028 -0.1179 0.8563
vn 0.5340 -0.1161 0.8375
vn 0.5309 -0.0942 0.8422
vn 0.8554 -0.0736 0.5126
vn 0.8575 -0.0961 0.5055
vn 0.8706 -0.0829 0.4849
vn 0.2857 -0.0208 -0.9581
vn 0.2902 -0.0059 -0.9569
vn 0.3068 -0.0140 -0.9517
vn 0.5444 -0.2893 0.7873
vn 0.5560 -0.2847 0.7809
vn 0.5491 -0.2687 0.7914
vn 0.8275 -0.1432 0.5428
vn 0.8402 -0.1260 0.5275
vn 0.8231 -0.1222 0.5547
vn 0.4701 -0.1490 -0.8700
vn 0.4668 -0.1664 -0.8686
vn 0.4563 -0.1600 -0.8753
vn 0.9904 0.0178 -0.1370
vn 0.9911 0.0335 -0.1291
vn 0.9940 0.0074 -0.1089
vn 0.7068 0.1212 0.6969
vn 0.7150 0.1223 0.6883
vn 0.7130 0.1362 0.6879
vn 0.5352 0.3323 -0.7766
vn 0.5906 0.2789 -0.7572
vn 0.5325 0.3219 -0.7829
vn -0.0638 -0.6261 0.7772
vn 0.3107 -0.4474 0.8386
vn -0.0779 0.0262 0.9966
vn -0.0942 0.0241 0.9953
vn 0.3353 -0.4240 -0.8413
vn 0.3381 -0.4082 -0.8480
vn 0.3523 -0.4116 -0.8405
vn 0.8561 0.0662 0.5125
vn 0.8590 0.0433 0.5101
vn 0.8640 0.0506 0.5010
vn 0.2422 -0.0358 0.9696
vn 0.2513 -0.0515 0.9665
vn 0.2579 -0.0406 0.9653
vn 0.2733 0.0306 0.9614
vn 0.2869 0.0277 0.9576
vn 0.2839 0.0395 0.9580
vn 0.3808 -0.3141 -0.8697
vn 0.3878 -0.3076 -0.8689
vn 0.3953 -0.3165 -0.8623
vn 0.9341 0.0557 -0.3527
vn 0.9377 0.0504 -0.3439
vn 0.9338 0.0429 -0.3553
vn 0.8237 -0.1693 -0.5412
vn 0.8177 -0.1912 -0.5429
vn 0.8160 -0.1644 -0.5542
vn 0.9800 0.0607 0.1893
vn 0.9775 0.0808 0.1951
vn 0.9746 0.0553 0.2171
vn 0.8272 0.2669 0.4944
vn 0.8302 0.2933 0.4741
vn 0.8218 0.2910 0.4898
vn 0.9240 -0.3764 0.0671
vn 0.9225 -0.3746 0.0936
vn 0.9191 -0.3865 0.0767
vn 0.8468 0.0626 -0.5283
vn 0.8616 0.0430 -0.5058
vn 0.8469 0.0342 -0.5307
vn 0.3369 -0.3580 -0.8708
vn 0.3295 -0.3800 -0.8643
vn 0.3168 -0.3633 -0.8762
vn 0.8641 -0.0313 0.5024
vn 0.8629 -0.0529 0.5026
vn 0.8693 -0.0367 0.4929
vn 0.8125 0.1265 0.5690
vn 0.8242 0.1170 0.5541
vn 0.8225 0.1346 0.5526
vn 0.4466 0.0006 0.8947
vn 0.4508 -0.0183 0.8925
vn 0.4609 -0.0027 0.8874
vn -0.7984 0.1762 -0.5758
vn -0.6630 -0.4415 -0.6045
vn -0.8684 -0.0622 -0.4920
vn 0.3963 -0.1631 -0.9035
vn 0.4067 -0.1775 -0.8962
vn 0.3964 -0.1815 -0.9000
vn 0.8439 0.0287 -0.5357
vn 0.8527 0.0486 -0.5201
vn 0.8567 0.0328 -0.5147
vn 0.3522 0.0169 0.9358
vn 0.3576 0.0381 0.9331
vn 0.3415 0.0273 0.9395
vn 0.9492 0.0280 0.3135
vn 0.9632 0.0253 0.2678
vn 0.9600 0.0447 0.2763
vn 0.7618 0.0707 0.6440
vn 0.7603 0.0908 0.6432
vn 0.7449 0.0757 0.6629
vn 0.4932 0.0810 0.8661
vn 0.5068 0.0933 0.8570
vn 0.4855 0.0915 0.8694
vn 0.7729 -0.1447 -0.6178
vn 0.7781 -0.1143 -0.6176
vn 0.7859 -0.1145 -0.6077
vn 0.8715 -0.3705 0.3212
vn 0.8912 -0.3221 0.3195
vn 0.8736 -0.3441 0.3443
vn 0.8797 -0.3068 0.3633
vn 0.8943 -0.3043 0.3280
vn 0.8844 -0.2869 0.3680
vn -0.0413 -0.9108 0.4107
vn 0.5292 -0.5565 0.6405
vn -0.0480 -0.3762 0.9253
vn -0.0604 -0.4010 0.9141
vn 0.9284 0.1769 0.3269
vn 0.9342 0.1841 0.3055
vn 0.9277 0.1869 0.3233
vn 0.7663 0.0019 -0.6425
vn 0.7560 0.0154 -0.6544
vn 0.7672 0.0265 -0.6409
vn 0.3811 -0.2935 -0.8767
vn 0.3959 -0.3091 -0.8647
vn 0.3740 -0.3120 -0.8734
vn 0.1950 -0.2810 -0.9397
vn 0.2111 -0.2642 -0.9411
vn 0.2220 -0.2867 -0.9319
vn -0.0885 0.1174 0.9891
vn -0.0950 0.1425 0.9852
vn -0.0992 0.1060 0.9894
vn 0.7491 -0.1544 -0.6443
vn 0.7627 -0.1405 -0.6313
vn 0.7610 -0.1558 -0.6298
vn 0.8035 -0.1710 -0.5702
vn 0.8069 -0.1935 -0.5581
vn 0.7878 -0.1839 -0.5878
vn -0.3127 0.5024 -0.8061
vn 0.0255 0.3278 -0.9444
vn -0.3837 -0.0924 -0.9188
vn -0.3782 -0.0647 -0.9235
vn 0.9345 0.0294 -0.3547
vn 0.9358 0.0158 -0.3522
vn 0.9284 0.0140 -0.3714
vn 0.0508 -0.7521 0.6570
vn 0.7067 0.1479 0.6918
vn 0.0590 -0.0521 0.9969
vn 0.0662 -0.0734 0.9951
vn 0.9604 0.1244 0.2493
vn 0.9607 0.1074 0.2560
vn 0.9644 0.1152 0.2381
vn 0.2505 0.0531 0.9667
vn 0.2560 0.0709 0.9641
vn 0.2311 0.0558 0.9713
vn 0.9774 -0.1712 -0.1241
vn 0.9816 -0.1532 -0.1142
vn 0.9785 -0.1750 -0.1092
vn 0.2550 0.0195 0.9668
vn 0.2764 0.0309 0.9605
vn 0.2578 0.0466 0.9651
vn 0.9414 -0.0176 0.3369
vn 0.9355 -0.0108 0.3532
vn 0.9378 -0.0250 0.3463
vn 0.2450 -0.2314 -0.9415
vn 0.2536 -0.3019 -0.9190
vn 0.2230 -0.2881 -0.9313
vn 0.7338 0.0876 0.6737
vn 0.7440 0.0964 0.6611
vn 0.7360 0.1021 0.6693
vn 0.8841 -0.4572 0.0964
vn 0.8918 -0.4446 0.0839
vn 0.8936 -0.4369 0.1030
vn -0.6405 0.3675 -0.6744
vn -0.4830 0.2379 -0.8427
vn -0.6915 -0.0336 -0.7216
vn -0.7074 0.0082 -0.7068
vn -0.5916 0.1712 -0.7879
vn -0.8209 0.1627 -0.5475
vn -0.7616 0.4856 -0.4291
vn 0.3337 0.0688 0.9402
vn 0.3239 0.0534 0.9446
vn 0.3455 0.0509 0.9370
vn 0.7515 -0.0476 -0.6580
vn 0.7683 -0.0425 -0.6387
vn 0.7611 -0.0596 -0.6458
vn 0.8986 0.0982 -0.4275
vn 0.8916 0.0968 -0.4423
vn 0.8947 0.1146 -0.4317
vn 0.1637 -0.0344 0.9859
vn 0.1393 -0.0377 0.9895
vn 0.1436 -0.0583 0.9879
vn 0.3314 -0.3327 0.8829
vn 0.3434 -0.3278 0.8801
vn 0.3287 -0.3174 0.8895
vn -0.0550 -0.5339 0.8438
vn 0.2887 0.6261 0.7243
vn -0.0815 0.0726 0.9940
vn 0.8505 -0.0964 0.5170
vn 0.8724 -0.0699 0.4838
vn 0.8467 -0.0555 0.5292
vn 0.9273 0.1802 -0.3282
vn 0.9361 0.1727 -0.3066
vn 0.9346 0.1472 -0.3239
vn 0.9378 0.0694 -0.3401
vn 0.9379 0.0483 -0.3435
vn 0.9349 0.0578 -0.3503
vn -0.8095 0.0089 -0.5870
vn -0.6475 -0.2728 -0.7116
vn -0.8625 -0.2342 -0.4486
vn -0.4967 0.1213 -0.8594
vn -0.1532 -0.6499 -0.7444
vn -0.5822 -0.3196 -0.7476
vn 0.8830 0.0435 0.4673
vn 0.8796 0.0269 0.4750
vn 0.8881 0.0234 0.4590
vn 0.9577 -0.0393 0.2851
vn 0.9636 -0.0208 0.2666
vn 0.9538 0.0018 0.3006
vn 0.7940 -0.1177 0.5964
vn 0.8021 -0.1417 0.5802
vn 0.8123 -0.1235 0.5700
vn -0.0327 -0.4065 -0.9131
vn -0.0136 -0.4444 -0.8957
vn -0.0556 -0.4261 -0.9030
vn 0.7087 -0.2969 -0.6400
vn 0.7083 -0.2793 -0.6483
vn 0.7209 -0.2862 -0.6312
vn 0.9166 0.1116 -0.3840
vn 0.9232 0.1115 -0.3679
vn 0.9211 0.0966 -0.3771
vn 0.9022 0.1050 -0.4182
vn 0.9017 0.1252 -0.4139
vn 0.9056 0.1151 -0.4083
vn 0.7124 0.0687 0.6984
vn 0.7217 0.0518 0.6903
vn 0.7340 0.0652 0.6760
vn 0.9686 0.2319 0.0902
vn 0.9669 0.2294 0.1118
vn 0.9742 0.2064 0.0919
vn -0.0674 -0.4862 0.8713
vn 0.5017 -0.0798 0.8614
vn -0.1217 0.1498 0.9812
vn -0.1050 0.1337 0.9854
vn 0.8283 -0.0944 -0.5523
vn 0.8377 -0.0770 -0.5407
vn 0.8369 -0.0942 -0.5392
vn 0.4313 -0.0916 -0.8976
vn 0.4355 -0.0812 -0.8965
vn 0.4965 -0.0773 -0.8646
vn 0.6312 -0.4167 0.6541
vn 0.6060 -0.4172 0.6772
vn 0.6121 -0.4356 0.6600
vn 0.4066 -0.2990 0.8633
vn 0.4004 -0.2855 0.8707
vn 0.3928 -0.3013 0.8688
vn -0.0754 -0.5460 0.8344
vn 0.4880 0.1461 0.8605
vn -0.1247 0.0777 0.9892
vn 0.9674 -0.0361 0.2508
vn 0.9735 0.0026 0.2286
vn 0.9695 0.0054 0.2451
vn 0.9552 0.0509 0.2916
vn 0.9598 0.0425 0.2775
vn 0.9601 0.0610 0.2731
vn 0.6466 0.1132 -0.7544
vn 0.6506 0.0889 -0.7542
vn 0.6070 0.0503 -0.7931
vn 0.7192 0.0298 0.6941
vn 0.7266 0.0063 0.6871
vn 0.7271 0.0283 0.6859
vn 0.9711 -0.1624 0.1748
vn 0.9633 -0.1779 0.2011
vn 0.9627 -0.1948 0.1876
vn 0.8602 0.1244 0.4946
vn 0.8511 0.1529 0.5022
vn 0.8439 0.1321 0.5200
vn 0.8568 -0.2359 -0.4584
vn 0.8671 -0.2211 -0.4465
vn 0.8656 -0.2404 -0.4391
vn 0.7170 -0.0451 -0.6956
vn 0.6938 -0.0425 -0.7189
vn 0.7118 -0.0323 -0.7016
vn 0.6498 -0.0794 -0.7560
vn 0.6622 -0.0806 -0.7450
vn 0.6543 -0.0915 -0.7506
vn 0.2382 0.0310 -0.9707
vn 0.2693 0.0316 -0.9625
vn 0.2542 0.0140 -0.9671
vn 0.3294 -0.1159 -0.9370
vn 0.3353 -0.1091 -0.9358
vn 0.3401 -0.1206 -0.9326
vn 0.4690 0.0099 0.8831
vn 0.4596 0.0006 0.8881
vn 0.4760 -0.0034 0.8795
vn 0.8453 0.0161 0.5340
vn 0.8359 0.0112 0.5488
vn 0.8461 0.0034 0.5330
vn 0.8887 -0.0322 0.4574
vn 0.8967 0.0037 0.4425
vn 0.8762 -0.0100 0.4818
vn 0.8615 -0.3766 0.3406
vn 0.8794 -0.3622 0.3089
vn 0.8681 -0.3578 0.3442
vn 0.8571 -0.0533 0.5124
vn 0.8501 -0.0767 0.5210
vn 0.8565 -0.0795 0.5099
vn 0.8240 -0.0984 0.5580
vn 0.8131 -0.0856 0.5759
vn 0.8219 -0.1045 0.5599
vn 0.3744 0.3393 -0.8630
vn 0.3870 0.3495 -0.8533
vn 0.3877 0.3332 -0.8595
vn 0.7987 0.0327 0.6008
vn 0.8031 0.0542 0.5934
vn 0.7889 0.0404 0.6132
vn 0.3655 -0.2453 -0.8979
vn 0.3829 -0.2312 -0.8944
vn 0.3809 -0.2618 -0.8868
vn 0.8013 0.1691 0.5738
vn 0.8101 0.1638 0.5629
vn 0.8069 0.1781 0.5632
vn 0.2537 0.0569 0.9656
vn 0.2613 0.0693 0.9628
vn 0.2486 0.0823 0.9651
vn 0.5033 0.2702 0.8208
vn -0.0658 0.0405 0.9970
vn -0.0414 -0.5627 0.8256
vn 0.7667 0.0362 -0.6410
vn 0.7726 0.0426 -0.6335
vn 0.7708 0.0237 -0.6367
vn 0.9400 -0.0344 0.3394
vn 0.9324 -0.0531 0.3576
vn 0.9391 -0.0559 0.3390
vn 0.5173 -0.3927 -0.7604
vn 0.5300 -0.4091 -0.7428
vn 0.5089 -0.4004 -0.7620
vn 0.6089 -0.1758 -0.7735
vn 0.6181 -0.1563 -0.7704
vn 0.6175 -0.1868 -0.7640
vn 0.6231 -0.1794 -0.7613
vn 0.6123 -0.1816 -0.7695
vn 0.6158 -0.1679 -0.7698
vn 0.9235 0.0697 -0.3772
vn 0.9251 0.0517 -0.3762
vn 0.9201 0.0592 -0.3871
vn 0.3804 0.0213 0.9246
vn 0.3697 0.0011 0.9291
vn 0.3895 0.0052 0.9210
vn 0.5690 -0.0080 0.8223
vn 0.5880 -0.0303 0.8083
vn 0.5876 -0.0043 0.8092
vn 0.7354 -0.0075 0.6776
vn 0.7413 -0.0112 0.6711
vn 0.7397 -0.0028 0.6729
vn 0.8046 -0.0371 0.5927
vn 0.7882 -0.0271 0.6149
vn 0.7907 -0.0567 0.6095
vn 0.9333 -0.3077 0.1852
vn 0.9350 -0.3153 0.1625
vn 0.9391 -0.2948 0.1765
vn -0.0877 -0.8364 0.5411
vn 0.4971 -0.0219 0.8674
vn -0.1251 -0.3544 0.9267
vn 0.9934 -0.0398 0.1072
vn 0.9922 -0.0449 0.1164
vn 0.9896 -0.0670 0.1272
vn 0.9926 -0.0670 0.1017
vn 0.3545 0.0385 0.9343
vn 0.3438 0.0247 0.9387
vn 0.3642 0.0153 0.9312
vn 0.4838 -0.0749 -0.8720
vn 0.4690 -0.1865 -0.8633
vn 0.4506 -0.1393 -0.8818
vn 0.9163 -0.3790 -0.1296
vn 0.9069 -0.3963 -0.1427
vn 0.9146 -0.3781 -0.1436
vn 0.8900 0.1127 -0.4417
vn 0.8959 0.1157 -0.4290
vn 0.8981 0.0983 -0.4286
vn 0.0553 -0.1309 0.9899
vn 0.0506 -0.1456 0.9880
vn 0.0472 -0.1594 0.9861
vn 0.0745 -0.1610 0.9841
vn 0.9103 -0.2508 0.3294
vn 0.9120 -0.2121 0.3512
vn 0.9002 -0.2349 0.3667
vn 0.8115 0.0733 0.5797
vn 0.8247 0.0612 0.5623
vn 0.8293 0.0763 0.5536
vn 0.9113 0.0629 0.4069
vn 0.9141 0.0382 0.4037
vn 0.9206 0.0627 0.3855
vn 0.7324 0.0899 0.6749
vn 0.7392 0.0584 0.6710
vn 0.7550 0.0770 0.6512
vn 0.7166 -0.0843 0.6923
vn 0.7330 -0.1051 0.6721
vn 0.7407 -0.0909 0.6656
vn 0.8895 -0.1720 0.4233
vn 0.8942 -0.1739 0.4124
vn 0.8927 -0.1546 0.4233
vn 0.1449 0.0021 0.9894
vn 0.1664 -0.0023 0.9861
vn 0.1517 0.0158 0.9883
vn 0.0514 0.0641 0.9966
vn 0.0362 0.0820 0.9960
vn 0.0408 0.0616 0.9973
vn 0.8142 0.1356 0.5646
vn 0.8123 0.1473 0.5644
vn 0.7716 0.1534 0.6173
vn 0.9757 0.1834 -0.1201
vn 0.9790 0.1795 -0.0962
vn 0.9826 0.1603 -0.0943
vn 0.9805 0.1575 -0.1174
vn 0.7574 0.0332 0.6521
vn 0.7547 0.0516 0.6541
vn 0.7510 0.0405 0.6590
vn 0.2957 0.0146 -0.9552
vn 0.2871 0.0262 -0.9575
vn 0.3032 0.0186 -0.9527
vn 0.4485 0.0827 0.8900
vn 0.4012 0.0949 0.9111
vn 0.4101 0.0574 0.9102
vn 0.0043 -0.5673 0.8235
vn 0.5358 -0.2441 0.8083
vn -0.0066 0.1281 0.9917
vn -0.0109 0.1028 0.9946
vn -0.1788 -0.3674 -0.9127
vn -0.1481 -0.3781 -0.9138
vn -0.1673 -0.3992 -0.9015
vn 0.9310 -0.3135 0.1872
vn 0.9408 -0.2988 0.1599
vn 0.9376 -0.2960 0.1826
vn 0.8862 -0.4513 0.1050
vn 0.8869 -0.4532 0.0894
vn 0.8972 -0.4348 0.0775
vn -0.3580 0.5231 -0.7735
vn 0.0622 0.2523 -0.9657
vn -0.4366 -0.0384 -0.8988
vn 0.7316 0.0103 0.6817
vn 0.7196 0.0305 0.6938
vn 0.7126 0.0109 0.7014
vn 0.9627 -0.1472 -0.2268
vn 0.9700 -0.1102 -0.2165
vn 0.9707 -0.1417 -0.1938
vn 0.4488 -0.0181 0.8935
vn 0.4531 0.0018 0.8914
vn 0.4436 -0.0019 0.8962
vn 0.7612 -0.0658 -0.6452
vn 0.7446 -0.0837 -0.6623
vn 0.7479 -0.0567 -0.6614
vn 0.5000 -0.2761 0.8208
vn 0.4957 -0.2580 0.8293
vn 0.4808 -0.2798 0.8310
vn 0.4903 -0.3480 0.7991
vn 0.4998 -0.3387 0.7972
vn 0.4813 -0.3376 0.8089
vn 0.0444 -0.2060 0.9775
vn 0.0733 -0.2060 0.9758
vn 0.0590 -0.1787 0.9821
vn 0.3480 -0.2251 0.9101
vn 0.3530 -0.1969 0.9147
vn 0.3318 -0.2128 0.9190
vn 0.6177 0.0221 0.7861
vn 0.6228 0.0066 0.7824
vn 0.6338 0.0318 0.7729
vn 0.6177 0.0622 0.7840
vn 0.6137 0.0487 0.7880
vn 0.6334 0.0449 0.7725
vn 0.3365 0.0727 0.9389
vn 0.3428 0.0991 0.9341
vn 0.3225 0.0942 0.9419
vn 0.6565 0.0888 0.7491
vn 0.6493 0.1121 0.7522
vn 0.6369 0.1014 0.7643
vn 0.6464 0.0787 0.7590
vn 0.6633 0.0953 0.7422
vn 0.6455 0.0999 0.7572
vn 0.4622 -0.0507 0.8853
vn 0.4706 -0.0250 0.8820
vn 0.4547 -0.0231 0.8904
vn 0.0951 0.0422 -0.9946
vn 0.1002 0.0546 -0.9935
vn 0.1178 0.0310 -0.9926
vn 0.6872 0.1161 0.7172
vn 0.6931 0.1035 0.7134
vn 0.6952 0.1175 0.7092
vn 0.8546 -0.0935 -0.5108
vn 0.8507 -0.0800 -0.5196
vn 0.8638 -0.0767 -0.4979
vn 0.6153 0.1955 -0.7637
vn 0.6199 0.1972 -0.7595
vn 0.6269 0.1899 -0.7556
vn 0.6204 0.1744 -0.7646
vn 0.7316 -0.3342 0.5942
vn 0.7240 -0.3268 0.6075
vn 0.7095 -0.3514 0.6109
vn 0.9825 -0.0445 0.1807
vn 0.9783 -0.0439 0.2027
vn 0.9801 -0.0662 0.1873
vn 0.6900 0.0016 -0.7238
vn 0.6494 0.0440 -0.7592
vn 0.6981 0.0252 -0.7155
vn 0.3589 -0.1306 -0.9242
vn 0.3458 -0.1369 -0.9283
vn 0.3416 -0.1218 -0.9319
vn 0.3566 -0.1227 -0.9262
vn 0.9512 -0.2117 0.2244
vn 0.9456 -0.2278 0.2323
vn 0.9534 -0.2192 0.2074
vn 0.7429 0.0348 -0.6685
vn 0.7464 0.0188 -0.6653
vn 0.7326 0.0221 -0.6803
vn 0.9769 0.0350 0.2106
vn 0.9701 0.0528 0.2371
vn 0.9710 0.0224 0.2379
vn 0.8563 0.0485 -0.5143
vn 0.8651 0.0492 -0.4992
vn 0.8663 0.0357 -0.4982
vn 0.9176 0.3205 -0.2353
vn 0.9219 0.2963 -0.2494
vn 0.9158 0.3037 -0.2628
vn 0.8727 -0.0805 0.4816
vn 0.8601 -0.0948 0.5012
vn 0.8725 -0.1112 0.4757
vn 0.8043 -0.0857 -0.5880
vn 0.7695 -0.1413 -0.6228
vn 0.7900 -0.0705 -0.6090
vn 0.7943 -0.1022 -0.5989
vn 0.7846 -0.0808 -0.6147
vn 0.7981 -0.0699 -0.5985
vn -0.6882 0.1899 -0.7003
vn -0.5283 0.0616 -0.8468
vn -0.7466 -0.2132 -0.6302
vn -0.7531 -0.1342 -0.6441
vn 0.0498 -0.6913 0.7209
vn 0.6061 -0.3016 0.7360
vn 0.0528 0.0368 0.9979
vn 0.5321 0.0389 0.8458
vn 0.5322 0.0651 0.8441
vn 0.5244 0.0493 0.8501
vn 0.6415 0.0359 0.7663
vn 0.6231 0.0556 0.7802
vn 0.6254 0.0232 0.7800
vn 0.7417 0.0300 0.6701
vn 0.7402 0.0596 0.6698
vn 0.7305 0.0398 0.6817
vn 0.3510 0.0435 0.9353
vn 0.3296 0.0267 0.9437
vn 0.3523 0.0155 0.9358
vn 0.1425 -0.0720 -0.9872
vn 0.1338 -0.0693 -0.9886
vn 0.1373 -0.0616 -0.9886
vn 0.8401 -0.0961 0.5339
vn 0.8584 -0.1146 0.5000
vn 0.8526 -0.0701 0.5179
vn 0.7753 -0.3017 0.5548
vn 0.7612 -0.3397 0.5524
vn 0.7906 -0.3040 0.5315
vn 0.9479 -0.0078 -0.3185
vn 0.9503 0.0088 -0.3113
vn 0.9511 -0.0017 -0.3088
vn 0.8044 -0.1971 -0.5604
vn 0.8169 -0.1847 -0.5465
vn 0.8120 -0.2020 -0.5476
vn 0.7446 0.0979 -0.6603
vn 0.7304 0.1234 -0.6718
vn 0.7486 0.1041 -0.6547
vn 0.5206 0.2450 -0.8179
vn 0.5266 0.2268 -0.8193
vn 0.5101 0.2338 -0.8278
vn -0.3600 0.2782 -0.8905
vn -0.3740 0.2612 -0.8899
vn -0.3970 0.2835 -0.8729
vn 0.3338 0.0730 -0.9398
vn 0.3672 0.0652 -0.9279
vn 0.3530 0.0524 -0.9341
vn 0.4118 0.1461 -0.8995
vn 0.4258 0.1232 -0.8964
vn 0.4093 0.1243 -0.9039
vn 0.9298 -0.1835 0.3191
vn 0.9318 -0.1984 0.3039
vn 0.9362 -0.1810 0.3012
vn 0.9968 -0.0158 0.0789
vn 0.9989 -0.0153 0.0440
vn 0.9978 0.0101 0.0657
vn 0.8747 -0.0495 0.4822
vn 0.8611 -0.1041 0.4977
vn 0.8719 -0.0954 0.4802
vn 0.8441 0.0545 -0.5334
vn 0.8427 0.0808 -0.5323
vn 0.8491 0.0714 -0.5235
vn 0.0833 0.1288 -0.9882
vn 0.1061 0.1583 -0.9817
vn 0.1058 0.1078 -0.9885
vn 0.3361 0.1140 -0.9349
vn 0.3176 0.1188 -0.9407
vn 0.3297 0.1350 -0.9344
vn 0.1249 -0.2570 -0.9583
vn 0.1335 -0.2269 -0.9647
vn 0.1497 -0.2601 -0.9539
vn -0.9009 0.1983 -0.3862
vn -0.8153 0.1163 -0.5672
vn -0.9230 -0.0705 -0.3783
vn -0.9332 0.0587 -0.3545
vn -0.1547 0.5876 -0.7942
vn 0.2362 0.4179 -0.8772
vn -0.1933 -0.0851 -0.9774
vn -0.2012 -0.0538 -0.9781
vn -0.3592 -0.0037 -0.9332
vn -0.4212 -0.1079 -0.9005
vn -0.4084 0.0141 -0.9127
vn 0.7781 -0.2810 -0.5618
vn 0.7896 -0.2844 -0.5438
vn 0.7820 -0.3028 -0.5447
vn 0.8343 -0.1073 -0.5408
vn 0.8358 -0.1304 -0.5333
vn 0.8258 -0.1385 -0.5467
vn 0.9126 -0.1690 -0.3724
vn 0.9048 -0.1704 -0.3903
vn 0.9117 -0.1493 -0.3827
vn 0.9317 -0.3045 0.1978
vn 0.9256 -0.3297 0.1861
vn 0.9361 -0.3046 0.1761
vn 0.8650 0.1616 0.4750
vn 0.8723 0.1641 0.4606
vn 0.8672 0.1817 0.4637
vn 0.8023 0.0782 0.5918
vn 0.8059 0.0534 0.5896
vn 0.8155 0.0693 0.5746
vn 0.7489 0.0812 0.6577
vn 0.7427 0.0613 0.6668
vn 0.7611 0.0737 0.6444
vn 0.7491 0.1074 0.6537
vn 0.7336 0.0937 0.6731
vn 0.7500 0.0777 0.6568
vn 0.9346 -0.0548 -0.3514
vn 0.9420 -0.0543 -0.3313
vn 0.9412 -0.0786 -0.3286
vn 0.9605 0.2775 -0.0201
vn 0.9658 0.2553 -0.0455
vn 0.9576 0.2842 -0.0472
vn 0.8355 -0.0666 0.5454
vn 0.8013 -0.1192 0.5862
vn 0.8353 -0.0826 0.5436
vn 0.2381 -0.2779 0.9306
vn 0.2527 -0.2402 0.9373
vn 0.2335 -0.2435 0.9414
vn 0.0105 0.7821 -0.6231
vn 0.4731 -0.3130 -0.8235
vn 0.0091 0.1624 -0.9867
vn 0.0217 0.1810 -0.9832
vn 0.0302 -0.6719 0.7400
vn 0.6746 -0.2181 0.7052
vn 0.0296 0.0277 0.9992
vn 0.0287 0.0190 0.9994
vn -0.5445 0.2757 -0.7922
vn -0.3213 -0.1839 -0.9289
vn -0.6539 -0.2747 -0.7050
vn -0.2192 0.6232 -0.7507
vn 0.1835 -0.3943 -0.9005
vn -0.2931 -0.0036 -0.9561
vn 0.2027 -0.5004 0.8418
vn 0.2251 -0.4776 0.8493
vn 0.1986 -0.4885 0.8497
vn 0.6910 0.0556 -0.7207
vn 0.6942 0.0747 -0.7159
vn 0.7014 0.0567 -0.7105
vn -0.1316 -0.5439 -0.8288
vn -0.5912 -0.3828 -0.7099
vn -0.5275 -0.0170 -0.8494
vn 0.6642 -0.0596 0.7452
vn 0.6341 -0.0627 0.7707
vn 0.6722 -0.0902 0.7348
vn 0.9397 0.0266 -0.3409
vn 0.9443 0.0276 -0.3279
vn 0.9418 0.0144 -0.3358
vn 0.9059 -0.1887 -0.3790
vn 0.9103 -0.1719 -0.3765
vn 0.9122 -0.1938 -0.3611
vn 0.9097 -0.2602 0.3237
vn 0.9312 -0.1993 0.3052
vn 0.9278 -0.1854 0.3237
vn 0.8104 -0.0158 0.5857
vn 0.8093 0.0046 0.5874
vn 0.7961 -0.0028 0.6052
vn 0.7782 0.0855 0.6222
vn 0.7775 0.0651 0.6255
vn 0.7878 0.0776 0.6110
vn 0.7330 0.0304 0.6796
vn 0.7108 0.0537 0.7013
vn 0.7149 0.0323 0.6984
vn 0.9342 -0.3448 0.0916
vn 0.9501 -0.3026 0.0759
vn 0.9443 -0.3109 0.1078
vn 0.6336 -0.1068 -0.7663
vn 0.6221 -0.1008 -0.7764
vn 0.6271 -0.0859 -0.7742
vn 0.9780 0.2034 -0.0463
vn 0.9820 0.1812 -0.0530
vn 0.9759 0.2047 -0.0752
vn 0.4247 -0.1959 -0.8839
vn 0.4360 -0.2016 -0.8771
vn 0.4256 -0.2082 -0.8806
vn 0.6516 -0.0955 -0.7525
vn 0.6629 -0.0818 -0.7442
vn 0.6652 -0.0956 -0.7405
vn 0.8657 0.1161 0.4870
vn 0.8560 0.1425 0.4970
vn 0.8522 0.1128 0.5108
vn 0.8828 -0.0581 0.4662
vn 0.8675 -0.0631 0.4934
vn 0.8741 -0.0954 0.4764
vn 0.9524 0.2986 -0.0617
vn 0.9449 0.3247 -0.0417
vn 0.9551 0.2954 -0.0243
vn 0.4063 -0.0195 0.9135
vn -0.1338 -0.2027 0.9700
vn -0.1069 -0.7513 0.6512
vn -0.0716 -0.9099 0.4087
vn 0.4881 -0.4224 0.7637
vn -0.1552 -0.4253 0.8917
vn 0.9394 0.1397 0.3131
vn 0.9462 0.1334 0.2949
vn 0.9426 0.1618 0.2921
vn 0.7423 0.0100 0.6700
vn 0.7417 -0.0014 0.6707
vn 0.7488 0.0039 0.6628
vn 0.7718 -0.1557 -0.6165
vn 0.7581 -0.1649 -0.6309
vn 0.7631 -0.1439 -0.6300
vn 0.9124 -0.2110 -0.3507
vn 0.9211 -0.2020 -0.3327
vn 0.9188 -0.2215 -0.3268
vn 0.3049 -0.2499 -0.9190
vn 0.3010 -0.2591 -0.9178
vn 0.2914 -0.2450 -0.9247
vn 0.0867 0.1223 -0.9887
vn 0.0896 0.0392 -0.9952
vn 0.0607 0.1148 -0.9915
vn 0.5078 0.0909 0.8567
vn 0.4921 0.1193 0.8623
vn 0.4867 0.0918 0.8688
vn 0.8433 0.0476 0.5353
vn 0.8328 0.0028 0.5536
vn 0.8437 0.0141 0.5367
vn 0.9383 0.3189 0.1341
vn 0.9464 0.2916 0.1392
vn 0.9450 0.3034 0.1217
vn 0.8965 0.0937 -0.4331
vn 0.8956 0.1233 -0.4275
vn 0.9026 0.1061 -0.4172
vn 0.6086 -0.1493 -0.7793
vn 0.5975 -0.1587 -0.7860
vn 0.5970 -0.1443 -0.7891
vn 0.4208 -0.0304 -0.9066
vn 0.4297 -0.0139 -0.9029
vn 0.4346 -0.0333 -0.9000
vn 0.3034 0.0563 0.9512
vn 0.3116 0.0348 0.9496
vn 0.3280 0.0652 0.9424
vn 0.2298 -0.2485 0.9410
vn 0.2156 -0.2628 0.9405
vn 0.2416 -0.2743 0.9308
vn 0.4992 -0.2692 0.8236
vn 0.4840 -0.2703 0.8323
vn 0.4700 -0.2834 0.8359
vn 0.4835 -0.2935 0.8247
vn 0.8188 -0.3894 0.4218
vn 0.8213 -0.3807 0.4248
vn 0.8114 -0.3919 0.4337
vn 0.2559 -0.2454 -0.9350
vn 0.2322 -0.2858 -0.9297
vn 0.2227 -0.2638 -0.9385
vn 0.8622 0.4334 -0.2621
vn 0.8539 0.4551 -0.2524
vn 0.8688 0.4348 -0.2371
vn 0.9731 -0.1807 -0.1431
vn 0.9683 -0.1940 -0.1573
vn 0.9700 -0.1743 -0.1697
vn 0.0524 -0.6632 0.7466
vn 0.3134 0.6265 0.7136
vn 0.0417 -0.0552 0.9976
vn 0.1407 0.0491 -0.9888
vn 0.1818 0.0338 -0.9828
vn 0.1491 0.0201 -0.9886
vn 0.7735 0.0659 0.6304
vn 0.7590 0.0683 0.6475
vn 0.7716 0.0413 0.6348
vn 0.7682 0.0965 0.6328
vn 0.7543 0.1123 0.6469
vn 0.7576 0.0813 0.6476
vn 0.5438 0.0586 0.8371
vn 0.5638 0.0718 0.8228
vn 0.5537 0.0764 0.8292
vn 0.7646 -0.1865 -0.6169
vn 0.7643 -0.1964 -0.6142
vn 0.7557 -0.1917 -0.6262
vn -0.0077 -0.1594 -0.9872
vn -0.0310 -0.1419 -0.9894
vn -0.0049 -0.1329 -0.9911
vn 0.3326 -0.2577 -0.9072
vn 0.3192 -0.2722 -0.9078
vn 0.3013 -0.2532 -0.9193
vn 0.2655 -0.4267 -0.8646
vn 0.2722 -0.4417 -0.8549
vn 0.2493 -0.4510 -0.8570
vn 0.3953 -0.4648 -0.7923
vn 0.3921 -0.4884 -0.7795
vn 0.3831 -0.4666 -0.7972
vn 0.3762 -0.0165 0.9264
vn 0.3859 -0.0006 0.9225
vn 0.3682 0.0098 0.9297
vn 0.7454 0.0001 0.6666
vn 0.7461 -0.0089 0.6658
vn 0.7526 0.0015 0.6585
vn 0.6244 -0.0334 0.7804
vn 0.0263 -0.0879 0.9958
vn 0.0392 -0.6810 0.7312
vn 0.7415 0.0126 -0.6708
vn 0.7325 -0.0015 -0.6808
vn 0.7291 0.0205 -0.6842
vn 0.7289 0.1123 -0.6754
vn 0.7416 0.1053 -0.6626
vn 0.7289 0.0941 -0.6781
vn 0.3274 -0.0468 -0.9437
vn 0.3247 -0.0588 -0.9440
vn 0.3114 -0.0637 -0.9481
vn 0.2982 -0.0453 -0.9534
vn 0.2891 -0.0238 -0.9570
vn 0.3085 -0.0276 -0.9508
vn 0.6940 -0.1568 -0.7027
vn 0.7033 -0.1451 -0.6960
vn 0.7015 -0.1665 -0.6930
vn -0.0380 -0.6371 -0.7698
vn -0.4274 -0.0306 -0.9036
vn -0.3560 0.4876 -0.7972
vn 0.8107 0.1375 0.5691
vn 0.8174 0.1475 0.5569
vn 0.7838 0.2023 0.5872
vn 0.5477 -0.0460 0.8354
vn 0.5536 -0.0340 0.8321
vn 0.5420 -0.0285 0.8399
vn 0.7353 0.0800 -0.6730
vn 0.7264 0.0608 -0.6846
vn 0.7228 0.0792 -0.6865
vn 0.6124 0.1103 -0.7828
vn 0.5925 0.1116 -0.7978
vn 0.6016 0.1298 -0.7881
vn 0.5756 -0.0322 -0.8171
vn 0.5727 -0.0149 -0.8196
vn 0.5909 -0.0161 -0.8066
vn 0.4494 -0.0175 -0.8931
vn 0.4640 -0.0240 -0.8855
vn 0.4494 -0.0396 -0.8924
vn 0.3632 0.0653 -0.9294
vn 0.3659 0.0514 -0.9292
vn 0.3514 0.0495 -0.9349
vn 0.7659 -0.3474 0.5410
vn 0.7877 -0.3553 0.5032
vn 0.7888 -0.3266 0.5206
vn -0.0450 -0.6708 0.7403
vn 0.4633 -0.2745 0.8426
vn -0.0738 0.0256 0.9969
vn 0.9335 -0.0095 0.3585
vn 0.9387 -0.0201 0.3440
vn 0.9363 -0.0002 0.3513
vn 0.7562 -0.3870 0.5276
vn 0.7844 -0.3643 0.5020
vn 0.7759 -0.3385 0.5323
vn 0.7322 0.0339 -0.6803
vn 0.7431 0.0191 -0.6689
vn 0.7358 0.0148 -0.6770
vn 0.9123 0.0882 0.3998
vn 0.9086 0.0697 0.4119
vn 0.9205 0.0621 0.3858
vn 0.8551 0.3455 -0.3866
vn 0.8486 0.3342 -0.4100
vn 0.8367 0.3645 -0.4088
vn 0.3604 -0.3395 -0.8688
vn 0.3564 -0.3275 -0.8751
vn 0.4075 -0.3199 -0.8554
vn 0.0420 0.0718 0.9965
vn 0.0343 0.0597 0.9976
vn 0.0324 -0.6500 0.7593
vn 0.3376 -0.5601 0.7565
vn -0.0069 0.0476 0.9988
vn 0.0077 0.0324 0.9994
vn 0.0107 -0.6263 0.7795
vn 0.6534 0.1740 0.7367
vn 0.0333 -0.1952 0.9802
vn 0.0307 -0.8086 0.5876
vn 0.7192 -0.0556 0.6926
vn 0.0254 -0.1745 0.9843
vn -0.8260 0.1233 -0.5500
vn -0.7762 0.4089 -0.4798
vn -0.7362 -0.0527 -0.6747
vn -0.3681 -0.4456 -0.8160
vn -0.3003 0.0948 -0.9491
vn -0.1184 -0.0006 -0.9930
vn -0.3574 -0.4862 -0.7975
vn -0.3787 -0.1361 -0.9155
vn -0.3077 0.4230 -0.8523
vn 0.2090 -0.1666 -0.9636
vn -0.4286 -0.1836 -0.8846
vn -0.4261 -0.1425 -0.8934
vn -0.3644 0.3328 -0.8697
vn 0.1225 -0.1797 -0.9761
vn -0.6655 0.0866 -0.7414
vn -0.5970 0.3856 -0.7034
vn -0.3750 -0.2093 -0.9031
vn -0.6915 0.0042 -0.7224
vn 0.0466 -0.6017 0.7974
vn 0.0338 -0.9696 0.2424
vn 0.6657 -0.2716 0.6950
vn 0.0264 -0.5833 0.8118
vn -0.1443 0.0189 0.9894
vn -0.1079 -0.6015 0.7916
vn 0.4943 0.0305 0.8687
vn 0.0163 0.0106 0.9998
vn 0.0232 -0.6758 0.7367
vn 0.4009 -0.5908 0.7002
vn 0.0324 0.0353 0.9989
vn -0.0923 -0.1726 0.9806
vn -0.0643 -0.7025 0.7088
vn 0.5229 -0.1936 0.8301
vn -0.0912 -0.1447 0.9853
vn -0.9296 -0.0396 -0.3665
vn -0.9049 0.1472 -0.3995
vn -0.8350 -0.1250 -0.5359
vn -0.9344 -0.1195 -0.3355
vn -0.4440 0.2418 -0.8628
vn -0.4433 0.2239 -0.8680
vn -0.4577 0.2317 -0.8584
vn -0.6219 0.0234 0.7828
vn -0.0247 -0.0294 0.9993
vn -0.0384 0.6139 0.7885
vn -0.6017 -0.3126 0.7351
vn -0.0507 0.0292 0.9983
vn -0.0564 0.6311 0.7737
vn -0.6661 -0.1230 0.7357
vn -0.6974 -0.0965 0.7102
vn -0.6900 -0.1293 0.7122
vn -0.9383 -0.0285 -0.3446
vn -0.9390 -0.0334 -0.3423
vn -0.9404 -0.0248 -0.3391
vn -0.9358 -0.0243 -0.3518
vn -0.9245 0.0604 0.3765
vn -0.9226 0.0855 0.3761
vn -0.9313 0.0720 0.3571
vn -0.8005 -0.4161 -0.4313
vn -0.8138 -0.4093 -0.4126
vn -0.8106 -0.3929 -0.4343
vn -0.4361 -0.3142 0.8433
vn -0.4434 -0.3023 0.8438
vn -0.4451 -0.3185 0.8370
vn -0.6388 -0.0128 0.7693
vn -0.6242 -0.0002 0.7813
vn -0.6418 0.0145 0.7667
vn -0.7850 -0.1180 0.6081
vn -0.7809 -0.1480 0.6069
vn -0.7753 -0.1417 0.6155
vn -0.5165 -0.1175 0.8482
vn -0.5311 -0.0992 0.8415
vn -0.5354 -0.1176 0.8364
vn -0.8550 -0.0855 0.5115
vn -0.8701 -0.0999 0.4826
vn -0.8569 -0.1076 0.5041
vn -0.2861 -0.0271 -0.9578
vn -0.3052 -0.0175 -0.9521
vn -0.2925 -0.0074 -0.9562
vn -0.5404 -0.3057 0.7839
vn -0.5423 -0.2837 0.7908
vn -0.5512 -0.2966 0.7799
vn -0.8226 -0.1776 0.5402
vn -0.8203 -0.1577 0.5497
vn -0.8373 -0.1623 0.5221
vn -0.4660 -0.1544 -0.8712
vn -0.4536 -0.1631 -0.8762
vn -0.4627 -0.1726 -0.8695
vn -0.9908 0.0027 -0.1351
vn -0.9946 0.0104 -0.1034
vn -0.9912 0.0210 -0.1304
vn -0.7106 0.1185 0.6936
vn -0.7179 0.1335 0.6832
vn -0.7184 0.1203 0.6851
vn -0.5398 0.3257 -0.7762
vn -0.5391 0.3096 -0.7833
vn -0.5855 0.2613 -0.7674
vn -0.4789 -0.3258 0.8152
vn 0.0979 0.0254 0.9949
vn 0.0832 0.0274 0.9962
vn 0.0635 0.6189 0.7829
vn -0.3287 -0.4282 -0.8418
vn -0.3456 -0.4180 -0.8402
vn -0.3317 -0.4124 -0.8485
vn -0.8558 0.0476 0.5151
vn -0.8640 0.0340 0.5023
vn -0.8574 0.0270 0.5140
vn -0.2476 -0.0413 0.9680
vn -0.2604 -0.0471 0.9644
vn -0.2517 -0.0593 0.9660
vn -0.2762 0.0271 0.9607
vn -0.2899 0.0298 0.9566
vn -0.2913 0.0199 0.9564
vn -0.3754 -0.3188 -0.8703
vn -0.3886 -0.3231 -0.8629
vn -0.3830 -0.3124 -0.8693
vn -0.9342 0.0442 -0.3540
vn -0.9338 0.0313 -0.3563
vn -0.9377 0.0381 -0.3453
vn -0.8204 -0.1793 -0.5429
vn -0.8130 -0.1744 -0.5555
vn -0.8126 -0.2016 -0.5468
vn -0.9818 0.0486 0.1838
vn -0.9769 0.0465 0.2087
vn -0.9797 0.0723 0.1872
vn -0.8197 0.2683 0.5061
vn -0.8142 0.2918 0.5020
vn -0.8225 0.2953 0.4861
vn -0.9205 -0.3850 0.0673
vn -0.9144 -0.3976 0.0758
vn -0.9177 -0.3864 0.0924
vn -0.8439 0.0477 -0.5343
vn -0.8461 0.0230 -0.5326
vn -0.8611 0.0290 -0.5076
vn -0.3319 -0.3635 -0.8705
vn -0.3108 -0.3673 -0.8766
vn -0.3223 -0.3842 -0.8652
vn -0.8644 -0.0453 0.5007
vn -0.8695 -0.0525 0.4911
vn -0.8637 -0.0675 0.4994
vn -0.8111 0.1237 0.5717
vn -0.8198 0.1298 0.5578
vn -0.8237 0.1113 0.5560
vn -0.4360 -0.0017 0.9000
vn -0.4485 -0.0066 0.8937
vn -0.4382 -0.0223 0.8986
vn 0.6471 -0.1646 -0.7444
vn 0.8562 -0.0205 -0.5162
vn 0.7715 -0.4538 -0.4459
vn -0.3925 -0.1682 -0.9042
vn -0.3915 -0.1853 -0.9013
vn -0.4030 -0.1827 -0.8968
vn -0.8396 0.0282 -0.5425
vn -0.8544 0.0200 -0.5192
vn -0.8507 0.0363 -0.5245
vn -0.3363 0.0234 0.9415
vn -0.3298 0.0475 0.9429
vn -0.3426 0.0437 0.9385
vn -0.9584 -0.0071 0.2852
vn -0.9676 0.0217 0.2515
vn -0.9690 0.0009 0.2472
vn -0.7551 0.0648 0.6524
vn -0.7389 0.0725 0.6699
vn -0.7562 0.0851 0.6488
vn -0.4967 0.0788 0.8643
vn -0.4912 0.0920 0.8662
vn -0.5119 0.0870 0.8547
vn -0.7751 -0.1560 -0.6123
vn -0.7840 -0.1289 -0.6072
vn -0.7760 -0.1237 -0.6185
vn -0.8773 -0.3672 0.3090
vn -0.8698 -0.3549 0.3428
vn -0.8857 -0.3240 0.3326
vn -0.8764 -0.3199 0.3599
vn -0.8821 -0.2982 0.3646
vn -0.8928 -0.3096 0.3271
vn -0.6057 -0.1403 0.7832
vn 0.0610 -0.4072 0.9113
vn 0.0685 -0.3815 0.9218
vn 0.0444 0.2603 0.9645
vn -0.9326 0.1662 0.3205
vn -0.9305 0.1779 0.3202
vn -0.9369 0.1763 0.3020
vn -0.7657 -0.0075 -0.6432
vn -0.7691 0.0144 -0.6390
vn -0.7557 0.0087 -0.6549
vn -0.3760 -0.2982 -0.8773
vn -0.3677 -0.3148 -0.8750
vn -0.3904 -0.3146 -0.8652
vn -0.1897 -0.2827 -0.9402
vn -0.2187 -0.2877 -0.9324
vn -0.2091 -0.2674 -0.9406
vn 0.0864 0.1149 0.9896
vn 0.0977 0.1024 0.9899
vn 0.0912 0.1391 0.9861
vn -0.7481 -0.1499 -0.6465
vn -0.7577 -0.1654 -0.6313
vn -0.7598 -0.1501 -0.6326
vn -0.8008 -0.1811 -0.5709
vn -0.7844 -0.1978 -0.5879
vn -0.8009 -0.2071 -0.5619
vn -0.0661 -0.4649 -0.8829
vn 0.3818 -0.0604 -0.9223
vn 0.3842 -0.0887 -0.9190
vn 0.3197 -0.6046 -0.7296
vn -0.9331 0.0163 -0.3593
vn -0.9269 0.0000 -0.3754
vn -0.9344 0.0031 -0.3563
vn -0.3257 0.6177 0.7158
vn -0.0629 -0.0725 0.9954
vn -0.0524 -0.0526 0.9972
vn -0.0471 0.6446 0.7631
vn -0.9632 0.1153 0.2426
vn -0.9677 0.1057 0.2291
vn -0.9645 0.0986 0.2451
vn -0.2415 0.0458 0.9693
vn -0.2249 0.0556 0.9728
vn -0.2482 0.0652 0.9665
vn -0.9750 -0.1833 -0.1254
vn -0.9759 -0.1877 -0.1113
vn -0.9795 -0.1654 -0.1146
vn -0.2431 0.0172 0.9699
vn -0.2498 0.0420 0.9674
vn -0.2689 0.0284 0.9628
vn -0.9416 -0.0297 0.3354
vn -0.9381 -0.0370 0.3443
vn -0.9349 -0.0255 0.3539
vn -0.2348 -0.2335 -0.9436
vn -0.2161 -0.2879 -0.9329
vn -0.2467 -0.3066 -0.9193
vn -0.7450 0.0763 0.6627
vn -0.7463 0.0908 0.6594
vn -0.7547 0.0799 0.6512
vn -0.8790 -0.4671 0.0956
vn -0.8904 -0.4441 0.1000
vn -0.8876 -0.4528 0.0845
vn 0.3699 0.0531 -0.9276
vn 0.7068 0.0198 -0.7071
vn 0.6964 -0.0233 -0.7173
vn 0.6514 -0.3366 -0.6800
vn 0.7683 -0.1155 -0.6296
vn 0.5899 0.4183 -0.6906
vn 0.8198 0.1771 -0.5445
vn -0.3349 0.0588 0.9404
vn -0.3464 0.0405 0.9372
vn -0.3251 0.0434 0.9447
vn -0.7506 -0.0542 -0.6586
vn -0.7589 -0.0700 -0.6475
vn -0.7671 -0.0538 -0.6392
vn -0.8990 0.0856 -0.4294
vn -0.8943 0.1034 -0.4354
vn -0.8919 0.0863 -0.4439
vn -0.1532 -0.0264 0.9878
vn -0.1398 -0.0537 0.9887
vn -0.1329 -0.0297 0.9907
vn -0.3376 -0.3332 0.8803
vn -0.3338 -0.3188 0.8871
vn -0.3475 -0.3154 0.8831
vn -0.4994 0.2904 0.8163
vn 0.0746 0.0720 0.9946
vn 0.0464 0.7209 0.6915
vn -0.8386 -0.1089 0.5337
vn -0.8375 -0.0664 0.5423
vn -0.8583 -0.0606 0.5096
vn -0.9278 0.1698 -0.3322
vn -0.9364 0.1375 -0.3230
vn -0.9369 0.1630 -0.3093
vn -0.9413 0.0487 -0.3342
vn -0.9349 0.0460 -0.3519
vn -0.9378 0.0363 -0.3454
vn 0.7403 -0.0610 -0.6695
vn 0.8758 -0.1841 -0.4461
vn 0.8045 -0.4429 -0.3958
vn 0.1313 -0.5083 -0.8511
vn 0.5874 -0.3123 -0.7466
vn 0.4923 -0.7402 -0.4580
vn -0.8804 0.0252 0.4736
vn -0.8873 0.0058 0.4612
vn -0.8787 0.0080 0.4773
vn -0.9654 -0.0533 0.2553
vn -0.9568 -0.0280 0.2895
vn -0.9697 -0.0351 0.2418
vn -0.8002 -0.1259 0.5864
vn -0.8188 -0.1168 0.5620
vn -0.8113 -0.1404 0.5676
vn 0.0414 -0.4059 -0.9130
vn 0.0576 -0.4348 -0.8987
vn 0.0222 -0.4453 -0.8951
vn -0.7031 -0.3038 -0.6429
vn -0.7179 -0.2957 -0.6302
vn -0.7074 -0.2843 -0.6472
vn -0.9173 0.0997 -0.3856
vn -0.9215 0.0850 -0.3790
vn -0.9220 0.1047 -0.3727
vn -0.9025 0.0942 -0.4202
vn -0.9066 0.1003 -0.4100
vn -0.9008 0.1122 -0.4195
vn -0.7109 0.0664 0.7001
vn -0.7310 0.0645 0.6793
vn -0.7180 0.0486 0.6944
vn -0.9709 0.2243 0.0844
vn -0.9763 0.1985 0.0863
vn -0.9687 0.2250 0.1046
vn -0.5135 0.1258 0.8488
vn 0.1025 0.1320 0.9859
vn 0.1191 0.1509 0.9813
vn 0.0695 0.7190 0.6915
vn -0.8261 -0.1097 -0.5528
vn -0.8337 -0.1047 -0.5422
vn -0.8348 -0.0876 -0.5436
vn -0.4286 -0.0968 -0.8983
vn -0.4941 -0.0979 -0.8639
vn -0.4270 -0.0886 -0.8999
vn -0.6257 -0.4200 0.6574
vn -0.6078 -0.4406 0.6607
vn -0.6105 -0.4113 0.6769
vn -0.3845 -0.3128 0.8685
vn -0.3693 -0.3130 0.8750
vn -0.3775 -0.2995 0.8762
vn -0.4983 -0.1260 0.8578
vn 0.1201 0.0805 0.9895
vn 0.0743 0.6400 0.7648
vn -0.9727 -0.0506 0.2263
vn -0.9717 -0.0072 0.2363
vn -0.9760 -0.0106 0.2175
vn -0.9576 0.0319 0.2863
vn -0.9620 0.0456 0.2693
vn -0.9612 0.0239 0.2749
vn -0.6462 0.1048 -0.7559
vn -0.6082 0.0405 -0.7928
vn -0.6511 0.0784 -0.7550
vn -0.7258 0.0189 0.6876
vn -0.7339 0.0186 0.6790
vn -0.7351 -0.0029 0.6779
vn -0.8654 0.1063 0.4897
vn -0.8500 0.1153 0.5141
vn -0.8576 0.1363 0.4959
vn -0.8586 -0.2443 -0.4506
vn -0.8609 -0.2540 -0.4408
vn -0.8656 -0.2355 -0.4419
vn -0.7148 -0.0548 -0.6971
vn -0.7135 -0.0415 -0.6994
vn -0.6942 -0.0633 -0.7170
vn -0.6491 -0.0856 -0.7559
vn -0.6507 -0.0995 -0.7528
vn -0.6602 -0.0923 -0.7454
vn -0.2373 0.0284 -0.9710
vn -0.2540 0.0110 -0.9671
vn -0.2672 0.0304 -0.9632
vn -0.3234 -0.1201 -0.9386
vn -0.3332 -0.1214 -0.9350
vn -0.3324 -0.1134 -0.9363
vn -0.4744 0.0030 0.8803
vn -0.4836 -0.0102 0.8752
vn -0.4682 -0.0082 0.8836
vn -0.8467 0.0021 0.5320
vn -0.8472 -0.0097 0.5311
vn -0.8367 -0.0045 0.5477
vn -0.8863 -0.0467 0.4607
vn -0.8766 -0.0231 0.4806
vn -0.8928 0.0017 0.4504
vn -0.8581 -0.3865 0.3381
vn -0.8637 -0.3688 0.3436
vn -0.8781 -0.3649 0.3093
vn -0.8601 -0.0670 0.5057
vn -0.8563 -0.0926 0.5081
vn -0.8503 -0.0889 0.5187
vn -0.8226 -0.1102 0.5578
vn -0.8199 -0.1175 0.5603
vn -0.8137 -0.0958 0.5733
vn -0.3772 0.3353 -0.8633
vn -0.3940 0.3307 -0.8576
vn -0.3938 0.3423 -0.8531
vn -0.7940 0.0426 0.6065
vn -0.7834 0.0517 0.6193
vn -0.7984 0.0626 0.5989
vn -0.3617 -0.2480 -0.8987
vn -0.3717 -0.2684 -0.8887
vn -0.3816 -0.2384 -0.8930
vn -0.7997 0.1647 0.5774
vn -0.8051 0.1701 0.5682
vn -0.8091 0.1556 0.5666
vn -0.2493 0.0582 0.9667
vn -0.2515 0.0834 0.9643
vn -0.2601 0.0647 0.9634
vn 0.0374 0.6295 0.7761
vn -0.4698 -0.2690 0.8408
vn 0.0613 0.0383 0.9974
vn -0.7674 0.0310 -0.6404
vn -0.7686 0.0141 -0.6396
vn -0.7726 0.0322 -0.6341
vn -0.9397 -0.0468 0.3387
vn -0.9387 -0.0687 0.3377
vn -0.9322 -0.0675 0.3556
vn -0.5124 -0.3995 -0.7601
vn -0.5025 -0.4076 -0.7624
vn -0.5170 -0.4227 -0.7444
vn -0.6053 -0.1838 -0.7745
vn -0.6127 -0.1956 -0.7657
vn -0.6284 -0.1845 -0.7557
vn -0.6193 -0.1878 -0.7624
vn -0.6116 -0.1760 -0.7713
vn -0.6067 -0.1830 -0.7736
vn -0.9238 0.0580 -0.3784
vn -0.9203 0.0473 -0.3884
vn -0.9270 0.0449 -0.3723
vn -0.3832 0.0142 0.9235
vn -0.3890 -0.0040 0.9212
vn -0.3705 -0.0056 0.9288
vn -0.5724 -0.0121 0.8199
vn -0.5947 -0.0075 0.8039
vn -0.5918 -0.0308 0.8055
vn -0.7350 -0.0175 0.6779
vn -0.7389 -0.0147 0.6737
vn -0.7416 -0.0228 0.6705
vn -0.7990 -0.0673 0.5975
vn -0.7840 -0.0846 0.6150
vn -0.7833 -0.0547 0.6193
vn -0.9298 -0.3188 0.1838
vn -0.9349 -0.3059 0.1797
vn -0.9311 -0.3273 0.1612
vn -0.4996 -0.3553 0.7900
vn 0.1285 -0.3505 0.9277
vn 0.0853 0.3386 0.9371
vn -0.9929 -0.0381 0.1127
vn -0.9934 -0.0594 0.0984
vn -0.9899 -0.0664 0.1252
vn -0.3531 0.0398 0.9347
vn -0.3649 0.0209 0.9308
vn -0.3409 0.0243 0.9398
vn -0.4949 -0.0914 -0.8641
vn -0.4474 -0.1445 -0.8826
vn -0.4786 -0.1834 -0.8586
vn -0.9112 -0.3908 -0.1307
vn -0.9096 -0.3893 -0.1454
vn -0.9020 -0.4077 -0.1419
vn -0.8908 0.1020 -0.4428
vn -0.8980 0.0862 -0.4314
vn -0.8975 0.1025 -0.4289
vn -0.0458 -0.1363 0.9896
vn -0.0498 -0.1359 0.9895
vn -0.0768 -0.1543 0.9850
vn -0.0496 -0.1640 0.9852
vn -0.9127 -0.2531 0.3209
vn -0.8982 -0.2450 0.3650
vn -0.9098 -0.2232 0.3498
vn -0.8057 0.0646 0.5887
vn -0.8200 0.0631 0.5689
vn -0.8177 0.0446 0.5739
vn -0.9166 0.0413 0.3977
vn -0.9275 0.0474 0.3709
vn -0.9209 0.0235 0.3891
vn -0.7312 0.1022 0.6745
vn -0.7528 0.0978 0.6509
vn -0.7460 0.0689 0.6624
vn -0.7108 -0.1161 0.6938
vn -0.7395 -0.1004 0.6656
vn -0.7331 -0.1154 0.6703
vn -0.8926 -0.1873 0.4100
vn -0.8955 -0.1697 0.4115
vn -0.8982 -0.1841 0.3991
vn -0.1348 0.0041 0.9909
vn -0.1425 0.0144 0.9897
vn -0.1594 -0.0016 0.9872
vn -0.0514 0.0650 0.9966
vn -0.0390 0.0581 0.9976
vn -0.0353 0.0772 0.9964
vn -0.8169 0.1296 0.5621
vn -0.7735 0.1507 0.6156
vn -0.8137 0.1403 0.5642
vn -0.9800 0.1752 -0.0943
vn -0.9785 0.1697 -0.1172
vn -0.9818 0.1473 -0.1197
vn -0.9841 0.1502 -0.0947
vn -0.7592 0.0291 0.6502
vn -0.7524 0.0339 0.6578
vn -0.7544 0.0467 0.6547
vn -0.2939 0.0109 -0.9558
vn -0.3006 0.0195 -0.9536
vn -0.2865 0.0231 -0.9578
vn -0.4672 -0.1836 0.8649
vn -0.4107 -0.1926 0.8912
vn -0.4380 -0.1741 0.8819
vn -0.6480 0.2190 0.7295
vn 0.0072 0.1056 0.9944
vn 0.0040 0.1322 0.9912
vn -0.0060 0.7181 0.6959
vn 0.1834 -0.3640 -0.9132
vn 0.1685 -0.3971 -0.9022
vn 0.1569 -0.3695 -0.9159
vn -0.9274 -0.3238 0.1872
vn -0.9343 -0.3073 0.1804
vn -0.9372 -0.3109 0.1582
vn -0.8821 -0.4591 0.1052
vn -0.8926 -0.4441 0.0770
vn -0.8842 -0.4594 0.0844
vn 0.0114 0.3692 -0.9293
vn 0.4377 -0.0338 -0.8985
vn 0.3609 -0.5590 -0.7465
vn -0.7299 -0.0061 0.6836
vn -0.7088 -0.0065 0.7054
vn -0.7164 0.0112 0.6976
vn -0.9629 -0.1578 -0.2191
vn -0.9703 -0.1538 -0.1866
vn -0.9677 -0.1246 -0.2194
vn -0.4586 -0.0237 0.8883
vn -0.4517 -0.0106 0.8921
vn -0.4645 -0.0055 0.8856
vn -0.7596 -0.0764 -0.6458
vn -0.7512 -0.0634 -0.6570
vn -0.7442 -0.0950 -0.6611
vn -0.5000 -0.2805 0.8194
vn -0.4805 -0.2868 0.8288
vn -0.4921 -0.2644 0.8294
vn -0.4924 -0.3559 0.7943
vn -0.4790 -0.3477 0.8060
vn -0.4977 -0.3458 0.7954
vn -0.0378 -0.2196 0.9749
vn -0.0401 -0.1898 0.9810
vn -0.0561 -0.2108 0.9759
vn -0.3542 -0.2338 0.9055
vn -0.3258 -0.2297 0.9171
vn -0.3462 -0.2064 0.9152
vn -0.6171 0.0060 0.7868
vn -0.6364 0.0128 0.7713
vn -0.6205 -0.0077 0.7842
vn -0.6172 0.0499 0.7852
vn -0.6311 0.0268 0.7752
vn -0.6150 0.0352 0.7877
vn -0.3390 0.0740 0.9379
vn -0.3242 0.0953 0.9412
vn -0.3448 0.0998 0.9333
vn -0.6695 0.0898 0.7373
vn -0.6509 0.0935 0.7534
vn -0.6683 0.1088 0.7359
vn -0.6560 0.0932 0.7490
vn -0.6515 0.1229 0.7487
vn -0.6668 0.1079 0.7374
vn -0.4650 -0.0590 0.8833
vn -0.4609 -0.0327 0.8869
vn -0.4775 -0.0333 0.8780
vn -0.0942 0.0410 -0.9947
vn -0.1098 0.0233 -0.9937
vn -0.0987 0.0533 -0.9937
vn -0.6847 0.1093 0.7206
vn -0.6923 0.1131 0.7127
vn -0.6912 0.0985 0.7159
vn -0.8525 -0.1042 -0.5122
vn -0.8629 -0.0917 -0.4969
vn -0.8491 -0.0900 -0.5206
vn -0.6190 0.1893 -0.7622
vn -0.6127 0.1911 -0.7669
vn -0.6182 0.1678 -0.7679
vn -0.6284 0.1795 -0.7569
vn -0.7540 -0.3832 0.5334
vn -0.7319 -0.3844 0.5626
vn -0.7383 -0.3721 0.5626
vn -0.9579 -0.1100 0.2652
vn -0.9529 -0.1346 0.2719
vn -0.9522 -0.1179 0.2817
vn -0.6916 -0.0089 -0.7222
vn -0.6984 0.0148 -0.7156
vn -0.6460 0.0214 -0.7630
vn -0.3435 -0.1341 -0.9295
vn -0.3522 -0.1345 -0.9262
vn -0.3536 -0.1272 -0.9267
vn -0.3411 -0.1219 -0.9321
vn -0.9477 -0.2245 0.2270
vn -0.9509 -0.2302 0.2068
vn -0.9429 -0.2406 0.2303
vn -0.7435 0.0249 -0.6683
vn -0.7315 0.0179 -0.6816
vn -0.7443 0.0082 -0.6677
vn -0.9765 0.0092 0.2155
vn -0.9701 0.0068 0.2425
vn -0.9706 0.0363 0.2381
vn -0.8537 0.0297 -0.5199
vn -0.8636 0.0248 -0.5035
vn -0.8624 0.0381 -0.5047
vn -0.9162 0.3139 -0.2492
vn -0.9204 0.2871 -0.2652
vn -0.9251 0.2839 -0.2520
vn -0.8693 -0.0949 0.4851
vn -0.8674 -0.1276 0.4810
vn -0.8569 -0.1051 0.5046
vn -0.8033 -0.0905 -0.5887
vn -0.7894 -0.0817 -0.6084
vn -0.7692 -0.1538 -0.6202
vn -0.7960 -0.1116 -0.5949
vn -0.7996 -0.0840 -0.5946
vn -0.7840 -0.0906 -0.6142
vn 0.4619 -0.3837 -0.7997
vn 0.7649 -0.1303 -0.6309
vn 0.7506 -0.2033 -0.6286
vn 0.6828 -0.5261 -0.5070
vn -0.4085 -0.5931 0.6938
vn -0.0543 0.0353 0.9979
vn -0.0552 0.6594 0.7497
vn -0.5364 0.0299 0.8434
vn -0.5314 0.0413 0.8461
vn -0.5421 0.0555 0.8385
vn -0.6360 0.0217 0.7714
vn -0.6159 0.0128 0.7877
vn -0.6163 0.0418 0.7864
vn -0.7450 0.0139 0.6670
vn -0.7368 0.0295 0.6755
vn -0.7451 0.0465 0.6653
vn -0.3544 0.0372 0.9344
vn -0.3535 0.0088 0.9354
vn -0.3333 0.0329 0.9422
vn -0.1390 -0.0708 -0.9878
vn -0.1350 -0.0633 -0.9888
vn -0.1265 -0.0735 -0.9892
vn -0.8283 -0.1033 0.5506
vn -0.8420 -0.0812 0.5334
vn -0.8549 -0.1153 0.5058
vn -0.7715 -0.3122 0.5544
vn -0.7845 -0.3269 0.5269
vn -0.7644 -0.3534 0.5392
vn -0.9463 -0.0268 -0.3222
vn -0.9525 -0.0196 -0.3038
vn -0.9502 -0.0032 -0.3115
vn -0.8010 -0.2064 -0.5620
vn -0.8087 -0.2117 -0.5488
vn -0.8140 -0.1954 -0.5470
vn -0.7419 0.0899 -0.6644
vn -0.7490 0.0936 -0.6559
vn -0.7278 0.1085 -0.6771
vn -0.5239 0.2377 -0.8180
vn -0.5123 0.2256 -0.8286
vn -0.5273 0.2195 -0.8208
vn 0.3772 0.2842 -0.8814
vn 0.3712 0.2657 -0.8897
vn -0.2216 0.2270 -0.9484
vn -0.3344 0.0701 -0.9398
vn -0.3501 0.0469 -0.9355
vn -0.3586 0.0740 -0.9305
vn -0.4206 0.1409 -0.8962
vn -0.4086 0.1224 -0.9045
vn -0.4248 0.1161 -0.8978
vn -0.9280 -0.1970 0.3163
vn -0.9344 -0.1926 0.2996
vn -0.9312 -0.2104 0.2978
vn -0.9962 -0.0323 0.0803
vn -0.9980 -0.0057 0.0622
vn -0.9986 -0.0287 0.0452
vn -0.8694 -0.0686 0.4893
vn -0.8740 -0.1035 0.4748
vn -0.8588 -0.1220 0.4975
vn -0.8441 0.0413 -0.5345
vn -0.8477 0.0592 -0.5271
vn -0.8392 0.0644 -0.5400
vn -0.0843 0.1336 -0.9874
vn -0.1027 0.1052 -0.9891
vn -0.1088 0.1559 -0.9818
vn -0.3363 0.1101 -0.9353
vn -0.3315 0.1304 -0.9344
vn -0.3177 0.1161 -0.9411
vn -0.1147 -0.2462 -0.9624
vn -0.1475 -0.2599 -0.9543
vn -0.1309 -0.2282 -0.9648
vn 0.8290 -0.0470 -0.5572
vn 0.9248 0.0832 -0.3713
vn 0.9380 -0.0380 -0.3445
vn 0.8888 -0.2048 -0.4099
vn -0.2998 -0.4909 -0.8180
vn 0.2037 -0.0514 -0.9777
vn 0.2075 -0.0802 -0.9749
vn 0.1594 -0.6643 -0.7303
vn 0.3756 -0.1197 -0.9190
vn 0.4086 0.0191 -0.9125
vn 0.4227 -0.1028 -0.9004
vn -0.7773 -0.2859 -0.5604
vn -0.7732 -0.3115 -0.5524
vn -0.7850 -0.2969 -0.5438
vn -0.8333 -0.1178 -0.5401
vn -0.8211 -0.1400 -0.5533
vn -0.8319 -0.1431 -0.5362
vn -0.9039 -0.1929 -0.3818
vn -0.9096 -0.1613 -0.3830
vn -0.9018 -0.1818 -0.3920
vn -0.9269 -0.3190 0.1978
vn -0.9328 -0.3151 0.1751
vn -0.9216 -0.3410 0.1853
vn -0.8561 0.1748 0.4864
vn -0.8598 0.1929 0.4727
vn -0.8643 0.1766 0.4710
vn -0.8022 0.0702 0.5929
vn -0.8130 0.0601 0.5791
vn -0.8009 0.0447 0.5971
vn -0.7575 0.0642 0.6496
vn -0.7667 0.0504 0.6401
vn -0.7477 0.0456 0.6624
vn -0.7525 0.1201 0.6475
vn -0.7556 0.1023 0.6470
vn -0.7328 0.1123 0.6712
vn -0.9319 -0.0705 -0.3558
vn -0.9353 -0.0939 -0.3413
vn -0.9397 -0.0675 -0.3354
vn -0.9655 0.2590 -0.0259
vn -0.9595 0.2764 -0.0547
vn -0.9676 0.2476 -0.0496
vn -0.8340 -0.0763 0.5465
vn -0.8349 -0.0920 0.5427
vn -0.7986 -0.1233 0.5891
vn -0.2225 -0.2784 0.9343
vn -0.2144 -0.2490 0.9445
vn -0.2445 -0.2536 0.9359
vn -0.2766 -0.4885 -0.8275
vn -0.0205 0.1809 -0.9833
vn -0.0099 0.1607 -0.9870
vn -0.0117 -0.5032 -0.8641
vn -0.6869 0.1964 0.6997
vn -0.0260 0.0155 0.9995
vn -0.0288 0.0270 0.9992
vn -0.0273 0.7083 0.7054
vn 0.3564 0.1740 -0.9180
vn 0.6590 -0.2653 -0.7038
vn 0.5962 -0.5872 -0.5475
vn -0.1791 0.4702 -0.8642
vn 0.2952 0.0182 -0.9553
vn 0.2275 -0.5740 -0.7866
vn -0.2124 -0.5039 0.8372
vn -0.1959 -0.4972 0.8452
vn -0.2184 -0.4805 0.8493
vn -0.6890 0.0482 -0.7232
vn -0.7038 0.0614 -0.7078
vn -0.6944 0.0659 -0.7166
vn 0.5104 -0.7401 -0.4379
vn 0.3772 -0.1031 -0.9204
vn 0.5978 -0.3734 -0.7094
vn -0.5730 -0.2501 0.7805
vn -0.5373 -0.2872 0.7930
vn -0.5403 -0.2549 0.8019
vn -0.9399 0.0129 -0.3411
vn -0.9420 0.0011 -0.3356
vn -0.9446 0.0142 -0.3278
vn -0.9028 -0.2002 -0.3806
vn -0.9066 -0.2105 -0.3658
vn -0.9108 -0.1864 -0.3684
vn -0.9062 -0.2720 0.3238
vn -0.9260 -0.1982 0.3214
vn -0.9302 -0.2064 0.3036
vn -0.8075 -0.0357 0.5888
vn -0.7945 -0.0199 0.6069
vn -0.8074 -0.0139 0.5898
vn -0.7774 0.0854 0.6232
vn -0.7848 0.0763 0.6150
vn -0.7730 0.0649 0.6311
vn -0.7284 0.0391 0.6841
vn -0.7111 0.0324 0.7023
vn -0.7059 0.0548 0.7062
vn -0.9161 -0.4002 0.0265
vn -0.9233 -0.3770 0.0737
vn -0.9287 -0.3686 0.0416
vn -0.6315 -0.1143 -0.7669
vn -0.6261 -0.0937 -0.7741
vn -0.6197 -0.1091 -0.7772
vn -0.9801 0.1904 -0.0552
vn -0.9795 0.1880 -0.0722
vn -0.9840 0.1690 -0.0556
vn -0.4219 -0.2005 -0.8842
vn -0.4228 -0.2141 -0.8806
vn -0.4318 -0.2084 -0.8776
vn -0.6496 -0.0931 -0.7545
vn -0.6631 -0.1038 -0.7413
vn -0.6629 -0.0906 -0.7432
vn -0.8645 0.1143 0.4894
vn -0.8512 0.1116 0.5128
vn -0.8554 0.1412 0.4983
vn -0.8816 -0.0752 0.4660
vn -0.8703 -0.1089 0.4802
vn -0.8666 -0.0737 0.4935
vn -0.9553 0.2875 -0.0689
vn -0.9573 0.2876 -0.0301
vn -0.9480 0.3142 -0.0515
vn 0.1120 0.3421 0.9330
vn -0.5042 -0.2462 0.8277
vn 0.1353 -0.2134 0.9676
vn -0.4715 -0.6013 0.6450
vn 0.1569 -0.4160 0.8957
vn 0.0782 0.2072 0.9752
vn -0.9403 0.1336 0.3131
vn -0.9461 0.1499 0.2869
vn -0.9474 0.1240 0.2952
vn -0.7431 -0.0017 0.6692
vn -0.7488 -0.0065 0.6628
vn -0.7423 -0.0142 0.6700
vn -0.7685 -0.1670 -0.6177
vn -0.7611 -0.1531 -0.6303
vn -0.7528 -0.1695 -0.6361
vn -0.9092 -0.2259 -0.3499
vn -0.9133 -0.2360 -0.3321
vn -0.9187 -0.2140 -0.3319
vn -0.3005 -0.2542 -0.9193
vn -0.2866 -0.2490 -0.9251
vn -0.2963 -0.2628 -0.9182
vn -0.0920 0.1089 -0.9898
vn -0.0617 0.1147 -0.9915
vn -0.0826 0.0365 -0.9959
vn -0.5086 0.0759 0.8576
vn -0.4887 0.0841 0.8684
vn -0.5003 0.1083 0.8590
vn -0.8367 0.0335 0.5467
vn -0.8446 0.0026 0.5354
vn -0.8317 -0.0037 0.5552
vn -0.9411 0.3143 0.1244
vn -0.9476 0.2985 0.1142
vn -0.9483 0.2878 0.1336
vn -0.8960 0.0820 -0.4364
vn -0.9016 0.0955 -0.4219
vn -0.8936 0.1114 -0.4349
vn -0.6053 -0.1546 -0.7808
vn -0.5938 -0.1520 -0.7901
vn -0.5933 -0.1658 -0.7877
vn -0.4180 -0.0343 -0.9078
vn -0.4336 -0.0377 -0.9003
vn -0.4275 -0.0190 -0.9038
vn -0.3068 0.0476 0.9506
vn -0.3340 0.0521 0.9411
vn -0.3147 0.0260 0.9488
vn -0.2217 -0.2434 0.9443
vn -0.2393 -0.2721 0.9320
vn -0.2154 -0.2584 0.9417
vn -0.4838 -0.2708 0.8322
vn -0.4870 -0.2867 0.8250
vn -0.4834 -0.3003 0.8223
vn -0.4673 -0.2936 0.8340
vn -0.8128 -0.4205 0.4031
vn -0.8092 -0.4207 0.4102
vn -0.8145 -0.4126 0.4079
vn -0.2527 -0.2502 -0.9346
vn -0.2205 -0.2635 -0.9391
vn -0.2279 -0.2887 -0.9299
vn -0.8666 0.4239 -0.2633
vn -0.8722 0.4268 -0.2391
vn -0.8598 0.4493 -0.2425
vn -0.9708 -0.1910 -0.1454
vn -0.9677 -0.1854 -0.1708
vn -0.9655 -0.2056 -0.1601
vn -0.5589 0.3311 0.7603
vn -0.0456 -0.0582 0.9973
vn -0.0516 0.6801 0.7313
vn -0.1342 0.0428 -0.9900
vn -0.1432 0.0206 -0.9895
vn -0.1808 0.0296 -0.9831
vn -0.7737 0.0497 0.6316
vn -0.7688 0.0272 0.6389
vn -0.7585 0.0552 0.6493
vn -0.7657 0.0995 0.6354
vn -0.7545 0.0868 0.6506
vn -0.7523 0.1179 0.6482
vn -0.5536 0.0473 0.8314
vn -0.5615 0.0673 0.8247
vn -0.5701 0.0569 0.8196
vn -0.7608 -0.1952 -0.6190
vn -0.7523 -0.2009 -0.6274
vn -0.7575 -0.2091 -0.6184
vn 0.0068 -0.1573 -0.9875
vn 0.0095 -0.1318 -0.9912
vn 0.0340 -0.1384 -0.9898
vn -0.3279 -0.2618 -0.9077
vn -0.3087 -0.2459 -0.9188
vn -0.3123 -0.2757 -0.9091
vn -0.2588 -0.4300 -0.8649
vn -0.2349 -0.4379 -0.8678
vn -0.2654 -0.4451 -0.8553
vn -0.3882 -0.4698 -0.7929
vn -0.3768 -0.4704 -0.7979
vn -0.3748 -0.4945 -0.7842
vn -0.3699 -0.0268 0.9287
vn -0.3685 -0.0030 0.9296
vn -0.3861 -0.0167 0.9223
vn -0.7442 -0.0132 0.6678
vn -0.7513 -0.0088 0.6599
vn -0.7460 -0.0212 0.6656
vn -0.0411 0.5153 0.8560
vn -0.6373 -0.1857 0.7479
vn -0.0279 -0.0893 0.9956
vn -0.7409 -0.0004 -0.6716
vn -0.7303 0.0132 -0.6830
vn -0.7322 -0.0111 -0.6810
vn -0.7299 0.1036 -0.6757
vn -0.7275 0.0862 -0.6806
vn -0.7416 0.0915 -0.6646
vn -0.3251 -0.0507 -0.9443
vn -0.3087 -0.0669 -0.9488
vn -0.3225 -0.0629 -0.9445
vn -0.2934 -0.0485 -0.9548
vn -0.3065 -0.0309 -0.9514
vn -0.2852 -0.0311 -0.9580
vn -0.6908 -0.1645 -0.7041
vn -0.7018 -0.1723 -0.6912
vn -0.7012 -0.1547 -0.6960
vn 0.3130 -0.6965 -0.6457
vn -0.1212 -0.0686 -0.9903
vn 0.4303 -0.0271 -0.9023
vn -0.8086 0.1287 0.5741
vn -0.7885 0.1945 0.5835
vn -0.8180 0.1384 0.5583
vn -0.5471 -0.0494 0.8356
vn -0.5390 -0.0344 0.8416
vn -0.5505 -0.0347 0.8341
vn -0.7333 0.0747 -0.6758
vn -0.7235 0.0712 -0.6866
vn -0.7280 0.0515 -0.6837
vn -0.6114 0.1001 -0.7850
vn -0.6004 0.1221 -0.7903
vn -0.5975 0.0971 -0.7960
vn -0.5719 -0.0388 -0.8194
vn -0.5897 -0.0342 -0.8069
vn -0.5720 -0.0216 -0.8200
vn -0.4462 -0.0242 -0.8946
vn -0.4479 -0.0455 -0.8929
vn -0.4626 -0.0310 -0.8860
vn -0.3636 0.0605 -0.9296
vn -0.3508 0.0443 -0.9354
vn -0.3649 0.0464 -0.9299
vn -0.7596 -0.3647 0.5385
vn -0.7916 -0.3374 0.5094
vn -0.7843 -0.3614 0.5043
vn -0.2552 -0.5996 0.7586
vn 0.0709 0.0253 0.9972
vn 0.0472 0.6090 0.7918
vn -0.9344 -0.0236 0.3554
vn -0.9373 -0.0140 0.3483
vn -0.9400 -0.0323 0.3397
vn -0.7569 -0.4022 0.5152
vn -0.7616 -0.3555 0.5418
vn -0.7797 -0.3710 0.5044
vn -0.7346 0.0268 -0.6780
vn -0.7345 0.0060 -0.6786
vn -0.7425 0.0108 -0.6697
vn -0.9196 0.0824 0.3842
vn -0.9266 0.0561 0.3718
vn -0.9166 0.0587 0.3955
vn -0.8565 0.3351 -0.3926
vn -0.8468 0.3426 -0.4069
vn -0.8527 0.3229 -0.4107
vn -0.3521 -0.3444 -0.8703
vn -0.3964 -0.3050 -0.8660
vn -0.3511 -0.3317 -0.8756
vn -0.0370 0.0704 0.9968
vn -0.0317 0.7241 0.6889
vn -0.6796 -0.1974 0.7065
vn -0.0326 0.0608 0.9976
vn 0.0032 0.0465 0.9989
vn -0.0140 0.6937 0.7201
vn -0.3591 0.5898 0.7233
vn -0.0161 0.0330 0.9993
vn -0.0407 -0.2013 0.9787
vn -0.0252 -0.1811 0.9831
vn -0.0337 0.5514 0.8336
vn -0.7304 -0.1346 0.6696
vn 0.8233 0.1384 -0.5505
vn 0.7957 -0.0836 -0.5999
vn 0.5975 0.1217 -0.7926
vn 0.3783 -0.4445 -0.8120
vn 0.3659 -0.4813 -0.7966
vn 0.3114 -0.8454 -0.4339
vn -0.2070 -0.4417 -0.8729
vn 0.3811 -0.1340 -0.9148
vn 0.3082 -0.6514 -0.6933
vn -0.1146 0.1616 -0.9802
vn 0.4305 -0.1806 -0.8844
vn 0.3600 -0.6581 -0.6613
vn 0.0372 -0.5055 -0.8620
vn 0.4280 -0.1367 -0.8934
vn 0.6439 0.0970 -0.7589
vn 0.6855 -0.0127 -0.7279
vn 0.6083 -0.3589 -0.7080
vn 0.4961 -0.3298 -0.8032
vn -0.0191 -0.5970 0.8020
vn -0.0166 -0.5844 0.8113
vn -0.0273 0.1041 0.9942
vn -0.5966 -0.2005 0.7771
vn 0.1484 0.0201 0.9887
vn 0.1112 0.6284 0.7699
vn -0.2659 -0.4634 0.8453
vn -0.0242 0.0052 0.9997
vn -0.0333 0.0356 0.9988
vn -0.0254 0.7241 0.6893
vn -0.7100 0.0861 0.6989
vn 0.0935 -0.1687 0.9812
vn 0.0764 -0.1351 0.9879
vn 0.0618 0.4546 0.8885
vn -0.5154 -0.0486 0.8556
vn 0.9296 -0.0270 -0.3676
vn 0.9462 -0.0796 -0.3136
vn 0.9095 -0.2401 -0.3394
vn 0.8483 -0.2153 -0.4838
vn -0.1348 -0.4429 -0.8864
vn 0.3292 -0.0247 -0.9439
vn 0.3315 -0.0533 -0.9419
vn 0.2700 -0.6195 -0.7371
vn -0.9618 -0.1734 0.2116
vn -0.9729 -0.1612 0.1659
vn -0.9707 -0.1796 0.1597
vn -0.9622 -0.2104 0.1727
vn -0.7563 -0.0511 -0.6523
vn -0.7653 -0.0591 -0.6410
vn -0.7726 -0.0543 -0.6325
vn -0.7661 -0.0354 -0.6417
vn -0.6422 -0.4021 0.6526
vn -0.6503 -0.4047 0.6429
vn -0.6443 -0.4098 0.6457
vn -0.6401 -0.4097 0.6499
vn -0.8396 -0.1675 0.5167
vn -0.8446 -0.1771 0.5052
vn -0.8441 -0.1910 0.5009
vn -0.8351 -0.1859 0.5177
vn -0.0523 -0.1040 -0.9932
vn -0.0268 -0.1007 -0.9946
vn -0.0280 -0.1116 -0.9934
vn -0.0358 -0.1256 -0.9914
vn -0.8250 -0.4275 0.3696
vn -0.8210 -0.4409 0.3628
vn -0.8194 -0.4326 0.3762
vn -0.6371 -0.0901 -0.7655
vn -0.6255 -0.1072 -0.7729
vn -0.6385 -0.1125 -0.7614
vn -0.6151 -0.0664 -0.7857
vn -0.5949 -0.0659 -0.8011
vn -0.6001 -0.0792 -0.7960
vn -0.6067 -0.0838 -0.7905
vn -0.9866 -0.1552 -0.0506
vn -0.9838 -0.1762 -0.0328
vn -0.9843 -0.1763 -0.0127
vn -0.9896 -0.1427 -0.0152
vn -0.8434 0.0409 -0.5357
vn -0.8388 0.0556 -0.5415
vn -0.8375 0.0503 -0.5441
vn -0.8363 0.0386 -0.5469
vn -0.9867 -0.0724 -0.1456
vn -0.9811 -0.0810 -0.1757
vn -0.9842 -0.0972 -0.1481
vn -0.9851 -0.0894 -0.1471
vn -0.9954 -0.0425 0.0861
vn -0.9938 -0.0862 0.0705
vn -0.9907 -0.1020 0.0898
vn -0.9913 -0.0784 0.1057
vn -0.5908 -0.1773 0.7871
vn -0.5870 -0.2069 0.7827
vn -0.5752 -0.1969 0.7940
vn -0.5694 -0.1725 0.8037
vn -0.5988 -0.3238 0.7325
vn -0.5984 -0.3528 0.7194
vn -0.5862 -0.3341 0.7381
vn -0.8303 -0.1258 0.5430
vn -0.8386 -0.1606 0.5206
vn -0.8260 -0.1507 0.5431
vn -0.8238 -0.1454 0.5479
vn -0.3024 -0.1363 0.9434
vn -0.2936 -0.1510 0.9439
vn -0.2787 -0.1526 0.9482
vn -0.2791 -0.1320 0.9512
vn -0.2684 0.5397 -0.7979
vn 0.2869 -0.0385 -0.9572
vn -0.3352 -0.0708 -0.9395
vn -0.3374 -0.0324 -0.9408
vn 0.9655 -0.1429 0.2176
vn 0.9670 -0.1684 0.1912
vn 0.9714 -0.1649 0.1706
vn 0.9736 -0.1454 0.1760
vn 0.7586 -0.0456 -0.6500
vn 0.7712 -0.0278 -0.6360
vn 0.7702 -0.0471 -0.6361
vn 0.7696 -0.0508 -0.6365
vn 0.6664 -0.3798 0.6416
vn 0.6624 -0.3874 0.6411
vn 0.6680 -0.3911 0.6330
vn 0.6732 -0.3813 0.6336
vn 0.8493 -0.1383 0.5095
vn 0.8452 -0.1550 0.5114
vn 0.8518 -0.1521 0.5013
vn 0.8558 -0.1468 0.4961
vn 0.0451 -0.0852 -0.9953
vn 0.0357 -0.1109 -0.9932
vn 0.0300 -0.1077 -0.9937
vn 0.0296 -0.1004 -0.9945
vn 0.8408 -0.4070 0.3569
vn 0.8309 -0.4122 0.3737
vn 0.8367 -0.4147 0.3578
vn 0.6379 -0.0815 -0.7658
vn 0.6403 -0.0977 -0.7619
vn 0.6258 -0.1010 -0.7734
vn 0.6164 -0.0567 -0.7854
vn 0.6088 -0.0731 -0.7900
vn 0.5968 -0.0691 -0.7994
vn 0.6025 -0.0510 -0.7965
vn 0.9885 -0.1420 -0.0523
vn 0.9910 -0.1331 -0.0139
vn 0.9868 -0.1605 -0.0230
vn 0.9851 -0.1674 -0.0389
vn 0.8454 0.0583 -0.5309
vn 0.8397 0.0606 -0.5397
vn 0.8372 0.0568 -0.5440
vn 0.8381 0.0663 -0.5415
vn 0.9876 -0.0588 -0.1458
vn 0.9852 -0.0843 -0.1494
vn 0.9827 -0.0881 -0.1629
vn 0.9824 -0.0640 -0.1753
vn 0.9962 -0.0506 0.0713
vn 0.9902 -0.0747 0.1182
vn 0.9900 -0.0918 0.1070
vn 0.9930 -0.0994 0.0643
vn 0.5901 -0.1676 0.7897
vn 0.5764 -0.1549 0.8024
vn 0.5607 -0.1912 0.8056
vn 0.5812 -0.1830 0.7929
vn 0.6153 -0.2951 0.7310
vn 0.6065 -0.3050 0.7343
vn 0.6147 -0.3089 0.7257
vn 0.7996 -0.1113 0.5901
vn 0.7904 -0.1324 0.5981
vn 0.7893 -0.1557 0.5940
vn 0.7979 -0.1422 0.5858
vn 0.3110 -0.1432 0.9396
vn 0.2879 -0.1315 0.9486
vn 0.2855 -0.1487 0.9468
vn 0.2910 -0.1587 0.9435
vn -0.5562 0.8084 -0.1929
vn -0.0234 0.9997 0.0120
vn -0.0059 1.0000 0.0024
vn -0.0052 1.0000 0.0023
vn -0.0047 1.0000 0.0022
vn -0.0029 0.9999 0.0105
vn -0.0015 0.9999 0.0100
vn 0.0076 1.0000 -0.0011
vn -0.0029 0.9999 0.0101
vn -0.0010 1.0000 0.0094
vn -0.0008 1.0000 0.0093
vn -0.0047 1.0000 0.0027
vn 0.0028 1.0000 0.0026
vn 0.0033 1.0000 0.0016
vn 0.0177 0.9998 -0.0023
vn 0.0176 0.9998 -0.0035
vn 0.0144 0.9999 -0.0028
vn 0.0143 0.9999 -0.0040
vn 0.0308 0.9995 0.0112
vn 0.0045 0.9999 -0.0098
vn -0.0010 1.0000 -0.0021
vn -0.0011 1.0000 -0.0032
vn -0.0020 0.9999 -0.0104
vn -0.0017 0.9999 -0.0102
vn -0.0004 1.0000 -0.0093
vn 0.0102 0.9999 -0.0003
vn 0.0028 0.9999 -0.0122
vn 0.0009 0.9999 -0.0136
vn 0.0081 0.9999 -0.0112
vn 0.0060 0.9999 -0.0139
vn 0.0048 0.9999 -0.0151
vn 0.6864 0.7270 -0.0200
vn 0.0036 0.9999 -0.0160
vn 0.0003 0.9998 -0.0179
vn -0.0004 0.9998 -0.0181
vn -0.0101 0.9998 -0.0152
vn -0.0120 0.9998 -0.0144
vn -0.0044 0.9998 -0.0188
vn -0.0147 0.9999 -0.0059
vn -0.0143 0.9999 -0.0068
vn -0.0140 0.9999 -0.0072
vn -0.0088 0.9999 -0.0069
vn -0.0095 0.9999 -0.0065
vn -0.0092 0.9999 -0.0067
vn -0.0193 0.9998 -0.0037
vn -0.0383 0.9989 -0.0253
vn -0.0269 0.9996 -0.0037
vn -0.0270 0.9996 -0.0024
vn -0.0292 0.9996 0.0047
vn -0.0287 0.9996 0.0063
vn -0.0166 0.9999 -0.0014
vn -0.0164 0.9999 -0.0005
vn -0.0112 0.9999 -0.0040
vn -0.0191 0.9998 -0.0032
vn -0.0191 0.9998 -0.0014
vn -0.0190 0.9998 -0.0007
vn -0.0069 0.9999 0.0116
vn -0.0172 0.9998 0.0051
vn -0.0157 0.9999 0.0070
vn -0.0079 1.0000 0.0022
vn -0.0074 1.0000 0.0024
vn -0.0067 1.0000 0.0025
vn -0.0184 0.9997 0.0165
vn 0.1303 -0.4355 -0.8907
vn -0.4350 0.1239 -0.8918
vn 0.1610 0.1614 -0.9737
vn 0.1657 0.1489 -0.9749
vn -0.3497 0.1635 0.9225
vn 0.1833 -0.0094 0.9830
vn 0.2017 0.0278 0.9790
vn 0.1410 0.5435 0.8275
vn -0.4262 -0.1749 0.8876
vn -0.4462 -0.1799 0.8767
vn -0.4524 -0.1967 0.8699
vn -0.4332 -0.2164 0.8749
vn -0.8110 0.2320 -0.5370
vn -0.8050 0.2531 -0.5366
vn -0.8020 0.2517 -0.5417
vn -0.8010 0.2446 -0.5464
vn -0.0503 0.2243 -0.9732
vn -0.0491 0.2494 -0.9672
vn -0.0288 0.2340 -0.9718
vn -0.3555 -0.1607 -0.9207
vn -0.3522 -0.1397 -0.9254
vn -0.3453 -0.1377 -0.9283
vn -0.3391 -0.1509 -0.9286
vn 0.0426 -0.0420 -0.9982
vn 0.0572 -0.0343 -0.9978
vn 0.0630 -0.0270 -0.9976
vn 0.0678 -0.0549 -0.9962
vn -0.9815 -0.0718 0.1773
vn -0.9773 -0.0648 0.2017
vn -0.9815 -0.0513 0.1844
vn -0.3139 0.3071 -0.8984
vn -0.3377 0.3302 -0.8814
vn -0.3007 0.3249 -0.8967
vn -0.2393 -0.0577 -0.9692
vn -0.2499 -0.0447 -0.9672
vn -0.2370 -0.0425 -0.9706
vn -0.5009 -0.0211 -0.8653
vn -0.5016 -0.0092 -0.8651
vn -0.4905 -0.0093 -0.8714
vn -0.9257 0.1600 -0.3428
vn -0.9252 0.1745 -0.3371
vn -0.9204 0.1803 -0.3470
vn -0.9191 0.1696 -0.3555
vn -0.9847 0.1743 -0.0071
vn -0.9787 0.2051 0.0123
vn -0.9805 0.1959 -0.0171
vn -0.8976 -0.0374 0.4393
vn -0.8882 -0.0193 0.4590
vn -0.8940 -0.0102 0.4479
vn -0.9035 -0.0114 0.4285
vn -0.6465 -0.0859 0.7580
vn -0.6530 -0.0654 0.7546
vn -0.6784 -0.0544 0.7327
vn -0.6796 -0.0802 0.7292
vn -0.9098 0.2657 -0.3189
vn -0.9119 0.2909 -0.2894
vn -0.9022 0.2875 -0.3214
vn -0.9050 -0.1077 0.4116
vn -0.9069 -0.0869 0.4123
vn -0.9157 -0.0913 0.3914
vn -0.9862 -0.0183 0.1645
vn -0.9747 0.0380 0.2203
vn -0.9902 0.0013 0.1394
vn -0.8793 0.1015 0.4653
vn -0.8692 0.1319 0.4765
vn -0.8836 0.1281 0.4504
vn -0.1791 -0.0291 0.9834
vn -0.1448 -0.0029 0.9895
vn -0.1755 0.0081 0.9844
vn -0.1379 -0.5222 0.8416
vn 0.3922 0.0083 0.9199
vn -0.1807 0.0290 0.9831
vn -0.1900 -0.0043 0.9818
vn 0.4136 -0.1895 0.8905
vn 0.4334 -0.2100 0.8764
vn 0.4608 -0.1884 0.8673
vn 0.4197 -0.1773 0.8902
vn 0.8097 0.2431 -0.5340
vn 0.7998 0.2516 -0.5451
vn 0.8000 0.2633 -0.5391
vn 0.8036 0.2673 -0.5317
vn 0.0479 0.2239 -0.9734
vn 0.0309 0.2345 -0.9716
vn 0.0477 0.2415 -0.9692
vn 0.9802 -0.0854 0.1784
vn 0.9798 -0.0735 0.1859
vn 0.9789 -0.0666 0.1930
vn 0.9761 -0.0815 0.2017
vn 0.9784 -0.1844 0.0937
vn 0.9816 -0.1713 0.0842
vn 0.9817 -0.1642 0.0970
vn 0.3636 -0.1510 -0.9192
vn 0.3428 -0.1473 -0.9278
vn 0.3495 -0.1333 -0.9274
vn 0.3619 -0.1292 -0.9232
vn -0.0405 -0.0437 -0.9982
vn -0.0632 -0.0578 -0.9963
vn -0.0560 -0.0353 -0.9978
vn -0.0485 -0.0320 -0.9983
vn 0.3109 0.3110 -0.8981
vn 0.2936 0.3353 -0.8952
vn 0.3168 0.3297 -0.8893
vn 0.2428 -0.0550 -0.9685
vn 0.2399 -0.0430 -0.9698
vn 0.2523 -0.0418 -0.9667
vn 0.5036 -0.0141 -0.8638
vn 0.4924 -0.0024 -0.8704
vn 0.5033 0.0011 -0.8641
vn 0.9246 0.1718 -0.3401
vn 0.9172 0.1834 -0.3536
vn 0.9224 0.1874 -0.3379
vn 0.9237 0.1844 -0.3358
vn 0.9824 0.1866 -0.0064
vn 0.9781 0.2078 -0.0103
vn 0.9783 0.2071 0.0074
vn 0.9013 -0.0205 0.4327
vn 0.8968 -0.0023 0.4424
vn 0.8931 0.0063 0.4498
vn 0.8874 -0.0087 0.4609
vn 0.6572 -0.0835 0.7491
vn 0.6817 -0.0513 0.7299
vn 0.6617 -0.0553 0.7477
vn 0.6449 -0.0575 0.7621
vn 0.2553 -0.2774 -0.9262
vn -0.1664 0.1499 -0.9746
vn -0.6885 0.1227 -0.7148
vn -0.1306 0.6840 -0.7177
vn 0.9067 0.2772 -0.3180
vn 0.8948 0.3111 -0.3202
vn 0.9073 0.2952 -0.2994
vn 0.8889 -0.0157 0.4579
vn 0.8967 -0.0016 0.4427
vn 0.8890 0.0083 0.4579
vn 0.9859 -0.0047 0.1673
vn 0.9904 0.0174 0.1374
vn 0.9858 0.0231 0.1661
vn 0.8785 0.1121 0.4644
vn 0.9062 0.1558 0.3930
vn 0.8707 0.1402 0.4715
vn 0.1658 -0.0292 0.9857
vn 0.1881 0.0083 0.9821
vn 0.1412 0.0021 0.9900
vn 0.0202 -0.9995 -0.0233
vn -0.0056 -0.9999 0.0155
vn -0.0123 -0.9999 -0.0037
vn -0.5597 -0.8237 -0.0913
vn 0.0137 -0.9999 0.0017
vn -0.0010 -0.9999 0.0144
vn -0.0109 -0.9999 0.0020
vn 0.0102 -0.9999 0.0003
vn 0.0085 -0.9998 0.0186
vn -0.5673 -0.8235 -0.0080
vn 0.0137 -0.9999 0.0020
vn -0.0017 -0.9999 0.0140
vn -0.5645 -0.8245 -0.0392
vn 0.0137 -0.9999 0.0026
vn 0.5613 -0.8216 0.0992
vn -0.0103 -0.9999 0.0060
vn 0.0131 -0.9999 -0.0097
vn 0.0070 -0.9999 0.0093
vn -0.0064 -1.0000 0.0067
vn 0.0113 -0.9999 -0.0075
vn 0.0080 -0.9999 0.0085
vn 0.0083 -0.9999 -0.0097
vn 0.0116 -0.9999 0.0117
vn -0.0047 -0.9999 0.0089
vn -0.0058 -1.0000 0.0076
vn 0.0105 -0.9999 -0.0081
vn 0.0092 -0.9999 0.0069
vn -0.0042 -0.9999 0.0093
vn 0.0079 -0.9999 -0.0100
vn 0.0152 -0.9999 0.0063
vn -0.0051 -0.9999 0.0151
vn 0.0067 -0.9999 -0.0105
vn 0.0092 -1.0000 0.0037
vn -0.0040 -0.9999 0.0151
vn 0.0049 -0.9999 -0.0111
vn 0.0137 -0.9999 0.0087
vn -0.0021 -0.9999 0.0157
vn 0.0026 -0.9999 -0.0115
vn 0.0144 -0.9999 0.0071
vn -0.4660 -0.8235 0.3236
vn 0.0148 -0.9999 -0.0079
vn 0.0033 -0.9999 0.0144
vn -0.0107 -0.9999 0.0009
vn 0.0133 -0.9999 -0.0009
vn -0.0002 -0.9999 0.0145
vn -0.0048 -0.9999 0.0088
vn 0.0072 -0.9999 -0.0135
vn 0.0128 -0.9999 0.0103
vn -0.0108 -0.9999 0.0021
vn 0.0137 -0.9999 0.0013
vn -0.0003 -0.9999 0.0144
vn -0.0043 -0.9999 0.0131
vn -0.0064 -1.0000 -0.0061
vn 0.5615 -0.8230 -0.0865
vn -0.0031 -0.9999 0.0154
vn 0.0040 -0.9999 -0.0113
vn 0.0142 -0.9999 0.0075
vn 0.0000 -0.9999 0.0161
vn -0.0024 -0.9999 -0.0141
vn 0.0175 -0.9998 -0.0020
vn 0.0183 -0.9998 0.0102
vn -0.3931 -0.8230 0.4102
vn 0.0047 -1.0000 -0.0072
vn 0.0097 -0.9999 0.0092
vn -0.4489 -0.8484 -0.2805
vn 0.0145 -0.9998 -0.0095
vn 0.0008 -0.9999 0.0161
vn 0.0007 -0.9999 -0.0145
vn 0.0183 -0.9998 0.0003
vn -0.0075 -1.0000 0.0009
vn 0.0033 -0.9998 0.0199
vn -0.0054 -0.9999 0.0124
vn -0.0061 -1.0000 -0.0065
vn 0.0124 -0.9999 0.0078
vn -0.0098 -0.9999 0.0048
vn 0.0020 -0.8484 -0.5294
vn 0.3957 -0.8221 0.4094
vn 0.0093 -0.9998 0.0150
vn -0.0185 -0.9996 -0.0224
vn 0.0215 -0.9998 0.0056
vn 0.0161 -0.9998 0.0080
vn -0.0205 -0.9998 -0.0003
vn 0.0010 -1.0000 -0.0065
vn 0.0331 -0.9994 0.0027
vn 0.0104 -0.9998 0.0143
vn -0.0202 -0.9996 -0.0209
vn 0.0327 -0.9995 -0.0030
vn 0.0330 -0.9995 -0.0009
vn 0.0114 -0.9998 0.0134
vn -0.0116 -0.9999 -0.0065
vn 0.0080 -0.9998 0.0157
vn -0.0281 -0.9995 0.0143
vn 0.0135 -0.9999 -0.0064
vn 0.0148 -0.9999 -0.0041
vn -0.0002 -0.8223 0.5691
vn -0.3984 -0.8483 -0.3489
vn 0.0118 -0.9999 -0.0011
vn -0.0024 -0.9999 0.0104
vn -0.0078 -0.9999 -0.0117
vn 0.0093 -0.9999 0.0067
vn -0.0007 -0.9999 0.0111
vn -0.0103 -0.9999 -0.0097
vn 0.0127 -0.9999 0.0072
vn -0.0062 -0.9999 0.0144
vn -0.0047 -0.9999 -0.0101
vn 0.0076 -0.9999 0.0088
vn -0.0030 -0.9999 0.0101
vn -0.0074 -0.9999 -0.0084
vn 0.0089 -0.9999 0.0073
vn -0.0036 -0.9999 -0.0106
vn 0.0087 -0.9999 0.0146
vn -0.0041 -1.0000 0.0076
vn -0.0125 -0.9999 0.0021
vn 0.0004 -0.9999 -0.0115
vn 0.0044 -0.9999 0.0158
vn -0.0123 -0.9999 0.0037
vn -0.0017 -0.9999 -0.0112
vn 0.0067 -0.9999 0.0151
vn -0.5277 -0.8480 -0.0493
vn 0.0054 -0.9999 -0.0130
vn 0.0133 -0.9998 0.0114
vn 0.0170 -0.9998 0.0050
vn -0.5292 -0.8480 -0.0307
vn -0.0094 -0.9998 -0.0169
vn 0.0234 -0.9997 0.0042
vn -0.5228 -0.8477 0.0898
vn -0.0118 -0.9998 -0.0154
vn 0.5316 -0.8465 -0.0293
vn -0.0205 -0.9998 0.0053
vn -0.0125 -0.9999 0.0025
vn -0.0009 -0.9999 -0.0114
vn 0.0057 -0.9999 0.0155
vn -0.0112 -0.9999 0.0080
vn -0.0048 -0.9999 -0.0101
vn 0.0079 -0.9999 0.0086
vn 0.0047 -0.9999 -0.0142
vn 0.0025 -0.9999 0.0161
vn -0.0153 -0.9999 0.0003
vn -0.0063 -0.9999 0.0108
vn -0.0173 -0.9998 -0.0096
vn 0.4007 -0.8474 -0.3484
vn 0.0232 -0.9997 -0.0021
vn -0.0129 -0.9999 0.0087
vn -0.0037 -1.0000 -0.0047
vn -0.0154 -0.9999 0.0028
vn 0.0023 -0.9999 -0.0145
vn 0.0020 -0.9999 0.0161
vn -0.0122 -0.9999 0.0049
vn -0.0031 -0.9999 -0.0139
vn 0.0065 -0.9999 0.0097
vn 0.0098 -0.9999 0.0113
vn -0.0138 -0.9999 0.0093
vn -0.0093 -0.9999 0.0064
vn -0.0029 -1.0000 -0.0084
vn 0.0180 -0.9998 -0.0124
vn -0.0055 -0.9999 0.0115
vn -0.0095 -0.9999 -0.0090
vn 0.0298 -0.9995 -0.0120
vn -0.0261 -0.9995 0.0181
vn 0.0090 -0.9995 -0.0289
vn 0.0131 -0.9999 -0.0083
vn -0.0048 -0.9999 0.0120
vn 0.0012 -0.9996 -0.0294
vn 0.0076 -0.9999 -0.0114
vn -0.0025 -0.9999 0.0167
vn -0.0130 -0.9999 -0.0011
vn 0.0243 -0.9995 -0.0197
vn -0.0063 -0.9999 0.0151
vn -0.0005 -0.9998 -0.0180
vn 0.0282 -0.9995 -0.0148
vn -0.0077 -0.9999 0.0142
vn 0.0032 -0.9996 -0.0294
vn -0.0013 -0.9999 0.0135
vn -0.0135 -0.9999 0.0017
vn -0.0126 -0.9999 -0.0029
vn 0.0210 -0.9995 -0.0227
usemtl sungaya_inexpectata_31mg
s off
f 81/1/1 19/2/2 3/3/3
f 309/4/4 152/5/5 87/6/6
f 305/7/7 160/8/8 87/6/9
f 8/9/10 129/10/11 142/11/12
f 362/12/13 361/13/14 25/14/15 63/15/16
f 128/16/17 51/17/18 50/18/19
f 73/19/20 30/20/21 52/21/22
f 57/22/23 35/23/24 69/24/25
f 60/25/26 93/26/27 18/27/28
f 68/28/29 135/29/30 56/30/31
f 342/31/32 336/32/33 96/33/34
f 7/34/35 71/35/36 66/36/37
f 59/37/38 84/38/39 13/39/40
f 131/40/41 57/22/42 70/41/43
f 51/42/44 46/43/45 50/44/46
f 55/45/47 29/46/48 133/47/49
f 76/48/50 26/49/51 77/50/52
f 136/51/53 120/52/54 112/53/55
f 19/54/56 85/55/57 4/56/58
f 157/57/59 325/58/60 37/59/61 134/60/62
f 14/61/63 28/62/64 34/63/65
f 111/64/66 49/65/67 106/66/68
f 104/67/69 100/68/70 23/69/71
f 104/67/72 23/69/73 103/70/74
f 28/71/75 21/72/76 34/73/77
f 2/74/78 26/75/79 5/76/80
f 95/77/81 44/78/82 12/79/83
f 128/80/84 50/81/85 91/82/86
f 91/82/87 50/81/88 107/83/89
f 48/84/90 92/85/91 108/86/92
f 32/87/93 44/88/94 54/89/95
f 34/73/96 110/90/97 14/91/98
f 71/92/99 111/93/100 40/94/101
f 90/95/102 16/96/103 15/97/104
f 35/23/105 105/98/106 118/99/107
f 321/100/108 311/101/109 121/102/110
f 55/45/111 28/71/112 29/46/113
f 126/103/114 17/104/115 25/105/116
f 96/33/117 100/106/118 60/25/119
f 119/107/120 88/108/121 49/109/122
f 45/110/123 122/111/124 114/112/125
f 120/52/126 64/113/127 112/53/128
f 77/114/129 26/115/130 47/116/131
f 137/117/132 27/118/133 6/119/134
f 6/120/135 27/121/136 109/122/137
f 317/123/138 146/124/139 79/125/140 116/126/141
f 15/127/142 111/128/143 11/129/144
f 86/130/145 62/131/146 80/132/147
f 14/91/148 110/90/149 84/38/150
f 110/90/151 34/73/152 94/133/153
f 37/59/154 132/134/155 134/60/156
f 44/78/157 95/77/158 133/47/159
f 12/79/160 44/78/161 32/135/162
f 334/136/163 324/137/164 43/138/165 117/139/166
f 5/76/167 17/140/168 143/141/169
f 331/142/170 328/143/171 23/144/172 87/6/173
f 15/145/174 16/146/175 49/147/176
f 103/148/177 102/149/178 64/150/179
f 108/151/180 92/152/181 10/153/182
f 64/150/183 102/149/184 105/154/185
f 71/155/186 72/156/187 11/157/188
f 22/158/189 20/159/190 34/73/191
f 136/160/192 112/161/193 125/162/194
f 73/163/195 6/164/196 30/165/197
f 327/166/198 326/167/199 141/168/200 67/169/201
f 319/170/202 141/168/203 326/167/204
f 118/99/205 105/98/206 134/171/207
f 52/21/208 62/131/209 12/79/210
f 33/172/211 10/153/212 31/173/213
f 87/6/214 100/174/215 101/175/216
f 118/99/217 116/176/218 69/24/219
f 315/177/220 156/178/221 127/179/222
f 139/180/223 119/181/224 42/182/225
f 24/183/226 25/14/227 75/184/228
f 130/185/229 26/75/230 2/74/231
f 149/186/232 321/100/233 121/102/234
f 150/187/235 320/188/236 20/189/237
f 9/190/238 107/191/239 50/192/240
f 9/193/241 88/194/242 119/181/243
f 68/195/244 56/196/245 113/197/246
f 43/198/247 67/199/248 39/200/249
f 343/201/250 140/202/251 358/203/252
f 17/204/253 76/205/254 25/206/255
f 25/207/256 76/208/257 63/15/258
f 122/111/259 45/110/260 98/209/261
f 107/210/262 24/211/263 91/212/264
f 310/213/265 329/214/266 132/134/267 37/59/268
f 90/215/269 54/216/270 2/74/271
f 21/72/272 4/217/273 85/218/274
f 129/219/275 8/220/276 70/41/277
f 118/99/278 69/24/279 35/23/280
f 329/214/281 158/221/282 132/134/283
f 119/181/284 49/65/285 16/96/286
f 15/222/287 49/223/288 111/224/289
f 32/225/290 54/226/291 89/227/292
f 136/228/293 98/229/294 120/230/295
f 414/231/296 462/232/297 48/233/298
f 46/234/299 138/235/300 50/236/301
f 346/237/302 140/202/303 343/201/304
f 61/238/305 77/239/306 47/240/307
f 47/116/308 84/38/309 61/241/310
f 110/90/311 94/133/312 13/39/313
f 340/242/314 83/243/315 366/244/316
f 57/22/317 82/245/318 105/98/319
f 40/246/320 111/64/321 106/66/322
f 66/247/323 137/248/324 7/249/325
f 7/250/326 137/251/327 6/120/328
f 66/36/329 71/35/330 40/252/331
f 41/253/332 66/254/333 40/255/334
f 3/3/335 19/2/336 4/217/337
f 135/256/338 46/257/339 51/17/340
f 99/258/341 78/259/342 38/260/343
f 49/261/344 136/262/345 106/263/346
f 104/67/347 103/70/348 64/113/349
f 315/177/350 127/179/351 312/264/352
f 63/265/353 61/241/354 140/202/355
f 7/266/356 72/267/357 71/268/358
f 29/46/359 123/269/360 115/270/361
f 115/270/362 123/269/363 84/38/364
f 84/38/365 47/116/366 115/270/367
f 26/75/368 76/208/369 17/140/370
f 104/67/371 93/26/372 100/68/373
f 98/271/374 93/272/375 104/273/376
f 40/274/377 125/275/378 41/276/379
f 122/111/380 88/277/381 114/112/382
f 108/86/383 109/278/384 48/84/385
f 308/279/386 148/280/387 144/281/388
f 462/232/389 415/282/390 92/283/391 48/233/392
f 100/106/393 96/33/394 101/284/395
f 85/218/396 22/158/397 21/72/398
f 10/285/399 30/286/400 108/287/401
f 10/288/402 33/289/403 62/290/404
f 400/291/405 416/292/406 69/293/407 79/294/408
f 27/295/409 97/296/410 109/297/411
f 139/180/412 107/298/413 9/193/414
f 9/299/415 50/300/416 114/301/417
f 46/257/418 68/302/419 113/303/420
f 137/251/421 41/276/422 70/41/423
f 41/304/424 131/305/425 70/306/426
f 100/307/427 87/308/428 23/309/429
f 127/179/430 102/149/431 103/148/432
f 15/310/433 11/311/434 89/312/435
f 429/313/436 402/314/437 31/315/438 92/316/439
f 82/317/440 131/318/441 41/319/442
f 21/72/443 3/3/444 4/217/445
f 420/320/446 423/321/447 142/322/448
f 330/323/449 157/57/450 134/60/451 102/149/452
f 78/324/453 43/325/454 39/326/455
f 30/327/456 109/328/457 108/329/458
f 30/330/459 6/331/460 109/332/461
f 324/137/462 316/333/463 43/138/464
f 98/209/465 136/51/466 122/334/467
f 351/335/468 75/336/469 354/337/470
f 105/98/471 35/23/472 57/22/473
f 12/79/474 32/135/475 52/21/476
f 69/24/477 129/219/478 70/41/479
f 57/22/480 69/24/481 70/41/482
f 349/338/483 337/339/484 101/340/485
f 349/338/486 101/340/487 338/341/488
f 125/342/489 112/343/490 124/344/491
f 82/245/492 125/345/493 124/346/494
f 102/347/495 134/171/496 105/98/497
f 96/33/498 60/25/499 113/303/500
f 113/303/501 60/25/502 18/27/503
f 124/346/504 105/98/505 82/245/506
f 83/348/507 13/349/508 58/350/509
f 106/351/510 136/160/511 125/162/512
f 2/352/513 54/353/514 44/78/515
f 418/354/516 413/355/517 99/356/518 80/132/519
f 339/357/520 56/358/521 341/359/522
f 403/360/523 425/361/524 97/362/525
f 90/363/526 89/364/527 54/365/528
f 340/242/529 353/366/530 65/367/531 83/243/532
f 6/368/533 72/369/534 7/370/535
f 99/356/536 81/1/537 80/132/538
f 139/371/539 74/372/540 143/373/541
f 74/374/542 2/74/543 5/76/544
f 77/375/545 63/376/546 76/377/547
f 16/378/548 74/379/549 42/380/550
f 32/135/551 89/381/552 73/382/553
f 32/135/554 73/382/555 52/21/556
f 313/383/557 322/384/558 20/189/559 22/385/560
f 147/386/561 305/7/562 87/6/563
f 104/67/564 64/113/565 120/52/566
f 93/26/567 98/209/568 18/27/569
f 18/27/570 98/209/571 45/110/572
f 105/387/573 124/388/574 64/150/575
f 355/389/576 366/390/577 83/391/578
f 42/182/579 119/181/580 16/96/581
f 97/392/582 27/393/583 8/394/584
f 345/395/585 25/14/586 361/13/587
f 12/396/588 62/397/589 95/398/590
f 63/265/591 77/114/592 61/241/593
f 81/1/594 3/3/595 86/130/596
f 405/399/597 117/139/598 411/400/599
f 38/401/600 39/402/601 19/403/602
f 38/404/603 19/2/604 81/1/605
f 73/405/606 72/406/607 6/407/608
f 348/408/609 344/409/610 91/410/611
f 119/181/612 139/180/613 9/193/614
f 74/374/615 90/215/616 2/74/617
f 19/411/618 67/169/619 141/168/620
f 13/412/621 84/413/622 110/414/623
f 38/404/624 78/415/625 39/416/626
f 307/417/627 149/186/628 121/102/629 85/418/630
f 306/419/631 153/420/632 58/350/633 13/349/634
f 121/421/635 22/158/636 85/218/637
f 1/422/638 133/47/639 130/423/640
f 44/78/641 133/47/642 1/422/643
f 1/422/644 2/352/645 44/78/646
f 48/233/647 109/122/648 97/362/649
f 128/424/650 135/425/651 51/426/652
f 90/427/653 74/428/654 16/429/655
f 45/430/656 46/431/657 18/432/658
f 18/27/659 46/257/660 113/303/661
f 143/433/662 17/434/663 126/435/664
f 126/436/665 24/437/666 143/438/667
f 72/439/668 89/312/669 11/440/670
f 132/441/671 144/442/672 116/176/673
f 145/443/674 306/444/675 13/445/676 94/446/677
f 328/143/678 159/447/679 103/148/680 23/144/681
f 154/448/682 327/449/683 67/450/684
f 153/420/685 332/451/686 58/350/687
f 116/452/688 79/294/689 69/293/690
f 140/202/691 61/241/692 53/453/693
f 150/187/694 20/189/695 322/384/696
f 423/321/697 426/454/698 142/322/699
f 5/76/700 26/75/701 17/140/702
f 2/74/703 1/455/704 130/185/705
f 89/456/706 72/369/707 73/457/708
f 122/458/709 136/459/710 88/460/711
f 49/461/712 88/460/713 136/459/714
f 68/462/715 46/463/716 135/464/717
f 36/465/718 128/466/719 91/212/720
f 86/467/721 95/468/722 62/469/723
f 407/470/724 31/471/725 402/472/726
f 133/47/727 29/46/728 115/270/729
f 130/423/730 133/47/731 115/270/732
f 138/473/733 114/474/734 50/475/735
f 42/182/736 74/476/737 139/180/738
f 91/477/739 24/478/740 75/479/741
f 318/480/742 79/294/743 314/481/744
f 146/482/745 314/481/746 79/294/747
f 143/483/748 107/484/749 139/180/750
f 40/485/751 106/486/752 125/487/753
f 62/131/754 52/21/755 10/153/756
f 30/20/757 10/153/758 52/21/759
f 21/72/760 28/71/761 55/45/762
f 141/168/763 85/418/764 19/411/765
f 64/113/766 124/346/767 112/53/768
f 137/251/769 66/488/770 41/276/771
f 143/483/772 24/489/773 107/484/774
f 143/141/775 74/374/776 5/76/777
f 86/130/778 133/47/779 95/77/780
f 133/47/781 86/130/782 55/45/783
f 118/490/784 134/491/785 132/492/786
f 116/176/787 118/99/788 132/441/789
f 416/493/790 419/494/791 129/219/792 69/24/793
f 357/495/794 135/496/795 352/497/796
f 20/498/797 94/133/798 34/73/799
f 24/183/800 126/499/801 25/207/802
f 31/500/803 10/501/804 92/502/805
f 152/503/806 331/504/807 87/505/808
f 39/506/809 67/507/810 19/54/811
f 45/110/812 138/508/813 46/257/814
f 45/509/815 114/510/816 138/235/817
f 98/511/818 104/512/819 120/513/820
f 115/270/821 47/116/822 26/115/823
f 43/514/824 78/515/825 117/516/826
f 14/91/827 84/38/828 123/269/829
f 28/71/830 14/91/831 123/269/832
f 28/71/833 123/269/834 29/46/835
f 60/25/836 100/106/837 93/26/838
f 41/517/839 125/162/840 82/518/841
f 309/4/842 87/6/843 160/8/844
f 81/1/845 86/130/846 80/132/847
f 33/172/848 80/132/849 62/131/850
f 13/39/851 83/243/852 65/367/853
f 65/367/854 59/37/855 13/39/856
f 61/241/857 84/38/858 59/37/859
f 145/519/860 94/520/861 151/521/862
f 90/95/863 15/97/864 89/522/865
f 82/245/866 57/22/867 131/40/868
f 59/37/869 53/453/870 61/241/871
f 65/367/872 53/453/873 59/37/874
f 81/523/875 99/524/876 38/525/877
f 86/130/878 3/3/879 55/45/880
f 3/3/881 21/72/882 55/45/883
f 27/526/884 70/527/885 8/528/886
f 333/529/887 312/264/888 127/179/889
f 11/530/890 111/531/891 71/532/892
f 137/251/893 70/41/894 27/121/895
f 130/423/896 115/270/897 26/115/898
f 88/533/899 9/534/900 114/535/901
f 408/536/902 31/173/903 404/537/904
f 34/73/905 21/72/906 22/158/907
f 127/179/908 103/148/909 159/447/910 333/529/911
f 102/149/912 127/179/913 156/178/914 330/323/915
f 337/538/916 399/539/917 335/540/918 101/541/919
f 141/168/920 319/170/921 155/542/922
f 43/138/923 323/543/924 154/544/925 67/169/926
f 43/138/927 316/333/928 323/543/929
f 94/520/930 20/189/931 320/188/932 151/521/933
f 121/102/934 311/101/935 313/383/936 22/385/937
f 144/281/938 148/280/939 317/545/940 116/452/941
f 37/59/942 325/58/943 310/213/944
f 101/175/945 335/546/946 147/386/947 87/6/948
f 132/134/949 158/221/950 308/279/951 144/281/952
f 141/168/953 155/542/954 307/417/955 85/418/956
f 241/547/957 163/548/958 179/549/959
f 309/4/960 247/550/961 152/5/962
f 305/7/963 247/550/964 160/8/965
f 168/551/966 302/552/967 289/553/968
f 392/554/969 393/555/970 223/556/971 185/557/972
f 288/558/973 210/559/974 211/560/975
f 233/561/976 212/562/977 190/563/978
f 217/564/979 229/565/980 195/566/981
f 220/567/982 178/568/983 253/569/984
f 228/570/985 216/571/986 295/572/987
f 373/573/988 256/574/989 367/575/990
f 167/576/991 226/577/992 231/578/993
f 219/579/994 173/580/995 244/581/996
f 291/582/997 230/583/998 217/564/999
f 211/584/1000 210/585/1001 206/586/1002
f 215/587/1003 293/588/1004 189/589/1005
f 236/590/1006 237/591/1007 186/592/1008
f 296/593/1009 272/594/1010 280/595/1011
f 179/596/1012 164/597/1013 245/598/1014
f 157/57/1015 294/599/1016 197/600/1017 325/58/1018
f 174/601/1019 194/602/1020 188/603/1021
f 271/604/1022 266/605/1023 209/606/1024
f 264/607/1025 183/608/1026 260/609/1027
f 264/607/1028 263/610/1029 183/608/1030
f 188/611/1031 194/612/1032 181/613/1033
f 162/614/1034 165/615/1035 186/616/1036
f 255/617/1037 172/618/1038 204/619/1039
f 288/620/1040 251/621/1041 210/622/1042
f 251/621/1043 267/623/1044 210/622/1045
f 208/624/1046 268/625/1047 252/626/1048
f 192/627/1049 214/628/1050 204/629/1051
f 194/612/1052 174/630/1053 270/631/1054
f 231/632/1055 200/633/1056 271/634/1057
f 250/635/1058 175/636/1059 176/637/1060
f 195/566/1061 278/638/1062 265/639/1063
f 321/100/1064 281/640/1065 311/101/1066
f 215/587/1067 189/589/1068 188/611/1069
f 286/641/1070 185/642/1071 177/643/1072
f 256/574/1073 220/567/1074 260/644/1075
f 279/645/1076 209/646/1077 248/647/1078
f 205/648/1079 274/649/1080 282/650/1081
f 280/595/1082 272/594/1083 224/651/1084
f 237/652/1085 207/653/1086 186/654/1087
f 297/655/1088 166/656/1089 187/657/1090
f 166/658/1091 269/659/1092 187/660/1093
f 317/123/1094 276/661/1095 239/662/1096 146/124/1097
f 175/663/1098 171/664/1099 271/665/1100
f 246/666/1101 240/667/1102 222/668/1103
f 174/630/1104 244/581/1105 270/631/1106
f 270/631/1107 254/669/1108 194/612/1109
f 197/600/1110 294/599/1111 292/670/1112
f 204/619/1113 293/588/1114 255/617/1115
f 172/618/1116 192/671/1117 204/619/1118
f 334/136/1119 277/672/1120 203/673/1121 324/137/1122
f 165/615/1123 303/674/1124 177/675/1125
f 331/142/1126 247/550/1127 183/676/1128 328/143/1129
f 175/677/1130 209/678/1131 176/679/1132
f 263/680/1133 224/681/1134 262/682/1135
f 268/683/1136 170/684/1137 252/685/1138
f 224/681/1139 265/686/1140 262/682/1141
f 231/687/1142 171/688/1143 232/689/1144
f 182/690/1145 194/612/1146 180/691/1147
f 296/692/1148 285/693/1149 272/694/1150
f 233/695/1151 190/696/1152 166/697/1153
f 327/166/1154 227/698/1155 301/699/1156 326/167/1157
f 319/170/1158 326/167/1159 301/699/1160
f 278/638/1161 294/700/1162 265/639/1163
f 212/562/1164 172/618/1165 222/668/1166
f 193/701/1167 191/702/1168 170/684/1169
f 247/550/1170 261/703/1171 260/704/1172
f 278/638/1173 229/565/1174 276/705/1175
f 315/177/1176 287/706/1177 156/178/1178
f 299/707/1179 202/708/1180 279/709/1181
f 184/710/1182 235/711/1183 185/557/1184
f 290/712/1185 162/614/1186 186/616/1187
f 149/186/1188 281/640/1189 321/100/1190
f 150/187/1191 180/713/1192 320/188/1193
f 169/714/1194 210/715/1195 267/716/1196
f 169/717/1197 279/709/1198 248/718/1199
f 228/719/1200 273/720/1201 216/721/1202
f 203/722/1203 199/723/1204 227/724/1205
f 378/725/1206 389/726/1207 300/727/1208
f 177/728/1209 185/729/1210 236/730/1211
f 185/731/1212 223/556/1213 236/732/1214
f 282/650/1215 258/733/1216 205/648/1217
f 267/734/1218 251/735/1219 184/736/1220
f 310/213/1221 197/600/1222 292/670/1223 329/214/1224
f 250/737/1225 162/614/1226 214/738/1227
f 181/613/1228 245/739/1229 164/740/1230
f 289/741/1231 230/583/1232 168/742/1233
f 278/638/1234 195/566/1235 229/565/1236
f 329/214/1237 292/670/1238 158/221/1239
f 279/709/1240 176/637/1241 209/606/1242
f 175/743/1243 271/744/1244 209/745/1245
f 192/746/1246 249/747/1247 214/748/1248
f 296/749/1249 280/750/1250 258/751/1251
f 206/752/1252 210/753/1253 298/754/1254
f 376/755/1255 378/725/1256 300/727/1257
f 221/756/1258 207/757/1259 237/758/1260
f 207/653/1261 221/759/1262 244/581/1263
f 270/631/1264 173/580/1265 254/669/1266
f 371/760/1267 397/761/1268 243/762/1269
f 217/564/1270 265/639/1271 242/763/1272
f 200/764/1273 266/605/1274 271/604/1275
f 226/765/1276 167/766/1277 297/767/1278
f 167/768/1279 166/658/1280 297/769/1281
f 226/577/1282 200/770/1283 231/578/1284
f 201/771/1285 200/772/1286 226/773/1287
f 163/548/1288 164/740/1289 179/549/1290
f 295/774/1291 211/560/1292 206/775/1293
f 259/776/1294 198/777/1295 238/778/1296
f 209/779/1297 266/780/1298 296/781/1299
f 264/607/1300 224/651/1301 263/610/1302
f 315/177/1303 312/264/1304 287/706/1305
f 223/782/1306 300/727/1307 221/759/1308
f 167/783/1309 231/784/1310 232/785/1311
f 189/589/1312 275/786/1313 283/787/1314
f 275/786/1315 244/581/1316 283/787/1317
f 244/581/1318 275/786/1319 207/653/1320
f 186/616/1321 177/675/1322 236/732/1323
f 264/607/1324 260/609/1325 253/569/1326
f 258/788/1327 264/789/1328 253/790/1329
f 200/791/1330 201/792/1331 285/793/1332
f 282/650/1333 274/649/1334 248/794/1335
f 268/625/1336 208/624/1337 269/795/1338
f 308/279/1339 304/796/1340 148/280/1341
f 442/797/1342 208/798/1343 252/799/1344
f 260/644/1345 261/800/1346 256/574/1347
f 245/739/1348 181/613/1349 182/690/1350
f 170/801/1351 268/802/1352 190/803/1353
f 170/804/1354 222/805/1355 193/806/1356
f 443/807/1357 430/808/1358 239/809/1359 229/810/1360
f 187/811/1361 269/812/1362 257/813/1363
f 299/707/1364 169/717/1365 267/814/1366
f 169/815/1367 274/816/1368 210/817/1369
f 206/775/1370 273/818/1371 228/819/1372
f 297/769/1373 230/583/1374 201/792/1375
f 201/820/1376 230/821/1377 291/822/1378
f 260/823/1379 183/824/1380 247/825/1381
f 287/706/1382 263/680/1383 262/682/1384
f 175/826/1385 249/827/1386 171/828/1387
f 432/829/1388 455/830/1389 252/831/1390 191/832/1391
f 242/833/1392 201/834/1393 291/835/1394
f 181/613/1395 164/740/1396 163/548/1397
f 447/836/1398 302/837/1399 459/838/1400
f 330/323/1401 262/682/1402 294/599/1403 157/57/1404
f 238/839/1405 199/840/1406 203/841/1407
f 190/842/1408 268/843/1409 269/844/1410
f 190/845/1411 269/846/1412 166/847/1413
f 324/137/1414 203/673/1415 316/333/1416
f 258/733/1417 282/848/1418 296/593/1419
f 382/849/1420 385/850/1421 235/851/1422
f 265/639/1423 217/564/1424 195/566/1425
f 172/618/1426 212/562/1427 192/671/1428
f 229/565/1429 230/583/1430 289/741/1431
f 217/564/1432 230/583/1433 229/565/1434
f 380/852/1435 261/853/1436 368/854/1437
f 380/852/1438 369/855/1439 261/853/1440
f 285/856/1441 284/857/1442 272/858/1443
f 242/763/1444 284/859/1445 285/860/1446
f 262/861/1447 265/639/1448 294/700/1449
f 256/574/1450 273/818/1451 220/567/1452
f 273/818/1453 178/568/1454 220/567/1455
f 284/859/1456 242/763/1457 265/639/1458
f 243/862/1459 218/863/1460 173/864/1461
f 266/865/1462 285/693/1463 296/692/1464
f 162/866/1465 204/619/1466 214/867/1467
f 441/868/1468 445/869/1469 240/667/1470 259/870/1471
f 370/871/1472 372/872/1473 216/873/1474
f 460/874/1475 257/875/1476 451/876/1477
f 250/877/1478 214/878/1479 249/879/1480
f 384/880/1481 371/760/1482 243/762/1483 225/881/1484
f 166/882/1485 167/883/1486 232/884/1487
f 259/870/1488 240/667/1489 241/547/1490
f 299/885/1491 303/886/1492 234/887/1493
f 234/888/1494 165/615/1495 162/614/1496
f 237/889/1497 236/890/1498 223/891/1499
f 176/892/1500 202/893/1501 234/894/1502
f 192/671/1503 233/895/1504 249/896/1505
f 192/671/1506 212/562/1507 233/895/1508
f 313/383/1509 182/897/1510 180/713/1511 322/384/1512
f 147/386/1513 247/550/1514 305/7/1515
f 264/607/1516 280/595/1517 224/651/1518
f 253/569/1519 178/568/1520 258/733/1521
f 178/568/1522 205/648/1523 258/733/1524
f 265/898/1525 224/681/1526 284/899/1527
f 386/900/1528 243/901/1529 397/902/1530
f 202/708/1531 176/637/1532 279/709/1533
f 257/903/1534 168/904/1535 187/905/1536
f 375/906/1537 392/554/1538 185/557/1539
f 172/907/1540 255/908/1541 222/909/1542
f 223/782/1543 221/759/1544 237/652/1545
f 241/547/1546 246/666/1547 163/548/1548
f 439/910/1549 277/672/1550 458/911/1551
f 198/912/1552 179/913/1553 199/914/1554
f 198/915/1555 241/547/1556 179/549/1557
f 233/916/1558 166/917/1559 232/918/1560
f 379/919/1561 251/920/1562 374/921/1563
f 279/709/1564 169/717/1565 299/707/1566
f 234/888/1567 162/614/1568 250/737/1569
f 179/922/1570 301/699/1571 227/698/1572
f 173/923/1573 270/924/1574 244/925/1575
f 198/915/1576 199/926/1577 238/927/1578
f 307/417/1579 245/928/1580 281/640/1581 149/186/1582
f 306/419/1583 173/864/1584 218/863/1585 153/420/1586
f 281/929/1587 245/739/1588 182/690/1589
f 161/930/1590 290/931/1591 293/588/1592
f 204/619/1593 161/930/1594 293/588/1595
f 161/930/1596 204/619/1597 162/866/1598
f 208/798/1599 257/875/1600 269/659/1601
f 288/932/1602 211/933/1603 295/934/1604
f 250/935/1605 176/936/1606 234/937/1607
f 205/938/1608 178/939/1609 206/940/1610
f 178/568/1611 273/818/1612 206/775/1613
f 303/941/1614 286/942/1615 177/943/1616
f 286/944/1617 303/945/1618 184/946/1619
f 232/947/1620 171/948/1621 249/827/1622
f 292/949/1623 276/705/1624 304/950/1625
f 145/443/1626 254/951/1627 173/952/1628 306/444/1629
f 328/143/1630 183/676/1631 263/680/1632 159/447/1633
f 154/448/1634 227/953/1635 327/449/1636
f 153/420/1637 218/863/1638 332/451/1639
f 276/954/1640 229/810/1641 239/809/1642
f 300/727/1643 213/955/1644 221/759/1645
f 150/187/1646 322/384/1647 180/713/1648
f 459/838/1649 302/837/1650 452/956/1651
f 165/615/1652 177/675/1653 186/616/1654
f 162/614/1655 290/712/1656 161/957/1657
f 249/958/1658 233/959/1659 232/884/1660
f 282/960/1661 248/961/1662 296/962/1663
f 209/963/1664 296/962/1665 248/961/1666
f 228/964/1667 295/965/1668 206/966/1669
f 196/967/1670 251/735/1671 288/968/1672
f 246/969/1673 222/970/1674 255/971/1675
f 435/972/1676 432/973/1677 191/974/1678
f 293/588/1679 275/786/1680 189/589/1681
f 290/931/1682 275/786/1683 293/588/1684
f 298/975/1685 210/976/1686 274/977/1687
f 202/708/1688 299/707/1689 234/978/1690
f 251/979/1691 235/980/1692 184/981/1693
f 318/480/1694 314/481/1695 239/809/1696
f 146/482/1697 239/809/1698 314/481/1699
f 303/982/1700 299/707/1701 267/983/1702
f 200/984/1703 285/985/1704 266/986/1705
f 222/668/1706 170/684/1707 212/562/1708
f 190/563/1709 212/562/1710 170/684/1711
f 181/613/1712 215/587/1713 188/611/1714
f 301/699/1715 179/922/1716 245/928/1717
f 224/651/1718 272/594/1719 284/859/1720
f 297/769/1721 201/792/1722 226/987/1723
f 303/982/1724 267/983/1725 184/988/1726
f 303/674/1727 165/615/1728 234/888/1729
f 246/666/1730 255/617/1731 293/588/1732
f 293/588/1733 215/587/1734 246/666/1735
f 278/989/1736 292/990/1737 294/991/1738
f 276/705/1739 292/949/1740 278/638/1741
f 446/992/1742 443/993/1743 229/565/1744 289/741/1745
f 388/994/1746 383/995/1747 295/996/1748
f 180/997/1749 194/612/1750 254/669/1751
f 184/710/1752 185/731/1753 286/998/1754
f 191/999/1755 252/1000/1756 170/1001/1757
f 152/503/1758 247/1002/1759 331/504/1760
f 199/1003/1761 179/596/1762 227/1004/1763
f 205/648/1764 206/775/1765 298/1005/1766
f 205/1006/1767 298/754/1768 274/1007/1769
f 258/1008/1770 280/1009/1771 264/1010/1772
f 275/786/1773 186/654/1774 207/653/1775
f 203/1011/1776 277/1012/1777 238/1013/1778
f 174/630/1779 283/787/1780 244/581/1781
f 188/611/1782 283/787/1783 174/630/1784
f 188/611/1785 189/589/1786 283/787/1787
f 220/567/1788 253/569/1789 260/644/1790
f 201/1014/1791 242/1015/1792 285/693/1793
f 309/4/1794 160/8/1795 247/550/1796
f 241/547/1797 240/667/1798 246/666/1799
f 193/701/1800 222/668/1801 240/667/1802
f 173/580/1803 225/881/1804 243/762/1805
f 225/881/1806 173/580/1807 219/579/1808
f 221/759/1809 219/579/1810 244/581/1811
f 145/519/1812 151/521/1813 254/1016/1814
f 250/635/1815 249/1017/1816 175/636/1817
f 242/763/1818 291/582/1819 217/564/1820
f 219/579/1821 221/759/1822 213/955/1823
f 225/881/1824 219/579/1825 213/955/1826
f 241/1018/1827 198/1019/1828 259/1020/1829
f 246/666/1830 215/587/1831 163/548/1832
f 163/548/1833 215/587/1834 181/613/1835
f 187/1021/1836 168/1022/1837 230/1023/1838
f 333/529/1839 287/706/1840 312/264/1841
f 171/1024/1842 231/1025/1843 271/1026/1844
f 297/769/1845 187/660/1846 230/583/1847
f 290/931/1848 186/654/1849 275/786/1850
f 248/1027/1851 274/1028/1852 169/1029/1853
f 436/1030/1854 433/1031/1855 191/702/1856
f 194/612/1857 182/690/1858 181/613/1859
f 287/706/1860 333/529/1861 159/447/1862 263/680/1863
f 262/682/1864 330/323/1865 156/178/1866 287/706/1867
f 368/1032/1868 261/1033/1869 335/540/1870 399/539/1871
f 301/699/1872 155/542/1873 319/170/1874
f 203/673/1875 227/698/1876 154/544/1877 323/543/1878
f 203/673/1879 323/543/1880 316/333/1881
f 254/1016/1882 151/521/1883 320/188/1884 180/713/1885
f 281/640/1886 182/897/1887 313/383/1888 311/101/1889
f 304/796/1890 276/954/1891 317/545/1892 148/280/1893
f 197/600/1894 310/213/1895 325/58/1896
f 261/703/1897 247/550/1898 147/386/1899 335/546/1900
f 292/670/1901 304/796/1902 308/279/1903 158/221/1904
f 301/699/1905 245/928/1906 307/417/1907 155/542/1908
f 332/451/1909 218/863/1910 396/1034/1911 398/1035/1912
f 196/1036/1913 288/1037/1914 394/1038/1915 391/1039/1916
f 300/727/1917 389/726/1918 390/1040/1919 213/955/1920
f 295/1041/1921 216/1042/1922 395/1043/1923 388/1044/1924
f 288/558/1925 295/774/1926 387/1045/1927 394/1046/1928
f 218/863/1929 243/901/1930 386/900/1931 396/1034/1932
f 295/1047/1933 383/1048/1934 387/1049/1935
f 225/881/1936 381/1050/1937 384/880/1938
f 225/881/1939 213/955/1940 390/1040/1941 381/1050/1942
f 251/1051/1943 379/1052/1944 382/1053/1945 235/1054/1946
f 300/1055/1947 223/556/1948 393/555/1949 376/1056/1950
f 185/557/1951 235/711/1952 385/1057/1953 375/906/1954
f 196/967/1955 391/1058/1956 374/1059/1957 251/735/1958
f 256/574/1959 373/573/1960 377/1060/1961 273/818/1962
f 216/1061/1963 372/1062/1964 395/1063/1965
f 273/720/1966 377/1064/1967 370/1065/1968 216/721/1969
f 261/853/1970 369/855/1971 367/575/1972 256/574/1973
f 332/451/1974 398/1035/1975 365/1066/1976 58/350/1977
f 36/1067/1978 360/1068/1979 363/1069/1980 128/1070/1981
f 140/202/1982 53/453/1983 359/1071/1984 358/203/1985
f 135/1072/1986 357/1073/1987 364/1074/1988 56/1075/1989
f 128/16/1990 363/1076/1991 356/1077/1992 135/256/1993
f 58/350/1994 365/1066/1995 355/389/1996 83/391/1997
f 135/1078/1998 356/1079/1999 352/1080/2000
f 65/367/2001 353/366/2002 350/1081/2003
f 65/367/2004 350/1081/2005 359/1071/2006 53/453/2007
f 91/1082/2008 75/1083/2009 351/1084/2010 348/1085/2011
f 140/1086/2012 346/1087/2013 362/12/2014 63/15/2015
f 25/14/2016 345/395/2017 354/1088/2018 75/184/2019
f 36/465/2020 91/212/2021 344/1089/2022 360/1090/2023
f 96/33/2024 113/303/2025 347/1091/2026 342/31/2027
f 56/1092/2028 364/1093/2029 341/1094/2030
f 113/197/2031 56/196/2032 339/1095/2033 347/1096/2034
f 101/340/2035 96/33/2036 336/32/2037 338/341/2038
f 398/1035/2039 396/1034/2040 386/900/2041 397/761/2042 371/760/2043 384/880/2044 381/1050/2045 390/1040/2046 389/726/2047 378/725/2048 376/1056/2049 393/555/2050 392/554/2051 375/906/2052 385/850/2053 382/1053/2054 379/919/2055 374/1059/2056 391/1039/2057 394/1046/2058 387/1049/2059 383/995/2059 388/1044/2060 395/1063/2061 372/872/2062 370/1065/2063 377/1060/2064 373/573/2065 367/575/2066 369/855/2067 380/852/2068 368/1032/2069 399/539/2070 337/339/2071 349/338/2072 338/341/2073 336/32/2074 342/31/2075 347/1096/2076 339/357/2077 341/1094/2078 364/1074/2079 357/495/2080 352/1080/2081 356/1077/2082 363/1069/2083 360/1090/2084 344/409/2085 348/1085/2086 351/335/2087 354/1088/2088 345/395/2089 361/13/2090 362/12/2091 346/237/2092 343/201/2093 358/203/2094 359/1071/2095 350/1081/2096 353/366/2097 340/242/2098 366/390/2099 355/389/2100 365/1066/2101
f 334/136/2102 456/1097/2103 458/911/2104 277/672/2105
f 318/480/2106 239/809/2107 454/1098/2108 457/1099/2109
f 302/837/2110 447/836/2111 446/992/2112 289/741/2113
f 240/667/2114 445/869/2115 449/1100/2116 193/701/2117
f 277/672/2118 448/1101/2119 444/1102/2120
f 238/778/2121 440/1103/2122 450/1104/2123 259/776/2124
f 277/672/2125 444/1102/2126 440/1105/2127 238/1106/2128
f 257/875/2129 208/798/2130 451/876/2131
f 277/1107/2132 439/1108/2133 448/1109/2134
f 259/776/2135 450/1104/2136 437/1110/2137
f 259/870/2138 437/1111/2139 441/868/2140
f 193/701/2141 449/1100/2142 436/1030/2143 191/702/2144
f 191/974/2145 453/1112/2146 435/972/2147
f 168/1113/2148 257/1114/2149 438/1115/2150 434/1116/2151
f 168/551/2152 434/1117/2153 452/1118/2154 302/552/2155
f 191/1119/2156 433/1120/2157 453/1121/2158
f 257/875/2159 460/874/2160 438/1122/2161
f 252/1123/2162 431/1124/2163 442/1125/2164
f 252/1123/2165 455/1126/2166 431/1124/2167
f 239/809/2168 430/808/2169 454/1098/2170
f 318/480/2171 457/1099/2172 428/1127/2173 79/294/2174
f 142/322/2175 129/219/2176 419/494/2177 420/320/2178
f 80/132/2179 33/172/2180 422/1128/2181 418/354/2182
f 117/139/2183 417/1129/2184 421/1130/2185
f 97/362/2186 425/361/2187 461/1131/2188 48/233/2189
f 48/1132/2190 461/1133/2191 414/1134/2192
f 78/259/2193 99/258/2194 424/1135/2195 412/1136/2196
f 117/139/2197 78/1137/2198 412/1138/2199 417/1129/2200
f 117/1139/2201 421/1140/2202 411/1141/2203
f 99/258/2204 409/1142/2205 424/1135/2206
f 99/356/2207 413/355/2208 409/1143/2209
f 33/172/2210 31/173/2211 408/536/2212 422/1128/2213
f 31/471/2214 407/470/2215 427/1144/2216
f 8/1145/2217 406/1146/2218 410/1147/2219 97/1148/2220
f 8/9/2221 142/11/2222 426/1149/2223 406/1150/2224
f 334/136/2225 117/139/2226 405/399/2227 456/1097/2228
f 31/1151/2229 427/1152/2230 404/1153/2231
f 97/362/2232 410/1154/2233 403/360/2234
f 92/1155/2235 415/1156/2236 401/1157/2237
f 92/1155/2238 401/1157/2239 429/1158/2240
f 79/294/2241 428/1127/2242 400/291/2243
f 426/454/2244 425/361/2245 410/1147/2246
f 458/911/2247 448/1109/2248 439/910/2249
f 444/1102/2250 450/1104/2251 440/1105/2252
f 458/911/2253 444/1102/2254 448/1109/2255
f 456/1097/2256 444/1102/2257 458/911/2258
f 444/1102/2259 442/1125/2260 450/1104/2261
f 450/1104/2262 432/973/2263 437/1110/2264
f 432/973/2265 436/1030/2266 437/1110/2267
f 437/1110/2268 436/1030/2269 441/868/2270
f 441/868/2271 436/1030/2272 445/869/2273
f 445/869/2274 436/1030/2275 449/1100/2276
f 436/1030/2277 435/972/2278 433/1031/2279
f 433/1031/2280 435/972/2281 453/1121/2282
f 456/1097/2283 442/1125/2284 444/1102/2285
f 421/1130/2286 405/399/2287 411/1141/2288
f 450/1104/2289 442/1125/2290 432/973/2291
f 417/1129/2292 405/399/2293 421/1130/2294
f 405/399/2295 414/1134/2296 456/1097/2297
f 436/1030/2298 432/973/2299 435/972/2300
f 432/973/2301 431/1124/2302 455/830/2303
f 442/1125/2304 456/1097/2305 208/798/2306
f 208/798/2307 457/1099/2308 451/876/2309
f 432/973/2310 442/1125/2311 431/1124/2312
f 424/1135/2313 417/1129/2254 412/1136/2314
f 417/1129/2315 414/1134/2316 405/399/2317
f 414/1134/2318 457/1099/2319 456/1097/2320
f 438/1122/2321 452/1118/2322 434/1116/2323
f 446/992/2324 430/808/2325 443/993/2326
f 452/1118/2327 451/876/2328 447/836/2329 459/838/2330
f 447/836/2331 451/876/2332 446/992/2333
f 451/876/2334 452/1118/2335 438/1122/2336 460/874/2337
f 456/1097/2338 457/1099/2339 208/798/2340
f 409/1143/2341 415/282/2342 424/1135/2343
f 424/1135/2344 415/282/2345 417/1129/2346
f 418/354/2347 408/536/2348 413/355/2349
f 413/355/2350 408/536/2351 409/1143/2352
f 408/536/2353 418/354/2354 422/1128/2355
f 427/1144/2356 407/470/2357 404/1153/2358
f 404/1153/2359 407/470/2360 408/536/2361
f 457/1099/2362 446/992/2363 451/876/2364
f 446/992/2365 457/1099/2366 430/808/2367
f 430/808/2368 457/1099/2369 454/1098/2370
f 457/1099/2371 400/291/2372 428/1127/2370
f 407/470/2373 402/314/2374 408/536/2375
f 408/536/2376 402/314/2377 409/1143/2378
f 401/1157/2379 402/314/2380 429/1158/2381
f 414/1134/2382 400/291/2383 457/1099/2384
f 400/291/2385 419/494/2386 416/292/2387
f 401/1157/2388 415/282/2389 402/314/2390
f 402/314/2391 415/282/2392 409/1143/2393
f 417/1129/2394 415/282/2395 462/232/2396 414/1134/2397
f 400/291/2398 414/1134/2399 419/494/2400
f 420/320/2401 426/454/2402 423/321/2403
f 419/494/2404 414/1134/2405 420/320/2406
f 410/1147/2407 425/361/2408 403/360/2409
f 426/454/2410 410/1147/2411 406/1150/2412
f 420/320/2413 425/361/2414 426/454/2415
f 414/1134/2416 461/1131/2417 425/361/2418 420/320/2419
