# Blender v2.79 (sub 0) OBJ File: 'redo_fixed_360_joints.blend'
# www.blender.org
mtllib sungaya_inexpectata_31mg.mtl
o 03-caput_Sungaya_inexpectata_31mg.051
v 0.000430 -0.000079 -0.000916
v 0.000550 0.000107 -0.001069
v 0.000570 0.000206 -0.001106
v 0.000556 0.000094 -0.001218
v 0.000543 0.000153 -0.001177
v 0.000317 0.000037 -0.001294
v 0.000276 -0.000011 -0.001269
v 0.000117 -0.000201 -0.001112
v 0.000278 0.000728 0.000177
v 0.000807 -0.000111 0.000146
v 0.000777 -0.000181 0.000324
v 0.000421 -0.000650 0.000093
v 0.000584 -0.000778 0.000298
v 0.000264 -0.000324 -0.000713
v 0.000315 -0.000363 -0.000821
v 0.000261 -0.000253 -0.000746
v 0.000137 -0.000765 0.000041
v 0.000315 0.000309 -0.001076
v 0.000381 0.000813 -0.000304
v 0.000346 -0.000519 -0.000444
v 0.000437 0.000600 -0.000893
v 0.000342 0.000580 -0.000985
v 0.000854 0.000485 -0.000040
v 0.000346 -0.000394 -0.000813
v 0.000600 0.000487 -0.000773
v 0.000628 0.000388 -0.000792
v 0.000653 0.000421 -0.000986
v 0.000667 0.000407 -0.001073
v 0.000059 0.000035 0.001089
v 0.000811 -0.000040 -0.000626
v 0.000883 0.000092 -0.000756
v 0.000508 0.000760 -0.000110
v 0.000120 -0.000645 0.001195
v 0.000058 -0.000719 0.001141
v 0.000789 0.000072 -0.000159
v 0.000288 0.000777 -0.000394
v 0.000090 -0.000830 0.001073
v 0.000814 0.000216 -0.001071
v 0.000797 0.000342 -0.001065
v 0.000749 0.000303 -0.001117
v 0.000623 0.000713 -0.000145
v 0.000561 0.000761 -0.000134
v 0.000085 -0.000373 -0.000604
v 0.000111 0.000490 0.000534
v 0.000545 -0.000502 0.000851
v 0.000464 -0.000277 0.000895
v 0.000405 -0.000397 -0.000899
v 0.000573 -0.000358 -0.000595
v 0.000430 -0.000714 0.000103
v 0.000366 0.000707 -0.000596
v 0.000395 -0.000136 -0.001107
v 0.000034 0.000705 0.000255
v 0.000042 -0.000544 -0.000547
v 0.000539 0.000058 -0.001008
v 0.000636 0.000159 -0.001000
v 0.000337 -0.000442 -0.000301
v 0.000406 -0.000441 -0.000315
v 0.000696 0.000398 -0.001197
v 0.000707 0.000437 -0.001170
v 0.000678 0.000567 0.000185
v 0.000192 0.000073 0.001000
v 0.000862 0.000364 -0.000104
v 0.000221 0.000482 -0.001038
v 0.000318 0.000525 -0.001017
v 0.000376 0.000639 0.000264
v 0.000354 0.000615 0.000362
v 0.000731 0.000003 0.000424
v 0.000412 0.000673 -0.000838
v 0.000375 -0.000447 -0.000159
v 0.000697 0.000482 -0.001049
v 0.000348 0.000051 0.000871
v 0.000783 -0.000002 0.000331
v 0.000861 0.000261 -0.001028
v 0.000585 0.000393 -0.000941
v 0.000772 -0.000018 -0.000305
v 0.000757 0.000034 -0.000416
v 0.000399 -0.000509 0.000937
v 0.000355 0.000727 0.000145
v 0.000376 0.000767 -0.000477
v 0.000170 -0.000558 0.001243
v 0.000254 0.000700 0.000267
v 0.000108 0.000797 -0.000431
v 0.000750 -0.000082 -0.000460
v 0.000437 0.000290 -0.001100
v 0.000460 0.000005 -0.001077
v 0.000689 0.000640 -0.000153
v 0.000729 -0.000224 0.000459
v 0.000138 0.000125 -0.001036
v 0.000156 0.000111 -0.001115
v 0.000228 0.000072 -0.001052
v 0.000212 -0.000670 0.001076
v 0.000614 0.000658 -0.000434
v 0.000234 0.000825 -0.000270
v 0.000077 0.000136 0.000978
v 0.000481 0.000595 0.000199
v 0.000701 0.000323 -0.000947
v 0.000654 0.000334 -0.000872
v 0.000488 0.000699 -0.000629
v 0.000356 0.000377 -0.001055
v 0.000435 0.000401 -0.001023
v 0.000486 -0.000765 0.000951
v 0.000731 0.000097 -0.000536
v 0.000305 0.000149 0.000804
v 0.000766 -0.000401 0.000255
v 0.000229 -0.000556 0.001128
v 0.000321 -0.000605 0.001003
v 0.000804 -0.000026 -0.000001
v 0.000668 0.000234 -0.000606
v 0.000650 0.000335 -0.000569
v 0.000794 -0.000261 0.000218
v 0.000507 0.000401 0.000449
v 0.000646 0.000299 0.000412
v 0.000668 0.000434 -0.000486
v 0.000156 0.000846 -0.000287
v 0.000187 -0.000438 0.001229
v 0.000529 0.000347 -0.000999
v 0.000497 0.000719 -0.000512
v 0.000407 0.000724 -0.000539
v 0.000722 -0.000513 0.000389
v 0.000728 -0.000429 0.000444
v 0.000501 -0.000380 0.000857
v 0.000509 -0.000618 0.000886
v 0.000177 0.000775 -0.000494
v 0.000183 0.000856 -0.000140
v 0.000462 0.000039 0.000803
v 0.000504 0.000076 0.000762
v 0.000476 -0.000393 -0.001195
v 0.000405 -0.000405 -0.001122
v 0.000186 0.000057 -0.001182
v 0.000191 -0.000042 -0.001212
v 0.000213 0.000112 -0.001192
v 0.000752 0.000241 -0.000475
v 0.000632 -0.000179 0.000651
v 0.000721 0.000366 -0.000297
v 0.000740 0.000399 -0.000228
v 0.000031 0.000815 -0.000764
v 0.000161 0.000764 -0.000846
v 0.000415 -0.000455 -0.001128
v 0.000207 -0.000199 -0.000768
v 0.000960 0.000374 0.000167
v 0.000628 0.000231 -0.001053
v 0.000678 0.000266 -0.001045
v 0.000216 -0.000366 -0.000189
v 0.000059 0.000348 0.000700
v 0.000652 -0.000361 0.000639
v 0.000226 0.000806 0.000039
v 0.000172 0.000742 0.000118
v 0.000584 -0.000097 0.000714
v 0.000686 -0.000524 0.000117
v 0.000258 0.000590 0.000437
v 0.000416 -0.000386 -0.000812
v 0.000881 0.000037 -0.000801
v 0.000078 -0.000351 -0.000200
v 0.000221 0.000781 -0.000835
v 0.000386 0.000391 0.000507
v 0.000312 -0.000714 0.001012
v 0.000092 0.000026 -0.001188
v 0.000842 -0.000052 -0.000752
v 0.000718 -0.000526 0.000233
v 0.000638 0.000511 -0.000428
v 0.000583 0.000466 0.000303
v 0.000484 0.000532 0.000308
v 0.000320 0.000848 -0.000242
v 0.000245 0.000107 -0.001103
v 0.000778 0.000290 -0.000207
v 0.000345 0.000699 -0.000737
v 0.000572 0.000526 -0.000658
v 0.000729 0.000105 0.000405
v 0.000820 0.000469 -0.000138
v 0.000656 0.000435 -0.000972
v 0.000434 0.000246 -0.001142
v 0.000390 0.000144 -0.001225
v 0.000127 0.000793 -0.000639
v 0.000154 0.000137 0.000960
v 0.000769 -0.000156 -0.000167
v 0.000323 -0.000165 -0.000833
v 0.000731 0.000331 -0.000500
v 0.000774 0.000016 -0.000617
v 0.000045 0.000757 -0.000835
v 0.000068 0.000697 -0.000880
v 0.000664 -0.000289 -0.000380
v 0.000666 0.000333 -0.001013
v 0.000674 0.000231 -0.000811
v 0.000677 0.000191 -0.000678
v 0.000649 0.000296 -0.000698
v 0.000715 0.000137 -0.000819
v 0.000752 0.000118 -0.000798
v 0.000698 0.000388 0.000358
v 0.000111 0.000771 -0.000515
v 0.000793 0.000056 -0.000867
v 0.000745 0.000086 -0.000851
v 0.000535 -0.000376 -0.000467
v 0.000662 -0.000362 -0.000556
v 0.000425 0.000254 0.000610
v 0.000636 -0.000691 0.000526
v 0.000720 0.000188 -0.001020
v 0.000200 0.000097 -0.000962
v 0.000093 0.000308 0.000766
v 0.000644 -0.000692 0.000409
v 0.000268 0.000202 -0.001147
v 0.000031 0.000158 -0.001165
v 0.000199 -0.000203 0.001175
v 0.000431 0.000707 0.000101
v 0.000257 0.000611 -0.000976
v 0.000715 0.000166 -0.000574
v 0.000531 0.000639 -0.000540
v 0.000600 -0.000621 0.000684
v 0.000239 -0.000528 -0.000506
v 0.000351 -0.000189 -0.001185
v 0.000759 0.000288 -0.000293
v 0.000359 0.000506 0.000460
v 0.000950 0.000333 0.000108
v 0.000794 0.000093 -0.000683
v 0.000539 0.000192 0.000584
v 0.000300 -0.000426 -0.000567
v 0.000200 0.000766 -0.000597
v 0.000044 -0.000407 0.001294
v 0.000072 -0.000317 0.001292
v 0.000140 -0.000392 0.001245
v 0.000106 0.000833 -0.000750
v 0.000212 0.000760 -0.000705
v 0.000237 -0.000322 -0.000659
v 0.000962 0.000277 0.000222
v 0.000191 -0.000448 -0.000100
v 0.000449 0.000144 0.000721
v 0.000700 -0.000264 -0.000223
v 0.000675 -0.000267 -0.000313
v 0.000708 0.000295 -0.001097
v 0.000369 -0.000260 -0.000756
v 0.000351 -0.000370 -0.000989
v 0.000720 -0.000173 -0.000359
v 0.000705 0.000555 -0.001124
v 0.000638 0.000576 -0.001277
v 0.000118 -0.000597 0.001298
v 0.000546 0.000624 0.000078
v 0.000788 -0.000150 -0.000615
v 0.000713 0.000601 0.000089
v 0.000829 0.000208 -0.000865
v 0.000433 -0.000181 -0.000695
v 0.000772 0.000207 -0.000295
v 0.000782 0.000141 -0.000361
v 0.000674 -0.000061 -0.000754
v 0.000517 -0.000308 -0.001406
v 0.000447 -0.000338 -0.001298
v 0.000596 -0.000275 -0.000659
v 0.000575 0.000256 0.000515
v 0.000671 0.000617 -0.001203
v 0.000234 0.000367 0.000584
v 0.000635 -0.000536 0.000068
v 0.000883 0.000182 -0.000003
v 0.000848 0.000138 -0.000779
v 0.000516 -0.000461 -0.000084
v 0.000352 -0.000367 -0.000654
v 0.000110 -0.000261 -0.000690
v 0.000454 -0.000064 -0.001183
v 0.000633 0.000699 -0.001314
v 0.000201 -0.000050 0.001148
v 0.000009 -0.000190 -0.000985
v 0.000180 0.000134 -0.001139
v 0.000069 -0.000245 0.001318
v 0.000131 0.000383 0.000616
v 0.000127 -0.000181 0.001238
v 0.000908 0.000387 0.000274
v 0.000498 -0.000109 0.000829
v 0.000873 0.000190 -0.000906
v 0.000110 0.000252 -0.001020
v 0.000162 0.000302 -0.001065
v 0.000614 0.000436 0.000338
v 0.000431 -0.000398 -0.000600
v 0.000601 0.000418 -0.000655
v 0.000265 -0.000216 -0.001127
v 0.000842 -0.000016 -0.000813
v 0.000366 0.000077 -0.000926
v 0.000306 0.000055 -0.000988
v 0.000822 0.000191 0.000345
v 0.000476 -0.000427 -0.000543
v 0.000473 0.000788 -0.000393
v 0.000485 0.000801 -0.000340
v 0.000618 0.000615 -0.001358
v 0.000803 0.000330 -0.000997
v 0.000162 -0.000374 -0.000324
v 0.000259 -0.000517 -0.000414
v 0.000585 -0.000101 -0.000748
v 0.000026 0.000260 -0.001104
v 0.000034 0.000864 -0.000198
v 0.000066 0.000863 -0.000370
v 0.000411 -0.000039 -0.001263
v 0.000346 0.000563 0.000430
v 0.000747 0.000485 -0.001094
v 0.000216 0.000272 0.000725
v 0.000788 0.000574 0.000050
v 0.000540 0.000091 0.000685
v 0.000745 -0.000285 -0.000468
v 0.000642 0.000652 -0.000025
v 0.000344 -0.000153 0.001037
v 0.000380 -0.000795 0.000054
v 0.000780 -0.000227 -0.000030
v 0.000723 0.000543 0.000222
v 0.000363 -0.000211 -0.000706
v 0.000348 -0.000144 -0.000753
v 0.000365 -0.000157 -0.001020
v 0.000376 -0.000714 0.000067
v 0.000590 0.000020 -0.000835
v 0.000531 -0.000047 -0.000787
v 0.000027 0.000857 -0.000019
v 0.000429 -0.000443 -0.000187
v 0.000306 0.000811 0.000003
v 0.000587 -0.000655 0.000215
v 0.000055 0.000541 0.000492
v 0.000294 0.000155 -0.001241
v 0.000479 0.000687 0.000049
v 0.000206 -0.000351 -0.000266
v 0.000035 -0.000500 0.001311
v 0.000335 -0.000415 0.001057
v 0.000676 -0.000236 -0.000692
v 0.000779 -0.000140 -0.000705
v 0.000642 0.000532 -0.001161
v 0.000644 0.000474 -0.001202
v 0.000629 0.000551 -0.001299
v 0.000382 0.000277 -0.001090
v 0.000410 -0.000340 -0.000866
v 0.000905 0.000168 0.000120
v 0.000112 0.000871 -0.000110
v 0.000118 0.000825 0.000011
v 0.000034 0.000490 -0.001025
v 0.000040 0.000570 -0.000974
v 0.000005 0.000358 0.000681
v 0.000008 0.000807 -0.000420
v 0.000777 -0.000234 -0.000582
v 0.000722 -0.000261 -0.000658
v 0.000702 0.000482 0.000299
v 0.000300 -0.000364 0.001119
v 0.000692 0.000584 -0.000235
v 0.000619 0.000739 -0.000403
v 0.000342 -0.000032 0.000954
v 0.000930 0.000401 0.000228
v 0.000720 0.000136 -0.000653
v 0.000608 0.000550 -0.000473
v 0.000273 0.000736 -0.000643
v 0.000330 0.000694 -0.000650
v 0.000421 -0.000175 0.000954
v 0.000023 0.000783 -0.000501
v 0.000616 -0.000336 -0.000209
v 0.000278 -0.000229 -0.000977
v 0.000213 0.000730 0.000174
v 0.000569 0.000577 -0.000823
v 0.000568 0.000799 -0.000307
v 0.000568 -0.000697 0.000803
v 0.000541 0.000622 -0.000626
v 0.000189 0.000013 0.001080
v 0.000321 -0.000103 -0.001256
v 0.000245 -0.000167 -0.001217
v 0.000070 -0.000073 -0.001190
v 0.000678 0.000661 -0.000235
v 0.000096 -0.000633 0.000022
v 0.000234 -0.000205 -0.000844
v 0.000738 0.000150 -0.000887
v 0.000825 0.000170 -0.000107
v 0.000297 -0.000623 0.000044
v 0.000842 0.000090 -0.000927
v 0.000630 -0.000736 0.000650
v 0.000359 0.000662 -0.000915
v 0.000700 0.000501 -0.000252
v 0.000021 -0.000663 0.001203
v 0.000278 0.000856 -0.000060
v 0.000796 0.000365 0.000327
v 0.000089 0.000116 -0.001137
v 0.000555 0.000703 -0.000048
v 0.000419 -0.000520 -0.000040
v 0.000189 0.000157 0.000873
v 0.000098 0.000226 0.000844
v 0.000741 -0.000326 -0.000088
v 0.000642 0.000116 0.000527
v 0.000545 -0.000837 0.000948
v 0.000757 0.000292 -0.000959
v 0.000718 0.000054 -0.000849
v 0.000717 0.000106 -0.000868
v 0.000672 0.000132 -0.000909
v 0.000015 -0.000331 -0.000256
v 0.000511 -0.000836 0.000075
v 0.000588 0.000694 -0.001360
v 0.000639 0.000646 -0.001228
v 0.000673 0.000422 -0.000363
v 0.000624 -0.000742 0.000377
v 0.000291 -0.000037 0.001044
v 0.000870 0.000468 0.000033
v 0.000638 -0.000001 0.000600
v 0.000028 0.000125 -0.001119
v 0.000613 0.000440 -0.000903
v 0.000836 0.000169 -0.001028
v 0.000050 0.000191 -0.001056
v 0.000665 0.000096 -0.000908
v 0.000423 -0.000280 -0.000678
v 0.000773 -0.000137 -0.000540
v 0.000785 -0.000216 -0.000504
v 0.000451 -0.000433 -0.001011
v 0.000352 -0.000407 -0.000988
v 0.000814 -0.000001 0.000243
v 0.000500 0.000221 -0.001155
v 0.000706 0.000215 -0.000928
v 0.000297 -0.000067 0.001148
v 0.000075 0.000615 0.000413
v 0.000845 0.000129 0.000299
v 0.000056 -0.000773 0.001099
v 0.000862 0.000056 0.000152
v 0.000114 -0.000184 -0.000985
v 0.000897 0.000290 0.000317
v 0.000308 -0.000531 -0.000019
v 0.000511 -0.000012 -0.001228
v 0.000453 -0.000307 -0.000660
v 0.000323 -0.000325 -0.000861
v 0.000321 0.000151 -0.000948
v 0.000144 -0.000077 0.001156
v 0.000355 0.000264 -0.001075
v 0.000233 0.000468 0.000525
v 0.000079 -0.000156 -0.001173
v 0.000021 -0.000161 -0.000847
v 0.000547 -0.000701 0.000241
v 0.000428 0.000747 -0.000037
v 0.000493 -0.000202 -0.001451
v 0.000131 -0.000567 -0.000483
v 0.000249 -0.000278 0.001150
v 0.000656 0.000551 -0.001110
v 0.000306 -0.000201 -0.000741
v 0.000045 0.000232 -0.001053
v 0.000041 0.000304 -0.001073
v 0.000062 0.000384 -0.001090
v 0.000858 0.000255 -0.000934
v 0.000337 0.000127 -0.001061
v 0.000421 -0.000350 -0.000666
v 0.000685 0.000158 -0.000903
v 0.000537 0.000660 -0.000718
v 0.000471 0.000680 -0.000732
v 0.000167 0.000680 0.000315
v 0.000312 0.000060 -0.000893
v 0.000462 -0.000280 -0.001382
v 0.000462 -0.000300 -0.001435
v 0.000471 -0.000416 -0.001046
v 0.000046 0.000824 -0.000682
v 0.000380 -0.000125 -0.000740
v 0.000614 0.000742 -0.001352
v 0.000461 -0.000172 -0.001490
v 0.000475 -0.000387 -0.001289
v 0.000510 -0.000378 -0.001338
v 0.000136 -0.000562 0.001351
v 0.000467 -0.000446 -0.001111
v 0.000416 -0.000419 -0.001213
v 0.000508 -0.000245 -0.001481
v 0.000242 -0.000119 0.001171
v -0.000005 0.000789 -0.000532
v -0.000001 0.000111 0.001046
v -0.000003 0.000359 0.000680
v -0.000005 0.000859 -0.000270
v -0.000005 0.000858 -0.000275
v -0.000002 0.000300 0.000775
v 0.000002 -0.000143 -0.001187
v 0.000003 -0.000483 -0.000585
v -0.000000 -0.000133 0.001245
v -0.000005 0.000835 -0.000354
v -0.000005 0.000796 -0.000592
v 0.000003 -0.000650 0.001210
v 0.000002 -0.000163 -0.000841
v -0.000001 0.000310 -0.001084
v -0.000001 0.000331 -0.001090
v -0.000003 0.000456 0.000576
v -0.000001 0.000289 -0.001097
v -0.000001 0.000103 0.001054
v -0.000004 0.000723 -0.000879
v 0.000001 -0.000000 -0.001214
v 0.000002 -0.000161 -0.000859
v 0.000003 -0.000575 0.001279
v -0.000000 -0.000152 0.001261
v 0.000004 -0.000704 0.000025
v 0.000002 -0.000338 -0.000249
v -0.000003 0.000312 0.000757
v -0.000005 0.000870 -0.000049
v -0.000004 0.000542 0.000504
v -0.000003 0.000343 0.000705
v -0.000004 0.000555 0.000490
v -0.000000 0.000215 -0.001185
v 0.000003 -0.000572 0.001280
v -0.000003 0.000432 0.000595
v -0.000005 0.000876 -0.000160
v 0.000002 -0.000439 0.001307
v 0.000002 -0.000335 -0.000255
v -0.000005 0.000745 0.000162
v -0.000002 0.000517 -0.001019
v 0.000002 -0.000350 -0.000287
v 0.000001 -0.000281 0.001309
v 0.000000 -0.000233 0.001311
v -0.000005 0.000750 0.000154
v -0.000005 0.000821 -0.000716
v 0.000003 -0.000381 -0.000336
v -0.000002 0.000384 -0.001069
v -0.000005 0.000835 0.000016
v -0.000002 0.000286 0.000789
v -0.000004 0.000756 -0.000851
v -0.000004 0.000668 0.000349
v 0.000003 -0.000466 -0.000106
v -0.000005 0.000816 -0.000757
v -0.000003 0.000357 0.000684
v -0.000005 0.000864 -0.000024
v 0.000002 -0.000304 -0.000686
v 0.000002 -0.000269 -0.000715
v 0.000002 -0.000193 -0.001114
v 0.000002 -0.000190 -0.001000
v -0.000005 0.000870 -0.000206
v 0.000003 -0.000396 -0.000621
v 0.000004 -0.000730 0.001131
v 0.000002 -0.000189 -0.000988
v -0.000428 -0.000085 -0.000916
v -0.000549 0.000100 -0.001070
v -0.000571 0.000199 -0.001107
v -0.000555 0.000087 -0.001219
v -0.000543 0.000146 -0.001178
v -0.000316 0.000033 -0.001294
v -0.000274 -0.000015 -0.001270
v -0.000113 -0.000203 -0.001112
v -0.000287 0.000725 0.000176
v -0.000806 -0.000121 0.000145
v -0.000776 -0.000191 0.000323
v -0.000413 -0.000655 0.000093
v -0.000575 -0.000785 0.000297
v -0.000258 -0.000328 -0.000713
v -0.000310 -0.000367 -0.000821
v -0.000257 -0.000256 -0.000746
v -0.000127 -0.000766 0.000041
v -0.000318 0.000305 -0.001077
v -0.000390 0.000809 -0.000305
v -0.000339 -0.000523 -0.000445
v -0.000443 0.000594 -0.000894
v -0.000347 0.000576 -0.000986
v -0.000860 0.000474 -0.000041
v -0.000340 -0.000398 -0.000814
v -0.000605 0.000479 -0.000773
v -0.000632 0.000380 -0.000793
v -0.000657 0.000413 -0.000987
v -0.000670 0.000398 -0.001074
v -0.000061 0.000034 0.001089
v -0.000809 -0.000050 -0.000628
v -0.000883 0.000080 -0.000758
v -0.000517 0.000754 -0.000111
v -0.000114 -0.000646 0.001195
v -0.000050 -0.000719 0.001141
v -0.000789 0.000062 -0.000160
v -0.000297 0.000774 -0.000394
v -0.000081 -0.000831 0.001072
v -0.000815 0.000206 -0.001073
v -0.000800 0.000332 -0.001066
v -0.000751 0.000293 -0.001118
v -0.000632 0.000705 -0.000146
v -0.000570 0.000754 -0.000135
v -0.000080 -0.000374 -0.000605
v -0.000118 0.000488 0.000533
v -0.000540 -0.000509 0.000850
v -0.000462 -0.000282 0.000894
v -0.000399 -0.000402 -0.000900
v -0.000568 -0.000365 -0.000596
v -0.000421 -0.000719 0.000103
v -0.000374 0.000703 -0.000597
v -0.000392 -0.000141 -0.001107
v -0.000044 0.000704 0.000255
v -0.000034 -0.000545 -0.000547
v -0.000538 0.000051 -0.001009
v -0.000636 0.000151 -0.001000
v -0.000331 -0.000446 -0.000301
v -0.000400 -0.000446 -0.000316
v -0.000699 0.000389 -0.001198
v -0.000710 0.000428 -0.001172
v -0.000685 0.000559 0.000184
v -0.000195 0.000070 0.001000
v -0.000866 0.000353 -0.000105
v -0.000226 0.000479 -0.001038
v -0.000323 0.000521 -0.001018
v -0.000385 0.000634 0.000264
v -0.000362 0.000611 0.000362
v -0.000732 -0.000006 0.000423
v -0.000419 0.000668 -0.000839
v -0.000369 -0.000452 -0.000160
v -0.000701 0.000473 -0.001050
v -0.000350 0.000047 0.000871
v -0.000784 -0.000012 0.000330
v -0.000863 0.000251 -0.001029
v -0.000588 0.000386 -0.000942
v -0.000771 -0.000028 -0.000307
v -0.000756 0.000024 -0.000417
v -0.000394 -0.000514 0.000936
v -0.000364 0.000722 0.000144
v -0.000385 0.000763 -0.000477
v -0.000165 -0.000560 0.001243
v -0.000263 0.000697 0.000266
v -0.000118 0.000795 -0.000431
v -0.000748 -0.000091 -0.000461
v -0.000438 0.000284 -0.001101
v -0.000459 -0.000001 -0.001078
v -0.000697 0.000632 -0.000154
v -0.000727 -0.000233 0.000458
v -0.000138 0.000123 -0.001037
v -0.000156 0.000109 -0.001115
v -0.000227 0.000069 -0.001052
v -0.000205 -0.000673 0.001076
v -0.000622 0.000651 -0.000435
v -0.000244 0.000822 -0.000270
v -0.000080 0.000135 0.000978
v -0.000489 0.000589 0.000198
v -0.000703 0.000314 -0.000948
v -0.000657 0.000326 -0.000873
v -0.000496 0.000693 -0.000630
v -0.000359 0.000373 -0.001056
v -0.000439 0.000395 -0.001024
v -0.000478 -0.000771 0.000951
v -0.000732 0.000088 -0.000537
v -0.000308 0.000145 0.000804
v -0.000762 -0.000410 0.000254
v -0.000224 -0.000559 0.001128
v -0.000315 -0.000609 0.001002
v -0.000804 -0.000036 -0.000003
v -0.000670 0.000226 -0.000607
v -0.000653 0.000327 -0.000570
v -0.000791 -0.000271 0.000217
v -0.000513 0.000395 0.000448
v -0.000650 0.000290 0.000411
v -0.000673 0.000426 -0.000487
v -0.000166 0.000844 -0.000287
v -0.000183 -0.000441 0.001228
v -0.000531 0.000340 -0.001000
v -0.000505 0.000712 -0.000513
v -0.000415 0.000719 -0.000539
v -0.000716 -0.000522 0.000388
v -0.000723 -0.000438 0.000442
v -0.000498 -0.000387 0.000856
v -0.000503 -0.000624 0.000886
v -0.000186 0.000773 -0.000494
v -0.000193 0.000854 -0.000140
v -0.000464 0.000034 0.000803
v -0.000506 0.000070 0.000761
v -0.000469 -0.000399 -0.001195
v -0.000398 -0.000410 -0.001123
v -0.000185 0.000054 -0.001182
v -0.000189 -0.000044 -0.001213
v -0.000212 0.000109 -0.001192
v -0.000755 0.000231 -0.000477
v -0.000631 -0.000187 0.000650
v -0.000725 0.000357 -0.000298
v -0.000745 0.000390 -0.000230
v -0.000040 0.000814 -0.000764
v -0.000170 0.000762 -0.000846
v -0.000408 -0.000460 -0.001129
v -0.000203 -0.000202 -0.000768
v -0.000965 0.000362 0.000166
v -0.000629 0.000223 -0.001054
v -0.000680 0.000257 -0.001046
v -0.000211 -0.000369 -0.000190
v -0.000064 0.000348 0.000700
v -0.000648 -0.000369 0.000638
v -0.000236 0.000803 0.000038
v -0.000182 0.000740 0.000118
v -0.000584 -0.000105 0.000714
v -0.000679 -0.000533 0.000116
v -0.000266 0.000587 0.000437
v -0.000410 -0.000391 -0.000813
v -0.000881 0.000026 -0.000802
v -0.000073 -0.000352 -0.000200
v -0.000229 0.000778 -0.000836
v -0.000391 0.000386 0.000507
v -0.000305 -0.000718 0.001012
v -0.000091 0.000025 -0.001188
v -0.000840 -0.000062 -0.000753
v -0.000712 -0.000535 0.000232
v -0.000644 0.000503 -0.000429
v -0.000590 0.000459 0.000303
v -0.000491 0.000526 0.000308
v -0.000244 0.000104 -0.001103
v -0.000781 0.000280 -0.000208
v -0.000353 0.000695 -0.000738
v -0.000578 0.000519 -0.000659
v -0.000731 0.000095 0.000403
v -0.000825 0.000459 -0.000139
v -0.000660 0.000427 -0.000973
v -0.000435 0.000240 -0.001142
v -0.000390 0.000139 -0.001225
v -0.000136 0.000792 -0.000639
v -0.000157 0.000135 0.000960
v -0.000767 -0.000165 -0.000169
v -0.000319 -0.000169 -0.000833
v -0.000734 0.000322 -0.000501
v -0.000773 0.000006 -0.000618
v -0.000053 0.000756 -0.000835
v -0.000075 0.000696 -0.000880
v -0.000660 -0.000297 -0.000381
v -0.000668 0.000325 -0.001014
v -0.000675 0.000223 -0.000812
v -0.000678 0.000182 -0.000679
v -0.000652 0.000288 -0.000699
v -0.000715 0.000128 -0.000820
v -0.000752 0.000109 -0.000799
v -0.000704 0.000380 0.000357
v -0.000120 0.000770 -0.000515
v -0.000792 0.000046 -0.000868
v -0.000745 0.000076 -0.000852
v -0.000530 -0.000383 -0.000468
v -0.000657 -0.000371 -0.000557
v -0.000429 0.000248 0.000609
v -0.000628 -0.000699 0.000525
v -0.000721 0.000179 -0.001021
v -0.000200 0.000095 -0.000962
v -0.000098 0.000307 0.000766
v -0.000636 -0.000700 0.000408
v -0.000269 0.000199 -0.001148
v -0.000031 0.000158 -0.001165
v -0.000199 -0.000205 0.001174
v -0.000440 0.000702 0.000101
v -0.000263 0.000608 -0.000976
v -0.000716 0.000157 -0.000575
v -0.000538 0.000632 -0.000541
v -0.000593 -0.000628 0.000683
v -0.000231 -0.000531 -0.000506
v -0.000346 -0.000193 -0.001185
v -0.000762 0.000278 -0.000294
v -0.000366 0.000502 0.000459
v -0.000954 0.000321 0.000106
v -0.000794 0.000083 -0.000684
v -0.000543 0.000185 0.000583
v -0.000294 -0.000430 -0.000568
v -0.000208 0.000764 -0.000598
v -0.000041 -0.000408 0.001294
v -0.000070 -0.000318 0.001292
v -0.000137 -0.000394 0.001245
v -0.000115 0.000832 -0.000750
v -0.000220 0.000757 -0.000706
v -0.000232 -0.000325 -0.000660
v -0.000966 0.000265 0.000220
v -0.000185 -0.000451 -0.000100
v -0.000452 0.000138 0.000720
v -0.000697 -0.000272 -0.000225
v -0.000671 -0.000275 -0.000314
v -0.000710 0.000286 -0.001098
v -0.000365 -0.000264 -0.000756
v -0.000345 -0.000374 -0.000990
v -0.000717 -0.000182 -0.000360
v -0.000710 0.000546 -0.001125
v -0.000643 0.000568 -0.001278
v -0.000112 -0.000599 0.001298
v -0.000554 0.000617 0.000077
v -0.000785 -0.000160 -0.000616
v -0.000721 0.000592 0.000088
v -0.000830 0.000197 -0.000866
v -0.000430 -0.000186 -0.000696
v -0.000774 0.000197 -0.000296
v -0.000783 0.000131 -0.000362
v -0.000672 -0.000070 -0.000755
v -0.000511 -0.000315 -0.001407
v -0.000441 -0.000343 -0.001298
v -0.000591 -0.000283 -0.000660
v -0.000579 0.000249 0.000514
v -0.000676 0.000609 -0.001204
v -0.000239 0.000365 0.000583
v -0.000628 -0.000544 0.000067
v -0.000886 0.000171 -0.000004
v -0.000849 0.000127 -0.000781
v -0.000510 -0.000468 -0.000085
v -0.000346 -0.000372 -0.000655
v -0.000106 -0.000263 -0.000690
v -0.000451 -0.000070 -0.001184
v -0.000639 0.000691 -0.001315
v -0.000202 -0.000052 0.001148
v -0.000005 -0.000190 -0.000985
v -0.000180 0.000131 -0.001139
v -0.000068 -0.000245 0.001318
v -0.000137 0.000381 0.000616
v -0.000127 -0.000183 0.001237
v -0.000913 0.000376 0.000273
v -0.000498 -0.000115 0.000828
v -0.000874 0.000179 -0.000907
v -0.000112 0.000250 -0.001020
v -0.000164 0.000300 -0.001066
v -0.000620 0.000428 0.000337
v -0.000425 -0.000403 -0.000600
v -0.000605 0.000410 -0.000656
v -0.000261 -0.000220 -0.001128
v -0.000840 -0.000027 -0.000814
v -0.000366 0.000073 -0.000927
v -0.000305 0.000051 -0.000989
v -0.000825 0.000180 0.000344
v -0.000469 -0.000433 -0.000543
v -0.000482 0.000782 -0.000394
v -0.000494 0.000795 -0.000341
v -0.000624 0.000608 -0.001359
v -0.000805 0.000320 -0.000999
v -0.000157 -0.000376 -0.000324
v -0.000252 -0.000521 -0.000414
v -0.000582 -0.000108 -0.000749
v -0.000027 0.000260 -0.001104
v -0.000045 0.000864 -0.000198
v -0.000076 0.000862 -0.000370
v -0.000409 -0.000045 -0.001264
v -0.000354 0.000559 0.000430
v -0.000752 0.000476 -0.001095
v -0.000220 0.000269 0.000724
v -0.000795 0.000564 0.000049
v -0.000542 0.000084 0.000685
v -0.000740 -0.000294 -0.000469
v -0.000650 0.000644 -0.000026
v -0.000344 -0.000158 0.001037
v -0.000370 -0.000799 0.000054
v -0.000777 -0.000237 -0.000031
v -0.000731 0.000534 0.000220
v -0.000360 -0.000216 -0.000706
v -0.000345 -0.000148 -0.000753
v -0.000361 -0.000162 -0.001020
v -0.000367 -0.000718 0.000066
v -0.000589 0.000012 -0.000836
v -0.000529 -0.000053 -0.000788
v -0.000038 0.000856 -0.000019
v -0.000423 -0.000448 -0.000188
v -0.000316 0.000807 0.000002
v -0.000579 -0.000662 0.000214
v -0.000063 0.000540 0.000492
v -0.000294 0.000151 -0.001242
v -0.000488 0.000681 0.000049
v -0.000202 -0.000353 -0.000267
v -0.000031 -0.000500 0.001311
v -0.000331 -0.000420 0.001057
v -0.000671 -0.000245 -0.000693
v -0.000776 -0.000150 -0.000706
v -0.000647 0.000523 -0.001162
v -0.000648 0.000466 -0.001203
v -0.000634 0.000543 -0.001300
v -0.000384 0.000273 -0.001091
v -0.000405 -0.000345 -0.000866
v -0.000908 0.000156 0.000118
v -0.000123 0.000870 -0.000111
v -0.000129 0.000824 0.000011
v -0.000039 0.000489 -0.001025
v -0.000046 0.000570 -0.000974
v -0.000010 0.000358 0.000681
v -0.000017 0.000807 -0.000420
v -0.000773 -0.000244 -0.000583
v -0.000717 -0.000270 -0.000659
v -0.000708 0.000473 0.000298
v -0.000297 -0.000367 0.001119
v -0.000699 0.000576 -0.000236
v -0.000628 0.000732 -0.000404
v -0.000343 -0.000037 0.000954
v -0.000935 0.000389 0.000227
v -0.000720 0.000127 -0.000654
v -0.000614 0.000543 -0.000474
v -0.000282 0.000732 -0.000644
v -0.000338 0.000690 -0.000651
v -0.000420 -0.000180 0.000954
v -0.000032 0.000783 -0.000501
v -0.000611 -0.000343 -0.000210
v -0.000274 -0.000232 -0.000977
v -0.000223 0.000728 0.000174
v -0.000575 0.000569 -0.000823
v -0.000578 0.000792 -0.000308
v -0.000561 -0.000704 0.000802
v -0.000548 0.000615 -0.000627
v -0.000191 0.000010 0.001080
v -0.000318 -0.000107 -0.001257
v -0.000241 -0.000170 -0.001217
v -0.000068 -0.000074 -0.001190
v -0.000686 0.000652 -0.000236
v -0.000088 -0.000634 0.000022
v -0.000230 -0.000208 -0.000844
v -0.000739 0.000140 -0.000888
v -0.000827 0.000159 -0.000108
v -0.000289 -0.000627 0.000044
v -0.000841 0.000079 -0.000929
v -0.000621 -0.000744 0.000649
v -0.000366 0.000657 -0.000916
v -0.000705 0.000492 -0.000253
v -0.000014 -0.000663 0.001203
v -0.000289 0.000853 -0.000060
v -0.000801 0.000355 0.000326
v -0.000089 0.000115 -0.001137
v -0.000564 0.000696 -0.000049
v -0.000413 -0.000525 -0.000040
v -0.000193 0.000155 0.000872
v -0.000102 0.000224 0.000844
v -0.000736 -0.000335 -0.000089
v -0.000644 0.000108 0.000526
v -0.000536 -0.000844 0.000947
v -0.000760 0.000282 -0.000961
v -0.000717 0.000045 -0.000850
v -0.000717 0.000097 -0.000869
v -0.000672 0.000123 -0.000910
v -0.000011 -0.000331 -0.000256
v -0.000501 -0.000843 0.000074
v -0.000595 0.000687 -0.001361
v -0.000645 0.000638 -0.001229
v -0.000677 0.000414 -0.000364
v -0.000615 -0.000750 0.000376
v -0.000293 -0.000041 0.001044
v -0.000876 0.000457 0.000032
v -0.000639 -0.000009 0.000599
v -0.000027 0.000125 -0.001119
v -0.000618 0.000432 -0.000904
v -0.000836 0.000158 -0.001029
v -0.000051 0.000191 -0.001056
v -0.000665 0.000088 -0.000909
v -0.000419 -0.000285 -0.000679
v -0.000770 -0.000147 -0.000541
v -0.000782 -0.000226 -0.000505
v -0.000444 -0.000438 -0.001011
v -0.000345 -0.000412 -0.000989
v -0.000814 -0.000011 0.000242
v -0.000501 0.000214 -0.001156
v -0.000707 0.000206 -0.000929
v -0.000298 -0.000071 0.001148
v -0.000083 0.000614 0.000413
v -0.000847 0.000119 0.000298
v -0.000048 -0.000774 0.001099
v -0.000863 0.000046 0.000151
v -0.000110 -0.000186 -0.000985
v -0.000901 0.000279 0.000316
v -0.000301 -0.000535 -0.000019
v -0.000509 -0.000018 -0.001229
v -0.000448 -0.000313 -0.000660
v -0.000318 -0.000329 -0.000861
v -0.000322 0.000147 -0.000948
v -0.000145 -0.000079 0.001156
v -0.000357 0.000260 -0.001075
v -0.000240 0.000465 0.000525
v -0.000075 -0.000157 -0.001174
v -0.000018 -0.000161 -0.000847
v -0.000539 -0.000708 0.000240
v -0.000437 0.000742 -0.000037
v -0.000488 -0.000208 -0.001452
v -0.000123 -0.000569 -0.000483
v -0.000248 -0.000281 0.001149
v -0.000661 0.000543 -0.001111
v -0.000303 -0.000205 -0.000742
v -0.000047 0.000231 -0.001053
v -0.000043 0.000303 -0.001073
v -0.000065 0.000383 -0.001090
v -0.000860 0.000245 -0.000936
v -0.000337 0.000122 -0.001061
v -0.000416 -0.000355 -0.000666
v -0.000685 0.000149 -0.000904
v -0.000544 0.000653 -0.000719
v -0.000478 0.000674 -0.000733
v -0.000176 0.000678 0.000314
v -0.000312 0.000056 -0.000894
v -0.000456 -0.000286 -0.001383
v -0.000456 -0.000306 -0.001435
v -0.000464 -0.000422 -0.001047
v -0.000055 0.000824 -0.000682
v -0.000377 -0.000129 -0.000741
v -0.000621 0.000734 -0.001353
v -0.000456 -0.000178 -0.001491
v -0.000468 -0.000393 -0.001289
v -0.000504 -0.000385 -0.001339
v -0.000131 -0.000564 0.001350
v -0.000460 -0.000452 -0.001111
v -0.000408 -0.000424 -0.001213
v -0.000503 -0.000251 -0.001482
v -0.000243 -0.000122 0.001170
v 0.000002 -0.000176 -0.001136
v 0.000002 -0.000489 0.001305
v 0.000004 -0.000824 0.001079
v -0.000001 -0.000040 0.001178
v -0.000005 0.000788 -0.000509
v 0.000002 -0.000092 -0.001205
v -0.000000 -0.000141 0.001251
v 0.000003 -0.000580 0.001274
v -0.000005 0.000743 0.000168
v 0.000002 -0.000159 -0.000854
v -0.000000 0.000214 -0.001189
v -0.000003 0.000632 -0.000941
v 0.000004 -0.000794 0.001092
v -0.000005 0.000787 -0.000481
v -0.000005 0.000709 0.000263
v -0.000004 0.000659 0.000362
v 0.000002 -0.000180 -0.000792
v 0.000001 -0.000051 -0.001212
v 0.000005 -0.000824 0.000012
v 0.000004 -0.000515 -0.000452
v 0.000002 -0.000162 -0.000867
v -0.000005 0.000744 0.000163
v 0.000004 -0.000542 -0.000507
v -0.000004 0.000764 -0.000835
v -0.000001 0.000247 -0.001137
v -0.000001 0.000234 -0.001172
v -0.000005 0.000858 -0.000302
v -0.000004 0.000576 0.000466
v -0.000003 0.000587 -0.000976
v 0.000002 -0.000335 -0.000258
v -0.000005 0.000886 -0.000107
v -0.000004 0.000614 0.000427
v 0.000004 -0.000529 -0.000551
v 0.000001 -0.000372 0.001296
v 0.000004 -0.000592 -0.000007
v 0.000002 -0.000372 -0.000193
v -0.000003 0.000373 0.000665
v -0.000002 0.000165 0.000966
v -0.000002 0.000263 0.000821
v -0.000005 0.000678 0.000326
v -0.000003 0.000554 -0.000996
v 0.000002 -0.000215 -0.000749
v 0.000001 0.000036 -0.001215
v -0.000001 0.000002 0.001141
v -0.000002 0.000494 -0.001026
v 0.000002 -0.000189 -0.000984
v 0.000003 -0.000661 0.001203
v 0.000004 -0.000538 -0.000541
v 0.000003 -0.000422 -0.000376
v 0.000004 -0.000705 0.001152
v 0.000002 -0.000193 -0.001111
v 0.000004 -0.000676 0.000021
v 0.000001 -0.000317 0.001296
v 0.000003 -0.000534 -0.000046
v 0.000004 -0.000765 0.001115
v -0.000004 0.000804 -0.000784
v -0.000005 0.000833 -0.000353
v -0.000002 0.000451 -0.001034
v 0.000231 -0.000852 0.001034
v 0.000653 -0.000849 0.000604
v 0.000522 -0.000850 0.000080
v 0.000665 -0.000849 0.000794
v 0.000482 -0.000851 0.000961
v 0.000670 -0.000849 0.000733
v 0.000658 -0.000850 0.000819
v 0.000269 -0.000851 0.000054
v 0.000093 -0.000853 0.001078
v 0.000631 -0.000849 0.000342
v 0.000615 -0.000849 0.000317
v 0.000121 -0.000852 0.000014
v 0.000118 -0.000853 0.001069
v 0.000567 -0.000849 0.000152
v 0.000656 -0.000849 0.000569
v 0.000414 -0.000850 0.000057
v 0.000650 -0.000849 0.000515
v 0.000363 -0.000852 0.000996
v 0.000509 -0.000850 0.000074
v 0.000602 -0.000850 0.000897
v 0.000567 -0.000850 0.000935
v 0.000547 -0.000850 0.000948
v 0.000540 -0.000850 0.000950
v 0.000322 -0.000851 0.000056
v 0.000577 -0.000849 0.000169
v 0.000335 -0.000852 0.001006
v -0.000221 -0.000855 0.001034
v -0.000643 -0.000858 0.000603
v -0.000511 -0.000856 0.000079
v -0.000655 -0.000858 0.000793
v -0.000472 -0.000857 0.000961
v -0.000660 -0.000858 0.000732
v -0.000649 -0.000858 0.000818
v -0.000259 -0.000855 0.000053
v -0.000084 -0.000855 0.001078
v -0.000620 -0.000857 0.000341
v -0.000605 -0.000857 0.000316
v -0.000111 -0.000854 0.000014
v -0.000109 -0.000855 0.001069
v -0.000557 -0.000856 0.000151
v -0.000647 -0.000858 0.000568
v -0.000403 -0.000855 0.000057
v -0.000640 -0.000857 0.000514
v -0.000353 -0.000856 0.000996
v -0.000498 -0.000856 0.000073
v -0.000593 -0.000858 0.000896
v -0.000557 -0.000857 0.000934
v -0.000538 -0.000857 0.000947
v -0.000531 -0.000857 0.000949
v -0.000311 -0.000855 0.000056
v -0.000566 -0.000857 0.000168
v -0.000325 -0.000856 0.001006
v 0.000005 -0.000853 0.000004
v 0.000005 -0.000854 0.001086
v 0.004092 0.007303 -0.001227
v 0.004085 0.007392 -0.001183
v 0.000538 0.000832 -0.000205
v 0.003684 0.007198 -0.001025
v 0.002145 0.005479 -0.000270
v 0.001992 0.005251 -0.000241
v 0.001946 0.005294 -0.000193
v 0.004528 0.007518 -0.001447
v 0.002086 0.005498 -0.000159
v 0.002032 0.005435 -0.000107
v 0.000644 0.002206 0.000029
v 0.000581 0.002148 0.000060
v 0.000546 0.001401 -0.000109
v 0.000604 0.001996 -0.000167
v 0.000338 0.000949 -0.000290
v 0.000331 0.001354 -0.000174
v 0.000438 0.001542 -0.000099
v 0.000545 0.001549 -0.000088
v 0.001634 0.004740 -0.000109
v 0.000515 0.001684 -0.000054
v 0.000608 0.001749 -0.000074
v 0.000597 0.001681 -0.000129
v 0.000679 0.003062 0.000094
v 0.000530 0.001351 -0.000311
v 0.004342 0.007461 -0.001317
v 0.000414 0.001634 -0.000112
v 0.005259 0.007796 -0.001672
v 0.005140 0.007699 -0.001653
v 0.000554 0.001037 -0.000301
v 0.000921 0.003368 0.000008
v 0.000873 0.003429 0.000052
v 0.003728 0.007148 -0.000918
v 0.003708 0.007241 -0.000935
v 0.002038 0.005286 -0.000092
v 0.001385 0.004385 -0.000011
v 0.001451 0.004416 0.000047
v 0.003615 0.007102 -0.000989
v 0.003831 0.007258 -0.001060
v 0.000743 0.003151 0.000060
v 0.000781 0.003262 0.000146
v 0.000803 0.003241 0.000052
v 0.002204 0.005643 -0.000260
v 0.004565 0.007535 -0.001346
v 0.002008 0.005125 -0.000142
v 0.001837 0.005126 -0.000167
v 0.004436 0.007441 -0.001408
v 0.000494 0.000906 -0.000088
v 0.000505 0.001028 -0.000119
v 0.000825 0.002937 0.000113
v 0.000808 0.003008 0.000055
v 0.000460 0.000835 -0.000074
v 0.000551 0.002448 -0.000052
v 0.001419 0.004420 -0.000057
v 0.001465 0.004377 -0.000111
v 0.004926 0.007699 -0.001549
v 0.000562 0.001199 -0.000259
v 0.000310 0.001298 -0.000354
v 0.000559 0.001314 -0.000229
v 0.000336 0.001368 -0.000339
v 0.000247 0.001334 -0.000257
v 0.000572 0.002310 -0.000138
v 0.000531 0.002253 -0.000143
v 0.000522 0.002226 0.000062
v 0.000519 0.002360 0.000056
v 0.000877 0.003116 0.000133
v 0.004890 0.007669 -0.001467
v 0.000599 0.001655 -0.000175
v 0.000573 0.001684 -0.000247
v 0.002026 0.005462 -0.000206
v 0.004788 0.007637 -0.001479
v 0.004846 0.007639 -0.001563
v 0.004003 0.007328 -0.001169
v 0.000441 0.000949 -0.000318
v 0.000536 0.000858 -0.000270
v 0.000205 0.001068 -0.000152
v 0.000435 0.001311 -0.000388
v 0.000610 0.001787 -0.000206
v 0.000514 0.001830 -0.000278
v 0.000315 0.001508 -0.000246
v 0.000359 0.001529 -0.000334
v 0.000537 0.001454 -0.000332
v 0.005238 0.007760 -0.001589
v 0.005318 0.007743 -0.001647
v 0.000564 0.002185 -0.000187
v 0.002906 0.006539 -0.000538
v 0.000333 0.001122 -0.000367
v 0.000339 0.001517 -0.000161
v 0.000569 0.001421 -0.000136
v 0.000674 0.002474 -0.000026
v 0.000685 0.002995 0.000256
v 0.000798 0.003003 0.000215
v 0.001508 0.004326 0.000025
v 0.001508 0.004392 0.000044
v 0.000450 0.001144 -0.000114
v 0.000264 0.000988 -0.000224
v 0.000631 0.002250 -0.000114
v 0.000631 0.002138 -0.000118
v 0.000671 0.002221 -0.000017
v 0.004704 0.007628 -0.001417
v 0.000713 0.002610 0.000002
v 0.000783 0.002775 0.000080
v 0.000490 0.001241 -0.000108
v 0.000423 0.001325 -0.000120
v 0.000596 0.002785 0.000060
v 0.000678 0.002846 -0.000017
v 0.000419 0.001439 -0.000361
v 0.000423 0.001613 -0.000344
v 0.002178 0.005501 -0.000132
v 0.000436 0.001891 -0.000233
v 0.000408 0.001789 -0.000113
v 0.004713 0.007528 -0.001497
v 0.001042 0.003463 0.000128
v 0.000942 0.003337 0.000158
v 0.000450 0.002025 -0.000115
v 0.000219 0.001075 -0.000112
v 0.005321 0.007744 -0.001677
v 0.001289 0.004226 0.000061
v 0.001252 0.004140 0.000003
v 0.000504 0.001533 -0.000359
v 0.000578 0.001459 -0.000252
v 0.003406 0.007011 -0.000793
v 0.003275 0.006904 -0.000775
v 0.003498 0.007067 -0.000894
v 0.000729 0.003137 0.000155
v 0.000510 0.001694 -0.000299
v 0.000639 0.002545 -0.000053
v 0.003725 0.007057 -0.000991
v 0.003554 0.006987 -0.000834
v 0.000309 0.001217 -0.000116
v 0.000554 0.000923 -0.000297
v 0.000558 0.000934 -0.000260
v 0.001105 0.003636 -0.000032
v 0.000995 0.003544 -0.000018
v 0.003032 0.006523 -0.000603
v 0.003021 0.006479 -0.000564
v 0.003112 0.006575 -0.000541
v 0.001866 0.004960 -0.000050
v 0.002167 0.005609 -0.000183
v 0.001929 0.005175 -0.000073
v 0.001884 0.005196 -0.000105
v 0.002202 0.005475 -0.000231
v 0.001104 0.003647 0.000118
v 0.000434 0.001790 -0.000247
v 0.002138 0.005349 -0.000145
v 0.001947 0.005305 -0.000103
v 0.000879 0.003372 0.000190
v 0.001763 0.004919 -0.000011
v 0.001307 0.004151 -0.000045
v 0.002801 0.006423 -0.000368
v 0.002872 0.006552 -0.000458
v 0.002796 0.006363 -0.000490
v 0.001534 0.004564 0.000001
v 0.001373 0.004233 0.000095
v 0.001393 0.004156 0.000092
v 0.002823 0.006343 -0.000338
v 0.002686 0.006165 -0.000291
v 0.002658 0.006244 -0.000318
v 0.001836 0.005094 -0.000063
v 0.001772 0.004899 -0.000222
v 0.001764 0.005020 -0.000167
v 0.000748 0.002980 0.000025
v 0.003091 0.006747 -0.000573
v 0.003154 0.006703 -0.000545
v 0.003032 0.006671 -0.000608
v 0.002300 0.005684 -0.000312
v 0.004447 0.007382 -0.001375
v 0.002633 0.006219 -0.000409
v 0.000253 0.000876 -0.000124
v 0.000250 0.000925 -0.000108
v 0.000308 0.001389 -0.000266
v 0.000419 0.000939 -0.000093
v 0.000513 0.000951 -0.000166
v 0.000402 0.001688 -0.000220
v 0.000447 0.001717 -0.000276
v 0.000499 0.001237 -0.000396
v 0.000388 0.001019 -0.000108
v 0.004790 0.007555 -0.001454
v 0.005104 0.007662 -0.001578
v 0.000895 0.003144 0.000074
v 0.000439 0.001153 -0.000398
v 0.000212 0.001196 -0.000253
v 0.000547 0.001252 -0.000329
v 0.004519 0.007559 -0.001375
v 0.000571 0.001953 -0.000215
v 0.004594 0.007502 -0.001350
v 0.000444 0.001043 -0.000373
v 0.001888 0.004888 -0.000187
v 0.001823 0.004825 -0.000054
v 0.003091 0.006592 -0.000490
v 0.003031 0.006565 -0.000443
v 0.002218 0.005591 -0.000146
v 0.004272 0.007354 -0.001234
v 0.004230 0.007412 -0.001201
v 0.003992 0.007366 -0.001116
v 0.001757 0.005021 -0.000092
v 0.002665 0.006166 -0.000451
v 0.002542 0.006093 -0.000382
v 0.002652 0.006056 -0.000395
v 0.000467 0.002155 -0.000041
v 0.000540 0.001203 -0.000123
v 0.000550 0.001293 -0.000153
v 0.005043 0.007763 -0.001600
v 0.000502 0.001323 -0.000362
v 0.004625 0.007578 -0.001445
v 0.000582 0.002738 0.000102
v 0.000815 0.002960 0.000179
v 0.000197 0.001214 -0.000164
v 0.000266 0.001199 -0.000336
v 0.000635 0.001975 -0.000074
v 0.000611 0.001948 -0.000024
v 0.000403 0.000859 -0.000283
v 0.005243 0.007814 -0.001601
v 0.000737 0.002757 -0.000013
v 0.000795 0.002812 0.000168
v 0.000558 0.002505 0.000106
v 0.003492 0.007012 -0.000789
v 0.001680 0.004875 -0.000137
v 0.002908 0.006365 -0.000385
v 0.001144 0.003617 0.000035
v 0.001046 0.003687 -0.000007
v 0.004192 0.007293 -0.001217
v 0.004519 0.007434 -0.001346
v 0.003989 0.007241 -0.001161
v 0.002029 0.005193 -0.000225
v 0.000485 0.002249 -0.000068
v 0.001049 0.003469 0.000028
v 0.001005 0.003563 0.000163
v 0.005140 0.007762 -0.001662
v 0.003159 0.006811 -0.000677
v 0.001196 0.003975 -0.000048
v 0.002976 0.006554 -0.000592
v 0.005092 0.007726 -0.001539
v 0.003315 0.006790 -0.000796
v 0.003338 0.006793 -0.000706
v 0.003343 0.006865 -0.000834
v 0.003137 0.006682 -0.000692
v 0.002692 0.006087 -0.000337
v 0.002590 0.006005 -0.000262
v 0.001499 0.004541 -0.000053
v 0.000800 0.003128 0.000213
v 0.002247 0.005529 -0.000193
v 0.002369 0.005695 -0.000296
v 0.001871 0.005073 -0.000237
v 0.001367 0.004119 -0.000072
v 0.003270 0.006849 -0.000630
v 0.001417 0.004092 0.000031
v 0.004919 0.007635 -0.001602
v 0.003053 0.006594 -0.000633
v 0.000481 0.002064 -0.000199
v 0.000400 0.001939 -0.000139
v 0.000748 0.002723 0.000161
v 0.000719 0.002595 0.000081
v 0.002421 0.005759 -0.000223
v 0.002328 0.005666 -0.000179
v 0.000624 0.002889 0.000039
v 0.000920 0.003246 0.000182
v 0.000606 0.002978 0.000140
v 0.000612 0.002897 0.000204
v 0.000521 0.001914 -0.000000
v 0.000467 0.001993 -0.000015
v 0.000525 0.001065 -0.000366
v 0.004961 0.007708 -0.001615
v 0.000678 0.002336 -0.000015
v 0.000553 0.002579 0.000002
v 0.004759 0.007618 -0.001410
v 0.000644 0.002442 0.000129
v 0.000690 0.002449 0.000035
v 0.000612 0.002728 -0.000034
v 0.000503 0.002007 -0.000230
v 0.005010 0.007620 -0.001584
v 0.004880 0.007570 -0.001566
v 0.000570 0.001832 -0.000010
v 0.003224 0.006679 -0.000661
v 0.003280 0.006769 -0.000643
v 0.002393 0.005835 -0.000337
v 0.002293 0.005812 -0.000251
v 0.004996 0.007650 -0.001507
v 0.002912 0.006392 -0.000535
v 0.000894 0.003217 0.000031
v 0.002330 0.005794 -0.000170
v 0.001260 0.004132 0.000117
v 0.002478 0.006014 -0.000243
v 0.002577 0.006186 -0.000327
v 0.001517 0.004347 -0.000100
v 0.001532 0.004328 -0.000025
v 0.003382 0.006961 -0.000724
v 0.003373 0.006865 -0.000702
v 0.000870 0.003480 0.000087
v 0.000961 0.003607 0.000141
v 0.000979 0.003643 0.000030
v 0.003998 0.007324 -0.001070
v 0.003828 0.007220 -0.000985
v 0.003718 0.007240 -0.000950
v 0.003777 0.007263 -0.001015
v 0.001723 0.004634 -0.000069
v 0.001737 0.004748 -0.000021
v 0.003572 0.007014 -0.000983
v 0.004312 0.007457 -0.001265
v 0.001633 0.004617 -0.000143
v 0.000676 0.002812 0.000231
v 0.000750 0.002891 0.000253
v 0.000608 0.002441 -0.000116
v 0.001668 0.004826 -0.000036
v 0.002958 0.006383 -0.000483
v 0.001097 0.003798 -0.000029
v 0.001193 0.003742 -0.000041
v 0.005323 0.007786 -0.001656
v 0.003725 0.007113 -0.001056
v 0.003959 0.007222 -0.001065
v 0.000442 0.001878 -0.000026
v 0.002871 0.006460 -0.000361
v 0.001380 0.004067 -0.000037
v 0.005121 0.007779 -0.001566
v 0.002976 0.006621 -0.000454
v 0.000606 0.002290 0.000088
v 0.000632 0.002640 0.000154
v 0.000976 0.003300 0.000100
v 0.000621 0.002577 -0.000066
v 0.001095 0.003896 0.000027
v 0.001307 0.004037 0.000117
v 0.001193 0.003743 0.000072
v 0.001126 0.003744 0.000118
v 0.004732 0.007503 -0.001441
v 0.000674 0.002374 0.000081
v 0.001674 0.004565 -0.000124
v 0.000831 0.003240 0.000225
v 0.001067 0.003813 0.000100
v 0.000574 -0.000849 0.000164
v -0.004182 0.007251 -0.001234
v -0.004176 0.007340 -0.001189
v -0.000549 0.000825 -0.000205
v -0.003772 0.007151 -0.001031
v -0.002214 0.005451 -0.000273
v -0.002057 0.005226 -0.000244
v -0.002012 0.005269 -0.000196
v -0.004621 0.007460 -0.001454
v -0.002155 0.005471 -0.000162
v -0.002100 0.005409 -0.000110
v -0.000672 0.002198 0.000028
v -0.000608 0.002140 0.000059
v -0.000563 0.001394 -0.000109
v -0.000629 0.001988 -0.000168
v -0.000350 0.000945 -0.000291
v -0.000348 0.001350 -0.000175
v -0.000458 0.001536 -0.000099
v -0.000564 0.001542 -0.000089
v -0.001693 0.004719 -0.000112
v -0.000536 0.001677 -0.000055
v -0.000630 0.001741 -0.000075
v -0.000618 0.001674 -0.000130
v -0.000717 0.003054 0.000093
v -0.000547 0.001344 -0.000312
v -0.004434 0.007405 -0.001324
v -0.000435 0.001628 -0.000113
v -0.005354 0.007729 -0.001680
v -0.005234 0.007634 -0.001661
v -0.000567 0.001030 -0.000302
v -0.000963 0.003357 0.000007
v -0.000916 0.003417 0.000051
v -0.003817 0.007101 -0.000923
v -0.003797 0.007193 -0.000941
v -0.002104 0.005260 -0.000095
v -0.001440 0.004367 -0.000014
v -0.001506 0.004397 0.000045
v -0.003703 0.007056 -0.000995
v -0.003921 0.007209 -0.001066
v -0.000783 0.003141 0.000059
v -0.000822 0.003252 0.000145
v -0.000844 0.003231 0.000051
v -0.002274 0.005615 -0.000264
v -0.004657 0.007477 -0.001353
v -0.002072 0.005100 -0.000146
v -0.001902 0.005102 -0.000170
v -0.004527 0.007384 -0.001415
v -0.000505 0.000900 -0.000089
v -0.000518 0.001021 -0.000120
v -0.000862 0.002927 0.000112
v -0.000846 0.002998 0.000054
v -0.000471 0.000829 -0.000074
v -0.000582 0.002440 -0.000053
v -0.001475 0.004402 -0.000060
v -0.001520 0.004359 -0.000113
v -0.005020 0.007636 -0.001556
v -0.000577 0.001192 -0.000260
v -0.000325 0.001294 -0.000355
v -0.000575 0.001307 -0.000230
v -0.000353 0.001364 -0.000340
v -0.000263 0.001331 -0.000257
v -0.000601 0.002302 -0.000139
v -0.000560 0.002246 -0.000144
v -0.000550 0.002219 0.000061
v -0.000549 0.002353 0.000055
v -0.000916 0.003105 0.000132
v -0.004983 0.007607 -0.001475
v -0.000620 0.001647 -0.000176
v -0.000594 0.001676 -0.000248
v -0.002094 0.005436 -0.000209
v -0.004882 0.007576 -0.001486
v -0.004940 0.007578 -0.001570
v -0.004093 0.007277 -0.001175
v -0.000453 0.000943 -0.000319
v -0.000546 0.000851 -0.000270
v -0.000218 0.001065 -0.000152
v -0.000451 0.001305 -0.000389
v -0.000632 0.001779 -0.000207
v -0.000537 0.001823 -0.000279
v -0.000334 0.001504 -0.000247
v -0.000378 0.001524 -0.000334
v -0.000555 0.001447 -0.000333
v -0.005333 0.007694 -0.001597
v -0.005413 0.007675 -0.001655
v -0.000591 0.002177 -0.000188
v -0.002987 0.006502 -0.000543
v -0.000347 0.001118 -0.000368
v -0.000358 0.001513 -0.000162
v -0.000586 0.001413 -0.000136
v -0.000705 0.002466 -0.000027
v -0.000723 0.002987 0.000255
v -0.000836 0.002992 0.000213
v -0.001563 0.004306 0.000023
v -0.001563 0.004372 0.000042
v -0.000464 0.001138 -0.000115
v -0.000276 0.000984 -0.000225
v -0.000659 0.002242 -0.000115
v -0.000658 0.002130 -0.000119
v -0.000699 0.002213 -0.000018
v -0.004797 0.007568 -0.001424
v -0.000745 0.002601 0.000001
v -0.000818 0.002765 0.000079
v -0.000506 0.001235 -0.000109
v -0.000440 0.001320 -0.000121
v -0.000631 0.002777 0.000059
v -0.000713 0.002837 -0.000019
v -0.000437 0.001434 -0.000362
v -0.000443 0.001607 -0.000345
v -0.002247 0.005473 -0.000136
v -0.000459 0.001885 -0.000233
v -0.000430 0.001784 -0.000113
v -0.004805 0.007468 -0.001504
v -0.001085 0.003449 0.000126
v -0.000985 0.003325 0.000156
v -0.000475 0.002019 -0.000115
v -0.000232 0.001072 -0.000112
v -0.005415 0.007677 -0.001685
v -0.001342 0.004209 0.000059
v -0.001304 0.004124 0.000001
v -0.000523 0.001526 -0.000360
v -0.000596 0.001452 -0.000252
v -0.003493 0.006968 -0.000799
v -0.003361 0.006863 -0.000780
v -0.003585 0.007023 -0.000899
v -0.000769 0.003128 0.000154
v -0.000531 0.001687 -0.000299
v -0.000671 0.002537 -0.000054
v -0.003812 0.007009 -0.000997
v -0.003640 0.006942 -0.000840
v -0.000324 0.001213 -0.000117
v -0.000565 0.000916 -0.000298
v -0.000569 0.000927 -0.000261
v -0.001150 0.003621 -0.000034
v -0.001039 0.003531 -0.000020
v -0.003113 0.006484 -0.000608
v -0.003102 0.006441 -0.000569
v -0.003194 0.006535 -0.000546
v -0.001928 0.004936 -0.000053
v -0.002237 0.005581 -0.000186
v -0.001994 0.005150 -0.000076
v -0.001949 0.005172 -0.000108
v -0.002270 0.005447 -0.000235
v -0.001150 0.003633 0.000116
v -0.000456 0.001785 -0.000247
v -0.002205 0.005322 -0.000149
v -0.002014 0.005280 -0.000106
v -0.000922 0.003361 0.000188
v -0.001825 0.004896 -0.000013
v -0.001359 0.004134 -0.000047
v -0.002881 0.006387 -0.000372
v -0.002954 0.006515 -0.000462
v -0.002875 0.006327 -0.000494
v -0.001591 0.004544 -0.000002
v -0.001426 0.004215 0.000093
v -0.001445 0.004138 0.000089
v -0.002902 0.006307 -0.000343
v -0.002763 0.006131 -0.000295
v -0.002736 0.006210 -0.000322
v -0.001900 0.005071 -0.000066
v -0.001833 0.004876 -0.000225
v -0.001827 0.004998 -0.000170
v -0.000786 0.002970 0.000024
v -0.003175 0.006707 -0.000578
v -0.003238 0.006663 -0.000550
v -0.003115 0.006632 -0.000613
v -0.002371 0.005655 -0.000316
v -0.004537 0.007325 -0.001382
v -0.002711 0.006185 -0.000413
v -0.000264 0.000872 -0.000124
v -0.000262 0.000921 -0.000108
v -0.000325 0.001385 -0.000267
v -0.000431 0.000934 -0.000094
v -0.000525 0.000945 -0.000167
v -0.000422 0.001683 -0.000221
v -0.000469 0.001711 -0.000277
v -0.000514 0.001231 -0.000396
v -0.000401 0.001014 -0.000109
v -0.004882 0.007495 -0.001461
v -0.005198 0.007597 -0.001586
v -0.000935 0.003133 0.000073
v -0.000453 0.001147 -0.000399
v -0.000227 0.001193 -0.000254
v -0.000562 0.001245 -0.000330
v -0.004611 0.007501 -0.001382
v -0.000595 0.001946 -0.000216
v -0.004686 0.007443 -0.001357
v -0.000457 0.001038 -0.000374
v -0.001949 0.004864 -0.000190
v -0.001884 0.004802 -0.000057
v -0.003173 0.006553 -0.000494
v -0.003113 0.006527 -0.000448
v -0.002288 0.005563 -0.000149
v -0.004362 0.007300 -0.001240
v -0.004321 0.007359 -0.001207
v -0.004083 0.007315 -0.001122
v -0.001820 0.004998 -0.000095
v -0.002742 0.006132 -0.000455
v -0.002618 0.006061 -0.000386
v -0.002728 0.006022 -0.000399
v -0.000494 0.002149 -0.000042
v -0.000555 0.001196 -0.000124
v -0.000566 0.001286 -0.000154
v -0.005138 0.007699 -0.001608
v -0.000518 0.001316 -0.000363
v -0.004718 0.007520 -0.001452
v -0.000617 0.002730 0.000102
v -0.000853 0.002950 0.000178
v -0.000212 0.001212 -0.000164
v -0.000281 0.001196 -0.000336
v -0.000660 0.001967 -0.000075
v -0.000635 0.001940 -0.000025
v -0.000413 0.000853 -0.000284
v -0.005338 0.007748 -0.001609
v -0.000771 0.002748 -0.000014
v -0.000830 0.002801 0.000167
v -0.000590 0.002498 0.000105
v -0.003579 0.006968 -0.000794
v -0.001741 0.004853 -0.000140
v -0.002987 0.006328 -0.000390
v -0.001190 0.003602 0.000034
v -0.001092 0.003673 -0.000009
v -0.004282 0.007240 -0.001224
v -0.004610 0.007376 -0.001353
v -0.004078 0.007190 -0.001167
v -0.002094 0.005167 -0.000228
v -0.000514 0.002242 -0.000068
v -0.001093 0.003456 0.000026
v -0.001050 0.003550 0.000161
v -0.005235 0.007697 -0.001670
v -0.003243 0.006771 -0.000682
v -0.001246 0.003960 -0.000050
v -0.003057 0.006516 -0.000597
v -0.005186 0.007661 -0.001547
v -0.003399 0.006748 -0.000801
v -0.003422 0.006751 -0.000711
v -0.003428 0.006822 -0.000839
v -0.003220 0.006642 -0.000697
v -0.002768 0.006052 -0.000341
v -0.002665 0.005972 -0.000266
v -0.001556 0.004522 -0.000056
v -0.000840 0.003117 0.000212
v -0.002316 0.005500 -0.000196
v -0.002440 0.005664 -0.000300
v -0.001935 0.005049 -0.000240
v -0.001418 0.004101 -0.000074
v -0.003355 0.006807 -0.000635
v -0.001468 0.004073 0.000029
v -0.005012 0.007572 -0.001610
v -0.003134 0.006556 -0.000638
v -0.000507 0.002058 -0.000200
v -0.000424 0.001934 -0.000140
v -0.000782 0.002713 0.000159
v -0.000752 0.002586 0.000079
v -0.002493 0.005728 -0.000227
v -0.002399 0.005636 -0.000183
v -0.000660 0.002881 0.000038
v -0.000961 0.003234 0.000181
v -0.000644 0.002971 0.000139
v -0.000649 0.002889 0.000203
v -0.000546 0.001908 -0.000001
v -0.000492 0.001987 -0.000015
v -0.000538 0.001058 -0.000367
v -0.005055 0.007645 -0.001622
v -0.000707 0.002327 -0.000016
v -0.000585 0.002572 0.000001
v -0.004853 0.007557 -0.001418
v -0.000675 0.002433 0.000128
v -0.000721 0.002440 0.000034
v -0.000646 0.002720 -0.000035
v -0.000528 0.002000 -0.000231
v -0.005103 0.007557 -0.001591
v -0.004972 0.007508 -0.001574
v -0.000593 0.001824 -0.000011
v -0.003307 0.006638 -0.000666
v -0.003364 0.006727 -0.000648
v -0.002466 0.005804 -0.000340
v -0.002365 0.005783 -0.000254
v -0.005090 0.007586 -0.001515
v -0.002991 0.006355 -0.000540
v -0.000935 0.003205 0.000030
v -0.002403 0.005764 -0.000174
v -0.001312 0.004116 0.000115
v -0.002553 0.005982 -0.000247
v -0.002655 0.006153 -0.000331
v -0.001571 0.004327 -0.000103
v -0.001587 0.004308 -0.000027
v -0.003469 0.006918 -0.000730
v -0.003458 0.006822 -0.000707
v -0.000914 0.003468 0.000086
v -0.001006 0.003594 0.000140
v -0.001025 0.003630 0.000029
v -0.004088 0.007273 -0.001076
v -0.003917 0.007172 -0.000991
v -0.003807 0.007193 -0.000956
v -0.003867 0.007215 -0.001021
v -0.001781 0.004612 -0.000071
v -0.001797 0.004725 -0.000024
v -0.003658 0.006968 -0.000989
v -0.004404 0.007402 -0.001272
v -0.001691 0.004596 -0.000146
v -0.000711 0.002804 0.000230
v -0.000786 0.002881 0.000251
v -0.000638 0.002434 -0.000117
v -0.001729 0.004805 -0.000039
v -0.003037 0.006345 -0.000488
v -0.001145 0.003784 -0.000031
v -0.001240 0.003726 -0.000043
v -0.005418 0.007718 -0.001665
v -0.003813 0.007065 -0.001062
v -0.004048 0.007172 -0.001072
v -0.000465 0.001873 -0.000026
v -0.002952 0.006423 -0.000365
v -0.001431 0.004049 -0.000039
v -0.005217 0.007714 -0.001574
v -0.003058 0.006583 -0.000458
v -0.000635 0.002282 0.000087
v -0.000665 0.002632 0.000153
v -0.001017 0.003288 0.000099
v -0.000653 0.002569 -0.000067
v -0.001144 0.003882 0.000025
v -0.001358 0.004021 0.000115
v -0.001241 0.003728 0.000070
v -0.001173 0.003729 0.000116
v -0.004824 0.007443 -0.001449
v -0.000704 0.002366 0.000079
v -0.001731 0.004543 -0.000126
v -0.000872 0.003229 0.000223
v -0.001116 0.003799 0.000098
v -0.000564 -0.000857 0.000163
vt 0.244099 0.509657
vt 0.246180 0.509663
vt 0.244955 0.506586
vt 0.324718 0.043501
vt 0.327766 0.043563
vt 0.327633 0.040898
vt 0.956211 0.357921
vt 0.954950 0.357367
vt 0.956286 0.359027
vt 0.760282 0.392263
vt 0.758978 0.394122
vt 0.760649 0.393192
vt 0.954187 0.355879
vt 0.245908 0.503070
vt 0.250083 0.505191
vt 0.853976 0.886415
vt 0.852256 0.884930
vt 0.851540 0.886297
vt 0.177465 0.508908
vt 0.174991 0.510390
vt 0.175663 0.514294
vt 0.185644 0.502740
vt 0.185971 0.497841
vt 0.183693 0.501042
vt 0.761916 0.392448
vt 0.806141 0.191745
vt 0.809365 0.189475
vt 0.808078 0.188906
vt 0.550397 0.774629
vt 0.551902 0.773428
vt 0.550386 0.771807
vt 0.666047 0.167654
vt 0.665355 0.166974
vt 0.664991 0.168542
vt 0.011357 0.765427
vt 0.008668 0.766596
vt 0.010617 0.766476
vt 0.887062 0.884985
vt 0.888485 0.886626
vt 0.889050 0.885943
vt 0.963996 0.939065
vt 0.960242 0.935400
vt 0.958022 0.939123
vt 0.961141 0.898141
vt 0.962966 0.904335
vt 0.964158 0.898281
vt 0.667911 0.944572
vt 0.670040 0.944282
vt 0.670204 0.940288
vt 0.622749 0.683188
vt 0.624232 0.682423
vt 0.621828 0.680223
vt 0.817981 0.393439
vt 0.817940 0.394913
vt 0.819515 0.394057
vt 0.964544 0.915629
vt 0.962826 0.911179
vt 0.959298 0.913803
vt 0.772524 0.518995
vt 0.771212 0.520997
vt 0.772161 0.522122
vt 0.736469 0.547074
vt 0.734392 0.546317
vt 0.734245 0.548919
vt 0.131642 0.688994
vt 0.128789 0.689187
vt 0.129995 0.689984
vt 0.233600 0.106171
vt 0.232369 0.106981
vt 0.232970 0.107820
vt 0.368125 0.779246
vt 0.371767 0.778161
vt 0.369611 0.775887
vt 0.237676 0.488120
vt 0.237671 0.489988
vt 0.239807 0.487543
vt 0.973162 0.946948
vt 0.973375 0.945788
vt 0.970200 0.946317
vt 0.498533 0.308531
vt 0.495747 0.308454
vt 0.497030 0.310083
vt 0.312269 0.018965
vt 0.312378 0.019158
vt 0.313273 0.020609
vt 0.314520 0.021522
vt 0.423890 0.450287
vt 0.421945 0.449886
vt 0.424249 0.453480
vt 0.059016 0.474977
vt 0.057301 0.474660
vt 0.057021 0.475831
vt 0.376650 0.553540
vt 0.382775 0.544502
vt 0.375812 0.547831
vt 0.801190 0.187050
vt 0.800179 0.188360
vt 0.803485 0.189952
vt 0.078729 0.933607
vt 0.080723 0.932943
vt 0.077521 0.933036
vt 0.551709 0.776050
vt 0.554785 0.775480
vt 0.554847 0.774054
vt 0.175397 0.518089
vt 0.171674 0.520632
vt 0.173656 0.522589
vt 0.230766 0.265666
vt 0.231129 0.267397
vt 0.232282 0.267725
vt 0.967567 0.897951
vt 0.966103 0.894587
vt 0.065506 0.008130
vt 0.063889 0.009263
vt 0.068229 0.009621
vt 0.426732 0.459201
vt 0.424212 0.460165
vt 0.427155 0.462472
vt 0.417612 0.552554
vt 0.415949 0.552645
vt 0.417866 0.553370
vt 0.184116 0.489764
vt 0.183748 0.494732
vt 0.186065 0.490700
vt 0.318939 0.029534
vt 0.320994 0.033292
vt 0.322081 0.026927
vt 0.491750 0.160356
vt 0.491361 0.159624
vt 0.488154 0.159984
vt 0.216469 0.823521
vt 0.213250 0.824453
vt 0.216022 0.825127
vt 0.963666 0.925943
vt 0.965064 0.931174
vt 0.968565 0.924004
vt 0.954529 0.923150
vt 0.957754 0.919150
vt 0.951210 0.912824
vt 0.085142 0.143425
vt 0.084285 0.145535
vt 0.085532 0.145381
vt 0.173941 0.516336
vt 0.342261 0.546018
vt 0.342211 0.548450
vt 0.343641 0.549973
vt 0.171236 0.516296
vt 0.172420 0.517090
vt 0.426479 0.464395
vt 0.431462 0.464480
vt 0.429082 0.462113
vt 0.670129 0.460861
vt 0.668991 0.459434
vt 0.669970 0.462805
vt 0.621236 0.863319
vt 0.619744 0.865343
vt 0.621349 0.864970
vt 0.229189 0.037972
vt 0.229049 0.037402
vt 0.228127 0.037891
vt 0.489850 0.319825
vt 0.492691 0.316664
vt 0.487630 0.320360
vt 0.485782 0.314749
vt 0.483111 0.314574
vt 0.483567 0.315523
vt 0.402311 0.746821
vt 0.399341 0.744467
vt 0.400142 0.748100
vt 0.248720 0.499132
vt 0.949409 0.933726
vt 0.950283 0.923486
vt 0.944178 0.927021
vt 0.965863 0.944629
vt 0.965380 0.948212
vt 0.524824 0.494354
vt 0.523749 0.494342
vt 0.524693 0.495509
vt 0.367575 0.547708
vt 0.371790 0.546251
vt 0.367088 0.546756
vt 0.331946 0.890253
vt 0.329581 0.890252
vt 0.330978 0.892470
vt 0.845465 0.892886
vt 0.847184 0.893864
vt 0.846796 0.892435
vt 0.837872 0.847862
vt 0.839544 0.847615
vt 0.837525 0.846931
vt 0.427267 0.559828
vt 0.430750 0.553631
vt 0.425616 0.558848
vt 0.986259 0.848511
vt 0.987907 0.850830
vt 0.987474 0.848911
vt 0.947641 0.911032
vt 0.064453 0.014746
vt 0.066652 0.015391
vt 0.065385 0.011988
vt 0.341526 0.549849
vt 0.342804 0.553223
vt 0.428348 0.456615
vt 0.426775 0.457053
vt 0.430261 0.459670
vt 0.969209 0.943117
vt 0.971212 0.940425
vt 0.217484 0.021681
vt 0.218497 0.019516
vt 0.217475 0.019563
vt 0.633551 0.311117
vt 0.640044 0.318734
vt 0.639608 0.314992
vt 0.622283 0.505463
vt 0.620983 0.509971
vt 0.622611 0.508110
vt 0.275008 0.690863
vt 0.275547 0.690082
vt 0.272764 0.689662
vt 0.237732 0.498414
vt 0.240831 0.503536
vt 0.242050 0.498666
vt 0.236698 0.501314
vt 0.043310 0.479315
vt 0.042887 0.478309
vt 0.041596 0.478051
vt 0.960984 0.905090
vt 0.593342 0.670011
vt 0.594854 0.672621
vt 0.596733 0.670419
vt 0.945379 0.921609
vt 0.145961 0.989176
vt 0.144331 0.991831
vt 0.146853 0.989910
vt 0.837242 0.997023
vt 0.836400 0.997466
vt 0.837867 0.998973
vt 0.644198 0.115141
vt 0.645691 0.114554
vt 0.644213 0.113769
vt 0.664727 0.496120
vt 0.667369 0.496101
vt 0.665424 0.493388
vt 0.956553 0.898663
vt 0.956572 0.905054
vt 0.219273 0.022827
vt 0.220096 0.019226
vt 0.630620 0.943336
vt 0.630735 0.944685
vt 0.633805 0.944493
vt 0.620653 0.676288
vt 0.625497 0.678788
vt 0.622316 0.674999
vt 0.956218 0.740528
vt 0.956215 0.742277
vt 0.957518 0.741830
vt 0.953758 0.928787
vt 0.672583 0.411131
vt 0.672507 0.409711
vt 0.669579 0.409849
vt 0.242574 0.493864
vt 0.239736 0.495654
vt 0.245106 0.494846
vt 0.379091 0.539275
vt 0.552550 0.376842
vt 0.377458 0.541015
vt 0.380664 0.540020
vt 0.675654 0.648355
vt 0.676937 0.649041
vt 0.676451 0.647328
vt 0.986567 0.293042
vt 0.987837 0.292953
vt 0.986777 0.291249
vt 0.904669 0.484936
vt 0.904634 0.485145
vt 0.906427 0.484528
vt 0.495902 0.981702
vt 0.496104 0.981622
vt 0.495997 0.981549
vt 0.957878 0.957249
vt 0.957986 0.954892
vt 0.956125 0.956681
vt 0.608017 0.607669
vt 0.607982 0.607476
vt 0.606975 0.605725
vt 0.605549 0.605231
vt 0.971317 0.918598
vt 0.969731 0.915597
vt 0.965034 0.918953
vt 0.672750 0.288378
vt 0.674653 0.286974
vt 0.673916 0.284738
vt 0.791642 0.133407
vt 0.790310 0.133619
vt 0.790472 0.134737
vt 0.033465 0.461666
vt 0.032452 0.460981
vt 0.032919 0.462968
vt 0.951819 0.906289
vt 0.949575 0.899850
vt 0.946302 0.906962
vt 0.951551 0.892515
vt 0.949243 0.894826
vt 0.952482 0.892640
vt 0.629708 0.382055
vt 0.629999 0.380692
vt 0.628703 0.382534
vt 0.967713 0.935298
vt 0.970211 0.938341
vt 0.493841 0.310425
vt 0.490731 0.312445
vt 0.497150 0.312506
vt 0.677115 0.941971
vt 0.674241 0.943912
vt 0.675518 0.945570
vt 0.959066 0.927319
vt 0.268036 0.681734
vt 0.270026 0.681524
vt 0.268249 0.679567
vt 0.808046 0.199049
vt 0.811052 0.198401
vt 0.810460 0.195977
vt 0.806162 0.197938
vt 0.971237 0.949008
vt 0.970477 0.950343
vt 0.958033 0.943774
vt 0.955260 0.944038
vt 0.432971 0.470897
vt 0.432313 0.468998
vt 0.430478 0.468851
vt 0.952130 0.901636
vt 0.345876 0.551100
vt 0.237212 0.045548
vt 0.237825 0.041147
vt 0.237161 0.040537
vt 0.181333 0.497049
vt 0.461059 0.795763
vt 0.457798 0.797684
vt 0.459759 0.799588
vt 0.613968 0.768626
vt 0.614013 0.765490
vt 0.610868 0.766894
vt 0.591977 0.666676
vt 0.590203 0.668427
vt 0.959224 0.951739
vt 0.958631 0.950381
vt 0.328504 0.892526
vt 0.575249 0.618363
vt 0.577620 0.615965
vt 0.574617 0.615909
vt 0.955846 0.912695
vt 0.964231 0.894584
vt 0.900625 0.626113
vt 0.900610 0.628974
vt 0.901924 0.628152
vt 0.476746 0.283817
vt 0.476258 0.285551
vt 0.478016 0.285276
vt 0.953935 0.897036
vt 0.251213 0.500347
vt 0.251393 0.503292
vt 0.252508 0.501716
vt 0.235602 0.496515
vt 0.419689 0.685643
vt 0.421440 0.688854
vt 0.422728 0.685997
vt 0.470508 0.944882
vt 0.469858 0.945835
vt 0.471528 0.946026
vt 0.694373 0.322967
vt 0.695274 0.321868
vt 0.691305 0.323772
vt 0.693495 0.323793
vt 0.371886 0.540975
vt 0.372099 0.541367
vt 0.372314 0.540867
vt 0.776434 0.657977
vt 0.777794 0.657274
vt 0.775677 0.656467
vt 0.966076 0.904641
vt 0.152979 0.992480
vt 0.152468 0.994172
vt 0.155013 0.992603
vt 0.023615 0.465657
vt 0.024308 0.466428
vt 0.024766 0.464526
vt 0.897284 0.295203
vt 0.898585 0.295520
vt 0.898447 0.294837
vt 0.077834 0.618086
vt 0.079184 0.619488
vt 0.079127 0.617892
vt 0.203139 0.912568
vt 0.202777 0.913131
vt 0.203762 0.912975
vt 0.819165 0.943000
vt 0.819411 0.941531
vt 0.817331 0.942403
vt 0.475956 0.153879
vt 0.475895 0.152148
vt 0.474998 0.151090
vt 0.962469 0.944992
vt 0.962549 0.952961
vt 0.428441 0.375925
vt 0.425899 0.377513
vt 0.428719 0.380731
vt 0.696112 0.982131
vt 0.695041 0.981916
vt 0.693984 0.982598
vt 0.572495 0.927405
vt 0.568815 0.925206
vt 0.571371 0.928760
vt 0.961147 0.960995
vt 0.962952 0.959332
vt 0.961199 0.957709
vt 0.629392 0.107447
vt 0.630408 0.106791
vt 0.629194 0.105855
vt 0.776931 0.629380
vt 0.777385 0.631040
vt 0.778714 0.630980
vt 0.140661 0.814718
vt 0.142537 0.816890
vt 0.141983 0.813920
vt 0.330887 0.042087
vt 0.238566 0.504266
vt 0.363405 0.139894
vt 0.362678 0.140749
vt 0.365099 0.141283
vt 0.945279 0.903128
vt 0.783872 0.278651
vt 0.782088 0.278876
vt 0.782369 0.280050
vt 0.781071 0.277381
vt 0.473637 0.290988
vt 0.473419 0.291143
vt 0.474206 0.290994
vt 0.250941 0.523461
vt 0.252049 0.523663
vt 0.252678 0.517324
vt 0.058059 0.003264
vt 0.059686 0.006708
vt 0.061427 0.005000
vt 0.970138 0.201451
vt 0.969836 0.200313
vt 0.968738 0.201864
vt 0.216372 0.327585
vt 0.217065 0.328378
vt 0.217317 0.327005
vt 0.910787 0.629105
vt 0.912172 0.629571
vt 0.912066 0.627954
vt 0.677567 0.939140
vt 0.673660 0.938319
vt 0.678587 0.940050
vt 0.579726 0.631349
vt 0.581823 0.633321
vt 0.579459 0.628234
vt 0.577241 0.628240
vt 0.915678 0.936111
vt 0.914227 0.935203
vt 0.913673 0.936274
vt 0.509697 0.050695
vt 0.510874 0.050868
vt 0.510088 0.049618
vt 0.147303 0.916608
vt 0.146237 0.915390
vt 0.144932 0.916571
vt 0.939102 0.923000
vt 0.938130 0.932363
vt 0.939879 0.926963
vt 0.812933 0.196384
vt 0.812312 0.194267
vt 0.645634 0.317582
vt 0.643310 0.317185
vt 0.575929 0.942341
vt 0.576222 0.943312
vt 0.576810 0.942630
vt 0.942439 0.938325
vt 0.942536 0.942004
vt 0.943925 0.938722
vt 0.090971 0.962640
vt 0.088682 0.964642
vt 0.089482 0.966278
vt 0.468944 0.295862
vt 0.472401 0.294058
vt 0.470916 0.293504
vt 0.420904 0.955954
vt 0.422195 0.955698
vt 0.422072 0.954589
vt 0.715477 0.838994
vt 0.715092 0.837552
vt 0.713875 0.839148
vt 0.714442 0.908983
vt 0.714756 0.906315
vt 0.712722 0.906009
vt 0.675782 0.649572
vt 0.166526 0.497970
vt 0.161851 0.499165
vt 0.163876 0.500110
vt 0.223542 0.029421
vt 0.225069 0.027565
vt 0.220549 0.026771
vt 0.935636 0.913791
vt 0.934180 0.917335
vt 0.935978 0.921489
vt 0.493248 0.040843
vt 0.492867 0.041516
vt 0.494013 0.041823
vt 0.493517 0.040650
vt 0.626671 0.680600
vt 0.622961 0.678846
vt 0.577688 0.613813
vt 0.575427 0.611773
vt 0.197917 0.093483
vt 0.199436 0.093562
vt 0.198258 0.091871
vt 0.963987 0.310580
vt 0.962021 0.310121
vt 0.962741 0.311459
vt 0.943582 0.943184
vt 0.946747 0.941562
vt 0.826332 0.344211
vt 0.826944 0.341110
vt 0.824854 0.343907
vt 0.579094 0.633479
vt 0.581400 0.635974
vt 0.241999 0.508557
vt 0.239078 0.506284
vt 0.380737 0.542735
vt 0.383664 0.540012
vt 0.457728 0.796803
vt 0.456857 0.798990
vt 0.457492 0.798534
vt 0.316797 0.040582
vt 0.320382 0.037671
vt 0.180364 0.493367
vt 0.174633 0.490244
vt 0.627689 0.944629
vt 0.629310 0.941853
vt 0.627361 0.943324
vt 0.883401 0.332215
vt 0.882796 0.334641
vt 0.883892 0.335171
vt 0.581095 0.617873
vt 0.580627 0.619630
vt 0.582873 0.619985
vt 0.055483 0.649533
vt 0.053918 0.650519
vt 0.055637 0.653398
vt 0.212226 0.824897
vt 0.212912 0.825741
vt 0.428176 0.385507
vt 0.425824 0.383651
vt 0.421952 0.386061
vt 0.432065 0.260425
vt 0.431432 0.259447
vt 0.430644 0.261014
vt 0.355994 0.147337
vt 0.355317 0.147997
vt 0.355011 0.149266
vt 0.195860 0.165309
vt 0.195407 0.163412
vt 0.194385 0.164370
vt 0.577275 0.633533
vt 0.577964 0.631648
vt 0.703980 0.918768
vt 0.706421 0.916748
vt 0.704359 0.917036
vt 0.678314 0.943728
vt 0.352764 0.544376
vt 0.353856 0.550863
vt 0.356015 0.547878
vt 0.612366 0.762334
vt 0.615679 0.763421
vt 0.615127 0.762114
vt 0.958880 0.906139
vt 0.398153 0.377032
vt 0.399097 0.377792
vt 0.398790 0.376360
vt 0.375726 0.557443
vt 0.374206 0.553690
vt 0.374241 0.559656
vt 0.373265 0.561119
vt 0.376394 0.558571
vt 0.958615 0.947561
vt 0.951484 0.948854
vt 0.658392 0.523783
vt 0.658228 0.524486
vt 0.658973 0.524635
vt 0.659616 0.523397
vt 0.704724 0.819735
vt 0.704254 0.820242
vt 0.704458 0.820202
vt 0.228413 0.033443
vt 0.224642 0.032766
vt 0.224958 0.036072
vt 0.876560 0.579808
vt 0.876252 0.581453
vt 0.876812 0.580453
vt 0.950959 0.937134
vt 0.945624 0.936576
vt 0.949892 0.941162
vt 0.578236 0.807468
vt 0.580370 0.803580
vt 0.576572 0.804644
vt 0.496413 0.307132
vt 0.496081 0.305972
vt 0.454853 0.013652
vt 0.455734 0.014553
vt 0.456322 0.013425
vt 0.960029 0.931536
vt 0.584671 0.639658
vt 0.583461 0.639073
vt 0.583420 0.640157
vt 0.534661 0.499799
vt 0.537609 0.500423
vt 0.536670 0.497825
vt 0.319939 0.053574
vt 0.316996 0.049172
vt 0.315840 0.054817
vt 0.174333 0.505702
vt 0.177206 0.506059
vt 0.938361 0.910384
vt 0.940859 0.912103
vt 0.960976 0.892199
vt 0.467290 0.947961
vt 0.472314 0.946779
vt 0.955273 0.932308
vt 0.627707 0.534801
vt 0.633699 0.534595
vt 0.626825 0.531340
vt 0.631118 0.535577
vt 0.631166 0.529322
vt 0.633290 0.530448
vt 0.628635 0.529124
vt 0.669058 0.466466
vt 0.668485 0.464343
vt 0.665979 0.465536
vt 0.599287 0.830141
vt 0.600367 0.831929
vt 0.601744 0.829589
vt 0.420404 0.381541
vt 0.418418 0.383467
vt 0.419774 0.387744
vt 0.967040 0.910150
vt 0.801489 0.193843
vt 0.802588 0.196683
vt 0.221563 0.023134
vt 0.769579 0.517724
vt 0.768109 0.520501
vt 0.769232 0.519159
vt 0.152251 0.959924
vt 0.150245 0.957035
vt 0.150687 0.959518
vt 0.374628 0.477890
vt 0.374420 0.478893
vt 0.375805 0.478250
vt 0.967665 0.951912
vt 0.217876 0.029834
vt 0.220802 0.030089
vt 0.218962 0.028837
vt 0.296876 0.412673
vt 0.296471 0.411520
vt 0.295074 0.412647
vt 0.276522 0.865476
vt 0.278934 0.864743
vt 0.279923 0.863334
vt 0.763393 0.963565
vt 0.762775 0.963795
vt 0.763331 0.963969
vt 0.763557 0.963772
vt 0.369884 0.539796
vt 0.369876 0.540892
vt 0.973946 0.927944
vt 0.974324 0.926378
vt 0.971256 0.930352
vt 0.861053 0.867219
vt 0.862757 0.866263
vt 0.861749 0.865888
vt 0.863715 0.865076
vt 0.235795 0.050679
vt 0.236416 0.048171
vt 0.233929 0.043437
vt 0.233681 0.052001
vt 0.061596 0.019367
vt 0.065864 0.018150
vt 0.061389 0.015396
vt 0.965095 0.953618
vt 0.965833 0.956427
vt 0.344711 0.544281
vt 0.346222 0.548332
vt 0.565824 0.633555
vt 0.564464 0.639614
vt 0.567277 0.635377
vt 0.692308 0.324818
vt 0.690544 0.325617
vt 0.620243 0.863728
vt 0.578299 0.618142
vt 0.250338 0.502482
vt 0.865959 0.943554
vt 0.864628 0.942061
vt 0.864744 0.944289
vt 0.013991 0.924635
vt 0.012605 0.925198
vt 0.012758 0.927761
vt 0.924533 0.396164
vt 0.923895 0.393562
vt 0.922121 0.394600
vt 0.065997 0.004774
vt 0.068042 0.008256
vt 0.070077 0.008066
vt 0.172990 0.512488
vt 0.656143 0.938844
vt 0.653867 0.939314
vt 0.653274 0.939554
vt 0.653909 0.941447
vt 0.266982 0.851092
vt 0.264593 0.847747
vt 0.266568 0.851612
vt 0.433587 0.470318
vt 0.905615 0.233985
vt 0.906031 0.232491
vt 0.905198 0.232589
vt 0.522606 0.118167
vt 0.522668 0.118464
vt 0.523996 0.119424
vt 0.523371 0.118239
vt 0.108388 0.968755
vt 0.105842 0.970655
vt 0.108759 0.969861
vt 0.738321 0.797107
vt 0.737813 0.795919
vt 0.737784 0.798778
vt 0.198903 0.617725
vt 0.198093 0.618312
vt 0.199572 0.618918
vt 0.421459 0.456363
vt 0.091011 0.880185
vt 0.089004 0.879208
vt 0.088763 0.882190
vt 0.636346 0.842733
vt 0.635464 0.839074
vt 0.634662 0.841411
vt 0.236046 0.506854
vt 0.235660 0.509516
vt 0.196466 0.601254
vt 0.196588 0.602571
vt 0.197351 0.600966
vt 0.733618 0.677084
vt 0.731331 0.677215
vt 0.733482 0.679032
vt 0.131459 0.687868
vt 0.317742 0.043311
vt 0.321718 0.047674
vt 0.323400 0.043754
vt 0.348195 0.552330
vt 0.350715 0.554992
vt 0.350118 0.550511
vt 0.225888 0.029224
vt 0.167455 0.498220
vt 0.731978 0.992661
vt 0.731753 0.994092
vt 0.732751 0.993201
vt 0.938887 0.667533
vt 0.938017 0.670343
vt 0.939676 0.669884
vt 0.426930 0.373158
vt 0.425390 0.374280
vt 0.636338 0.533704
vt 0.635729 0.532628
vt 0.917923 0.468997
vt 0.917434 0.472035
vt 0.919145 0.469007
vt 0.666635 0.490871
vt 0.665123 0.491492
vt 0.663695 0.493170
vt 0.192435 0.633291
vt 0.191468 0.632595
vt 0.192323 0.634135
vt 0.211993 0.659204
vt 0.210497 0.660782
vt 0.211849 0.661910
vt 0.972665 0.933304
vt 0.711535 0.846110
vt 0.711569 0.844521
vt 0.708759 0.845679
vt 0.562385 0.986537
vt 0.561113 0.987655
vt 0.563222 0.991410
vt 0.560277 0.989429
vt 0.358690 0.551821
vt 0.358230 0.548595
vt 0.190016 0.609608
vt 0.189011 0.610940
vt 0.190715 0.610657
vt 0.779731 0.629366
vt 0.188129 0.639779
vt 0.189543 0.640114
vt 0.189552 0.638845
vt 0.005828 0.201466
vt 0.005146 0.200499
vt 0.004664 0.202791
vt 0.056347 0.201727
vt 0.055932 0.200684
vt 0.055586 0.202697
vt 0.113294 0.816508
vt 0.112661 0.815607
vt 0.110654 0.816865
vt 0.044323 0.840684
vt 0.044971 0.838897
vt 0.042302 0.838886
vt 0.954862 0.955162
vt 0.950209 0.950896
vt 0.950381 0.952833
vt 0.211643 0.664750
vt 0.214177 0.663622
vt 0.936868 0.905581
vt 0.936647 0.906023
vt 0.940747 0.908352
vt 0.350225 0.546107
vt 0.667738 0.458822
vt 0.666503 0.459754
vt 0.798519 0.573931
vt 0.797599 0.575023
vt 0.798472 0.575488
vt 0.526158 0.935971
vt 0.529064 0.935039
vt 0.525965 0.934673
vt 0.351330 0.535809
vt 0.351847 0.534027
vt 0.351072 0.538241
vt 0.770591 0.080951
vt 0.769308 0.080941
vt 0.770035 0.081900
vt 0.180706 0.849165
vt 0.177871 0.851931
vt 0.181646 0.849991
vt 0.178549 0.850015
vt 0.961703 0.922401
vt 0.668734 0.087303
vt 0.668231 0.085770
vt 0.667474 0.086545
vt 0.427908 0.454911
vt 0.426255 0.455795
vt 0.170551 0.490157
vt 0.171119 0.495060
vt 0.174721 0.495986
vt 0.319704 0.019345
vt 0.320999 0.021174
vt 0.323439 0.019046
vt 0.384084 0.550385
vt 0.386952 0.549711
vt 0.820547 0.941703
vt 0.176059 0.579890
vt 0.177582 0.579162
vt 0.176382 0.578804
vt 0.610748 0.606623
vt 0.611169 0.604720
vt 0.609997 0.603730
vt 0.007548 0.207676
vt 0.008576 0.206785
vt 0.007477 0.205422
vt 0.656152 0.743953
vt 0.655850 0.742124
vt 0.654317 0.743468
vt 0.580490 0.942178
vt 0.583006 0.940721
vt 0.581769 0.939394
vt 0.626464 0.502087
vt 0.627413 0.500122
vt 0.626215 0.500191
vt 0.607677 0.161186
vt 0.608090 0.161521
vt 0.609039 0.161188
vt 0.608800 0.159672
vt 0.630424 0.620883
vt 0.631238 0.617751
vt 0.630615 0.617895
vt 0.960856 0.563468
vt 0.961702 0.564438
vt 0.961971 0.562835
vt 0.415589 0.179601
vt 0.414486 0.178326
vt 0.413880 0.179598
vt 0.178044 0.496239
vt 0.627011 0.528024
vt 0.961116 0.942979
vt 0.491919 0.474835
vt 0.489645 0.476268
vt 0.492859 0.478905
vt 0.960321 0.925675
vt 0.174246 0.488733
vt 0.213856 0.825919
vt 0.215177 0.826372
vt 0.929775 0.607724
vt 0.929483 0.609081
vt 0.931161 0.607709
vt 0.103608 0.779074
vt 0.102810 0.782890
vt 0.104761 0.780366
vt 0.314294 0.061695
vt 0.313334 0.063786
vt 0.315634 0.064283
vt 0.147774 0.991805
vt 0.875010 0.337190
vt 0.875094 0.336891
vt 0.873574 0.336213
vt 0.660168 0.660706
vt 0.656203 0.660392
vt 0.655747 0.662927
vt 0.937799 0.493628
vt 0.938677 0.495489
vt 0.939603 0.495290
vt 0.960377 0.956459
vt 0.061626 0.011149
vt 0.801833 0.190805
vt 0.966691 0.912771
vt 0.908001 0.462978
vt 0.910150 0.464314
vt 0.909231 0.463591
vt 0.171744 0.502585
vt 0.175241 0.501016
vt 0.173801 0.501556
vt 0.420751 0.558489
vt 0.421908 0.556453
vt 0.235835 0.053081
vt 0.819488 0.392896
vt 0.821029 0.394285
vt 0.170867 0.501034
vt 0.169004 0.499784
vt 0.169536 0.502740
vt 0.114166 0.827178
vt 0.113161 0.830910
vt 0.115503 0.830424
vt 0.208949 0.712261
vt 0.209596 0.713738
vt 0.209250 0.709414
vt 0.222005 0.032116
vt 0.222062 0.034192
vt 0.203769 0.947648
vt 0.200869 0.949667
vt 0.201954 0.949832
vt 0.806320 0.948081
vt 0.807692 0.947517
vt 0.805699 0.946724
vt 0.804549 0.947538
vt 0.232264 0.499917
vt 0.233414 0.501600
vt 0.038107 0.006811
vt 0.038460 0.005995
vt 0.036898 0.006146
vt 0.687198 0.179997
vt 0.686843 0.178937
vt 0.685173 0.179057
vt 0.670687 0.947164
vt 0.671703 0.945129
vt 0.233629 0.021049
vt 0.233794 0.021263
vt 0.233851 0.021150
vt 0.673690 0.753153
vt 0.673632 0.752800
vt 0.673356 0.752600
vt 0.571991 0.614170
vt 0.228380 0.029960
vt 0.958108 0.960954
vt 0.809969 0.873560
vt 0.810941 0.874660
vt 0.811551 0.873129
vt 0.936681 0.927206
vt 0.036437 0.976981
vt 0.035108 0.973447
vt 0.033895 0.976279
vt 0.242723 0.344601
vt 0.241630 0.344619
vt 0.243014 0.345930
vt 0.272823 0.129940
vt 0.272475 0.128663
vt 0.270839 0.129699
vt 0.170318 0.496352
vt 0.538748 0.495306
vt 0.538990 0.492090
vt 0.536439 0.494826
vt 0.230165 0.475149
vt 0.230812 0.474030
vt 0.229971 0.473254
vt 0.975775 0.414333
vt 0.975637 0.410668
vt 0.974543 0.412504
vt 0.457999 0.950889
vt 0.458304 0.952900
vt 0.459188 0.950814
vt 0.469486 0.964989
vt 0.470024 0.959141
vt 0.467250 0.963593
vt 0.468109 0.964635
vt 0.386081 0.540881
vt 0.388109 0.545516
vt 0.740648 0.747753
vt 0.739810 0.747914
vt 0.739411 0.750088
vt 0.741005 0.749097
vt 0.229626 0.050514
vt 0.232164 0.054642
vt 0.893643 0.321524
vt 0.893604 0.321455
vt 0.892635 0.321477
vt 0.891997 0.322369
vt 0.637080 0.780003
vt 0.638259 0.781515
vt 0.641122 0.781336
vt 0.638690 0.777043
vt 0.063983 0.020871
vt 0.065193 0.020434
vt 0.140007 0.968486
vt 0.138949 0.967891
vt 0.138357 0.969375
vt 0.662892 0.946435
vt 0.659952 0.942078
vt 0.658618 0.942584
vt 0.537531 0.489751
vt 0.534854 0.491635
vt 0.657939 0.486025
vt 0.661066 0.487176
vt 0.660724 0.485409
vt 0.663087 0.485763
vt 0.662129 0.488031
vt 0.971686 0.911996
vt 0.971278 0.913541
vt 0.972352 0.913103
vt 0.381363 0.560408
vt 0.380307 0.556383
vt 0.251093 0.526691
vt 0.254219 0.524230
vt 0.710240 0.468333
vt 0.711920 0.470649
vt 0.713275 0.470071
vt 0.731868 0.909647
vt 0.730656 0.911440
vt 0.733483 0.910637
vt 0.255671 0.514803
vt 0.251341 0.516892
vt 0.386403 0.559628
vt 0.388348 0.558339
vt 0.671241 0.852360
vt 0.673976 0.854820
vt 0.674566 0.851872
vt 0.470406 0.293669
vt 0.470747 0.293477
vt 0.963440 0.957209
vt 0.250142 0.735318
vt 0.255763 0.736932
vt 0.255117 0.736325
vt 0.433117 0.051376
vt 0.435145 0.051008
vt 0.434006 0.050773
vt 0.659637 0.664374
vt 0.957269 0.416371
vt 0.957385 0.417687
vt 0.958840 0.418503
vt 0.094914 0.955141
vt 0.089681 0.955763
vt 0.093808 0.955940
vt 0.936562 0.379739
vt 0.938005 0.381004
vt 0.939173 0.380098
vt 0.709098 0.131160
vt 0.708561 0.132482
vt 0.710410 0.130623
vt 0.941520 0.381840
vt 0.940576 0.380477
vt 0.709306 0.130056
vt 0.601262 0.782570
vt 0.598428 0.786774
vt 0.602387 0.783960
vt 0.061232 0.227917
vt 0.060549 0.225503
vt 0.059992 0.226650
vt 0.599097 0.305783
vt 0.599760 0.305954
vt 0.599776 0.302007
vt 0.749820 0.588312
vt 0.752684 0.588679
vt 0.752648 0.588124
vt 0.651173 0.631387
vt 0.649070 0.633738
vt 0.651777 0.634595
vt 0.088604 0.883657
vt 0.090461 0.883306
vt 0.622606 0.861853
vt 0.218360 0.022653
vt 0.216871 0.023253
vt 0.221663 0.025467
vt 0.637504 0.311479
vt 0.635906 0.309163
vt 0.475701 0.288847
vt 0.478762 0.288736
vt 0.476312 0.286496
vt 0.300378 0.935324
vt 0.302055 0.938043
vt 0.302472 0.936425
vt 0.179613 0.499622
vt 0.178480 0.501813
vt 0.178399 0.487023
vt 0.158784 0.942171
vt 0.159331 0.940982
vt 0.155142 0.940678
vt 0.017854 0.230389
vt 0.019386 0.230327
vt 0.017136 0.229291
vt 0.665835 0.486586
vt 0.663698 0.489789
vt 0.666810 0.488085
vt 0.268256 0.123045
vt 0.269435 0.123781
vt 0.270765 0.122594
vt 0.315708 0.044269
vt 0.141689 0.712432
vt 0.140642 0.711666
vt 0.138507 0.712473
vt 0.236906 0.494476
vt 0.237578 0.492727
vt 0.878093 0.565402
vt 0.879300 0.565783
vt 0.879695 0.563560
vt 0.253102 0.947061
vt 0.253554 0.948536
vt 0.254580 0.946819
vt 0.862054 0.457722
vt 0.860249 0.458191
vt 0.861321 0.459233
vt 0.859276 0.458707
vt 0.348173 0.544642
vt 0.166899 0.501912
vt 0.167148 0.504179
vt 0.168439 0.503373
vt 0.166173 0.504908
vt 0.913303 0.935011
vt 0.912295 0.935257
vt 0.737589 0.641775
vt 0.734997 0.642509
vt 0.736315 0.643565
vt 0.537776 0.660803
vt 0.534786 0.661848
vt 0.538092 0.663040
vt 0.104022 0.971933
vt 0.105784 0.972245
vt 0.372315 0.550709
vt 0.370053 0.554378
vt 0.671300 0.466358
vt 0.232104 0.040395
vt 0.231292 0.045838
vt 0.229583 0.041239
vt 0.812710 0.874850
vt 0.518913 0.982648
vt 0.521037 0.984151
vt 0.524398 0.984144
vt 0.311999 0.066892
vt 0.310103 0.069355
vt 0.315197 0.067123
vt 0.201779 0.996117
vt 0.202573 0.993435
vt 0.199733 0.993242
vt 0.879046 0.917612
vt 0.878273 0.917440
vt 0.878731 0.918950
vt 0.979835 0.940910
vt 0.982357 0.940807
vt 0.980763 0.939990
vt 0.253691 0.527729
vt 0.711180 0.839229
vt 0.711034 0.839711
vt 0.711862 0.841854
vt 0.712848 0.839474
vt 0.240063 0.492026
vt 0.786674 0.482046
vt 0.784546 0.481481
vt 0.785656 0.482557
vt 0.238262 0.491618
vt 0.250934 0.506860
vt 0.252511 0.503847
vt 0.108324 0.343212
vt 0.110371 0.344106
vt 0.109729 0.342699
vt 0.582331 0.638434
vt 0.580221 0.637029
vt 0.823437 0.885948
vt 0.822481 0.883195
vt 0.821528 0.884919
vt 0.620683 0.547552
vt 0.620644 0.547475
vt 0.620373 0.547899
vt 0.714686 0.470059
vt 0.715434 0.470099
vt 0.715110 0.469733
vt 0.948053 0.810761
vt 0.947456 0.811500
vt 0.949366 0.813011
vt 0.737374 0.695260
vt 0.738862 0.693599
vt 0.737450 0.693598
vt 0.980524 0.958372
vt 0.981244 0.957091
vt 0.980967 0.956455
vt 0.598476 0.671916
vt 0.596216 0.672844
vt 0.426724 0.450860
vt 0.424688 0.448567
vt 0.246923 0.496394
vt 0.524409 0.629789
vt 0.524768 0.634260
vt 0.525770 0.629625
vt 0.521692 0.636543
vt 0.521683 0.632283
vt 0.520215 0.635736
vt 0.805276 0.788210
vt 0.802873 0.787871
vt 0.802426 0.789069
vt 0.927010 0.756721
vt 0.926133 0.754810
vt 0.926000 0.755864
vt 0.563748 0.937240
vt 0.563849 0.936686
vt 0.562829 0.936297
vt 0.266775 0.088637
vt 0.265838 0.088135
vt 0.266710 0.089966
vt 0.406862 0.148138
vt 0.406146 0.146304
vt 0.405175 0.146610
vt 0.378104 0.502332
vt 0.378210 0.500721
vt 0.377561 0.502207
vt 0.221134 0.023845
vt 0.308460 0.070580
vt 0.305389 0.073732
vt 0.306699 0.073202
vt 0.305791 0.071616
vt 0.664361 0.500532
vt 0.666569 0.503342
vt 0.666073 0.500755
vt 0.622018 0.858519
vt 0.621923 0.860821
vt 0.624033 0.856459
vt 0.633532 0.378701
vt 0.634957 0.379553
vt 0.637473 0.376604
vt 0.828644 0.117680
vt 0.828833 0.117113
vt 0.827935 0.116107
vt 0.817671 0.812126
vt 0.817848 0.813314
vt 0.819812 0.812580
vt 0.817320 0.948319
vt 0.815912 0.950431
vt 0.816527 0.950857
vt 0.416902 0.386993
vt 0.924643 0.951491
vt 0.924175 0.949863
vt 0.923208 0.950103
vt 0.699868 0.759767
vt 0.700810 0.758802
vt 0.700250 0.757755
vt 0.696738 0.761282
vt 0.698887 0.764196
vt 0.744144 0.602529
vt 0.744365 0.606642
vt 0.745818 0.606454
vt 0.814456 0.196675
vt 0.815499 0.195869
vt 0.812578 0.193058
vt 0.573048 0.610351
vt 0.573626 0.612559
vt 0.746842 0.814136
vt 0.744750 0.811002
vt 0.744821 0.812849
vt 0.812077 0.191344
vt 0.649921 0.635346
vt 0.650435 0.637066
vt 0.072793 0.696557
vt 0.075014 0.693787
vt 0.072793 0.695238
vt 0.582356 0.116078
vt 0.583294 0.118060
vt 0.584201 0.116555
vt 0.906528 0.484518
vt 0.906403 0.484630
vt 0.904236 0.486823
vt 0.904959 0.487611
vt 0.527543 0.622281
vt 0.527012 0.620856
vt 0.277460 0.691981
vt 0.154966 0.217700
vt 0.156670 0.215695
vt 0.155195 0.216124
vt 0.004342 0.920996
vt 0.001539 0.921444
vt 0.004351 0.922192
vt 0.766014 0.802135
vt 0.764884 0.801544
vt 0.765290 0.802622
vt 0.183098 0.499428
vt 0.098656 0.787251
vt 0.099071 0.788648
vt 0.100472 0.785771
vt 0.101380 0.788169
vt 0.941759 0.933199
vt 0.940185 0.935661
vt 0.731147 0.757629
vt 0.732267 0.756935
vt 0.729954 0.756040
vt 0.730106 0.757357
vt 0.729299 0.758622
vt 0.641258 0.321080
vt 0.933978 0.919392
vt 0.657450 0.658163
vt 0.659172 0.657938
vt 0.705963 0.267970
vt 0.705902 0.265342
vt 0.705710 0.266830
vt 0.168917 0.492533
vt 0.169448 0.489389
vt 0.753411 0.951551
vt 0.752356 0.950330
vt 0.751647 0.951536
vt 0.913034 0.482333
vt 0.910616 0.481170
vt 0.909615 0.482958
vt 0.959966 0.413002
vt 0.959138 0.411361
vt 0.958735 0.412812
vt 0.956296 0.411550
vt 0.784944 0.279236
vt 0.240296 0.486498
vt 0.879167 0.901608
vt 0.881069 0.899817
vt 0.878695 0.900380
vt 0.073391 0.780032
vt 0.070809 0.782015
vt 0.071332 0.782555
vt 0.179785 0.847790
vt 0.520622 0.135311
vt 0.522401 0.135640
vt 0.520919 0.134337
vt 0.141708 0.818030
vt 0.140707 0.816588
vt 0.142790 0.818330
vt 0.697360 0.765040
vt 0.698916 0.765531
vt 0.945491 0.611474
vt 0.944818 0.610119
vt 0.943320 0.610729
vt 0.349844 0.540857
vt 0.279917 0.873398
vt 0.280840 0.872070
vt 0.279688 0.868901
vt 0.782614 0.461480
vt 0.782254 0.460846
vt 0.781428 0.461727
vt 0.782407 0.462534
vt 0.972586 0.943892
vt 0.096360 0.647115
vt 0.096718 0.649351
vt 0.099465 0.649356
vt 0.901191 0.136636
vt 0.900598 0.139331
vt 0.901468 0.138186
vt 0.094423 0.647314
vt 0.053439 0.715015
vt 0.054798 0.714927
vt 0.054640 0.713883
vt 0.521767 0.638188
vt 0.520703 0.639548
vt 0.490454 0.307023
vt 0.490785 0.305647
vt 0.543193 0.494189
vt 0.540241 0.496586
vt 0.471726 0.431224
vt 0.474606 0.427685
vt 0.470861 0.428398
vt 0.421225 0.445295
vt 0.420359 0.447601
vt 0.797912 0.185469
vt 0.797077 0.186576
vt 0.625395 0.854855
vt 0.623883 0.855215
vt 0.901709 0.466522
vt 0.901711 0.466673
vt 0.902680 0.466037
vt 0.612813 0.606236
vt 0.931323 0.621803
vt 0.933527 0.623275
vt 0.933290 0.620929
vt 0.119385 0.830544
vt 0.123293 0.829374
vt 0.120080 0.828225
vt 0.316580 0.067867
vt 0.320628 0.068380
vt 0.318268 0.066510
vt 0.969323 0.897351
vt 0.968291 0.896813
vt 0.969682 0.899007
vt 0.134004 0.690896
vt 0.133333 0.689004
vt 0.435601 0.975085
vt 0.437839 0.975978
vt 0.437635 0.974573
vt 0.120942 0.018410
vt 0.121307 0.018768
vt 0.121224 0.018668
vt 0.954609 0.892635
vt 0.955146 0.893824
vt 0.701969 0.081249
vt 0.703279 0.081544
vt 0.703461 0.079601
vt 0.702778 0.082602
vt 0.803276 0.644288
vt 0.806211 0.641593
vt 0.804653 0.642890
vt 0.741452 0.763831
vt 0.741514 0.762131
vt 0.739252 0.764888
vt 0.318657 0.021366
vt 0.318202 0.019573
vt 0.132706 0.043295
vt 0.132894 0.041277
vt 0.132077 0.042212
vt 0.546166 0.928581
vt 0.547500 0.929363
vt 0.548918 0.928933
vt 0.840544 0.409679
vt 0.837218 0.408745
vt 0.838934 0.410368
vt 0.974609 0.937263
vt 0.957367 0.893577
vt 0.920415 0.909622
vt 0.918324 0.910366
vt 0.918105 0.911467
vt 0.455709 0.952357
vt 0.455699 0.953505
vt 0.671670 0.282113
vt 0.132407 0.229097
vt 0.130951 0.227576
vt 0.131281 0.229286
vt 0.906517 0.401340
vt 0.905841 0.400221
vt 0.904621 0.400575
vt 0.242816 0.510191
vt 0.462250 0.486320
vt 0.462862 0.485643
vt 0.461204 0.485611
vt 0.540574 0.661024
vt 0.737971 0.466692
vt 0.738482 0.468797
vt 0.738783 0.466095
vt 0.517685 0.983850
vt 0.534002 0.501917
vt 0.533819 0.505074
vt 0.535656 0.503268
vt 0.757722 0.659781
vt 0.755968 0.658512
vt 0.756805 0.661091
vt 0.668884 0.855363
vt 0.671440 0.856544
vt 0.915884 0.792197
vt 0.915397 0.789515
vt 0.914525 0.792205
vt 0.648581 0.940132
vt 0.648026 0.940140
vt 0.645199 0.942242
vt 0.648327 0.942111
vt 0.567885 0.662095
vt 0.567496 0.660502
vt 0.566724 0.662369
vt 0.463993 0.423675
vt 0.465245 0.425184
vt 0.468087 0.422732
vt 0.271053 0.650496
vt 0.271347 0.653154
vt 0.273461 0.650974
vt 0.977652 0.142474
vt 0.978676 0.141472
vt 0.977839 0.139811
vt 0.178727 0.507455
vt 0.180006 0.505472
vt 0.915857 0.645819
vt 0.913416 0.644807
vt 0.914051 0.646864
vt 0.232321 0.049450
vt 0.555929 0.775194
vt 0.945503 0.657436
vt 0.945897 0.655563
vt 0.945039 0.655333
vt 0.798595 0.188050
vt 0.658081 0.485218
vt 0.459999 0.794352
vt 0.458526 0.795398
vt 0.078342 0.931845
vt 0.127976 0.589461
vt 0.128651 0.587019
vt 0.127911 0.587561
vt 0.332229 0.888172
vt 0.924217 0.948558
vt 0.585204 0.592991
vt 0.583741 0.593650
vt 0.586013 0.594486
vt 0.249342 0.509078
vt 0.663116 0.491377
vt 0.032454 0.768416
vt 0.032570 0.765403
vt 0.031014 0.767912
vt 0.094996 0.062522
vt 0.094441 0.064231
vt 0.095777 0.063244
vt 0.051813 0.717658
vt 0.052870 0.718031
vt 0.053594 0.716551
vt 0.582358 0.943346
vt 0.583398 0.942862
vt 0.582015 0.622211
vt 0.584093 0.622965
vt 0.583721 0.624006
vt 0.232374 0.501788
vt 0.890216 0.219540
vt 0.890794 0.218229
vt 0.889408 0.218228
vt 0.637448 0.386414
vt 0.637766 0.380509
vt 0.636697 0.386622
vt 0.097804 0.646415
vt 0.623477 0.684777
vt 0.622436 0.684816
vt 0.732899 0.634530
vt 0.731783 0.635966
vt 0.733702 0.636663
vt 0.967259 0.907604
vt 0.104593 0.793958
vt 0.105777 0.790379
vt 0.103847 0.790098
vt 0.112307 0.827988
vt 0.835491 0.923083
vt 0.834142 0.923330
vt 0.835675 0.924744
vt 0.836825 0.922674
vt 0.875920 0.221721
vt 0.875897 0.220668
vt 0.874455 0.220711
vt 0.509478 0.686977
vt 0.507139 0.686506
vt 0.508949 0.689291
vt 0.510937 0.689684
vt 0.536019 0.253190
vt 0.534611 0.254576
vt 0.536835 0.253645
vt 0.660597 0.744858
vt 0.659158 0.739209
vt 0.659751 0.744772
vt 0.103622 0.791821
vt 0.736658 0.645785
vt 0.736749 0.646613
vt 0.738134 0.647647
vt 0.739416 0.645715
vt 0.739147 0.648319
vt 0.499140 0.094061
vt 0.499376 0.091527
vt 0.498299 0.091959
vt 0.711333 0.840939
vt 0.710976 0.842089
vt 0.713082 0.910841
vt 0.714211 0.910557
vt 0.712107 0.909536
vt 0.666677 0.496868
vt 0.914214 0.928345
vt 0.913568 0.929269
vt 0.913826 0.931934
vt 0.630087 0.536664
vt 0.349920 0.598906
vt 0.351349 0.598405
vt 0.350174 0.597741
vt 0.882392 0.333336
vt 0.882671 0.331354
vt 0.880806 0.331981
vt 0.943839 0.581236
vt 0.945288 0.581604
vt 0.943747 0.580327
vt 0.254594 0.512299
vt 0.251997 0.513339
vt 0.842152 0.312339
vt 0.842653 0.311114
vt 0.840740 0.311935
vt 0.084234 0.649807
vt 0.084730 0.649338
vt 0.081291 0.646508
vt 0.842418 0.882650
vt 0.844529 0.881912
vt 0.842793 0.880369
vt 0.805649 0.787012
vt 0.804515 0.786851
vt 0.178022 0.848273
vt 0.396525 0.744483
vt 0.228743 0.050260
vt 0.374556 0.545415
vt 0.003414 0.919302
vt 0.001308 0.919228
vt 0.420612 0.384455
vt 0.429142 0.558151
vt 0.706614 0.958509
vt 0.705385 0.959554
vt 0.711758 0.958665
vt 0.417053 0.387844
vt 0.416861 0.387554
vt 0.671583 0.287714
vt 0.671881 0.288455
vt 0.419171 0.560772
vt 0.416151 0.560649
vt 0.597592 0.302126
vt 0.600358 0.298726
vt 0.254594 0.518371
vt 0.255277 0.517184
vt 0.530736 0.935547
vt 0.534080 0.936037
vt 0.536338 0.934787
vt 0.918835 0.313339
vt 0.920776 0.314822
vt 0.918433 0.310315
vt 0.904427 0.233624
vt 0.815797 0.951427
vt 0.702333 0.162648
vt 0.699238 0.163574
vt 0.701156 0.163570
vt 0.628216 0.106497
vt 0.276749 0.689969
vt 0.830814 0.396692
vt 0.829029 0.396953
vt 0.829194 0.398381
vt 0.668925 0.946121
vt 0.432593 0.723137
vt 0.435515 0.723903
vt 0.434592 0.722815
vt 0.235728 0.053662
vt 0.960987 0.901341
vt 0.968964 0.902544
vt 0.081934 0.088934
vt 0.083636 0.087920
vt 0.082426 0.087650
vt 0.423052 0.446094
vt 0.694624 0.318896
vt 0.691107 0.321626
vt 0.951067 0.415968
vt 0.950929 0.416824
vt 0.953103 0.414796
vt 0.306641 0.938654
vt 0.306028 0.937330
vt 0.326883 0.051934
vt 0.325181 0.047857
vt 0.353751 0.540901
vt 0.372055 0.780616
vt 0.373427 0.780926
vt 0.281162 0.874257
vt 0.281059 0.876484
vt 0.941956 0.901846
vt 0.602065 0.292260
vt 0.600927 0.295737
vt 0.604095 0.291866
vt 0.973632 0.929544
vt 0.530299 0.985279
vt 0.527988 0.983718
vt 0.525360 0.984055
vt 0.599442 0.297411
vt 0.570349 0.226722
vt 0.571344 0.227394
vt 0.572357 0.225658
vt 0.255212 0.508673
vt 0.255176 0.505200
vt 0.253318 0.505981
vt 0.604453 0.605085
vt 0.861419 0.341292
vt 0.860403 0.340081
vt 0.860140 0.343221
vt 0.980981 0.206900
vt 0.979591 0.206621
vt 0.980438 0.207706
vt 0.673864 0.947812
vt 0.011113 0.174859
vt 0.010279 0.174619
vt 0.010315 0.176739
vt 0.529769 0.937206
vt 0.532221 0.937483
vt 0.435705 0.976734
vt 0.434051 0.974629
vt 0.433947 0.976336
vt 0.940259 0.766277
vt 0.939353 0.764802
vt 0.940065 0.767676
vt 0.117416 0.702908
vt 0.118853 0.701416
vt 0.116607 0.700406
vt 0.597777 0.826662
vt 0.596308 0.827256
vt 0.114880 0.099455
vt 0.115088 0.100981
vt 0.116184 0.099208
vt 0.423265 0.457198
vt 0.060322 0.018633
vt 0.581818 0.592762
vt 0.582556 0.591540
vt 0.959249 0.895240
vt 0.523970 0.637594
vt 0.682987 0.027506
vt 0.683782 0.028469
vt 0.684502 0.027417
vt 0.432588 0.466512
vt 0.607944 0.289347
vt 0.604513 0.290806
vt 0.207456 0.709214
vt 0.427682 0.550727
vt 0.427125 0.553470
vt 0.429947 0.551599
vt 0.710082 0.468995
vt 0.709364 0.469807
vt 0.711268 0.471473
vt 0.678933 0.938085
vt 0.678203 0.938827
vt 0.938202 0.145960
vt 0.939042 0.148513
vt 0.938945 0.146765
vt 0.173246 0.506349
vt 0.741082 0.997588
vt 0.740009 0.997982
vt 0.740977 0.998419
vt 0.855719 0.033199
vt 0.856508 0.034492
vt 0.857252 0.033530
vt 0.914731 0.932487
vt 0.967022 0.921594
vt 0.422247 0.461432
vt 0.423777 0.462177
vt 0.515310 0.984179
vt 0.516971 0.984852
vt 0.445930 0.176721
vt 0.445721 0.177683
vt 0.447068 0.177216
vt 0.657127 0.945563
vt 0.634989 0.941267
vt 0.633686 0.943343
vt 0.639605 0.941897
vt 0.135225 0.838037
vt 0.131155 0.839810
vt 0.131903 0.840388
vt 0.959426 0.901402
vt 0.491530 0.258544
vt 0.491370 0.260527
vt 0.492470 0.260758
vt 0.569093 0.923949
vt 0.571712 0.925883
vt 0.963323 0.687032
vt 0.963835 0.688260
vt 0.964413 0.685697
vt 0.280038 0.692886
vt 0.279256 0.693482
vt 0.253482 0.529543
vt 0.583214 0.636404
vt 0.584851 0.637607
vt 0.467243 0.295227
vt 0.696220 0.763229
vt 0.696304 0.764870
vt 0.696406 0.764898
vt 0.531913 0.667914
vt 0.532358 0.667987
vt 0.531722 0.667599
vt 0.530202 0.667284
vt 0.470825 0.293397
vt 0.698126 0.661366
vt 0.697627 0.660821
vt 0.697192 0.661762
vt 0.658727 0.515345
vt 0.658157 0.514763
vt 0.658061 0.515220
vt 0.659136 0.513881
vt 0.658150 0.513836
vt 0.670509 0.279679
vt 0.669779 0.280298
vt 0.670197 0.281587
vt 0.548871 0.932153
vt 0.550033 0.932794
vt 0.551084 0.931599
vt 0.803478 0.197771
vt 0.805085 0.198391
vt 0.674922 0.940032
vt 0.674756 0.940058
vt 0.669779 0.939540
vt 0.668594 0.939584
vt 0.668126 0.939997
vt 0.879152 0.871789
vt 0.879320 0.872920
vt 0.879292 0.872566
vt 0.879060 0.870400
vt 0.473337 0.946639
vt 0.551056 0.927234
vt 0.549293 0.930195
vt 0.551323 0.930640
vt 0.551904 0.928722
vt 0.564894 0.629379
vt 0.564705 0.629574
vt 0.564889 0.631081
vt 0.805742 0.199301
vt 0.806605 0.198565
vt 0.741659 0.997131
vt 0.740702 0.997007
vt 0.429583 0.548871
vt 0.428297 0.549583
vt 0.254093 0.109225
vt 0.254520 0.108333
vt 0.254085 0.108680
vt 0.620830 0.549981
vt 0.622382 0.548460
vt 0.620794 0.547704
vt 0.622927 0.940434
vt 0.626288 0.939559
vt 0.623594 0.938820
vt 0.661659 0.940111
vt 0.664809 0.942813
vt 0.664698 0.940133
vt 0.663068 0.939075
vt 0.690013 0.082546
vt 0.688110 0.081831
vt 0.687701 0.082145
vt 0.687696 0.082455
vt 0.123976 0.390176
vt 0.123774 0.389117
vt 0.123495 0.389868
vt 0.444422 0.765193
vt 0.442896 0.766069
vt 0.446695 0.765225
vt 0.963155 0.289643
vt 0.965104 0.290448
vt 0.964326 0.288303
vt 0.657188 0.939208
vt 0.522240 0.116731
vt 0.522220 0.117491
vt 0.770101 0.899303
vt 0.769654 0.900077
vt 0.770318 0.900264
vt 0.119473 0.828364
vt 0.119091 0.830008
vt 0.709143 0.470310
vt 0.709620 0.471017
vt 0.373619 0.188792
vt 0.372584 0.188356
vt 0.372567 0.188363
vt 0.372401 0.189710
vt 0.695110 0.320406
vt 0.696408 0.318268
vt 0.470338 0.429767
vt 0.471501 0.431592
vt 0.602062 0.600998
vt 0.601298 0.601711
vt 0.602660 0.602111
vt 0.605184 0.601603
vt 0.842678 0.314503
vt 0.841660 0.314797
vt 0.841080 0.315763
vt 0.841066 0.315917
vt 0.842952 0.312907
vt 0.842028 0.313953
vt 0.671303 0.285689
vt 0.412506 0.556606
vt 0.412683 0.555209
vt 0.411675 0.556041
vt 0.774785 0.481027
vt 0.777251 0.480879
vt 0.776440 0.479944
vt 0.775098 0.480042
vt 0.468879 0.944856
vt 0.468832 0.944849
vt 0.066413 0.367851
vt 0.066609 0.369203
vt 0.067545 0.367492
vt 0.473984 0.290670
vt 0.473772 0.290817
vt 0.421321 0.553811
vt 0.421167 0.553767
vt 0.970523 0.905170
vt 0.971467 0.903428
vt 0.971337 0.903240
vt 0.624717 0.941214
vt 0.626647 0.939562
vt 0.848806 0.488933
vt 0.848608 0.489615
vt 0.848956 0.490297
vt 0.849423 0.490254
vt 0.592739 0.461127
vt 0.590199 0.456093
vt 0.589857 0.458493
vt 0.590618 0.461296
vt 0.229584 0.036009
vt 0.632911 0.939950
vt 0.630624 0.939616
vt 0.626982 0.939591
vt 0.848283 0.488959
vt 0.117520 0.021558
vt 0.119114 0.021062
vt 0.118212 0.020064
vt 0.117826 0.020053
vt 0.422613 0.387812
vt 0.423214 0.387865
vt 0.567835 0.628003
vt 0.567188 0.627196
vt 0.567440 0.626892
vt 0.653344 0.939366
vt 0.097062 0.592090
vt 0.096813 0.590999
vt 0.096699 0.590977
vt 0.095613 0.591567
vt 0.568126 0.073323
vt 0.567561 0.073557
vt 0.568981 0.074349
vt 0.244099 0.509657
vt 0.244955 0.506586
vt 0.246180 0.509663
vt 0.324718 0.043501
vt 0.327633 0.040898
vt 0.327766 0.043563
vt 0.956211 0.357921
vt 0.956286 0.359027
vt 0.954950 0.357367
vt 0.760282 0.392263
vt 0.760649 0.393192
vt 0.758978 0.394122
vt 0.954187 0.355879
vt 0.245908 0.503070
vt 0.250083 0.505191
vt 0.853976 0.886415
vt 0.851540 0.886297
vt 0.852256 0.884930
vt 0.177465 0.508908
vt 0.175663 0.514294
vt 0.174991 0.510390
vt 0.185644 0.502740
vt 0.183693 0.501042
vt 0.185971 0.497841
vt 0.761916 0.392448
vt 0.806141 0.191745
vt 0.808078 0.188906
vt 0.809365 0.189475
vt 0.550397 0.774629
vt 0.550386 0.771807
vt 0.551902 0.773428
vt 0.666047 0.167654
vt 0.664991 0.168542
vt 0.665355 0.166974
vt 0.011357 0.765427
vt 0.010617 0.766476
vt 0.008668 0.766596
vt 0.887062 0.884985
vt 0.889050 0.885943
vt 0.888485 0.886626
vt 0.963996 0.939065
vt 0.958022 0.939123
vt 0.960242 0.935400
vt 0.961141 0.898141
vt 0.964158 0.898281
vt 0.962966 0.904335
vt 0.667911 0.944572
vt 0.670204 0.940288
vt 0.670040 0.944282
vt 0.622749 0.683188
vt 0.621828 0.680223
vt 0.624232 0.682423
vt 0.817981 0.393439
vt 0.819515 0.394057
vt 0.817940 0.394913
vt 0.964544 0.915629
vt 0.959298 0.913803
vt 0.962826 0.911179
vt 0.772524 0.518995
vt 0.772161 0.522122
vt 0.771212 0.520997
vt 0.131642 0.688994
vt 0.129995 0.689984
vt 0.128789 0.689187
vt 0.233600 0.106171
vt 0.232970 0.107820
vt 0.232369 0.106981
vt 0.368125 0.779246
vt 0.369611 0.775887
vt 0.371767 0.778161
vt 0.237676 0.488120
vt 0.239807 0.487543
vt 0.237671 0.489988
vt 0.973162 0.946948
vt 0.970200 0.946317
vt 0.973375 0.945788
vt 0.498533 0.308531
vt 0.497030 0.310083
vt 0.495747 0.308454
vt 0.312378 0.019158
vt 0.422219 0.268414
vt 0.314520 0.021522
vt 0.313273 0.020609
vt 0.423890 0.450287
vt 0.424249 0.453480
vt 0.421945 0.449886
vt 0.059016 0.474977
vt 0.057021 0.475831
vt 0.057301 0.474660
vt 0.376650 0.553540
vt 0.375812 0.547831
vt 0.382775 0.544502
vt 0.801190 0.187050
vt 0.803485 0.189952
vt 0.800179 0.188360
vt 0.078729 0.933607
vt 0.077521 0.933036
vt 0.080723 0.932943
vt 0.551709 0.776050
vt 0.554847 0.774054
vt 0.554785 0.775480
vt 0.175397 0.518089
vt 0.173656 0.522589
vt 0.171674 0.520632
vt 0.230766 0.265666
vt 0.232282 0.267725
vt 0.231129 0.267397
vt 0.966103 0.894587
vt 0.967567 0.897951
vt 0.065506 0.008130
vt 0.068229 0.009621
vt 0.063889 0.009263
vt 0.426732 0.459201
vt 0.427155 0.462472
vt 0.424212 0.460165
vt 0.417866 0.553370
vt 0.184116 0.489764
vt 0.186065 0.490700
vt 0.183748 0.494732
vt 0.318939 0.029534
vt 0.322081 0.026927
vt 0.320994 0.033292
vt 0.491750 0.160356
vt 0.488154 0.159984
vt 0.491361 0.159624
vt 0.216469 0.823521
vt 0.216022 0.825127
vt 0.213250 0.824453
vt 0.963666 0.925943
vt 0.968565 0.924004
vt 0.965064 0.931174
vt 0.954529 0.923150
vt 0.951210 0.912824
vt 0.957754 0.919150
vt 0.085142 0.143425
vt 0.085532 0.145381
vt 0.084285 0.145535
vt 0.173941 0.516336
vt 0.342261 0.546018
vt 0.343641 0.549973
vt 0.342211 0.548450
vt 0.171236 0.516296
vt 0.172420 0.517090
vt 0.426479 0.464395
vt 0.429082 0.462113
vt 0.431462 0.464480
vt 0.670129 0.460861
vt 0.669970 0.462805
vt 0.668991 0.459434
vt 0.621236 0.863319
vt 0.621349 0.864970
vt 0.619744 0.865343
vt 0.228127 0.037891
vt 0.489850 0.319825
vt 0.487630 0.320360
vt 0.492691 0.316664
vt 0.485782 0.314749
vt 0.483567 0.315523
vt 0.483111 0.314574
vt 0.402311 0.746821
vt 0.400142 0.748100
vt 0.399341 0.744467
vt 0.248720 0.499132
vt 0.949409 0.933726
vt 0.944178 0.927021
vt 0.950283 0.923486
vt 0.965380 0.948212
vt 0.965863 0.944629
vt 0.524824 0.494354
vt 0.524693 0.495509
vt 0.523749 0.494342
vt 0.367575 0.547708
vt 0.367088 0.546756
vt 0.371790 0.546251
vt 0.331946 0.890253
vt 0.330978 0.892470
vt 0.329581 0.890252
vt 0.845465 0.892886
vt 0.846796 0.892435
vt 0.847184 0.893864
vt 0.837872 0.847862
vt 0.837525 0.846931
vt 0.839544 0.847615
vt 0.427267 0.559828
vt 0.425616 0.558848
vt 0.430750 0.553631
vt 0.986259 0.848511
vt 0.987474 0.848911
vt 0.987907 0.850830
vt 0.947641 0.911032
vt 0.064453 0.014746
vt 0.065385 0.011988
vt 0.066652 0.015391
vt 0.342804 0.553223
vt 0.341526 0.549849
vt 0.428348 0.456615
vt 0.430261 0.459670
vt 0.426775 0.457053
vt 0.969209 0.943117
vt 0.971212 0.940425
vt 0.217484 0.021681
vt 0.217475 0.019563
vt 0.218497 0.019516
vt 0.633551 0.311117
vt 0.639608 0.314992
vt 0.640044 0.318734
vt 0.622283 0.505463
vt 0.622611 0.508110
vt 0.620983 0.509971
vt 0.275008 0.690863
vt 0.272764 0.689662
vt 0.275547 0.690082
vt 0.237732 0.498414
vt 0.242050 0.498666
vt 0.240831 0.503536
vt 0.236698 0.501314
vt 0.043310 0.479315
vt 0.041596 0.478051
vt 0.042887 0.478309
vt 0.960984 0.905090
vt 0.593342 0.670011
vt 0.596733 0.670419
vt 0.594854 0.672621
vt 0.945379 0.921609
vt 0.145961 0.989176
vt 0.146853 0.989910
vt 0.144331 0.991831
vt 0.837242 0.997023
vt 0.837867 0.998973
vt 0.836400 0.997466
vt 0.644198 0.115141
vt 0.644213 0.113769
vt 0.645691 0.114554
vt 0.664727 0.496120
vt 0.665424 0.493388
vt 0.667369 0.496101
vt 0.956553 0.898663
vt 0.956572 0.905054
vt 0.219273 0.022827
vt 0.220096 0.019226
vt 0.630620 0.943336
vt 0.633805 0.944493
vt 0.630735 0.944685
vt 0.620653 0.676288
vt 0.622316 0.674999
vt 0.625497 0.678788
vt 0.956218 0.740528
vt 0.957518 0.741830
vt 0.956215 0.742277
vt 0.953758 0.928787
vt 0.672583 0.411131
vt 0.669579 0.409849
vt 0.672507 0.409711
vt 0.242574 0.493864
vt 0.245106 0.494846
vt 0.239736 0.495654
vt 0.379018 0.539280
vt 0.379091 0.539275
vt 0.380664 0.540020
vt 0.377458 0.541015
vt 0.676937 0.649041
vt 0.986567 0.293042
vt 0.986777 0.291249
vt 0.987837 0.292953
vt 0.904634 0.485145
vt 0.496104 0.981622
vt 0.957878 0.957249
vt 0.956125 0.956681
vt 0.957986 0.954892
vt 0.605549 0.605231
vt 0.606975 0.605725
vt 0.971317 0.918598
vt 0.965034 0.918953
vt 0.969731 0.915597
vt 0.672750 0.288378
vt 0.673916 0.284738
vt 0.674653 0.286974
vt 0.791642 0.133407
vt 0.790472 0.134737
vt 0.790310 0.133619
vt 0.033465 0.461666
vt 0.032919 0.462968
vt 0.032452 0.460981
vt 0.951819 0.906289
vt 0.946302 0.906962
vt 0.949575 0.899850
vt 0.951551 0.892515
vt 0.952482 0.892640
vt 0.949243 0.894826
vt 0.629708 0.382055
vt 0.628703 0.382534
vt 0.629999 0.380692
vt 0.967713 0.935298
vt 0.970211 0.938341
vt 0.493841 0.310425
vt 0.497150 0.312506
vt 0.490731 0.312445
vt 0.677115 0.941971
vt 0.675518 0.945570
vt 0.674241 0.943912
vt 0.959066 0.927319
vt 0.268036 0.681734
vt 0.268249 0.679567
vt 0.270026 0.681524
vt 0.806162 0.197938
vt 0.810460 0.195977
vt 0.971237 0.949008
vt 0.970477 0.950343
vt 0.958033 0.943774
vt 0.955260 0.944038
vt 0.432971 0.470897
vt 0.430478 0.468851
vt 0.432313 0.468998
vt 0.952130 0.901636
vt 0.345876 0.551100
vt 0.237161 0.040537
vt 0.181333 0.497049
vt 0.461059 0.795763
vt 0.459759 0.799588
vt 0.457798 0.797684
vt 0.613968 0.768626
vt 0.610868 0.766894
vt 0.614013 0.765490
vt 0.591977 0.666676
vt 0.590203 0.668427
vt 0.958631 0.950381
vt 0.959224 0.951739
vt 0.328504 0.892526
vt 0.575249 0.618363
vt 0.574617 0.615909
vt 0.577620 0.615965
vt 0.955846 0.912695
vt 0.964231 0.894584
vt 0.900625 0.626113
vt 0.901924 0.628152
vt 0.900610 0.628974
vt 0.478016 0.285276
vt 0.953935 0.897036
vt 0.251213 0.500347
vt 0.252508 0.501716
vt 0.251393 0.503292
vt 0.235602 0.496515
vt 0.419689 0.685643
vt 0.422728 0.685997
vt 0.421440 0.688854
vt 0.469858 0.945835
vt 0.693495 0.323793
vt 0.691305 0.323772
vt 0.371886 0.540975
vt 0.372314 0.540867
vt 0.372099 0.541367
vt 0.776434 0.657977
vt 0.775677 0.656467
vt 0.777794 0.657274
vt 0.966076 0.904641
vt 0.152979 0.992480
vt 0.155013 0.992603
vt 0.152468 0.994172
vt 0.023615 0.465657
vt 0.024766 0.464526
vt 0.024308 0.466428
vt 0.897284 0.295203
vt 0.898447 0.294837
vt 0.898585 0.295520
vt 0.077834 0.618086
vt 0.079127 0.617892
vt 0.079184 0.619488
vt 0.203762 0.912975
vt 0.819165 0.943000
vt 0.817331 0.942403
vt 0.819411 0.941531
vt 0.475956 0.153879
vt 0.474998 0.151090
vt 0.475895 0.152148
vt 0.962549 0.952961
vt 0.962469 0.944992
vt 0.428441 0.375925
vt 0.428719 0.380731
vt 0.425899 0.377513
vt 0.696112 0.982131
vt 0.693984 0.982598
vt 0.695041 0.981916
vt 0.572495 0.927405
vt 0.571371 0.928760
vt 0.568815 0.925206
vt 0.961147 0.960995
vt 0.961199 0.957709
vt 0.962952 0.959332
vt 0.629392 0.107447
vt 0.629194 0.105855
vt 0.630408 0.106791
vt 0.776931 0.629380
vt 0.778714 0.630980
vt 0.777385 0.631040
vt 0.140661 0.814718
vt 0.141983 0.813920
vt 0.142537 0.816890
vt 0.330887 0.042087
vt 0.238566 0.504266
vt 0.363405 0.139894
vt 0.365099 0.141283
vt 0.362678 0.140749
vt 0.945279 0.903128
vt 0.783872 0.278651
vt 0.782369 0.280050
vt 0.782088 0.278876
vt 0.781071 0.277381
vt 0.474206 0.290994
vt 0.250941 0.523461
vt 0.252678 0.517324
vt 0.252049 0.523663
vt 0.058059 0.003264
vt 0.061427 0.005000
vt 0.059686 0.006708
vt 0.970138 0.201451
vt 0.968738 0.201864
vt 0.969836 0.200313
vt 0.216372 0.327585
vt 0.217317 0.327005
vt 0.217065 0.328378
vt 0.910787 0.629105
vt 0.912066 0.627954
vt 0.912172 0.629571
vt 0.678587 0.940050
vt 0.579726 0.631349
vt 0.579459 0.628234
vt 0.581823 0.633321
vt 0.577241 0.628240
vt 0.915678 0.936111
vt 0.913673 0.936274
vt 0.914227 0.935203
vt 0.509697 0.050695
vt 0.510088 0.049618
vt 0.510874 0.050868
vt 0.147303 0.916608
vt 0.144932 0.916571
vt 0.146237 0.915390
vt 0.939102 0.923000
vt 0.939879 0.926963
vt 0.938130 0.932363
vt 0.812933 0.196384
vt 0.812312 0.194267
vt 0.643310 0.317185
vt 0.645634 0.317582
vt 0.575929 0.942341
vt 0.576810 0.942630
vt 0.576222 0.943312
vt 0.942439 0.938325
vt 0.943925 0.938722
vt 0.942536 0.942004
vt 0.090971 0.962640
vt 0.089482 0.966278
vt 0.088682 0.964642
vt 0.468944 0.295862
vt 0.470916 0.293504
vt 0.472401 0.294058
vt 0.420904 0.955954
vt 0.422072 0.954589
vt 0.422195 0.955698
vt 0.715477 0.838994
vt 0.713875 0.839148
vt 0.715092 0.837552
vt 0.714442 0.908983
vt 0.712722 0.906009
vt 0.714756 0.906315
vt 0.166526 0.497970
vt 0.163876 0.500110
vt 0.161851 0.499165
vt 0.223542 0.029421
vt 0.220549 0.026771
vt 0.225069 0.027565
vt 0.935636 0.913791
vt 0.935978 0.921489
vt 0.934180 0.917335
vt 0.493517 0.040650
vt 0.494013 0.041823
vt 0.626671 0.680600
vt 0.622961 0.678846
vt 0.575427 0.611773
vt 0.577688 0.613813
vt 0.197917 0.093483
vt 0.198258 0.091871
vt 0.199436 0.093562
vt 0.963987 0.310580
vt 0.962741 0.311459
vt 0.962021 0.310121
vt 0.943582 0.943184
vt 0.946747 0.941562
vt 0.826332 0.344211
vt 0.824854 0.343907
vt 0.826944 0.341110
vt 0.581400 0.635974
vt 0.579094 0.633479
vt 0.241999 0.508557
vt 0.239078 0.506284
vt 0.380737 0.542735
vt 0.383664 0.540012
vt 0.457728 0.796803
vt 0.457492 0.798534
vt 0.456857 0.798990
vt 0.320382 0.037671
vt 0.316797 0.040582
vt 0.180364 0.493367
vt 0.174633 0.490244
vt 0.627689 0.944629
vt 0.627361 0.943324
vt 0.629310 0.941853
vt 0.883401 0.332215
vt 0.883892 0.335171
vt 0.882796 0.334641
vt 0.581095 0.617873
vt 0.582873 0.619985
vt 0.580627 0.619630
vt 0.055483 0.649533
vt 0.055637 0.653398
vt 0.053918 0.650519
vt 0.212226 0.824897
vt 0.212912 0.825741
vt 0.428176 0.385507
vt 0.421952 0.386061
vt 0.425824 0.383651
vt 0.432065 0.260425
vt 0.430644 0.261014
vt 0.431432 0.259447
vt 0.355994 0.147337
vt 0.355011 0.149266
vt 0.355317 0.147997
vt 0.195860 0.165309
vt 0.194385 0.164370
vt 0.195407 0.163412
vt 0.577275 0.633533
vt 0.577964 0.631648
vt 0.703980 0.918768
vt 0.704359 0.917036
vt 0.706421 0.916748
vt 0.678314 0.943728
vt 0.352764 0.544376
vt 0.356015 0.547878
vt 0.353856 0.550863
vt 0.612366 0.762334
vt 0.615127 0.762114
vt 0.615679 0.763421
vt 0.958880 0.906139
vt 0.398153 0.377032
vt 0.398790 0.376360
vt 0.399097 0.377792
vt 0.375726 0.557443
vt 0.374206 0.553690
vt 0.374241 0.559656
vt 0.376394 0.558571
vt 0.373265 0.561119
vt 0.951484 0.948854
vt 0.958615 0.947561
vt 0.659616 0.523397
vt 0.658973 0.524635
vt 0.704724 0.819735
vt 0.704458 0.820202
vt 0.704254 0.820242
vt 0.228413 0.033443
vt 0.224958 0.036072
vt 0.224642 0.032766
vt 0.876812 0.580453
vt 0.950959 0.937134
vt 0.949892 0.941162
vt 0.945624 0.936576
vt 0.578236 0.807468
vt 0.576572 0.804644
vt 0.580370 0.803580
vt 0.496081 0.305972
vt 0.496413 0.307132
vt 0.454853 0.013652
vt 0.456322 0.013425
vt 0.455734 0.014553
vt 0.960029 0.931536
vt 0.584671 0.639658
vt 0.583420 0.640157
vt 0.583461 0.639073
vt 0.534661 0.499799
vt 0.536670 0.497825
vt 0.537609 0.500423
vt 0.319939 0.053574
vt 0.315840 0.054817
vt 0.316996 0.049172
vt 0.174333 0.505702
vt 0.177206 0.506059
vt 0.938361 0.910384
vt 0.940859 0.912103
vt 0.960976 0.892199
vt 0.467290 0.947961
vt 0.472314 0.946779
vt 0.955273 0.932308
vt 0.627707 0.534801
vt 0.626825 0.531340
vt 0.633699 0.534595
vt 0.631118 0.535577
vt 0.631166 0.529322
vt 0.633290 0.530448
vt 0.628635 0.529124
vt 0.669058 0.466466
vt 0.665979 0.465536
vt 0.668485 0.464343
vt 0.599287 0.830141
vt 0.601744 0.829589
vt 0.600367 0.831929
vt 0.420404 0.381541
vt 0.419774 0.387744
vt 0.418418 0.383467
vt 0.967040 0.910150
vt 0.802588 0.196683
vt 0.801489 0.193843
vt 0.221563 0.023134
vt 0.769579 0.517724
vt 0.769232 0.519159
vt 0.768109 0.520501
vt 0.152251 0.959924
vt 0.150687 0.959518
vt 0.150245 0.957035
vt 0.374628 0.477890
vt 0.375805 0.478250
vt 0.374420 0.478893
vt 0.967665 0.951912
vt 0.217876 0.029834
vt 0.218962 0.028837
vt 0.220802 0.030089
vt 0.296876 0.412673
vt 0.295074 0.412647
vt 0.296471 0.411520
vt 0.276522 0.865476
vt 0.279923 0.863334
vt 0.278934 0.864743
vt 0.763331 0.963969
vt 0.369884 0.539796
vt 0.369876 0.540892
vt 0.973946 0.927944
vt 0.971256 0.930352
vt 0.974324 0.926378
vt 0.861053 0.867219
vt 0.861749 0.865888
vt 0.862757 0.866263
vt 0.863715 0.865076
vt 0.233681 0.052001
vt 0.233929 0.043437
vt 0.061596 0.019367
vt 0.061389 0.015396
vt 0.065864 0.018150
vt 0.965833 0.956427
vt 0.965095 0.953618
vt 0.344711 0.544281
vt 0.346222 0.548332
vt 0.565824 0.633555
vt 0.567277 0.635377
vt 0.564464 0.639614
vt 0.692308 0.324818
vt 0.690544 0.325617
vt 0.620243 0.863728
vt 0.578299 0.618142
vt 0.250338 0.502482
vt 0.865959 0.943554
vt 0.864744 0.944289
vt 0.864628 0.942061
vt 0.013991 0.924635
vt 0.012758 0.927761
vt 0.012605 0.925198
vt 0.924533 0.396164
vt 0.922121 0.394600
vt 0.923895 0.393562
vt 0.065997 0.004774
vt 0.070077 0.008066
vt 0.068042 0.008256
vt 0.172990 0.512488
vt 0.653909 0.941447
vt 0.653274 0.939554
vt 0.266982 0.851092
vt 0.266568 0.851612
vt 0.264593 0.847747
vt 0.433587 0.470318
vt 0.905615 0.233985
vt 0.905198 0.232589
vt 0.906031 0.232491
vt 0.523371 0.118239
vt 0.523996 0.119424
vt 0.108388 0.968755
vt 0.108759 0.969861
vt 0.105842 0.970655
vt 0.738321 0.797107
vt 0.737784 0.798778
vt 0.737813 0.795919
vt 0.198903 0.617725
vt 0.199572 0.618918
vt 0.198093 0.618312
vt 0.421459 0.456363
vt 0.091011 0.880185
vt 0.088763 0.882190
vt 0.089004 0.879208
vt 0.636346 0.842733
vt 0.634662 0.841411
vt 0.635464 0.839074
vt 0.236046 0.506854
vt 0.235660 0.509516
vt 0.196466 0.601254
vt 0.197351 0.600966
vt 0.196588 0.602571
vt 0.733618 0.677084
vt 0.733482 0.679032
vt 0.731331 0.677215
vt 0.131459 0.687868
vt 0.317742 0.043311
vt 0.323400 0.043754
vt 0.321718 0.047674
vt 0.348195 0.552330
vt 0.350118 0.550511
vt 0.350715 0.554992
vt 0.225888 0.029224
vt 0.167455 0.498220
vt 0.731978 0.992661
vt 0.732751 0.993201
vt 0.731753 0.994092
vt 0.938887 0.667533
vt 0.939676 0.669884
vt 0.938017 0.670343
vt 0.425390 0.374280
vt 0.426930 0.373158
vt 0.636338 0.533704
vt 0.635729 0.532628
vt 0.917923 0.468997
vt 0.919145 0.469007
vt 0.917434 0.472035
vt 0.665123 0.491492
vt 0.666635 0.490871
vt 0.663695 0.493170
vt 0.192435 0.633291
vt 0.192323 0.634135
vt 0.191468 0.632595
vt 0.211993 0.659204
vt 0.211849 0.661910
vt 0.210497 0.660782
vt 0.972665 0.933304
vt 0.711535 0.846110
vt 0.708759 0.845679
vt 0.711569 0.844521
vt 0.562385 0.986537
vt 0.563222 0.991410
vt 0.561113 0.987655
vt 0.560277 0.989429
vt 0.358690 0.551821
vt 0.358230 0.548595
vt 0.190016 0.609608
vt 0.190715 0.610657
vt 0.189011 0.610940
vt 0.779731 0.629366
vt 0.188129 0.639779
vt 0.189552 0.638845
vt 0.189543 0.640114
vt 0.005828 0.201466
vt 0.004664 0.202791
vt 0.005146 0.200499
vt 0.056347 0.201727
vt 0.055586 0.202697
vt 0.055932 0.200684
vt 0.113294 0.816508
vt 0.110654 0.816865
vt 0.112661 0.815607
vt 0.044323 0.840684
vt 0.042302 0.838886
vt 0.044971 0.838897
vt 0.954862 0.955162
vt 0.950381 0.952833
vt 0.950209 0.950896
vt 0.211643 0.664750
vt 0.214177 0.663622
vt 0.936647 0.906024
vt 0.936868 0.905581
vt 0.940747 0.908352
vt 0.350225 0.546107
vt 0.667738 0.458822
vt 0.666503 0.459754
vt 0.798519 0.573931
vt 0.798472 0.575488
vt 0.797599 0.575023
vt 0.526158 0.935971
vt 0.525965 0.934673
vt 0.529064 0.935039
vt 0.351330 0.535809
vt 0.351072 0.538241
vt 0.351847 0.534027
vt 0.770591 0.080951
vt 0.770035 0.081900
vt 0.769308 0.080941
vt 0.180706 0.849165
vt 0.181646 0.849991
vt 0.177871 0.851931
vt 0.178549 0.850015
vt 0.961703 0.922401
vt 0.668734 0.087303
vt 0.667474 0.086545
vt 0.668231 0.085770
vt 0.427908 0.454911
vt 0.426255 0.455795
vt 0.171119 0.495060
vt 0.170551 0.490157
vt 0.174721 0.495986
vt 0.319704 0.019345
vt 0.323439 0.019046
vt 0.320999 0.021174
vt 0.386952 0.549711
vt 0.384084 0.550385
vt 0.820547 0.941703
vt 0.176059 0.579890
vt 0.176382 0.578804
vt 0.177582 0.579162
vt 0.610748 0.606623
vt 0.609997 0.603730
vt 0.611169 0.604720
vt 0.007548 0.207676
vt 0.007477 0.205422
vt 0.008576 0.206785
vt 0.656152 0.743953
vt 0.654317 0.743468
vt 0.655850 0.742124
vt 0.580490 0.942178
vt 0.581769 0.939394
vt 0.583006 0.940721
vt 0.626464 0.502087
vt 0.626215 0.500191
vt 0.627413 0.500122
vt 0.608800 0.159672
vt 0.609039 0.161188
vt 0.631238 0.617751
vt 0.961971 0.562835
vt 0.415589 0.179601
vt 0.413880 0.179598
vt 0.414486 0.178326
vt 0.178044 0.496239
vt 0.627011 0.528024
vt 0.961116 0.942979
vt 0.491919 0.474835
vt 0.492859 0.478905
vt 0.489645 0.476268
vt 0.960321 0.925675
vt 0.174246 0.488733
vt 0.213856 0.825919
vt 0.215177 0.826372
vt 0.929775 0.607724
vt 0.931161 0.607709
vt 0.929483 0.609081
vt 0.103608 0.779074
vt 0.104761 0.780366
vt 0.102810 0.782890
vt 0.314294 0.061695
vt 0.315634 0.064283
vt 0.313334 0.063786
vt 0.147774 0.991805
vt 0.875094 0.336891
vt 0.660168 0.660706
vt 0.655747 0.662927
vt 0.656203 0.660392
vt 0.937799 0.493628
vt 0.939603 0.495290
vt 0.938677 0.495489
vt 0.960377 0.956459
vt 0.061626 0.011149
vt 0.801833 0.190805
vt 0.966691 0.912771
vt 0.908001 0.462978
vt 0.909231 0.463591
vt 0.910150 0.464314
vt 0.171744 0.502585
vt 0.173801 0.501556
vt 0.175241 0.501016
vt 0.421908 0.556453
vt 0.420751 0.558489
vt 0.819488 0.392896
vt 0.821029 0.394285
vt 0.170867 0.501034
vt 0.169536 0.502740
vt 0.169004 0.499784
vt 0.114166 0.827178
vt 0.115503 0.830424
vt 0.113161 0.830910
vt 0.208949 0.712261
vt 0.209250 0.709414
vt 0.209596 0.713738
vt 0.222005 0.032116
vt 0.222062 0.034192
vt 0.203769 0.947648
vt 0.201954 0.949832
vt 0.200869 0.949667
vt 0.806320 0.948081
vt 0.805699 0.946724
vt 0.807692 0.947517
vt 0.804549 0.947538
vt 0.233414 0.501600
vt 0.232264 0.499917
vt 0.038107 0.006811
vt 0.036898 0.006146
vt 0.038460 0.005995
vt 0.687198 0.179997
vt 0.685173 0.179057
vt 0.686843 0.178937
vt 0.670687 0.947164
vt 0.671703 0.945129
vt 0.233794 0.021263
vt 0.673356 0.752600
vt 0.571991 0.614170
vt 0.228380 0.029960
vt 0.958108 0.960954
vt 0.809969 0.873560
vt 0.811551 0.873129
vt 0.810941 0.874660
vt 0.936681 0.927206
vt 0.036437 0.976981
vt 0.033895 0.976279
vt 0.035108 0.973447
vt 0.242723 0.344601
vt 0.243014 0.345930
vt 0.241630 0.344619
vt 0.272823 0.129940
vt 0.270839 0.129699
vt 0.272475 0.128663
vt 0.170318 0.496352
vt 0.538748 0.495306
vt 0.536439 0.494826
vt 0.538990 0.492090
vt 0.230165 0.475149
vt 0.229971 0.473254
vt 0.230812 0.474030
vt 0.975775 0.414333
vt 0.974543 0.412504
vt 0.975637 0.410668
vt 0.457999 0.950889
vt 0.459188 0.950814
vt 0.458304 0.952900
vt 0.469486 0.964989
vt 0.467250 0.963593
vt 0.470024 0.959141
vt 0.468109 0.964635
vt 0.386081 0.540881
vt 0.388109 0.545516
vt 0.740648 0.747753
vt 0.739411 0.750088
vt 0.739810 0.747914
vt 0.741005 0.749097
vt 0.232164 0.054642
vt 0.229626 0.050514
vt 0.891997 0.322369
vt 0.892635 0.321477
vt 0.637080 0.780003
vt 0.641122 0.781336
vt 0.638259 0.781515
vt 0.638690 0.777043
vt 0.065193 0.020434
vt 0.063983 0.020871
vt 0.140007 0.968486
vt 0.138357 0.969375
vt 0.138949 0.967891
vt 0.662892 0.946435
vt 0.658618 0.942584
vt 0.659952 0.942078
vt 0.534854 0.491635
vt 0.537531 0.489751
vt 0.657939 0.486025
vt 0.660724 0.485409
vt 0.661066 0.487176
vt 0.663087 0.485763
vt 0.662129 0.488031
vt 0.971686 0.911996
vt 0.972352 0.913103
vt 0.971278 0.913541
vt 0.381363 0.560408
vt 0.380307 0.556383
vt 0.254219 0.524230
vt 0.251093 0.526691
vt 0.711920 0.470649
vt 0.731868 0.909647
vt 0.733483 0.910637
vt 0.730656 0.911440
vt 0.251341 0.516892
vt 0.255671 0.514803
vt 0.386403 0.559628
vt 0.388348 0.558339
vt 0.671241 0.852360
vt 0.674566 0.851872
vt 0.673976 0.854820
vt 0.963440 0.957209
vt 0.250142 0.735318
vt 0.255117 0.736325
vt 0.255763 0.736932
vt 0.433117 0.051376
vt 0.434006 0.050773
vt 0.435145 0.051008
vt 0.659637 0.664374
vt 0.957269 0.416371
vt 0.958840 0.418503
vt 0.957385 0.417687
vt 0.094914 0.955141
vt 0.093808 0.955940
vt 0.089681 0.955763
vt 0.936562 0.379739
vt 0.939173 0.380098
vt 0.938005 0.381004
vt 0.709098 0.131160
vt 0.710410 0.130623
vt 0.708561 0.132482
vt 0.940576 0.380477
vt 0.941520 0.381840
vt 0.709306 0.130056
vt 0.601262 0.782570
vt 0.602387 0.783960
vt 0.598428 0.786774
vt 0.061232 0.227917
vt 0.059992 0.226650
vt 0.060549 0.225503
vt 0.599097 0.305783
vt 0.599776 0.302007
vt 0.599760 0.305954
vt 0.749820 0.588312
vt 0.752648 0.588124
vt 0.752684 0.588679
vt 0.651173 0.631387
vt 0.651777 0.634595
vt 0.649070 0.633738
vt 0.088604 0.883657
vt 0.090461 0.883306
vt 0.622606 0.861853
vt 0.218360 0.022653
vt 0.221663 0.025467
vt 0.216871 0.023253
vt 0.635906 0.309163
vt 0.637504 0.311479
vt 0.478762 0.288736
vt 0.300378 0.935324
vt 0.302472 0.936425
vt 0.302055 0.938043
vt 0.179613 0.499622
vt 0.178480 0.501813
vt 0.178399 0.487023
vt 0.158784 0.942171
vt 0.155142 0.940678
vt 0.159331 0.940982
vt 0.017854 0.230389
vt 0.017136 0.229291
vt 0.019386 0.230327
vt 0.665835 0.486586
vt 0.666810 0.488085
vt 0.663698 0.489789
vt 0.268256 0.123045
vt 0.270765 0.122594
vt 0.269435 0.123781
vt 0.315708 0.044269
vt 0.141689 0.712432
vt 0.138507 0.712473
vt 0.140642 0.711666
vt 0.236906 0.494476
vt 0.237578 0.492727
vt 0.878093 0.565402
vt 0.879695 0.563560
vt 0.879300 0.565783
vt 0.253102 0.947061
vt 0.254580 0.946819
vt 0.253554 0.948536
vt 0.862054 0.457722
vt 0.861321 0.459233
vt 0.860249 0.458191
vt 0.859276 0.458707
vt 0.348173 0.544642
vt 0.166899 0.501912
vt 0.168439 0.503373
vt 0.167148 0.504179
vt 0.166173 0.504908
vt 0.912295 0.935257
vt 0.913303 0.935011
vt 0.737589 0.641775
vt 0.736315 0.643565
vt 0.734997 0.642509
vt 0.537776 0.660803
vt 0.538092 0.663040
vt 0.534786 0.661848
vt 0.105784 0.972245
vt 0.104022 0.971933
vt 0.372315 0.550709
vt 0.370053 0.554378
vt 0.671300 0.466358
vt 0.231292 0.045838
vt 0.232104 0.040395
vt 0.229583 0.041239
vt 0.812710 0.874850
vt 0.518913 0.982648
vt 0.524398 0.984144
vt 0.521037 0.984151
vt 0.311999 0.066892
vt 0.315197 0.067123
vt 0.310103 0.069355
vt 0.201779 0.996117
vt 0.199733 0.993242
vt 0.202573 0.993435
vt 0.879046 0.917612
vt 0.878731 0.918950
vt 0.878273 0.917440
vt 0.979835 0.940910
vt 0.980763 0.939990
vt 0.982357 0.940807
vt 0.253691 0.527729
vt 0.712848 0.839474
vt 0.711862 0.841854
vt 0.240063 0.492026
vt 0.786674 0.482046
vt 0.785656 0.482557
vt 0.784546 0.481481
vt 0.238262 0.491618
vt 0.250934 0.506860
vt 0.252511 0.503847
vt 0.108324 0.343212
vt 0.109729 0.342699
vt 0.110371 0.344106
vt 0.580221 0.637029
vt 0.582331 0.638434
vt 0.823437 0.885948
vt 0.821528 0.884919
vt 0.822481 0.883195
vt 0.620373 0.547899
vt 0.715434 0.470099
vt 0.948053 0.810761
vt 0.949366 0.813011
vt 0.947456 0.811500
vt 0.737374 0.695260
vt 0.737450 0.693598
vt 0.738862 0.693599
vt 0.980524 0.958372
vt 0.980967 0.956455
vt 0.981244 0.957091
vt 0.598476 0.671916
vt 0.596216 0.672844
vt 0.426724 0.450860
vt 0.424688 0.448567
vt 0.246923 0.496394
vt 0.524409 0.629789
vt 0.525770 0.629625
vt 0.524768 0.634260
vt 0.521692 0.636543
vt 0.521683 0.632283
vt 0.520215 0.635736
vt 0.805276 0.788210
vt 0.802426 0.789069
vt 0.802873 0.787871
vt 0.927010 0.756721
vt 0.926000 0.755864
vt 0.926133 0.754810
vt 0.563748 0.937240
vt 0.562829 0.936297
vt 0.563849 0.936686
vt 0.266775 0.088637
vt 0.266710 0.089966
vt 0.265838 0.088135
vt 0.406862 0.148138
vt 0.405175 0.146610
vt 0.406146 0.146304
vt 0.378104 0.502332
vt 0.377561 0.502207
vt 0.378210 0.500721
vt 0.221134 0.023845
vt 0.308460 0.070580
vt 0.306699 0.073202
vt 0.305389 0.073732
vt 0.305791 0.071616
vt 0.664361 0.500532
vt 0.666073 0.500755
vt 0.666569 0.503342
vt 0.622018 0.858519
vt 0.624033 0.856459
vt 0.621923 0.860821
vt 0.633532 0.378701
vt 0.637473 0.376604
vt 0.634957 0.379553
vt 0.828644 0.117680
vt 0.827935 0.116107
vt 0.828833 0.117113
vt 0.817671 0.812126
vt 0.819812 0.812580
vt 0.817848 0.813314
vt 0.817320 0.948319
vt 0.816527 0.950857
vt 0.815912 0.950431
vt 0.416902 0.386993
vt 0.924643 0.951491
vt 0.923208 0.950103
vt 0.924175 0.949863
vt 0.699868 0.759767
vt 0.700250 0.757755
vt 0.700810 0.758802
vt 0.696738 0.761282
vt 0.698887 0.764196
vt 0.744144 0.602529
vt 0.745818 0.606454
vt 0.744365 0.606642
vt 0.814456 0.196675
vt 0.812578 0.193058
vt 0.815499 0.195869
vt 0.573048 0.610351
vt 0.573626 0.612559
vt 0.746842 0.814136
vt 0.744821 0.812849
vt 0.744750 0.811002
vt 0.812077 0.191344
vt 0.649921 0.635346
vt 0.650435 0.637066
vt 0.072793 0.696557
vt 0.072793 0.695238
vt 0.075014 0.693787
vt 0.582356 0.116078
vt 0.584201 0.116555
vt 0.583294 0.118060
vt 0.904959 0.487611
vt 0.904236 0.486823
vt 0.527012 0.620856
vt 0.527543 0.622281
vt 0.277460 0.691981
vt 0.154966 0.217700
vt 0.155195 0.216124
vt 0.156670 0.215695
vt 0.004342 0.920996
vt 0.004351 0.922192
vt 0.001539 0.921444
vt 0.766014 0.802135
vt 0.765290 0.802622
vt 0.764884 0.801544
vt 0.183098 0.499428
vt 0.098656 0.787251
vt 0.100472 0.785771
vt 0.099071 0.788648
vt 0.101380 0.788169
vt 0.941759 0.933199
vt 0.940185 0.935661
vt 0.731147 0.757629
vt 0.729954 0.756040
vt 0.732267 0.756935
vt 0.730106 0.757357
vt 0.729299 0.758622
vt 0.641258 0.321080
vt 0.933978 0.919392
vt 0.657450 0.658163
vt 0.659172 0.657938
vt 0.705963 0.267970
vt 0.705710 0.266830
vt 0.705902 0.265342
vt 0.168917 0.492533
vt 0.169448 0.489389
vt 0.753411 0.951551
vt 0.751647 0.951536
vt 0.752356 0.950330
vt 0.913034 0.482333
vt 0.909615 0.482958
vt 0.910616 0.481170
vt 0.959966 0.413002
vt 0.958735 0.412812
vt 0.959138 0.411361
vt 0.956296 0.411550
vt 0.784944 0.279236
vt 0.240296 0.486498
vt 0.879167 0.901608
vt 0.878695 0.900380
vt 0.881069 0.899817
vt 0.073391 0.780032
vt 0.071332 0.782555
vt 0.070809 0.782015
vt 0.179785 0.847790
vt 0.520622 0.135311
vt 0.520919 0.134337
vt 0.522401 0.135640
vt 0.141708 0.818030
vt 0.140707 0.816588
vt 0.142790 0.818330
vt 0.945491 0.611474
vt 0.943320 0.610729
vt 0.944818 0.610119
vt 0.349844 0.540857
vt 0.279917 0.873398
vt 0.279688 0.868901
vt 0.280840 0.872070
vt 0.782407 0.462534
vt 0.781428 0.461727
vt 0.972586 0.943892
vt 0.096360 0.647115
vt 0.099465 0.649356
vt 0.096718 0.649351
vt 0.901191 0.136636
vt 0.901468 0.138186
vt 0.900598 0.139331
vt 0.094423 0.647314
vt 0.053439 0.715015
vt 0.054640 0.713883
vt 0.054798 0.714927
vt 0.521767 0.638188
vt 0.520703 0.639548
vt 0.490454 0.307023
vt 0.490785 0.305647
vt 0.543193 0.494189
vt 0.540241 0.496586
vt 0.470861 0.428398
vt 0.421225 0.445295
vt 0.420359 0.447601
vt 0.797912 0.185469
vt 0.797077 0.186576
vt 0.623883 0.855215
vt 0.625395 0.854855
vt 0.901709 0.466522
vt 0.902680 0.466037
vt 0.901711 0.466673
vt 0.612813 0.606236
vt 0.931323 0.621803
vt 0.933290 0.620929
vt 0.933527 0.623275
vt 0.119385 0.830544
vt 0.120080 0.828225
vt 0.123293 0.829374
vt 0.316580 0.067867
vt 0.318268 0.066510
vt 0.320628 0.068380
vt 0.969682 0.899007
vt 0.134004 0.690896
vt 0.133333 0.689004
vt 0.435601 0.975085
vt 0.437635 0.974573
vt 0.437839 0.975978
vt 0.121307 0.018768
vt 0.954609 0.892635
vt 0.955146 0.893824
vt 0.701969 0.081249
vt 0.703461 0.079601
vt 0.703279 0.081544
vt 0.702778 0.082602
vt 0.803276 0.644288
vt 0.804653 0.642890
vt 0.806211 0.641593
vt 0.741452 0.763831
vt 0.739252 0.764888
vt 0.741514 0.762131
vt 0.318657 0.021366
vt 0.318202 0.019573
vt 0.132706 0.043295
vt 0.132077 0.042212
vt 0.132894 0.041277
vt 0.546166 0.928581
vt 0.548918 0.928933
vt 0.547500 0.929363
vt 0.840544 0.409679
vt 0.838934 0.410368
vt 0.837218 0.408745
vt 0.974609 0.937263
vt 0.957367 0.893577
vt 0.920415 0.909622
vt 0.918105 0.911467
vt 0.918324 0.910366
vt 0.455699 0.953505
vt 0.455709 0.952357
vt 0.671670 0.282113
vt 0.132407 0.229097
vt 0.131281 0.229286
vt 0.130951 0.227576
vt 0.906517 0.401340
vt 0.904621 0.400575
vt 0.905841 0.400221
vt 0.242816 0.510191
vt 0.462250 0.486320
vt 0.461204 0.485611
vt 0.462862 0.485643
vt 0.540574 0.661024
vt 0.737971 0.466692
vt 0.738783 0.466095
vt 0.738482 0.468797
vt 0.517685 0.983850
vt 0.534002 0.501917
vt 0.535656 0.503268
vt 0.533819 0.505074
vt 0.757722 0.659781
vt 0.756805 0.661091
vt 0.755968 0.658512
vt 0.671440 0.856544
vt 0.668884 0.855363
vt 0.915884 0.792197
vt 0.914525 0.792205
vt 0.915397 0.789515
vt 0.648327 0.942111
vt 0.645199 0.942242
vt 0.567885 0.662095
vt 0.566724 0.662369
vt 0.567496 0.660502
vt 0.463993 0.423675
vt 0.468087 0.422732
vt 0.465245 0.425184
vt 0.271053 0.650496
vt 0.273461 0.650974
vt 0.271347 0.653154
vt 0.977652 0.142474
vt 0.977839 0.139811
vt 0.978676 0.141472
vt 0.178727 0.507455
vt 0.180006 0.505472
vt 0.915857 0.645819
vt 0.914051 0.646864
vt 0.913416 0.644807
vt 0.232321 0.049450
vt 0.555929 0.775194
vt 0.945503 0.657436
vt 0.945039 0.655333
vt 0.945897 0.655563
vt 0.798595 0.188050
vt 0.658081 0.485218
vt 0.458526 0.795398
vt 0.459999 0.794352
vt 0.078342 0.931845
vt 0.127976 0.589461
vt 0.127911 0.587561
vt 0.128651 0.587019
vt 0.332229 0.888172
vt 0.924217 0.948558
vt 0.585204 0.592991
vt 0.586013 0.594486
vt 0.583741 0.593650
vt 0.249342 0.509078
vt 0.663116 0.491377
vt 0.032454 0.768416
vt 0.031014 0.767912
vt 0.032570 0.765403
vt 0.094996 0.062522
vt 0.095777 0.063244
vt 0.094441 0.064231
vt 0.051813 0.717658
vt 0.053594 0.716551
vt 0.052870 0.718031
vt 0.582358 0.943346
vt 0.583398 0.942862
vt 0.582015 0.622211
vt 0.584093 0.622965
vt 0.583721 0.624006
vt 0.232374 0.501788
vt 0.890216 0.219540
vt 0.889408 0.218228
vt 0.890794 0.218229
vt 0.637448 0.386414
vt 0.636697 0.386622
vt 0.637766 0.380509
vt 0.097804 0.646415
vt 0.623477 0.684777
vt 0.622436 0.684816
vt 0.732899 0.634530
vt 0.733702 0.636663
vt 0.731783 0.635966
vt 0.967259 0.907604
vt 0.104593 0.793958
vt 0.103847 0.790098
vt 0.105777 0.790379
vt 0.112307 0.827988
vt 0.835491 0.923083
vt 0.835675 0.924744
vt 0.834142 0.923330
vt 0.836825 0.922674
vt 0.875920 0.221721
vt 0.874455 0.220711
vt 0.875897 0.220668
vt 0.509478 0.686977
vt 0.508949 0.689291
vt 0.507139 0.686506
vt 0.510937 0.689684
vt 0.536019 0.253190
vt 0.536835 0.253645
vt 0.534611 0.254576
vt 0.660597 0.744858
vt 0.659751 0.744772
vt 0.659158 0.739209
vt 0.103622 0.791821
vt 0.736658 0.645785
vt 0.738134 0.647647
vt 0.736749 0.646613
vt 0.739416 0.645715
vt 0.739147 0.648319
vt 0.499140 0.094061
vt 0.498299 0.091959
vt 0.499376 0.091527
vt 0.714211 0.910557
vt 0.666677 0.496868
vt 0.914214 0.928345
vt 0.913826 0.931934
vt 0.913568 0.929269
vt 0.630087 0.536664
vt 0.349920 0.598906
vt 0.350174 0.597741
vt 0.351349 0.598405
vt 0.882392 0.333336
vt 0.880806 0.331981
vt 0.882671 0.331354
vt 0.943839 0.581236
vt 0.943747 0.580327
vt 0.945288 0.581604
vt 0.254594 0.512299
vt 0.251997 0.513339
vt 0.842152 0.312339
vt 0.840740 0.311935
vt 0.842653 0.311114
vt 0.084234 0.649807
vt 0.081291 0.646508
vt 0.084730 0.649338
vt 0.842418 0.882650
vt 0.842793 0.880369
vt 0.844529 0.881912
vt 0.805649 0.787012
vt 0.804515 0.786851
vt 0.178022 0.848273
vt 0.396525 0.744483
vt 0.228743 0.050260
vt 0.374556 0.545415
vt 0.001308 0.919228
vt 0.003414 0.919302
vt 0.420612 0.384455
vt 0.429142 0.558151
vt 0.706614 0.958509
vt 0.711758 0.958665
vt 0.705385 0.959554
vt 0.419171 0.560772
vt 0.416151 0.560649
vt 0.597592 0.302126
vt 0.600358 0.298726
vt 0.255277 0.517184
vt 0.254594 0.518371
vt 0.530736 0.935547
vt 0.536338 0.934787
vt 0.534080 0.936037
vt 0.918835 0.313339
vt 0.918433 0.310315
vt 0.920776 0.314822
vt 0.904427 0.233624
vt 0.815797 0.951427
vt 0.702333 0.162648
vt 0.701156 0.163570
vt 0.699238 0.163574
vt 0.628216 0.106497
vt 0.276749 0.689969
vt 0.830814 0.396692
vt 0.829194 0.398381
vt 0.829029 0.396953
vt 0.668925 0.946121
vt 0.432593 0.723137
vt 0.434592 0.722815
vt 0.435515 0.723903
vt 0.960987 0.901341
vt 0.968964 0.902544
vt 0.081934 0.088934
vt 0.082426 0.087650
vt 0.083636 0.087920
vt 0.423052 0.446094
vt 0.694624 0.318896
vt 0.691107 0.321626
vt 0.951067 0.415968
vt 0.953103 0.414796
vt 0.950929 0.416824
vt 0.306641 0.938654
vt 0.306028 0.937330
vt 0.325181 0.047857
vt 0.326883 0.051934
vt 0.353751 0.540901
vt 0.372055 0.780616
vt 0.373427 0.780926
vt 0.281162 0.874257
vt 0.281059 0.876484
vt 0.941956 0.901846
vt 0.602065 0.292260
vt 0.604095 0.291866
vt 0.600927 0.295737
vt 0.973632 0.929544
vt 0.530299 0.985279
vt 0.525360 0.984055
vt 0.527988 0.983718
vt 0.599442 0.297411
vt 0.570349 0.226722
vt 0.572357 0.225658
vt 0.571344 0.227394
vt 0.255212 0.508673
vt 0.253318 0.505981
vt 0.255176 0.505200
vt 0.861419 0.341292
vt 0.860140 0.343221
vt 0.860403 0.340081
vt 0.980981 0.206900
vt 0.980438 0.207706
vt 0.979591 0.206621
vt 0.673864 0.947812
vt 0.011113 0.174859
vt 0.010315 0.176739
vt 0.010279 0.174619
vt 0.529769 0.937206
vt 0.532221 0.937483
vt 0.435705 0.976734
vt 0.433947 0.976336
vt 0.434051 0.974629
vt 0.940259 0.766277
vt 0.940065 0.767676
vt 0.939353 0.764802
vt 0.117416 0.702908
vt 0.116607 0.700406
vt 0.118853 0.701416
vt 0.596308 0.827256
vt 0.597777 0.826662
vt 0.114880 0.099455
vt 0.116184 0.099208
vt 0.115088 0.100981
vt 0.423265 0.457198
vt 0.060322 0.018633
vt 0.959249 0.895240
vt 0.523970 0.637594
vt 0.682987 0.027506
vt 0.684502 0.027417
vt 0.683782 0.028469
vt 0.432588 0.466512
vt 0.604513 0.290806
vt 0.607944 0.289347
vt 0.207456 0.709214
vt 0.427682 0.550727
vt 0.429947 0.551599
vt 0.427125 0.553470
vt 0.711268 0.471473
vt 0.938202 0.145960
vt 0.938945 0.146765
vt 0.939042 0.148513
vt 0.173246 0.506349
vt 0.740009 0.997982
vt 0.855719 0.033199
vt 0.857252 0.033530
vt 0.856508 0.034492
vt 0.914731 0.932487
vt 0.967022 0.921594
vt 0.422247 0.461432
vt 0.423777 0.462177
vt 0.516971 0.984852
vt 0.515310 0.984179
vt 0.445930 0.176721
vt 0.447068 0.177216
vt 0.445721 0.177683
vt 0.657127 0.945563
vt 0.634989 0.941267
vt 0.639605 0.941897
vt 0.633686 0.943343
vt 0.135225 0.838037
vt 0.131903 0.840388
vt 0.131155 0.839810
vt 0.959426 0.901402
vt 0.491530 0.258544
vt 0.492470 0.260758
vt 0.491370 0.260527
vt 0.569093 0.923949
vt 0.571712 0.925883
vt 0.963323 0.687032
vt 0.964413 0.685697
vt 0.963835 0.688260
vt 0.280038 0.692886
vt 0.279256 0.693482
vt 0.253482 0.529543
vt 0.584851 0.637607
vt 0.583214 0.636404
vt 0.696220 0.763229
vt 0.531913 0.667914
vt 0.530202 0.667284
vt 0.698126 0.661366
vt 0.658727 0.515345
vt 0.659136 0.513881
vt 0.670509 0.279679
vt 0.548871 0.932153
vt 0.669779 0.939540
vt 0.879152 0.871789
vt 0.879060 0.870400
vt 0.551056 0.927234
vt 0.549293 0.930195
vt 0.564894 0.629379
vt 0.740702 0.997007
vt 0.254093 0.109225
vt 0.620830 0.549981
vt 0.622927 0.940434
vt 0.661659 0.940111
vt 0.664809 0.942813
vt 0.690013 0.082546
vt 0.688110 0.081831
vt 0.123976 0.390176
vt 0.444422 0.765193
vt 0.963155 0.289643
vt 0.522240 0.116731
vt 0.770101 0.899303
vt 0.709620 0.471017
vt 0.373619 0.188792
vt 0.372401 0.189710
vt 0.470338 0.429767
vt 0.602062 0.600998
vt 0.605184 0.601603
vt 0.842678 0.314503
vt 0.841066 0.315917
vt 0.842952 0.312907
vt 0.412506 0.556606
vt 0.774785 0.481027
vt 0.777251 0.480879
vt 0.066413 0.367851
vt 0.066609 0.369203
vt 0.970523 0.905170
vt 0.624717 0.941214
vt 0.848806 0.488933
vt 0.849423 0.490254
vt 0.592739 0.461127
vt 0.590199 0.456093
vt 0.117520 0.021558
vt 0.119114 0.021062
vt 0.567835 0.628003
vt 0.097062 0.592090
vt 0.095613 0.591567
vt 0.568126 0.073323
vt 0.941645 0.901563
vt 0.941844 0.901438
vt 0.889126 0.368219
vt 0.888357 0.368119
vt 0.889015 0.368136
vt 0.938911 0.903676
vt 0.940799 0.902220
vt 0.946524 0.897621
vt 0.947098 0.896869
vt 0.369229 0.541596
vt 0.368393 0.541045
vt 0.369436 0.540283
vt 0.694502 0.984609
vt 0.696492 0.982578
vt 0.625178 0.759240
vt 0.625768 0.757622
vt 0.627394 0.756633
vt 0.627456 0.756957
vt 0.114430 0.708278
vt 0.114346 0.708347
vt 0.113793 0.707736
vt 0.113920 0.707668
vt 0.263914 0.852250
vt 0.262771 0.850015
vt 0.263065 0.849020
vt 0.943638 0.900774
vt 0.872184 0.513948
vt 0.871345 0.512275
vt 0.871419 0.512265
vt 0.872253 0.513344
vt 0.327362 0.013095
vt 0.326019 0.011617
vt 0.327605 0.012230
vt 0.696650 0.986342
vt 0.699196 0.983951
vt 0.700313 0.984689
vt 0.696994 0.983309
vt 0.941844 0.901438
vt 0.941645 0.901563
vt 0.889126 0.368219
vt 0.889015 0.368136
vt 0.888357 0.368119
vt 0.940799 0.902220
vt 0.938911 0.903676
vt 0.947098 0.896869
vt 0.946524 0.897621
vt 0.369229 0.541596
vt 0.369436 0.540283
vt 0.368393 0.541045
vt 0.694502 0.984609
vt 0.696492 0.982578
vt 0.625178 0.759240
vt 0.627456 0.756957
vt 0.627394 0.756633
vt 0.625768 0.757622
vt 0.114430 0.708278
vt 0.114346 0.708347
vt 0.263914 0.852250
vt 0.263065 0.849020
vt 0.262771 0.850015
vt 0.943638 0.900774
vt 0.872184 0.513948
vt 0.872252 0.513344
vt 0.871419 0.512266
vt 0.871345 0.512275
vt 0.327362 0.013095
vt 0.327605 0.012230
vt 0.326019 0.011617
vt 0.696650 0.986342
vt 0.700313 0.984689
vt 0.699196 0.983951
vt 0.696994 0.983309
vt 0.000000 0.000000
vt 0.965687 0.960236
vt 0.000000 0.000000
vt 0.505458 0.176313
vt 0.646754 0.659254
vt 0.000000 0.000000
vt 0.680532 0.946260
vt 0.646754 0.659254
vt 0.000000 0.000000
vt 0.506769 0.176154
vt 0.962154 0.963243
vt 0.964835 0.965175
vt 0.962154 0.963243
vt 0.553100 0.141421
vt 0.681144 0.948565
vt 0.680532 0.946260
vt 0.146101 0.605394
vt 0.145469 0.606437
vt 0.146491 0.607055
vt 0.948316 0.302706
vt 0.946738 0.302682
vt 0.948930 0.306751
vt 0.991322 0.734150
vt 0.990310 0.735998
vt 0.992378 0.734146
vt 0.919574 0.755727
vt 0.918497 0.756095
vt 0.917276 0.758622
vt 0.946937 0.305057
vt 0.516405 0.523217
vt 0.515415 0.522652
vt 0.515459 0.523942
vt 0.711593 0.984112
vt 0.714713 0.987448
vt 0.710853 0.980857
vt 0.961127 0.156577
vt 0.962056 0.157195
vt 0.962483 0.155976
vt 0.326941 0.458644
vt 0.326143 0.459458
vt 0.326635 0.460217
vt 0.088295 0.818812
vt 0.084550 0.816687
vt 0.086678 0.818931
vt 0.966901 0.969656
vt 0.964835 0.965175
vt 0.964892 0.970863
vt 0.556989 0.325174
vt 0.557754 0.323842
vt 0.556815 0.323788
vt 0.209626 0.027872
vt 0.209763 0.029317
vt 0.210551 0.027235
vt 0.759124 0.653235
vt 0.757811 0.653975
vt 0.761017 0.655704
vt 0.347852 0.569429
vt 0.350369 0.569578
vt 0.344296 0.566142
vt 0.019356 0.740701
vt 0.020213 0.740069
vt 0.018216 0.738373
vt 0.858129 0.434265
vt 0.858142 0.435851
vt 0.860160 0.434287
vt 0.415023 0.501958
vt 0.408134 0.511303
vt 0.411401 0.507806
vt 0.629204 0.274892
vt 0.627859 0.274437
vt 0.625831 0.278858
vt 0.571244 0.299194
vt 0.569038 0.295812
vt 0.572161 0.302839
vt 0.561732 0.353105
vt 0.565718 0.347916
vt 0.562406 0.350614
vt 0.563421 0.351537
vt 0.328732 0.971733
vt 0.327277 0.971744
vt 0.330038 0.972469
vt 0.099845 0.670891
vt 0.103575 0.671701
vt 0.102196 0.670173
vt 0.535677 0.848362
vt 0.541360 0.850404
vt 0.537639 0.848002
vt 0.021497 0.740487
vt 0.022490 0.740008
vt 0.988838 0.472213
vt 0.989220 0.469162
vt 0.987119 0.474361
vt 0.438079 0.936992
vt 0.436368 0.935663
vt 0.430363 0.936759
vt 0.807733 0.292353
vt 0.808619 0.291731
vt 0.807961 0.290889
vt 0.569588 0.653058
vt 0.572028 0.654321
vt 0.572820 0.653465
vt 0.152265 0.978647
vt 0.149496 0.979204
vt 0.152945 0.979142
vt 0.846843 0.926150
vt 0.847666 0.928896
vt 0.847933 0.926072
vt 0.501021 0.997035
vt 0.502050 0.996800
vt 0.497321 0.995939
vt 0.681144 0.948565
vt 0.682462 0.948250
vt 0.553100 0.141421
vt 0.552041 0.139905
vt 0.551470 0.141371
vt 0.176696 0.448580
vt 0.177105 0.447520
vt 0.175676 0.447516
vt 0.162910 0.722283
vt 0.161493 0.722101
vt 0.161638 0.723902
vt 0.714917 0.984902
vt 0.417322 0.875927
vt 0.420347 0.876567
vt 0.420306 0.875595
vt 0.718075 0.523841
vt 0.718101 0.523243
vt 0.713611 0.527529
vt 0.447527 0.368418
vt 0.448956 0.369649
vt 0.447288 0.367082
vt 0.254508 0.988206
vt 0.255536 0.989379
vt 0.257921 0.987772
vt 0.409991 0.473931
vt 0.412311 0.472661
vt 0.410783 0.470583
vt 0.971516 0.968990
vt 0.971860 0.972513
vt 0.975916 0.969431
vt 0.639573 0.475896
vt 0.642776 0.472372
vt 0.640589 0.472627
vt 0.029627 0.439418
vt 0.028974 0.437236
vt 0.028836 0.438194
vt 0.977871 0.981643
vt 0.974632 0.977729
vt 0.974665 0.979625
vt 0.865082 0.302135
vt 0.864304 0.305390
vt 0.865303 0.303212
vt 0.804745 0.369853
vt 0.804349 0.375463
vt 0.804835 0.375991
vt 0.863242 0.927469
vt 0.862858 0.929916
vt 0.864038 0.925725
vt 0.030412 0.316139
vt 0.032648 0.313575
vt 0.027787 0.316965
vt 0.033278 0.314268
vt 0.922861 0.746370
vt 0.922971 0.746745
vt 0.925475 0.743997
vt 0.006113 0.285421
vt 0.008946 0.285199
vt 0.011002 0.283307
vt 0.963765 0.825000
vt 0.963853 0.826508
vt 0.965088 0.828522
vt 0.437334 0.408423
vt 0.440942 0.409354
vt 0.439448 0.407036
vt 0.971166 0.963227
vt 0.970693 0.964267
vt 0.973074 0.964994
vt 0.404074 0.479488
vt 0.400611 0.483839
vt 0.405614 0.480092
vt 0.402558 0.478259
vt 0.621166 0.691789
vt 0.621593 0.689795
vt 0.619490 0.688461
vt 0.966558 0.278858
vt 0.969003 0.280943
vt 0.966069 0.277172
vt 0.399611 0.488640
vt 0.913306 0.536139
vt 0.914818 0.538550
vt 0.916087 0.538886
vt 0.971789 0.667539
vt 0.971313 0.669560
vt 0.972685 0.668756
vt 0.491943 0.779297
vt 0.490079 0.777913
vt 0.487821 0.779278
vt 0.965687 0.960236
vt 0.965976 0.962988
vt 0.968521 0.962271
vt 0.960733 0.559578
vt 0.962505 0.560463
vt 0.962023 0.558816
vt 0.546616 0.782366
vt 0.545883 0.780597
vt 0.546111 0.783402
vt 0.782345 0.614881
vt 0.781137 0.613063
vt 0.780012 0.615784
vt 0.599778 0.812469
vt 0.596803 0.813781
vt 0.594267 0.816677
vt 0.611624 0.853935
vt 0.615068 0.857415
vt 0.614499 0.854093
vt 0.544700 0.787208
vt 0.543342 0.784324
vt 0.541819 0.786470
vt 0.353128 0.572082
vt 0.997979 0.940279
vt 0.997823 0.935204
vt 0.996804 0.942603
vt 0.503861 0.395435
vt 0.501855 0.389638
vt 0.502204 0.394177
vt 0.705206 0.969131
vt 0.701906 0.966485
vt 0.703426 0.970610
vt 0.620476 0.115731
vt 0.620877 0.114943
vt 0.619336 0.113401
vt 0.355525 0.578131
vt 0.356007 0.578794
vt 0.354719 0.572556
vt 0.353688 0.575709
vt 0.175602 0.951173
vt 0.169678 0.949027
vt 0.172188 0.950608
vt 0.191750 0.267372
vt 0.191223 0.266400
vt 0.190347 0.267465
vt 0.696463 0.965195
vt 0.692139 0.960635
vt 0.695946 0.966720
vt 0.327443 0.972987
vt 0.328548 0.974412
vt 0.333216 0.976644
vt 0.021434 0.280696
vt 0.021172 0.279920
vt 0.016710 0.282179
vt 0.646018 0.474998
vt 0.928859 0.651181
vt 0.930871 0.650925
vt 0.929115 0.649706
vt 0.398384 0.524739
vt 0.399281 0.521726
vt 0.396231 0.524780
vt 0.650403 0.274110
vt 0.652453 0.282159
vt 0.652457 0.279947
vt 0.974852 0.973645
vt 0.971759 0.975313
vt 0.524641 0.836270
vt 0.526199 0.833908
vt 0.519100 0.840880
vt 0.853975 0.930878
vt 0.854093 0.929133
vt 0.853253 0.933768
vt 0.627683 0.278990
vt 0.628955 0.277336
vt 0.501067 0.997583
vt 0.497222 0.997231
vt 0.500543 0.998295
vt 0.497789 0.997868
vt 0.500414 0.998778
vt 0.743899 0.522144
vt 0.743809 0.523739
vt 0.744408 0.525752
vt 0.278630 0.593132
vt 0.279617 0.592539
vt 0.278059 0.592388
vt 0.495359 0.559596
vt 0.494770 0.562570
vt 0.495612 0.561625
vt 0.437636 0.345965
vt 0.437959 0.343898
vt 0.436331 0.347193
vt 0.490596 0.262701
vt 0.486541 0.262021
vt 0.488994 0.262797
vt 0.762268 0.946780
vt 0.763058 0.945983
vt 0.762313 0.945079
vt 0.554712 0.528933
vt 0.553922 0.528591
vt 0.554734 0.530263
vt 0.651366 0.401653
vt 0.642633 0.412141
vt 0.653161 0.400922
vt 0.044929 0.295001
vt 0.043424 0.296095
vt 0.040662 0.302826
vt 0.259427 0.993109
vt 0.254543 0.994616
vt 0.253114 0.995394
vt 0.086472 0.912555
vt 0.090700 0.911018
vt 0.092087 0.909645
vt 0.799685 0.313100
vt 0.798881 0.314638
vt 0.799671 0.313921
vt 0.630185 0.575250
vt 0.623992 0.580446
vt 0.624197 0.581552
vt 0.019231 0.326589
vt 0.027480 0.318674
vt 0.651621 0.275143
vt 0.094442 0.923377
vt 0.090746 0.921892
vt 0.088364 0.922322
vt 0.964277 0.825443
vt 0.466817 0.102905
vt 0.468529 0.102627
vt 0.467906 0.102191
vt 0.345987 0.290456
vt 0.345956 0.292327
vt 0.346818 0.290106
vt 0.985990 0.296356
vt 0.983083 0.300793
vt 0.985073 0.298045
vt 0.938974 0.336570
vt 0.941363 0.335063
vt 0.942774 0.333017
vt 0.873763 0.303607
vt 0.874680 0.307038
vt 0.874738 0.302395
vt 0.675513 0.720060
vt 0.677079 0.722609
vt 0.680067 0.722370
vt 0.348610 0.567251
vt 0.741213 0.559257
vt 0.741423 0.561522
vt 0.743269 0.562143
vt 0.750462 0.676877
vt 0.753840 0.678569
vt 0.751470 0.676546
vt 0.453689 0.697267
vt 0.458765 0.701013
vt 0.455543 0.697661
vt 0.758945 0.808651
vt 0.760491 0.810206
vt 0.761961 0.810163
vt 0.392871 0.493365
vt 0.393262 0.496560
vt 0.394128 0.495903
vt 0.962705 0.966527
vt 0.721279 0.994273
vt 0.724732 0.998384
vt 0.722223 0.993879
vt 0.707138 0.977044
vt 0.708726 0.976711
vt 0.012452 0.335194
vt 0.015583 0.331675
vt 0.009215 0.336059
vt 0.919369 0.636071
vt 0.919066 0.637082
vt 0.920193 0.638624
vt 0.041997 0.779459
vt 0.040044 0.777726
vt 0.039542 0.780030
vt 0.006418 0.283792
vt 0.083680 0.944616
vt 0.081270 0.944028
vt 0.082751 0.945361
vt 0.690028 0.952990
vt 0.693490 0.958248
vt 0.694030 0.954962
vt 0.689172 0.956600
vt 0.063125 0.198893
vt 0.064283 0.200151
vt 0.063632 0.198598
vt 0.726051 0.998349
vt 0.724130 0.995612
vt 0.682850 0.952575
vt 0.685767 0.951542
vt 0.608809 0.316488
vt 0.598857 0.308467
vt 0.601982 0.311826
vt 0.674313 0.845464
vt 0.679032 0.847476
vt 0.676369 0.844713
vt 0.992086 0.129241
vt 0.992299 0.128327
vt 0.991296 0.129984
vt 0.444201 0.359188
vt 0.442088 0.357199
vt 0.444644 0.362742
vt 0.446171 0.364512
vt 0.646318 0.662744
vt 0.649526 0.661938
vt 0.566456 0.292706
vt 0.565948 0.289697
vt 0.356350 0.575241
vt 0.908656 0.976091
vt 0.906746 0.975351
vt 0.906994 0.977371
vt 0.003080 0.342035
vt 0.006662 0.339177
vt 0.001378 0.343867
vt 0.397875 0.487590
vt 0.394931 0.491948
vt 0.393106 0.490960
vt 0.013619 0.331332
vt 0.828854 0.948148
vt 0.829715 0.946990
vt 0.827950 0.946839
vt 0.829954 0.947858
vt 0.831271 0.947370
vt 0.362388 0.594989
vt 0.361754 0.589907
vt 0.360918 0.592222
vt 0.361747 0.595905
vt 0.687019 0.954995
vt 0.238247 0.934168
vt 0.234188 0.931598
vt 0.231046 0.930992
vt 0.227392 0.464990
vt 0.228329 0.465648
vt 0.228631 0.464586
vt 0.558644 0.537289
vt 0.556634 0.534607
vt 0.717624 0.991625
vt 0.641811 0.478007
vt 0.645140 0.477940
vt 0.700876 0.968089
vt 0.002456 0.287054
vt 0.527578 0.350953
vt 0.529538 0.346818
vt 0.527504 0.349286
vt 0.996721 0.913096
vt 0.997256 0.921219
vt 0.997747 0.917085
vt 0.504650 0.787679
vt 0.504847 0.789033
vt 0.510348 0.780977
vt 0.284672 0.344696
vt 0.284925 0.345875
vt 0.286086 0.344993
vt 0.033071 0.127708
vt 0.034048 0.128431
vt 0.034611 0.127681
vt 0.600232 0.813523
vt 0.602841 0.812207
vt 0.598515 0.814957
vt 0.407697 0.472310
vt 0.576285 0.717054
vt 0.576042 0.718853
vt 0.577075 0.715865
vt 0.713617 0.980249
vt 0.713291 0.981600
vt 0.714310 0.981610
vt 0.610598 0.857473
vt 0.294360 0.911805
vt 0.292740 0.911443
vt 0.300413 0.913646
vt 0.438095 0.400920
vt 0.435158 0.405942
vt 0.235297 0.377004
vt 0.236854 0.378098
vt 0.236865 0.377032
vt 0.569251 0.336997
vt 0.567956 0.340824
vt 0.570567 0.338518
vt 0.695649 0.960917
vt 0.604335 0.812575
vt 0.348899 0.979723
vt 0.349797 0.978499
vt 0.347456 0.979610
vt 0.407467 0.291794
vt 0.412960 0.299592
vt 0.411394 0.296282
vt 0.766118 0.144303
vt 0.764054 0.146978
vt 0.765823 0.145438
vt 0.369569 0.049211
vt 0.368488 0.049706
vt 0.369091 0.056983
vt 0.368086 0.054110
vt 0.450484 0.898462
vt 0.444682 0.894879
vt 0.447244 0.897578
vt 0.643702 0.410472
vt 0.789858 0.430253
vt 0.788866 0.430451
vt 0.789010 0.432472
vt 0.061781 0.223016
vt 0.060146 0.223106
vt 0.062551 0.224011
vt 0.514935 0.169330
vt 0.516150 0.167846
vt 0.513826 0.168862
vt 0.444150 0.582074
vt 0.443388 0.583636
vt 0.444307 0.583180
vt 0.107061 0.917178
vt 0.105566 0.918031
vt 0.106046 0.918796
vt 0.638269 0.823817
vt 0.634557 0.827674
vt 0.638985 0.825609
vt 0.678149 0.829108
vt 0.682650 0.830184
vt 0.681243 0.829177
vt 0.846908 0.924565
vt 0.788401 0.788369
vt 0.787645 0.786861
vt 0.785840 0.786110
vt 0.069560 0.957482
vt 0.073568 0.953804
vt 0.073546 0.952720
vt 0.272305 0.729412
vt 0.274504 0.735214
vt 0.275481 0.736874
vt 0.134607 0.794314
vt 0.131975 0.790597
vt 0.130747 0.789230
vt 0.752463 0.876904
vt 0.749648 0.874553
vt 0.751255 0.876544
vt 0.624433 0.582348
vt 0.628801 0.578297
vt 0.570268 0.297083
vt 0.931450 0.591911
vt 0.932457 0.593146
vt 0.932429 0.589812
vt 0.931765 0.593931
vt 0.566442 0.342910
vt 0.563869 0.347215
vt 0.774466 0.582916
vt 0.776641 0.581876
vt 0.776713 0.579779
vt 0.568662 0.343689
vt 0.399741 0.481374
vt 0.398133 0.485311
vt 0.011904 0.336616
vt 0.007312 0.339861
vt 0.008179 0.341022
vt 0.623092 0.696953
vt 0.619892 0.692543
vt 0.622503 0.697157
vt 0.096635 0.965384
vt 0.093251 0.967792
vt 0.099703 0.965307
vt 0.443328 0.760218
vt 0.443030 0.756436
vt 0.441490 0.760197
vt 0.213541 0.995913
vt 0.220608 0.998805
vt 0.219306 0.997340
vt 0.498072 0.385345
vt 0.446757 0.367894
vt 0.445204 0.364812
vt 0.995733 0.942504
vt 0.995239 0.945929
vt 0.689985 0.830574
vt 0.690558 0.831795
vt 0.695023 0.831491
vt 0.695101 0.831821
vt 0.563781 0.976997
vt 0.557674 0.979025
vt 0.561315 0.978482
vt 0.980317 0.731957
vt 0.981477 0.727561
vt 0.979903 0.729249
vt 0.970114 0.432705
vt 0.971233 0.429401
vt 0.970876 0.427941
vt 0.260139 0.991844
vt 0.258061 0.992836
vt 0.111274 0.824392
vt 0.107481 0.822035
vt 0.106317 0.822812
vt 0.984088 0.297902
vt 0.347311 0.284555
vt 0.348902 0.282602
vt 0.253674 0.938973
vt 0.247010 0.935210
vt 0.248387 0.936716
vt 0.345377 0.289983
vt 0.409875 0.468709
vt 0.405210 0.473235
vt 0.034482 0.227379
vt 0.032589 0.227774
vt 0.034608 0.228778
vt 0.439695 0.401919
vt 0.437965 0.398389
vt 0.350894 0.273677
vt 0.349367 0.274295
vt 0.281101 0.829929
vt 0.282560 0.831362
vt 0.288868 0.832292
vt 0.413390 0.647407
vt 0.409455 0.651706
vt 0.412266 0.649420
vt 0.163893 0.961443
vt 0.162981 0.958589
vt 0.162521 0.962641
vt 0.168402 0.047502
vt 0.167900 0.046185
vt 0.167812 0.047463
vt 0.099411 0.843265
vt 0.099582 0.841517
vt 0.097929 0.842559
vt 0.490273 0.114061
vt 0.492401 0.113108
vt 0.488641 0.113590
vt 0.440280 0.411259
vt 0.367854 0.045754
vt 0.368556 0.040649
vt 0.368668 0.036066
vt 0.173514 0.951326
vt 0.081489 0.942648
vt 0.492728 0.805590
vt 0.491306 0.805872
vt 0.481656 0.808941
vt 0.560437 0.540534
vt 0.561798 0.543697
vt 0.852054 0.871678
vt 0.853281 0.869716
vt 0.850981 0.872090
vt 0.026932 0.316081
vt 0.024974 0.317809
vt 0.398402 0.275918
vt 0.398281 0.276173
vt 0.400753 0.279615
vt 0.975574 0.643968
vt 0.977631 0.640863
vt 0.975068 0.643943
vt 0.976850 0.640898
vt 0.345161 0.888073
vt 0.343256 0.886751
vt 0.342595 0.887638
vt 0.350223 0.890529
vt 0.352871 0.569326
vt 0.966192 0.822069
vt 0.964836 0.817776
vt 0.964771 0.819470
vt 0.977924 0.984882
vt 0.980039 0.986233
vt 0.153082 0.043414
vt 0.151956 0.042844
vt 0.150973 0.043512
vt 0.491096 0.559720
vt 0.491239 0.558959
vt 0.490136 0.558810
vt 0.346048 0.980897
vt 0.344961 0.980397
vt 0.797082 0.495900
vt 0.798826 0.498312
vt 0.799955 0.499479
vt 0.214404 0.927981
vt 0.213764 0.929075
vt 0.215429 0.928130
vt 0.519677 0.915196
vt 0.515352 0.916960
vt 0.516089 0.918268
vt 0.588995 0.361005
vt 0.585532 0.369766
vt 0.586010 0.371355
vt 0.238998 0.933479
vt 0.737947 0.888963
vt 0.735337 0.890678
vt 0.737045 0.890718
vt 0.707105 0.973191
vt 0.705106 0.973727
vt 0.696262 0.175089
vt 0.698135 0.174392
vt 0.696632 0.174231
vt 0.516957 0.918069
vt 0.518996 0.917143
vt 0.906098 0.333537
vt 0.907338 0.336419
vt 0.908234 0.337945
vt 0.907747 0.337166
vt 0.907264 0.338411
vt 0.906689 0.335934
vt 0.038322 0.306472
vt 0.039036 0.306900
vt 0.040825 0.304906
vt 0.034627 0.308665
vt 0.031316 0.312641
vt 0.710820 0.528782
vt 0.709487 0.529892
vt 0.293166 0.909827
vt 0.296473 0.920988
vt 0.302189 0.921783
vt 0.295225 0.919359
vt 0.093840 0.799735
vt 0.099729 0.801926
vt 0.100965 0.802226
vt 0.098475 0.800863
vt 0.864025 0.307141
vt 0.522709 0.911799
vt 0.368269 0.060064
vt 0.367682 0.055913
vt 0.037517 0.274645
vt 0.025260 0.278739
vt 0.036103 0.275553
vt 0.624404 0.278267
vt 0.623831 0.281775
vt 0.917917 0.790296
vt 0.917694 0.786908
vt 0.917696 0.790653
vt 0.770915 0.496039
vt 0.772262 0.498966
vt 0.773295 0.498020
vt 0.970269 0.972665
vt 0.835539 0.832685
vt 0.833971 0.835803
vt 0.834493 0.836779
vt 0.969195 0.469077
vt 0.968946 0.464505
vt 0.967625 0.463994
vt 0.041770 0.303078
vt 0.951237 0.371914
vt 0.952246 0.375110
vt 0.952865 0.373158
vt 0.016733 0.955678
vt 0.017127 0.956610
vt 0.019562 0.955764
vt 0.360113 0.877711
vt 0.355342 0.881063
vt 0.354751 0.881869
vt 0.804928 0.602535
vt 0.806175 0.603402
vt 0.807074 0.602527
vt 0.445160 0.756202
vt 0.781103 0.982263
vt 0.781115 0.981501
vt 0.777903 0.981872
vt 0.276786 0.096103
vt 0.276591 0.096649
vt 0.278852 0.095775
vt 0.505458 0.176313
vt 0.504325 0.177670
vt 0.419558 0.653671
vt 0.419721 0.652869
vt 0.416007 0.656431
vt 0.435131 0.991867
vt 0.437199 0.989878
vt 0.433277 0.991688
vt 0.617857 0.688960
vt 0.991207 0.996431
vt 0.991467 0.998115
vt 0.992804 0.997681
vt 0.581150 0.290215
vt 0.580555 0.294372
vt 0.581698 0.291701
vt 0.579759 0.293765
vt 0.484292 0.975111
vt 0.489633 0.972417
vt 0.482190 0.975422
vt 0.578466 0.296070
vt 0.663101 0.624326
vt 0.664110 0.625026
vt 0.664915 0.623160
vt 0.712922 0.986914
vt 0.926257 0.467044
vt 0.928866 0.470047
vt 0.928536 0.468503
vt 0.205385 0.876306
vt 0.202664 0.873324
vt 0.203510 0.874757
vt 0.234556 0.980448
vt 0.232821 0.981030
vt 0.234753 0.982406
vt 0.237230 0.981514
vt 0.733315 0.302146
vt 0.735231 0.304081
vt 0.736633 0.305101
vt 0.429872 0.984778
vt 0.430800 0.983955
vt 0.427913 0.984586
vt 0.429436 0.983524
vt 0.459680 0.251362
vt 0.463291 0.251800
vt 0.463140 0.251388
vt 0.584317 0.372988
vt 0.020784 0.806288
vt 0.022919 0.807196
vt 0.018675 0.805630
vt 0.359273 0.581124
vt 0.358194 0.582899
vt 0.359048 0.587612
vt 0.356326 0.582972
vt 0.127280 0.973504
vt 0.125301 0.974434
vt 0.128847 0.973838
vt 0.921462 0.639015
vt 0.664943 0.620887
vt 0.661532 0.617465
vt 0.660478 0.619533
vt 0.660283 0.614158
vt 0.659365 0.614375
vt 0.698679 0.960305
vt 0.696000 0.957128
vt 0.182651 0.688936
vt 0.180560 0.688665
vt 0.180700 0.690280
vt 0.649875 0.657999
vt 0.981908 0.985250
vt 0.932106 0.448904
vt 0.932069 0.447201
vt 0.931260 0.447591
vt 0.717752 0.988058
vt 0.157282 0.998295
vt 0.155566 0.997949
vt 0.149149 0.999045
vt 0.533722 0.335099
vt 0.535242 0.330636
vt 0.532729 0.336570
vt 0.537523 0.827719
vt 0.533429 0.834599
vt 0.538855 0.826294
vt 0.409848 0.291957
vt 0.072110 0.254348
vt 0.071384 0.255568
vt 0.072268 0.255778
vt 0.071229 0.253349
vt 0.386934 0.123978
vt 0.383678 0.123841
vt 0.384584 0.124756
vt 0.758778 0.983059
vt 0.759743 0.983320
vt 0.761146 0.981281
vt 0.683745 0.829282
vt 0.685302 0.830994
vt 0.709964 0.166664
vt 0.710273 0.164959
vt 0.709483 0.164550
vt 0.937521 0.278767
vt 0.936121 0.281410
vt 0.936915 0.280567
vt 0.720094 0.992058
vt 0.493863 0.376045
vt 0.499089 0.384930
vt 0.714424 0.525926
vt 0.363108 0.598549
vt 0.364267 0.598805
vt 0.963558 0.968579
vt 0.686190 0.950177
vt 0.690138 0.951319
vt 0.989322 0.470958
vt 0.327108 0.092643
vt 0.326780 0.091213
vt 0.325471 0.092057
vt 0.026831 0.278551
vt 0.035663 0.916408
vt 0.039269 0.920032
vt 0.037526 0.916972
vt 0.986105 0.991821
vt 0.986394 0.990720
vt 0.212374 0.928189
vt 0.216542 0.925744
vt 0.859623 0.437868
vt 0.804787 0.838470
vt 0.804779 0.836046
vt 0.803173 0.834726
vt 0.817757 0.360855
vt 0.819366 0.361013
vt 0.818540 0.357147
vt 0.817209 0.359475
vt 0.788380 0.133464
vt 0.787729 0.131956
vt 0.786207 0.133113
vt 0.996696 0.945764
vt 0.995684 0.951605
vt 0.534085 0.833612
vt 0.319096 0.158356
vt 0.318725 0.160020
vt 0.320112 0.160057
vt 0.333875 0.779100
vt 0.338860 0.773611
vt 0.336373 0.775738
vt 0.645794 0.408043
vt 0.185322 0.688485
vt 0.183423 0.687334
vt 0.613273 0.859435
vt 0.611737 0.861479
vt 0.168755 0.810958
vt 0.169632 0.812531
vt 0.169596 0.810855
vt 0.918441 0.785082
vt 0.308485 0.900485
vt 0.307974 0.899351
vt 0.302229 0.901354
vt 0.918662 0.787230
vt 0.971332 0.690318
vt 0.969781 0.685706
vt 0.970081 0.687787
vt 0.317063 0.143136
vt 0.318235 0.141189
vt 0.317578 0.141438
vt 0.904171 0.688712
vt 0.906438 0.689565
vt 0.908843 0.690051
vt 0.787250 0.754458
vt 0.785557 0.754724
vt 0.786914 0.755857
vt 0.572722 0.725537
vt 0.573274 0.724712
vt 0.571859 0.724750
vt 0.535934 0.817393
vt 0.542451 0.810982
vt 0.539205 0.812696
vt 0.536010 0.818787
vt 0.700102 0.968936
vt 0.700479 0.971191
vt 0.703190 0.973497
vt 0.709819 0.974663
vt 0.708153 0.973481
vt 0.708789 0.974794
vt 0.991241 0.282545
vt 0.992790 0.280146
vt 0.990359 0.282161
vt 0.013800 0.226407
vt 0.015123 0.227122
vt 0.014518 0.225848
vt 0.898646 0.567429
vt 0.898397 0.565625
vt 0.897372 0.567625
vt 0.751474 0.168962
vt 0.754451 0.171137
vt 0.753938 0.169390
vt 0.007623 0.064854
vt 0.005856 0.066315
vt 0.007729 0.066306
vt 0.083333 0.945328
vt 0.084086 0.946835
vt 0.696765 0.139449
vt 0.694986 0.138855
vt 0.692368 0.139203
vt 0.906241 0.714416
vt 0.906601 0.712492
vt 0.905176 0.714074
vt 0.351032 0.889979
vt 0.292226 0.752017
vt 0.287652 0.754178
vt 0.287602 0.755237
vt 0.290066 0.754069
vt 0.203204 0.816745
vt 0.204162 0.817783
vt 0.207464 0.819060
vt 0.981890 0.987714
vt 0.984006 0.988850
vt 0.404465 0.483747
vt 0.405022 0.481858
vt 0.581282 0.715328
vt 0.577796 0.711730
vt 0.580856 0.716030
vt 0.602441 0.313441
vt 0.603219 0.314301
vt 0.606578 0.316752
vt 0.369482 0.057421
vt 0.368475 0.064270
vt 0.763317 0.355679
vt 0.759364 0.358942
vt 0.761835 0.357090
vt 0.089063 0.036963
vt 0.087390 0.036297
vt 0.088410 0.038074
vt 0.299199 0.378200
vt 0.300173 0.377726
vt 0.299846 0.376432
vt 0.765335 0.750889
vt 0.765280 0.748849
vt 0.765080 0.750009
vt 0.125093 0.082660
vt 0.124883 0.083743
vt 0.126807 0.082966
vt 0.531052 0.340858
vt 0.530995 0.340047
vt 0.970871 0.966353
vt 0.683284 0.953957
vt 0.863502 0.190281
vt 0.864274 0.191352
vt 0.864543 0.189987
vt 0.410815 0.876104
vt 0.410901 0.874835
vt 0.410286 0.875313
vt 0.454116 0.899017
vt 0.447215 0.895745
vt 0.986396 0.925008
vt 0.988556 0.921839
vt 0.987433 0.923389
vt 0.647532 0.418767
vt 0.649417 0.414937
vt 0.647837 0.416419
vt 0.949995 0.363077
vt 0.950897 0.365913
vt 0.951437 0.363569
vt 0.855315 0.838422
vt 0.851908 0.837020
vt 0.853384 0.838517
vt 0.479537 0.972894
vt 0.478418 0.972909
vt 0.478502 0.974944
vt 0.987855 0.991427
vt 0.986347 0.988692
vt 0.960914 0.977820
vt 0.962567 0.978173
vt 0.960733 0.976503
vt 0.224634 0.843631
vt 0.224986 0.845609
vt 0.228127 0.846347
vt 0.451508 0.254628
vt 0.448307 0.254852
vt 0.448640 0.255688
vt 0.430061 0.937940
vt 0.437060 0.937807
vt 0.566388 0.650768
vt 0.570327 0.651962
vt 0.565245 0.651454
vt 0.395878 0.486469
vt 0.446884 0.757287
vt 0.258491 0.989776
vt 0.259690 0.988937
vt 0.419139 0.874276
vt 0.420090 0.874484
vt 0.679923 0.256016
vt 0.682294 0.257251
vt 0.682393 0.256190
vt 0.589167 0.357565
vt 0.467531 0.514887
vt 0.457329 0.510648
vt 0.455932 0.511092
vt 0.961151 0.427531
vt 0.961201 0.434195
vt 0.961669 0.425832
vt 0.489701 0.945763
vt 0.485141 0.945848
vt 0.487579 0.946434
vt 0.258865 0.959177
vt 0.260384 0.959367
vt 0.253122 0.956212
vt 0.646683 0.479870
vt 0.647890 0.475389
vt 0.008114 0.550371
vt 0.006950 0.549721
vt 0.006842 0.551099
vt 0.342506 0.566007
vt 0.341840 0.564832
vt 0.161532 0.965331
vt 0.479521 0.328020
vt 0.480256 0.329673
vt 0.480211 0.328024
vt 0.398996 0.178365
vt 0.398545 0.176959
vt 0.397673 0.178050
vt 0.617525 0.686906
vt 0.618758 0.686210
vt 0.459340 0.590796
vt 0.458208 0.590447
vt 0.458043 0.591097
vt 0.929028 0.735058
vt 0.927509 0.730723
vt 0.928102 0.734661
vt 0.499227 0.137631
vt 0.496680 0.136535
vt 0.497749 0.138084
vt 0.145661 0.912497
vt 0.146713 0.911763
vt 0.145876 0.911852
vt 0.344772 0.779751
vt 0.347177 0.780426
vt 0.349553 0.779515
vt 0.180299 0.687561
vt 0.423244 0.876770
vt 0.421312 0.875624
vt 0.975720 0.313141
vt 0.974605 0.310126
vt 0.974361 0.311383
vt 0.237383 0.983215
vt 0.223464 0.844145
vt 0.222534 0.842838
vt 0.755219 0.690325
vt 0.752152 0.690702
vt 0.750722 0.692010
vt 0.933885 0.687570
vt 0.934454 0.689838
vt 0.935381 0.690957
vt 0.293435 0.750892
vt 0.291607 0.751407
vt 0.676833 0.848132
vt 0.675490 0.848459
vt 0.672660 0.997065
vt 0.665728 0.998075
vt 0.664890 0.999210
vt 0.818936 0.654076
vt 0.818653 0.656505
vt 0.819889 0.655542
vt 0.336391 0.867203
vt 0.336507 0.868854
vt 0.338611 0.870040
vt 0.827493 0.815423
vt 0.830880 0.817032
vt 0.829357 0.815078
vt 0.333582 0.974748
vt 0.332284 0.974922
vt 0.796565 0.078174
vt 0.800540 0.078526
vt 0.796512 0.076806
vt 0.800584 0.079980
vt 0.855811 0.816291
vt 0.857925 0.817380
vt 0.854418 0.815383
vt 0.138400 0.869722
vt 0.140455 0.869426
vt 0.130564 0.867976
vt 0.359723 0.877370
vt 0.991704 0.368654
vt 0.991782 0.372583
vt 0.992942 0.374241
vt 0.940721 0.535954
vt 0.940596 0.544355
vt 0.940893 0.542417
vt 0.053383 0.960750
vt 0.055420 0.960280
vt 0.049240 0.958732
vt 0.991049 0.368825
vt 0.038689 0.303241
vt 0.678094 0.997115
vt 0.679139 0.995525
vt 0.674697 0.996604
vt 0.497149 0.947901
vt 0.496833 0.946988
vt 0.492177 0.946650
vt 0.531957 0.341263
vt 0.493658 0.945611
vt 0.439827 0.937037
vt 0.441742 0.935223
vt 0.255833 0.255124
vt 0.258506 0.254615
vt 0.257161 0.254164
vt 0.914112 0.468426
vt 0.914616 0.466260
vt 0.912694 0.468111
vt 0.554182 0.527267
vt 0.008133 0.097609
vt 0.006704 0.097554
vt 0.008492 0.099053
vt 0.995070 0.901858
vt 0.996141 0.912175
vt 0.996432 0.908536
vt 0.015310 0.281476
vt 0.249299 0.935656
vt 0.251939 0.937097
vt 0.251303 0.936172
vt 0.975262 0.431566
vt 0.975619 0.429647
vt 0.973947 0.432699
vt 0.909817 0.934378
vt 0.910672 0.932257
vt 0.909990 0.930518
vt 0.317652 0.158925
vt 0.102452 0.920550
vt 0.406165 0.868782
vt 0.400116 0.865483
vt 0.399494 0.865711
vt 0.402571 0.867892
vt 0.190132 0.867979
vt 0.194014 0.866768
vt 0.196101 0.864159
vt 0.442788 0.413412
vt 0.369063 0.044502
vt 0.370224 0.044577
vt 0.370111 0.041943
vt 0.884345 0.637050
vt 0.885916 0.637869
vt 0.885297 0.636003
vt 0.934395 0.691954
vt 0.934554 0.691041
vt 0.679932 0.036266
vt 0.681056 0.035909
vt 0.680072 0.034664
vt 0.279439 0.429315
vt 0.279667 0.430629
vt 0.281393 0.429331
vt 0.697892 0.962751
vt 0.560725 0.073658
vt 0.560536 0.072692
vt 0.559674 0.073386
vt 0.969642 0.591242
vt 0.969660 0.588667
vt 0.968384 0.593736
vt 0.334407 0.865247
vt 0.342360 0.299548
vt 0.141717 0.916042
vt 0.114655 0.995368
vt 0.119624 0.994082
vt 0.109206 0.994957
vt 0.803092 0.080092
vt 0.812157 0.081640
vt 0.060327 0.935705
vt 0.061745 0.934867
vt 0.051667 0.935074
vt 0.060167 0.934881
vt 0.922813 0.679056
vt 0.922128 0.674744
vt 0.921810 0.676687
vt 0.735023 0.587620
vt 0.736454 0.586264
vt 0.732667 0.588560
vt 0.254353 0.664487
vt 0.258307 0.670071
vt 0.256557 0.666679
vt 0.168030 0.807813
vt 0.171666 0.811472
vt 0.571681 0.721741
vt 0.573820 0.720433
vt 0.757301 0.706006
vt 0.755687 0.709032
vt 0.757460 0.708278
vt 0.576365 0.721210
vt 0.496970 0.380441
vt 0.495191 0.374750
vt 0.927453 0.520577
vt 0.927074 0.522783
vt 0.928615 0.518415
vt 0.441152 0.328324
vt 0.437209 0.342317
vt 0.439417 0.339130
vt 0.490974 0.543654
vt 0.490134 0.543956
vt 0.494390 0.557029
vt 0.442725 0.326919
vt 0.442926 0.323828
vt 0.475103 0.973203
vt 0.473704 0.974359
vt 0.476103 0.974403
vt 0.585063 0.258702
vt 0.586226 0.256758
vt 0.584179 0.257411
vt 0.475078 0.975007
vt 0.476143 0.975524
vt 0.578816 0.238977
vt 0.580509 0.240223
vt 0.581078 0.238613
vt 0.836734 0.949931
vt 0.838176 0.950416
vt 0.839906 0.948896
vt 0.474030 0.975620
vt 0.469419 0.973687
vt 0.467169 0.974348
vt 0.442896 0.328773
vt 0.339148 0.873829
vt 0.349873 0.875858
vt 0.339531 0.873066
vt 0.346850 0.874845
vt 0.265287 0.949527
vt 0.269696 0.951095
vt 0.269695 0.949625
vt 0.443652 0.323601
vt 0.262753 0.950348
vt 0.258478 0.986630
vt 0.707983 0.124198
vt 0.708542 0.122751
vt 0.705912 0.124123
vt 0.260959 0.986971
vt 0.358565 0.584856
vt 0.956378 0.524447
vt 0.955186 0.523822
vt 0.956755 0.526583
vt 0.091736 0.989380
vt 0.091658 0.988249
vt 0.089274 0.989157
vt 0.087149 0.988105
vt 0.655056 0.287749
vt 0.995934 0.903417
vt 0.996607 0.904224
vt 0.996250 0.901379
vt 0.990974 0.925043
vt 0.993025 0.927072
vt 0.991473 0.924096
vt 0.899196 0.353871
vt 0.898568 0.354059
vt 0.899152 0.356014
vt 0.578455 0.299962
vt 0.575789 0.304146
vt 0.577574 0.299920
vt 0.331924 0.937096
vt 0.323610 0.934917
vt 0.331160 0.937469
vt 0.641933 0.540115
vt 0.648239 0.548705
vt 0.649319 0.549627
vt 0.438441 0.349502
vt 0.443512 0.360849
vt 0.959269 0.725910
vt 0.958200 0.720807
vt 0.958296 0.724501
vt 0.742536 0.409488
vt 0.745040 0.406862
vt 0.743239 0.408202
vt 0.618726 0.288625
vt 0.621568 0.286022
vt 0.619647 0.285985
vt 0.620703 0.284337
vt 0.487320 0.972959
vt 0.485177 0.973287
vt 0.490525 0.971583
vt 0.446499 0.248420
vt 0.446145 0.248943
vt 0.447890 0.248672
vt 0.400522 0.518955
vt 0.406638 0.511608
vt 0.008078 0.098928
vt 0.679801 0.723319
vt 0.682260 0.726021
vt 0.742609 0.516828
vt 0.746545 0.514913
vt 0.745016 0.514863
vt 0.080955 0.956559
vt 0.084283 0.953958
vt 0.083370 0.953111
vt 0.208335 0.816874
vt 0.207403 0.815936
vt 0.205352 0.815967
vt 0.081843 0.954864
vt 0.575406 0.718178
vt 0.332399 0.743810
vt 0.330586 0.742436
vt 0.336217 0.748691
vt 0.331735 0.742495
vt 0.339081 0.779940
vt 0.346276 0.780838
vt 0.343029 0.779319
vt 0.346424 0.781801
vt 0.344927 0.781258
vt 0.325015 0.901990
vt 0.329024 0.901761
vt 0.323636 0.900844
vt 0.637428 0.827742
vt 0.200657 0.872289
vt 0.610763 0.317938
vt 0.608260 0.317035
vt 0.610959 0.319564
vt 0.645896 0.418441
vt 0.646880 0.417429
vt 0.575129 0.304043
vt 0.574592 0.306045
vt 0.576032 0.302113
vt 0.800804 0.585313
vt 0.799092 0.589252
vt 0.799866 0.588295
vt 0.577158 0.713693
vt 0.576919 0.712101
vt 0.573653 0.709979
vt 0.863177 0.987494
vt 0.864032 0.985500
vt 0.861812 0.987453
vt 0.020022 0.326443
vt 0.484361 0.776914
vt 0.483508 0.778620
vt 0.348746 0.890256
vt 0.346460 0.889529
vt 0.238521 0.972397
vt 0.231020 0.969612
vt 0.237171 0.972230
vt 0.032321 0.756348
vt 0.030585 0.757498
vt 0.030093 0.758617
vt 0.440398 0.404647
vt 0.030484 0.756543
vt 0.955644 0.569933
vt 0.958438 0.566584
vt 0.957077 0.567827
vt 0.404528 0.284231
vt 0.408231 0.289147
vt 0.941590 0.952191
vt 0.940953 0.955643
vt 0.942526 0.953422
vt 0.668624 0.109741
vt 0.671258 0.109616
vt 0.671828 0.108911
vt 0.046528 0.289781
vt 0.046490 0.292253
vt 0.542788 0.723956
vt 0.535164 0.719818
vt 0.539687 0.723137
vt 0.644954 0.420913
vt 0.640306 0.426110
vt 0.641569 0.425975
vt 0.083134 0.920813
vt 0.078866 0.919547
vt 0.079868 0.920479
vt 0.809640 0.289377
vt 0.146101 0.605394
vt 0.146491 0.607055
vt 0.145469 0.606437
vt 0.948316 0.302706
vt 0.948930 0.306751
vt 0.946738 0.302682
vt 0.991322 0.734150
vt 0.992378 0.734146
vt 0.990310 0.735998
vt 0.919574 0.755727
vt 0.917276 0.758622
vt 0.918497 0.756095
vt 0.946937 0.305057
vt 0.516405 0.523217
vt 0.515459 0.523942
vt 0.515415 0.522652
vt 0.711593 0.984112
vt 0.710853 0.980857
vt 0.714713 0.987448
vt 0.961127 0.156577
vt 0.962483 0.155976
vt 0.962056 0.157195
vt 0.326941 0.458644
vt 0.326635 0.460217
vt 0.326143 0.459458
vt 0.088295 0.818812
vt 0.086678 0.818931
vt 0.084550 0.816687
vt 0.966901 0.969656
vt 0.964892 0.970863
vt 0.556989 0.325174
vt 0.556815 0.323788
vt 0.557754 0.323842
vt 0.209626 0.027872
vt 0.210551 0.027235
vt 0.209763 0.029317
vt 0.759124 0.653235
vt 0.761017 0.655704
vt 0.757811 0.653975
vt 0.347852 0.569429
vt 0.344296 0.566142
vt 0.350369 0.569578
vt 0.019356 0.740701
vt 0.018216 0.738373
vt 0.020213 0.740069
vt 0.858129 0.434265
vt 0.860160 0.434287
vt 0.858142 0.435851
vt 0.415023 0.501958
vt 0.411401 0.507806
vt 0.408134 0.511303
vt 0.629204 0.274892
vt 0.625831 0.278858
vt 0.627859 0.274437
vt 0.571244 0.299194
vt 0.572161 0.302839
vt 0.569038 0.295812
vt 0.561732 0.353105
vt 0.562406 0.350614
vt 0.565718 0.347916
vt 0.563421 0.351537
vt 0.328732 0.971733
vt 0.330038 0.972469
vt 0.327277 0.971744
vt 0.099845 0.670891
vt 0.102196 0.670173
vt 0.103575 0.671701
vt 0.535677 0.848362
vt 0.537639 0.848002
vt 0.541360 0.850404
vt 0.022490 0.740008
vt 0.021497 0.740487
vt 0.988838 0.472213
vt 0.987119 0.474361
vt 0.989220 0.469162
vt 0.438079 0.936992
vt 0.430363 0.936759
vt 0.436368 0.935663
vt 0.807733 0.292353
vt 0.807961 0.290889
vt 0.808619 0.291731
vt 0.569588 0.653058
vt 0.572820 0.653465
vt 0.572028 0.654321
vt 0.152265 0.978647
vt 0.152945 0.979142
vt 0.149496 0.979204
vt 0.846843 0.926150
vt 0.847933 0.926072
vt 0.847666 0.928896
vt 0.501021 0.997035
vt 0.497321 0.995939
vt 0.502050 0.996800
vt 0.682462 0.948250
vt 0.551470 0.141371
vt 0.552041 0.139905
vt 0.176696 0.448580
vt 0.175676 0.447516
vt 0.177105 0.447520
vt 0.162910 0.722283
vt 0.161638 0.723902
vt 0.161493 0.722101
vt 0.714917 0.984902
vt 0.417322 0.875927
vt 0.420306 0.875595
vt 0.420347 0.876567
vt 0.718075 0.523841
vt 0.713611 0.527529
vt 0.718101 0.523243
vt 0.447527 0.368418
vt 0.447288 0.367082
vt 0.448956 0.369649
vt 0.254508 0.988206
vt 0.257921 0.987772
vt 0.255536 0.989379
vt 0.409991 0.473931
vt 0.410783 0.470583
vt 0.412311 0.472661
vt 0.971516 0.968990
vt 0.975916 0.969431
vt 0.971860 0.972513
vt 0.639573 0.475896
vt 0.640589 0.472627
vt 0.642776 0.472372
vt 0.029627 0.439418
vt 0.028836 0.438194
vt 0.028974 0.437236
vt 0.977871 0.981643
vt 0.974665 0.979625
vt 0.974632 0.977729
vt 0.865082 0.302135
vt 0.865303 0.303212
vt 0.864304 0.305390
vt 0.804745 0.369853
vt 0.804835 0.375991
vt 0.804349 0.375463
vt 0.863242 0.927469
vt 0.864038 0.925725
vt 0.862858 0.929916
vt 0.030412 0.316139
vt 0.027787 0.316965
vt 0.032648 0.313575
vt 0.033278 0.314268
vt 0.922861 0.746370
vt 0.925475 0.743997
vt 0.922971 0.746745
vt 0.006113 0.285421
vt 0.011002 0.283307
vt 0.008946 0.285199
vt 0.963765 0.825000
vt 0.965088 0.828522
vt 0.963853 0.826508
vt 0.437334 0.408423
vt 0.439448 0.407036
vt 0.440942 0.409354
vt 0.971166 0.963227
vt 0.973074 0.964994
vt 0.970693 0.964267
vt 0.404074 0.479488
vt 0.405614 0.480092
vt 0.400611 0.483839
vt 0.402558 0.478259
vt 0.621166 0.691789
vt 0.619490 0.688461
vt 0.621593 0.689795
vt 0.966558 0.278858
vt 0.966069 0.277172
vt 0.969003 0.280943
vt 0.399611 0.488640
vt 0.913306 0.536139
vt 0.916087 0.538886
vt 0.914818 0.538550
vt 0.971789 0.667539
vt 0.972685 0.668756
vt 0.971313 0.669560
vt 0.491943 0.779297
vt 0.487821 0.779278
vt 0.490079 0.777913
vt 0.968521 0.962271
vt 0.965976 0.962988
vt 0.960733 0.559578
vt 0.962023 0.558816
vt 0.962505 0.560463
vt 0.546616 0.782366
vt 0.546111 0.783402
vt 0.545883 0.780597
vt 0.782345 0.614881
vt 0.780012 0.615784
vt 0.781137 0.613063
vt 0.599778 0.812469
vt 0.594267 0.816677
vt 0.596803 0.813781
vt 0.611624 0.853935
vt 0.614499 0.854093
vt 0.615068 0.857415
vt 0.544700 0.787208
vt 0.541819 0.786470
vt 0.543342 0.784324
vt 0.353128 0.572082
vt 0.997979 0.940279
vt 0.996804 0.942603
vt 0.997823 0.935204
vt 0.503861 0.395435
vt 0.502204 0.394177
vt 0.501855 0.389638
vt 0.705206 0.969131
vt 0.703426 0.970610
vt 0.701906 0.966485
vt 0.620476 0.115731
vt 0.619336 0.113401
vt 0.620877 0.114943
vt 0.355525 0.578131
vt 0.354719 0.572556
vt 0.356007 0.578794
vt 0.353688 0.575709
vt 0.175602 0.951173
vt 0.172188 0.950608
vt 0.169678 0.949027
vt 0.191750 0.267372
vt 0.190347 0.267465
vt 0.191223 0.266400
vt 0.696463 0.965195
vt 0.695946 0.966720
vt 0.692139 0.960635
vt 0.327443 0.972987
vt 0.333216 0.976644
vt 0.328548 0.974412
vt 0.021434 0.280696
vt 0.016710 0.282179
vt 0.021172 0.279920
vt 0.646018 0.474998
vt 0.928859 0.651181
vt 0.929115 0.649706
vt 0.930871 0.650925
vt 0.398384 0.524739
vt 0.396231 0.524780
vt 0.399281 0.521726
vt 0.650403 0.274110
vt 0.652457 0.279947
vt 0.652453 0.282159
vt 0.974852 0.973645
vt 0.971759 0.975313
vt 0.524641 0.836270
vt 0.519100 0.840880
vt 0.526199 0.833908
vt 0.853975 0.930878
vt 0.853253 0.933768
vt 0.854093 0.929133
vt 0.628955 0.277336
vt 0.627683 0.278990
vt 0.501067 0.997583
vt 0.500543 0.998295
vt 0.497222 0.997231
vt 0.500414 0.998778
vt 0.497789 0.997868
vt 0.743899 0.522144
vt 0.744408 0.525752
vt 0.743809 0.523739
vt 0.278630 0.593132
vt 0.278059 0.592388
vt 0.279617 0.592539
vt 0.495359 0.559596
vt 0.495612 0.561625
vt 0.494770 0.562570
vt 0.437636 0.345965
vt 0.436331 0.347193
vt 0.437959 0.343898
vt 0.490596 0.262701
vt 0.488994 0.262797
vt 0.486541 0.262021
vt 0.762268 0.946780
vt 0.762313 0.945079
vt 0.763058 0.945983
vt 0.554712 0.528933
vt 0.554734 0.530263
vt 0.553922 0.528591
vt 0.651366 0.401653
vt 0.653161 0.400922
vt 0.642633 0.412141
vt 0.044929 0.295001
vt 0.040662 0.302826
vt 0.043424 0.296095
vt 0.259427 0.993109
vt 0.253114 0.995394
vt 0.254543 0.994616
vt 0.086472 0.912555
vt 0.092087 0.909645
vt 0.090700 0.911018
vt 0.799685 0.313100
vt 0.799671 0.313921
vt 0.798881 0.314638
vt 0.630185 0.575250
vt 0.624197 0.581552
vt 0.623992 0.580446
vt 0.027480 0.318674
vt 0.019231 0.326589
vt 0.651621 0.275143
vt 0.094442 0.923377
vt 0.088364 0.922322
vt 0.090746 0.921892
vt 0.964277 0.825443
vt 0.466817 0.102905
vt 0.467906 0.102191
vt 0.468529 0.102627
vt 0.345987 0.290456
vt 0.346818 0.290106
vt 0.345956 0.292327
vt 0.985990 0.296356
vt 0.985073 0.298045
vt 0.983083 0.300793
vt 0.938974 0.336570
vt 0.942774 0.333017
vt 0.941363 0.335063
vt 0.873763 0.303607
vt 0.874738 0.302395
vt 0.874680 0.307038
vt 0.675513 0.720060
vt 0.680067 0.722370
vt 0.677079 0.722609
vt 0.348610 0.567251
vt 0.741213 0.559257
vt 0.743269 0.562143
vt 0.741423 0.561522
vt 0.750462 0.676877
vt 0.751470 0.676546
vt 0.753840 0.678569
vt 0.453689 0.697267
vt 0.455543 0.697661
vt 0.458765 0.701013
vt 0.758945 0.808651
vt 0.761961 0.810163
vt 0.760491 0.810206
vt 0.392871 0.493365
vt 0.394128 0.495903
vt 0.393262 0.496560
vt 0.962705 0.966527
vt 0.721279 0.994273
vt 0.722223 0.993879
vt 0.724732 0.998384
vt 0.707138 0.977044
vt 0.708726 0.976711
vt 0.012452 0.335194
vt 0.009215 0.336059
vt 0.015583 0.331675
vt 0.919369 0.636071
vt 0.920193 0.638624
vt 0.919066 0.637082
vt 0.041997 0.779459
vt 0.039542 0.780030
vt 0.040044 0.777726
vt 0.006418 0.283792
vt 0.083680 0.944616
vt 0.082751 0.945361
vt 0.081270 0.944028
vt 0.690028 0.952990
vt 0.694030 0.954962
vt 0.693490 0.958248
vt 0.689172 0.956600
vt 0.063125 0.198893
vt 0.063632 0.198598
vt 0.064283 0.200151
vt 0.726051 0.998349
vt 0.724130 0.995612
vt 0.682850 0.952575
vt 0.685767 0.951542
vt 0.608809 0.316488
vt 0.601982 0.311826
vt 0.598857 0.308467
vt 0.674313 0.845464
vt 0.676369 0.844713
vt 0.679032 0.847476
vt 0.992086 0.129241
vt 0.991296 0.129984
vt 0.992299 0.128327
vt 0.444201 0.359188
vt 0.444644 0.362742
vt 0.442088 0.357199
vt 0.446171 0.364512
vt 0.649526 0.661938
vt 0.646318 0.662744
vt 0.566456 0.292706
vt 0.565948 0.289697
vt 0.356350 0.575241
vt 0.908656 0.976091
vt 0.906994 0.977371
vt 0.906746 0.975351
vt 0.003080 0.342035
vt 0.001378 0.343867
vt 0.006662 0.339177
vt 0.397875 0.487590
vt 0.394931 0.491948
vt 0.393106 0.490960
vt 0.013619 0.331332
vt 0.828854 0.948148
vt 0.827950 0.946839
vt 0.829715 0.946990
vt 0.829954 0.947858
vt 0.831271 0.947370
vt 0.362388 0.594989
vt 0.360918 0.592222
vt 0.361754 0.589907
vt 0.361747 0.595905
vt 0.687019 0.954995
vt 0.238247 0.934168
vt 0.231046 0.930992
vt 0.234188 0.931598
vt 0.227392 0.464990
vt 0.228631 0.464586
vt 0.228329 0.465648
vt 0.558644 0.537289
vt 0.556634 0.534607
vt 0.717624 0.991625
vt 0.645140 0.477940
vt 0.641811 0.478007
vt 0.700876 0.968089
vt 0.002456 0.287054
vt 0.527578 0.350953
vt 0.527504 0.349286
vt 0.529538 0.346818
vt 0.996721 0.913096
vt 0.997747 0.917085
vt 0.997256 0.921219
vt 0.504650 0.787679
vt 0.510348 0.780977
vt 0.504847 0.789033
vt 0.284672 0.344696
vt 0.286086 0.344993
vt 0.284925 0.345875
vt 0.033071 0.127708
vt 0.034611 0.127681
vt 0.034048 0.128431
vt 0.600232 0.813523
vt 0.598515 0.814957
vt 0.602841 0.812207
vt 0.407697 0.472310
vt 0.576285 0.717054
vt 0.577075 0.715865
vt 0.576042 0.718853
vt 0.713617 0.980249
vt 0.714310 0.981610
vt 0.713291 0.981600
vt 0.610598 0.857473
vt 0.294360 0.911805
vt 0.300413 0.913646
vt 0.292740 0.911443
vt 0.438095 0.400920
vt 0.435158 0.405942
vt 0.235297 0.377004
vt 0.236865 0.377032
vt 0.236854 0.378098
vt 0.569251 0.336997
vt 0.570567 0.338518
vt 0.567956 0.340824
vt 0.695649 0.960917
vt 0.604335 0.812575
vt 0.348899 0.979723
vt 0.347456 0.979610
vt 0.349797 0.978499
vt 0.407467 0.291794
vt 0.411394 0.296282
vt 0.412960 0.299592
vt 0.766118 0.144303
vt 0.765823 0.145438
vt 0.764054 0.146978
vt 0.369569 0.049211
vt 0.369091 0.056983
vt 0.368488 0.049706
vt 0.368086 0.054110
vt 0.450484 0.898462
vt 0.447244 0.897578
vt 0.444682 0.894879
vt 0.643702 0.410472
vt 0.789858 0.430253
vt 0.789010 0.432472
vt 0.788866 0.430451
vt 0.061781 0.223016
vt 0.062551 0.224011
vt 0.060146 0.223106
vt 0.514935 0.169330
vt 0.513826 0.168862
vt 0.516150 0.167846
vt 0.444150 0.582074
vt 0.444307 0.583180
vt 0.443388 0.583636
vt 0.107061 0.917178
vt 0.106046 0.918796
vt 0.105566 0.918031
vt 0.638269 0.823817
vt 0.638985 0.825609
vt 0.634557 0.827674
vt 0.678149 0.829108
vt 0.681243 0.829177
vt 0.682650 0.830184
vt 0.846908 0.924565
vt 0.788401 0.788369
vt 0.785840 0.786110
vt 0.787645 0.786861
vt 0.069560 0.957482
vt 0.073546 0.952720
vt 0.073568 0.953804
vt 0.272305 0.729412
vt 0.275481 0.736874
vt 0.274504 0.735214
vt 0.134607 0.794314
vt 0.130747 0.789230
vt 0.131975 0.790597
vt 0.752463 0.876904
vt 0.751255 0.876544
vt 0.749648 0.874553
vt 0.628801 0.578297
vt 0.624433 0.582348
vt 0.570268 0.297083
vt 0.931450 0.591911
vt 0.932429 0.589812
vt 0.932457 0.593146
vt 0.931765 0.593931
vt 0.566442 0.342910
vt 0.563869 0.347215
vt 0.774466 0.582916
vt 0.776713 0.579779
vt 0.776641 0.581876
vt 0.568662 0.343689
vt 0.398133 0.485311
vt 0.399741 0.481374
vt 0.011904 0.336616
vt 0.008179 0.341022
vt 0.007312 0.339861
vt 0.623092 0.696953
vt 0.622503 0.697157
vt 0.619892 0.692543
vt 0.096635 0.965384
vt 0.099703 0.965307
vt 0.093251 0.967792
vt 0.443328 0.760218
vt 0.441490 0.760197
vt 0.443030 0.756436
vt 0.213541 0.995913
vt 0.219306 0.997340
vt 0.220608 0.998805
vt 0.498072 0.385345
vt 0.446757 0.367894
vt 0.445204 0.364812
vt 0.995733 0.942504
vt 0.995239 0.945929
vt 0.689985 0.830574
vt 0.695023 0.831491
vt 0.690558 0.831795
vt 0.695101 0.831821
vt 0.563781 0.976997
vt 0.561315 0.978482
vt 0.557674 0.979025
vt 0.980317 0.731957
vt 0.979903 0.729249
vt 0.981477 0.727561
vt 0.970114 0.432705
vt 0.970876 0.427941
vt 0.971233 0.429401
vt 0.258061 0.992836
vt 0.260139 0.991844
vt 0.111274 0.824392
vt 0.106317 0.822812
vt 0.107481 0.822035
vt 0.984088 0.297902
vt 0.347311 0.284555
vt 0.348902 0.282602
vt 0.253674 0.938973
vt 0.248387 0.936716
vt 0.247010 0.935210
vt 0.345377 0.289983
vt 0.409875 0.468709
vt 0.405210 0.473235
vt 0.034482 0.227379
vt 0.034608 0.228778
vt 0.032589 0.227774
vt 0.439695 0.401919
vt 0.437965 0.398389
vt 0.350894 0.273677
vt 0.349367 0.274295
vt 0.281101 0.829929
vt 0.288868 0.832292
vt 0.282560 0.831362
vt 0.413390 0.647407
vt 0.412266 0.649420
vt 0.409455 0.651706
vt 0.163893 0.961443
vt 0.162521 0.962641
vt 0.162981 0.958589
vt 0.168402 0.047502
vt 0.167812 0.047463
vt 0.167900 0.046185
vt 0.099411 0.843265
vt 0.097929 0.842559
vt 0.099582 0.841517
vt 0.490273 0.114061
vt 0.488641 0.113590
vt 0.492401 0.113108
vt 0.440280 0.411259
vt 0.367854 0.045754
vt 0.368668 0.036066
vt 0.368556 0.040649
vt 0.173514 0.951326
vt 0.081489 0.942648
vt 0.492728 0.805590
vt 0.481656 0.808941
vt 0.491306 0.805872
vt 0.560437 0.540534
vt 0.561798 0.543697
vt 0.852054 0.871678
vt 0.850981 0.872090
vt 0.853281 0.869716
vt 0.026932 0.316081
vt 0.024974 0.317809
vt 0.398402 0.275918
vt 0.400753 0.279615
vt 0.398281 0.276173
vt 0.975574 0.643968
vt 0.975068 0.643943
vt 0.977631 0.640863
vt 0.976850 0.640898
vt 0.345161 0.888073
vt 0.342595 0.887638
vt 0.343256 0.886751
vt 0.350223 0.890529
vt 0.352871 0.569326
vt 0.966192 0.822069
vt 0.964771 0.819470
vt 0.964836 0.817776
vt 0.980039 0.986233
vt 0.977924 0.984882
vt 0.153082 0.043414
vt 0.150973 0.043512
vt 0.151956 0.042844
vt 0.491096 0.559720
vt 0.490136 0.558810
vt 0.491239 0.558959
vt 0.346048 0.980897
vt 0.344961 0.980397
vt 0.797082 0.495900
vt 0.799955 0.499479
vt 0.798826 0.498312
vt 0.214404 0.927981
vt 0.215429 0.928130
vt 0.213764 0.929075
vt 0.519677 0.915196
vt 0.516089 0.918268
vt 0.515352 0.916960
vt 0.588995 0.361005
vt 0.586010 0.371355
vt 0.585532 0.369766
vt 0.238998 0.933479
vt 0.737947 0.888963
vt 0.737045 0.890718
vt 0.735337 0.890678
vt 0.707105 0.973191
vt 0.705106 0.973727
vt 0.696262 0.175089
vt 0.696632 0.174231
vt 0.698135 0.174392
vt 0.516957 0.918069
vt 0.518996 0.917143
vt 0.906098 0.333537
vt 0.908234 0.337945
vt 0.907338 0.336419
vt 0.907747 0.337166
vt 0.907264 0.338411
vt 0.906689 0.335934
vt 0.038322 0.306472
vt 0.040825 0.304906
vt 0.039036 0.306900
vt 0.034627 0.308665
vt 0.031316 0.312641
vt 0.709487 0.529892
vt 0.710820 0.528782
vt 0.293166 0.909827
vt 0.296473 0.920988
vt 0.295225 0.919359
vt 0.302189 0.921783
vt 0.093840 0.799735
vt 0.100965 0.802226
vt 0.099729 0.801926
vt 0.098475 0.800863
vt 0.864025 0.307141
vt 0.522709 0.911799
vt 0.368269 0.060064
vt 0.367682 0.055913
vt 0.037517 0.274645
vt 0.036103 0.275553
vt 0.025260 0.278739
vt 0.623831 0.281775
vt 0.624404 0.278267
vt 0.917917 0.790296
vt 0.917696 0.790653
vt 0.917694 0.786908
vt 0.770915 0.496039
vt 0.773295 0.498020
vt 0.772262 0.498966
vt 0.970269 0.972665
vt 0.835539 0.832685
vt 0.834493 0.836779
vt 0.833971 0.835803
vt 0.969195 0.469077
vt 0.967625 0.463994
vt 0.968946 0.464505
vt 0.041770 0.303078
vt 0.951237 0.371914
vt 0.952865 0.373158
vt 0.952246 0.375110
vt 0.016733 0.955678
vt 0.019562 0.955764
vt 0.017127 0.956610
vt 0.360113 0.877711
vt 0.354751 0.881869
vt 0.355342 0.881063
vt 0.804928 0.602535
vt 0.807074 0.602527
vt 0.806175 0.603402
vt 0.445160 0.756202
vt 0.781103 0.982263
vt 0.777903 0.981872
vt 0.781115 0.981501
vt 0.276786 0.096103
vt 0.278852 0.095775
vt 0.276591 0.096649
vt 0.506769 0.176154
vt 0.504325 0.177670
vt 0.419558 0.653671
vt 0.416007 0.656431
vt 0.419721 0.652869
vt 0.435131 0.991867
vt 0.433277 0.991688
vt 0.437199 0.989878
vt 0.617857 0.688960
vt 0.991207 0.996431
vt 0.992804 0.997681
vt 0.991467 0.998115
vt 0.581150 0.290215
vt 0.581698 0.291701
vt 0.580555 0.294372
vt 0.579759 0.293765
vt 0.484292 0.975111
vt 0.482190 0.975422
vt 0.489633 0.972417
vt 0.578466 0.296070
vt 0.663101 0.624326
vt 0.664915 0.623160
vt 0.664110 0.625026
vt 0.712922 0.986914
vt 0.926257 0.467044
vt 0.928536 0.468503
vt 0.928866 0.470047
vt 0.205385 0.876306
vt 0.203510 0.874757
vt 0.202664 0.873324
vt 0.234556 0.980448
vt 0.234753 0.982406
vt 0.232821 0.981030
vt 0.237230 0.981514
vt 0.733315 0.302146
vt 0.736633 0.305101
vt 0.735231 0.304081
vt 0.429872 0.984778
vt 0.427913 0.984586
vt 0.430800 0.983955
vt 0.429436 0.983524
vt 0.459680 0.251362
vt 0.463140 0.251388
vt 0.463291 0.251800
vt 0.584317 0.372988
vt 0.020784 0.806288
vt 0.018675 0.805630
vt 0.022919 0.807196
vt 0.359273 0.581124
vt 0.358194 0.582899
vt 0.359048 0.587612
vt 0.356326 0.582972
vt 0.127280 0.973504
vt 0.128847 0.973838
vt 0.125301 0.974434
vt 0.921462 0.639015
vt 0.664943 0.620887
vt 0.661532 0.617465
vt 0.660478 0.619533
vt 0.659365 0.614375
vt 0.660283 0.614158
vt 0.698679 0.960305
vt 0.696000 0.957128
vt 0.182651 0.688936
vt 0.180700 0.690280
vt 0.180560 0.688665
vt 0.649875 0.657999
vt 0.981908 0.985250
vt 0.932106 0.448904
vt 0.931260 0.447591
vt 0.932069 0.447201
vt 0.717752 0.988058
vt 0.157282 0.998295
vt 0.149149 0.999045
vt 0.155566 0.997949
vt 0.533722 0.335099
vt 0.532729 0.336570
vt 0.535242 0.330636
vt 0.537523 0.827719
vt 0.538855 0.826294
vt 0.533429 0.834599
vt 0.409848 0.291957
vt 0.072110 0.254348
vt 0.072268 0.255778
vt 0.071384 0.255568
vt 0.071229 0.253349
vt 0.386934 0.123978
vt 0.384584 0.124756
vt 0.383678 0.123841
vt 0.758778 0.983059
vt 0.761146 0.981281
vt 0.759743 0.983320
vt 0.683745 0.829282
vt 0.685302 0.830994
vt 0.709964 0.166664
vt 0.709483 0.164550
vt 0.710273 0.164959
vt 0.937521 0.278767
vt 0.936915 0.280567
vt 0.936121 0.281410
vt 0.720094 0.992058
vt 0.493863 0.376045
vt 0.499089 0.384930
vt 0.714424 0.525926
vt 0.363108 0.598549
vt 0.364267 0.598805
vt 0.963558 0.968579
vt 0.686190 0.950177
vt 0.690138 0.951319
vt 0.989322 0.470958
vt 0.327108 0.092643
vt 0.325471 0.092057
vt 0.326780 0.091213
vt 0.026831 0.278551
vt 0.035663 0.916408
vt 0.037526 0.916972
vt 0.039269 0.920032
vt 0.986105 0.991821
vt 0.986394 0.990720
vt 0.212374 0.928189
vt 0.216542 0.925744
vt 0.859623 0.437868
vt 0.804787 0.838470
vt 0.803173 0.834726
vt 0.804779 0.836046
vt 0.817757 0.360855
vt 0.818540 0.357147
vt 0.819366 0.361013
vt 0.817209 0.359475
vt 0.788380 0.133464
vt 0.786207 0.133113
vt 0.787729 0.131956
vt 0.996696 0.945764
vt 0.995684 0.951605
vt 0.534085 0.833612
vt 0.319096 0.158356
vt 0.320112 0.160057
vt 0.318725 0.160020
vt 0.333875 0.779100
vt 0.336373 0.775738
vt 0.338860 0.773611
vt 0.645794 0.408043
vt 0.183423 0.687334
vt 0.185322 0.688485
vt 0.613273 0.859435
vt 0.611737 0.861479
vt 0.168755 0.810958
vt 0.169596 0.810855
vt 0.169632 0.812531
vt 0.918441 0.785082
vt 0.308485 0.900485
vt 0.302229 0.901354
vt 0.307974 0.899351
vt 0.918662 0.787230
vt 0.971332 0.690318
vt 0.970081 0.687787
vt 0.969781 0.685706
vt 0.317063 0.143136
vt 0.317578 0.141438
vt 0.318235 0.141189
vt 0.904171 0.688712
vt 0.908843 0.690051
vt 0.906438 0.689565
vt 0.787250 0.754458
vt 0.786914 0.755857
vt 0.785557 0.754724
vt 0.572722 0.725537
vt 0.571859 0.724750
vt 0.573274 0.724712
vt 0.535934 0.817393
vt 0.539205 0.812696
vt 0.542451 0.810982
vt 0.536010 0.818787
vt 0.700102 0.968936
vt 0.700479 0.971191
vt 0.703190 0.973497
vt 0.709819 0.974663
vt 0.708789 0.974794
vt 0.708153 0.973481
vt 0.991241 0.282545
vt 0.990359 0.282161
vt 0.992790 0.280146
vt 0.013800 0.226407
vt 0.014518 0.225848
vt 0.015123 0.227122
vt 0.898646 0.567429
vt 0.897372 0.567625
vt 0.898397 0.565625
vt 0.751474 0.168962
vt 0.753938 0.169390
vt 0.754451 0.171137
vt 0.007623 0.064854
vt 0.007729 0.066306
vt 0.005856 0.066315
vt 0.084086 0.946835
vt 0.083333 0.945328
vt 0.696765 0.139449
vt 0.692368 0.139203
vt 0.694986 0.138855
vt 0.906241 0.714416
vt 0.905176 0.714074
vt 0.906601 0.712492
vt 0.351032 0.889979
vt 0.292226 0.752017
vt 0.287602 0.755237
vt 0.287652 0.754178
vt 0.290066 0.754069
vt 0.203204 0.816745
vt 0.207464 0.819060
vt 0.204162 0.817783
vt 0.984006 0.988850
vt 0.981890 0.987714
vt 0.404465 0.483747
vt 0.405022 0.481858
vt 0.581282 0.715328
vt 0.580856 0.716030
vt 0.577796 0.711730
vt 0.602441 0.313441
vt 0.606578 0.316752
vt 0.603219 0.314301
vt 0.369482 0.057421
vt 0.368475 0.064270
vt 0.763317 0.355679
vt 0.761835 0.357090
vt 0.759364 0.358942
vt 0.089063 0.036963
vt 0.088410 0.038074
vt 0.087390 0.036297
vt 0.299199 0.378200
vt 0.299846 0.376432
vt 0.300173 0.377726
vt 0.765335 0.750889
vt 0.765080 0.750009
vt 0.765280 0.748849
vt 0.125093 0.082660
vt 0.126807 0.082966
vt 0.124883 0.083743
vt 0.531052 0.340858
vt 0.530995 0.340047
vt 0.970871 0.966353
vt 0.683284 0.953957
vt 0.863502 0.190281
vt 0.864543 0.189987
vt 0.864274 0.191352
vt 0.410815 0.876104
vt 0.410286 0.875313
vt 0.410901 0.874835
vt 0.454116 0.899017
vt 0.447215 0.895745
vt 0.986396 0.925008
vt 0.987433 0.923389
vt 0.988556 0.921839
vt 0.647532 0.418767
vt 0.647837 0.416419
vt 0.649417 0.414937
vt 0.949995 0.363077
vt 0.951437 0.363569
vt 0.950897 0.365913
vt 0.855315 0.838422
vt 0.853384 0.838517
vt 0.851908 0.837020
vt 0.479537 0.972894
vt 0.478502 0.974944
vt 0.478418 0.972909
vt 0.987855 0.991427
vt 0.986347 0.988692
vt 0.960914 0.977820
vt 0.960733 0.976503
vt 0.962567 0.978173
vt 0.224634 0.843631
vt 0.228127 0.846347
vt 0.224986 0.845609
vt 0.451508 0.254628
vt 0.448640 0.255688
vt 0.448307 0.254852
vt 0.430061 0.937940
vt 0.437060 0.937807
vt 0.566388 0.650768
vt 0.570327 0.651962
vt 0.565245 0.651454
vt 0.395878 0.486469
vt 0.446884 0.757287
vt 0.259690 0.988937
vt 0.258491 0.989776
vt 0.419139 0.874276
vt 0.420090 0.874484
vt 0.679923 0.256016
vt 0.682393 0.256190
vt 0.682294 0.257251
vt 0.589167 0.357565
vt 0.467531 0.514887
vt 0.455932 0.511092
vt 0.457329 0.510648
vt 0.961151 0.427531
vt 0.961669 0.425832
vt 0.961201 0.434195
vt 0.489701 0.945763
vt 0.487579 0.946434
vt 0.485141 0.945848
vt 0.258865 0.959177
vt 0.253122 0.956212
vt 0.260384 0.959367
vt 0.647890 0.475389
vt 0.646683 0.479870
vt 0.008114 0.550371
vt 0.006842 0.551099
vt 0.006950 0.549721
vt 0.342506 0.566007
vt 0.341840 0.564832
vt 0.161532 0.965331
vt 0.479521 0.328020
vt 0.480211 0.328024
vt 0.480256 0.329673
vt 0.398996 0.178365
vt 0.397673 0.178050
vt 0.398545 0.176959
vt 0.617525 0.686906
vt 0.618758 0.686210
vt 0.459340 0.590796
vt 0.458043 0.591097
vt 0.458208 0.590447
vt 0.929028 0.735058
vt 0.928102 0.734661
vt 0.927509 0.730723
vt 0.499227 0.137631
vt 0.497749 0.138084
vt 0.496680 0.136535
vt 0.145661 0.912497
vt 0.145876 0.911852
vt 0.146713 0.911763
vt 0.344772 0.779751
vt 0.349553 0.779515
vt 0.347177 0.780426
vt 0.180299 0.687561
vt 0.423244 0.876770
vt 0.421312 0.875624
vt 0.975720 0.313141
vt 0.974361 0.311383
vt 0.974605 0.310126
vt 0.237383 0.983215
vt 0.223464 0.844145
vt 0.222534 0.842838
vt 0.755219 0.690325
vt 0.750722 0.692010
vt 0.752152 0.690702
vt 0.933885 0.687570
vt 0.935381 0.690957
vt 0.934454 0.689838
vt 0.293435 0.750892
vt 0.291607 0.751407
vt 0.676833 0.848132
vt 0.675490 0.848459
vt 0.672660 0.997065
vt 0.664890 0.999210
vt 0.665728 0.998075
vt 0.818936 0.654076
vt 0.819889 0.655542
vt 0.818653 0.656505
vt 0.336391 0.867203
vt 0.338611 0.870040
vt 0.336507 0.868854
vt 0.827493 0.815423
vt 0.829357 0.815078
vt 0.830880 0.817032
vt 0.333582 0.974748
vt 0.332284 0.974922
vt 0.796565 0.078174
vt 0.796512 0.076806
vt 0.800540 0.078526
vt 0.800584 0.079980
vt 0.855811 0.816291
vt 0.854418 0.815383
vt 0.857925 0.817380
vt 0.138400 0.869722
vt 0.130564 0.867976
vt 0.140455 0.869426
vt 0.359723 0.877370
vt 0.991704 0.368654
vt 0.992942 0.374241
vt 0.991782 0.372583
vt 0.940721 0.535954
vt 0.940893 0.542417
vt 0.940596 0.544355
vt 0.053383 0.960750
vt 0.049240 0.958732
vt 0.055420 0.960280
vt 0.991049 0.368825
vt 0.038689 0.303241
vt 0.678094 0.997115
vt 0.674697 0.996604
vt 0.679139 0.995525
vt 0.497149 0.947901
vt 0.492177 0.946650
vt 0.496833 0.946988
vt 0.531957 0.341263
vt 0.493658 0.945611
vt 0.439827 0.937037
vt 0.441742 0.935223
vt 0.255833 0.255124
vt 0.257161 0.254164
vt 0.258506 0.254615
vt 0.914112 0.468426
vt 0.912694 0.468111
vt 0.914616 0.466260
vt 0.554182 0.527267
vt 0.008133 0.097609
vt 0.008492 0.099053
vt 0.006704 0.097554
vt 0.995070 0.901858
vt 0.996432 0.908536
vt 0.996141 0.912175
vt 0.015310 0.281476
vt 0.249299 0.935656
vt 0.251303 0.936172
vt 0.251939 0.937097
vt 0.975262 0.431566
vt 0.973947 0.432699
vt 0.975619 0.429647
vt 0.909817 0.934378
vt 0.909990 0.930518
vt 0.910672 0.932257
vt 0.317652 0.158925
vt 0.102452 0.920550
vt 0.406165 0.868782
vt 0.399494 0.865711
vt 0.400116 0.865483
vt 0.402571 0.867892
vt 0.190132 0.867979
vt 0.196101 0.864159
vt 0.194014 0.866768
vt 0.442788 0.413412
vt 0.369063 0.044502
vt 0.370224 0.044577
vt 0.370111 0.041943
vt 0.884345 0.637050
vt 0.885297 0.636003
vt 0.885916 0.637869
vt 0.934395 0.691954
vt 0.934554 0.691041
vt 0.679932 0.036266
vt 0.680072 0.034664
vt 0.681056 0.035909
vt 0.279439 0.429315
vt 0.281393 0.429331
vt 0.279667 0.430629
vt 0.697892 0.962751
vt 0.560725 0.073658
vt 0.559674 0.073386
vt 0.560536 0.072692
vt 0.969642 0.591242
vt 0.968384 0.593736
vt 0.969660 0.588667
vt 0.334407 0.865247
vt 0.342360 0.299548
vt 0.141717 0.916042
vt 0.114655 0.995368
vt 0.109206 0.994957
vt 0.119624 0.994082
vt 0.803092 0.080092
vt 0.812157 0.081640
vt 0.060327 0.935705
vt 0.051667 0.935074
vt 0.061745 0.934867
vt 0.060167 0.934881
vt 0.922813 0.679056
vt 0.921810 0.676687
vt 0.922128 0.674744
vt 0.735023 0.587620
vt 0.732667 0.588560
vt 0.736454 0.586264
vt 0.254353 0.664487
vt 0.256557 0.666679
vt 0.258307 0.670071
vt 0.168030 0.807813
vt 0.171666 0.811472
vt 0.571681 0.721741
vt 0.573820 0.720433
vt 0.757301 0.706006
vt 0.757460 0.708278
vt 0.755687 0.709032
vt 0.576365 0.721210
vt 0.495191 0.374750
vt 0.496970 0.380441
vt 0.927453 0.520577
vt 0.928615 0.518415
vt 0.927074 0.522783
vt 0.441152 0.328324
vt 0.439417 0.339130
vt 0.437209 0.342317
vt 0.490974 0.543654
vt 0.494390 0.557029
vt 0.490134 0.543956
vt 0.442926 0.323828
vt 0.442725 0.326919
vt 0.475103 0.973203
vt 0.476103 0.974403
vt 0.473704 0.974359
vt 0.585063 0.258702
vt 0.584179 0.257411
vt 0.586226 0.256758
vt 0.475078 0.975007
vt 0.476143 0.975524
vt 0.578816 0.238977
vt 0.581078 0.238613
vt 0.580509 0.240223
vt 0.836734 0.949931
vt 0.839906 0.948896
vt 0.838176 0.950416
vt 0.474030 0.975620
vt 0.467169 0.974348
vt 0.469419 0.973687
vt 0.442896 0.328773
vt 0.339148 0.873829
vt 0.339531 0.873066
vt 0.349873 0.875858
vt 0.346850 0.874845
vt 0.265287 0.949527
vt 0.269695 0.949625
vt 0.269696 0.951095
vt 0.443652 0.323601
vt 0.262753 0.950348
vt 0.258478 0.986630
vt 0.707983 0.124198
vt 0.705912 0.124123
vt 0.708542 0.122751
vt 0.260959 0.986971
vt 0.358565 0.584856
vt 0.956378 0.524447
vt 0.956755 0.526583
vt 0.955186 0.523822
vt 0.091736 0.989380
vt 0.089274 0.989157
vt 0.091658 0.988249
vt 0.087149 0.988105
vt 0.655056 0.287749
vt 0.995934 0.903417
vt 0.996250 0.901379
vt 0.996607 0.904224
vt 0.990974 0.925043
vt 0.991473 0.924096
vt 0.993025 0.927072
vt 0.899196 0.353871
vt 0.899152 0.356014
vt 0.898568 0.354059
vt 0.578455 0.299962
vt 0.577574 0.299920
vt 0.575789 0.304146
vt 0.331924 0.937096
vt 0.331160 0.937469
vt 0.323610 0.934917
vt 0.641933 0.540115
vt 0.649319 0.549627
vt 0.648239 0.548705
vt 0.443512 0.360849
vt 0.438441 0.349502
vt 0.959269 0.725910
vt 0.958296 0.724501
vt 0.958200 0.720807
vt 0.742536 0.409488
vt 0.743239 0.408202
vt 0.745040 0.406862
vt 0.618726 0.288625
vt 0.619647 0.285985
vt 0.621568 0.286022
vt 0.620703 0.284337
vt 0.487320 0.972959
vt 0.485177 0.973287
vt 0.490525 0.971583
vt 0.446499 0.248420
vt 0.447890 0.248672
vt 0.446145 0.248943
vt 0.400522 0.518955
vt 0.406638 0.511608
vt 0.008078 0.098928
vt 0.679801 0.723319
vt 0.682260 0.726021
vt 0.742609 0.516828
vt 0.745016 0.514863
vt 0.746545 0.514913
vt 0.080955 0.956559
vt 0.083370 0.953111
vt 0.084283 0.953958
vt 0.208335 0.816874
vt 0.205352 0.815967
vt 0.207403 0.815936
vt 0.081843 0.954864
vt 0.575406 0.718178
vt 0.332399 0.743810
vt 0.336217 0.748691
vt 0.330586 0.742436
vt 0.331735 0.742495
vt 0.339081 0.779940
vt 0.343029 0.779319
vt 0.346276 0.780838
vt 0.344927 0.781258
vt 0.346424 0.781801
vt 0.325015 0.901990
vt 0.323636 0.900844
vt 0.329024 0.901761
vt 0.637428 0.827742
vt 0.200657 0.872289
vt 0.610763 0.317938
vt 0.610959 0.319564
vt 0.608260 0.317035
vt 0.645896 0.418441
vt 0.646880 0.417429
vt 0.575129 0.304043
vt 0.576032 0.302113
vt 0.574592 0.306045
vt 0.800804 0.585313
vt 0.799866 0.588295
vt 0.799092 0.589252
vt 0.577158 0.713693
vt 0.573653 0.709979
vt 0.576919 0.712101
vt 0.863177 0.987494
vt 0.861812 0.987453
vt 0.864032 0.985500
vt 0.020022 0.326443
vt 0.483508 0.778620
vt 0.484361 0.776914
vt 0.348746 0.890256
vt 0.346460 0.889529
vt 0.238521 0.972397
vt 0.237171 0.972230
vt 0.231020 0.969612
vt 0.032321 0.756348
vt 0.030093 0.758617
vt 0.030585 0.757498
vt 0.440398 0.404647
vt 0.030484 0.756543
vt 0.955644 0.569933
vt 0.957077 0.567827
vt 0.958438 0.566584
vt 0.404528 0.284231
vt 0.408231 0.289147
vt 0.941590 0.952191
vt 0.942526 0.953422
vt 0.940953 0.955643
vt 0.668624 0.109741
vt 0.671828 0.108911
vt 0.671258 0.109616
vt 0.046528 0.289781
vt 0.046490 0.292253
vt 0.542788 0.723956
vt 0.539687 0.723137
vt 0.535164 0.719818
vt 0.644954 0.420913
vt 0.641569 0.425975
vt 0.640306 0.426110
vt 0.083134 0.920813
vt 0.079868 0.920479
vt 0.078866 0.919547
vt 0.809640 0.289377
vn 0.9649 -0.2603 -0.0358
vn 0.9352 -0.3063 -0.1778
vn 0.9553 -0.2243 -0.1926
vn 0.9829 -0.1491 0.1080
vn 0.9821 -0.1591 0.1003
vn 0.9843 -0.1476 0.0964
vn -0.8889 -0.2535 -0.3816
vn -0.9231 -0.1762 -0.3417
vn -0.9028 -0.1780 -0.3914
vn 0.6633 0.1465 -0.7339
vn 0.6922 0.1221 -0.7113
vn 0.6704 0.1155 -0.7330
vn -0.8820 -0.2315 -0.4104
vn -0.9170 -0.1999 -0.3453
vn -0.9132 -0.1625 -0.3737
vn 0.6943 -0.6017 -0.3948
vn 0.6883 -0.6391 -0.3433
vn 0.6721 -0.6322 -0.3855
vn 0.4137 -0.9037 -0.1103
vn 0.5056 -0.8402 -0.1960
vn 0.4304 -0.8979 -0.0923
vn 0.7600 -0.6231 -0.1850
vn 0.7801 -0.6114 -0.1325
vn 0.7424 -0.6583 -0.1239
vn 0.9493 -0.3089 -0.0591
vn 0.9552 -0.2882 -0.0676
vn 0.9560 -0.2896 -0.0458
vn 0.5786 0.1073 -0.8085
vn 0.6122 0.1442 -0.7775
vn 0.6161 0.1094 -0.7800
vn 0.1247 0.6515 -0.7483
vn 0.1476 0.6000 -0.7862
vn 0.1063 0.6471 -0.7550
vn 0.5123 0.8556 -0.0747
vn 0.4807 0.8756 -0.0471
vn 0.5133 0.8568 0.0499
vn 0.7211 0.6801 -0.1323
vn 0.7393 0.6623 -0.1212
vn 0.7294 0.6688 -0.1438
vn 0.9417 -0.2458 -0.2297
vn 0.9344 -0.2752 -0.2260
vn 0.9317 -0.2717 -0.2410
vn 0.9182 0.2902 -0.2695
vn 0.9302 0.2562 -0.2629
vn 0.9179 0.2677 -0.2930
vn 0.5727 0.5398 0.6169
vn 0.5715 0.5582 0.6015
vn 0.5500 0.5493 0.6291
vn 0.4979 0.2322 0.8356
vn 0.4954 0.2004 0.8452
vn 0.5217 0.2141 0.8258
vn 0.0187 0.9426 0.3335
vn 0.0166 0.9382 0.3457
vn 0.0281 0.9400 0.3401
vn -0.6305 0.1873 -0.7532
vn -0.6696 0.1641 -0.7244
vn -0.6610 0.2122 -0.7197
vn 0.1746 0.9813 -0.0807
vn 0.1786 0.9788 -0.1004
vn 0.1611 0.9811 -0.1068
vn 0.7250 0.3881 0.5690
vn 0.7248 0.4037 0.5584
vn 0.7139 0.4093 0.5682
vn 0.9444 -0.2502 0.2134
vn 0.9315 -0.2280 0.2834
vn 0.9201 -0.2896 0.2635
vn -0.0634 0.8282 -0.5568
vn -0.0976 0.8515 -0.5152
vn -0.0470 0.8431 -0.5357
vn -0.1013 0.8230 0.5590
vn 0.0429 0.8061 0.5902
vn -0.0461 0.8483 0.5275
vn 0.8963 0.2506 -0.3659
vn 0.9074 0.2391 -0.3456
vn 0.9027 0.2132 -0.3737
vn 0.5425 0.8327 0.1115
vn 0.4904 0.8679 0.0797
vn 0.4750 0.8732 0.1087
vn 0.9815 -0.0573 -0.1825
vn 0.9836 -0.0958 -0.1529
vn 0.9671 -0.1060 -0.2311
vn 0.4252 0.8205 0.3821
vn 0.4447 0.8222 0.3552
vn 0.4202 0.8300 0.3668
vn 0.0582 0.9688 0.2410
vn 0.0520 0.9731 0.2247
vn 0.0426 0.9667 0.2525
vn 0.6938 0.5756 -0.4328
vn 0.7062 0.5828 -0.4021
vn 0.7148 0.5748 -0.3983
vn 0.7286 0.5441 -0.4161
vn 0.7195 0.3632 0.5919
vn 0.6772 0.3998 0.6177
vn 0.6891 0.3119 0.6541
vn 0.9613 0.2716 0.0466
vn 0.9609 0.2623 0.0887
vn 0.9660 0.2532 0.0532
vn 0.4493 -0.6487 -0.6142
vn 0.4264 -0.6323 -0.6469
vn 0.4559 -0.6113 -0.6469
vn 0.5740 0.4413 -0.6898
vn 0.5730 0.4534 -0.6827
vn 0.5807 0.4399 -0.6851
vn -0.0276 0.9945 -0.1007
vn -0.0424 0.9968 -0.0684
vn -0.0019 0.9958 -0.0916
vn 0.3705 0.9260 -0.0716
vn 0.2819 0.9238 -0.2592
vn 0.3337 0.9413 -0.0507
vn 0.8967 -0.1920 -0.3988
vn 0.9330 -0.1569 -0.3239
vn 0.8997 -0.2363 -0.3670
vn 0.7947 0.3168 -0.5177
vn 0.8099 0.2910 -0.5093
vn 0.7851 0.2943 -0.5450
vn 0.4483 -0.1232 0.8853
vn 0.4725 -0.1606 0.8666
vn 0.4757 -0.1180 0.8717
vn 0.0708 0.9263 0.3701
vn 0.0898 0.9215 0.3779
vn 0.0851 0.9314 0.3539
vn -0.3230 0.5738 0.7526
vn -0.3850 0.5562 0.7365
vn -0.3573 0.5297 0.7693
vn 0.1148 0.2436 0.9631
vn 0.4478 0.8488 -0.2812
vn 0.1672 0.8813 0.4419
vn 0.2610 -0.7696 -0.5828
vn 0.2478 -0.7809 -0.5734
vn 0.2419 -0.7656 -0.5961
vn 0.9360 -0.3515 0.0156
vn 0.9298 -0.3680 0.0096
vn 0.9335 -0.3587 -0.0038
vn 0.4477 0.7699 0.4548
vn 0.3338 0.8324 0.4423
vn 0.3645 0.7767 0.5137
vn 0.3468 0.6612 -0.6653
vn 0.3965 0.6058 -0.6898
vn 0.3224 0.6190 -0.7161
vn 0.3631 0.7123 0.6007
vn 0.3764 0.6930 0.6149
vn 0.3852 0.6992 0.6023
vn 0.7919 0.0669 0.6069
vn 0.7977 0.0598 0.6001
vn 0.7970 0.0828 0.5983
vn -0.3031 0.4091 0.8607
vn -0.2167 0.4640 0.8589
vn -0.2811 0.5172 0.8084
vn 0.8039 -0.4917 -0.3346
vn 0.8106 -0.5049 -0.2965
vn 0.7828 -0.5476 -0.2955
vn 0.9718 -0.1185 -0.2039
vn 0.9755 -0.1255 -0.1807
vn 0.9699 -0.1439 -0.1966
vn -0.1116 -0.6714 -0.7326
vn -0.1861 -0.6879 -0.7015
vn -0.1783 -0.6426 -0.7451
vn 0.3617 0.3582 0.8607
vn 0.4301 0.3063 0.8492
vn 0.4027 0.3544 0.8439
vn -0.4172 -0.6751 0.6084
vn -0.4326 -0.6603 0.6139
vn -0.4477 -0.6976 0.5593
vn -0.6358 -0.6865 -0.3528
vn -0.6029 -0.6617 -0.4457
vn -0.5764 -0.7127 -0.3997
vn -0.1847 -0.2241 -0.9569
vn 0.3917 -0.8062 -0.4434
vn -0.2533 -0.7230 -0.6427
vn 0.3764 0.7351 0.5638
vn 0.3758 0.7543 0.5384
vn 0.3622 0.7493 0.5544
vn 0.5886 0.6990 0.4063
vn 0.5741 0.7200 0.3899
vn 0.5656 0.7166 0.4081
vn 0.6840 -0.4274 0.5911
vn 0.6704 -0.4285 0.6058
vn 0.6733 -0.4461 0.5896
vn 0.7104 -0.6234 -0.3267
vn 0.6836 -0.6460 -0.3396
vn 0.6893 -0.6299 -0.3580
vn 0.8950 0.0486 0.4434
vn 0.9005 0.0589 0.4309
vn 0.8935 0.0637 0.4446
vn 0.5598 0.7250 0.4014
vn 0.5548 0.7307 0.3979
vn 0.5449 0.7282 0.4158
vn 0.1176 0.9543 -0.2749
vn 0.1436 0.9579 -0.2487
vn 0.1644 0.9481 -0.2721
vn 0.1333 -0.1437 -0.9806
vn 0.1061 -0.1252 -0.9864
vn 0.1448 -0.1224 -0.9818
vn 0.1152 -0.6524 -0.7491
vn 0.0958 -0.6309 -0.7699
vn 0.1285 -0.6333 -0.7631
vn 0.5047 0.1350 0.8527
vn 0.5064 0.1113 0.8551
vn 0.5305 0.1219 0.8389
vn 0.2255 0.8593 -0.4590
vn 0.2061 0.8532 -0.4792
vn 0.1993 0.8690 -0.4528
vn 0.0336 0.9682 0.2478
vn 0.0596 0.9603 0.2724
vn 0.0592 0.9703 0.2344
vn 0.9716 0.2248 -0.0737
vn 0.9808 0.1847 -0.0631
vn 0.9725 0.2088 -0.1031
vn 0.7055 0.2171 0.6746
vn 0.7172 0.2203 0.6612
vn 0.7070 0.2295 0.6689
vn 0.5190 0.7216 0.4581
vn 0.5135 0.7426 0.4300
vn 0.5003 0.7393 0.4507
vn 0.9457 -0.0709 -0.3172
vn 0.9532 -0.0529 -0.2977
vn 0.9527 -0.0877 -0.2911
vn 0.9821 0.1815 -0.0501
vn 0.9236 0.3690 0.1037
vn 0.9860 0.1655 -0.0202
vn 0.6083 0.5862 0.5351
vn 0.6047 0.6006 0.5231
vn 0.5981 0.5983 0.5332
vn 0.1985 -0.3068 -0.9309
vn 0.1952 -0.3460 -0.9177
vn 0.1577 -0.3284 -0.9313
vn 0.8066 0.3845 -0.4489
vn 0.8195 0.3525 -0.4518
vn 0.8103 0.3598 -0.4626
vn 0.9147 0.3765 -0.1467
vn 0.9177 0.3619 -0.1636
vn 0.9036 0.3950 -0.1660
vn -0.9934 -0.0994 0.0568
vn -0.8768 -0.2124 0.4313
vn -0.9952 -0.0639 0.0744
vn 0.8436 -0.5227 -0.1233
vn 0.8306 -0.5443 -0.1180
vn 0.8336 -0.5341 -0.1411
vn 0.8715 -0.4411 0.2141
vn 0.8679 -0.4540 0.2014
vn 0.8805 -0.4346 0.1892
vn -0.3018 0.6405 -0.7062
vn -0.2877 0.6841 -0.6702
vn -0.2447 0.6553 -0.7146
vn 0.6698 0.1359 0.7300
vn 0.6859 0.1447 0.7131
vn 0.6712 0.1538 0.7252
vn 0.9065 0.2427 -0.3455
vn 0.9008 0.2406 -0.3614
vn 0.9004 0.2581 -0.3503
vn 0.8934 0.0641 0.4446
vn 0.8999 0.0604 0.4318
vn 0.8987 0.0786 0.4314
vn 0.5141 0.4411 0.7356
vn 0.5727 0.4361 0.6941
vn 0.5416 0.4960 0.6787
vn 0.4363 0.7298 -0.5264
vn 0.4504 0.7558 -0.4752
vn 0.5008 0.7128 -0.4910
vn 0.8076 0.5876 0.0508
vn 0.7923 0.6095 0.0259
vn 0.7920 0.6067 0.0683
vn -0.5667 0.1569 -0.8089
vn -0.6030 0.1238 -0.7881
vn -0.6035 0.1910 -0.7742
vn 0.7543 -0.2240 0.6172
vn 0.7345 -0.2631 0.6256
vn 0.7569 -0.2604 0.5995
vn 0.0849 -0.3112 -0.9465
vn 0.1006 -0.3374 -0.9360
vn 0.0738 -0.3464 -0.9352
vn -0.2326 0.7032 0.6719
vn -0.2681 0.6973 0.6648
vn -0.2456 0.6838 0.6872
vn 0.1124 -0.2437 -0.9633
vn 0.1126 -0.2806 -0.9532
vn 0.0998 -0.2565 -0.9614
vn -0.3088 -0.2005 -0.9297
vn -0.2468 -0.1983 -0.9485
vn -0.2512 -0.2175 -0.9432
vn 0.8741 0.0994 0.4755
vn 0.8818 0.0949 0.4620
vn 0.8800 0.1097 0.4621
vn 0.4647 -0.3724 0.8034
vn 0.4605 -0.3425 0.8189
vn 0.4413 -0.3740 0.8157
vn 0.5255 -0.8502 0.0321
vn 0.4996 -0.8612 0.0932
vn 0.3981 -0.9173 0.0039
vn 0.7005 0.6104 -0.3696
vn 0.6997 0.6176 -0.3591
vn 0.7337 0.5805 -0.3532
vn 0.7077 0.5919 -0.3858
vn 0.8568 0.5139 0.0430
vn 0.1745 0.9685 -0.1774
vn 0.1273 0.8137 0.5671
vn 0.5683 0.4686 -0.6763
vn 0.5738 0.4522 -0.6828
vn 0.5620 0.4676 -0.6822
vn 0.3738 -0.8610 0.3450
vn -0.1667 -0.6598 0.7327
vn -0.1251 -0.9792 0.1597
vn 0.7145 0.6951 -0.0794
vn 0.0588 0.9317 0.3584
vn 0.0571 0.4345 0.8989
vn 0.4946 0.8627 -0.1051
vn 0.4816 0.8738 -0.0669
vn 0.5249 0.8465 -0.0890
vn 0.4417 0.5294 0.7243
vn 0.4487 0.5386 0.7131
vn 0.4299 0.5471 0.7182
vn 0.4181 0.8942 0.1600
vn 0.4048 0.9050 0.1307
vn 0.3977 0.9058 0.1465
vn 0.2776 0.4656 0.8404
vn 0.9719 -0.2287 0.0559
vn 0.8765 0.4392 -0.1973
vn 0.8696 0.4691 -0.1540
vn 0.4943 0.7244 0.4805
vn 0.4972 0.7320 0.4657
vn 0.4868 0.7332 0.4748
vn 0.1724 0.9675 0.1850
vn 0.1461 0.9748 0.1684
vn 0.1555 0.9677 0.1987
vn 0.3707 0.7478 0.5508
vn 0.3859 0.7348 0.5578
vn 0.3848 0.7453 0.5445
vn -0.0406 0.3038 -0.9519
vn -0.0595 0.3549 -0.9330
vn -0.0298 0.3228 -0.9460
vn 0.5017 0.0828 0.8610
vn 0.5086 0.1199 0.8526
vn 0.4867 0.1092 0.8667
vn 0.2912 0.2264 0.9295
vn 0.2620 0.1915 0.9459
vn 0.3055 0.1788 0.9353
vn 0.1930 -0.5657 -0.8017
vn 0.2049 -0.6040 -0.7702
vn 0.1638 -0.5696 -0.8054
vn 0.3626 0.4425 0.8202
vn 0.3665 0.4569 0.8105
vn 0.3497 0.4549 0.8190
vn 0.9771 0.2126 -0.0097
vn 0.9712 0.2382 -0.0036
vn 0.9761 0.2172 0.0060
vn 0.3871 0.7440 0.5446
vn 0.3707 0.7447 0.5550
vn 0.3900 0.7373 0.5516
vn -0.0133 0.7799 0.6257
vn -0.0182 0.7902 0.6125
vn -0.0403 0.7744 0.6314
vn 0.5659 0.6485 0.5092
vn 0.5752 0.6358 0.5148
vn 0.5873 0.6413 0.4938
vn 0.8781 0.0844 0.4710
vn 0.8743 0.1178 0.4709
vn 0.8652 0.1169 0.4876
vn 0.1164 0.9901 -0.0787
vn 0.8431 0.0967 -0.5290
vn 0.1821 0.5574 -0.8101
vn 0.1875 0.5685 -0.8010
vn 0.2511 0.7942 0.5533
vn 0.2362 0.8034 0.5465
vn 0.2315 0.7962 0.5590
vn 0.3651 0.3101 0.8778
vn 0.3702 0.3330 0.8672
vn 0.3468 0.3188 0.8821
vn 0.5275 0.5346 0.6602
vn 0.5328 0.6010 0.5957
vn 0.5020 0.5921 0.6304
vn 0.7847 -0.2083 0.5838
vn 0.7635 -0.2268 0.6047
vn 0.7806 -0.2427 0.5760
vn 0.9713 0.2292 -0.0641
vn 0.9787 0.2005 -0.0446
vn 0.9750 0.2085 -0.0769
vn 0.0759 0.0901 -0.9930
vn 0.7712 -0.2705 -0.5762
vn 0.0931 -0.6904 -0.7174
vn 0.6293 -0.7615 -0.1553
vn 0.6244 -0.7703 -0.1292
vn 0.6150 -0.7727 -0.1571
vn -0.1259 -0.5034 -0.8548
vn -0.1039 -0.4752 -0.8737
vn -0.0901 -0.5079 -0.8567
vn -0.1919 0.0253 -0.9811
vn -0.2215 0.0622 -0.9732
vn -0.1961 0.0703 -0.9781
vn 0.7024 0.1440 -0.6971
vn 0.7078 0.1072 -0.6983
vn 0.6932 0.1147 -0.7116
vn 0.1749 0.8991 0.4013
vn 0.1829 0.9050 0.3840
vn 0.1707 0.9104 0.3768
vn 0.1639 -0.4611 -0.8721
vn 0.1720 -0.4761 -0.8624
vn 0.1334 -0.4719 -0.8715
vn -0.1107 0.6162 -0.7798
vn -0.1177 0.6044 -0.7879
vn -0.1258 0.6106 -0.7819
vn 0.3454 0.9376 -0.0399
vn 0.3353 0.9420 0.0131
vn 0.3617 0.9322 -0.0151
vn 0.8245 -0.1448 0.5471
vn 0.8397 -0.1368 0.5255
vn 0.8284 -0.1113 0.5490
vn 0.4196 0.1337 0.8978
vn 0.4284 0.1073 0.8972
vn 0.4487 0.1267 0.8847
vn 0.5966 0.7388 0.3133
vn 0.6006 0.7337 0.3178
vn 0.6078 0.7337 0.3036
vn 0.1580 0.9167 -0.3671
vn 0.1949 0.9125 -0.3598
vn 0.1767 0.9055 -0.3858
vn 0.1931 0.2792 -0.9406
vn 0.6695 -0.7422 -0.0291
vn 0.2879 -0.5469 -0.7861
vn 0.6710 -0.3761 0.6390
vn 0.6489 -0.3916 0.6524
vn 0.6697 -0.4129 0.6173
vn 0.5426 -0.2372 -0.8058
vn 0.6474 -0.3637 -0.6698
vn 0.4279 -0.3279 -0.8422
vn 0.6609 -0.7416 0.1151
vn 0.6729 -0.7334 0.0969
vn 0.6822 -0.7209 0.1222
vn 0.6669 -0.7315 0.1421
vn 0.6604 -0.7417 0.1175
vn 0.6808 -0.7221 0.1230
vn 0.3769 -0.2137 0.9013
vn -0.2259 -0.0490 0.9729
vn -0.1447 -0.7650 0.6276
vn 0.0015 -0.9759 -0.2181
vn 0.6751 -0.5909 0.4418
vn -0.0141 -0.8445 0.5354
vn 0.0031 -0.8677 0.4971
vn 0.4532 0.0152 -0.8913
vn 0.4361 -0.0186 -0.8997
vn 0.3896 0.0252 -0.9206
vn 0.9627 0.2497 0.1039
vn 0.9652 0.2462 0.0883
vn 0.9578 0.2701 0.0980
vn 0.5909 0.1320 0.7959
vn 0.5659 0.1127 0.8168
vn 0.5845 0.0948 0.8058
vn 0.8690 0.0673 0.4902
vn 0.8741 0.0533 0.4828
vn 0.8765 0.0663 0.4769
vn 0.2109 0.8569 -0.4703
vn 0.2062 0.8389 -0.5037
vn 0.1784 0.8484 -0.4984
vn 0.7092 -0.6067 -0.3591
vn 0.7225 -0.6043 -0.3360
vn 0.7041 -0.6293 -0.3291
vn 0.8745 0.3893 -0.2893
vn 0.8643 0.3941 -0.3125
vn 0.8585 0.4139 -0.3029
vn 0.9176 0.3302 -0.2211
vn 0.9182 0.3137 -0.2417
vn 0.9069 0.3377 -0.2520
vn 0.1731 0.9722 -0.1575
vn 0.1442 0.9766 -0.1593
vn 0.1596 0.9785 -0.1307
vn 0.0378 0.8932 -0.4480
vn 0.6363 -0.2430 -0.7322
vn 0.0408 0.3102 -0.9498
vn 0.9716 0.1629 -0.1716
vn 0.1845 0.8257 0.5332
vn 0.3052 0.7453 0.5927
vn -0.2662 -0.4149 -0.8701
vn -0.3156 -0.4584 -0.8308
vn -0.3159 -0.3860 -0.8667
vn 0.5077 0.7406 0.4402
vn 0.4870 0.7600 0.4304
vn 0.4907 0.7464 0.4495
vn -0.0561 0.9271 -0.3705
vn -0.0089 0.9386 -0.3450
vn -0.0017 0.9294 -0.3690
vn 0.9860 0.1028 -0.1310
vn 0.9892 0.1095 -0.0974
vn 0.9912 0.0788 -0.1062
vn 0.2724 0.8585 -0.4345
vn 0.3218 0.8422 -0.4326
vn 0.2962 0.8389 -0.4567
vn 0.2249 0.7890 0.5717
vn 0.3056 0.7725 0.5566
vn 0.2266 0.8193 0.5267
vn 0.9311 0.3634 0.0301
vn 0.9232 0.3833 0.0273
vn 0.9184 0.3906 0.0632
vn 0.9259 -0.3656 -0.0956
vn 0.9224 -0.3794 -0.0724
vn 0.9129 -0.3962 -0.0982
vn -0.2497 -0.9283 0.2756
vn -0.2003 -0.9627 0.1817
vn -0.1432 -0.9558 0.2566
vn 0.9444 -0.0362 0.3268
vn 0.9418 -0.0477 0.3327
vn 0.9461 -0.0529 0.3195
vn 0.8568 -0.4433 0.2635
vn 0.8586 -0.4559 0.2345
vn 0.8681 -0.4340 0.2410
vn 0.4733 0.7772 -0.4148
vn 0.4959 0.7480 -0.4411
vn 0.4219 0.7882 -0.4481
vn 0.3895 0.3071 0.8683
vn 0.4127 0.3186 0.8533
vn 0.3834 0.3313 0.8621
vn 0.7493 0.6581 0.0732
vn 0.7480 0.6498 0.1351
vn 0.7728 0.6280 0.0919
vn 0.5147 0.8572 -0.0181
vn 0.4576 0.8891 -0.0089
vn 0.5084 0.8596 0.0519
vn -0.0910 -0.8646 -0.4941
vn 0.3614 -0.7069 0.6080
vn -0.1286 -0.9753 0.1797
vn 0.9951 0.0433 -0.0888
vn 0.8874 0.0496 -0.4583
vn 0.8731 0.1090 -0.4752
vn 0.7274 0.6778 0.1069
vn 0.7565 0.6520 0.0501
vn 0.7303 0.6814 0.0488
vn 0.1940 0.9482 0.2517
vn 0.1512 0.9572 0.2467
vn 0.1667 0.9366 0.3082
vn 0.2966 0.6299 0.7178
vn 0.2886 0.6219 0.7280
vn 0.3055 0.6143 0.7275
vn 0.7427 0.0695 -0.6660
vn 0.7218 0.0571 -0.6897
vn 0.7162 0.0720 -0.6942
vn 0.9291 0.0014 -0.3698
vn 0.9093 -0.0518 -0.4129
vn 0.8898 0.0138 -0.4561
vn -0.0026 0.2336 0.9723
vn 0.1105 0.9548 -0.2760
vn -0.0130 0.8446 0.5352
vn 0.9333 0.3547 0.0554
vn 0.9391 0.3406 0.0452
vn 0.9278 0.3718 0.0317
vn 0.9681 0.2431 -0.0599
vn 0.9652 0.2595 -0.0319
vn 0.9712 0.2361 -0.0324
vn 0.0823 0.5919 -0.8018
vn 0.0511 0.6134 -0.7881
vn 0.0715 0.6162 -0.7843
vn 0.8831 -0.3579 0.3034
vn 0.8936 -0.3378 0.2955
vn 0.8873 -0.3416 0.3100
vn 0.6002 -0.7888 -0.1325
vn 0.6097 -0.7874 -0.0914
vn 0.5850 -0.8023 -0.1188
vn 0.9744 -0.0805 0.2097
vn 0.9699 -0.0899 0.2263
vn 0.9719 -0.0955 0.2151
vn -0.0882 0.5630 -0.8217
vn -0.1356 0.5575 -0.8191
vn -0.1047 0.5725 -0.8132
vn 0.7582 0.2038 -0.6194
vn 0.7465 0.1842 -0.6393
vn 0.7441 0.2122 -0.6334
vn 0.4304 -0.7438 0.5113
vn 0.4499 -0.7550 0.4770
vn 0.4575 -0.7344 0.5014
vn 0.9103 -0.3013 0.2838
vn 0.8981 -0.3259 0.2953
vn 0.9100 -0.3088 0.2765
vn -0.0959 -0.9928 -0.0712
vn -0.1254 -0.9909 -0.0497
vn -0.1191 -0.9892 -0.0858
vn 0.0487 -0.9883 0.1447
vn 0.0443 -0.9925 0.1143
vn 0.0610 -0.9901 0.1263
vn 0.1021 0.9308 0.3509
vn 0.0977 0.9224 0.3736
vn 0.1148 0.9275 0.3558
vn 0.5871 0.3133 -0.7464
vn 0.6138 0.4353 -0.6586
vn 0.6443 0.3699 -0.6694
vn -0.0327 -0.3581 -0.9331
vn -0.0628 -0.3467 -0.9359
vn -0.0466 -0.3253 -0.9445
vn 0.1098 0.7288 0.6758
vn 0.6415 0.4928 -0.5879
vn 0.1645 0.9783 -0.1264
vn 0.1188 -0.9856 0.1204
vn 0.1515 -0.9667 0.2061
vn 0.0834 -0.9806 0.1773
vn -0.5342 -0.8360 0.1257
vn -0.4874 -0.8600 0.1510
vn -0.5325 -0.8192 0.2130
vn 0.9203 -0.3882 0.0482
vn 0.9186 -0.3893 0.0684
vn 0.9132 -0.4023 0.0656
vn -0.0187 0.2473 0.9688
vn 0.4492 0.8909 -0.0663
vn -0.0599 0.8508 0.5221
vn -0.0200 0.8456 0.5334
vn -0.6058 0.1736 -0.7765
vn -0.5872 0.2067 -0.7826
vn -0.5634 0.1883 -0.8045
vn 0.4974 0.8440 0.2008
vn 0.4632 0.8603 0.2130
vn 0.5041 0.8344 0.2229
vn 0.0203 0.9609 0.2762
vn 0.0068 0.9516 0.3072
vn 0.0263 0.9522 0.3042
vn 0.5217 0.7313 -0.4393
vn 0.5322 0.7427 -0.4064
vn 0.5504 0.7219 -0.4195
vn 0.8990 -0.3292 0.2889
vn 0.9039 -0.3425 0.2562
vn 0.9074 -0.3264 0.2649
vn 0.0801 0.2502 -0.9649
vn 0.0605 0.2477 -0.9669
vn 0.0755 0.2683 -0.9604
vn 0.9606 0.2493 0.1231
vn 0.9524 0.2645 0.1513
vn 0.9624 0.2248 0.1523
vn 0.8424 -0.4167 0.3416
vn 0.8624 -0.3919 0.3205
vn 0.8587 -0.3616 0.3632
vn 0.5137 -0.7090 -0.4833
vn 0.4882 -0.7293 -0.4794
vn 0.4886 -0.7059 -0.5129
vn 0.0748 0.8346 -0.5457
vn 0.1252 0.8274 -0.5475
vn 0.1025 0.7935 -0.5998
vn 0.9674 -0.2174 -0.1299
vn 0.9679 -0.2234 -0.1151
vn 0.9649 -0.2295 -0.1274
vn 0.4421 -0.8427 -0.3072
vn 0.4626 -0.8321 -0.3061
vn 0.4355 -0.8532 -0.2871
vn 0.5229 -0.8461 -0.1037
vn 0.5454 -0.8287 -0.1259
vn 0.5489 -0.8299 -0.0998
vn 0.0900 0.6010 0.7941
vn 0.1417 0.5870 0.7971
vn 0.1453 0.6196 0.7713
vn 0.1491 0.5420 0.8270
vn 0.1649 0.5546 0.8156
vn 0.1462 0.5609 0.8149
vn -0.0368 0.9969 0.0692
vn 0.0024 0.9992 0.0393
vn -0.0547 0.9974 0.0478
vn -0.2668 0.2746 -0.9238
vn -0.1974 0.2895 -0.9366
vn -0.2221 0.2527 -0.9417
vn 0.1792 0.5639 -0.8062
vn 0.1570 0.5564 -0.8160
vn 0.1480 0.5944 -0.7904
vn 0.2495 0.9649 -0.0819
vn 0.2364 0.9693 -0.0676
vn 0.2574 0.9648 -0.0541
vn 0.2004 0.4271 -0.8817
vn 0.2136 0.4512 -0.8665
vn 0.2208 0.4007 -0.8892
vn -0.6720 0.2119 -0.7096
vn -0.6553 0.2062 -0.7267
vn -0.6591 0.1613 -0.7346
vn 0.4235 0.6370 0.6442
vn 0.4225 0.6285 0.6531
vn 0.4369 0.6271 0.6448
vn 0.9710 0.2290 0.0685
vn 0.9624 0.2567 0.0888
vn 0.9707 0.2251 0.0840
vn 0.9438 0.3141 0.1027
vn 0.9517 0.2909 0.0977
vn 0.9440 0.3182 0.0874
vn 0.2976 0.7420 0.6008
vn 0.2748 0.7481 0.6040
vn 0.2765 0.7376 0.6161
vn 0.0830 0.9346 0.3458
vn 0.0552 0.9388 0.3399
vn 0.0781 0.9309 0.3567
vn 0.9129 -0.1030 -0.3949
vn 0.9145 -0.1187 -0.3867
vn 0.9078 -0.1158 -0.4032
vn -0.2434 -0.2160 -0.9456
vn -0.2600 -0.2722 -0.9265
vn -0.2751 -0.2563 -0.9266
vn -0.5101 -0.1346 -0.8495
vn -0.4810 -0.1918 -0.8555
vn -0.5051 -0.1959 -0.8405
vn 0.8358 -0.0805 0.5431
vn 0.8473 -0.0725 0.5262
vn 0.8410 -0.0519 0.5385
vn 0.9446 -0.2653 -0.1930
vn 0.9393 -0.2764 -0.2030
vn 0.9398 -0.2588 -0.2231
vn -0.0082 -0.8638 -0.5037
vn -0.0297 -0.8530 -0.5210
vn -0.0025 -0.8521 -0.5233
vn 0.0720 -0.9965 -0.0430
vn 0.0655 -0.9977 -0.0151
vn 0.0483 -0.9983 -0.0335
vn 0.3867 0.6612 0.6429
vn 0.3917 0.6710 0.6296
vn 0.3681 0.6794 0.6348
vn 0.1350 0.9906 0.0224
vn 0.8487 0.4500 -0.2777
vn 0.2158 0.6182 -0.7558
vn 0.2124 0.6388 -0.7395
vn 0.3048 0.2530 0.9182
vn 0.3359 0.2222 0.9153
vn 0.3294 0.2480 0.9110
vn 0.0387 -0.5312 -0.8464
vn 0.0046 -0.5387 -0.8425
vn 0.0205 -0.5117 -0.8589
vn 0.6772 0.3830 0.6282
vn 0.6943 0.3702 0.6172
vn 0.6866 0.3903 0.6134
vn -0.2175 -0.7865 0.5780
vn -0.0303 0.2207 0.9749
vn -0.2827 -0.2779 0.9181
vn 0.6676 -0.1820 0.7219
vn 0.6451 -0.1708 0.7448
vn 0.6338 -0.2000 0.7472
vn 0.7462 -0.1830 0.6401
vn 0.7328 -0.1957 0.6516
vn 0.7410 -0.2165 0.6357
vn 0.3507 0.3472 0.8697
vn 0.3342 0.3723 0.8658
vn 0.3310 0.3393 0.8805
vn 0.6440 0.6396 0.4197
vn 0.6595 0.6264 0.4155
vn 0.6460 0.6478 0.4038
vn 0.4344 0.9001 -0.0326
vn 0.4083 0.9100 -0.0721
vn 0.3910 0.9197 -0.0349
vn 0.4388 0.5364 0.7209
vn 0.4339 0.5223 0.7341
vn 0.4535 0.5254 0.7199
vn 0.9437 0.3305 0.0137
vn 0.9317 0.3631 0.0136
vn 0.9398 0.3402 0.0305
vn 0.9467 0.2976 0.1232
vn 0.9431 0.3128 0.1130
vn 0.9349 0.3269 0.1381
vn 0.9938 -0.0900 -0.0657
vn 0.9952 -0.0730 -0.0648
vn 0.9953 -0.0825 -0.0504
vn 0.8278 -0.2921 -0.4789
vn 0.8125 -0.3330 -0.4784
vn 0.8187 -0.2828 -0.4997
vn 0.9617 0.2457 0.1218
vn 0.9661 0.2137 0.1451
vn 0.9701 0.2085 0.1246
vn 0.4438 0.5555 0.7032
vn 0.4342 0.5218 0.7343
vn 0.4588 0.5201 0.7204
vn -0.2621 0.2297 0.9373
vn -0.2368 0.1912 0.9526
vn -0.2319 0.2109 0.9496
vn 0.7674 0.3330 0.5479
vn 0.7902 0.2957 0.5368
vn 0.7900 0.3249 0.5200
vn 0.9305 0.0650 -0.3605
vn 0.9237 0.0939 -0.3714
vn 0.9340 0.0853 -0.3470
vn 0.9540 0.1263 -0.2720
vn 0.9469 0.1338 -0.2923
vn 0.9457 0.1541 -0.2863
vn 0.9407 0.1252 -0.3152
vn 0.9342 0.1253 -0.3341
vn 0.9381 0.1480 -0.3131
vn 0.8940 0.3463 -0.2844
vn 0.8855 0.3510 -0.3043
vn 0.8911 0.3535 -0.2847
vn 0.0051 -0.7420 -0.6704
vn -0.0627 -0.7549 -0.6528
vn -0.0308 -0.7234 -0.6898
vn 0.3197 0.9209 -0.2232
vn 0.3022 0.9246 -0.2319
vn 0.2960 0.9330 -0.2046
vn 0.0323 0.9488 -0.3143
vn 0.0427 0.9569 -0.2872
vn 0.0546 0.9462 -0.3190
vn 0.8388 -0.1882 0.5109
vn 0.8436 -0.2116 0.4936
vn 0.8487 -0.1697 0.5010
vn 0.3113 0.2156 0.9255
vn 0.2859 0.1690 0.9432
vn 0.3100 0.1653 0.9362
vn 0.8373 0.1664 0.5208
vn 0.8464 0.1215 0.5185
vn 0.8538 0.1224 0.5059
vn 0.4008 0.3694 0.8384
vn 0.3872 0.3918 0.8346
vn 0.3607 0.3591 0.8608
vn -0.0294 0.5290 -0.8481
vn -0.0420 0.5404 -0.8404
vn -0.0187 0.5507 -0.8345
vn -0.0728 -0.4307 -0.8996
vn -0.0952 -0.4420 -0.8919
vn -0.1052 -0.4201 -0.9014
vn -0.5293 0.8378 -0.1343
vn -0.4488 0.8859 -0.1172
vn -0.5204 0.8085 -0.2747
vn -0.3243 0.7964 -0.5104
vn -0.2874 0.8378 -0.4642
vn -0.2467 0.8139 -0.5261
vn 0.9488 -0.2211 -0.2256
vn 0.9426 -0.2359 -0.2363
vn 0.9463 -0.2188 -0.2380
vn 0.3441 0.9298 -0.1310
vn 0.3463 0.9234 -0.1656
vn 0.3017 0.9394 -0.1626
vn 0.4964 0.6789 0.5411
vn 0.4781 0.6982 0.5329
vn 0.4831 0.6790 0.5528
vn 0.5483 0.7205 0.4246
vn 0.5678 0.7011 0.4313
vn 0.5657 0.7092 0.4208
vn 0.2004 -0.7660 -0.6108
vn 0.2435 -0.7617 -0.6005
vn 0.2157 -0.7763 -0.5923
vn 0.5165 0.5661 0.6425
vn 0.5527 0.5633 0.6142
vn 0.5040 0.6093 0.6121
vn 0.5297 0.5485 0.6470
vn 0.5641 0.5750 0.5926
vn 0.4951 0.6056 0.6230
vn -0.0527 -0.9168 0.3958
vn 0.4537 0.1452 0.8793
vn -0.0909 -0.4231 0.9015
vn 0.0008 -0.9905 0.1372
vn 0.6390 -0.3340 0.6930
vn -0.0202 -0.6349 0.7723
vn 0.1529 0.0773 -0.9852
vn 0.1897 0.0696 -0.9794
vn 0.1914 0.0344 -0.9809
vn 0.1504 0.0458 -0.9876
vn 0.6649 0.5272 0.5291
vn 0.6824 0.5151 0.5187
vn 0.6783 0.5278 0.5112
vn 0.2948 0.7553 0.5853
vn 0.3218 0.7674 0.5545
vn 0.2826 0.7627 0.5817
vn 0.2785 0.7695 0.5748
vn 0.3183 0.7675 0.5564
vn 0.2754 0.7850 0.5549
vn 0.3517 0.8716 0.3416
vn 0.3887 0.8500 0.3556
vn 0.3721 0.8706 0.3219
vn 0.0081 0.1837 -0.9829
vn 0.6301 -0.1117 -0.7685
vn 0.0074 -0.5655 -0.8247
vn 0.0149 -0.5478 -0.8365
vn 0.5248 0.8183 0.2346
vn 0.5025 0.8365 0.2186
vn 0.4724 0.8403 0.2658
vn 0.5775 0.7908 0.2030
vn 0.5561 0.8014 0.2203
vn 0.5830 0.7689 0.2624
vn 0.6338 0.3752 0.6764
vn 0.6420 0.3494 0.6825
vn 0.6501 0.3680 0.6648
vn 0.9957 -0.0704 -0.0598
vn 0.9943 -0.0940 -0.0500
vn 0.9940 -0.0833 -0.0708
vn 0.9898 0.1424 0.0052
vn 0.9894 0.1423 0.0297
vn 0.9922 0.1244 0.0120
vn 0.2920 0.9361 0.1960
vn 0.2752 0.9457 0.1731
vn 0.2768 0.9382 0.2076
vn -0.0305 -0.9116 0.4099
vn -0.0715 -0.8981 0.4340
vn -0.1257 -0.9044 0.4078
vn 0.1070 -0.9816 0.1581
vn 0.0908 -0.9924 0.0830
vn 0.1709 -0.9818 0.0825
vn 0.3880 0.9214 0.0204
vn 0.3941 0.9185 -0.0310
vn 0.3522 0.9357 -0.0203
vn 0.1420 -0.7768 -0.6135
vn 0.0873 -0.7359 -0.6715
vn 0.1413 -0.7436 -0.6535
vn 0.9281 -0.3411 -0.1492
vn 0.9357 -0.3211 -0.1461
vn 0.9320 -0.3355 -0.1367
vn 0.1666 -0.8637 0.4756
vn 0.1395 -0.8601 0.4906
vn 0.1481 -0.8832 0.4450
vn 0.9591 0.2712 0.0810
vn 0.9578 0.2829 0.0503
vn 0.9521 0.2985 0.0667
vn 0.4621 0.8221 0.3325
vn 0.4830 0.8127 0.3260
vn 0.4703 0.8245 0.3148
vn 0.5856 -0.7955 -0.1557
vn 0.6241 -0.7808 -0.0311
vn 0.6013 -0.7988 -0.0178
vn -0.1001 -0.6510 -0.7525
vn -0.1105 -0.5896 -0.8001
vn -0.0709 -0.6151 -0.7852
vn 0.1233 0.0376 0.9917
vn 0.3638 -0.0072 0.9314
vn 0.1835 0.7603 0.6231
vn 0.1643 0.7534 0.6367
vn 0.0626 0.1316 -0.9893
vn 0.0579 0.1761 -0.9827
vn 0.0860 0.1553 -0.9841
vn 0.1314 0.7276 0.6733
vn 0.0957 0.6753 0.7313
vn 0.2213 0.6876 0.6916
vn 0.3560 0.7762 -0.5203
vn 0.2188 0.7509 -0.6231
vn 0.2161 0.8247 -0.5227
vn 0.1540 0.4827 -0.8622
vn 0.6841 0.2380 -0.6894
vn 0.2088 -0.2802 -0.9370
vn 0.2091 -0.2176 -0.9534
vn 0.7380 0.6716 0.0660
vn 0.7737 0.6293 0.0730
vn 0.7598 0.6488 0.0423
vn -0.3244 0.7544 0.5706
vn -0.3255 0.7238 0.6085
vn -0.2910 0.7432 0.6024
vn -0.2818 0.9134 0.2938
vn -0.2046 0.9275 0.3130
vn -0.2418 0.9400 0.2405
vn 0.5963 0.4165 0.6863
vn 0.5701 0.3651 0.7360
vn 0.6252 0.3463 0.6994
vn 0.4383 0.6339 -0.6372
vn 0.4516 0.6318 -0.6300
vn 0.4601 0.6149 -0.6404
vn 0.5213 0.7476 0.4115
vn 0.5066 0.7585 0.4099
vn 0.5216 0.7378 0.4284
vn 0.3010 0.0003 -0.9536
vn 0.3289 -0.0178 -0.9442
vn 0.2800 -0.0185 -0.9598
vn 0.1958 0.4585 -0.8669
vn 0.1724 0.4448 -0.8789
vn 0.1430 0.4492 -0.8819
vn 0.2710 0.9309 0.2449
vn 0.2767 0.8330 0.4792
vn 0.4046 0.8756 0.2641
vn -0.0530 0.7054 0.7068
vn 0.0357 0.7619 0.6467
vn -0.1152 0.7633 0.6357
vn 0.9920 -0.1017 -0.0744
vn 0.9907 -0.1134 -0.0750
vn 0.9904 -0.1093 -0.0849
vn 0.8824 0.4287 -0.1941
vn 0.8933 0.4057 -0.1936
vn 0.8811 0.4228 -0.2119
vn -0.3924 -0.9077 -0.1485
vn -0.2849 -0.9441 -0.1659
vn -0.3446 -0.9323 -0.1100
vn 0.2332 -0.9508 0.2041
vn 0.2986 -0.9351 0.1909
vn 0.2626 -0.9315 0.2516
vn -0.0690 0.9747 -0.2127
vn -0.0389 0.9735 -0.2252
vn -0.0730 0.9645 -0.2539
vn -0.0482 0.9311 -0.3614
vn -0.0006 0.9366 -0.3503
vn -0.0105 0.9168 -0.3991
vn -0.0410 0.9815 -0.1868
vn -0.0756 0.9797 -0.1859
vn -0.0586 0.9844 -0.1661
vn 0.8658 0.2772 -0.4166
vn 0.8873 0.2617 -0.3797
vn 0.8818 0.2453 -0.4028
vn 0.8655 0.3229 -0.3831
vn 0.8797 0.2992 -0.3696
vn 0.8593 0.3032 -0.4120
vn -0.8646 0.0302 -0.5016
vn -0.9103 0.0608 -0.4096
vn -0.8673 0.1022 -0.4872
vn -0.0854 0.3982 -0.9133
vn -0.0738 0.4566 -0.8866
vn -0.0459 0.4225 -0.9052
vn 0.7991 -0.4776 0.3652
vn 0.7628 -0.4925 0.4190
vn 0.7765 -0.5029 0.3798
vn 0.8757 0.4733 -0.0960
vn 0.8835 0.4612 -0.0818
vn 0.8808 0.4641 -0.0937
vn 0.3242 0.4213 0.8470
vn 0.3041 0.4329 0.8486
vn 0.3010 0.4096 0.8612
vn 0.0337 -0.2195 -0.9750
vn 0.1024 -0.2086 -0.9726
vn 0.0630 -0.2466 -0.9671
vn 0.9304 0.0036 0.3666
vn 0.9281 -0.0133 0.3720
vn 0.9348 -0.0065 0.3552
vn 0.9488 -0.1443 0.2809
vn 0.9422 -0.1540 0.2977
vn 0.9459 -0.1570 0.2839
vn 0.8766 0.3070 -0.3705
vn 0.8711 0.3038 -0.3860
vn 0.8721 0.3182 -0.3717
vn 0.8360 0.5477 0.0342
vn 0.8505 0.5259 -0.0110
vn 0.8371 0.5468 -0.0137
vn 0.8114 -0.4836 0.3282
vn 0.8232 -0.4728 0.3142
vn 0.8226 -0.4558 0.3399
vn 0.9169 -0.1889 0.3515
vn 0.9239 -0.1817 0.3366
vn 0.9262 -0.1706 0.3361
vn 0.9031 -0.1225 0.4117
vn 0.9124 -0.1071 0.3950
vn 0.9057 -0.1053 0.4107
vn 0.8170 -0.3176 -0.4813
vn 0.8864 -0.1486 -0.4384
vn 0.8974 -0.1880 -0.3991
vn -0.6262 0.5988 0.4994
vn -0.8063 0.5115 0.2972
vn -0.7957 0.4297 0.4268
vn -0.5710 0.5699 -0.5909
vn -0.5286 0.6326 -0.5661
vn -0.4781 0.6281 -0.6140
vn -0.6334 0.5735 -0.5195
vn -0.6357 0.6257 -0.4521
vn -0.6006 0.6368 -0.4835
vn 0.7390 0.6694 0.0768
vn 0.7323 0.6785 0.0585
vn 0.7241 0.6862 0.0693
vn 0.7855 0.6123 -0.0895
vn 0.7721 0.6274 -0.1011
vn 0.7791 0.6208 -0.0874
vn 0.9180 -0.2324 0.3213
vn 0.9249 -0.2242 0.3071
vn 0.9225 -0.2114 0.3229
vn 0.8267 0.5340 0.1771
vn 0.8153 0.5346 0.2226
vn 0.8322 0.5027 0.2337
vn 0.8486 0.4941 0.1893
vn 0.9578 0.1883 -0.2172
vn 0.9536 0.2077 -0.2178
vn 0.9604 0.1968 -0.1972
vn -0.5715 -0.8096 -0.1342
vn -0.5393 -0.8394 -0.0681
vn -0.6109 -0.7885 -0.0718
vn -0.4263 -0.9017 0.0721
vn -0.4810 -0.8685 0.1198
vn -0.4816 -0.8725 0.0822
vn -0.0537 0.2641 -0.9630
vn -0.0437 0.3159 -0.9478
vn 0.0037 0.2884 -0.9575
vn 0.9734 0.2281 0.0217
vn 0.9648 0.2616 0.0256
vn 0.9686 0.2323 0.0883
vn 0.9263 -0.3209 -0.1975
vn 0.9355 -0.2952 -0.1942
vn 0.9363 -0.3007 -0.1817
vn 0.3269 0.9136 -0.2419
vn 0.3172 0.9212 -0.2254
vn 0.3360 0.9164 -0.2173
vn 0.5130 -0.1895 -0.8372
vn 0.3840 -0.2075 -0.8997
vn 0.3612 -0.1552 -0.9195
vn 0.2694 -0.1983 -0.9424
vn 0.2182 -0.1982 -0.9556
vn 0.2046 -0.0436 -0.9779
vn 0.6768 0.2910 0.6762
vn 0.6805 0.2644 0.6834
vn 0.6910 0.2793 0.6667
vn 0.4534 0.6215 0.6389
vn 0.4359 0.6102 0.6616
vn 0.4527 0.6101 0.6503
vn 0.1845 -0.6783 0.7112
vn 0.1805 -0.6630 0.7265
vn 0.1553 -0.6906 0.7063
vn -0.5811 0.2078 -0.7869
vn -0.5890 0.1628 -0.7916
vn -0.6025 0.1881 -0.7757
vn 0.9180 0.3877 0.0831
vn 0.8658 0.4795 0.1431
vn 0.9244 0.3641 0.1134
vn 0.6442 -0.7519 0.1403
vn 0.6598 -0.7345 0.1588
vn 0.6110 -0.7637 0.2082
vn 0.5683 -0.8025 0.1819
vn 0.5447 -0.8290 0.1268
vn 0.5601 -0.8211 0.1099
vn 0.9182 -0.3888 0.0761
vn 0.9102 -0.4090 0.0656
vn 0.9140 -0.4032 0.0456
vn 0.5657 -0.7101 -0.4192
vn 0.5629 -0.7311 -0.3856
vn 0.5434 -0.7368 -0.4023
vn 0.0806 0.9833 -0.1633
vn 0.0087 0.9972 -0.0739
vn 0.8354 0.2891 0.4675
vn 0.1112 0.9771 -0.1814
vn 0.0340 0.9912 -0.1282
vn 0.1915 0.9802 -0.0507
vn 0.9666 0.0826 -0.2427
vn 0.9350 0.0961 -0.3414
vn 0.8618 0.4375 -0.2566
vn 0.9121 -0.1252 0.3905
vn 0.9133 -0.1078 0.3928
vn 0.9065 -0.1133 0.4068
vn -0.0276 0.5308 -0.8471
vn -0.0191 0.5032 -0.8640
vn -0.0442 0.5124 -0.8576
vn 0.1325 0.2790 -0.9511
vn 0.1266 0.2943 -0.9473
vn 0.1562 0.2888 -0.9446
vn 0.1742 0.9635 -0.2035
vn 0.1503 0.9635 -0.2216
vn 0.1482 0.9687 -0.1991
vn 0.4916 0.7511 0.4406
vn 0.4836 0.7428 0.4629
vn 0.5036 0.7338 0.4561
vn 0.8589 0.4694 -0.2051
vn 0.8389 0.5013 -0.2120
vn 0.8500 0.4934 -0.1842
vn 0.1347 -0.9235 0.3593
vn 0.9846 0.0650 0.1625
vn 0.9847 0.0770 0.1563
vn 0.9821 0.0695 0.1753
vn 0.1564 -0.2024 -0.9667
vn -0.1387 0.9301 -0.3402
vn -0.0996 0.9305 0.3525
vn 0.1616 0.7962 -0.5830
vn 0.9271 -0.0900 -0.3638
vn 0.2434 -0.0084 -0.9699
vn 0.5296 -0.8450 0.0744
vn 0.5254 -0.8461 0.0898
vn 0.5112 -0.8557 0.0803
vn 0.5165 -0.8364 0.1835
vn 0.5433 -0.8173 0.1918
vn 0.5291 -0.8241 0.2021
vn 0.7531 0.1896 -0.6300
vn 0.7638 0.1811 -0.6195
vn 0.7484 0.1732 -0.6402
vn 0.0696 0.5034 0.8612
vn 0.0571 0.4768 0.8771
vn 0.0828 0.4637 0.8821
vn 0.9216 0.0833 -0.3791
vn 0.9291 0.0814 -0.3608
vn 0.9292 0.0613 -0.3643
vn 0.2639 0.2553 -0.9302
vn 0.2549 0.2359 -0.9378
vn 0.2288 0.2560 -0.9392
vn 0.7955 0.0828 0.6002
vn 0.7960 0.0599 0.6023
vn 0.8053 0.0720 0.5884
vn 0.8408 0.0502 0.5390
vn 0.8372 0.0315 0.5460
vn 0.8485 0.0326 0.5282
vn 0.8603 0.2597 0.4387
vn 0.8509 0.2759 0.4471
vn 0.8512 0.2633 0.4540
vn 0.1106 -0.8620 0.4946
vn 0.0965 -0.8774 0.4699
vn 0.1346 -0.8804 0.4548
vn 0.4847 0.4963 -0.7202
vn 0.4737 0.5051 -0.7215
vn 0.4891 0.5307 -0.6922
vn 0.3236 0.6543 -0.6835
vn 0.3949 0.6343 -0.6646
vn 0.3636 0.6277 -0.6883
vn 0.6894 0.4935 0.5302
vn 0.7201 0.4509 0.5274
vn 0.7151 0.4989 0.4896
vn 0.9731 0.2266 -0.0412
vn 0.9781 0.2080 0.0023
vn 0.9799 0.1957 -0.0382
vn 0.8844 0.4622 0.0648
vn 0.9145 0.3993 0.0652
vn 0.9055 0.4234 0.0296
vn 0.8392 0.5392 0.0708
vn 0.1497 0.9325 0.3288
vn 0.1052 0.3715 0.9225
vn 0.7541 -0.6514 0.0834
vn 0.7375 -0.6655 0.1149
vn 0.7361 -0.6749 0.0515
vn 0.8024 -0.0104 0.5968
vn 0.7861 -0.0224 0.6177
vn 0.7932 -0.0363 0.6079
vn 0.3987 0.6999 0.5926
vn 0.4347 0.6903 0.5784
vn 0.4144 0.7051 0.5755
vn 0.3883 0.8225 0.4157
vn 0.3548 0.8299 0.4305
vn 0.3794 0.8027 0.4602
vn 0.9849 -0.0786 -0.1539
vn 0.9874 -0.0705 -0.1416
vn 0.9861 -0.0856 -0.1421
vn 0.3279 0.3655 -0.8711
vn 0.3560 0.3675 -0.8592
vn 0.3349 0.3509 -0.8745
vn 0.6124 0.6944 0.3778
vn 0.5820 0.7321 0.3539
vn 0.5959 0.7051 0.3845
vn 0.1598 0.5851 0.7951
vn 0.1533 0.6027 0.7831
vn 0.1435 0.5836 0.7993
vn 0.2915 -0.6568 -0.6954
vn 0.2645 -0.6246 -0.7348
vn 0.3085 -0.6291 -0.7135
vn -0.0303 0.9747 0.2214
vn -0.0428 0.9737 0.2239
vn -0.0383 0.9710 0.2359
vn 0.7253 -0.5009 -0.4723
vn 0.1483 -0.3141 -0.9377
vn 0.1062 0.4596 -0.8818
vn 0.4621 0.1375 0.8761
vn 0.4561 0.1211 0.8817
vn 0.4628 0.1123 0.8793
vn 0.2774 0.9543 -0.1110
vn 0.3021 0.9474 -0.1059
vn 0.2925 0.9471 -0.1318
vn -0.1380 0.5953 -0.7916
vn -0.1265 0.5919 -0.7960
vn -0.1420 0.5683 -0.8105
vn 0.5374 0.0138 0.8432
vn 0.5593 0.0311 0.8284
vn 0.5360 0.0442 0.8430
vn 0.3861 -0.1742 -0.9059
vn 0.4280 -0.1518 -0.8909
vn 0.4057 -0.2014 -0.8915
vn -0.1889 -0.5830 -0.7902
vn -0.1601 -0.5592 -0.8134
vn -0.1491 -0.5863 -0.7963
vn -0.0726 -0.6241 -0.7780
vn -0.0172 -0.6376 -0.7701
vn -0.0441 -0.6625 -0.7478
vn 0.2619 0.9124 -0.3146
vn 0.2054 0.9113 -0.3568
vn 0.1084 0.9757 -0.1905
vn 0.0568 -0.8696 -0.4906
vn 0.0029 -0.8499 -0.5270
vn 0.0852 -0.8587 -0.5054
vn 0.9770 0.1945 -0.0878
vn 0.9869 0.1508 -0.0576
vn 0.9773 0.1805 -0.1111
vn 0.4278 0.1469 0.8919
vn 0.4540 0.1457 0.8790
vn 0.4297 0.1811 0.8846
vn 0.4406 0.1787 0.8797
vn 0.4139 0.1714 0.8941
vn 0.4276 0.1459 0.8921
vn 0.3822 -0.9154 0.1267
vn 0.4153 -0.8987 0.1407
vn 0.3786 -0.9090 0.1740
vn -0.7585 -0.5583 -0.3363
vn -0.6372 -0.7702 -0.0276
vn -0.7926 -0.5154 -0.3258
vn 0.8688 0.0915 -0.4866
vn 0.8798 0.1202 -0.4598
vn 0.9583 -0.1989 -0.2052
vn 0.7285 -0.2544 0.6361
vn 0.7580 -0.2295 0.6105
vn 0.7302 -0.2233 0.6457
vn -0.0003 0.8777 0.4792
vn 0.0147 0.8602 0.5097
vn 0.0155 0.8747 0.4844
vn -0.3628 0.8153 0.4512
vn -0.3472 0.8312 0.4342
vn -0.3595 0.8309 0.4247
vn 0.4268 -0.7289 0.5353
vn -0.1758 -0.9501 0.2575
vn -0.1282 -0.9048 -0.4061
vn -0.0307 -0.9622 0.2706
vn 0.6226 -0.4735 0.6230
vn -0.0534 -0.5565 0.8291
vn 0.2237 0.9315 0.2868
vn 0.1926 0.9375 0.2899
vn 0.1928 0.9288 0.3165
vn 0.5365 0.4741 0.6981
vn 0.5517 0.4879 0.6764
vn 0.5304 0.5101 0.6771
vn -0.0052 -0.6299 -0.7766
vn -0.0338 -0.6005 -0.7989
vn 0.0034 -0.5951 -0.8036
vn -0.2473 -0.7215 -0.6468
vn -0.1909 -0.6973 -0.6908
vn -0.1529 -0.7269 -0.6695
vn 0.8555 0.2474 0.4549
vn 0.8537 0.2658 0.4479
vn 0.8455 0.2642 0.4640
vn 0.5718 0.6577 0.4903
vn 0.6049 0.6324 0.4839
vn 0.6039 0.6610 0.4453
vn 0.3891 -0.7033 -0.5949
vn 0.4154 -0.6791 -0.6052
vn 0.4382 -0.6973 -0.5673
vn 0.0422 -0.5934 -0.8038
vn 0.1589 -0.6361 -0.7550
vn 0.0270 -0.6085 -0.7931
vn 0.9759 -0.1444 0.1635
vn 0.9743 -0.1373 0.1786
vn 0.9717 -0.1553 0.1781
vn 0.9232 0.1245 0.3637
vn 0.8980 0.1450 0.4155
vn 0.9167 0.1007 0.3867
vn -0.0542 0.7032 0.7090
vn -0.0224 0.7292 0.6839
vn -0.0571 0.7515 0.6573
vn 0.1962 0.1478 0.9694
vn 0.1636 0.1283 0.9782
vn 0.1918 0.1194 0.9741
vn 0.0958 -0.7954 -0.5985
vn 0.1416 -0.8011 -0.5815
vn 0.0885 -0.8253 -0.5578
vn 0.7284 -0.5229 -0.4428
vn 0.7477 -0.4733 -0.4658
vn 0.7735 -0.4637 -0.4320
vn 0.9292 0.3686 0.0269
vn 0.9240 0.3788 0.0523
vn 0.9337 0.3504 0.0736
vn 0.8937 -0.4485 0.0080
vn 0.9025 -0.4304 -0.0168
vn 0.9044 -0.4266 0.0094
vn 0.7718 0.5352 -0.3433
vn 0.7524 0.5535 -0.3572
vn 0.7576 0.5551 -0.3433
vn 0.4700 0.6191 0.6291
vn 0.4814 0.6189 0.6207
vn 0.4735 0.6314 0.6141
vn -0.0631 0.7402 0.6695
vn -0.0787 0.7191 0.6905
vn -0.0544 0.7181 0.6938
vn 0.8583 0.5132 0.0008
vn 0.8382 0.5440 0.0387
vn 0.8623 0.5052 0.0354
vn 0.9275 0.3732 0.0191
vn 0.9341 0.3569 0.0007
vn 0.9271 0.3747 -0.0131
vn 0.6218 -0.7106 -0.3292
vn 0.6402 -0.7046 -0.3063
vn 0.6182 -0.7234 -0.3075
vn 0.7706 -0.5941 -0.2307
vn 0.7810 -0.5800 -0.2315
vn 0.7811 -0.5887 -0.2080
vn 0.1891 0.5462 -0.8161
vn 0.2030 0.5680 -0.7976
vn 0.2369 0.5665 -0.7893
vn -0.1022 0.7750 -0.6236
vn -0.1259 0.7980 -0.5893
vn -0.0746 0.8170 -0.5719
vn 0.1199 -0.1135 -0.9863
vn 0.0983 -0.1135 -0.9887
vn 0.1194 -0.0937 -0.9884
vn 0.0473 0.1617 0.9857
vn 0.5978 0.2422 0.7641
vn 0.0627 0.8088 0.5847
vn 0.0560 0.8019 0.5948
vn 0.6656 -0.0597 -0.7439
vn 0.6308 -0.0813 -0.7716
vn 0.6409 -0.0313 -0.7670
vn 0.7710 0.3439 -0.5361
vn 0.7890 0.3510 -0.5042
vn 0.7943 0.3129 -0.5207
vn 0.4055 0.8432 0.3529
vn 0.4257 0.8266 0.3682
vn 0.4215 0.8402 0.3413
vn 0.9475 0.3197 -0.0019
vn 0.9471 0.3181 0.0428
vn 0.9564 0.2918 0.0131
vn 0.0308 0.6498 0.7595
vn 0.0575 0.6483 0.7592
vn 0.0445 0.6620 0.7482
vn 0.8011 0.4183 0.4281
vn 0.7935 0.4229 0.4376
vn 0.8080 0.3695 0.4589
vn 0.8223 0.0389 0.5677
vn 0.8257 0.0560 0.5613
vn 0.8167 0.0474 0.5752
vn -0.5405 -0.4326 -0.7216
vn -0.4529 -0.5133 -0.7290
vn -0.5795 -0.5025 -0.6416
vn -0.2185 -0.8669 -0.4481
vn -0.1507 -0.8104 -0.5661
vn -0.1664 -0.8635 -0.4761
vn 0.3017 0.7651 0.5688
vn 0.2986 0.7575 0.5805
vn 0.3129 0.7509 0.5815
vn 0.3442 0.4666 0.8148
vn 0.3449 0.4861 0.8029
vn 0.3213 0.4804 0.8161
vn 0.3905 -0.7916 -0.4699
vn 0.3917 -0.7817 -0.4853
vn 0.4129 -0.7814 -0.4678
vn 0.9373 -0.1440 -0.3175
vn 0.9587 -0.2117 -0.1899
vn 0.9147 -0.1914 -0.3559
vn 0.6034 -0.3316 0.7252
vn -0.0337 -0.7058 0.7076
vn -0.0123 -0.9990 0.0431
vn 0.8091 0.1810 -0.5591
vn 0.8365 0.1766 -0.5188
vn 0.8148 0.1535 -0.5590
vn 0.8318 0.1170 -0.5425
vn 0.8226 0.1360 -0.5521
vn 0.8411 0.1740 -0.5121
vn 0.4998 -0.6863 -0.5284
vn 0.4869 -0.6969 -0.5265
vn 0.4936 -0.6748 -0.5486
vn 0.5942 -0.6569 -0.4642
vn 0.5887 -0.6530 -0.4764
vn 0.5985 -0.6354 -0.4880
vn -0.1258 0.8128 0.5688
vn -0.1365 0.8023 0.5811
vn -0.1245 0.7994 0.5878
vn 0.2118 -0.7383 0.6403
vn -0.1041 -0.9941 0.0295
vn -0.0727 -0.7826 -0.6182
vn 0.3193 0.7655 0.5586
vn 0.3714 0.7964 0.4773
vn 0.2937 0.8241 0.4843
vn 0.8429 -0.4838 -0.2354
vn 0.8425 -0.4758 -0.2527
vn 0.8512 -0.4662 -0.2410
vn 0.2141 -0.7811 -0.5866
vn 0.2411 -0.7883 -0.5661
vn 0.2203 -0.8013 -0.5563
vn 0.2233 -0.7787 -0.5864
vn 0.2281 -0.7990 -0.5564
vn 0.2028 -0.8003 -0.5643
vn 0.6941 -0.6316 -0.3453
vn 0.7049 -0.5984 -0.3808
vn 0.7262 -0.5916 -0.3502
vn 0.0135 0.9133 0.4070
vn 0.0430 0.9160 0.3989
vn 0.0213 0.9282 0.3715
vn 0.9451 -0.2507 -0.2097
vn 0.9429 -0.2637 -0.2034
vn 0.9420 -0.2572 -0.2155
vn -0.1396 -0.6306 -0.7635
vn -0.1249 -0.5915 -0.7966
vn -0.1032 -0.6531 -0.7502
vn -0.9572 0.0322 0.2878
vn -0.9612 0.1327 0.2419
vn -0.9838 0.1000 0.1488
vn -0.9899 -0.0799 -0.1172
vn -0.9803 -0.0989 -0.1707
vn -0.9806 -0.1762 -0.0859
vn 0.1079 0.6268 0.7716
vn 0.0906 0.7123 0.6961
vn 0.0456 0.6841 0.7280
vn -0.9599 -0.0859 0.2669
vn -0.9556 -0.0138 0.2945
vn -0.9659 0.0303 0.2572
vn -0.7857 0.3545 0.5070
vn -0.8364 0.4116 0.3620
vn -0.8384 0.1693 0.5182
vn -0.9951 -0.0102 -0.0979
vn -0.9986 -0.0510 0.0098
vn -1.0000 0.0018 0.0045
vn -0.2516 0.6690 0.6994
vn -0.1880 0.6659 0.7219
vn -0.1853 0.7533 0.6310
vn -0.2575 -0.9575 0.1299
vn -0.2798 -0.9531 0.1153
vn -0.2476 -0.9625 0.1112
vn -0.2732 -0.9567 0.1009
vn -0.2680 -0.9603 0.0771
vn -0.2487 -0.9634 0.0996
vn 0.3350 0.9075 -0.2533
vn 0.3187 0.9153 -0.2461
vn 0.3402 0.9129 -0.2255
vn 0.4976 0.7419 -0.4494
vn 0.4912 0.7527 -0.4383
vn 0.5180 0.7373 -0.4337
vn -0.1520 -0.9694 0.1927
vn -0.1634 -0.9484 0.2718
vn -0.2204 -0.9497 0.2223
vn -0.9865 -0.0465 -0.1573
vn -0.9831 0.0281 -0.1808
vn -0.9702 -0.0225 -0.2414
vn 0.6086 0.4579 -0.6480
vn 0.5999 0.4332 -0.6727
vn 0.5644 0.4708 -0.6781
vn 0.7338 -0.6176 -0.2830
vn 0.2000 -0.5105 -0.8363
vn 0.1406 0.3246 -0.9353
vn 0.8602 -0.3775 -0.3428
vn 0.8587 -0.3664 -0.3584
vn 0.8667 -0.3562 -0.3491
vn 0.4237 -0.8417 0.3347
vn 0.4319 -0.8232 0.3685
vn 0.4110 -0.8451 0.3418
vn 0.0023 -0.9984 -0.0565
vn 0.0306 -0.9994 -0.0173
vn -0.0051 -0.9995 -0.0320
vn -0.2728 -0.7230 0.6347
vn -0.2955 -0.6748 0.6763
vn -0.3295 -0.6852 0.6495
vn 0.4630 0.5500 -0.6950
vn 0.4448 0.5839 -0.6791
vn 0.4684 0.5563 -0.6863
vn 0.3479 0.4675 -0.8126
vn 0.3570 0.4421 -0.8229
vn 0.3262 0.4374 -0.8380
vn -0.2655 -0.5898 -0.7627
vn -0.2293 -0.5820 -0.7802
vn -0.2395 -0.6103 -0.7551
vn -0.2205 -0.6793 -0.6999
vn -0.1456 -0.7059 -0.6932
vn -0.1652 -0.7207 -0.6733
vn 0.7188 -0.4038 -0.5659
vn 0.6989 -0.3697 -0.6123
vn 0.7334 -0.3412 -0.5879
vn 0.9853 -0.1050 -0.1346
vn 0.9867 -0.0931 -0.1335
vn 0.9876 -0.0993 -0.1214
vn 0.9302 0.1357 0.3411
vn 0.9392 0.1469 0.3105
vn 0.9178 0.1605 0.3632
vn 0.9433 -0.3192 -0.0911
vn 0.9400 -0.3282 -0.0931
vn 0.9408 -0.3223 -0.1045
vn 0.9908 -0.1120 -0.0764
vn 0.9910 -0.1175 -0.0640
vn 0.9896 -0.1259 -0.0690
vn 0.3442 -0.9172 0.2005
vn 0.2879 -0.9425 0.1699
vn 0.3790 -0.9094 0.1715
vn -0.2277 -0.5686 -0.7905
vn -0.2605 -0.6093 -0.7489
vn -0.3130 -0.5623 -0.7654
vn 0.7436 0.0979 -0.6614
vn 0.7189 0.1153 -0.6855
vn 0.7299 0.1287 -0.6713
vn 0.8647 -0.1537 -0.4782
vn 0.8739 -0.1534 -0.4613
vn 0.8670 -0.1702 -0.4683
vn 0.8165 -0.1347 -0.5613
vn 0.8223 -0.1508 -0.5487
vn 0.8105 -0.1570 -0.5643
vn 0.9874 0.1568 0.0194
vn 0.9873 0.1545 0.0381
vn 0.9899 0.1385 0.0293
vn 0.9051 -0.1204 -0.4077
vn 0.9105 -0.1143 -0.3973
vn 0.9128 -0.1310 -0.3869
vn 0.3394 -0.3697 -0.8649
vn 0.3383 -0.5083 -0.7919
vn 0.2939 -0.4012 -0.8675
vn 0.5725 -0.4105 -0.7097
vn 0.4522 -0.5037 -0.7361
vn 0.5290 -0.3589 -0.7690
vn 0.1895 0.5004 -0.8448
vn 0.1799 0.4856 -0.8555
vn 0.1643 0.5182 -0.8393
vn 0.4267 -0.5194 -0.7404
vn 0.4165 -0.5487 -0.7249
vn 0.3718 -0.5719 -0.7312
vn 0.7442 -0.6384 0.1967
vn 0.7720 -0.5995 0.2114
vn 0.7186 -0.6560 0.2309
vn 0.3162 -0.5089 -0.8006
vn 0.3281 -0.5407 -0.7746
vn 0.3148 -0.5435 -0.7781
vn 0.9919 0.0118 -0.1263
vn 0.9900 -0.0210 -0.1395
vn 0.9882 -0.0064 -0.1531
vn 0.9422 0.3350 -0.0088
vn 0.9512 0.3083 -0.0119
vn 0.9367 0.3466 -0.0501
vn -0.2120 -0.0070 -0.9772
vn -0.1640 -0.0395 -0.9857
vn -0.1799 -0.0635 -0.9816
vn 0.1474 -0.5592 -0.8158
vn 0.1597 -0.5801 -0.7987
vn 0.1412 -0.5762 -0.8050
vn -0.1463 -0.9661 -0.2128
vn -0.0689 -0.9821 -0.1754
vn -0.1336 -0.9831 -0.1255
vn -0.0486 -0.9724 -0.2283
vn -0.1354 -0.9574 -0.2551
vn -0.0824 -0.9567 -0.2793
vn -0.0332 -0.7246 -0.6883
vn -0.0382 -0.7631 -0.6452
vn -0.0514 -0.7229 -0.6890
vn -0.2786 -0.7536 -0.5954
vn -0.2417 -0.7884 -0.5657
vn -0.2889 -0.7649 -0.5758
vn 0.7676 0.3126 0.5595
vn 0.7779 0.3177 0.5422
vn 0.7682 0.3301 0.5486
vn 0.0226 -0.5565 -0.8306
vn 0.1545 -0.5197 -0.8403
vn 0.0341 -0.5768 -0.8161
vn 0.2708 -0.6916 -0.6696
vn 0.2270 -0.7050 -0.6720
vn 0.1948 -0.5581 -0.8066
vn -0.5576 -0.7685 -0.3139
vn -0.3840 -0.7561 -0.5299
vn -0.4157 -0.8074 -0.4185
vn -0.0022 -0.6373 -0.7706
vn -0.0342 -0.6370 -0.7701
vn -0.0355 -0.6037 -0.7964
vn -0.5716 -0.5386 -0.6191
vn -0.6850 -0.4672 -0.5590
vn -0.5716 -0.5031 -0.6482
vn 0.9384 0.0084 -0.3454
vn 0.9262 0.0002 -0.3770
vn 0.9324 0.0359 -0.3596
vn 0.9759 0.0646 -0.2086
vn 0.9516 -0.0416 -0.3044
vn 0.9318 0.0216 -0.3623
vn 0.6418 0.7644 0.0616
vn 0.6656 0.3311 0.6689
vn 0.8291 0.2662 -0.4918
vn 0.8297 0.3518 -0.4334
vn 0.2329 -0.3300 -0.9148
vn 0.2799 -0.3506 -0.8937
vn 0.1894 -0.3934 -0.8997
vn 0.3824 -0.4305 -0.8176
vn 0.4338 -0.4503 -0.7804
vn 0.3949 -0.5100 -0.7642
vn 0.2269 -0.1422 -0.9635
vn 0.2336 -0.0754 -0.9694
vn 0.2926 -0.1535 -0.9438
vn 0.2345 -0.9046 -0.3560
vn 0.2065 -0.9120 -0.3543
vn 0.1960 -0.8341 -0.5157
vn -0.1462 -0.8650 -0.4801
vn -0.1688 -0.8060 -0.5674
vn -0.0001 -0.8126 -0.5828
vn 0.7393 0.5525 0.3849
vn 0.7455 0.6167 0.2530
vn 0.5595 0.6912 0.4573
vn -0.5334 -0.7517 0.3880
vn -0.7238 -0.6448 0.2458
vn -0.5823 -0.7824 0.2208
vn 0.9576 0.2784 -0.0739
vn 0.9554 0.2768 -0.1025
vn 0.9472 0.3110 -0.0787
vn 0.9482 -0.2168 0.2322
vn 0.9617 -0.1520 0.2280
vn 0.9382 -0.1866 0.2915
vn 0.6329 -0.6801 -0.3700
vn 0.6033 -0.6808 -0.4154
vn 0.6481 -0.6442 -0.4061
vn 0.2052 -0.6581 -0.7244
vn 0.8826 -0.4472 0.1447
vn 0.2621 -0.9649 0.0187
vn 0.3706 -0.2607 0.8914
vn 0.1536 -0.8816 0.4464
vn 0.1333 -0.9416 -0.3091
vn -0.1822 -0.8750 -0.4486
vn -0.1776 -0.8590 -0.4802
vn -0.1582 -0.8705 -0.4660
vn 0.3090 -0.8524 -0.4218
vn 0.3280 -0.8374 -0.4373
vn 0.3286 -0.8529 -0.4057
vn 0.4239 0.8002 -0.4243
vn 0.4377 0.8032 -0.4042
vn 0.4913 0.7565 -0.4316
vn 0.6319 0.5937 -0.4983
vn 0.6142 0.5874 -0.5270
vn 0.6182 0.5999 -0.5079
vn 0.6584 0.4614 0.5947
vn 0.7488 0.4585 0.4787
vn 0.6379 0.6216 0.4546
vn 0.9045 0.2449 -0.3493
vn 0.9106 0.2470 -0.3314
vn 0.9110 0.2304 -0.3420
vn 0.9430 0.1953 0.2694
vn 0.9376 0.2299 0.2610
vn 0.9234 0.2105 0.3210
vn 0.5954 -0.7516 -0.2839
vn 0.6031 -0.7380 -0.3028
vn 0.6172 -0.7370 -0.2757
vn 0.6168 -0.7356 -0.2803
vn 0.6074 -0.7484 -0.2666
vn 0.5948 -0.7506 -0.2879
vn -0.9837 -0.1080 0.1441
vn -0.9916 -0.0935 0.0889
vn -0.9834 -0.1423 0.1122
vn -0.9603 -0.2778 -0.0240
vn -0.9320 -0.3595 -0.0453
vn -0.9312 -0.3643 0.0097
vn -0.7494 -0.5145 -0.4169
vn -0.7376 -0.4653 -0.4893
vn -0.7129 -0.5476 -0.4380
vn -0.1625 -0.6559 -0.7372
vn -0.1907 -0.7231 -0.6639
vn -0.2220 -0.6849 -0.6940
vn -0.0863 0.1306 -0.9877
vn -0.1254 0.1806 -0.9755
vn -0.0290 0.1941 -0.9806
vn 0.0635 0.8319 -0.5513
vn -0.0384 0.8348 -0.5493
vn 0.0041 0.8592 -0.5116
vn 0.3026 -0.8878 0.3468
vn 0.3282 -0.8867 0.3255
vn 0.3876 -0.8518 0.3525
vn 0.2381 -0.7340 -0.6360
vn 0.2406 -0.7787 -0.5795
vn 0.1990 -0.7842 -0.5878
vn 0.7140 -0.6794 0.1694
vn 0.7381 -0.6430 0.2046
vn 0.7066 -0.6741 0.2154
vn 0.0413 0.4227 -0.9053
vn 0.0518 0.4296 -0.9015
vn 0.0498 0.4182 -0.9070
vn -0.0478 0.5068 -0.8608
vn -0.0708 0.5164 -0.8534
vn -0.0372 0.5151 -0.8563
vn 0.1605 0.9368 -0.3110
vn 0.1151 0.9397 -0.3220
vn 0.1551 0.9580 -0.2413
vn -0.9706 -0.0043 -0.2405
vn -0.9758 -0.0363 -0.2157
vn -0.9885 -0.0009 -0.1515
vn -0.5357 0.8397 -0.0885
vn -0.4981 0.8333 -0.2396
vn -0.5559 0.8116 -0.1797
vn -0.8640 -0.4510 -0.2237
vn -0.8198 -0.5097 -0.2610
vn -0.8446 -0.5235 -0.1124
vn 0.0807 -0.9793 0.1857
vn 0.1174 -0.9904 0.0725
vn 0.1563 -0.9689 0.1917
vn -0.2512 -0.9488 0.1916
vn -0.1466 -0.9670 0.2084
vn -0.1940 -0.9366 0.2917
vn -0.4176 -0.8983 -0.1368
vn -0.4014 -0.8851 -0.2354
vn -0.3683 -0.9164 -0.1566
vn 0.9434 -0.1075 -0.3139
vn 0.9397 0.2790 -0.1978
vn 0.9682 -0.1781 -0.1758
vn -0.4588 0.6472 0.6088
vn -0.3754 0.7771 0.5052
vn -0.5061 0.7257 0.4661
vn -0.9968 0.0570 -0.0569
vn -0.9887 0.1430 -0.0446
vn -0.9657 0.1923 -0.1743
vn 0.0657 0.9643 -0.2566
vn 0.0943 0.9628 -0.2533
vn 0.0962 0.9560 -0.2770
vn 0.7174 -0.2940 -0.6316
vn 0.6591 -0.1150 -0.7432
vn 0.7070 -0.1133 -0.6981
vn 0.2030 -0.7832 -0.5877
vn 0.1613 -0.7897 -0.5918
vn 0.2083 -0.7658 -0.6084
vn 0.3441 -0.4479 -0.8252
vn 0.2197 -0.3157 -0.9231
vn 0.3279 -0.2847 -0.9008
vn 0.1586 -0.5916 -0.7905
vn 0.1073 -0.6205 -0.7768
vn 0.0839 -0.5953 -0.7991
vn -0.1972 -0.8667 -0.4582
vn -0.1578 -0.8833 -0.4415
vn -0.1949 -0.8973 -0.3961
vn 0.6685 0.3531 0.6545
vn 0.6305 0.3489 0.6933
vn 0.6808 0.2906 0.6723
vn -0.0658 0.7817 -0.6202
vn -0.0880 0.7725 -0.6289
vn -0.0965 0.7969 -0.5964
vn -0.2168 0.9739 -0.0670
vn -0.2240 0.9692 -0.1019
vn -0.2464 0.9669 -0.0662
vn -0.0999 0.7624 -0.6393
vn -0.1719 0.7761 -0.6067
vn -0.0982 0.7890 -0.6065
vn -0.0458 0.6353 -0.7709
vn -0.0176 0.6212 -0.7835
vn -0.0827 0.5896 -0.8035
vn -0.2114 -0.9770 0.0273
vn -0.1907 -0.9812 0.0294
vn -0.2046 -0.9776 0.0497
vn -0.2103 -0.9766 -0.0447
vn -0.1907 -0.9817 0.0024
vn -0.2082 -0.9781 0.0075
vn 0.1694 -0.8878 0.4280
vn 0.1821 -0.9047 0.3851
vn 0.2023 -0.8866 0.4159
vn -0.2026 -0.9521 0.2290
vn -0.0927 -0.9828 0.1599
vn -0.2404 -0.6593 0.7124
vn -0.2741 -0.6691 0.6908
vn -0.8819 0.2444 0.4032
vn -0.9224 0.1832 0.3400
vn -0.8618 0.1838 0.4729
vn -0.9710 -0.2368 0.0344
vn -0.9474 -0.3078 0.0880
vn -0.9725 0.1097 0.2053
vn -0.5592 0.7670 0.3145
vn -0.5888 0.7225 0.3624
vn -0.4022 0.7645 0.5037
vn -0.2873 0.7328 0.6168
vn -0.2730 0.6881 0.6723
vn -0.2349 0.7374 0.6333
vn -0.3484 0.5279 0.7746
vn -0.4481 0.3180 0.8355
vn -0.3815 0.3164 0.8685
vn 0.8275 -0.5218 -0.2074
vn 0.8300 -0.5076 -0.2310
vn 0.8433 -0.4930 -0.2141
vn 0.8586 0.1866 0.4775
vn 0.8685 0.1911 0.4573
vn 0.8564 0.2081 0.4725
vn 0.8230 0.1568 0.5459
vn 0.8307 0.1329 0.5406
vn 0.8391 0.1598 0.5200
vn 0.9884 -0.0091 0.1517
vn 0.9865 -0.0003 0.1636
vn 0.9861 -0.0122 0.1657
vn 0.8686 0.0586 0.4921
vn 0.8773 0.0566 0.4765
vn 0.8745 0.0732 0.4795
vn 0.9430 -0.0560 0.3280
vn 0.9471 -0.0375 0.3186
vn 0.9426 -0.0399 0.3314
vn 0.5280 0.4696 -0.7076
vn 0.5380 0.4867 -0.6883
vn 0.5550 0.4691 -0.6869
vn 0.9195 -0.3931 0.0045
vn 0.9133 -0.4068 0.0208
vn 0.9126 -0.4089 0.0073
vn 0.9401 -0.1838 -0.2871
vn 0.9311 -0.1787 -0.3179
vn 0.9358 -0.1568 -0.3157
vn 0.7422 -0.5678 0.3560
vn 0.7687 -0.5605 0.3081
vn 0.7799 -0.5374 0.3207
vn 0.8714 -0.4904 0.0138
vn 0.8627 -0.5041 0.0399
vn 0.8511 -0.5248 -0.0148
vn 0.7529 -0.6523 -0.0876
vn 0.7197 -0.6888 -0.0877
vn 0.7312 -0.6738 -0.1065
vn 0.1317 -0.5645 -0.8148
vn 0.0452 -0.5733 -0.8181
vn 0.1197 -0.5519 -0.8253
vn 0.3154 -0.8616 -0.3978
vn 0.2499 -0.8925 -0.3754
vn 0.3018 -0.8551 -0.4215
vn 0.7978 0.4075 0.4443
vn 0.7777 0.4400 0.4490
vn 0.7623 0.4130 0.4983
vn -0.4102 -0.7639 -0.4983
vn -0.4724 -0.6989 -0.5370
vn -0.3400 -0.7148 -0.6111
vn 0.9267 -0.2635 -0.2679
vn 0.9410 -0.1802 -0.2866
vn 0.9501 -0.2499 -0.1869
vn 0.7675 0.5340 -0.3546
vn 0.7548 0.5558 -0.3484
vn 0.7635 0.5515 -0.3359
vn 0.7059 0.1870 -0.6832
vn 0.6950 0.1994 -0.6908
vn 0.7070 0.2057 -0.6766
vn 0.8079 0.5582 -0.1888
vn 0.8025 0.5779 -0.1483
vn 0.8196 0.5508 -0.1577
vn 0.8058 -0.5868 0.0798
vn 0.7969 -0.5854 0.1495
vn 0.7704 -0.6305 0.0950
vn 0.6571 -0.0224 0.7535
vn 0.6372 -0.0411 0.7696
vn 0.6473 -0.0555 0.7602
vn 0.4673 0.8553 0.2239
vn 0.4634 0.8739 0.1469
vn 0.4266 0.8888 0.1675
vn 0.3620 -0.8840 0.2958
vn 0.3451 -0.8977 0.2740
vn 0.3682 -0.8889 0.2726
vn -0.9460 -0.0123 -0.3238
vn -0.9136 0.0144 -0.4063
vn -0.9172 -0.0730 -0.3917
vn 0.7147 0.4926 -0.4966
vn 0.7108 0.5803 -0.3975
vn 0.7701 0.5444 -0.3327
vn 0.7110 0.6538 -0.2588
vn 0.6595 0.6923 -0.2930
vn 0.6735 0.7062 -0.2184
vn 0.7458 0.0948 0.6594
vn 0.7475 0.1106 0.6550
vn 0.7352 0.0985 0.6707
vn 0.3198 -0.0233 -0.9472
vn 0.3529 -0.0534 -0.9341
vn 0.3311 -0.0808 -0.9401
vn 0.8505 -0.3470 0.3954
vn 0.8749 -0.2895 0.3881
vn 0.7742 -0.2786 0.5683
vn 0.9881 0.0012 -0.1536
vn 0.9964 0.0232 -0.0816
vn 0.9932 -0.0438 -0.1074
vn -0.0306 -0.2750 -0.9610
vn 0.6230 -0.7320 -0.2758
vn -0.0585 -0.8467 -0.5289
vn -0.3233 0.9188 -0.2263
vn -0.4031 0.8999 -0.1667
vn -0.3084 0.9472 -0.0874
vn 0.8419 -0.3157 -0.4377
vn 0.8410 -0.3318 -0.4274
vn 0.8352 -0.3278 -0.4415
vn 0.4002 -0.9078 0.1253
vn 0.3857 -0.9120 0.1395
vn 0.3573 -0.9309 0.0756
vn 0.1697 -0.8206 -0.5457
vn 0.2027 -0.7875 -0.5820
vn 0.2118 -0.8201 -0.5316
vn 0.0358 -0.9316 0.3616
vn 0.6969 -0.3440 0.6292
vn 0.0260 -0.3861 0.9221
vn 0.0475 -0.4117 0.9101
vn 0.4525 0.8352 0.3124
vn 0.4300 0.8543 0.2919
vn 0.4291 0.8501 0.3052
vn -0.9478 0.1690 0.2705
vn -0.9606 0.2526 0.1157
vn -0.9442 0.0261 0.3284
vn -0.5828 -0.6245 -0.5199
vn -0.6139 -0.3720 -0.6963
vn -0.5421 -0.5459 -0.6388
vn -0.6202 0.6833 0.3853
vn -0.7197 0.6584 0.2201
vn -0.6429 0.6526 0.4009
vn 0.5691 0.5410 -0.6192
vn 0.5254 0.5373 -0.6598
vn 0.5489 0.6490 -0.5268
vn -0.4399 -0.5145 -0.7360
vn -0.4894 -0.5091 -0.7080
vn -0.4776 -0.4789 -0.7366
vn -0.0424 -0.8752 -0.4819
vn -0.1097 -0.8513 -0.5130
vn -0.0651 -0.8271 -0.5582
vn 0.5713 0.5540 0.6055
vn 0.5810 0.5529 0.5972
vn 0.5689 0.5681 0.5947
vn 0.9334 0.3402 0.1140
vn 0.9351 0.3267 0.1376
vn 0.9410 0.3218 0.1043
vn 0.1116 0.7914 -0.6011
vn 0.7659 -0.2222 -0.6034
vn 0.1544 0.1065 -0.9822
vn 0.9644 -0.1740 0.1989
vn 0.9630 -0.1456 0.2268
vn 0.9452 -0.2194 0.2416
vn 0.3863 0.4735 -0.7916
vn 0.4088 0.4783 -0.7773
vn 0.4103 0.4705 -0.7812
vn 0.3248 -0.8587 -0.3964
vn 0.3090 -0.9090 -0.2796
vn 0.2358 -0.8832 -0.4055
vn 0.7712 0.4289 -0.4705
vn 0.7815 0.4010 -0.4780
vn 0.7544 0.4170 -0.5070
vn 0.9461 -0.0351 -0.3220
vn 0.9112 -0.0997 -0.3997
vn 0.9081 -0.0100 -0.4186
vn 0.9769 -0.0459 -0.2087
vn 0.9702 -0.0682 -0.2325
vn 0.9711 -0.0333 -0.2362
vn -0.0974 0.7538 -0.6498
vn -0.1297 0.7658 -0.6299
vn -0.0975 0.7747 -0.6247
vn -0.3997 -0.3481 -0.8480
vn -0.3892 -0.4035 -0.8281
vn -0.5814 -0.3397 -0.7393
vn 0.0380 -0.8827 0.4685
vn 0.7204 -0.2481 0.6477
vn 0.0212 -0.3150 0.9489
vn 0.0351 -0.3450 0.9380
vn -0.3581 0.8377 0.4123
vn -0.3911 0.8151 0.4274
vn -0.3645 0.7930 0.4881
vn -0.3905 0.4968 0.7750
vn -0.4658 0.4652 0.7527
vn -0.4328 0.4190 0.7982
vn 0.0357 0.3323 0.9425
vn 0.0834 0.3251 0.9420
vn 0.0708 0.3806 0.9220
vn -0.2642 -0.7086 -0.6543
vn -0.2044 -0.7722 -0.6016
vn -0.2910 -0.7308 -0.6175
vn 0.9366 -0.2275 0.2665
vn 0.9309 -0.2354 0.2791
vn 0.9283 -0.2516 0.2737
vn 0.3052 0.9354 -0.1787
vn 0.1745 0.8034 0.5692
vn 0.1277 0.1277 0.9836
vn 0.6765 0.3634 0.6405
vn 0.6951 0.3689 0.6170
vn 0.6796 0.3922 0.6199
vn 0.8814 0.2725 0.3857
vn 0.8844 0.2424 0.3989
vn 0.8930 0.2398 0.3808
vn -0.3496 -0.5526 0.7566
vn -0.3635 -0.5416 0.7580
vn -0.3540 -0.5746 0.7379
vn 0.9889 -0.0711 -0.1305
vn 0.9885 -0.0504 -0.1423
vn 0.9905 -0.0552 -0.1256
vn 0.9138 0.2070 0.3496
vn 0.9073 0.2268 0.3541
vn 0.9026 0.2188 0.3707
vn 0.0819 -0.9907 0.1085
vn 0.1441 -0.9803 -0.1353
vn 0.2280 -0.9736 -0.0124
vn 0.7033 0.6637 0.2546
vn 0.6249 0.7644 0.1591
vn 0.4869 0.8079 0.3319
vn 0.8870 0.0645 -0.4573
vn 0.8685 0.0763 -0.4899
vn 0.8786 0.0922 -0.4685
vn 0.6564 0.0867 0.7494
vn 0.6275 0.1080 0.7711
vn 0.6214 0.0713 0.7802
vn 0.7404 -0.2047 0.6403
vn 0.7581 -0.2081 0.6180
vn 0.7647 -0.1656 0.6227
vn 0.2619 0.8692 -0.4194
vn 0.2524 0.8840 -0.3934
vn 0.2844 0.8733 -0.3956
vn 0.2214 0.4882 0.8442
vn 0.2383 0.4876 0.8399
vn 0.2167 0.5101 0.8323
vn 0.6727 -0.4104 0.6156
vn 0.7103 -0.3724 0.5974
vn 0.6849 -0.3727 0.6261
vn 0.7178 -0.6393 0.2757
vn 0.7180 -0.6151 0.3257
vn 0.6866 -0.6478 0.3301
vn 0.3612 0.4930 0.7915
vn 0.3721 0.4779 0.7957
vn 0.3744 0.4962 0.7834
vn 0.0949 0.5216 0.8479
vn 0.1269 0.5283 0.8395
vn 0.0918 0.5380 0.8379
vn -0.2678 -0.2792 -0.9222
vn -0.2570 -0.2446 -0.9349
vn -0.2434 -0.2519 -0.9366
vn 0.2468 0.9327 0.2630
vn 0.2373 0.9439 0.2297
vn 0.2211 0.9446 0.2426
vn 0.0311 0.9968 -0.0730
vn 0.0592 0.9969 -0.0521
vn 0.0472 0.9947 -0.0912
vn 0.0553 0.9961 -0.0682
vn 0.0341 0.9955 -0.0879
vn 0.0451 0.9978 -0.0478
vn 0.5639 0.5378 -0.6267
vn 0.4394 0.5907 -0.6768
vn 0.5478 0.5767 -0.6060
vn 0.6912 -0.7192 0.0705
vn 0.7015 -0.7102 0.0596
vn 0.7108 -0.6954 0.1056
vn 0.7557 -0.6549 -0.0024
vn 0.7732 -0.6337 -0.0238
vn 0.7902 -0.6128 -0.0011
vn 0.6609 0.4030 -0.6330
vn 0.6456 0.4075 -0.6459
vn 0.6588 0.4298 -0.6175
vn 0.6259 0.7514 0.2092
vn 0.6333 0.7545 0.1724
vn 0.6074 0.7741 0.1787
vn 0.9486 -0.3163 0.0151
vn 0.9463 -0.3230 -0.0156
vn 0.9539 -0.2999 -0.0145
vn 0.1352 0.6345 -0.7610
vn 0.1438 0.6305 -0.7628
vn 0.1308 0.6194 -0.7741
vn 0.2458 -0.7201 -0.6489
vn 0.1767 -0.8544 -0.4887
vn 0.2024 -0.7167 -0.6673
vn 0.8010 0.5635 0.2022
vn 0.8112 0.5545 0.1856
vn 0.7933 0.5830 0.1756
vn 0.9606 0.2741 0.0461
vn 0.9522 0.2972 0.0709
vn 0.9568 0.2801 0.0776
vn -0.0605 0.7884 0.6122
vn -0.0636 0.7990 0.5980
vn -0.0750 0.7896 0.6090
vn -0.0669 0.7955 0.6023
vn -0.0885 0.7935 0.6021
vn -0.0815 0.7851 0.6139
vn -0.0097 0.6548 -0.7558
vn -0.0282 0.6841 -0.7288
vn 0.0001 0.6761 -0.7368
vn 0.0125 0.0036 0.9999
vn 0.5577 0.1564 0.8152
vn 0.0069 0.6934 0.7205
vn 0.0045 0.6757 0.7372
vn -0.0957 0.4486 -0.8886
vn -0.0935 0.4599 -0.8830
vn -0.0799 0.4505 -0.8892
vn 0.1847 0.1717 -0.9677
vn 0.2261 0.1684 -0.9594
vn 0.2190 0.1369 -0.9661
vn 0.5128 0.4852 -0.7082
vn 0.4896 0.4656 -0.7372
vn 0.4757 0.5095 -0.7170
vn 0.9654 0.2112 0.1527
vn 0.9731 0.1984 0.1170
vn 0.9555 0.2623 0.1351
vn 0.9881 0.0756 -0.1339
vn 0.9771 0.1322 -0.1669
vn 0.9874 0.1075 -0.1163
vn 0.9812 -0.0615 0.1831
vn 0.9781 -0.0273 0.2063
vn 0.9703 -0.0491 0.2368
vn 0.1022 -0.5831 -0.8060
vn 0.1261 -0.5840 -0.8019
vn 0.1184 -0.5990 -0.7919
vn -0.3092 0.9510 -0.0029
vn -0.1921 0.9647 -0.1800
vn -0.4846 0.8732 -0.0526
vn -0.2842 -0.3006 -0.9104
vn -0.3524 -0.4873 -0.7989
vn -0.5137 -0.3788 -0.7698
vn 0.4694 0.4763 -0.7435
vn 0.4654 0.4833 -0.7415
vn 0.4762 0.4845 -0.7338
vn -0.2674 -0.7111 -0.6502
vn -0.3347 -0.7390 -0.5847
vn -0.3307 -0.6773 -0.6572
vn 0.6788 -0.6811 -0.2745
vn 0.7082 -0.6500 -0.2758
vn 0.6910 -0.6783 -0.2497
vn 0.0788 -0.7376 -0.6706
vn 0.0887 -0.7117 -0.6969
vn 0.1173 -0.7418 -0.6603
vn 0.0875 -0.7555 -0.6493
vn 0.0798 -0.7380 -0.6700
vn 0.1212 -0.7327 -0.6697
vn 0.7844 0.6189 -0.0398
vn 0.7857 0.6181 -0.0261
vn 0.7919 0.6093 -0.0409
vn 0.2505 0.9522 0.1746
vn 0.2120 0.9576 0.1950
vn 0.2398 0.9488 0.2055
vn 0.7600 0.4574 0.4617
vn 0.7140 0.6581 0.2390
vn 0.6913 0.6365 0.3419
vn 0.1072 -0.6558 -0.7473
vn 0.0498 -0.6769 -0.7344
vn 0.0925 -0.6368 -0.7654
vn -0.2906 0.1451 -0.9458
vn -0.1904 0.1442 -0.9711
vn -0.2580 0.0419 -0.9652
vn 0.1609 0.5920 0.7897
vn 0.1887 0.5933 0.7825
vn 0.1749 0.6019 0.7791
vn 0.7391 -0.3694 -0.5632
vn 0.6863 -0.4121 -0.5993
vn 0.7023 -0.3635 -0.6121
vn 0.0204 -0.5896 -0.8074
vn 0.0396 -0.6271 -0.7779
vn -0.0060 -0.5939 -0.8045
vn 0.2548 -0.1526 -0.9549
vn 0.3095 -0.1604 -0.9373
vn 0.2528 -0.2092 -0.9446
vn -0.0945 0.3957 -0.9135
vn -0.0928 0.3509 -0.9318
vn -0.1403 0.3527 -0.9252
vn 0.0174 0.7587 -0.6513
vn -0.0265 0.7885 -0.6144
vn 0.0153 0.7759 -0.6307
vn -0.6249 0.6808 -0.3821
vn -0.5712 0.7110 -0.4102
vn -0.5808 0.6802 -0.4473
vn 0.1308 0.6888 -0.7131
vn 0.1184 0.6505 -0.7502
vn 0.0928 0.6881 -0.7196
vn 0.0264 0.9904 -0.1360
vn -0.0195 0.9841 -0.1766
vn -0.0216 0.9886 -0.1487
vn 0.1365 0.9231 -0.3595
vn 0.1090 0.9385 -0.3277
vn 0.1518 0.9477 -0.2809
vn 0.1829 0.8982 -0.3998
vn 0.1483 0.9109 -0.3851
vn 0.2013 0.9164 -0.3460
vn -0.0695 -0.8831 -0.4641
vn -0.0272 -0.8667 -0.4981
vn 0.0035 -0.8959 -0.4443
vn -0.3291 -0.3367 -0.8822
vn -0.3769 -0.3195 -0.8694
vn -0.2744 -0.2166 -0.9369
vn 0.2441 -0.3391 -0.9085
vn 0.2273 -0.3775 -0.8977
vn 0.2086 -0.3541 -0.9116
vn -0.6545 0.1666 0.7374
vn -0.7064 0.1763 0.6855
vn -0.7400 0.0291 0.6720
vn -0.8116 0.1862 -0.5538
vn -0.8042 0.2760 -0.5263
vn -0.7367 0.2603 -0.6241
vn -0.7824 0.2565 -0.5675
vn -0.7565 0.3057 -0.5781
vn -0.7432 0.2284 -0.6289
vn 0.9131 0.4055 0.0423
vn 0.9067 0.4158 0.0711
vn 0.9269 0.3680 0.0745
vn 0.4412 -0.1203 0.8893
vn 0.4872 -0.1208 0.8649
vn 0.4549 -0.0780 0.8871
vn 0.5333 -0.0443 -0.8447
vn 0.3512 0.0526 -0.9348
vn 0.5217 -0.0044 -0.8531
vn 0.0676 -0.5344 -0.8425
vn 0.0091 -0.5263 -0.8502
vn -0.0494 -0.3633 -0.9304
vn 0.4664 -0.2047 -0.8606
vn 0.5227 -0.1585 -0.8377
vn 0.5053 -0.2503 -0.8259
vn 0.0302 -0.6679 -0.7436
vn 0.0748 -0.7079 -0.7024
vn 0.0123 -0.6988 -0.7152
vn 0.8645 0.4698 -0.1784
vn 0.8584 0.4854 -0.1659
vn 0.8704 0.4625 -0.1688
vn 0.7731 -0.2989 0.5594
vn 0.7600 -0.3135 0.5693
vn 0.7683 -0.3312 0.5478
vn 0.6273 -0.3080 0.7153
vn 0.6531 -0.2947 0.6976
vn 0.6397 -0.2736 0.7183
vn 0.5341 0.7772 0.3328
vn 0.5153 0.7887 0.3353
vn 0.5254 0.7763 0.3482
vn 0.2812 0.3214 -0.9042
vn 0.2943 0.2829 -0.9129
vn 0.2679 0.3076 -0.9130
vn 0.0795 0.2424 -0.9669
vn 0.0728 0.2810 -0.9569
vn 0.0927 0.2664 -0.9594
vn 0.5200 -0.0481 -0.8528
vn 0.5087 -0.0055 -0.8609
vn 0.7347 -0.1659 -0.6578
vn 0.6012 0.7633 -0.2364
vn 0.6319 0.7497 -0.1966
vn 0.8349 0.5275 -0.1569
vn 0.3978 0.0952 -0.9125
vn 0.6076 0.3147 -0.7293
vn 0.4655 0.0780 -0.8816
vn 0.9698 -0.1839 0.1604
vn 0.9716 -0.1703 0.1640
vn 0.9672 -0.1803 0.1790
vn 0.6485 0.0097 0.7612
vn 0.6385 0.0348 0.7688
vn 0.6232 -0.0020 0.7820
vn 0.8193 0.4252 -0.3846
vn 0.9610 0.2066 -0.1838
vn 0.9706 0.1152 -0.2116
vn 0.8650 -0.3146 -0.3909
vn 0.3860 0.5696 -0.7257
vn 0.9682 -0.2446 -0.0532
vn 0.3468 0.9367 0.0485
vn 0.8294 -0.1704 -0.5321
vn 0.4298 0.6271 -0.6496
vn 0.3281 0.2736 -0.9042
vn -0.3048 0.3420 -0.8889
vn -0.2141 0.8869 -0.4094
vn 0.6145 -0.6349 -0.4683
vn 0.5979 -0.6528 -0.4652
vn 0.5915 -0.6460 -0.4826
vn -0.5683 0.6545 -0.4987
vn -0.6209 0.6035 -0.5002
vn -0.6048 0.6520 -0.4573
vn -0.0747 -0.6923 -0.7177
vn -0.0486 -0.7183 -0.6941
vn -0.0667 -0.7273 -0.6831
vn 0.1313 0.8422 0.5229
vn 0.0513 0.8253 0.5624
vn 0.1066 0.7729 0.6256
vn 0.9575 0.1707 -0.2324
vn 0.9484 0.1463 -0.2814
vn 0.9489 0.1898 -0.2520
vn 0.7416 0.6666 0.0761
vn 0.7457 0.6654 0.0342
vn 0.7069 0.7059 0.0452
vn 0.0211 0.7348 0.6779
vn -0.0083 0.7286 0.6849
vn 0.0120 0.7242 0.6895
vn 0.3756 0.6659 0.6446
vn 0.3813 0.6794 0.6269
vn 0.3645 0.6849 0.6309
vn 0.2993 0.8564 0.4207
vn 0.3682 0.8255 0.4278
vn 0.3289 0.8629 0.3837
vn 0.7567 -0.1143 -0.6437
vn 0.7710 -0.0890 -0.6306
vn 0.7842 -0.1339 -0.6058
vn 0.0556 -0.9799 0.1918
vn 0.0601 -0.9768 0.2057
vn 0.0325 -0.9781 0.2057
vn 0.9748 0.2184 0.0465
vn 0.9971 0.0708 0.0273
vn 0.9765 0.2146 -0.0180
vn 0.7254 -0.6735 0.1418
vn 0.8386 -0.5284 0.1325
vn 0.8115 -0.5253 0.2560
vn 0.0369 0.9888 0.1448
vn -0.0810 0.9967 -0.0012
vn -0.0387 0.9760 0.2145
vn 0.3935 0.6363 0.6635
vn 0.4204 0.6279 0.6550
vn 0.4098 0.6459 0.6441
vn 0.4559 0.6449 -0.6134
vn 0.4616 0.6949 -0.5514
vn 0.5065 0.6425 -0.5751
vn 0.6621 0.5883 -0.4643
vn 0.7790 0.5180 -0.3532
vn 0.7810 0.4676 -0.4140
vn 0.8231 -0.2880 0.4895
vn 0.8525 -0.2703 0.4474
vn 0.8494 -0.2500 0.4648
vn 0.1623 -0.5604 -0.8122
vn 0.2043 -0.5607 -0.8024
vn 0.1955 -0.5793 -0.7913
vn 0.3364 -0.1336 -0.9322
vn 0.3284 -0.0766 -0.9414
vn 0.3607 -0.1053 -0.9267
vn 0.5533 0.2663 -0.7893
vn 0.5153 0.2825 -0.8091
vn 0.5364 0.3013 -0.7883
vn 0.6507 0.6469 0.3976
vn 0.6068 0.6974 0.3814
vn 0.6191 0.6599 0.4258
vn 0.0555 0.9625 -0.2654
vn 0.0634 0.9672 -0.2459
vn 0.0865 0.9633 -0.2542
vn 0.6904 0.6190 0.3744
vn 0.6791 0.6383 0.3625
vn 0.6757 0.6210 0.3971
vn -0.5421 0.5683 0.6191
vn -0.5636 0.5306 0.6331
vn -0.5209 0.5559 0.6478
vn 0.2547 0.8811 0.3985
vn 0.2697 0.8642 0.4248
vn 0.2792 0.8739 0.3980
vn 0.7205 0.6837 -0.1157
vn 0.7430 0.6580 -0.1228
vn 0.7213 0.6784 -0.1399
vn 0.6460 0.6655 -0.3738
vn 0.1522 0.9879 0.0281
vn 0.1066 0.6145 0.7817
vn 0.1087 0.6333 0.7662
vn 0.8298 0.5086 0.2296
vn 0.1506 0.9879 0.0369
vn -0.0594 0.9485 0.3112
vn -0.0367 0.9433 0.3299
vn -0.0319 0.9477 0.3176
vn 0.6877 0.4351 0.5812
vn 0.7112 0.3578 0.6052
vn 0.7511 0.4598 0.4737
vn -0.8000 0.5876 0.1212
vn -0.8402 0.4779 0.2562
vn -0.7738 0.5840 0.2454
vn 0.7985 0.2503 -0.5475
vn 0.8064 0.1748 -0.5650
vn 0.7764 0.2381 -0.5835
vn 0.9076 0.1894 -0.3747
vn 0.9258 0.1431 -0.3498
vn 0.8965 0.1224 -0.4257
vn 0.9993 -0.0063 -0.0359
vn 0.9958 0.0188 -0.0895
vn 0.9968 0.0446 -0.0667
vn 0.9209 -0.2429 0.3049
vn 0.9214 -0.2864 0.2626
vn 0.9385 -0.2189 0.2669
vn -0.1405 0.4923 -0.8590
vn -0.0736 0.5118 -0.8559
vn -0.0164 0.4133 -0.9104
vn -0.9620 0.2660 -0.0619
vn -0.9353 0.3533 0.0200
vn -0.9025 0.4232 -0.0797
vn -0.1695 -0.8647 -0.4728
vn -0.2602 -0.8085 -0.5279
vn -0.1351 -0.8047 -0.5780
vn 0.8014 0.5802 -0.1458
vn 0.8221 0.5500 -0.1468
vn 0.8180 0.5490 -0.1717
vn -0.9490 -0.2947 -0.1125
vn -0.9065 -0.0189 -0.4218
vn -0.8834 -0.4160 -0.2157
vn 0.8103 0.3473 0.4720
vn 0.8073 0.3351 0.4857
vn 0.8362 0.3339 0.4351
vn 0.3152 0.4418 0.8400
vn 0.3103 0.4555 0.8344
vn 0.2897 0.4513 0.8440
vn 0.0891 0.8274 0.5545
vn 0.1114 0.8353 0.5384
vn 0.1000 0.8461 0.5235
vn 0.2065 0.8114 0.5467
vn 0.2071 0.8323 0.5142
vn 0.1872 0.8289 0.5272
vn 0.0424 0.6273 -0.7776
vn 0.6951 0.2218 -0.6838
vn 0.0611 -0.1292 -0.9897
vn 0.0595 -0.1091 -0.9922
vn 0.6562 0.1303 0.7432
vn 0.6389 0.1234 0.7593
vn 0.6527 0.0990 0.7511
vn 0.5815 -0.2445 0.7759
vn 0.5546 -0.2926 0.7790
vn 0.6092 -0.2563 0.7505
vn 0.5075 0.7614 0.4034
vn 0.5199 0.7527 0.4039
vn 0.5280 0.7523 0.3940
vn 0.5405 0.6144 0.5748
vn 0.5593 0.6103 0.5610
vn 0.5529 0.6198 0.5569
vn 0.8091 0.1372 0.5715
vn 0.8026 0.1075 0.5868
vn 0.8204 0.1227 0.5585
vn 0.2241 0.8344 0.5036
vn 0.2507 0.8195 0.5153
vn 0.2554 0.8301 0.4957
vn 0.9770 0.0976 0.1895
vn 0.9683 0.1230 0.2173
vn 0.9684 0.0642 0.2411
vn -0.1599 -0.5728 0.8039
vn -0.1938 -0.6015 0.7750
vn -0.1808 -0.6179 0.7652
vn 0.0617 -0.8626 -0.5021
vn 0.0362 -0.8422 -0.5379
vn 0.0623 -0.8317 -0.5517
vn 0.3312 -0.8617 0.3844
vn 0.3396 -0.8729 0.3502
vn 0.3553 -0.8658 0.3524
vn 0.8511 -0.3286 -0.4094
vn 0.8579 -0.3285 -0.3950
vn 0.8477 -0.3412 -0.4061
vn 0.9122 -0.3905 -0.1237
vn 0.9002 -0.4167 -0.1261
vn 0.9074 -0.3917 -0.1523
vn 0.9170 -0.3428 -0.2038
vn 0.9127 -0.3562 -0.2002
vn 0.9046 -0.3642 -0.2214
vn 0.6209 0.7706 0.1440
vn 0.5879 0.8011 0.1127
vn 0.5908 0.7887 0.1703
vn 0.8950 0.3802 -0.2331
vn 0.8345 0.4650 -0.2955
vn 0.8965 0.4426 0.0202
vn 0.1262 -0.9093 0.3965
vn 0.1763 -0.8876 0.4256
vn 0.1079 -0.9062 0.4089
vn 0.2422 -0.9118 -0.3315
vn 0.3127 -0.8938 -0.3215
vn 0.2572 -0.9142 -0.3132
vn 0.6577 0.4928 0.5698
vn 0.6383 0.5089 0.5775
vn 0.6344 0.4799 0.6060
vn 0.8375 0.0954 0.5380
vn 0.8557 0.0775 0.5117
vn 0.8587 0.1050 0.5016
vn 0.9955 -0.0946 0.0044
vn 0.9826 -0.1692 0.0773
vn 0.9753 -0.1559 -0.1566
vn 0.7168 -0.1506 -0.6809
vn 0.7236 -0.1287 -0.6781
vn 0.7517 -0.1481 -0.6426
vn 0.7750 0.0112 -0.6318
vn 0.7929 0.0326 -0.6084
vn 0.8005 -0.0156 -0.5991
vn 0.3287 0.4659 0.8215
vn 0.3442 0.4768 0.8088
vn 0.3215 0.4902 0.8102
vn 0.1039 -0.9281 -0.3577
vn 0.2155 -0.9193 -0.3294
vn 0.0771 -0.9737 -0.2144
vn 0.9780 -0.1930 -0.0795
vn 0.9688 -0.2365 0.0737
vn 0.9592 -0.2793 -0.0443
vn 0.7807 -0.2026 -0.5912
vn 0.7501 -0.2497 -0.6123
vn 0.7557 -0.1552 -0.6362
vn 0.9348 -0.2853 -0.2114
vn 0.9289 -0.2500 -0.2730
vn 0.9541 -0.2026 -0.2205
vn 0.6611 0.2606 0.7036
vn 0.6920 0.2379 0.6816
vn 0.6856 0.2649 0.6780
vn 0.5125 -0.8064 -0.2949
vn 0.2646 0.1626 -0.9506
vn 0.1716 0.8697 -0.4627
vn 0.4057 -0.3405 0.8482
vn 0.4208 -0.3119 0.8518
vn 0.3855 -0.3289 0.8621
vn 0.5220 0.8308 -0.1930
vn 0.4831 0.8607 -0.1605
vn 0.5295 0.8455 -0.0687
vn 0.2965 -0.1555 0.9423
vn 0.3284 -0.1098 0.9381
vn 0.3006 -0.0942 0.9491
vn 0.4925 0.5102 -0.7051
vn 0.4401 0.7833 0.4390
vn 0.4181 0.2391 -0.8764
vn 0.1258 0.8796 0.4587
vn 0.1662 0.8787 0.4476
vn 0.1417 0.8909 0.4315
vn 0.2076 0.8748 0.4378
vn 0.1865 0.8763 0.4443
vn 0.1963 0.8620 0.4674
vn 0.6659 0.6350 0.3916
vn 0.6432 0.6755 0.3605
vn 0.6251 0.6561 0.4228
vn 0.5212 0.6868 0.5066
vn 0.4806 0.6733 0.5619
vn 0.5236 0.6654 0.5321
vn 0.5211 0.6802 0.5155
vn 0.4742 0.6985 0.5360
vn 0.5157 0.6713 0.5324
vn 0.2693 0.8455 -0.4611
vn 0.2392 0.8569 -0.4567
vn 0.2598 0.8626 -0.4340
vn 0.1253 0.9742 -0.1877
vn 0.1356 0.9760 -0.1707
vn 0.1625 0.9684 -0.1893
vn 0.2674 0.6298 0.7293
vn 0.2630 0.6174 0.7413
vn 0.2885 0.6197 0.7299
vn 0.4822 0.8458 0.2281
vn 0.5261 0.8338 0.1672
vn 0.4956 0.8568 0.1424
vn 0.5142 0.6687 0.5371
vn 0.4530 0.6687 0.5896
vn 0.4721 0.6363 0.6101
vn 0.5420 0.7601 0.3585
vn 0.5340 0.7827 0.3197
vn 0.4743 0.8136 0.3362
vn 0.8528 0.2471 0.4601
vn 0.2002 0.8145 0.5446
vn 0.1342 0.0863 0.9872
vn 0.7609 0.2759 0.5873
vn 0.7543 0.2693 0.5987
vn 0.7642 0.2609 0.5899
vn 0.8535 0.1230 0.5065
vn 0.8532 0.1065 0.5106
vn 0.8590 0.1140 0.4991
vn 0.8946 -0.0557 0.4434
vn 0.8753 -0.0550 0.4805
vn 0.8903 -0.0849 0.4475
vn 0.9871 0.1506 -0.0536
vn 0.9867 0.1406 -0.0818
vn 0.9831 0.1629 -0.0842
vn 0.9456 -0.1113 0.3056
vn 0.9593 -0.0847 0.2694
vn 0.9461 -0.0842 0.3127
vn -0.8962 -0.2965 -0.3301
vn -0.9311 -0.2086 -0.2992
vn -0.8891 -0.2548 -0.3803
vn -0.9870 -0.0530 -0.1515
vn -0.9789 -0.1188 -0.1661
vn -0.9886 -0.1081 -0.1052
vn -0.8696 0.4436 -0.2169
vn -0.8746 0.4025 -0.2705
vn -0.9002 0.3908 -0.1919
vn 0.8019 -0.2031 0.5619
vn 0.9095 -0.1844 0.3726
vn 0.8937 -0.0969 0.4381
vn 0.3381 0.9250 -0.1733
vn 0.1382 0.9811 -0.1352
vn 0.3192 0.9441 -0.0818
vn 0.2211 0.9154 0.3363
vn 0.2013 0.9213 0.3327
vn 0.2037 0.9165 0.3443
vn -0.1958 -0.9563 -0.2171
vn 0.3437 -0.8228 0.4526
vn -0.3006 -0.8562 0.4202
vn 0.0533 0.1482 0.9875
vn 0.4889 0.8700 -0.0641
vn 0.0590 0.8138 0.5782
vn 0.9793 0.0394 -0.1987
vn 0.9826 -0.0003 -0.1857
vn 0.9772 0.0147 -0.2119
vn 0.8689 -0.4813 -0.1159
vn 0.8574 -0.4891 -0.1603
vn 0.8812 -0.4515 -0.1402
vn 0.3431 -0.4628 -0.8173
vn 0.3633 -0.4719 -0.8033
vn 0.3248 -0.4994 -0.8032
vn 0.8323 0.3204 0.4524
vn 0.1388 0.7533 0.6429
vn 0.1042 0.0098 0.9945
vn 0.7793 -0.5040 -0.3724
vn 0.7463 -0.4880 -0.4528
vn 0.7686 -0.4512 -0.4535
vn 0.2307 0.8211 0.5221
vn 0.1950 0.7672 0.6111
vn 0.2646 0.7061 0.6569
vn 0.4268 0.5938 0.6821
vn 0.4062 0.6099 0.6805
vn 0.4040 0.5897 0.6994
vn 0.4440 0.6357 0.6314
vn 0.4262 0.6363 0.6430
vn 0.4474 0.6249 0.6398
vn 0.6872 0.4317 0.5843
vn 0.7071 0.3870 0.5918
vn 0.7238 0.4180 0.5491
vn 0.2611 0.7266 0.6355
vn 0.2939 0.7051 0.6453
vn 0.2821 0.7546 0.5925
vn 0.7089 0.6631 -0.2406
vn 0.8388 0.4721 -0.2710
vn 0.7983 0.4912 -0.3485
vn 0.9515 0.2955 0.0857
vn 0.9060 0.2948 0.3038
vn 0.9728 0.2104 0.0971
vn 0.2403 0.5330 0.8113
vn 0.2617 0.5133 0.8173
vn 0.2632 0.5364 0.8019
vn 0.2006 0.6386 0.7429
vn 0.1859 0.6311 0.7531
vn 0.2048 0.6082 0.7669
vn 0.0611 0.0537 -0.9967
vn 0.3917 0.0635 -0.9179
vn 0.0987 -0.6864 -0.7205
vn 0.0761 -0.6632 -0.7445
vn 0.7722 0.1953 0.6047
vn 0.7782 0.1779 0.6022
vn 0.7828 0.1948 0.5910
vn 0.5480 0.2788 0.7887
vn 0.5418 0.2581 0.7999
vn 0.5625 0.2679 0.7822
vn 0.0422 0.8193 0.5718
vn 0.0214 0.8239 0.5663
vn 0.0331 0.8136 0.5805
vn 0.1729 0.6311 0.7562
vn 0.1544 0.6186 0.7704
vn 0.1726 0.6182 0.7668
vn -0.0009 0.2974 0.9547
vn -0.0494 0.3283 0.9433
vn -0.0239 0.2728 0.9618
vn 0.1744 0.7154 0.6766
vn 0.1556 0.7190 0.6774
vn 0.1692 0.7073 0.6864
vn 0.7716 0.6354 0.0283
vn 0.7869 0.6145 0.0570
vn 0.8040 0.5942 0.0223
vn 0.7231 -0.0066 0.6907
vn 0.7516 0.0052 0.6595
vn 0.7449 0.2487 0.6191
vn 0.7400 -0.2246 0.6340
vn 0.7455 -0.2425 0.6208
vn 0.7618 -0.2258 0.6072
vn 0.3909 0.6822 0.6179
vn 0.4129 0.6782 0.6079
vn 0.3978 0.6897 0.6050
vn 0.3269 0.9428 -0.0647
vn 0.3566 0.9291 -0.0976
vn 0.2879 0.9524 -0.1001
vn 0.2996 0.8616 -0.4097
vn 0.3249 0.8331 -0.4476
vn 0.2742 0.8386 -0.4707
vn -0.6827 -0.7224 -0.1097
vn -0.6922 -0.7198 -0.0517
vn -0.7406 -0.6683 -0.0700
vn 0.1599 -0.1489 -0.9758
vn 0.1870 0.1782 -0.9661
vn 0.2632 0.0961 -0.9599
vn 0.9365 -0.1437 -0.3200
vn 0.8988 0.0351 -0.4371
vn 0.9199 0.1722 -0.3523
vn 0.9537 0.2685 0.1352
vn 0.9516 0.2562 0.1695
vn 0.9591 0.2483 0.1356
vn 0.3928 0.8506 0.3495
vn 0.3939 0.8336 0.3874
vn 0.4330 0.8309 0.3494
vn 0.1919 -0.6393 -0.7446
vn 0.2082 -0.6103 -0.7643
vn 0.1339 0.1963 -0.9713
vn 0.8869 -0.3482 -0.3037
vn -0.0843 -0.9959 0.0326
vn -0.0733 -0.9972 0.0150
vn -0.0532 -0.7522 -0.6568
vn 0.5976 -0.8017 0.0148
vn -0.0751 -0.9577 0.2777
vn -0.0504 -0.9115 -0.4081
vn 0.5366 -0.8194 0.2016
vn -0.0968 -0.9518 0.2911
vn -0.0672 -0.7624 0.6436
vn -0.0427 -0.9990 -0.0122
vn 0.5980 -0.7239 0.3440
vn -0.0721 -0.7500 0.6575
vn -0.1716 -0.9693 0.1762
vn -0.1224 -0.8573 -0.5000
vn 0.4583 -0.7871 0.4128
vn -0.0600 0.9143 -0.4006
vn -0.0352 0.9316 0.3617
vn 0.6275 0.6443 -0.4372
vn 0.0287 0.1760 -0.9840
vn 0.0341 0.7499 -0.6607
vn 0.7441 0.0491 -0.6662
vn -0.2751 0.4303 -0.8597
vn -0.2847 0.4603 -0.8409
vn -0.2222 0.8829 -0.4137
vn 0.1995 0.7987 -0.5676
vn 0.0143 0.9943 -0.1059
vn 0.0119 0.8110 0.5850
vn 0.5624 0.7794 0.2760
vn -0.0007 0.9900 -0.1407
vn -0.1265 -0.0522 0.9906
vn -0.0823 -0.6748 0.7334
vn 0.5084 0.2754 0.8159
vn 0.2292 0.5027 -0.8335
vn 0.2263 0.5269 -0.8192
vn 0.1517 0.9763 -0.1544
vn 0.8051 0.5698 -0.1646
vn 0.1193 0.8282 0.5476
vn 0.0780 0.1573 0.9845
vn 0.5174 0.8345 -0.1895
vn 0.1054 0.8359 0.5386
vn 0.0113 0.9285 0.3713
vn 0.0070 0.3947 0.9188
vn 0.6888 0.7144 0.1237
vn 0.0005 0.9313 0.3642
vn 0.1675 0.8043 0.5701
vn 0.1267 0.1667 0.9778
vn 0.3911 0.0675 0.9179
vn 0.1754 0.8128 0.5555
vn 0.1735 0.1578 0.9721
vn 0.1339 -0.5922 0.7946
vn 0.4786 -0.5222 0.7059
vn 0.1842 0.1770 0.9668
vn 0.0446 0.0156 0.9989
vn 0.0257 -0.0198 0.9995
vn 0.0414 -0.6874 0.7251
vn 0.5897 -0.4560 0.6666
vn 0.1150 0.9774 -0.1772
vn 0.0767 0.7894 0.6091
vn 0.7887 0.5955 -0.1528
vn 0.1116 0.9759 -0.1877
vn 0.2211 0.5165 -0.8272
vn 0.1388 0.9860 -0.0922
vn 0.8725 0.0331 -0.4875
vn 0.1274 0.7078 0.6949
vn 0.0966 -0.0567 0.9937
vn 0.7528 0.1778 0.6339
vn 0.1355 0.7141 0.6868
vn 0.1311 0.9572 0.2582
vn 0.1234 0.9535 0.2750
vn 0.0914 0.4728 0.8764
vn 0.6071 0.4171 0.6763
vn 0.1477 0.9609 0.2344
vn 0.1066 0.4484 0.8874
vn 0.8076 0.5158 0.2859
vn 0.1970 -0.8598 -0.4710
vn 0.1540 -0.8437 -0.5143
vn 0.1279 -0.2114 -0.9690
vn 0.7352 -0.2234 -0.6399
vn 0.2239 -0.8942 -0.3878
vn 0.1681 -0.2564 -0.9518
vn 0.8791 -0.3701 -0.3004
vn -0.0148 0.5325 0.8463
vn 0.0009 -0.3212 0.9470
vn 0.6204 0.3038 0.7231
vn 0.1108 0.7227 0.6822
vn 0.1054 0.7084 0.6979
vn 0.0794 -0.0208 0.9966
vn 0.6760 0.1234 0.7265
vn -0.4537 0.7965 -0.3997
vn -0.4316 0.8158 -0.3851
vn -0.4344 0.8089 -0.3963
vn 0.0771 0.6822 -0.7271
vn -0.0324 0.9104 -0.4124
vn 0.0119 0.6742 0.7384
vn 0.4156 0.8673 0.2739
vn 0.2781 0.6307 0.7245
vn 0.1685 -0.2535 0.9526
vn 0.7299 0.6819 -0.0481
vn 0.0861 0.6448 0.7595
vn 0.0666 -0.1336 0.9888
vn 0.7321 0.6302 0.2585
vn 0.1044 0.6154 0.7813
vn 0.0758 -0.1617 0.9839
vn 0.7528 0.1734 0.6350
vn 0.1035 0.6311 0.7688
vn 0.2495 0.4688 -0.8474
vn 0.2727 0.5387 -0.7972
vn 0.1808 0.9739 -0.1372
vn 0.8764 0.2510 -0.4109
vn 0.1028 0.8742 -0.4746
vn 0.0803 0.9400 0.3317
vn 0.8016 0.5005 -0.3270
vn 0.0900 0.7877 -0.6095
vn 0.0718 0.9868 0.1454
vn 0.6771 0.7279 -0.1081
vn 0.1001 0.7757 -0.6231
vn -0.2143 -0.9672 -0.1365
vn -0.1385 -0.7389 -0.6594
vn 0.4174 -0.8888 -0.1893
vn -0.1765 -0.9808 -0.0826
vn 0.1532 0.8106 0.5652
vn 0.1039 0.1075 0.9888
vn 0.8057 0.5545 0.2083
vn 0.1454 0.8202 0.5532
vn -0.1543 -0.9663 0.2062
vn -0.1141 -0.8742 -0.4719
vn 0.5042 -0.8626 0.0403
vn -0.1564 -0.9618 0.2249
vn -0.0974 -0.5946 0.7981
vn -0.0733 -0.6359 0.7682
vn -0.0444 -0.9887 0.1429
vn 0.5018 -0.7220 0.4764
vn 0.0699 0.3049 -0.9498
vn 0.0512 0.8904 -0.4524
vn 0.7019 0.4896 -0.5173
vn 0.0705 0.2766 -0.9584
vn 0.2799 -0.0454 -0.9590
vn 0.1735 0.7547 -0.6327
vn 0.9150 0.1829 -0.3595
vn 0.2612 -0.0715 -0.9626
vn -0.0893 -0.9316 -0.3523
vn -0.0355 -0.4673 -0.8834
vn 0.6110 -0.6331 -0.4752
vn -0.0537 -0.9414 -0.3331
vn 0.0031 -0.7626 -0.6468
vn -0.0007 -0.1271 -0.9919
vn 0.6659 -0.6402 -0.3830
vn -0.0419 -0.7864 -0.6163
vn -0.2089 0.9549 0.2112
vn -0.1410 0.5932 0.7926
vn 0.0388 0.6520 0.7572
vn -0.1880 0.9656 0.1797
vn 0.0806 0.8219 0.5638
vn 0.0628 0.1468 0.9872
vn 0.7784 0.5694 0.2641
vn 0.1285 -0.6044 0.7863
vn 0.1346 -0.6150 0.7770
vn 0.1037 -0.9878 0.1159
vn 0.7546 -0.1634 0.6355
vn 0.2498 0.5937 -0.7649
vn 0.1564 0.9877 -0.0029
vn 0.5696 -0.2039 -0.7962
vn -0.4789 -0.1703 0.8612
vn -0.4467 -0.1896 0.8743
vn -0.3987 -0.6848 0.6100
vn 0.0726 -0.1107 0.9912
vn -0.2649 -0.7467 0.6101
vn -0.2682 -0.7773 0.5691
vn 0.3126 -0.7502 0.5826
vn -0.0183 -0.9704 -0.2410
vn -0.0066 -0.5426 -0.8400
vn 0.5935 -0.8048 0.0066
vn 0.0939 0.9287 0.3588
vn 0.0730 0.3870 0.9192
vn 0.3518 0.3480 0.8690
vn 0.1045 0.9319 0.3475
vn 0.2401 0.5881 0.7723
vn 0.2524 0.5613 0.7882
vn 0.1625 -0.2967 0.9410
vn 0.9054 0.1185 0.4077
vn 0.2828 0.6568 0.6990
vn 0.2573 0.6381 0.7257
vn 0.1767 -0.1767 0.9683
vn 0.5907 -0.1391 0.7948
vn 0.2434 -0.1440 -0.9592
vn 0.1576 0.6516 -0.7420
vn 0.8723 -0.3299 -0.3609
vn 0.2520 -0.1713 -0.9525
vn 0.2666 -0.3854 -0.8834
vn 0.2750 -0.3388 -0.8998
vn 0.1779 0.4591 -0.8704
vn 0.9058 -0.0301 -0.4226
vn -0.1663 -0.5593 -0.8121
vn -0.1153 0.0423 -0.9924
vn 0.2624 -0.9489 -0.1751
vn 0.2737 0.6323 0.7247
vn 0.1692 -0.2153 0.9618
vn 0.9254 0.1941 0.3257
vn 0.2626 0.6468 0.7160
vn 0.2505 0.5644 0.7866
vn 0.1669 -0.2949 0.9408
vn 0.8036 0.5905 0.0747
vn 0.1031 -0.3074 -0.9460
vn 0.0858 0.4017 -0.9117
vn 0.6434 -0.6662 -0.3771
vn -0.0344 0.8522 0.5220
vn -0.0262 0.8327 0.5531
vn -0.0112 0.2363 0.9716
vn 0.6654 0.6738 0.3213
vn -0.0972 0.9953 0.0031
vn -0.0699 0.8134 0.5775
vn 0.3303 0.7754 0.5382
vn -0.0881 0.9958 -0.0229
vn -0.0156 0.9979 -0.0631
vn -0.0273 0.9974 -0.0667
vn -0.0180 0.7752 0.6314
vn 0.3206 0.7579 0.5682
vn 0.0027 0.7324 0.6809
vn 0.0139 -0.0499 0.9987
vn 0.6890 0.4450 0.5721
vn 0.3527 0.6559 0.6674
vn 0.2188 -0.1672 0.9613
vn 0.7143 -0.1857 0.6748
vn 0.3563 0.6656 0.6558
vn 0.1988 0.8135 0.5466
vn 0.1329 0.0770 0.9881
vn 0.7110 0.6802 -0.1784
vn -0.0988 -0.7900 -0.6051
vn -0.1282 -0.7719 -0.6227
vn -0.0823 -0.2542 -0.9636
vn 0.5098 -0.4270 -0.7468
vn 0.0787 0.9916 0.1026
vn 0.0645 0.6849 0.7258
vn 0.5429 0.5654 0.6210
vn -0.9710 -0.2353 -0.0433
vn -0.9475 -0.2458 -0.2045
vn -0.9300 -0.3147 -0.1899
vn -0.9802 -0.1663 0.1076
vn -0.9825 -0.1604 0.0944
vn -0.9801 -0.1717 0.0998
vn 0.9021 -0.2461 -0.3544
vn 0.9021 -0.1768 -0.3937
vn 0.9260 -0.1665 -0.3389
vn -0.6691 0.1411 -0.7296
vn -0.6705 0.1072 -0.7341
vn -0.6927 0.1162 -0.7118
vn 0.8866 -0.2278 -0.4025
vn 0.9181 -0.1506 -0.3666
vn 0.9206 -0.1853 -0.3437
vn -0.6886 -0.6100 -0.3920
vn -0.6635 -0.6408 -0.3862
vn -0.6959 -0.6281 -0.3482
vn -0.4034 -0.9076 -0.1162
vn -0.4231 -0.9012 -0.0938
vn -0.4987 -0.8452 -0.1923
vn -0.7616 -0.6223 -0.1810
vn -0.7339 -0.6677 -0.1251
vn -0.7718 -0.6220 -0.1324
vn -0.9452 -0.3207 -0.0617
vn -0.9502 -0.3085 -0.0448
vn -0.9516 -0.2997 -0.0683
vn -0.5796 0.1377 -0.8032
vn -0.6161 0.1016 -0.7811
vn -0.6216 0.1313 -0.7722
vn -0.1317 0.6499 -0.7485
vn -0.1138 0.6505 -0.7510
vn -0.1597 0.5998 -0.7840
vn -0.6371 0.7610 -0.1224
vn -0.5527 0.8325 0.0382
vn -0.4928 0.8685 -0.0537
vn -0.7289 0.6709 -0.1361
vn -0.7363 0.6609 -0.1453
vn -0.7476 0.6526 -0.1228
vn -0.9395 -0.2616 -0.2210
vn -0.9287 -0.2800 -0.2432
vn -0.9299 -0.2879 -0.2289
vn -0.9219 0.2787 -0.2690
vn -0.9248 0.2441 -0.2919
vn -0.9329 0.2444 -0.2645
vn -0.5824 0.5338 0.6131
vn -0.5572 0.5450 0.6265
vn -0.5757 0.5531 0.6022
vn -0.5059 0.2265 0.8324
vn -0.5256 0.2091 0.8247
vn -0.4974 0.1958 0.8452
vn -0.0297 0.9421 0.3341
vn -0.0405 0.9392 0.3409
vn -0.0287 0.9380 0.3455
vn 0.6299 0.1923 -0.7525
vn 0.6585 0.2206 -0.7195
vn 0.6680 0.1723 -0.7239
vn -0.1851 0.9794 -0.0811
vn -0.1706 0.9801 -0.1019
vn -0.1899 0.9766 -0.1014
vn -0.7321 0.3788 0.5662
vn -0.7194 0.3985 0.5689
vn -0.7307 0.3943 0.5572
vn -0.9432 -0.2523 0.2160
vn -0.9158 -0.2974 0.2700
vn -0.9289 -0.2399 0.2822
vn 0.0653 0.8037 0.5914
vn 0.0271 0.8500 0.5261
vn -0.0630 0.8154 0.5755
vn -0.8985 0.2385 -0.3685
vn -0.9046 0.2020 -0.3753
vn -0.9101 0.2259 -0.3473
vn -0.5512 0.8261 0.1167
vn -0.4843 0.8688 0.1035
vn -0.4975 0.8638 0.0798
vn -0.9794 -0.0689 -0.1897
vn -0.9655 -0.1158 -0.2334
vn -0.9806 -0.1178 -0.1570
vn -0.4394 0.8140 0.3800
vn -0.4306 0.8245 0.3671
vn -0.4518 0.8210 0.3491
vn -0.0702 0.9683 0.2398
vn -0.0578 0.9655 0.2541
vn -0.0416 0.9689 0.2441
vn -0.7036 0.5756 -0.4166
vn -0.6934 0.5721 -0.4380
vn -0.7334 0.5335 -0.4213
vn -0.7100 0.5756 -0.4056
vn -0.7289 0.3360 0.5966
vn -0.6921 0.3042 0.6545
vn -0.6775 0.3902 0.6235
vn -0.9640 0.2616 0.0478
vn -0.9693 0.2397 0.0547
vn -0.9633 0.2538 0.0868
vn -0.4364 -0.6565 -0.6153
vn -0.4647 -0.6329 -0.6193
vn -0.4161 -0.6392 -0.6467
vn -0.5795 0.4330 -0.6905
vn -0.5853 0.4333 -0.6853
vn -0.5785 0.4461 -0.6829
vn 0.0255 0.9952 -0.0946
vn -0.0089 0.9951 -0.0985
vn 0.0259 0.9975 -0.0661
vn -0.3824 0.9209 -0.0750
vn -0.3479 0.9362 -0.0493
vn -0.2285 0.9490 -0.2171
vn -0.8979 -0.1953 -0.3945
vn -0.8966 -0.2475 -0.3672
vn -0.9295 -0.2083 -0.3045
vn -0.7937 0.3078 -0.5247
vn -0.7901 0.2796 -0.5455
vn -0.8126 0.2781 -0.5122
vn -0.4477 -0.1298 0.8847
vn -0.4776 -0.1270 0.8694
vn -0.4693 -0.1673 0.8670
vn -0.0816 0.9313 0.3550
vn -0.0973 0.9303 0.3537
vn -0.1040 0.9204 0.3770
vn 0.3082 0.5622 0.7675
vn 0.3499 0.5340 0.7697
vn 0.3727 0.5663 0.7351
vn -0.8566 0.4969 0.1393
vn -0.1784 0.8796 0.4410
vn -0.1311 0.9351 -0.3293
vn -0.2509 -0.7791 -0.5745
vn -0.2325 -0.7681 -0.5966
vn -0.2362 -0.7840 -0.5741
vn -0.9326 -0.3608 0.0116
vn -0.9305 -0.3663 -0.0038
vn -0.9247 -0.3807 0.0051
vn -0.4274 0.8135 0.3944
vn -0.3765 0.7717 0.5126
vn -0.3473 0.8281 0.4401
vn -0.3705 0.6541 -0.6594
vn -0.3278 0.6184 -0.7142
vn -0.4028 0.6000 -0.6912
vn -0.3678 0.7030 0.6087
vn -0.3940 0.6953 0.6010
vn -0.3863 0.6881 0.6142
vn -0.7937 0.0568 0.6057
vn -0.7990 0.0727 0.5969
vn -0.8040 0.0582 0.5917
vn 0.3050 0.4171 0.8561
vn 0.3088 0.5027 0.8074
vn 0.2098 0.4767 0.8537
vn -0.7972 -0.5017 -0.3357
vn -0.7714 -0.5569 -0.3078
vn -0.7926 -0.5390 -0.2850
vn -0.9703 -0.1297 -0.2043
vn -0.9676 -0.1561 -0.1982
vn -0.9741 -0.1308 -0.1846
vn 0.1184 -0.6594 -0.7424
vn 0.1811 -0.6364 -0.7498
vn 0.1896 -0.6885 -0.7000
vn -0.3676 0.3542 0.8599
vn -0.4060 0.3509 0.8438
vn -0.4345 0.3003 0.8491
vn 0.4246 -0.6682 0.6109
vn 0.4386 -0.7010 0.5623
vn 0.4412 -0.6547 0.6137
vn 0.6470 -0.6751 -0.3544
vn 0.5858 -0.7035 -0.4023
vn 0.6241 -0.6468 -0.4384
vn -0.3636 -0.6904 -0.6253
vn 0.2634 -0.7199 -0.6422
vn 0.1856 -0.9815 -0.0463
vn -0.3888 0.7304 0.5615
vn -0.3724 0.7445 0.5542
vn -0.3931 0.7435 0.5410
vn -0.5995 0.6929 0.4005
vn -0.5763 0.7076 0.4089
vn -0.5782 0.7157 0.3917
vn -0.6787 -0.4331 0.5931
vn -0.6710 -0.4538 0.5863
vn -0.6680 -0.4339 0.6046
vn -0.6999 -0.6367 -0.3235
vn -0.6822 -0.6373 -0.3585
vn -0.6753 -0.6545 -0.3399
vn -0.8961 0.0374 0.4422
vn -0.8962 0.0547 0.4403
vn -0.9017 0.0482 0.4297
vn -0.5698 0.7184 0.3991
vn -0.5590 0.7167 0.4169
vn -0.5635 0.7240 0.3979
vn -0.1294 0.9526 -0.2754
vn -0.1582 0.9430 -0.2927
vn -0.1551 0.9560 -0.2489
vn -0.1244 -0.1450 -0.9816
vn -0.1407 -0.1220 -0.9825
vn -0.1068 -0.1158 -0.9875
vn -0.1021 -0.6540 -0.7496
vn -0.1213 -0.6388 -0.7598
vn -0.0834 -0.6361 -0.7671
vn -0.5075 0.1286 0.8520
vn -0.5331 0.1181 0.8378
vn -0.5088 0.1051 0.8545
vn -0.2358 0.8557 -0.4606
vn -0.2137 0.8672 -0.4498
vn -0.2162 0.8505 -0.4795
vn -0.0436 0.9650 0.2585
vn -0.0803 0.9679 0.2383
vn -0.0734 0.9596 0.2716
vn -0.9718 0.2191 -0.0868
vn -0.9745 0.1983 -0.1046
vn -0.9830 0.1720 -0.0648
vn -0.7094 0.2081 0.6734
vn -0.7128 0.2202 0.6660
vn -0.7209 0.2103 0.6604
vn -0.5237 0.7161 0.4615
vn -0.5101 0.7335 0.4492
vn -0.5211 0.7377 0.4293
vn -0.9442 -0.0825 -0.3187
vn -0.9526 -0.0970 -0.2884
vn -0.9509 -0.0644 -0.3028
vn -0.9854 0.1616 -0.0530
vn -0.9880 0.1531 -0.0213
vn -0.9277 0.3608 0.0963
vn -0.6163 0.5785 0.5344
vn -0.6065 0.5902 0.5327
vn -0.6159 0.5894 0.5228
vn -0.1912 -0.3085 -0.9318
vn -0.1521 -0.3293 -0.9319
vn -0.1960 -0.3452 -0.9178
vn -0.8095 0.3746 -0.4521
vn -0.8134 0.3510 -0.4639
vn -0.8221 0.3408 -0.4560
vn -0.9194 0.3645 -0.1481
vn -0.9081 0.3817 -0.1724
vn -0.9215 0.3507 -0.1667
vn 0.9938 -0.0931 0.0609
vn 0.9954 -0.0506 0.0814
vn 0.8768 -0.2455 0.4134
vn -0.8366 -0.5341 -0.1218
vn -0.8235 -0.5493 -0.1416
vn -0.8234 -0.5548 -0.1194
vn -0.8721 -0.4434 0.2070
vn -0.8757 -0.4441 0.1895
vn -0.8624 -0.4649 0.2000
vn 0.2979 0.6461 -0.7027
vn 0.2308 0.6715 -0.7042
vn 0.2792 0.6882 -0.6697
vn -0.6725 0.1274 0.7290
vn -0.6719 0.1451 0.7263
vn -0.6886 0.1243 0.7144
vn -0.9089 0.2314 -0.3468
vn -0.9029 0.2468 -0.3520
vn -0.9042 0.2274 -0.3616
vn -0.8946 0.0550 0.4435
vn -0.9003 0.0673 0.4301
vn -0.9016 0.0497 0.4298
vn -0.5168 0.4425 0.7329
vn -0.5547 0.4877 0.6741
vn -0.5735 0.4234 0.7013
vn -0.4502 0.7158 -0.5338
vn -0.5085 0.7038 -0.4961
vn -0.4899 0.7408 -0.4595
vn -0.8148 0.5774 0.0517
vn -0.7997 0.5966 0.0671
vn -0.7991 0.6007 0.0251
vn 0.5671 0.1571 -0.8085
vn 0.6060 0.1954 -0.7711
vn 0.6028 0.1314 -0.7870
vn -0.7503 -0.2334 0.6185
vn -0.7530 -0.2729 0.5988
vn -0.7324 -0.2750 0.6229
vn -0.0782 -0.3126 -0.9466
vn -0.0762 -0.3523 -0.9328
vn -0.0973 -0.3315 -0.9384
vn 0.2241 0.7068 0.6710
vn 0.2372 0.6867 0.6872
vn 0.2566 0.7030 0.6633
vn -0.1066 -0.2444 -0.9638
vn -0.0955 -0.2524 -0.9629
vn -0.1187 -0.2767 -0.9536
vn 0.3112 -0.1905 -0.9311
vn 0.2623 -0.2188 -0.9399
vn 0.2508 -0.1951 -0.9482
vn -0.8759 0.0886 0.4742
vn -0.8818 0.0989 0.4611
vn -0.8837 0.0840 0.4604
vn -0.4636 -0.3742 0.8031
vn -0.4375 -0.3789 0.8155
vn -0.4538 -0.3481 0.8203
vn -0.5195 -0.8537 0.0366
vn -0.3886 -0.9214 0.0002
vn -0.4872 -0.8683 0.0935
vn -0.7132 0.6005 -0.3615
vn -0.7106 0.5958 -0.3744
vn -0.7149 0.5824 -0.3870
vn -0.7411 0.5677 -0.3583
vn -0.1225 0.4891 -0.8636
vn -0.4759 0.7310 0.4889
vn -0.1852 0.9668 -0.1759
vn -0.5728 0.4618 -0.6772
vn -0.5669 0.4594 -0.6838
vn -0.5740 0.4444 -0.6878
vn 0.1265 -0.0312 0.9915
vn 0.0411 -0.9833 0.1771
vn 0.1748 -0.6580 0.7324
vn -0.0613 0.8906 -0.4506
vn -0.7406 0.5867 0.3276
vn -0.0710 0.9310 0.3580
vn -0.5017 0.8587 -0.1051
vn -0.6306 0.7761 0.0057
vn -0.4880 0.8697 -0.0737
vn -0.4531 0.5227 0.7221
vn -0.4360 0.5382 0.7213
vn -0.4563 0.5332 0.7123
vn -0.4314 0.8884 0.1571
vn -0.4092 0.9005 0.1470
vn -0.4274 0.8942 0.1330
vn -0.6921 -0.7203 -0.0459
vn -0.8749 0.4581 -0.1570
vn -0.8894 0.4123 -0.1975
vn -0.6760 0.0778 -0.7328
vn -0.5103 0.7180 0.4733
vn -0.4967 0.7272 0.4737
vn -0.5045 0.7280 0.4643
vn -0.1824 0.9665 0.1806
vn -0.1688 0.9654 0.1988
vn -0.1502 0.9727 0.1768
vn -0.3813 0.7376 0.5573
vn -0.3936 0.7414 0.5435
vn -0.3925 0.7300 0.5594
vn 0.0443 0.3051 -0.9513
vn 0.0276 0.3246 -0.9454
vn 0.0704 0.3453 -0.9359
vn -0.5062 0.0769 0.8590
vn -0.4893 0.1028 0.8660
vn -0.5128 0.1118 0.8512
vn -0.2906 0.2089 0.9338
vn -0.3100 0.1769 0.9341
vn -0.2696 0.1886 0.9443
vn -0.1838 -0.5675 -0.8026
vn -0.1538 -0.5785 -0.8010
vn -0.1875 -0.6103 -0.7696
vn -0.3672 0.4371 0.8211
vn -0.3556 0.4466 0.8210
vn -0.3676 0.4567 0.8101
vn -0.9769 0.2130 -0.0172
vn -0.9788 0.2050 0.0047
vn -0.9741 0.2261 -0.0047
vn -0.3839 0.7445 0.5462
vn -0.3995 0.7315 0.5526
vn -0.3811 0.7393 0.5552
vn 0.0027 0.7799 0.6259
vn 0.0332 0.7804 0.6245
vn 0.0094 0.7904 0.6125
vn -0.5740 0.6405 0.5101
vn -0.5892 0.6423 0.4902
vn -0.5841 0.6284 0.5137
vn -0.8780 0.0723 0.4731
vn -0.8673 0.1058 0.4864
vn -0.8765 0.1064 0.4694
vn -0.5212 -0.2281 -0.8224
vn -0.1920 0.5660 -0.8017
vn -0.1892 0.5530 -0.8114
vn -0.1204 -0.2755 -0.9537
vn -0.2631 0.7931 0.5493
vn -0.2425 0.7931 0.5587
vn -0.2463 0.8004 0.5465
vn -0.3614 0.3020 0.8822
vn -0.3524 0.3133 0.8819
vn -0.3767 0.3271 0.8667
vn -0.5415 0.5266 0.6553
vn -0.5110 0.5876 0.6274
vn -0.5464 0.5892 0.5953
vn -0.7835 -0.2185 0.5818
vn -0.7803 -0.2509 0.5729
vn -0.7611 -0.2390 0.6030
vn -0.9740 0.2170 -0.0652
vn -0.9776 0.1953 -0.0781
vn -0.9804 0.1922 -0.0440
vn -0.4090 0.0528 -0.9110
vn -0.0787 -0.6875 -0.7219
vn -0.0714 -0.9972 -0.0208
vn -0.6199 -0.7692 -0.1553
vn -0.6057 -0.7795 -0.1596
vn -0.6099 -0.7815 -0.1315
vn 0.1332 -0.5035 -0.8537
vn 0.0978 -0.5067 -0.8566
vn 0.1132 -0.4738 -0.8734
vn 0.1820 0.0321 -0.9828
vn 0.1902 0.0662 -0.9795
vn 0.2214 0.0691 -0.9727
vn -0.7033 0.1350 -0.6980
vn -0.6935 0.1058 -0.7127
vn -0.7076 0.0975 -0.6999
vn -0.1839 0.8975 0.4009
vn -0.1828 0.9082 0.3765
vn -0.1948 0.9027 0.3835
vn -0.1470 -0.4616 -0.8748
vn -0.1266 -0.4780 -0.8692
vn -0.1629 -0.4808 -0.8616
vn 0.1058 0.6189 -0.7783
vn 0.1193 0.6121 -0.7817
vn 0.1097 0.6065 -0.7875
vn -0.3494 0.9363 -0.0361
vn -0.3732 0.9276 -0.0177
vn -0.3493 0.9369 0.0139
vn -0.8231 -0.1548 0.5463
vn -0.8264 -0.1225 0.5496
vn -0.8393 -0.1426 0.5246
vn -0.4233 0.1301 0.8966
vn -0.4516 0.1199 0.8841
vn -0.4333 0.1010 0.8956
vn -0.6062 0.7310 0.3133
vn -0.6176 0.7259 0.3028
vn -0.6120 0.7252 0.3157
vn -0.1685 0.9141 -0.3689
vn -0.1918 0.9029 -0.3848
vn -0.2002 0.9135 -0.3541
vn -0.9219 -0.1562 -0.3545
vn -0.2822 -0.5450 -0.7895
vn -0.1869 -0.9812 -0.0493
vn -0.6679 -0.3851 0.6369
vn -0.6670 -0.4199 0.6154
vn -0.6451 -0.3989 0.6517
vn -0.5299 -0.2485 -0.8109
vn -0.4578 -0.4020 -0.7930
vn -0.6241 -0.3936 -0.6750
vn -0.6518 -0.7492 0.1178
vn -0.6697 -0.7318 0.1263
vn -0.6720 -0.7339 0.0990
vn -0.6542 -0.7432 0.1400
vn -0.6716 -0.7299 0.1273
vn -0.6501 -0.7506 0.1185
vn 0.1716 0.5456 0.8203
vn -0.1941 -0.6771 0.7098
vn 0.2250 -0.0461 0.9733
vn -0.2344 -0.2501 0.9394
vn -0.0121 -0.8641 0.5032
vn 0.0241 -0.8446 0.5348
vn 0.0059 -0.2593 0.9658
vn -0.4545 0.0217 -0.8905
vn -0.4118 0.0061 -0.9113
vn -0.4413 -0.0220 -0.8971
vn -0.9645 0.2427 0.1045
vn -0.9613 0.2580 0.0966
vn -0.9683 0.2349 0.0855
vn -0.5934 0.1248 0.7952
vn -0.5868 0.0874 0.8050
vn -0.5691 0.1167 0.8139
vn -0.8705 0.0561 0.4890
vn -0.8785 0.0542 0.4747
vn -0.8757 0.0421 0.4810
vn -0.2212 0.8541 -0.4707
vn -0.1886 0.8478 -0.4956
vn -0.2153 0.8360 -0.5047
vn -0.7016 -0.6148 -0.3603
vn -0.6903 -0.6394 -0.3386
vn -0.7143 -0.6134 -0.3370
vn -0.8789 0.3794 -0.2893
vn -0.8634 0.4035 -0.3028
vn -0.8667 0.3864 -0.3154
vn -0.9220 0.3210 -0.2165
vn -0.9134 0.3230 -0.2478
vn -0.9221 0.3018 -0.2423
vn -0.1838 0.9698 -0.1603
vn -0.1660 0.9774 -0.1312
vn -0.1563 0.9748 -0.1595
vn -0.7534 0.1227 -0.6460
vn -0.0436 0.3103 -0.9496
vn -0.0369 -0.5150 -0.8564
vn -0.8503 0.5215 0.0706
vn -0.3099 0.7413 0.5954
vn -0.1802 0.7921 0.5832
vn 0.2727 -0.4097 -0.8705
vn 0.3148 -0.3778 -0.8707
vn 0.3495 -0.4300 -0.8324
vn -0.5173 0.7392 0.4312
vn -0.5004 0.7404 0.4488
vn -0.4970 0.7539 0.4297
vn 0.0438 0.9262 -0.3744
vn -0.0074 0.9285 -0.3712
vn -0.0002 0.9388 -0.3446
vn -0.9869 0.0915 -0.1325
vn -0.9918 0.0658 -0.1095
vn -0.9907 0.0966 -0.0961
vn -0.2826 0.8550 -0.4348
vn -0.3043 0.8358 -0.4569
vn -0.3326 0.8365 -0.4354
vn -0.2310 0.7892 0.5690
vn -0.2381 0.8163 0.5262
vn -0.3096 0.7595 0.5721
vn -0.9352 0.3531 0.0263
vn -0.9237 0.3781 0.0623
vn -0.9252 0.3779 0.0334
vn -0.9214 -0.3774 -0.0932
vn -0.9078 -0.4072 -0.1006
vn -0.9057 -0.4163 -0.0798
vn 0.2550 -0.9247 0.2829
vn 0.1515 -0.9566 0.2488
vn 0.2002 -0.9628 0.1815
vn -0.9445 -0.0482 0.3250
vn -0.9460 -0.0644 0.3177
vn -0.9415 -0.0587 0.3318
vn -0.8481 -0.4611 0.2610
vn -0.8634 -0.4471 0.2337
vn -0.8532 -0.4666 0.2331
vn -0.4774 0.7741 -0.4157
vn -0.4308 0.7861 -0.4432
vn -0.5038 0.7414 -0.4433
vn -0.3948 0.3020 0.8677
vn -0.3935 0.3291 0.8584
vn -0.4184 0.3112 0.8533
vn -0.7689 0.6362 0.0630
vn -0.7804 0.6192 0.0870
vn -0.7522 0.6459 0.1303
vn -0.5336 0.8457 -0.0102
vn -0.5101 0.8585 0.0519
vn -0.4718 0.8815 -0.0177
vn -0.4528 -0.7533 0.4769
vn 0.1417 -0.9732 0.1812
vn 0.0998 -0.6159 0.7815
vn -0.9822 0.1627 -0.0938
vn -0.8728 0.0956 -0.4786
vn -0.8861 0.0385 -0.4619
vn -0.7419 0.6618 0.1077
vn -0.7383 0.6727 0.0488
vn -0.7641 0.6434 0.0467
vn -0.2069 0.9451 0.2529
vn -0.1557 0.9408 0.3011
vn -0.1635 0.9553 0.2465
vn -0.3053 0.6261 0.7174
vn -0.3181 0.6151 0.7215
vn -0.3002 0.6155 0.7288
vn -0.7425 0.0600 -0.6672
vn -0.7158 0.0627 -0.6955
vn -0.7215 0.0479 -0.6907
vn -0.9285 -0.0113 -0.3710
vn -0.8901 0.0077 -0.4557
vn -0.9131 -0.0643 -0.4026
vn -0.4432 0.8907 -0.1011
vn 0.0004 0.8444 0.5357
vn -0.0054 0.9588 -0.2839
vn -0.9362 0.3474 0.0525
vn -0.9319 0.3613 0.0322
vn -0.9434 0.3288 0.0436
vn -0.9701 0.2347 -0.0613
vn -0.9739 0.2249 -0.0321
vn -0.9688 0.2459 -0.0299
vn -0.0867 0.5902 -0.8026
vn -0.0779 0.6154 -0.7844
vn -0.0582 0.6099 -0.7904
vn -0.8791 -0.3690 0.3016
vn -0.8839 -0.3518 0.3081
vn -0.8898 -0.3488 0.2944
vn -0.5970 -0.7920 -0.1279
vn -0.5749 -0.8090 -0.1225
vn -0.5977 -0.7965 -0.0913
vn -0.9734 -0.0911 0.2102
vn -0.9707 -0.1080 0.2148
vn -0.9694 -0.0981 0.2248
vn 0.0909 0.5543 -0.8274
vn 0.1004 0.5741 -0.8126
vn 0.1293 0.5579 -0.8198
vn -0.7605 0.1923 -0.6202
vn -0.7437 0.1997 -0.6379
vn -0.7478 0.1749 -0.6405
vn -0.4221 -0.7487 0.5111
vn -0.4478 -0.7387 0.5037
vn -0.4288 -0.7657 0.4794
vn -0.9057 -0.3136 0.2852
vn -0.9060 -0.3215 0.2752
vn -0.8950 -0.3406 0.2880
vn 0.1094 -0.9917 -0.0678
vn 0.1259 -0.9881 -0.0887
vn 0.1418 -0.9885 -0.0526
vn -0.0338 -0.9890 0.1437
vn -0.0498 -0.9904 0.1286
vn -0.0226 -0.9921 0.1233
vn -0.1142 0.9295 0.3508
vn -0.1271 0.9256 0.3565
vn -0.1148 0.9200 0.3746
vn -0.5260 0.4254 -0.7365
vn -0.6502 0.3641 -0.6669
vn -0.6143 0.4278 -0.6630
vn 0.0384 -0.3573 -0.9332
vn 0.0457 -0.3269 -0.9440
vn 0.0687 -0.3462 -0.9356
vn -0.8582 0.5085 0.0704
vn -0.1773 0.9763 -0.1244
vn -0.1217 0.5532 -0.8241
vn -0.1088 -0.9867 0.1205
vn -0.0732 -0.9809 0.1801
vn -0.1485 -0.9691 0.1969
vn 0.5403 -0.8323 0.1237
vn 0.5373 -0.8151 0.2165
vn 0.4962 -0.8531 0.1616
vn -0.9145 -0.4020 0.0455
vn -0.9079 -0.4147 0.0615
vn -0.9140 -0.4003 0.0664
vn -0.1634 0.9650 -0.2053
vn 0.0092 0.8456 0.5337
vn 0.0470 0.8482 0.5275
vn 0.0105 0.9736 -0.2280
vn 0.5940 0.1719 -0.7859
vn 0.5613 0.1980 -0.8036
vn 0.5822 0.2154 -0.7840
vn -0.5065 0.8389 0.1994
vn -0.5137 0.8284 0.2233
vn -0.4744 0.8536 0.2152
vn -0.0293 0.9606 0.2764
vn -0.0385 0.9517 0.3045
vn -0.0222 0.9501 0.3110
vn -0.5319 0.7229 -0.4411
vn -0.5557 0.7096 -0.4332
vn -0.5349 0.7390 -0.4096
vn -0.8929 -0.3473 0.2867
vn -0.9038 -0.3382 0.2623
vn -0.9002 -0.3535 0.2545
vn -0.0823 0.2495 -0.9649
vn -0.0763 0.2674 -0.9606
vn -0.0597 0.2599 -0.9638
vn -0.9638 0.2374 0.1217
vn -0.9673 0.2094 0.1433
vn -0.9563 0.2490 0.1535
vn -0.8375 -0.4270 0.3408
vn -0.8543 -0.3727 0.3622
vn -0.8579 -0.4026 0.3193
vn -0.5050 -0.7079 -0.4939
vn -0.4793 -0.7117 -0.5136
vn -0.4818 -0.7344 -0.4781
vn -0.0931 0.8384 -0.5371
vn -0.1158 0.7917 -0.5999
vn -0.1363 0.8240 -0.5499
vn -0.9654 -0.2269 -0.1288
vn -0.9617 -0.2443 -0.1246
vn -0.9648 -0.2359 -0.1167
vn -0.4334 -0.8464 -0.3095
vn -0.4223 -0.8588 -0.2901
vn -0.4520 -0.8380 -0.3058
vn -0.5115 -0.8526 -0.1069
vn -0.5392 -0.8360 -0.1020
vn -0.5381 -0.8336 -0.1245
vn -0.0996 0.5940 0.7983
vn -0.1613 0.6139 0.7728
vn -0.1532 0.5862 0.7956
vn -0.1581 0.5396 0.8270
vn -0.1603 0.5621 0.8114
vn -0.1734 0.5519 0.8157
vn 0.0212 0.9975 0.0681
vn 0.0416 0.9980 0.0467
vn 0.0030 0.9999 0.0147
vn 0.2637 0.2809 -0.9228
vn 0.2236 0.2536 -0.9411
vn 0.2226 0.3083 -0.9249
vn -0.1827 0.5535 -0.8125
vn -0.1563 0.5929 -0.7900
vn -0.1611 0.5555 -0.8158
vn -0.2610 0.9618 -0.0822
vn -0.2745 0.9599 -0.0574
vn -0.2461 0.9663 -0.0758
vn -0.2047 0.4241 -0.8822
vn -0.2380 0.4108 -0.8801
vn -0.2078 0.4512 -0.8679
vn 0.6780 0.1933 -0.7092
vn 0.6537 0.1708 -0.7372
vn 0.6503 0.2125 -0.7293
vn -0.4328 0.6316 0.6432
vn -0.4460 0.6253 0.6404
vn -0.4345 0.6209 0.6525
vn -0.9743 0.2148 0.0673
vn -0.9735 0.2131 0.0828
vn -0.9658 0.2463 0.0805
vn -0.9477 0.3026 0.1012
vn -0.9485 0.3050 0.0852
vn -0.9560 0.2797 0.0886
vn -0.3076 0.7390 0.5995
vn -0.2866 0.7341 0.6156
vn -0.2901 0.7460 0.5994
vn -0.0957 0.9333 0.3461
vn -0.0910 0.9299 0.3563
vn -0.0703 0.9392 0.3362
vn -0.9104 -0.1143 -0.3977
vn -0.9056 -0.1256 -0.4052
vn -0.9125 -0.1299 -0.3879
vn 0.2395 -0.2181 -0.9461
vn 0.2802 -0.2552 -0.9254
vn 0.2692 -0.2691 -0.9247
vn 0.5041 -0.1281 -0.8541
vn 0.5131 -0.1849 -0.8382
vn 0.4870 -0.1923 -0.8520
vn -0.8358 -0.0915 0.5413
vn -0.8380 -0.0637 0.5420
vn -0.8473 -0.0788 0.5253
vn -0.9411 -0.2761 -0.1950
vn -0.9428 -0.2581 -0.2111
vn -0.9353 -0.2879 -0.2056
vn 0.0260 -0.8634 -0.5038
vn 0.0138 -0.8522 -0.5230
vn 0.0358 -0.8479 -0.5290
vn -0.0655 -0.9971 -0.0385
vn -0.0385 -0.9985 -0.0393
vn -0.0534 -0.9985 -0.0152
vn -0.3958 0.6563 0.6423
vn -0.3773 0.6743 0.6348
vn -0.4007 0.6667 0.6285
vn -0.8622 0.1338 -0.4887
vn -0.2183 0.6354 -0.7407
vn -0.2072 0.6248 -0.7528
vn -0.1475 -0.1349 -0.9798
vn -0.2956 0.2541 0.9209
vn -0.3424 0.2580 0.9034
vn -0.3429 0.2194 0.9134
vn -0.0285 -0.5344 -0.8447
vn -0.0081 -0.5123 -0.8587
vn 0.0122 -0.5208 -0.8536
vn -0.6847 0.3687 0.6287
vn -0.6898 0.3829 0.6144
vn -0.7006 0.3630 0.6143
vn -0.3281 -0.3944 0.8584
vn 0.2848 -0.2744 0.9185
vn 0.2301 0.2814 0.9316
vn -0.6649 -0.1975 0.7204
vn -0.6366 -0.2113 0.7417
vn -0.6438 -0.1790 0.7440
vn -0.7448 -0.1923 0.6390
vn -0.7437 -0.2239 0.6299
vn -0.7312 -0.2064 0.6502
vn -0.3566 0.3442 0.8685
vn -0.3381 0.3336 0.8800
vn -0.3356 0.3665 0.8678
vn -0.6555 0.6288 0.4182
vn -0.6534 0.6403 0.4040
vn -0.6667 0.6344 0.3912
vn -0.4463 0.8941 -0.0361
vn -0.4034 0.9144 -0.0340
vn -0.4087 0.9098 -0.0721
vn -0.4529 0.5317 0.7157
vn -0.4612 0.5198 0.7191
vn -0.4434 0.5144 0.7340
vn -0.9477 0.3188 0.0120
vn -0.9470 0.3202 0.0274
vn -0.9359 0.3517 0.0173
vn -0.9506 0.2857 0.1213
vn -0.9399 0.3110 0.1411
vn -0.9483 0.2976 0.1102
vn -0.9924 -0.1018 -0.0685
vn -0.9939 -0.0974 -0.0523
vn -0.9939 -0.0862 -0.0681
vn -0.8230 -0.3001 -0.4823
vn -0.8055 -0.3082 -0.5061
vn -0.7989 -0.3406 -0.4958
vn -0.9682 0.2266 0.1061
vn -0.9728 0.1965 0.1229
vn -0.9685 0.2037 0.1435
vn -0.4468 0.5508 0.7050
vn -0.4649 0.5120 0.7223
vn -0.4396 0.5195 0.7327
vn 0.2598 0.2309 0.9376
vn 0.2278 0.2139 0.9499
vn 0.2350 0.1936 0.9525
vn -0.7733 0.3275 0.5429
vn -0.7953 0.3140 0.5185
vn -0.7935 0.2860 0.5372
vn -0.9306 0.0532 -0.3620
vn -0.9337 0.0780 -0.3494
vn -0.9243 0.0824 -0.3726
vn -0.9551 0.1143 -0.2735
vn -0.9473 0.1424 -0.2869
vn -0.9470 0.1269 -0.2953
vn -0.9419 0.1156 -0.3155
vn -0.9365 0.1374 -0.3226
vn -0.9350 0.1142 -0.3357
vn -0.8979 0.3347 -0.2860
vn -0.8920 0.3448 -0.2923
vn -0.8894 0.3400 -0.3057
vn 0.0087 -0.7459 -0.6660
vn 0.0381 -0.7225 -0.6903
vn 0.0818 -0.7455 -0.6615
vn -0.3318 0.9172 -0.2204
vn -0.3068 0.9293 -0.2056
vn -0.3084 0.9231 -0.2298
vn -0.0442 0.9502 -0.3085
vn -0.0658 0.9453 -0.3194
vn -0.0676 0.9546 -0.2902
vn -0.8372 -0.1986 0.5096
vn -0.8492 -0.1828 0.4954
vn -0.8416 -0.2222 0.4923
vn -0.3255 0.2080 0.9224
vn -0.3150 0.1623 0.9351
vn -0.2893 0.1660 0.9427
vn -0.8458 0.1583 0.5095
vn -0.8560 0.1113 0.5048
vn -0.8497 0.1087 0.5159
vn -0.4067 0.3653 0.8373
vn -0.3663 0.3549 0.8602
vn -0.3942 0.3869 0.8336
vn 0.0221 0.5303 -0.8475
vn 0.0115 0.5494 -0.8355
vn 0.0367 0.5403 -0.8407
vn 0.0796 -0.4298 -0.8994
vn 0.1130 -0.4202 -0.9004
vn 0.0938 -0.4430 -0.8916
vn 0.5182 0.8417 -0.1516
vn 0.4146 0.8699 -0.2670
vn 0.4392 0.8911 -0.1140
vn 0.3074 0.7990 -0.5168
vn 0.2280 0.8328 -0.5045
vn 0.2878 0.8393 -0.4613
vn -0.9452 -0.2353 -0.2264
vn -0.9430 -0.2309 -0.2396
vn -0.9407 -0.2481 -0.2312
vn -0.3473 0.9288 -0.1291
vn -0.3129 0.9360 -0.1611
vn -0.3551 0.9194 -0.1689
vn -0.5057 0.6726 0.5402
vn -0.4893 0.6754 0.5517
vn -0.4859 0.6920 0.5339
vn -0.5572 0.7117 0.4278
vn -0.5735 0.7037 0.4193
vn -0.5773 0.6939 0.4304
vn -0.1900 -0.7679 -0.6118
vn -0.2311 -0.7762 -0.5866
vn -0.2329 -0.7645 -0.6010
vn -0.5223 0.5612 0.6420
vn -0.5128 0.6029 0.6112
vn -0.5591 0.5496 0.6209
vn -0.5300 0.5444 0.6502
vn -0.5038 0.5995 0.6219
vn -0.5728 0.5661 0.5928
vn -0.5840 -0.1781 0.7920
vn 0.0940 -0.4233 0.9011
vn 0.0518 0.3561 0.9330
vn -0.6326 -0.6419 0.4334
vn 0.0271 -0.6362 0.7711
vn 0.0044 0.0414 0.9991
vn -0.1866 0.0786 -0.9793
vn -0.1522 0.0615 -0.9864
vn -0.1572 0.0310 -0.9871
vn -0.1928 0.0351 -0.9806
vn -0.6721 0.5194 0.5276
vn -0.6842 0.5208 0.5105
vn -0.6860 0.5057 0.5232
vn -0.3207 0.7529 0.5748
vn -0.2933 0.7586 0.5818
vn -0.3313 0.7644 0.5531
vn -0.2907 0.7648 0.5750
vn -0.2955 0.7825 0.5481
vn -0.3285 0.7663 0.5521
vn -0.3634 0.8685 0.3371
vn -0.3894 0.8624 0.3235
vn -0.4026 0.8452 0.3515
vn -0.6145 -0.6809 -0.3983
vn -0.0026 -0.5491 -0.8358
vn 0.0026 -0.5643 -0.8256
vn -0.0022 -0.9800 -0.1992
vn -0.5372 0.8125 0.2266
vn -0.4955 0.8240 0.2747
vn -0.5149 0.8294 0.2167
vn -0.5894 0.7820 0.2027
vn -0.5984 0.7583 0.2586
vn -0.5681 0.7963 0.2078
vn -0.6398 0.3675 0.6749
vn -0.6574 0.3540 0.6652
vn -0.6504 0.3402 0.6791
vn -0.9947 -0.0838 -0.0590
vn -0.9929 -0.0945 -0.0725
vn -0.9930 -0.1066 -0.0517
vn -0.9914 0.1305 0.0041
vn -0.9936 0.1119 0.0119
vn -0.9912 0.1296 0.0282
vn -0.3044 0.9326 0.1940
vn -0.2930 0.9330 0.2092
vn -0.2898 0.9416 0.1714
vn 0.0396 -0.9089 0.4151
vn 0.1279 -0.9115 0.3909
vn 0.0843 -0.8971 0.4336
vn -0.0855 -0.9841 0.1558
vn -0.1548 -0.9851 0.0748
vn -0.0756 -0.9934 0.0860
vn -0.4021 0.9154 0.0188
vn -0.3630 0.9317 -0.0108
vn -0.4001 0.9158 -0.0356
vn -0.1069 -0.7807 -0.6157
vn -0.1321 -0.7464 -0.6523
vn -0.0688 -0.7523 -0.6552
vn -0.9246 -0.3485 -0.1536
vn -0.9274 -0.3475 -0.1383
vn -0.9305 -0.3340 -0.1506
vn -0.1542 -0.8632 0.4807
vn -0.1329 -0.8850 0.4462
vn -0.1314 -0.8608 0.4917
vn -0.9636 0.2562 0.0762
vn -0.9557 0.2871 0.0643
vn -0.9608 0.2732 0.0474
vn -0.4736 0.8156 0.3324
vn -0.4811 0.8184 0.3141
vn -0.4873 0.8058 0.3364
vn -0.5806 -0.7988 -0.1575
vn -0.5931 -0.8050 -0.0168
vn -0.6126 -0.7901 -0.0207
vn 0.0986 -0.6506 -0.7530
vn 0.0844 -0.6010 -0.7948
vn 0.1187 -0.5880 -0.8001
vn -0.8040 0.2513 0.5389
vn -0.1752 0.7469 0.6414
vn -0.1947 0.7576 0.6229
vn -0.1250 0.9789 -0.1617
vn -0.0511 0.1401 -0.9888
vn -0.0863 0.1559 -0.9840
vn -0.0528 0.1702 -0.9840
vn -0.1453 0.7259 0.6723
vn -0.2030 0.6473 0.7347
vn -0.1155 0.6667 0.7363
vn -0.3524 0.7395 -0.5735
vn -0.2262 0.8220 -0.5226
vn -0.1851 0.7710 -0.6093
vn -0.8202 -0.2913 -0.4923
vn -0.1792 -0.2370 -0.9548
vn -0.2044 -0.2831 -0.9371
vn -0.1547 -0.8473 -0.5081
vn -0.7629 0.6379 0.1052
vn -0.7728 0.6335 0.0384
vn -0.7817 0.6195 0.0717
vn 0.3166 0.7573 0.5713
vn 0.2817 0.7421 0.6082
vn 0.3218 0.7303 0.6026
vn 0.2580 0.9125 0.3175
vn 0.2248 0.9440 0.2416
vn 0.2033 0.9233 0.3260
vn -0.5963 0.4123 0.6888
vn -0.6262 0.3325 0.7052
vn -0.5707 0.3666 0.7348
vn -0.4454 0.6302 -0.6360
vn -0.4701 0.6105 -0.6374
vn -0.4568 0.6276 -0.6305
vn -0.5299 0.7427 0.4094
vn -0.5340 0.7303 0.4259
vn -0.5166 0.7520 0.4094
vn -0.3064 -0.0034 -0.9519
vn -0.2784 -0.0223 -0.9602
vn -0.3301 -0.0092 -0.9439
vn -0.1938 0.4637 -0.8645
vn -0.1473 0.4471 -0.8823
vn -0.1775 0.4429 -0.8788
vn -0.2941 0.9261 0.2363
vn -0.3934 0.8978 0.1980
vn -0.2805 0.8319 0.4787
vn 0.0275 0.7083 0.7054
vn 0.1101 0.7552 0.6462
vn -0.0337 0.7807 0.6240
vn -0.9905 -0.1140 -0.0764
vn -0.9893 -0.1172 -0.0866
vn -0.9892 -0.1257 -0.0761
vn -0.8902 0.4137 -0.1910
vn -0.8865 0.4103 -0.2140
vn -0.8980 0.3939 -0.1961
vn 0.4031 -0.9027 -0.1505
vn 0.3666 -0.9243 -0.1062
vn 0.3093 -0.9319 -0.1895
vn -0.2365 -0.9538 0.1854
vn -0.2525 -0.9344 0.2513
vn -0.2905 -0.9368 0.1949
vn 0.0573 0.9754 -0.2128
vn 0.0715 0.9670 -0.2444
vn 0.0271 0.9741 -0.2246
vn 0.0367 0.9347 -0.3536
vn -0.0085 0.9176 -0.3974
vn -0.0102 0.9369 -0.3495
vn 0.0284 0.9823 -0.1854
vn 0.0442 0.9851 -0.1661
vn 0.0635 0.9805 -0.1859
vn -0.8686 0.2665 -0.4178
vn -0.8836 0.2346 -0.4053
vn -0.8887 0.2544 -0.3815
vn -0.8703 0.3116 -0.3813
vn -0.8624 0.2925 -0.4133
vn -0.8826 0.2903 -0.3698
vn 0.8631 0.0447 -0.5031
vn 0.8692 0.1150 -0.4809
vn 0.9102 0.0690 -0.4084
vn 0.0727 0.3913 -0.9174
vn 0.0422 0.4226 -0.9053
vn 0.0721 0.4559 -0.8871
vn -0.7936 -0.4875 0.3641
vn -0.7663 -0.5145 0.3847
vn -0.7570 -0.5025 0.4177
vn -0.8813 0.4624 -0.0970
vn -0.8864 0.4530 -0.0951
vn -0.8887 0.4511 -0.0824
vn -0.3309 0.4138 0.8481
vn -0.3130 0.4023 0.8603
vn -0.3073 0.4268 0.8505
vn -0.0301 -0.2181 -0.9755
vn -0.0595 -0.2470 -0.9672
vn -0.0832 -0.1900 -0.9783
vn -0.9277 -0.0115 0.3731
vn -0.9351 -0.0181 0.3538
vn -0.9283 -0.0246 0.3709
vn -0.9474 -0.1562 0.2795
vn -0.9419 -0.1720 0.2885
vn -0.9406 -0.1657 0.2963
vn -0.8799 0.2959 -0.3718
vn -0.8766 0.3067 -0.3707
vn -0.8710 0.3035 -0.3864
vn -0.8430 0.5368 0.0330
vn -0.8425 0.5386 -0.0127
vn -0.8580 0.5137 -0.0056
vn -0.8062 -0.4942 0.3251
vn -0.8136 -0.4693 0.3432
vn -0.8181 -0.4822 0.3134
vn -0.9150 -0.2005 0.3501
vn -0.9245 -0.1822 0.3348
vn -0.9194 -0.1990 0.3394
vn -0.9021 -0.1339 0.4102
vn -0.9047 -0.1171 0.4097
vn -0.9116 -0.1184 0.3937
vn -0.8008 -0.2332 -0.5516
vn -0.8945 -0.1990 -0.4004
vn -0.8931 -0.1509 -0.4238
vn 0.6179 0.5939 0.5153
vn 0.7965 0.4347 0.4204
vn 0.8105 0.5066 0.2939
vn 0.5603 0.5744 -0.5968
vn 0.4743 0.6240 -0.6210
vn 0.5236 0.6382 -0.5644
vn 0.6159 0.5867 -0.5258
vn 0.5939 0.6451 -0.4808
vn 0.6373 0.6201 -0.4575
vn -0.7476 0.6599 0.0754
vn -0.7346 0.6737 0.0806
vn -0.7424 0.6676 0.0570
vn -0.7931 0.6022 -0.0914
vn -0.7868 0.6109 -0.0885
vn -0.7787 0.6195 -0.0993
vn -0.9159 -0.2457 0.3175
vn -0.9220 -0.2214 0.3177
vn -0.9226 -0.2354 0.3057
vn -0.8214 0.5295 0.2119
vn -0.8330 0.5230 0.1802
vn -0.8547 0.4846 0.1860
vn -0.8328 0.5017 0.2339
vn -0.9612 0.1742 -0.2141
vn -0.9628 0.1826 -0.1993
vn -0.9558 0.1941 -0.2206
vn 0.5735 -0.8089 -0.1295
vn 0.6197 -0.7819 -0.0674
vn 0.5649 -0.8241 -0.0408
vn 0.4353 -0.8966 0.0809
vn 0.4868 -0.8702 0.0757
vn 0.4836 -0.8665 0.1237
vn 0.0531 0.2656 -0.9626
vn -0.0074 0.2974 -0.9547
vn 0.0372 0.3184 -0.9472
vn -0.9785 0.2021 0.0398
vn -0.9746 0.2080 0.0830
vn -0.9683 0.2489 0.0233
vn -0.9219 -0.3288 -0.2049
vn -0.9322 -0.3120 -0.1832
vn -0.9329 -0.3050 -0.1917
vn -0.3394 0.9090 -0.2421
vn -0.3473 0.9121 -0.2179
vn -0.3288 0.9172 -0.2252
vn -0.4720 -0.0878 -0.8772
vn -0.3621 -0.1570 -0.9188
vn -0.3799 -0.2123 -0.9003
vn -0.2675 -0.1938 -0.9439
vn -0.1605 -0.0607 -0.9852
vn -0.2141 -0.2009 -0.9559
vn -0.6776 0.2779 0.6809
vn -0.6951 0.2727 0.6652
vn -0.6784 0.2607 0.6869
vn -0.4606 0.6169 0.6383
vn -0.4608 0.6040 0.6503
vn -0.4425 0.6080 0.6592
vn -0.1780 -0.6793 0.7120
vn -0.1436 -0.6876 0.7118
vn -0.1698 -0.6654 0.7269
vn 0.5761 0.2114 -0.7895
vn 0.5983 0.2032 -0.7751
vn 0.5870 0.1706 -0.7914
vn -0.9221 0.3782 0.0815
vn -0.9273 0.3555 0.1171
vn -0.8784 0.4435 0.1779
vn -0.6340 -0.7606 0.1395
vn -0.5960 -0.7774 0.2013
vn -0.6515 -0.7427 0.1548
vn -0.5463 -0.8170 0.1848
vn -0.5495 -0.8284 0.1088
vn -0.5349 -0.8370 0.1154
vn -0.9129 -0.4011 0.0754
vn -0.9085 -0.4155 0.0444
vn -0.9052 -0.4199 0.0652
vn -0.5549 -0.7175 -0.4211
vn -0.5324 -0.7404 -0.4103
vn -0.5507 -0.7400 -0.3862
vn -0.0206 0.9584 -0.2848
vn -0.7187 0.6533 0.2380
vn -0.1349 0.9906 -0.0236
vn -0.1392 0.9370 -0.3204
vn -0.2432 0.9652 -0.0964
vn -0.0706 0.9938 -0.0861
vn -0.9668 0.0681 -0.2461
vn -0.8110 0.5008 -0.3023
vn -0.9350 0.0865 -0.3440
vn -0.9111 -0.1366 0.3889
vn -0.9053 -0.1296 0.4045
vn -0.9124 -0.1191 0.3916
vn 0.0234 0.5315 -0.8468
vn 0.0388 0.5120 -0.8581
vn 0.0154 0.5021 -0.8647
vn -0.1368 0.2767 -0.9512
vn -0.1582 0.2876 -0.9446
vn -0.1284 0.2921 -0.9477
vn -0.1865 0.9607 -0.2054
vn -0.1602 0.9668 -0.1993
vn -0.1636 0.9611 -0.2227
vn -0.4992 0.7457 0.4413
vn -0.5135 0.7274 0.4553
vn -0.4930 0.7380 0.4607
vn -0.8628 0.4594 -0.2107
vn -0.8573 0.4803 -0.1853
vn -0.8457 0.4880 -0.2159
vn -0.2964 -0.3189 -0.9003
vn -0.9831 0.0560 0.1741
vn -0.9852 0.0654 0.1587
vn -0.9856 0.0522 0.1611
vn 0.0184 -0.2285 -0.9734
vn -0.4304 0.6164 -0.6594
vn 0.1235 0.9331 -0.3379
vn -0.9106 0.1967 -0.3636
vn -0.2420 -0.0152 -0.9701
vn -0.1632 -0.8005 -0.5767
vn -0.5188 -0.8518 0.0730
vn -0.5009 -0.8620 0.0773
vn -0.5045 -0.8586 0.0908
vn -0.5108 -0.8414 0.1765
vn -0.5155 -0.8335 0.1987
vn -0.5333 -0.8242 0.1907
vn -0.7549 0.1803 -0.6305
vn -0.7510 0.1617 -0.6402
vn -0.7648 0.1674 -0.6221
vn -0.0791 0.5022 0.8611
vn -0.0900 0.4626 0.8820
vn -0.0620 0.4838 0.8730
vn -0.9220 0.0722 -0.3803
vn -0.9304 0.0505 -0.3630
vn -0.9297 0.0688 -0.3617
vn -0.2673 0.2622 -0.9273
vn -0.2399 0.2491 -0.9383
vn -0.2617 0.2347 -0.9362
vn -0.7976 0.0728 0.5988
vn -0.8072 0.0596 0.5872
vn -0.7991 0.0492 0.5992
vn -0.8427 0.0397 0.5369
vn -0.8501 0.0252 0.5261
vn -0.8405 0.0172 0.5416
vn -0.8643 0.2548 0.4337
vn -0.8570 0.2502 0.4505
vn -0.8550 0.2651 0.4458
vn -0.1014 -0.8634 0.4943
vn -0.1158 -0.8863 0.4484
vn -0.0853 -0.8779 0.4712
vn -0.4882 0.4895 -0.7225
vn -0.4967 0.5231 -0.6926
vn -0.4786 0.5003 -0.7215
vn -0.3327 0.6527 -0.6807
vn -0.3687 0.6236 -0.6893
vn -0.4029 0.6271 -0.6667
vn -0.6937 0.4851 0.5324
vn -0.7233 0.4836 0.4929
vn -0.7272 0.4417 0.5255
vn -0.9766 0.2099 -0.0465
vn -0.9830 0.1807 -0.0324
vn -0.9788 0.2048 0.0006
vn -0.8898 0.4532 0.0540
vn -0.9143 0.4039 0.0305
vn -0.9155 0.3956 0.0732
vn -0.1115 0.8624 -0.4937
vn -0.3924 0.3438 0.8531
vn -0.1626 0.9308 0.3274
vn -0.7460 -0.6608 0.0824
vn -0.7143 -0.6965 0.0680
vn -0.7295 -0.6744 0.1139
vn -0.8023 -0.0192 0.5967
vn -0.7953 -0.0461 0.6044
vn -0.7869 -0.0308 0.6163
vn -0.4097 0.6925 0.5938
vn -0.4250 0.6994 0.5746
vn -0.4427 0.6813 0.5829
vn -0.4013 0.8151 0.4178
vn -0.3891 0.7981 0.4600
vn -0.3655 0.8236 0.4337
vn -0.9836 -0.0915 -0.1554
vn -0.9845 -0.0988 -0.1450
vn -0.9860 -0.0820 -0.1449
vn -0.3316 0.3616 -0.8714
vn -0.3385 0.3466 -0.8748
vn -0.3632 0.3441 -0.8658
vn -0.6222 0.6872 0.3751
vn -0.6062 0.6956 0.3855
vn -0.6304 0.7013 0.3328
vn -0.1693 0.5842 0.7938
vn -0.1503 0.5842 0.7976
vn -0.1597 0.6008 0.7833
vn -0.2828 -0.6602 -0.6958
vn -0.2912 -0.6229 -0.7261
vn -0.2570 -0.6263 -0.7360
vn 0.0175 0.9750 0.2217
vn 0.0224 0.9714 0.2362
vn 0.0300 0.9742 0.2235
vn -0.1052 -0.8893 -0.4450
vn -0.7587 0.0768 -0.6469
vn -0.1428 -0.3184 -0.9371
vn -0.4651 0.1317 0.8754
vn -0.4654 0.1064 0.8787
vn -0.4588 0.1226 0.8800
vn -0.2913 0.9506 -0.1074
vn -0.3025 0.9439 -0.1325
vn -0.3107 0.9449 -0.1031
vn 0.1317 0.5969 -0.7914
vn 0.1329 0.5697 -0.8111
vn 0.1203 0.5950 -0.7947
vn -0.5380 0.0077 0.8429
vn -0.5410 0.0398 0.8401
vn -0.5609 0.0231 0.8275
vn -0.3796 -0.1831 -0.9069
vn -0.4018 -0.2065 -0.8921
vn -0.4340 -0.1699 -0.8847
vn 0.1967 -0.5820 -0.7890
vn 0.1577 -0.5844 -0.7960
vn 0.1772 -0.5577 -0.8109
vn 0.0836 -0.6248 -0.7763
vn 0.0575 -0.6618 -0.7475
vn 0.0254 -0.6416 -0.7666
vn -0.2644 0.9200 -0.2892
vn -0.0963 0.9727 -0.2110
vn -0.2078 0.9107 -0.3571
vn -0.0470 -0.8704 -0.4900
vn -0.0743 -0.8634 -0.4990
vn 0.0026 -0.8447 -0.5353
vn -0.9796 0.1810 -0.0871
vn -0.9792 0.1689 -0.1127
vn -0.9890 0.1307 -0.0690
vn -0.4321 0.1404 0.8908
vn -0.4363 0.1757 0.8825
vn -0.4558 0.1361 0.8796
vn -0.4461 0.1716 0.8784
vn -0.4315 0.1404 0.8911
vn -0.4116 0.1491 0.8991
vn -0.3722 -0.9196 0.1254
vn -0.3578 -0.9184 0.1687
vn -0.4036 -0.9035 0.1443
vn 0.7690 -0.5421 -0.3389
vn 0.8001 -0.5052 -0.3234
vn 0.6266 -0.7777 -0.0505
vn -0.8727 0.0523 -0.4854
vn -0.9619 -0.1947 -0.1917
vn -0.8791 0.1090 -0.4640
vn -0.7282 -0.2645 0.6323
vn -0.7291 -0.2317 0.6440
vn -0.7560 -0.2365 0.6103
vn -0.0089 0.8760 0.4822
vn -0.0277 0.8742 0.4847
vn -0.0236 0.8599 0.5100
vn 0.3545 0.8194 0.4505
vn 0.3481 0.8355 0.4252
vn 0.3364 0.8376 0.4305
vn 0.1348 -0.5499 0.8243
vn -0.4613 -0.7948 0.3943
vn 0.1879 -0.9474 0.2590
vn -0.4542 -0.7854 0.4205
vn 0.0595 -0.5565 0.8287
vn 0.0345 0.1249 0.9916
vn -0.2374 0.9248 0.2973
vn -0.2033 0.9268 0.3159
vn -0.2036 0.9350 0.2905
vn -0.5436 0.4673 0.6973
vn -0.5395 0.5042 0.6744
vn -0.5584 0.4849 0.6731
vn 0.0106 -0.6290 -0.7773
vn -0.0005 -0.6029 -0.7978
vn 0.0378 -0.5940 -0.8035
vn 0.2172 -0.7532 -0.6209
vn 0.1623 -0.7242 -0.6702
vn 0.1962 -0.6933 -0.6934
vn -0.8587 0.2364 0.4547
vn -0.8495 0.2537 0.4626
vn -0.8576 0.2552 0.4466
vn -0.5815 0.6481 0.4918
vn -0.6132 0.6531 0.4444
vn -0.6088 0.6250 0.4886
vn -0.3802 -0.7116 -0.5909
vn -0.4250 -0.7071 -0.5652
vn -0.3966 -0.6875 -0.6084
vn -0.0336 -0.5938 -0.8039
vn -0.0190 -0.6107 -0.7917
vn -0.1469 -0.6431 -0.7516
vn -0.9745 -0.1543 0.1630
vn -0.9698 -0.1663 0.1783
vn -0.9712 -0.1538 0.1819
vn -0.9245 0.1168 0.3629
vn -0.9201 0.0882 0.3815
vn -0.9041 0.1493 0.4004
vn 0.0449 0.7039 0.7089
vn 0.0431 0.7530 0.6566
vn 0.0122 0.7289 0.6845
vn -0.1928 0.1473 0.9701
vn -0.1960 0.1177 0.9735
vn -0.1677 0.1189 0.9786
vn -0.0841 -0.7968 -0.5984
vn -0.0602 -0.8207 -0.5681
vn -0.1296 -0.8058 -0.5778
vn -0.7178 -0.5319 -0.4492
vn -0.7589 -0.4965 -0.4215
vn -0.7406 -0.4829 -0.4672
vn -0.9321 0.3614 0.0251
vn -0.9401 0.3344 0.0665
vn -0.9287 0.3673 0.0504
vn -0.8879 -0.4600 0.0043
vn -0.8980 -0.4398 0.0106
vn -0.9008 -0.4341 -0.0146
vn -0.7779 0.5253 -0.3448
vn -0.7639 0.5456 -0.3447
vn -0.7596 0.5420 -0.3596
vn -0.4744 0.6192 0.6258
vn -0.4809 0.6255 0.6144
vn -0.4903 0.6129 0.6196
vn 0.0528 0.7409 0.6695
vn 0.0441 0.7190 0.6936
vn 0.0684 0.7198 0.6908
vn -0.8666 0.4990 0.0006
vn -0.8713 0.4900 0.0279
vn -0.8451 0.5333 0.0376
vn -0.9339 0.3569 0.0200
vn -0.9331 0.3593 -0.0169
vn -0.9386 0.3451 0.0030
vn -0.6121 -0.7185 -0.3302
vn -0.6063 -0.7322 -0.3104
vn -0.6321 -0.7081 -0.3147
vn -0.7626 -0.6061 -0.2261
vn -0.7711 -0.6011 -0.2098
vn -0.7732 -0.5898 -0.2328
vn -0.1941 0.5441 -0.8162
vn -0.2389 0.5726 -0.7843
vn -0.2082 0.5650 -0.7984
vn 0.0701 0.7798 -0.6221
vn 0.0700 0.8196 -0.5687
vn 0.1166 0.8009 -0.5874
vn -0.1193 -0.1119 -0.9865
vn -0.1113 -0.0936 -0.9894
vn -0.0945 -0.1125 -0.9891
vn -0.7361 0.6143 0.2844
vn -0.0675 0.8008 0.5952
vn -0.0726 0.8080 0.5847
vn -0.0530 0.9818 -0.1826
vn -0.6647 -0.0647 -0.7443
vn -0.6358 -0.0427 -0.7707
vn -0.6282 -0.0888 -0.7730
vn -0.7750 0.3288 -0.5397
vn -0.8004 0.3053 -0.5158
vn -0.7951 0.3378 -0.5037
vn -0.4171 0.8389 0.3497
vn -0.4324 0.8349 0.3406
vn -0.4399 0.8206 0.3648
vn -0.9507 0.3101 0.0001
vn -0.9599 0.2803 0.0083
vn -0.9547 0.2942 0.0452
vn -0.0405 0.6489 0.7598
vn -0.0552 0.6612 0.7481
vn -0.0698 0.6554 0.7521
vn -0.8072 0.4077 0.4268
vn -0.8127 0.3596 0.4585
vn -0.7992 0.4113 0.4383
vn -0.8237 0.0286 0.5663
vn -0.8181 0.0359 0.5740
vn -0.8273 0.0455 0.5599
vn 0.5531 -0.4252 -0.7164
vn 0.5924 -0.4851 -0.6433
vn 0.4615 -0.4865 -0.7419
vn 0.2444 -0.8498 -0.4670
vn 0.1690 -0.8578 -0.4854
vn 0.1829 -0.8032 -0.5669
vn -0.3138 0.7612 0.5676
vn -0.3239 0.7473 0.5802
vn -0.3121 0.7496 0.5837
vn -0.3471 0.4602 0.8172
vn -0.3285 0.4733 0.8173
vn -0.3501 0.4835 0.8023
vn -0.3792 -0.7963 -0.4713
vn -0.4015 -0.7888 -0.4654
vn -0.3878 -0.7838 -0.4851
vn -0.9361 -0.1558 -0.3153
vn -0.9114 -0.2057 -0.3564
vn -0.9576 -0.2165 -0.1902
vn 0.0181 -0.0362 0.9992
vn -0.6554 -0.4948 0.5706
vn 0.0414 -0.7057 0.7073
vn -0.8106 0.1709 -0.5602
vn -0.8173 0.1425 -0.5583
vn -0.8373 0.1684 -0.5202
vn -0.8472 0.1359 -0.5136
vn -0.8421 0.1639 -0.5138
vn -0.8236 0.1253 -0.5532
vn -0.4891 -0.6947 -0.5275
vn -0.4848 -0.6808 -0.5491
vn -0.4764 -0.7030 -0.5281
vn -0.5845 -0.6647 -0.4653
vn -0.5902 -0.6427 -0.4885
vn -0.5798 -0.6593 -0.4787
vn 0.1149 0.8143 0.5690
vn 0.1140 0.8007 0.5881
vn 0.1255 0.8038 0.5815
vn 0.0796 -0.7077 0.7020
vn -0.4981 -0.8117 0.3049
vn 0.1154 -0.9929 0.0281
vn -0.3113 0.7688 0.5585
vn -0.3051 0.8205 0.4834
vn -0.3793 0.7976 0.4690
vn -0.8363 -0.4945 -0.2368
vn -0.8454 -0.4817 -0.2309
vn -0.8351 -0.4878 -0.2543
vn -0.2020 -0.7843 -0.5866
vn -0.2035 -0.8036 -0.5593
vn -0.2278 -0.7986 -0.5571
vn -0.2106 -0.7817 -0.5870
vn -0.1909 -0.8000 -0.5688
vn -0.2151 -0.8027 -0.5563
vn -0.6950 -0.6381 -0.3313
vn -0.7182 -0.6007 -0.3512
vn -0.7007 -0.6020 -0.3828
vn -0.0277 0.9120 0.4092
vn -0.0241 0.9272 0.3739
vn -0.0552 0.9152 0.3993
vn -0.9417 -0.2627 -0.2104
vn -0.9382 -0.2701 -0.2166
vn -0.9398 -0.2745 -0.2037
vn 0.1574 -0.6067 -0.7791
vn 0.1000 -0.6456 -0.7571
vn 0.1331 -0.5899 -0.7964
vn 0.9529 0.0526 0.2986
vn 0.9747 0.1593 0.1565
vn 0.9609 0.1484 0.2336
vn 0.9910 -0.0674 -0.1156
vn 0.9789 -0.1754 -0.1052
vn 0.9817 -0.0867 -0.1693
vn -0.0974 0.6239 0.7754
vn -0.0559 0.6954 0.7164
vn -0.1006 0.7111 0.6959
vn 0.9765 -0.0430 0.2110
vn 0.9650 0.0424 0.2587
vn 0.9545 0.0058 0.2981
vn 0.7733 0.4244 0.4711
vn 0.8385 0.1785 0.5148
vn 0.8371 0.4122 0.3597
vn 0.9955 0.0258 -0.0912
vn 0.9998 0.0188 -0.0041
vn 0.9992 -0.0355 0.0157
vn 0.2452 0.6877 0.6833
vn 0.1686 0.7557 0.6328
vn 0.1708 0.6709 0.7216
vn 0.2726 -0.9530 0.1319
vn 0.2681 -0.9580 0.1021
vn 0.2899 -0.9506 0.1108
vn 0.2908 -0.9523 0.0927
vn 0.2580 -0.9616 0.0938
vn 0.2766 -0.9579 0.0768
vn -0.3458 0.9033 -0.2539
vn -0.3501 0.9093 -0.2251
vn -0.3297 0.9114 -0.2463
vn -0.5056 0.7361 -0.4501
vn -0.5259 0.7332 -0.4311
vn -0.5033 0.7469 -0.4347
vn 0.1661 -0.9673 0.1916
vn 0.2290 -0.9526 0.2005
vn 0.1697 -0.9474 0.2713
vn 0.9831 -0.0549 -0.1749
vn 0.9707 -0.0094 -0.2401
vn 0.9845 0.0348 -0.1720
vn -0.6092 0.4557 -0.6490
vn -0.5693 0.4640 -0.6787
vn -0.6009 0.4261 -0.6763
vn -0.1538 -0.9621 -0.2250
vn -0.8894 -0.2900 -0.3534
vn -0.1917 -0.5147 -0.8357
vn -0.8544 -0.3886 -0.3449
vn -0.8619 -0.3673 -0.3495
vn -0.8520 -0.3811 -0.3589
vn -0.4158 -0.8456 0.3347
vn -0.4005 -0.8480 0.3470
vn -0.4203 -0.8290 0.3688
vn 0.0064 -0.9984 -0.0566
vn 0.0167 -0.9994 -0.0310
vn -0.0247 -0.9993 -0.0281
vn 0.2689 -0.7161 0.6441
vn 0.3398 -0.6713 0.6587
vn 0.3064 -0.6698 0.6764
vn -0.4626 0.5497 -0.6956
vn -0.4745 0.5512 -0.6863
vn -0.4553 0.5796 -0.6758
vn -0.3612 0.4622 -0.8099
vn -0.3275 0.4468 -0.8326
vn -0.3616 0.4377 -0.8232
vn 0.2703 -0.5739 -0.7730
vn 0.2467 -0.6072 -0.7553
vn 0.2444 -0.5740 -0.7815
vn 0.2128 -0.6629 -0.7178
vn 0.1898 -0.7128 -0.6752
vn 0.1568 -0.6998 -0.6969
vn -0.7064 -0.4180 -0.5712
vn -0.7187 -0.3411 -0.6059
vn -0.6931 -0.3791 -0.6131
vn -0.9837 -0.1175 -0.1359
vn -0.9864 -0.1092 -0.1232
vn -0.9851 -0.1059 -0.1358
vn -0.9325 0.1238 0.3392
vn -0.9217 0.1567 0.3548
vn -0.9412 0.1365 0.3092
vn -0.9389 -0.3315 -0.0921
vn -0.9362 -0.3353 -0.1058
vn -0.9360 -0.3394 -0.0933
vn -0.9887 -0.1270 -0.0798
vn -0.9877 -0.1368 -0.0762
vn -0.9894 -0.1294 -0.0655
vn -0.3291 -0.9226 0.2013
vn -0.3613 -0.9186 0.1597
vn -0.2770 -0.9461 0.1678
vn 0.2370 -0.5640 -0.7911
vn 0.3142 -0.5385 -0.7818
vn 0.2540 -0.6087 -0.7516
vn -0.7437 0.0884 -0.6626
vn -0.7283 0.1206 -0.6746
vn -0.7193 0.1059 -0.6866
vn -0.8614 -0.1659 -0.4800
vn -0.8642 -0.1810 -0.4694
vn -0.8691 -0.1580 -0.4688
vn -0.8106 -0.1466 -0.5670
vn -0.8077 -0.1674 -0.5653
vn -0.8202 -0.1581 -0.5498
vn -0.9893 0.1446 0.0182
vn -0.9918 0.1254 0.0256
vn -0.9889 0.1439 0.0358
vn -0.9026 -0.1417 -0.4065
vn -0.9098 -0.1437 -0.3894
vn -0.9091 -0.1258 -0.3972
vn -0.3283 -0.3703 -0.8689
vn -0.2875 -0.4048 -0.8681
vn -0.3254 -0.5144 -0.7934
vn -0.5638 -0.4226 -0.7096
vn -0.5208 -0.3662 -0.7711
vn -0.4404 -0.5064 -0.7414
vn -0.1944 0.4983 -0.8449
vn -0.1692 0.5158 -0.8398
vn -0.1883 0.4822 -0.8556
vn -0.4223 -0.5258 -0.7384
vn -0.3633 -0.5764 -0.7320
vn -0.4024 -0.5590 -0.7250
vn -0.7461 -0.6376 0.1919
vn -0.7106 -0.6650 0.2297
vn -0.7645 -0.6087 0.2122
vn -0.3147 -0.5120 -0.7992
vn -0.3047 -0.5463 -0.7802
vn -0.3210 -0.5427 -0.7762
vn -0.9920 -0.0027 -0.1258
vn -0.9878 -0.0173 -0.1546
vn -0.9905 -0.0307 -0.1342
vn -0.9464 0.3228 -0.0099
vn -0.9411 0.3342 -0.0520
vn -0.9549 0.2965 -0.0127
vn 0.2060 0.0026 -0.9785
vn 0.1897 -0.0573 -0.9802
vn 0.1668 -0.0437 -0.9850
vn -0.1410 -0.5606 -0.8160
vn -0.1323 -0.5771 -0.8059
vn -0.1502 -0.5827 -0.7987
vn 0.1502 -0.9640 -0.2196
vn 0.1713 -0.9743 -0.1460
vn 0.0824 -0.9820 -0.1699
vn 0.0643 -0.9726 -0.2233
vn 0.0751 -0.9597 -0.2708
vn 0.1473 -0.9550 -0.2573
vn 0.0414 -0.7289 -0.6834
vn 0.0613 -0.7222 -0.6890
vn 0.0546 -0.7626 -0.6446
vn 0.2886 -0.7501 -0.5950
vn 0.3040 -0.7523 -0.5845
vn 0.2577 -0.7872 -0.5602
vn -0.7718 0.3036 0.5586
vn -0.7730 0.3203 0.5476
vn -0.7824 0.3099 0.5402
vn -0.0121 -0.5610 -0.8277
vn -0.0175 -0.5761 -0.8172
vn -0.1475 -0.5237 -0.8390
vn -0.2574 -0.6981 -0.6681
vn -0.2408 -0.5451 -0.8030
vn -0.2108 -0.7010 -0.6813
vn 0.5368 -0.6621 -0.5230
vn 0.4285 -0.8016 -0.4170
vn 0.4074 -0.7435 -0.5304
vn 0.0125 -0.6392 -0.7689
vn 0.0498 -0.6046 -0.7949
vn 0.0422 -0.6373 -0.7694
vn 0.5786 -0.5313 -0.6188
vn 0.5808 -0.4948 -0.6464
vn 0.6631 -0.5481 -0.5097
vn -0.9385 0.0040 -0.3453
vn -0.9295 0.0237 -0.3680
vn -0.9269 -0.0144 -0.3751
vn -0.9736 0.0669 -0.2183
vn -0.9311 0.0061 -0.3648
vn -0.9470 -0.0561 -0.3164
vn -0.9409 -0.3163 -0.1210
vn -0.8306 0.3412 -0.4402
vn -0.8289 0.2595 -0.4956
vn -0.3616 -0.6977 -0.6185
vn -0.2120 -0.3404 -0.9161
vn -0.1818 -0.3942 -0.9008
vn -0.2737 -0.3502 -0.8958
vn -0.3712 -0.4396 -0.8179
vn -0.3845 -0.5149 -0.7662
vn -0.4247 -0.4473 -0.7871
vn -0.2262 -0.1516 -0.9622
vn -0.2922 -0.1504 -0.9445
vn -0.2694 -0.0765 -0.9600
vn -0.2231 -0.9070 -0.3573
vn -0.2340 -0.8267 -0.5116
vn -0.2000 -0.9157 -0.3485
vn 0.1530 -0.8640 -0.4797
vn -0.0146 -0.8796 -0.4755
vn 0.2024 -0.8064 -0.5557
vn -0.7413 0.5467 0.3894
vn -0.5678 0.7021 0.4297
vn -0.7373 0.6248 0.2570
vn 0.5438 -0.7415 0.3930
vn 0.6766 -0.7192 0.1580
vn 0.7325 -0.6326 0.2514
vn -0.9610 0.2658 -0.0770
vn -0.9510 0.2990 -0.0786
vn -0.9540 0.2803 -0.1064
vn -0.9522 -0.2163 0.2157
vn -0.9362 -0.1985 0.2900
vn -0.9578 -0.1541 0.2426
vn -0.6173 -0.6914 -0.3753
vn -0.6395 -0.6523 -0.4069
vn -0.5942 -0.6880 -0.4166
vn -0.9018 -0.4318 -0.0183
vn -0.2502 -0.9681 0.0147
vn -0.2033 -0.6512 0.7312
vn -0.1285 -0.2825 0.9506
vn -0.7985 -0.3964 0.4531
vn -0.1521 -0.8866 0.4369
vn 0.1968 -0.8712 -0.4498
vn 0.1755 -0.8738 -0.4534
vn 0.1864 -0.8570 -0.4804
vn -0.2986 -0.8525 -0.4290
vn -0.3148 -0.8581 -0.4057
vn -0.3225 -0.8413 -0.4338
vn -0.4350 0.7913 -0.4296
vn -0.5021 0.7514 -0.4281
vn -0.4533 0.7952 -0.4028
vn -0.6395 0.5823 -0.5021
vn -0.6242 0.5918 -0.5100
vn -0.6254 0.5759 -0.5266
vn -0.6682 0.4496 0.5928
vn -0.5389 0.5828 0.6082
vn -0.7553 0.4485 0.4778
vn -0.9069 0.2344 -0.3502
vn -0.9142 0.2194 -0.3406
vn -0.9129 0.2360 -0.3330
vn -0.9437 0.1814 0.2767
vn -0.9243 0.2113 0.3178
vn -0.9400 0.2195 0.2611
vn -0.5849 -0.7585 -0.2874
vn -0.6082 -0.7434 -0.2783
vn -0.5997 -0.7410 -0.3021
vn -0.6039 -0.7434 -0.2876
vn -0.5858 -0.7567 -0.2903
vn -0.5974 -0.7560 -0.2675
vn 0.9840 -0.1006 0.1468
vn 0.9841 -0.1299 0.1212
vn 0.9926 -0.0810 0.0904
vn 0.9640 -0.2653 -0.0199
vn 0.9352 -0.3540 0.0097
vn 0.9366 -0.3477 -0.0439
vn 0.7545 -0.5098 -0.4134
vn 0.7195 -0.5386 -0.4386
vn 0.7450 -0.4555 -0.4873
vn 0.1758 -0.6515 -0.7380
vn 0.2328 -0.6841 -0.6912
vn 0.2001 -0.7206 -0.6638
vn 0.0738 0.1323 -0.9885
vn 0.0191 0.1721 -0.9849
vn 0.1265 0.1782 -0.9758
vn -0.0572 0.8198 -0.5698
vn -0.0160 0.8591 -0.5115
vn 0.0242 0.8312 -0.5555
vn -0.2915 -0.8922 0.3448
vn -0.3718 -0.8545 0.3627
vn -0.3278 -0.8868 0.3259
vn -0.2521 -0.7381 -0.6258
vn -0.1881 -0.7861 -0.5888
vn -0.2303 -0.7811 -0.5804
vn -0.7095 -0.6846 0.1673
vn -0.6993 -0.6817 0.2153
vn -0.7300 -0.6522 0.2044
vn -0.0453 0.4215 -0.9057
vn -0.0538 0.4176 -0.9071
vn -0.0550 0.4295 -0.9014
vn 0.0425 0.5071 -0.8608
vn 0.0323 0.5158 -0.8561
vn 0.0490 0.5330 -0.8447
vn -0.1698 0.9343 -0.3134
vn -0.1554 0.9581 -0.2408
vn -0.1195 0.9430 -0.3106
vn 0.9712 0.0110 -0.2379
vn 0.9888 0.0065 -0.1490
vn 0.9775 -0.0250 -0.2095
vn 0.5196 0.8500 -0.0870
vn 0.5374 0.8161 -0.2127
vn 0.4873 0.8400 -0.2386
vn 0.8735 -0.4409 -0.2063
vn 0.8608 -0.4970 -0.1097
vn 0.8274 -0.4976 -0.2604
vn -0.0583 -0.9840 0.1685
vn -0.1492 -0.9710 0.1869
vn -0.1006 -0.9923 0.0727
vn 0.2700 -0.9409 0.2046
vn 0.2004 -0.9350 0.2925
vn 0.1625 -0.9654 0.2038
vn 0.4327 -0.8902 -0.1422
vn 0.3799 -0.9115 -0.1575
vn 0.4497 -0.8667 -0.2159
vn -0.9416 -0.1173 -0.3157
vn -0.9671 -0.1854 -0.1740
vn -0.9043 0.2692 -0.3312
vn 0.4500 0.6528 0.6094
vn 0.5002 0.7268 0.4706
vn 0.3882 0.7929 0.4697
vn 0.9921 0.0751 -0.1007
vn 0.9635 0.2047 -0.1727
vn 0.9862 0.1597 -0.0432
vn -0.0793 0.9641 -0.2533
vn -0.1071 0.9547 -0.2776
vn -0.1142 0.9585 -0.2613
vn -0.6699 -0.3209 -0.6695
vn -0.7131 -0.1550 -0.6837
vn -0.6531 -0.1283 -0.7464
vn -0.1926 -0.7856 -0.5880
vn -0.1988 -0.7685 -0.6082
vn -0.1584 -0.7648 -0.6244
vn -0.3686 -0.4343 -0.8219
vn -0.3090 -0.2849 -0.9074
vn -0.2172 -0.3715 -0.9027
vn -0.1535 -0.6063 -0.7803
vn -0.0825 -0.5904 -0.8029
vn -0.0997 -0.6220 -0.7766
vn 0.2063 -0.8636 -0.4600
vn 0.2262 -0.8854 -0.4060
vn 0.1696 -0.8812 -0.4413
vn -0.6737 0.3448 0.6536
vn -0.6799 0.2814 0.6772
vn -0.6396 0.3182 0.6998
vn 0.0558 0.7860 -0.6157
vn 0.0883 0.7975 -0.5968
vn 0.0761 0.7729 -0.6300
vn 0.2097 0.9758 -0.0615
vn 0.2349 0.9697 -0.0677
vn 0.2047 0.9738 -0.0995
vn 0.0906 0.7640 -0.6388
vn 0.0929 0.7909 -0.6048
vn 0.1653 0.7714 -0.6146
vn 0.0390 0.6359 -0.7708
vn 0.0638 0.5848 -0.8087
vn 0.0096 0.6238 -0.7815
vn 0.2225 -0.9746 0.0250
vn 0.2061 -0.9773 0.0495
vn 0.2058 -0.9783 0.0242
vn 0.2362 -0.9709 -0.0383
vn 0.2228 -0.9749 0.0044
vn 0.2025 -0.9793 0.0003
vn -0.1692 -0.8836 0.4367
vn -0.1912 -0.8887 0.4167
vn -0.1717 -0.9069 0.3847
vn -0.3068 -0.6672 0.6788
vn 0.2812 -0.6659 0.6910
vn 0.2488 -0.6558 0.7128
vn 0.1945 -0.0745 0.9781
vn 0.8793 0.2540 0.4030
vn 0.8520 0.2086 0.4801
vn 0.9044 0.1427 0.4022
vn 0.9732 -0.2275 0.0345
vn 0.9340 0.0080 0.3571
vn 0.9531 -0.2829 0.1075
vn 0.5368 0.7795 0.3228
vn 0.4035 0.7550 0.5169
vn 0.5818 0.7312 0.3562
vn 0.2961 0.7170 0.6310
vn 0.2179 0.7323 0.6452
vn 0.2709 0.6912 0.6700
vn 0.3195 0.5276 0.7871
vn 0.3853 0.3083 0.8698
vn 0.4434 0.3295 0.8336
vn -0.8193 -0.5333 -0.2104
vn -0.8357 -0.5092 -0.2056
vn -0.8238 -0.5172 -0.2321
vn -0.8605 0.1770 0.4777
vn -0.8592 0.1969 0.4722
vn -0.8716 0.1824 0.4550
vn -0.8253 0.1443 0.5459
vn -0.8396 0.1545 0.5209
vn -0.8342 0.1226 0.5377
vn -0.9884 -0.0224 0.1503
vn -0.9864 -0.0270 0.1621
vn -0.9874 -0.0117 0.1579
vn -0.8701 0.0473 0.4907
vn -0.8766 0.0618 0.4773
vn -0.8786 0.0453 0.4755
vn -0.9428 -0.0679 0.3264
vn -0.9429 -0.0505 0.3292
vn -0.9474 -0.0509 0.3160
vn -0.5327 0.4630 -0.7084
vn -0.5575 0.4560 -0.6937
vn -0.5473 0.4780 -0.6870
vn -0.9144 -0.4048 0.0028
vn -0.9097 -0.4153 -0.0007
vn -0.9091 -0.4161 0.0203
vn -0.9376 -0.1944 -0.2882
vn -0.9342 -0.1680 -0.3148
vn -0.9283 -0.1910 -0.3190
vn -0.7354 -0.5774 0.3547
vn -0.7699 -0.5474 0.3281
vn -0.7621 -0.5701 0.3070
vn -0.8643 -0.5029 0.0106
vn -0.8353 -0.5495 0.0187
vn -0.8607 -0.5075 0.0396
vn -0.7442 -0.6623 -0.0865
vn -0.7190 -0.6869 -0.1064
vn -0.7158 -0.6937 -0.0799
vn -0.0961 -0.5798 -0.8091
vn -0.1097 -0.5518 -0.8268
vn -0.0357 -0.5683 -0.8220
vn -0.3041 -0.8642 -0.4008
vn -0.2865 -0.8602 -0.4219
vn -0.2351 -0.8941 -0.3811
vn -0.8054 0.4053 0.4325
vn -0.7673 0.4047 0.4974
vn -0.7840 0.4300 0.4476
vn 0.4319 -0.7528 -0.4967
vn 0.3638 -0.6967 -0.6183
vn 0.4580 -0.6722 -0.5817
vn -0.9229 -0.2764 -0.2681
vn -0.9402 -0.2813 -0.1923
vn -0.9482 -0.1831 -0.2595
vn -0.7731 0.5246 -0.3567
vn -0.7718 0.5387 -0.3380
vn -0.7612 0.5462 -0.3496
vn -0.7056 0.1771 -0.6861
vn -0.7095 0.1953 -0.6771
vn -0.6964 0.1905 -0.6919
vn -0.8164 0.5453 -0.1901
vn -0.8270 0.5387 -0.1609
vn -0.8019 0.5734 -0.1679
vn -0.8092 -0.5796 0.0967
vn -0.7656 -0.6373 0.0876
vn -0.7902 -0.5947 0.1479
vn -0.6573 -0.0302 0.7530
vn -0.6471 -0.0637 0.7597
vn -0.6379 -0.0483 0.7686
vn -0.4699 0.8528 0.2280
vn -0.4375 0.8832 0.1691
vn -0.4718 0.8699 0.1436
vn -0.3464 -0.8903 0.2958
vn -0.3597 -0.8914 0.2759
vn -0.3395 -0.9019 0.2671
vn 0.9467 -0.0036 -0.3220
vn 0.9117 -0.0468 -0.4081
vn 0.9169 0.0337 -0.3978
vn -0.8080 0.4232 -0.4100
vn -0.7760 0.5355 -0.3332
vn -0.7171 0.5734 -0.3963
vn -0.7213 0.6464 -0.2489
vn -0.6878 0.6927 -0.2171
vn -0.6644 0.6880 -0.2919
vn -0.7478 0.0853 0.6584
vn -0.7379 0.0870 0.6692
vn -0.7491 0.1019 0.6546
vn -0.3186 -0.0268 -0.9475
vn -0.3288 -0.0851 -0.9406
vn -0.3516 -0.0597 -0.9342
vn -0.8511 -0.3519 0.3897
vn -0.7762 -0.2778 0.5660
vn -0.8668 -0.2849 0.4094
vn -0.9877 -0.0136 -0.1558
vn -0.9904 -0.0590 -0.1249
vn -0.9971 0.0006 -0.0767
vn -0.5483 -0.4850 -0.6813
vn 0.0700 -0.8459 -0.5287
vn 0.0391 -0.9841 0.1734
vn 0.3046 0.9262 -0.2223
vn 0.2584 0.9592 -0.1143
vn 0.3908 0.9065 -0.1601
vn -0.8370 -0.3263 -0.4392
vn -0.8305 -0.3394 -0.4416
vn -0.8403 -0.3353 -0.4259
vn -0.3883 -0.9128 0.1263
vn -0.3471 -0.9349 0.0739
vn -0.3632 -0.9227 0.1293
vn -0.1588 -0.8237 -0.5443
vn -0.2007 -0.8226 -0.5321
vn -0.1643 -0.7918 -0.5883
vn -0.6866 -0.0287 0.7265
vn -0.0301 -0.4079 0.9125
vn -0.0203 -0.3895 0.9208
vn -0.0346 0.3139 0.9488
vn -0.4650 0.8299 0.3083
vn -0.4414 0.8434 0.3064
vn -0.4414 0.8488 0.2912
vn 0.9445 0.1654 0.2839
vn 0.9533 0.0267 0.3007
vn 0.9569 0.2654 0.1176
vn 0.5782 -0.6244 -0.5252
vn 0.5531 -0.5231 -0.6484
vn 0.6203 -0.3641 -0.6948
vn 0.6120 0.6921 0.3826
vn 0.6392 0.6572 0.3994
vn 0.7103 0.6683 0.2208
vn -0.5759 0.5360 -0.6173
vn -0.5248 0.6520 -0.5472
vn -0.5264 0.5376 -0.6587
vn 0.4466 -0.5039 -0.7394
vn 0.4911 -0.4718 -0.7323
vn 0.4958 -0.5038 -0.7073
vn 0.0474 -0.8716 -0.4879
vn 0.0771 -0.8259 -0.5585
vn 0.1207 -0.8503 -0.5123
vn -0.5788 0.5473 0.6046
vn -0.5742 0.5605 0.5968
vn -0.5888 0.5471 0.5950
vn -0.9383 0.3279 0.1097
vn -0.9451 0.3101 0.1027
vn -0.9409 0.3107 0.1350
vn -0.7661 0.3547 -0.5360
vn -0.1543 0.1004 -0.9829
vn -0.1126 -0.6417 -0.7587
vn -0.9625 -0.1856 0.1977
vn -0.9437 -0.2347 0.2332
vn -0.9513 -0.1777 0.2519
vn -0.3915 0.4807 -0.7846
vn -0.4154 0.4654 -0.7816
vn -0.4149 0.4725 -0.7776
vn -0.3057 -0.8608 -0.4069
vn -0.2300 -0.8814 -0.4125
vn -0.2813 -0.9184 -0.2781
vn -0.7705 0.4452 -0.4562
vn -0.7576 0.4068 -0.5105
vn -0.7858 0.3968 -0.4744
vn -0.9453 -0.0565 -0.3214
vn -0.9076 -0.0209 -0.4193
vn -0.9158 -0.1148 -0.3849
vn -0.9756 -0.0463 -0.2144
vn -0.9694 -0.0481 -0.2407
vn -0.9703 -0.0809 -0.2281
vn 0.0848 0.7569 -0.6480
vn 0.0744 0.7686 -0.6354
vn 0.1214 0.7665 -0.6307
vn 0.4016 -0.3450 -0.8484
vn 0.5866 -0.3108 -0.7478
vn 0.4031 -0.3996 -0.8233
vn -0.6267 0.0587 0.7770
vn -0.0394 -0.3493 0.9362
vn -0.0214 -0.3126 0.9496
vn -0.0355 0.4045 0.9139
vn 0.3421 0.8413 0.4185
vn 0.3130 0.8225 0.4748
vn 0.3802 0.8226 0.4229
vn 0.4059 0.5257 0.7476
vn 0.4373 0.4197 0.7954
vn 0.4547 0.4790 0.7509
vn -0.0413 0.3318 0.9424
vn -0.0681 0.3811 0.9220
vn -0.0880 0.3227 0.9424
vn 0.2591 -0.7086 -0.6563
vn 0.3039 -0.7219 -0.6217
vn 0.2021 -0.7618 -0.6154
vn -0.9342 -0.2397 0.2643
vn -0.9269 -0.2629 0.2677
vn -0.9256 -0.2570 0.2779
vn -0.1430 0.9735 -0.1786
vn -0.7958 0.6030 0.0550
vn -0.1852 0.8014 0.5687
vn -0.6806 0.3564 0.6402
vn -0.6859 0.3835 0.6184
vn -0.7012 0.3652 0.6123
vn -0.8839 0.2616 0.3876
vn -0.8965 0.2287 0.3794
vn -0.8880 0.2310 0.3975
vn 0.3506 -0.5655 0.7465
vn 0.3592 -0.5702 0.7388
vn 0.3701 -0.5371 0.7580
vn -0.9861 -0.0805 -0.1451
vn -0.9895 -0.0695 -0.1269
vn -0.9879 -0.0616 -0.1426
vn -0.9166 0.1945 0.3494
vn -0.9100 0.1949 0.3658
vn -0.9099 0.2157 0.3542
vn -0.0260 -0.9958 0.0880
vn -0.2302 -0.9713 -0.0593
vn -0.1330 -0.9818 -0.1354
vn -0.7116 0.6548 0.2546
vn -0.5614 0.7280 0.3935
vn -0.6319 0.7586 0.1588
vn -0.8879 0.0568 -0.4566
vn -0.8784 0.0814 -0.4710
vn -0.8685 0.0663 -0.4912
vn -0.6585 0.0750 0.7488
vn -0.6234 0.0636 0.7793
vn -0.6289 0.0998 0.7710
vn -0.7387 -0.2140 0.6391
vn -0.7653 -0.1764 0.6191
vn -0.7617 -0.2081 0.6136
vn -0.2736 0.8653 -0.4199
vn -0.2948 0.8697 -0.3959
vn -0.2630 0.8808 -0.3936
vn -0.2231 0.4913 0.8419
vn -0.2216 0.5062 0.8334
vn -0.2461 0.4851 0.8392
vn -0.6698 -0.4197 0.6126
vn -0.6820 -0.3804 0.6246
vn -0.7053 -0.3887 0.5928
vn -0.7105 -0.6479 0.2747
vn -0.6785 -0.6572 0.3281
vn -0.7186 -0.6225 0.3100
vn -0.3680 0.4874 0.7918
vn -0.3872 0.4848 0.7843
vn -0.3797 0.4732 0.7949
vn -0.1033 0.5201 0.8479
vn -0.1051 0.5389 0.8358
vn -0.1348 0.5268 0.8393
vn 0.2631 -0.2798 -0.9233
vn 0.2494 -0.2611 -0.9325
vn 0.2621 -0.2415 -0.9343
vn -0.2504 0.9305 0.2673
vn -0.2338 0.9410 0.2448
vn -0.2465 0.9419 0.2282
vn -0.0437 0.9965 -0.0712
vn -0.0618 0.9939 -0.0908
vn -0.0750 0.9957 -0.0550
vn -0.0629 0.9945 -0.0834
vn -0.0624 0.9969 -0.0484
vn -0.0471 0.9950 -0.0884
vn -0.5701 0.5307 -0.6272
vn -0.5540 0.5698 -0.6070
vn -0.4798 0.5028 -0.7191
vn -0.6831 -0.7256 0.0831
vn -0.6985 -0.7076 0.1070
vn -0.6936 -0.7179 0.0587
vn -0.7465 -0.6654 -0.0073
vn -0.7802 -0.6255 0.0055
vn -0.7579 -0.6519 -0.0259
vn -0.6648 0.3947 -0.6343
vn -0.6611 0.4224 -0.6201
vn -0.6478 0.4097 -0.6423
vn -0.6352 0.7437 0.2084
vn -0.6156 0.7669 0.1812
vn -0.6472 0.7417 0.1762
vn -0.9432 -0.3320 0.0129
vn -0.9504 -0.3108 -0.0115
vn -0.9424 -0.3339 -0.0181
vn -0.1412 0.6325 -0.7616
vn -0.1345 0.6194 -0.7734
vn -0.1505 0.6287 -0.7630
vn -0.2383 -0.7289 -0.6418
vn -0.1979 -0.7157 -0.6698
vn -0.1571 -0.8564 -0.4918
vn -0.8086 0.5529 0.2010
vn -0.7996 0.5740 0.1764
vn -0.8187 0.5432 0.1864
vn -0.9633 0.2651 0.0431
vn -0.9605 0.2677 0.0758
vn -0.9561 0.2851 0.0677
vn 0.0496 0.7891 0.6123
vn 0.0642 0.7906 0.6089
vn 0.0528 0.7997 0.5980
vn 0.0561 0.7964 0.6021
vn 0.0705 0.7861 0.6141
vn 0.0781 0.7941 0.6028
vn 0.0126 0.6557 -0.7549
vn -0.0080 0.6751 -0.7377
vn 0.0254 0.6798 -0.7330
vn -0.6962 0.5463 0.4657
vn -0.0098 0.6784 0.7347
vn -0.0195 0.6942 0.7195
vn -0.0192 0.9994 0.0291
vn 0.0913 0.4498 -0.8885
vn 0.0753 0.4527 -0.8885
vn 0.0909 0.4603 -0.8831
vn -0.1835 0.1661 -0.9689
vn -0.2114 0.1308 -0.9686
vn -0.2205 0.1739 -0.9598
vn -0.5168 0.4712 -0.7148
vn -0.4792 0.5022 -0.7198
vn -0.4810 0.4676 -0.7416
vn -0.9685 0.1979 0.1510
vn -0.9612 0.2498 0.1171
vn -0.9757 0.1874 0.1138
vn -0.9887 0.0632 -0.1360
vn -0.9868 0.1034 -0.1247
vn -0.9790 0.0924 -0.1819
vn -0.9807 -0.0734 0.1812
vn -0.9714 -0.0881 0.2206
vn -0.9799 -0.0395 0.1957
vn -0.0958 -0.5815 -0.8079
vn -0.1068 -0.6007 -0.7923
vn -0.1156 -0.5833 -0.8040
vn 0.2958 0.9552 -0.0031
vn 0.4734 0.8792 -0.0538
vn 0.2573 0.9405 -0.2219
vn 0.2267 -0.3486 -0.9094
vn 0.5202 -0.3740 -0.7678
vn 0.3545 -0.4827 -0.8008
vn -0.4747 0.4702 -0.7440
vn -0.4829 0.4757 -0.7352
vn -0.4710 0.4780 -0.7414
vn 0.2769 -0.7029 -0.6552
vn 0.3319 -0.6736 -0.6604
vn 0.3610 -0.7265 -0.5847
vn -0.6685 -0.6952 -0.2642
vn -0.6867 -0.6826 -0.2502
vn -0.7003 -0.6586 -0.2753
vn -0.0713 -0.7411 -0.6676
vn -0.1076 -0.7425 -0.6612
vn -0.0812 -0.7126 -0.6969
vn -0.0817 -0.7565 -0.6488
vn -0.1107 -0.7339 -0.6702
vn -0.0683 -0.7413 -0.6677
vn -0.7921 0.6090 -0.0410
vn -0.7993 0.5995 -0.0428
vn -0.7917 0.6103 -0.0281
vn -0.2586 0.9505 0.1722
vn -0.2539 0.9455 0.2041
vn -0.2251 0.9527 0.2043
vn -0.7656 0.4484 0.4613
vn -0.7036 0.6143 0.3571
vn -0.7192 0.6519 0.2403
vn -0.0966 -0.6596 -0.7454
vn -0.0755 -0.6393 -0.7652
vn -0.0545 -0.6879 -0.7238
vn 0.2908 0.1467 -0.9455
vn 0.1964 0.0551 -0.9790
vn 0.1967 0.1619 -0.9670
vn -0.1933 0.5770 0.7935
vn -0.1823 0.5987 0.7799
vn -0.1977 0.5920 0.7813
vn -0.7316 -0.3847 -0.5629
vn -0.6965 -0.3726 -0.6133
vn -0.6749 -0.4174 -0.6085
vn -0.0109 -0.5894 -0.8078
vn 0.0154 -0.6010 -0.7991
vn -0.0259 -0.6299 -0.7763
vn -0.2473 -0.1601 -0.9556
vn -0.2539 -0.2136 -0.9433
vn -0.3063 -0.1701 -0.9366
vn 0.0817 0.3957 -0.9147
vn 0.1372 0.3504 -0.9265
vn 0.0901 0.3517 -0.9318
vn -0.0147 0.7584 -0.6516
vn -0.0246 0.7748 -0.6317
vn 0.0199 0.7861 -0.6177
vn 0.6173 0.6877 -0.3820
vn 0.5817 0.6816 -0.4438
vn 0.5596 0.7161 -0.4172
vn -0.1397 0.6854 -0.7146
vn -0.0993 0.6860 -0.7208
vn -0.1235 0.6487 -0.7510
vn -0.0432 0.9883 -0.1464
vn 0.0122 0.9884 -0.1516
vn 0.0113 0.9846 -0.1746
vn -0.1803 0.9274 -0.3279
vn -0.1677 0.9438 -0.2848
vn -0.1199 0.9373 -0.3274
vn -0.1934 0.8958 -0.4002
vn -0.2074 0.9166 -0.3417
vn -0.1585 0.9097 -0.3839
vn 0.0828 -0.8773 -0.4727
vn 0.0203 -0.9001 -0.4351
vn 0.0355 -0.8670 -0.4970
vn 0.3344 -0.3321 -0.8820
vn 0.3691 -0.1893 -0.9099
vn 0.3806 -0.3322 -0.8630
vn -0.2381 -0.3417 -0.9091
vn -0.2013 -0.3597 -0.9111
vn -0.2149 -0.3822 -0.8987
vn 0.6539 0.1589 0.7397
vn 0.7693 0.0678 0.6352
vn 0.6961 0.1896 0.6924
vn 0.8170 0.1998 -0.5410
vn 0.7430 0.2326 -0.6276
vn 0.8012 0.2865 -0.5254
vn 0.7799 0.2636 -0.5677
vn 0.7457 0.2323 -0.6245
vn 0.7529 0.3152 -0.5778
vn -0.9182 0.3940 0.0409
vn -0.9196 0.3778 0.1075
vn -0.9119 0.4044 0.0696
vn -0.4411 -0.1259 0.8886
vn -0.4571 -0.0838 0.8854
vn -0.4927 -0.1128 0.8628
vn -0.5307 -0.0517 -0.8460
vn -0.5267 -0.0165 -0.8499
vn -0.3642 0.0777 -0.9281
vn -0.0588 -0.5360 -0.8422
vn -0.0080 -0.3441 -0.9389
vn -0.0091 -0.5395 -0.8419
vn -0.4632 -0.2075 -0.8616
vn -0.5132 -0.2480 -0.8216
vn -0.5206 -0.1660 -0.8375
vn -0.0260 -0.6680 -0.7437
vn -0.0012 -0.6971 -0.7170
vn -0.0711 -0.6991 -0.7115
vn -0.8726 0.4543 -0.1794
vn -0.8759 0.4513 -0.1707
vn -0.8650 0.4739 -0.1648
vn -0.7700 -0.3084 0.5586
vn -0.7695 -0.3365 0.5428
vn -0.7568 -0.3255 0.5669
vn -0.6258 -0.3167 0.7128
vn -0.6368 -0.2818 0.7177
vn -0.6537 -0.2870 0.7002
vn -0.5444 0.7703 0.3321
vn -0.5369 0.7690 0.3470
vn -0.5262 0.7822 0.3336
vn -0.2936 0.3119 -0.9036
vn -0.2708 0.3061 -0.9126
vn -0.2917 0.2769 -0.9155
vn -0.0682 0.2478 -0.9664
vn -0.0948 0.2670 -0.9590
vn -0.0793 0.2828 -0.9559
vn -0.5133 -0.0539 -0.8565
vn -0.8092 -0.1123 -0.5767
vn -0.5084 -0.0105 -0.8611
vn -0.6099 0.7564 -0.2363
vn -0.8843 0.4538 -0.1096
vn -0.5108 0.8487 -0.1374
vn -0.3968 0.0917 -0.9133
vn -0.4640 0.0705 -0.8830
vn -0.5934 0.4128 -0.6910
vn -0.9691 -0.1906 0.1564
vn -0.9649 -0.1941 0.1767
vn -0.9686 -0.1812 0.1702
vn -0.6487 -0.0010 0.7610
vn -0.6247 -0.0102 0.7808
vn -0.6410 0.0263 0.7671
vn -0.7679 0.3972 -0.5025
vn -0.9699 0.1025 -0.2210
vn -0.9619 0.1983 -0.1882
vn -0.8077 -0.3825 -0.4487
vn -0.9665 -0.2508 -0.0538
vn -0.7660 0.3808 -0.5179
vn -0.7744 0.6272 0.0838
vn -0.4363 0.6294 -0.6431
vn -0.3113 -0.1693 -0.9351
vn 0.2319 -0.2621 -0.9367
vn -0.3196 0.6841 -0.6556
vn 0.3016 0.3451 -0.8888
vn -0.6065 -0.6440 -0.4662
vn -0.5880 -0.6484 -0.4836
vn -0.5888 -0.6603 -0.4661
vn 0.5609 0.6604 -0.4992
vn 0.5971 0.6598 -0.4563
vn 0.6129 0.6110 -0.5011
vn 0.0738 -0.6895 -0.7205
vn 0.0848 -0.7215 -0.6872
vn 0.0590 -0.7180 -0.6936
vn -0.1830 0.8157 0.5488
vn -0.1145 0.7715 0.6258
vn -0.0549 0.8167 0.5744
vn -0.9592 0.1586 -0.2339
vn -0.9512 0.1788 -0.2516
vn -0.9444 0.1502 -0.2925
vn -0.7501 0.6571 0.0749
vn -0.7140 0.6974 0.0621
vn -0.7524 0.6579 0.0323
vn -0.0242 0.7388 0.6735
vn -0.0232 0.7244 0.6890
vn -0.0020 0.7280 0.6855
vn -0.3737 0.6655 0.6461
vn -0.3731 0.6793 0.6319
vn -0.3916 0.6723 0.6282
vn -0.3105 0.8529 0.4198
vn -0.3483 0.8556 0.3829
vn -0.3861 0.8233 0.4161
vn -0.7542 -0.1236 -0.6448
vn -0.7820 -0.1428 -0.6067
vn -0.7664 -0.0981 -0.6348
vn -0.0394 -0.9808 0.1908
vn -0.0244 -0.9768 0.2129
vn -0.0451 -0.9769 0.2088
vn -0.9774 0.2065 0.0447
vn -0.9808 0.1939 -0.0208
vn -0.9932 0.0763 0.0884
vn -0.6967 -0.6801 0.2283
vn -0.8027 -0.5388 0.2556
vn -0.8291 -0.5439 0.1295
vn -0.0489 0.9850 0.1653
vn 0.0222 0.9761 0.2162
vn 0.0387 0.9992 -0.0114
vn -0.4004 0.6362 0.6595
vn -0.4215 0.6389 0.6435
vn -0.4255 0.6206 0.6587
vn -0.4695 0.6330 -0.6155
vn -0.5147 0.6405 -0.5699
vn -0.4652 0.6889 -0.5558
vn -0.6725 0.5504 -0.4947
vn -0.7900 0.4575 -0.4082
vn -0.7806 0.5145 -0.3550
vn -0.8220 -0.2732 0.4996
vn -0.8495 -0.2603 0.4589
vn -0.8508 -0.2792 0.4453
vn -0.1607 -0.5547 -0.8164
vn -0.1866 -0.5818 -0.7916
vn -0.1993 -0.5675 -0.7989
vn -0.3112 -0.1124 -0.9437
vn -0.3574 -0.1111 -0.9273
vn -0.3317 -0.0769 -0.9403
vn -0.5549 0.2586 -0.7907
vn -0.5581 0.2846 -0.7794
vn -0.5181 0.2805 -0.8080
vn -0.6499 0.6674 0.3636
vn -0.6276 0.6523 0.4250
vn -0.6224 0.6872 0.3746
vn -0.0847 0.9581 -0.2734
vn -0.0981 0.9620 -0.2547
vn -0.0768 0.9668 -0.2437
vn -0.6978 0.6091 0.3769
vn -0.6792 0.6186 0.3950
vn -0.6861 0.6307 0.3626
vn 0.5366 0.5723 0.6201
vn 0.5124 0.5632 0.6483
vn 0.5413 0.5302 0.6525
vn -0.2661 0.8777 0.3984
vn -0.2841 0.8767 0.3883
vn -0.2827 0.8606 0.4237
vn -0.7301 0.6734 -0.1160
vn -0.7294 0.6695 -0.1408
vn -0.7513 0.6477 -0.1264
vn -0.1338 0.7591 -0.6371
vn -0.8395 0.4980 0.2173
vn -0.1658 0.9856 0.0334
vn -0.6029 0.5552 0.5730
vn -0.1612 0.9861 0.0397
vn -0.1118 0.6703 -0.7337
vn 0.0500 0.9462 0.3196
vn 0.0202 0.9481 0.3172
vn 0.0246 0.9437 0.3300
vn -0.6914 0.4174 0.5897
vn -0.7578 0.4499 0.4725
vn -0.7122 0.3514 0.6077
vn 0.7923 0.5977 0.1225
vn 0.7792 0.5556 0.2901
vn 0.8345 0.4877 0.2565
vn -0.7928 0.2488 -0.5564
vn -0.7786 0.2254 -0.5856
vn -0.8023 0.1632 -0.5742
vn -0.9025 0.1743 -0.3940
vn -0.8927 0.1236 -0.4335
vn -0.9270 0.1303 -0.3518
vn -0.9991 -0.0184 -0.0370
vn -0.9984 0.0311 -0.0463
vn -0.9960 -0.0114 -0.0884
vn -0.9103 -0.2854 0.2999
vn -0.9361 -0.2307 0.2656
vn -0.9150 -0.3003 0.2696
vn 0.1354 0.4951 -0.8583
vn 0.0723 0.3846 -0.9202
vn 0.0790 0.5189 -0.8512
vn 0.9583 0.2790 -0.0621
vn 0.9001 0.4274 -0.0843
vn 0.9302 0.3664 0.0221
vn 0.1828 -0.8622 -0.4725
vn 0.1319 -0.8084 -0.5736
vn 0.2844 -0.8261 -0.4866
vn -0.8090 0.5696 -0.1453
vn -0.8226 0.5412 -0.1744
vn -0.8276 0.5422 -0.1456
vn 0.9433 -0.3175 -0.0965
vn 0.8938 -0.4026 -0.1975
vn 0.9192 0.0072 -0.3937
vn -0.8154 0.3370 0.4707
vn -0.8381 0.2910 0.4614
vn -0.8138 0.3225 0.4835
vn -0.3222 0.4379 0.8393
vn -0.2966 0.4464 0.8442
vn -0.3141 0.4528 0.8344
vn -0.1054 0.8241 0.5565
vn -0.1106 0.8447 0.5236
vn -0.1231 0.8347 0.5368
vn -0.2208 0.8088 0.5450
vn -0.1984 0.8266 0.5267
vn -0.2170 0.8302 0.5135
vn -0.6895 -0.3880 -0.6116
vn -0.0534 -0.1125 -0.9922
vn -0.0618 -0.1316 -0.9894
vn -0.0403 -0.7965 -0.6033
vn -0.6600 0.1205 0.7415
vn -0.6489 0.0907 0.7554
vn -0.6410 0.1110 0.7595
vn -0.5797 -0.2517 0.7749
vn -0.6064 -0.2708 0.7476
vn -0.5544 -0.3029 0.7752
vn -0.5177 0.7548 0.4028
vn -0.5384 0.7449 0.3941
vn -0.5327 0.7448 0.4019
vn -0.5492 0.6073 0.5741
vn -0.5556 0.6147 0.5599
vn -0.5672 0.6015 0.5625
vn -0.8117 0.1271 0.5700
vn -0.8226 0.1118 0.5575
vn -0.8018 0.1029 0.5887
vn -0.2354 0.8314 0.5033
vn -0.2654 0.8275 0.4947
vn -0.2622 0.8162 0.5148
vn -0.9781 0.0892 0.1878
vn -0.9683 0.0556 0.2434
vn -0.9700 0.1106 0.2167
vn 0.1563 -0.5769 0.8017
vn 0.1865 -0.6156 0.7656
vn 0.2020 -0.6045 0.7705
vn -0.0428 -0.8644 -0.5010
vn -0.0597 -0.8376 -0.5430
vn -0.0246 -0.8431 -0.5371
vn -0.3183 -0.8673 0.3828
vn -0.3443 -0.8673 0.3596
vn -0.3315 -0.8768 0.3483
vn -0.8466 -0.3389 -0.4104
vn -0.8436 -0.3521 -0.4055
vn -0.8528 -0.3409 -0.3956
vn -0.9071 -0.4019 -0.1252
vn -0.9078 -0.3921 -0.1490
vn -0.8940 -0.4263 -0.1381
vn -0.9123 -0.3542 -0.2054
vn -0.9031 -0.3627 -0.2299
vn -0.9086 -0.3665 -0.2003
vn -0.6290 0.7651 0.1376
vn -0.6021 0.7801 0.1700
vn -0.5760 0.8060 0.1363
vn -0.9008 0.3675 -0.2312
vn -0.8979 0.4399 0.0175
vn -0.8372 0.4853 -0.2521
vn -0.1256 -0.9092 0.3970
vn -0.0972 -0.9070 0.4098
vn -0.1675 -0.8912 0.4216
vn -0.2299 -0.9151 -0.3312
vn -0.2541 -0.9154 -0.3121
vn -0.3004 -0.8960 -0.3269
vn -0.6654 0.4795 0.5721
vn -0.6419 0.4713 0.6048
vn -0.6465 0.5007 0.5756
vn -0.8395 0.0829 0.5370
vn -0.8619 0.0920 0.4986
vn -0.8575 0.0668 0.5101
vn -0.9937 -0.1087 0.0276
vn -0.9690 -0.1926 -0.1546
vn -0.9801 -0.1837 0.0750
vn -0.7226 -0.1688 -0.6703
vn -0.7475 -0.1611 -0.6444
vn -0.7208 -0.1380 -0.6793
vn -0.7741 0.0013 -0.6331
vn -0.7908 -0.0362 -0.6111
vn -0.7995 0.0102 -0.6006
vn -0.3329 0.4633 0.8213
vn -0.3265 0.4843 0.8117
vn -0.3488 0.4782 0.8060
vn -0.0973 -0.9283 -0.3588
vn -0.0754 -0.9747 -0.2105
vn -0.1973 -0.9446 -0.2625
vn -0.9760 -0.2028 -0.0797
vn -0.9561 -0.2867 -0.0603
vn -0.9671 -0.2438 0.0732
vn -0.7734 -0.2284 -0.5913
vn -0.7675 -0.1583 -0.6212
vn -0.7369 -0.2483 -0.6288
vn -0.9208 -0.3098 -0.2369
vn -0.9516 -0.2355 -0.1974
vn -0.9250 -0.2627 -0.2746
vn -0.6654 0.2523 0.7026
vn -0.6887 0.2588 0.6773
vn -0.6802 0.2252 0.6975
vn -0.0862 -0.8962 -0.4352
vn -0.9340 -0.0134 -0.3570
vn -0.2596 0.1510 -0.9538
vn -0.4009 -0.3462 0.8482
vn -0.3829 -0.3310 0.8625
vn -0.4171 -0.3157 0.8522
vn -0.5314 0.8246 -0.1943
vn -0.5873 0.8043 -0.0905
vn -0.4878 0.8537 -0.1824
vn -0.2995 -0.1600 0.9406
vn -0.3044 -0.0967 0.9476
vn -0.3285 -0.1142 0.9376
vn -0.3700 0.5114 -0.7756
vn -0.4938 0.1099 -0.8626
vn -0.6282 0.7778 0.0193
vn -0.1446 0.8745 0.4629
vn -0.1519 0.8892 0.4315
vn -0.1733 0.8724 0.4570
vn -0.2163 0.8738 0.4355
vn -0.2116 0.8588 0.4665
vn -0.1981 0.8738 0.4441
vn -0.6685 0.6228 0.4066
vn -0.6331 0.6492 0.4215
vn -0.6444 0.6731 0.3629
vn -0.5321 0.6790 0.5058
vn -0.5306 0.6580 0.5342
vn -0.4834 0.6841 0.5462
vn -0.5328 0.6706 0.5162
vn -0.5272 0.6643 0.5298
vn -0.4909 0.7020 0.5159
vn -0.2794 0.8421 -0.4614
vn -0.2752 0.8571 -0.4355
vn -0.2492 0.8539 -0.4570
vn -0.1378 0.9723 -0.1888
vn -0.1766 0.9672 -0.1824
vn -0.1606 0.9721 -0.1708
vn -0.2761 0.6263 0.7291
vn -0.2974 0.6175 0.7282
vn -0.2778 0.6106 0.7417
vn -0.4856 0.8454 0.2226
vn -0.5038 0.8518 0.1438
vn -0.5369 0.8267 0.1682
vn -0.5252 0.6598 0.5374
vn -0.5048 0.6214 0.5992
vn -0.4652 0.6725 0.5756
vn -0.5571 0.7528 0.3508
vn -0.4844 0.8058 0.3407
vn -0.5325 0.7860 0.3139
vn -0.1388 0.9445 -0.2977
vn -0.4126 0.0637 0.9087
vn -0.2099 0.8113 0.5456
vn -0.7651 0.2663 0.5862
vn -0.7694 0.2524 0.5868
vn -0.7586 0.2596 0.5976
vn -0.8553 0.1120 0.5058
vn -0.8611 0.1033 0.4978
vn -0.8553 0.0957 0.5093
vn -0.8955 -0.0701 0.4395
vn -0.8884 -0.0970 0.4488
vn -0.8748 -0.0677 0.4797
vn -0.9883 0.1420 -0.0552
vn -0.9849 0.1497 -0.0866
vn -0.9875 0.1312 -0.0872
vn -0.9441 -0.1221 0.3061
vn -0.9470 -0.0926 0.3076
vn -0.9585 -0.0925 0.2698
vn 0.9003 -0.2852 -0.3288
vn 0.8957 -0.2350 -0.3776
vn 0.9344 -0.1990 -0.2953
vn 0.9889 -0.0393 -0.1434
vn 0.9900 -0.0956 -0.1037
vn 0.9806 -0.1065 -0.1645
vn 0.8642 0.4545 -0.2157
vn 0.8958 0.4010 -0.1916
vn 0.8688 0.4155 -0.2692
vn -0.8025 -0.1921 0.5649
vn -0.9035 -0.1072 0.4150
vn -0.9082 -0.1936 0.3709
vn -0.3585 0.9189 -0.1647
vn -0.3175 0.9448 -0.0802
vn -0.1591 0.9693 -0.1875
vn -0.2326 0.9138 0.3331
vn -0.2167 0.9135 0.3442
vn -0.2137 0.9187 0.3321
vn -0.3443 -0.9179 0.1974
vn 0.3098 -0.8500 0.4261
vn 0.2123 -0.4643 0.8598
vn -0.7535 0.4080 0.5155
vn -0.0710 0.8112 0.5804
vn -0.0623 0.9835 -0.1698
vn -0.9799 0.0271 -0.1976
vn -0.9776 -0.0053 -0.2106
vn -0.9830 -0.0090 -0.1833
vn -0.8621 -0.4928 -0.1178
vn -0.8748 -0.4624 -0.1445
vn -0.8606 -0.4771 -0.1782
vn -0.3306 -0.4692 -0.8189
vn -0.3170 -0.5033 -0.8039
vn -0.3561 -0.4735 -0.8056
vn -0.1098 0.9838 -0.1414
vn -0.7059 0.1378 0.6948
vn -0.1477 0.7492 0.6456
vn -0.7645 -0.5223 -0.3778
vn -0.7728 -0.4590 -0.4383
vn -0.7453 -0.4757 -0.4671
vn -0.2530 0.8158 0.5201
vn -0.2933 0.7040 0.6468
vn -0.2015 0.7739 0.6004
vn -0.4354 0.5896 0.6803
vn -0.4189 0.5790 0.6995
vn -0.4205 0.6063 0.6750
vn -0.4537 0.6295 0.6308
vn -0.4574 0.6197 0.6378
vn -0.4355 0.6346 0.6384
vn -0.6943 0.4240 0.5814
vn -0.7336 0.4002 0.5493
vn -0.7062 0.3827 0.5957
vn -0.2690 0.7409 0.6154
vn -0.2973 0.7495 0.5915
vn -0.3034 0.7013 0.6450
vn -0.7201 0.6534 -0.2333
vn -0.8134 0.4659 -0.3484
vn -0.8442 0.4569 -0.2803
vn -0.9545 0.2853 0.0869
vn -0.9747 0.1970 0.1056
vn -0.9152 0.2631 0.3053
vn -0.2477 0.5254 0.8140
vn -0.2744 0.5305 0.8021
vn -0.2710 0.5103 0.8162
vn -0.2152 0.6340 0.7428
vn -0.2166 0.6060 0.7654
vn -0.1947 0.6213 0.7590
vn -0.6792 -0.1961 -0.7073
vn -0.0675 -0.6607 -0.7476
vn -0.0789 -0.6889 -0.7205
vn -0.0514 -0.9986 -0.0113
vn -0.7755 0.1854 0.6035
vn -0.7818 0.1915 0.5933
vn -0.7837 0.1683 0.5979
vn -0.5507 0.2720 0.7892
vn -0.5636 0.2477 0.7880
vn -0.5493 0.2490 0.7976
vn -0.0531 0.8192 0.5711
vn -0.0455 0.8130 0.5805
vn -0.0319 0.8230 0.5672
vn -0.1753 0.6311 0.7556
vn -0.1808 0.6154 0.7672
vn -0.1617 0.6200 0.7678
vn -0.0043 0.2996 0.9541
vn 0.0219 0.2739 0.9615
vn 0.0468 0.3258 0.9443
vn -0.1825 0.7150 0.6749
vn -0.1808 0.7051 0.6856
vn -0.1668 0.7182 0.6755
vn -0.7812 0.6238 0.0245
vn -0.8120 0.5831 0.0227
vn -0.7947 0.6044 0.0558
vn -0.7236 0.0191 0.6900
vn -0.7538 0.2382 0.6125
vn -0.7526 -0.0044 0.6585
vn -0.7370 -0.2367 0.6331
vn -0.7598 -0.2365 0.6056
vn -0.7473 -0.2525 0.6147
vn -0.4006 0.6770 0.6174
vn -0.4049 0.6854 0.6052
vn -0.4190 0.6670 0.6161
vn -0.3545 0.9327 -0.0658
vn -0.3012 0.9474 -0.1082
vn -0.3670 0.9246 -0.1022
vn -0.2787 0.8604 -0.4267
vn -0.2840 0.8351 -0.4710
vn -0.3346 0.8279 -0.4502
vn 0.6908 -0.7151 -0.1073
vn 0.7480 -0.6609 -0.0615
vn 0.6960 -0.7160 -0.0540
vn -0.1589 -0.1516 -0.9756
vn -0.2557 -0.0043 -0.9668
vn -0.1825 0.1749 -0.9675
vn -0.9354 -0.1541 -0.3182
vn -0.9184 0.1627 -0.3605
vn -0.8972 0.0380 -0.4400
vn -0.9572 0.2566 0.1340
vn -0.9625 0.2345 0.1366
vn -0.9566 0.2384 0.1677
vn -0.3997 0.8460 0.3529
vn -0.4442 0.8250 0.3495
vn -0.4073 0.8273 0.3870
vn -0.1863 -0.6450 -0.7411
vn -0.1286 -0.9916 0.0155
vn -0.6011 -0.7991 -0.0123
vn -0.2048 -0.6110 -0.7646
vn 0.0984 -0.9947 0.0295
vn 0.0640 -0.7363 0.6736
vn -0.2204 -0.7429 0.6321
vn 0.0824 -0.9965 0.0156
vn 0.0746 -0.9580 0.2769
vn 0.1083 -0.9506 0.2909
vn 0.0631 -0.5951 0.8012
vn -0.5919 -0.7774 0.2129
vn 0.0733 -0.7627 0.6425
vn 0.0824 -0.7503 0.6559
vn 0.0479 -0.1173 0.9919
vn -0.6037 -0.6306 0.4878
vn 0.1836 -0.9674 0.1744
vn 0.1315 -0.6237 0.7705
vn -0.4861 -0.8739 0.0094
vn 0.0483 0.9131 -0.4048
vn 0.0283 0.4018 -0.9153
vn -0.5774 0.8154 0.0424
vn -0.0289 0.1769 -0.9838
vn -0.0297 -0.5748 -0.8177
vn -0.4570 0.5839 -0.6710
vn 0.2723 0.4340 -0.8588
vn 0.2133 -0.1870 -0.9589
vn -0.3433 0.3506 -0.8713
vn 0.2810 0.4630 -0.8407
vn -0.0190 0.9936 -0.1110
vn -0.0173 0.9894 -0.1444
vn -0.0215 0.6666 -0.7451
vn -0.6830 0.6930 -0.2308
vn 0.1249 -0.0555 0.9906
vn 0.0776 0.6358 0.7679
vn -0.5370 -0.1475 0.8306
vn -0.2359 0.4987 -0.8340
vn -0.1442 -0.3582 -0.9225
vn -0.7499 -0.1156 -0.6514
vn -0.2330 0.5244 -0.8190
vn -0.1336 0.8272 0.5459
vn -0.1167 0.8348 0.5381
vn -0.0840 0.9549 -0.2846
vn -0.2021 0.9420 -0.2680
vn -0.0221 0.9281 0.3717
vn -0.0128 0.9310 0.3648
vn -0.0158 0.9214 -0.3884
vn -0.3429 0.8785 -0.3326
vn -0.1757 0.8066 0.5644
vn -0.1854 0.8106 0.5555
vn -0.1220 0.9552 -0.2696
vn -0.6767 0.2334 0.6982
vn -0.1743 0.1625 0.9712
vn -0.1879 0.1747 0.9665
vn -0.1346 0.8304 0.5407
vn -0.6804 -0.3491 0.6443
vn -0.0503 0.0161 0.9986
vn -0.0412 0.7187 0.6941
vn -0.7252 -0.0134 0.6884
vn -0.0251 -0.0174 0.9995
vn -0.1307 0.9754 -0.1772
vn -0.1232 0.9746 -0.1869
vn -0.0892 0.5509 -0.8298
vn -0.6099 0.4845 -0.6271
vn -0.2265 0.5123 -0.8284
vn -0.1433 -0.3458 -0.9273
vn -0.8099 0.5631 -0.1642
vn -0.1551 0.6968 0.7003
vn -0.1457 0.7125 0.6864
vn -0.1049 0.9921 -0.0695
vn -0.8300 0.2858 0.4789
vn -0.1396 0.9560 0.2582
vn -0.0944 0.8353 -0.5416
vn -0.8047 0.5697 0.1670
vn -0.1363 0.9516 0.2756
vn -0.1594 0.9587 0.2355
vn -0.1203 0.8379 -0.5325
vn -0.6340 0.4116 0.6547
vn -0.1600 -0.8652 -0.4753
vn -0.1123 -0.9406 0.3205
vn -0.8144 -0.3987 -0.4217
vn -0.1447 -0.8410 -0.5214
vn -0.2099 -0.8950 -0.3935
vn -0.1667 -0.9007 0.4013
vn -0.7791 -0.2575 -0.5716
vn 0.0104 0.5282 0.8491
vn -0.0057 0.9455 0.3256
vn -0.4081 -0.2232 0.8852
vn -0.1116 0.7194 0.6856
vn -0.0841 0.9940 -0.0706
vn -0.8010 0.4852 0.3506
vn -0.1160 0.7065 0.6982
vn 0.4451 0.8075 -0.3870
vn 0.3446 0.3974 -0.8505
vn 0.4248 0.8143 -0.3956
vn 0.4207 0.8215 -0.3850
vn 0.0232 0.9111 -0.4115
vn -0.0057 0.4176 -0.9086
vn -0.3090 0.6529 0.6916
vn -0.2870 0.6248 0.7262
vn -0.1803 0.9797 -0.0873
vn -0.6708 -0.2127 0.7105
vn -0.0954 0.6442 0.7589
vn -0.0729 0.9969 0.0299
vn -0.7235 0.1248 0.6790
vn -0.1124 0.6145 0.7809
vn -0.1059 0.6260 0.7726
vn -0.0830 0.9939 0.0725
vn -0.7492 0.6052 0.2690
vn -0.2676 0.4468 -0.8537
vn -0.2092 -0.2632 -0.9418
vn -0.6995 -0.2632 -0.6644
vn -0.2853 0.5356 -0.7949
vn -0.1127 0.8748 -0.4712
vn -0.0892 0.2586 -0.9619
vn -0.7924 0.6026 -0.0947
vn -0.1092 0.7922 -0.6005
vn -0.1154 0.7719 -0.6252
vn -0.0804 0.1169 -0.9899
vn -0.7968 0.4265 -0.4279
vn 0.2289 -0.9646 -0.1310
vn 0.1880 -0.9787 -0.0821
vn 0.1487 -0.8683 0.4733
vn -0.3995 -0.9167 0.0111
vn -0.1639 0.8087 0.5649
vn -0.1550 0.8169 0.5556
vn -0.1172 0.9709 -0.2088
vn -0.5539 0.8138 -0.1759
vn 0.1702 -0.9632 0.2081
vn 0.1717 -0.9597 0.2226
vn 0.1240 -0.5942 0.7947
vn -0.3301 -0.7032 0.6297
vn 0.0891 -0.5878 0.8041
vn 0.0537 -0.0205 0.9983
vn -0.5688 -0.2835 0.7721
vn 0.0791 -0.6357 0.7679
vn -0.0708 0.2922 -0.9537
vn -0.0762 0.2729 -0.9590
vn -0.0527 -0.4963 -0.8665
vn -0.7575 0.1986 -0.6218
vn -0.2881 -0.0429 -0.9566
vn -0.2662 -0.0824 -0.9604
vn -0.1668 -0.8314 -0.5301
vn -0.8909 -0.2723 -0.3635
vn 0.1024 -0.9314 -0.3494
vn 0.0525 -0.9416 -0.3326
vn 0.0439 -0.9164 0.3978
vn -0.6198 -0.7654 -0.1730
vn 0.0147 -0.7630 -0.6463
vn 0.0498 -0.7915 -0.6092
vn 0.0086 -0.9980 0.0621
vn -0.5622 -0.8153 -0.1390
vn 0.2035 0.9592 0.1965
vn 0.1781 0.9674 0.1801
vn 0.1345 0.8664 -0.4809
vn -0.4181 0.7518 0.5098
vn -0.0917 0.8205 0.5642
vn -0.0705 0.9747 -0.2119
vn -0.6197 0.2454 0.7455
vn -0.1317 -0.5944 0.7933
vn -0.0996 0.1362 0.9857
vn -0.6083 0.0072 0.7937
vn -0.1304 -0.6173 0.7759
vn -0.2553 0.5897 -0.7662
vn -0.1649 -0.2395 -0.9568
vn -0.8889 0.0659 -0.4534
vn 0.4802 -0.1681 0.8609
vn 0.3572 0.3574 0.8629
vn 0.1640 0.3182 0.9337
vn 0.4476 -0.1840 0.8751
vn 0.2741 -0.7435 0.6099
vn -0.2573 -0.6077 0.7513
vn 0.2731 -0.7769 0.5673
vn 0.0309 -0.9711 -0.2368
vn 0.0168 -0.9033 0.4286
vn -0.6297 -0.6641 -0.4029
vn -0.1068 0.9269 0.3598
vn -0.1179 0.9303 0.3475
vn -0.0786 0.8847 -0.4596
vn -0.7787 0.6239 0.0659
vn -0.2610 0.5903 0.7638
vn -0.1719 0.9849 0.0217
vn -0.8084 0.5842 0.0715
vn -0.2625 0.5568 0.7881
vn -0.2839 0.6547 0.7006
vn -0.1872 0.9802 -0.0646
vn -0.9187 0.1545 0.3636
vn -0.2615 0.6441 0.7188
vn -0.2400 -0.1470 -0.9596
vn -0.2391 -0.1625 -0.9573
vn -0.1490 -0.8767 -0.4574
vn -0.7202 -0.5761 -0.3865
vn -0.2553 -0.3840 -0.8873
vn -0.1701 -0.9475 -0.2706
vn -0.5269 -0.8180 -0.2308
vn -0.2690 -0.3423 -0.9003
vn 0.1747 -0.5573 -0.8117
vn 0.1021 -0.9915 -0.0809
vn -0.4451 -0.6913 -0.5692
vn -0.2854 0.6281 0.7239
vn -0.2707 0.6422 0.7171
vn -0.1781 0.9806 -0.0822
vn -0.7328 0.6784 -0.0521
vn -0.2592 0.5597 0.7871
vn -0.1699 0.9854 0.0079
vn -0.9219 0.1377 0.3623
vn -0.0978 -0.3087 -0.9461
vn -0.0698 -0.9298 -0.3613
vn -0.7361 -0.3476 -0.5808
vn 0.0204 0.8549 0.5184
vn 0.0031 0.9806 -0.1959
vn -0.4678 0.8817 -0.0611
vn 0.0089 0.8324 0.5540
vn 0.0762 0.9971 0.0060
vn 0.0761 0.9968 -0.0225
vn 0.0546 0.7213 -0.6905
vn -0.3680 0.8287 -0.4218
vn 0.0071 0.9976 -0.0688
vn 0.0086 0.6688 -0.7434
vn -0.3868 0.7719 0.5046
vn 0.0148 0.9977 -0.0666
vn -0.0133 0.7326 0.6806
vn -0.0224 0.9997 0.0058
vn -0.2607 -0.0273 0.9650
vn -0.3634 0.6503 0.6671
vn -0.3641 0.6611 0.6560
vn -0.2156 0.9572 -0.1932
vn -0.8085 0.5782 -0.1098
vn -0.2104 0.8095 0.5481
vn -0.1343 0.9331 -0.3336
vn -0.8577 0.2380 0.4558
vn 0.1095 -0.7887 -0.6050
vn 0.0846 -0.9947 0.0592
vn -0.5017 -0.6831 -0.5307
vn 0.1387 -0.7695 -0.6234
vn -0.0890 0.9906 0.1038
vn -0.0655 0.7542 -0.6534
vn -0.2572 0.6694 0.6969
vn -0.3491 0.0172 0.9369
vn -0.3307 0.0495 0.9425
vn -0.3633 0.0398 0.9308
vn -0.5331 0.0465 0.8448
vn -0.4957 0.0699 0.8657
vn -0.5346 0.0698 0.8422
vn -0.6499 0.4963 0.5756
vn -0.6413 0.4716 0.6052
vn -0.6177 0.5231 0.5872
vn -0.6392 0.5069 0.5783
vn -0.3183 0.0073 0.9480
vn -0.3463 0.0256 0.9378
vn -0.3501 0.0204 0.9365
vn -0.3469 -0.0066 0.9379
vn -0.0111 -0.0724 -0.9973
vn -0.0336 -0.0390 -0.9987
vn 0.0121 -0.0377 -0.9992
vn -0.9903 0.0680 -0.1212
vn -0.9922 0.0789 -0.0967
vn -0.9892 0.1002 -0.1074
vn -0.9874 0.0908 -0.1293
vn -0.8281 0.1930 -0.5263
vn -0.8409 0.2021 -0.5021
vn -0.8366 0.2237 -0.5000
vn -0.8240 0.2230 -0.5209
vn -0.0838 0.2127 0.9735
vn -0.0935 0.2353 0.9674
vn -0.0766 0.8212 0.5654
vn -0.7357 0.1172 0.6671
vn -0.0545 -0.0830 -0.9951
vn -0.0497 -0.0564 -0.9972
vn -0.0260 -0.0592 -0.9979
vn -0.0181 -0.0891 -0.9959
vn -0.2711 0.0797 0.9592
vn -0.2748 0.1060 0.9556
vn -0.3001 0.0999 0.9486
vn -0.1960 0.0842 0.9770
vn -0.1767 0.1026 0.9789
vn -0.1863 0.1150 0.9757
vn -0.2073 0.1143 0.9716
vn -0.9327 0.3470 0.0984
vn -0.9179 0.3879 0.0835
vn -0.9254 0.3765 0.0428
vn -0.9718 0.2033 -0.1197
vn -0.9633 0.2438 -0.1121
vn -0.9567 0.2438 -0.1593
vn -0.9891 0.1223 0.0815
vn -0.9841 0.1318 0.1188
vn -0.9804 0.1564 0.1199
vn -0.9834 0.1624 0.0810
vn -0.2529 -0.0188 0.9673
vn -0.2553 0.0148 0.9667
vn -0.2590 0.0199 0.9657
vn -0.2853 0.0012 0.9584
vn 0.3481 0.0215 0.9372
vn 0.3584 0.0447 0.9325
vn 0.3379 0.0457 0.9401
vn 0.5320 0.0538 0.8450
vn 0.5391 0.0858 0.8379
vn 0.5110 0.0690 0.8568
vn 0.6419 0.5060 0.5762
vn 0.6188 0.5339 0.5762
vn 0.6128 0.5235 0.5919
vn 0.6338 0.4799 0.6066
vn 0.3172 0.0080 0.9483
vn 0.3482 0.0003 0.9374
vn 0.3380 0.0324 0.9406
vn 0.3255 0.0295 0.9451
vn 0.0061 -0.0713 -0.9974
vn -0.0155 -0.0305 -0.9994
vn 0.0367 -0.0399 -0.9985
vn 0.9889 0.0825 -0.1236
vn 0.9858 0.1059 -0.1301
vn 0.9874 0.1143 -0.1096
vn 0.9911 0.0928 -0.0949
vn 0.8272 0.2025 -0.5242
vn 0.8200 0.2331 -0.5227
vn 0.8331 0.2292 -0.5034
vn 0.8390 0.2117 -0.5013
vn 0.0745 0.2185 0.9730
vn 0.0733 -0.4760 0.8764
vn 0.7919 0.1630 0.5885
vn 0.0776 0.2500 0.9651
vn 0.0563 -0.0844 -0.9948
vn 0.0191 -0.0841 -0.9963
vn 0.0329 -0.0567 -0.9979
vn 0.0530 -0.0680 -0.9963
vn 0.2716 0.0813 0.9590
vn 0.2958 0.1082 0.9491
vn 0.2639 0.1110 0.9582
vn 0.1962 0.0876 0.9767
vn 0.1963 0.1156 0.9737
vn 0.1792 0.1175 0.9768
vn 0.1743 0.1024 0.9794
vn 0.9290 0.3569 0.0976
vn 0.9193 0.3910 0.0452
vn 0.9106 0.4010 0.1004
vn 0.9683 0.2140 -0.1286
vn 0.9556 0.2561 -0.1459
vn 0.9611 0.2587 -0.0967
vn 0.9858 0.1494 0.0764
vn 0.9808 0.1696 0.0964
vn 0.9789 0.1653 0.1201
vn 0.9827 0.1423 0.1183
vn 0.2553 -0.0175 0.9667
vn 0.2842 0.0023 0.9588
vn 0.2467 0.0126 0.9690
vn 0.2465 0.0099 0.9691
vn -0.0177 -0.9996 -0.0237
vn 0.0219 -0.9996 -0.0189
vn 0.0005 -0.9998 0.0177
vn -0.0072 -1.0000 0.0034
vn 0.0052 -0.9997 -0.0248
vn 0.0183 -0.9997 0.0180
vn -0.0125 -0.9999 0.0113
vn 0.0023 -0.9997 -0.0245
vn 0.7249 -0.6861 0.0615
vn 0.1588 -0.6903 0.7059
vn -0.0002 -0.9997 -0.0239
vn 0.0160 -0.9998 0.0093
vn -0.0037 -1.0000 0.0090
vn -0.0031 -0.9997 -0.0229
vn 0.0175 -0.9998 0.0077
vn -0.0183 -0.9998 0.0027
vn 0.0280 -0.9995 -0.0109
vn 0.0061 -0.9997 0.0239
vn -0.0174 -0.9998 0.0068
vn 0.0250 -0.9996 -0.0158
vn 0.0087 -0.9997 0.0227
vn -0.0075 -1.0000 0.0023
vn 0.0177 -0.9998 -0.0104
vn 0.0090 -0.9997 0.0237
vn -0.0135 -0.9998 0.0123
vn 0.0201 -0.9996 -0.0205
vn 0.0118 -0.9997 0.0221
vn 0.0009 -0.9999 0.0127
vn 0.0091 -0.9997 -0.0205
vn 0.0254 -0.9997 0.0034
vn -0.0042 -0.9998 0.0203
vn 0.0101 -0.9998 -0.0153
vn 0.0196 -0.9998 0.0052
vn 0.0170 -0.9997 0.0201
vn -0.0155 -0.9998 0.0111
vn 0.0143 -0.9998 -0.0135
vn 0.0158 -0.9997 0.0208
vn -0.0090 -0.9998 0.0186
vn -0.0051 -0.9999 -0.0105
vn 0.0190 -0.9998 0.0052
vn -0.0133 -0.9999 0.0004
vn 0.0134 -0.9996 -0.0237
vn 0.0091 -0.9999 0.0128
vn -0.0138 -0.9998 0.0118
vn -0.0101 -0.9998 -0.0183
vn 0.0292 -0.9995 0.0088
vn -0.0072 -0.9998 0.0199
vn -0.0147 -0.9998 -0.0124
vn 0.0305 -0.9995 0.0047
vn -0.0068 -0.9998 -0.0209
vn 0.0234 -0.9996 0.0156
vn -0.0159 -0.9998 0.0072
vn 0.0035 -0.9998 -0.0205
vn 0.0115 -0.9999 0.0128
vn -0.0114 -0.9999 0.0072
vn 0.0024 -0.9999 -0.0153
vn 0.0146 -0.9997 0.0213
vn -0.0071 -1.0000 0.0052
vn -0.0078 -1.0000 0.0034
vn 0.0161 -0.9998 0.0092
vn -0.0067 -1.0000 0.0059
vn -0.0023 -0.9998 -0.0187
vn 0.0184 -0.9998 0.0073
vn -0.0043 -1.0000 0.0083
vn 0.0142 -0.9997 -0.0190
vn 0.0051 -0.9998 0.0185
vn 0.0058 -0.9994 -0.0340
vn 0.0216 -0.9998 0.0032
vn 0.0083 -0.9995 0.0318
vn -0.0038 -0.9998 -0.0180
vn 0.0391 -0.9992 0.0023
vn 0.0123 -0.9994 0.0314
vn -0.0070 -0.9996 -0.0272
vn 0.0390 -0.9992 0.0030
vn 0.0173 -0.9994 0.0300
vn -0.0100 -0.9996 -0.0255
vn 0.0318 -0.9994 -0.0156
vn 0.0272 -0.9994 0.0195
vn -0.0056 -0.9999 -0.0104
vn 0.0173 -0.9998 -0.0116
vn 0.0154 -0.9998 -0.0127
vn 0.0280 -0.9994 0.0186
vn -0.0068 -0.9999 -0.0087
vn 0.0143 -0.9998 -0.0139
vn 0.0306 -0.9994 0.0153
vn -0.0120 -0.9999 -0.0083
vn 0.0251 -0.9997 0.0048
vn -0.0165 -0.9998 -0.0078
vn 0.0166 -0.9997 -0.0169
vn 0.0222 -0.9997 -0.0128
vn 0.0224 -0.9994 0.0277
vn -0.0091 -0.9999 -0.0134
vn 0.0212 -0.9997 -0.0140
vn 0.0271 -0.9993 0.0245
vn -0.0146 -0.9998 -0.0123
vn 0.0293 -0.9996 0.0047
vn -0.6595 -0.7487 -0.0666
vn 0.0056 -0.9997 -0.0246
vn 0.0265 -0.9994 -0.0223
vn 0.0218 -0.9994 0.0281
vn -0.0084 -0.9999 -0.0142
vn 0.0296 -0.9996 0.0032
vn -0.0174 -0.9998 -0.0021
vn 0.0040 -0.9997 -0.0247
vn 0.0300 -0.9996 0.0005
vn -0.0173 -0.9998 0.0011
vn -0.6546 -0.7487 -0.1049
vn 0.6641 -0.7404 -0.1038
vn -0.0166 -0.9998 0.0053
vn -0.0045 -0.9997 -0.0221
vn 0.0291 -0.9995 -0.0075
vn -0.0125 -0.9999 0.0049
vn 0.0059 -0.9998 -0.0195
vn 0.0137 -0.9996 -0.0236
vn 0.0117 -0.9999 0.0121
vn -0.0165 -0.9998 -0.0077
vn 0.0393 -0.9992 -0.0008
vn 0.0131 -0.9998 0.0174
vn -0.0096 -0.9998 -0.0187
vn 0.0001 -0.9999 0.0117
vn -0.0032 -0.9997 -0.0228
vn 0.0259 -0.9997 -0.0023
vn -0.0163 -0.9998 0.0064
vn -0.0014 -0.9999 -0.0137
vn 0.0270 -0.9996 0.0128
vn 0.0084 -0.9994 -0.0340
vn 0.0078 -0.9998 0.0185
vn -0.0090 -0.9999 -0.0052
vn -0.0179 -0.9996 -0.0235
vn 0.0193 -0.9994 -0.0273
vn -0.0030 -0.9995 0.0306
vn -0.0198 -0.9996 -0.0212
vn 0.0173 -0.9997 -0.0174
vn -0.0019 -0.9995 0.0309
vn -0.0170 -0.9997 -0.0190
vn 0.0220 -0.9997 -0.0130
vn -0.0120 -0.9996 0.0264
vn 0.0224 -0.9994 -0.0255
vn -0.0078 -0.9996 0.0287
vn -0.0213 -0.9997 -0.0110
vn 0.0183 -0.9998 -0.0102
vn -0.0145 -0.9997 0.0195
vn -0.0020 -0.9999 -0.0139
vn 0.0250 -0.9997 -0.0071
vn -0.0178 -0.9997 0.0156
vn 0.0012 -0.9999 -0.0153
vn 0.0192 -0.9998 -0.0088
vn -0.0159 -0.9997 0.0181
vn -0.0004 -0.9999 -0.0150
vn 0.0261 -0.9996 -0.0141
vn -0.0157 -0.9996 0.0235
vn -0.0007 -0.9998 -0.0195
vn 0.0231 -0.9997 -0.0113
vn -0.0116 -0.9996 0.0267
vn -0.0027 -0.9998 -0.0186
vn -0.0138 -0.9998 -0.0137
vn 0.0210 -0.9996 -0.0197
vn 0.0083 -0.9999 0.0130
vn 0.3464 0.8651 0.3627
vn 0.3050 0.8636 0.4015
vn 0.3203 0.8612 0.3948
vn -0.1569 0.3385 0.9278
vn -0.0874 0.3449 0.9346
vn -0.0947 0.3968 0.9130
vn -0.6191 0.0945 0.7796
vn -0.6990 0.0932 0.7090
vn -0.6681 0.0285 0.7436
vn -0.3358 0.7378 0.5856
vn -0.2823 0.7192 0.6349
vn -0.2666 0.7320 0.6270
vn -0.9050 0.4115 0.1075
vn -0.9065 0.4026 0.1273
vn -0.9031 0.4037 0.1461
vn -0.2932 0.6317 -0.7176
vn -0.2969 0.5861 -0.7539
vn -0.3372 0.6267 -0.7025
vn 0.2505 0.5175 -0.8182
vn 0.2301 0.4657 -0.8545
vn 0.1873 0.5267 -0.8292
vn 0.1669 0.9358 -0.3104
vn 0.1814 0.9406 -0.2870
vn 0.1806 0.9365 -0.3005
vn 0.0303 0.9516 -0.3059
vn -0.0065 0.9443 -0.3289
vn -0.0195 0.9460 -0.3236
vn -0.1632 0.9461 -0.2796
vn -0.1555 0.9395 -0.3053
vn -0.1897 0.9380 -0.2900
vn 0.1493 0.3355 0.9301
vn 0.1037 0.4019 0.9098
vn 0.1117 0.3534 0.9288
vn -0.3535 0.8636 0.3595
vn -0.3409 0.8338 0.4343
vn -0.3171 0.8588 0.4024
vn -0.2025 0.9318 -0.3013
vn -0.1699 0.9318 -0.3207
vn -0.2177 0.9115 -0.3490
vn -0.4024 0.5439 -0.7364
vn -0.4511 0.5131 -0.7302
vn -0.4257 0.5798 -0.6948
vn -0.2588 0.5092 -0.8208
vn -0.1903 0.5200 -0.8327
vn -0.2098 0.4701 -0.8573
vn 0.8980 0.4262 0.1097
vn 0.8945 0.4224 0.1466
vn 0.8999 0.4166 0.1292
vn 0.2870 0.6363 -0.7161
vn 0.3245 0.6386 -0.6978
vn 0.3032 0.6263 -0.7182
vn 0.2523 0.7311 0.6339
vn 0.2715 0.7075 0.6524
vn 0.3159 0.7503 0.5808
vn 0.5051 0.6344 0.5851
vn 0.4090 0.6654 0.6245
vn 0.4621 0.6121 0.6417
vn -0.9511 0.0170 0.3084
vn -0.9509 0.0700 0.3013
vn -0.5886 -0.0211 0.8082
vn 0.7347 -0.0926 0.6720
vn -0.5322 0.1269 0.8370
vn 0.9289 0.0451 0.3675
vn 0.0109 -0.1234 0.9923
vn 0.8462 -0.3589 0.3938
vn 0.7923 -0.3183 0.5206
vn -0.3267 0.9301 0.1677
vn -0.4127 0.2751 -0.8683
vn -0.4997 0.7457 -0.4408
vn -0.7687 0.0731 0.6355
vn -0.3524 -0.0921 0.9313
vn -0.8682 0.4468 0.2157
vn -0.6087 0.2554 -0.7512
vn -0.5522 0.3246 -0.7679
vn -0.4007 -0.1291 -0.9071
vn -0.6600 0.3560 -0.6616
vn -0.5314 0.2141 -0.8196
vn -0.8095 0.5819 -0.0788
vn -0.4296 -0.0189 0.9028
vn -0.8194 0.1134 0.5619
vn -0.9779 0.1236 0.1687
vn 0.2759 -0.9500 -0.1463
vn 0.4188 -0.7554 0.5039
vn 0.3911 -0.1047 0.9144
vn 0.2637 0.2682 -0.9266
vn 0.1109 0.2048 -0.9725
vn 0.8660 0.0230 -0.4995
vn -0.8390 0.1412 0.5255
vn 0.7579 0.0446 0.6508
vn 0.9510 0.0379 0.3068
vn 0.9893 0.0162 -0.1452
vn -0.1260 0.1169 -0.9851
vn -0.0114 0.1987 -0.9800
vn 0.7197 0.0772 -0.6900
vn 0.9424 -0.3030 0.1418
vn 0.9011 -0.0345 -0.4323
vn 0.1569 0.7603 0.6304
vn -0.4413 0.8108 -0.3845
vn -0.3092 0.9202 0.2400
vn 0.5804 -0.0303 -0.8138
vn 0.9471 -0.2863 -0.1452
vn 0.8684 -0.2141 -0.4473
vn -0.4847 0.6820 0.5477
vn -0.4296 0.4150 0.8020
vn 0.4420 -0.0129 0.8969
vn 0.6987 -0.1018 -0.7082
vn -0.0580 -0.4313 -0.9004
vn 0.5778 -0.1594 -0.8005
vn -0.1575 -0.3254 -0.9324
vn -0.0431 0.6909 -0.7216
vn 0.5819 -0.3045 -0.7541
vn -0.0342 -0.4581 -0.8883
vn -0.7412 0.6493 -0.1703
vn -0.6410 0.7416 -0.1980
vn -0.7521 0.5509 -0.3618
vn -0.7265 0.4323 -0.5341
vn -0.7355 0.4452 0.5107
vn 0.1390 -0.6063 -0.7830
vn 0.7572 -0.6316 0.1665
vn 0.3387 -0.8774 -0.3399
vn 0.6974 -0.1489 0.7010
vn 0.5594 0.0152 0.8288
vn 0.9060 -0.3810 0.1844
vn -0.7118 0.4809 0.5119
vn -0.7445 0.6313 -0.2173
vn -0.7112 0.3946 -0.5818
vn 0.3455 -0.1109 0.9319
vn -0.7900 0.5144 0.3336
vn -0.7206 0.6883 0.0832
vn -0.7406 0.4675 -0.4827
vn -0.5282 0.1796 -0.8299
vn 0.0190 0.1248 0.9920
vn -0.7068 0.5454 0.4505
vn 0.5217 -0.1221 0.8444
vn -0.7731 0.5889 0.2357
vn -0.4006 0.3023 0.8649
vn -0.7830 0.5577 -0.2755
vn -0.1716 -0.0062 -0.9852
vn -0.8840 0.3401 -0.3207
vn -0.7908 0.4479 -0.4172
vn 0.1626 0.1275 -0.9784
vn 0.4659 -0.1115 -0.8778
vn 0.9771 -0.1715 -0.1259
vn -0.0747 -0.0333 -0.9967
vn 0.0306 -0.2500 -0.9678
vn -0.7227 -0.1122 0.6820
vn -0.7958 -0.3394 -0.5015
vn -0.9325 0.0844 0.3512
vn 0.5666 0.0205 0.8237
vn 0.5546 0.2306 -0.7995
vn 0.4407 0.0244 -0.8973
vn -0.0358 0.1768 0.9836
vn -0.0189 0.1312 0.9912
vn -0.9184 0.3281 -0.2213
vn -0.9145 0.4005 -0.0571
vn 0.1183 0.6037 0.7884
vn -0.7103 0.5643 -0.4207
vn -0.5422 0.5014 -0.6742
vn 0.9663 -0.0747 -0.2464
vn 0.9949 -0.0532 -0.0857
vn 0.8974 -0.0462 -0.4389
vn -0.0175 -0.0145 0.9997
vn 0.1950 0.0431 0.9799
vn -0.2251 0.2308 0.9466
vn -0.0546 -0.1056 -0.9929
vn -0.8123 0.3447 -0.4706
vn -0.0052 0.4069 -0.9135
vn -0.7846 0.2769 -0.5547
vn 0.5260 -0.1231 0.8415
vn 0.4759 -0.1084 0.8728
vn 0.9232 -0.1516 0.3533
vn 0.5389 -0.1283 0.8325
vn 0.0421 0.2755 0.9604
vn 0.8596 -0.4262 0.2819
vn 0.3874 0.5390 0.7479
vn -0.1007 0.2890 0.9520
vn 0.5442 -0.4031 0.7358
vn -0.4186 0.9078 -0.0253
vn -0.4000 0.3398 0.8512
vn -0.7675 0.1857 0.6136
vn -0.7135 0.2627 -0.6495
vn -0.2675 -0.0434 -0.9626
vn -0.3010 -0.1356 -0.9439
vn 0.6349 -0.4230 -0.6466
vn -0.6295 0.2172 -0.7460
vn 0.9995 -0.0261 -0.0180
vn 0.8878 -0.0573 0.4567
vn 0.7208 0.0364 0.6922
vn -0.6144 0.0309 0.7884
vn 0.8037 0.0271 -0.5945
vn 0.9890 -0.1434 -0.0365
vn 0.2129 0.1361 0.9675
vn 0.4489 -0.1314 0.8838
vn 0.9973 -0.0730 0.0022
vn 0.6959 -0.0929 0.7121
vn 0.7309 -0.2332 0.6414
vn -0.9342 0.3100 -0.1766
vn -0.9062 0.0172 -0.4225
vn -0.9744 -0.2244 -0.0129
vn 0.6260 -0.0009 0.7799
vn 0.9042 0.0745 -0.4207
vn 0.7653 -0.2473 -0.5943
vn -0.4640 -0.2226 -0.8574
vn -0.0247 -0.3721 -0.9279
vn 0.0466 -0.9638 -0.2624
vn -0.5568 -0.4534 -0.6960
vn 0.7928 -0.4613 0.3983
vn 0.8333 -0.4784 0.2768
vn 0.6431 -0.5400 -0.5430
vn -0.7336 0.1364 -0.6658
vn -0.9447 -0.0617 0.3221
vn -0.5295 0.3575 -0.7693
vn 0.8416 -0.4310 -0.3255
vn 0.8883 -0.1350 0.4389
vn -0.2190 -0.1388 -0.9658
vn -0.8949 0.2083 -0.3947
vn -0.2396 0.0832 0.9673
vn 0.7009 -0.0522 0.7113
vn 0.5140 0.1863 0.8373
vn 0.6093 -0.2436 0.7546
vn -0.5401 0.4247 -0.7266
vn 0.3629 -0.1360 -0.9218
vn -0.3047 0.0284 -0.9520
vn -0.7231 0.2847 -0.6293
vn -0.3247 -0.2024 -0.9239
vn -0.3674 -0.6405 -0.6744
vn 0.5965 -0.4304 -0.6775
vn -0.2886 0.0669 -0.9551
vn -0.5281 0.8014 -0.2808
vn -0.5959 0.5697 0.5660
vn -0.2377 0.1472 0.9601
vn 0.1982 0.1577 0.9674
vn -0.2190 0.3290 -0.9186
vn -0.0141 0.0328 0.9994
vn -0.8595 0.4072 -0.3089
vn -0.5161 0.2412 -0.8219
vn -0.4036 -0.0309 -0.9144
vn 0.9093 -0.4088 0.0776
vn 0.7113 -0.2442 0.6591
vn 0.7570 -0.3479 0.5531
vn 0.8615 -0.1978 0.4676
vn 0.4848 -0.0563 0.8728
vn -0.5078 0.1348 -0.8508
vn -0.7350 0.3210 -0.5973
vn -0.1486 -0.0779 -0.9858
vn -0.3067 -0.7844 -0.5391
vn 0.5947 -0.4898 -0.6375
vn 0.6948 -0.6139 0.3746
vn 0.1825 0.2941 0.9382
vn 0.6382 -0.2516 0.7276
vn 0.5716 -0.0772 0.8169
vn -0.1958 -0.3258 -0.9249
vn -0.6889 0.3747 -0.6205
vn -0.6794 0.7282 -0.0904
vn -0.3256 0.3675 -0.8712
vn 0.4287 -0.7087 0.5603
vn 0.3556 -0.1775 0.9176
vn -0.7651 0.4429 -0.4674
vn -0.2287 0.0531 -0.9721
vn -0.6907 0.5003 0.5221
vn -0.5292 0.6988 0.4812
vn 0.1918 -0.0148 0.9813
vn 0.5985 0.3872 0.7013
vn -0.6422 0.6496 0.4068
vn 0.2592 0.2689 0.9276
vn -0.9775 0.2085 -0.0327
vn -0.9473 0.3141 0.0635
vn -0.5187 0.3844 -0.7636
vn 0.7081 -0.4369 0.5547
vn 0.8151 -0.3773 0.4397
vn 0.9152 -0.2656 0.3030
vn -0.9561 -0.0297 0.2915
vn -0.9233 0.3830 0.0279
vn -0.9130 0.2343 -0.3340
vn -0.3258 -0.1262 -0.9370
vn -0.5857 0.3855 -0.7130
vn 0.9890 -0.0720 -0.1292
vn 0.9648 0.1606 0.2082
vn 0.9879 -0.0062 0.1551
vn -0.9336 0.1096 -0.3411
vn -0.6958 0.0544 0.7162
vn 0.2535 0.2756 0.9272
vn 0.9817 -0.1884 0.0281
vn 0.8611 -0.0538 -0.5056
vn 0.3546 0.1788 -0.9178
vn 0.3184 -0.2853 -0.9040
vn -0.8773 0.2009 0.4359
vn -0.6547 0.2939 0.6965
vn -0.1606 0.3756 -0.9128
vn -0.4134 0.3196 -0.8526
vn -0.0358 0.0927 -0.9951
vn -0.3940 0.0696 -0.9165
vn -0.3059 -0.0505 -0.9507
vn -0.4737 0.0051 -0.8807
vn -0.5808 0.5236 -0.6233
vn 0.7520 -0.5181 0.4075
vn 0.8101 0.0744 -0.5815
vn -0.0319 0.5145 -0.8569
vn 0.5303 -0.5439 0.6503
vn 0.8784 -0.4638 -0.1155
vn 0.8396 -0.3899 -0.3781
vn 0.3721 -0.9154 -0.1538
vn 0.7382 -0.2389 0.6309
vn 0.2844 -0.8803 -0.3798
vn -0.6404 -0.0512 0.7663
vn -0.7005 -0.0312 -0.7130
vn -0.5623 0.4352 0.7031
vn -0.1836 0.2693 0.9454
vn -0.3952 0.5244 0.7542
vn -0.5518 0.4728 -0.6870
vn -0.3755 0.7169 -0.5874
vn 0.7714 -0.0338 -0.6355
vn 0.3941 0.1338 0.9093
vn -0.8317 0.5543 0.0319
vn -0.6630 0.6746 -0.3246
vn 0.0280 -0.9737 0.2261
vn 0.4321 -0.0153 0.9017
vn -0.2424 0.7902 -0.5628
vn 0.6009 -0.1680 0.7815
vn 0.8086 -0.5484 0.2132
vn 0.7395 -0.3809 -0.5551
vn 0.7050 -0.3097 0.6380
vn -0.3745 0.2860 -0.8820
vn -0.3832 0.9086 -0.1661
vn 0.2976 0.8009 0.5196
vn 0.1346 0.9147 0.3811
vn -0.7939 0.5478 -0.2638
vn -0.2862 0.3290 0.8999
vn -0.4168 0.5173 0.7474
vn -0.8409 0.5353 0.0799
vn 0.5827 0.2833 -0.7617
vn -0.4344 0.9007 0.0020
vn -0.0695 0.7960 0.6014
vn 0.4924 -0.2844 -0.8226
vn -0.4558 0.4230 0.7831
vn -0.7825 0.4748 0.4027
vn 0.8687 -0.4616 0.1798
vn -0.7183 0.4624 -0.5198
vn -0.5530 0.0013 -0.8332
vn 0.5687 -0.3672 0.7361
vn 0.7403 -0.6265 0.2439
vn -0.1654 -0.3158 0.9343
vn 0.4430 -0.1568 0.8827
vn 0.6708 -0.5531 0.4941
vn 0.0795 0.2027 -0.9760
vn -0.0982 0.2085 0.9731
vn 0.7692 -0.6048 -0.2062
vn 0.2930 -0.9481 0.1238
vn -0.5630 0.2191 -0.7969
vn 0.5485 -0.5536 -0.6267
vn 0.5627 -0.2485 0.7884
vn 0.7664 0.6388 0.0671
vn 0.0770 -0.1212 0.9896
vn 0.1756 -0.2505 -0.9521
vn 0.2701 -0.1240 0.9548
vn -0.6616 0.1803 -0.7278
vn -0.6699 -0.1376 0.7296
vn -0.1317 0.7839 0.6068
vn 0.5042 -0.7555 0.4183
vn 0.3857 -0.3154 -0.8671
vn 0.1615 -0.5935 -0.7885
vn 0.3070 -0.5176 -0.7986
vn -0.2940 0.0127 -0.9557
vn -0.0981 0.1996 0.9750
vn -0.1814 0.7298 0.6591
vn 0.2702 -0.3201 0.9080
vn -0.1957 -0.0248 0.9804
vn -0.7097 0.2955 -0.6396
vn 0.8655 -0.4652 0.1856
vn 0.0364 -0.1631 0.9859
vn -0.9691 0.2337 -0.0791
vn -0.6668 0.2801 -0.6906
vn -0.0332 -0.1684 0.9852
vn -0.3174 0.1793 0.9312
vn -0.8564 0.1087 0.5047
vn 0.0971 0.3950 -0.9136
vn 0.3091 -0.1703 0.9357
vn 0.3928 -0.3282 0.8591
vn 0.4949 -0.8519 0.1714
vn -0.2587 0.7322 0.6300
vn 0.2549 0.3301 0.9089
vn 0.7120 -0.1313 0.6898
vn 0.2982 -0.2591 0.9186
vn -0.2581 -0.4058 -0.8768
vn 0.7878 -0.4398 0.4312
vn -0.0198 -0.8321 -0.5543
vn 0.8174 -0.5459 -0.1841
vn -0.1234 0.0121 0.9923
vn -0.8743 0.0517 0.4826
vn -0.8819 0.2242 -0.4148
vn -0.0481 -0.3816 0.9231
vn -0.8452 -0.3366 0.4152
vn -0.8472 -0.3610 0.3898
vn 0.3421 0.9140 0.2180
vn 0.4594 0.8321 -0.3106
vn 0.3669 0.3590 -0.8582
vn 0.7403 0.1510 0.6551
vn 0.3382 -0.0897 0.9368
vn 0.8672 0.4440 0.2255
vn 0.6077 0.3446 -0.7155
vn 0.6032 0.2308 -0.7635
vn 0.4066 -0.1249 -0.9050
vn 0.6343 0.3287 -0.6997
vn 0.8430 0.5268 -0.1085
vn 0.5702 0.1974 -0.7974
vn 0.4951 -0.1900 0.8478
vn 0.9750 0.1220 0.1859
vn 0.8632 0.1452 0.4835
vn -0.3421 -0.9128 -0.2232
vn -0.3291 -0.2543 0.9094
vn -0.4120 -0.7435 0.5268
vn -0.3035 0.2457 -0.9206
vn -0.8682 -0.0490 -0.4938
vn -0.1176 0.2073 -0.9712
vn 0.8288 0.1242 0.5457
vn -0.7553 0.0231 0.6549
vn -0.9860 -0.0410 -0.1615
vn 0.1594 0.1277 -0.9789
vn 0.0259 0.1811 -0.9831
vn -0.7418 0.0940 -0.6640
vn -0.9020 -0.0486 -0.4289
vn -0.9760 -0.1911 0.1040
vn -0.1984 0.6645 0.7205
vn 0.2518 0.9101 0.3291
vn 0.4695 0.8017 -0.3699
vn -0.6123 0.0073 -0.7906
vn -0.8469 -0.2133 -0.4870
vn -0.9444 -0.2914 -0.1526
vn 0.5224 0.6537 0.5475
vn -0.4073 0.1575 0.8996
vn 0.4961 0.4739 0.7275
vn -0.8907 0.0094 -0.4545
vn -0.5826 -0.1668 -0.7954
vn 0.0665 -0.4053 -0.9118
vn 0.1436 -0.3950 -0.9074
vn -0.0281 0.6880 -0.7252
vn 0.0359 -0.4673 -0.8834
vn -0.5409 -0.4436 -0.7146
vn 0.4419 0.8329 -0.3331
vn 0.7485 0.5876 -0.3072
vn 0.6493 0.7205 -0.2436
vn 0.7804 0.4848 -0.3949
vn 0.7598 0.4135 0.5017
vn -0.2031 -0.5469 -0.8122
vn -0.2392 -0.8625 -0.4459
vn -0.7662 -0.6317 0.1182
vn -0.7243 -0.1656 0.6692
vn -0.9024 -0.3902 0.1828
vn -0.6911 -0.1160 0.7134
vn 0.7250 0.4835 0.4905
vn 0.7094 0.4013 -0.5795
vn 0.7444 0.6623 -0.0848
vn -0.2764 -0.0918 0.9567
vn 0.6405 0.7151 0.2802
vn 0.7554 0.4915 -0.4333
vn 0.7087 0.6993 0.0937
vn 0.5202 0.1969 -0.8310
vn 0.0712 0.1955 0.9781
vn -0.4686 -0.1647 0.8679
vn 0.7475 0.4491 0.4894
vn 0.7499 0.5937 0.2919
vn 0.7985 0.5100 -0.3198
vn 0.2909 0.5816 0.7597
vn 0.2923 -0.1988 -0.9354
vn 0.7720 0.4578 -0.4410
vn 0.8793 0.3266 -0.3467
vn -0.1534 0.2307 -0.9608
vn -0.9234 -0.3222 -0.2088
vn -0.6024 -0.1755 -0.7787
vn 0.1711 -0.1419 -0.9750
vn 0.0990 -0.0025 -0.9951
vn 0.8051 -0.3174 -0.5010
vn -0.4690 0.0254 -0.8828
vn -0.6173 0.1486 -0.7725
vn 0.0061 0.1496 0.9887
vn 0.0128 0.1332 0.9910
vn 0.9426 0.2153 -0.2552
vn 0.8925 0.4402 -0.0985
vn -0.0645 0.6046 0.7939
vn 0.6998 0.6146 -0.3642
vn 0.5424 0.4555 -0.7059
vn -0.9698 -0.0919 -0.2260
vn -0.8929 -0.0234 -0.4496
vn -0.9968 -0.0479 -0.0639
vn -0.0180 -0.0024 0.9998
vn 0.2240 0.2170 0.9501
vn -0.1936 0.0451 0.9800
vn 0.0603 -0.1040 -0.9927
vn 0.8212 0.3462 -0.4536
vn 0.1763 0.1595 -0.9713
vn 0.1155 -0.0366 -0.9926
vn -0.4230 -0.1511 0.8934
vn -0.9357 -0.1048 0.3368
vn -0.5036 -0.1330 0.8537
vn -0.4719 -0.1281 0.8723
vn 0.1400 0.3924 0.9091
vn -0.8656 -0.4156 0.2795
vn -0.1442 0.5761 0.8045
vn -0.5218 -0.4407 0.7305
vn 0.0635 0.2095 0.9757
vn 0.5439 0.8270 0.1423
vn 0.4804 0.1156 0.8694
vn 0.6824 0.1404 0.7174
vn 0.2686 0.0354 -0.9626
vn 0.6926 0.2790 -0.6652
vn 0.1844 -0.2209 -0.9577
vn 0.6280 0.2231 -0.7456
vn -0.0936 -0.8445 -0.5274
vn -0.9978 -0.0659 -0.0088
vn -0.7746 -0.0981 0.6247
vn -0.9220 -0.0502 0.3839
vn 0.6255 0.0122 0.7801
vn -0.8000 0.0295 -0.5992
vn -0.9866 -0.1579 -0.0403
vn -0.1876 0.0808 0.9789
vn -0.4367 -0.1059 0.8934
vn -0.9972 -0.0615 0.0421
vn -0.6328 -0.2200 0.7424
vn -0.7583 -0.2183 0.6143
vn 0.9290 0.3318 -0.1640
vn 0.9189 0.0397 -0.3925
vn 0.9860 -0.1662 -0.0116
vn -0.8946 0.0755 -0.4404
vn -0.7512 -0.3912 -0.5316
vn 0.4657 -0.1987 -0.8623
vn 0.0589 -0.3863 -0.9205
vn -0.1527 -0.9687 -0.1957
vn 0.5646 -0.4091 -0.7168
vn -0.8301 -0.4387 0.3441
vn -0.7940 -0.4755 0.3787
vn -0.6769 -0.4926 -0.5470
vn 0.7555 0.2358 -0.6112
vn 0.9372 -0.0868 0.3378
vn 0.5529 0.3236 -0.7679
vn -0.8654 -0.4117 -0.2857
vn -0.9076 -0.1801 0.3792
vn 0.8259 0.4222 -0.3736
vn 0.3835 -0.1263 -0.9149
vn 0.2301 0.0791 0.9699
vn -0.6988 -0.0553 0.7132
vn -0.6929 -0.3618 0.6237
vn -0.4763 0.1410 0.8679
vn 0.6384 0.3897 -0.6638
vn 0.3993 0.0996 -0.9114
vn -0.3545 -0.3521 -0.8662
vn 0.7383 0.2787 -0.6142
vn 0.2199 -0.7207 -0.6574
vn 0.3054 -0.2924 -0.9062
vn 0.2902 0.0554 -0.9554
vn -0.6089 -0.4328 -0.6647
vn 0.5018 0.8297 -0.2445
vn 0.4666 0.6268 0.6240
vn -0.2031 0.1307 0.9704
vn 0.3277 0.1917 0.9251
vn 0.1418 0.4107 -0.9007
vn 0.0185 0.0965 0.9952
vn 0.7977 0.4970 -0.3415
vn 0.4314 -0.0150 -0.9020
vn 0.5073 0.2327 -0.8297
vn -0.6442 -0.2889 0.7082
vn -0.8747 -0.4841 0.0225
vn -0.7493 -0.3546 0.5594
vn -0.4266 -0.1565 0.8908
vn -0.8221 -0.1546 0.5480
vn 0.5141 0.1390 -0.8464
vn -0.1288 -0.5240 -0.8419
vn 0.7278 0.3829 -0.5689
vn 0.2126 -0.4772 -0.8527
vn -0.7102 -0.5868 0.3890
vn -0.8877 -0.4519 -0.0878
vn -0.0777 0.6014 0.7951
vn -0.5791 -0.0993 0.8092
vn -0.6585 -0.2534 0.7086
vn 0.6797 0.4951 -0.5412
vn 0.3547 -0.4284 -0.8311
vn 0.6492 0.7536 -0.1028
vn 0.3543 0.3811 -0.8540
vn -0.4046 -0.2738 0.8726
vn -0.5143 -0.6668 0.5393
vn 0.7790 0.4607 -0.4254
vn 0.2487 0.0518 -0.9672
vn 0.8370 0.4980 0.2269
vn 0.5569 0.4143 0.7199
vn -0.3001 0.0941 0.9492
vn -0.0684 0.8857 0.4593
vn -0.3280 0.2658 0.9065
vn 0.6191 0.7164 0.3216
vn 0.9749 0.2212 -0.0268
vn 0.5413 0.5354 -0.6484
vn 0.9307 0.3625 0.0485
vn -0.6387 -0.5405 0.5477
vn -0.8405 -0.3681 0.3975
vn -0.9043 -0.2543 0.3429
vn 0.9731 -0.0343 0.2278
vn 0.9144 0.2332 -0.3310
vn 0.9149 0.4037 -0.0045
vn 0.4665 0.4815 -0.7420
vn 0.3599 -0.0883 -0.9288
vn -0.9909 -0.1100 -0.0770
vn -0.9888 -0.0380 0.1445
vn 0.8759 0.1613 -0.4548
vn 0.7600 -0.0080 0.6499
vn -0.2867 0.1815 0.9407
vn -0.9853 -0.1210 0.1203
vn -0.8503 -0.0178 -0.5260
vn -0.4245 0.1450 -0.8938
vn -0.3142 -0.2895 -0.9042
vn 0.8854 0.2102 0.4145
vn 0.6548 0.3182 0.6856
vn 0.0891 0.3008 -0.9495
vn 0.6073 0.2895 -0.7399
vn 0.0086 -0.0633 -0.9980
vn 0.3061 -0.0684 -0.9495
vn 0.3533 0.0829 -0.9318
vn 0.4663 0.0170 -0.8845
vn 0.5598 0.4840 -0.6726
vn -0.7631 -0.4644 0.4494
vn -0.7989 0.0935 -0.5942
vn 0.0773 0.4685 -0.8801
vn -0.5330 -0.5521 0.6411
vn -0.8654 -0.4784 -0.1489
vn -0.7827 -0.5760 -0.2358
vn -0.7510 -0.2624 0.6059
vn -0.7181 -0.6349 -0.2850
vn -0.6298 -0.5598 -0.5385
vn 0.6368 -0.0253 0.7706
vn 0.7036 -0.0071 -0.7105
vn 0.3660 0.5320 0.7635
vn 0.1993 0.3986 0.8952
vn 0.1274 0.2806 0.9513
vn 0.5251 0.6443 -0.5560
vn 0.3250 0.7278 -0.6040
vn -0.7955 0.0036 -0.6060
vn -0.3725 0.0729 0.9252
vn 0.6420 0.6610 -0.3885
vn 0.9593 0.2811 -0.0279
vn -0.5068 -0.0092 0.8620
vn 0.1652 0.9315 0.3240
vn 0.4844 0.7057 -0.5170
vn -0.6478 -0.1474 0.7474
vn -0.8064 -0.5730 0.1466
vn -0.6081 -0.4084 0.6808
vn -0.7003 -0.4006 -0.5909
vn 0.5643 0.1968 -0.8018
vn 0.3554 0.9257 -0.1296
vn -0.2689 0.7916 0.5487
vn 0.0506 0.8365 0.5456
vn 0.7712 0.5819 -0.2583
vn 0.4413 0.5862 0.6794
vn 0.3383 0.3467 0.8749
vn 0.8313 0.5532 0.0547
vn -0.5892 0.2750 -0.7598
vn 0.4190 0.8976 0.1373
vn 0.0043 0.7558 0.6548
vn -0.7035 -0.6864 -0.1843
vn 0.6794 0.2008 0.7058
vn 0.7758 0.4851 0.4035
vn -0.8822 -0.4556 0.1190
vn 0.7097 0.4580 -0.5353
vn 0.5310 -0.1700 -0.8301
vn -0.6775 -0.2977 0.6726
vn -0.7615 -0.5986 0.2484
vn 0.1580 -0.3437 0.9257
vn -0.3175 -0.1665 0.9335
vn -0.7885 -0.4825 0.3813
vn 0.0596 0.2910 -0.9549
vn 0.1417 0.1007 0.9848
vn -0.6905 -0.7233 0.0045
vn -0.3041 -0.9298 0.2075
vn 0.5976 0.2361 -0.7662
vn -0.5077 -0.0944 -0.8564
vn -0.5920 -0.2731 0.7582
vn -0.7462 0.6468 -0.1576
vn -0.0784 -0.1797 0.9806
vn 0.5019 -0.2120 -0.8385
vn -0.2859 0.0236 0.9580
vn 0.7140 0.1534 -0.6832
vn 0.6171 -0.0964 0.7810
vn 0.1548 0.7827 0.6029
vn -0.4660 -0.6499 0.6004
vn -0.7750 0.0357 -0.6309
vn -0.0399 0.0956 -0.9946
vn -0.5368 -0.5870 -0.6061
vn 0.3107 0.0140 -0.9504
vn -0.0205 0.1706 0.9851
vn 0.0765 0.6604 0.7470
vn -0.2671 -0.2631 0.9270
vn 0.2095 -0.4163 0.8848
vn 0.7519 0.2812 -0.5963
vn -0.8915 -0.4065 0.2001
vn -0.1413 -0.4219 0.8956
vn 0.9635 0.2602 -0.0630
vn 0.6555 0.2565 -0.7103
vn 0.0854 -0.1769 0.9805
vn 0.8637 -0.0244 0.5034
vn 0.4490 0.2546 0.8565
vn -0.0674 0.1295 -0.9893
vn -0.3459 -0.2366 0.9080
vn -0.2315 -0.3568 0.9050
vn -0.5069 -0.8139 0.2841
vn -0.2031 0.5004 0.8416
vn -0.2809 0.3139 0.9069
vn -0.5921 -0.2624 0.7620
vn -0.1478 -0.1938 0.9699
vn 0.2942 -0.3854 -0.8746
vn -0.8409 -0.1364 0.5237
vn -0.1236 -0.8970 -0.4244
vn -0.4076 -0.2279 -0.8843
vn 0.1232 0.0130 0.9923
vn 0.5375 0.4834 0.6910
vn 0.7844 0.4212 -0.4554
vn -0.1575 0.9665 0.2028
vn -0.8195 0.3493 0.4544
vn -0.8979 0.4174 0.1396
vn -0.0851 0.7733 -0.6283
vn 0.5699 0.5980 -0.5635
vn 0.1612 0.9637 0.2128
vn -0.2760 0.8959 -0.3481
vn 0.0596 0.7737 -0.6307
vn 0.8992 0.4240 0.1077
vn 0.8764 -0.0643 0.4773
usemtl sungaya_inexpectata_31mg
s off
f 5/1/1 3/2/2 2/3/3
f 10/4/4 398/5/5 11/6/6
f 16/7/7 15/8/8 14/9/9
f 38/10/10 40/11/11 39/12/12
f 16/7/13 411/13/14 15/8/15
f 54/14/16 2/3/17 55/15/18
f 304/16/19 440/17/20 1/18/21
f 236/19/22 316/20/23 158/21/24
f 75/22/25 226/23/26 231/24/27
f 73/25/28 38/10/29 39/12/30
f 204/26/31 154/27/32 362/28/33
f 88/29/34 90/30/35 89/31/36
f 23/32/37 86/33/38 291/34/39
f 322/35/40 212/36/41 223/37/42
f 108/38/43 270/39/44 109/40/45
f 111/41/46 246/42/47 112/43/48
f 115/44/49 422/45/50 219/46/51
f 434/47/52 345/48/53 52/49/54
f 129/50/55 131/51/56 130/52/57
f 114/53/58 323/54/59 124/55/60
f 335/56/61 295/57/62 341/58/63
f 30/59/64 158/60/65 31/61/66
f 163/62/67 19/63/68 93/64/69
f 164/65/70 89/66/71 90/67/72
f 165/68/73 134/69/74 135/70/75
f 154/71/76 166/72/77 68/73/78
f 151/74/79 321/75/80 410/76/81
f 9/77/82 81/78/83 65/79/84
f 94/80/85 174/81/86 370/82/87
f 1398/83/88 1030/84/89 380/85/90 49/86/91
f 178/87/92 30/88/93 213/89/94
f 184/90/95 183/91/96 185/92/97
f 369/93/98 308/94/99 12/95/100
f 21/96/101 100/97/102 22/98/103
f 123/99/104 216/100/105 189/101/106
f 197/102/107 435/103/108 274/104/109
f 152/105/110 360/106/111 265/107/112
f 205/108/113 108/109/114 132/110/115
f 219/46/116 218/111/117 217/112/118
f 237/113/119 294/114/120 60/115/121
f 400/116/122 238/117/123 375/118/124
f 973/119/125 998/120/126 52/121/127
f 252/122/128 343/123/129 249/124/130
f 159/125/131 104/126/132 119/127/133
f 382/128/134 247/129/135 256/130/136
f 3/131/137 84/132/138 141/133/139
f 225/134/140 194/135/141 103/136/142
f 148/137/143 264/138/144 121/139/145
f 200/140/146 259/141/147 164/142/148
f 158/21/149 272/143/150 152/105/151
f 75/144/152 76/145/153 241/146/154
f 376/147/155 190/148/156 272/143/157
f 280/149/158 170/150/159 96/151/160
f 281/152/161 282/153/162 312/154/163
f 47/155/164 24/156/165 15/157/166
f 1006/158/167 991/159/168 53/160/169
f 248/161/170 290/162/171 194/163/172
f 225/164/173 126/165/174 292/166/175
f 181/167/176 293/168/177 231/169/178
f 54/14/179 55/15/180 303/170/181
f 67/171/182 133/172/183 87/173/184
f 65/79/185 162/174/186 95/175/187
f 347/176/188 277/177/189 278/178/190
f 359/179/191 302/180/192 17/181/193
f 303/182/194 242/183/195 304/184/196
f 122/185/197 121/186/198 77/187/199
f 79/188/200 277/189/201 117/190/202
f 307/191/203 124/192/204 146/193/205
f 132/194/206 177/195/207 210/196/208
f 133/172/209 121/139/210 45/197/211
f 311/198/212 95/199/213 235/200/214
f 241/146/215 76/201/216 132/202/217
f 183/203/218 431/204/219 97/205/220
f 66/206/221 288/207/222 162/174/223
f 315/208/224 242/209/225 316/210/226
f 109/211/227 206/212/228 338/213/229
f 270/214/230 206/215/231 109/216/232
f 317/217/233 319/218/234 318/219/235
f 301/220/236 85/221/237 1/222/238
f 51/223/239 85/221/240 301/220/241
f 84/224/242 171/225/243 320/226/244
f 295/57/245 422/45/246 332/227/247
f 169/228/248 23/229/249 62/230/250
f 87/173/251 133/172/252 145/231/253
f 213/232/254 337/233/255 178/234/256
f 50/235/257 340/236/258 339/237/259
f 347/238/260 41/239/261 334/240/262
f 74/241/263 27/242/264 182/243/265
f 105/244/266 314/245/267 115/44/268
f 315/246/269 283/247/270 242/209/271
f 413/248/272 257/249/273 350/250/274
f 351/251/275 6/252/276 287/253/277
f 352/254/278 416/255/279 353/256/280
f 67/171/281 387/257/282 133/172/283
f 34/258/284 37/259/285 91/260/286
f 300/261/287 176/262/288 440/263/289
f 1041/264/290 1398/265/291 49/266/292 13/267/293
f 507/268/294 285/269/295 453/270/296
f 22/271/297 362/272/298 21/273/299
f 461/274/300 364/275/301 966/276/302
f 501/277/303 327/278/304 452/279/305
f 197/102/306 90/30/307 88/29/308
f 111/41/309 194/135/310 246/42/311
f 294/280/312 237/281/313 291/282/314
f 969/283/315 480/284/316 201/285/317 157/286/318
f 370/287/319 61/288/320 71/289/321
f 342/290/322 189/291/323 173/292/324
f 370/293/325 371/294/326 94/295/327
f 99/296/328 320/297/329 18/298/330
f 77/299/331 156/300/332 122/301/333
f 1029/302/334 1017/303/335 37/304/336
f 269/305/337 410/306/338 48/307/339
f 288/207/340 155/308/341 111/41/342
f 211/309/343 155/308/344 288/207/345
f 370/310/346 103/311/347 371/312/348
f 324/313/349 147/314/350 146/315/351
f 292/316/352 194/135/353 225/134/354
f 168/317/355 67/318/356 72/319/357
f 970/320/358 468/321/359 180/322/360 326/323/361
f 9/324/362 65/79/363 78/325/364
f 188/326/365 112/43/366 366/327/367
f 232/328/368 70/329/369 289/330/370
f 106/331/371 77/299/372 314/245/373
f 241/146/374 132/202/375 240/332/376
f 499/333/377 994/334/378 153/335/379
f 343/123/380 227/336/381 226/23/382
f 315/337/383 245/338/384 239/339/385
f 157/340/386 130/341/387 353/342/388
f 135/343/389 363/344/390 169/228/391
f 237/281/392 60/345/393 298/346/394
f 283/347/395 304/184/396 242/183/397
f 326/323/398 180/322/399 204/26/400
f 216/348/401 221/349/402 173/350/403
f 46/351/404 314/245/405 77/299/406
f 115/44/407 219/46/408 217/352/409
f 162/174/410 65/79/411 66/206/412
f 36/353/413 82/354/414 114/355/415
f 508/356/416 503/357/417 43/358/418
f 91/359/419 106/331/420 105/244/421
f 376/360/422 378/361/423 377/362/424
f 1/222/425 176/262/426 344/363/427
f 301/364/428 1/365/429 344/366/430
f 960/367/431 313/368/432 484/369/433
f 488/370/434 493/371/435 281/372/436 379/373/437
f 1035/374/438 380/375/439 1019/376/440
f 167/377/441 206/378/442 270/379/443
f 219/46/444 422/45/445 202/380/446
f 145/231/447 133/172/448 45/197/449
f 118/381/450 79/382/451 117/383/452
f 303/170/453 85/221/454 54/14/455
f 383/384/456 134/385/457 210/386/458
f 1041/387/459 13/388/460 1027/389/461
f 166/390/462 433/391/463 68/392/464
f 1003/393/465 487/394/466 325/395/467
f 388/396/468 367/397/469 201/398/470
f 254/399/471 16/400/472 14/401/473
f 95/175/474 161/402/475 235/403/476
f 19/404/477 36/405/478 93/406/479
f 1033/407/480 1026/408/481 384/409/482
f 118/410/483 216/411/484 79/412/485
f 42/413/486 32/414/487 368/415/488
f 117/416/489 206/417/490 349/418/491
f 405/419/492 322/420/493 223/421/494
f 396/422/495 47/423/496 397/424/497
f 11/6/498 398/5/499 72/425/500
f 255/426/501 85/221/502 51/223/503
f 399/427/504 84/428/505 3/429/506
f 122/301/507 156/300/508 101/430/509
f 337/431/510 187/432/511 184/433/512
f 337/431/513 213/434/514 187/432/515
f 470/435/516 979/436/517 417/437/518
f 319/438/519 233/439/520 59/440/521
f 354/441/522 41/442/523 86/443/524
f 257/444/525 401/445/526 385/446/527
f 194/135/528 111/41/529 155/308/530
f 135/447/531 169/448/532 62/449/533
f 233/450/534 247/451/535 232/452/536
f 495/453/537 491/454/538 305/455/539
f 185/456/540 270/457/541 108/458/542
f 108/458/543 184/459/544 185/456/545
f 171/460/546 399/461/547 172/462/548
f 403/463/549 72/464/550 398/465/551
f 344/466/552 271/467/553 301/468/554
f 120/469/555 110/470/556 11/471/557
f 179/472/558 137/473/559 180/322/560
f 206/212/561 334/474/562 92/475/563
f 91/476/564 33/477/565 34/478/566
f 10/479/567 405/480/568 398/481/569
f 8/482/570 271/483/571 344/484/572
f 8/485/573 406/486/574 258/487/575
f 60/488/576 294/489/577 235/490/578
f 367/491/579 157/492/580 201/493/581
f 427/494/582 18/495/583 267/496/584
f 507/268/585 483/497/586 285/269/587
f 253/498/588 24/499/589 151/500/590
f 253/501/591 14/502/592 24/503/593
f 195/504/594 199/505/595 119/506/596
f 478/507/597 475/508/598 144/509/599 327/510/600
f 310/511/601 7/512/602 131/51/603
f 173/350/604 221/513/605 220/514/606
f 81/515/607 9/516/608 345/517/609
f 114/518/610 82/519/611 286/520/612
f 405/521/613 403/522/614 398/481/615
f 63/523/616 99/524/617 18/525/618
f 270/457/619 26/526/620 25/527/621
f 4/528/622 85/221/623 409/529/624
f 418/530/625 308/94/626 384/531/627
f 321/532/628 411/533/629 229/534/630
f 104/126/631 372/535/632 110/536/633
f 343/123/634 306/537/635 227/336/636
f 227/336/637 306/537/638 57/538/639
f 449/539/640 413/540/641 262/541/642
f 150/542/643 44/543/644 415/544/645
f 166/545/646 340/546/647 98/547/648
f 84/548/649 320/549/650 99/550/651
f 99/551/652 100/552/653 84/132/654
f 323/553/655 114/554/656 286/555/657
f 172/556/658 6/557/659 310/558/660
f 6/252/661 7/512/662 310/511/663
f 71/559/664 103/560/665 370/561/666
f 185/562/667 183/563/668 97/564/669
f 97/565/670 26/526/671 185/566/672
f 150/567/673 288/568/674 66/569/675
f 324/313/676 146/315/677 323/570/678
f 250/571/679 62/572/680 212/573/681
f 352/574/682 7/575/683 351/576/684
f 352/574/685 130/341/686 7/575/687
f 341/58/688 332/577/689 314/245/690
f 250/578/691 212/579/692 322/580/693
f 69/581/694 369/93/695 408/582/696
f 69/583/697 57/584/698 306/585/699
f 298/346/700 331/586/701 263/587/702
f 468/588/703 497/589/704 179/590/705 180/591/706
f 1029/592/707 37/593/708 1025/594/709
f 43/595/710 215/596/711 208/597/712
f 264/138/713 335/56/714 341/58/715
f 960/598/716 481/599/717 313/600/718
f 168/601/719 72/602/720 275/603/721
f 72/602/722 403/522/723 275/603/724
f 366/604/725 407/605/726 263/606/727
f 370/310/728 174/607/729 61/608/730
f 221/609/731 339/610/732 166/611/733
f 214/612/734 246/42/735 194/135/736
f 432/613/737 25/614/738 346/615/739
f 432/616/740 167/617/741 25/618/742
f 35/619/743 175/620/744 75/621/745
f 330/622/746 236/19/747 329/623/748
f 361/624/749 195/504/750 207/625/751
f 445/626/752 115/44/753 217/352/754
f 445/627/755 217/628/756 313/368/757
f 168/601/758 112/43/759 373/629/760
f 334/630/761 363/631/762 92/632/763
f 334/630/764 333/633/765 363/631/766
f 160/634/767 363/631/768 383/635/769
f 338/636/770 363/631/771 160/634/772
f 153/637/773 143/638/774 224/639/775
f 114/640/776 93/641/777 36/642/778
f 123/643/779 189/644/780 328/645/781
f 295/57/782 401/646/783 422/45/784
f 400/116/785 375/118/786 96/151/787
f 400/116/788 96/151/789 97/205/790
f 96/151/791 375/118/792 280/149/793
f 326/323/794 63/647/795 325/648/796
f 239/649/797 283/247/798 315/246/799
f 320/650/800 200/651/801 414/652/802
f 320/653/803 310/654/804 200/655/805
f 35/656/806 358/657/807 107/658/808
f 90/30/809 197/102/810 274/104/811
f 78/325/812 95/175/813 203/659/814
f 95/175/815 78/325/816 65/79/817
f 193/660/818 269/661/819 48/662/820
f 289/663/821 70/664/822 280/665/823
f 70/666/824 170/667/825 280/668/826
f 509/669/827 1013/670/828 34/671/829
f 1008/672/830 509/669/831 34/671/832
f 1035/374/833 1032/673/834 296/674/835 380/375/836
f 373/629/837 214/612/838 292/316/839
f 261/675/840 144/676/841 248/677/842
f 248/678/843 144/679/844 290/680/845
f 290/680/846 144/679/847 198/681/848
f 993/682/849 1012/683/850 224/684/851 355/685/852
f 307/686/853 203/687/854 419/688/855
f 203/659/856 311/689/857 419/690/858
f 373/629/859 246/42/860 214/612/861
f 75/144/862 241/146/863 35/691/864
f 35/691/865 241/146/866 240/692/867
f 323/693/868 146/694/869 124/695/870
f 379/696/871 281/372/872 312/697/873
f 47/155/874 151/698/875 24/156/876
f 221/349/877 216/348/878 339/699/879
f 392/700/880 376/360/881 303/170/882
f 104/701/883 159/702/884 372/703/885
f 282/704/886 20/705/887 56/706/888
f 349/707/889 206/708/890 167/709/891
f 291/710/892 237/711/893 298/712/894
f 440/263/895 176/262/896 1/222/897
f 376/147/898 316/20/899 242/713/900
f 482/714/901 995/715/902 327/716/903 261/717/904
f 302/718/905 296/719/906 17/720/907
f 70/329/908 232/328/909 423/721/910
f 367/722/911 89/723/912 129/724/913
f 463/725/914 464/726/915 427/727/916 426/728/917
f 73/729/918 39/730/919 428/731/920
f 274/732/921 429/733/922 90/734/923
f 251/735/924 187/736/925 213/737/926
f 30/88/927 31/738/928 213/89/929
f 346/739/930 21/740/931 68/741/932
f 162/742/933 161/743/934 95/744/935
f 287/745/936 6/746/937 4/528/938
f 6/747/939 172/748/940 4/749/941
f 187/750/942 357/751/943 186/752/944
f 259/753/945 89/66/946 164/65/947
f 297/754/948 107/755/949 10/756/950
f 210/757/951 134/758/952 165/759/953
f 253/501/954 222/760/955 14/502/956
f 430/761/957 253/498/958 151/500/959
f 277/762/960 36/763/961 278/764/962
f 278/765/963 36/766/964 19/767/965
f 36/405/966 277/768/967 79/769/968
f 135/770/969 383/771/970 363/631/971
f 134/772/972 383/773/973 135/774/974
f 182/243/975 228/775/976 142/776/977
f 182/243/978 142/776/979 116/777/980
f 234/778/981 105/779/982 80/780/983
f 212/781/984 23/782/985 386/783/986
f 415/784/987 155/308/988 211/309/989
f 267/785/990 426/786/991 427/787/992
f 120/788/993 11/789/994 145/790/995
f 145/790/996 11/789/997 87/791/998
f 386/792/999 140/793/1000 212/573/1001
f 177/794/1002 383/795/1003 210/796/1004
f 223/421/1005 403/797/1006 405/419/1007
f 145/798/1008 45/799/1009 122/800/1010
f 145/231/1011 122/301/1012 207/625/1013
f 378/801/1014 392/802/1015 55/803/1016
f 431/804/1017 186/805/1018 400/806/1019
f 200/807/1020 131/808/1021 259/809/1022
f 200/810/1023 310/811/1024 131/812/1025
f 291/813/1026 336/814/1027 140/815/1028
f 291/816/1029 140/817/1030 386/783/1031
f 120/469/1032 207/625/1033 195/504/1034
f 1023/818/1035 1020/819/1036 361/624/1037 348/820/1038
f 165/759/1039 358/821/1040 210/757/1041
f 143/638/1042 312/154/1043 56/822/1044
f 143/638/1045 56/822/1046 69/823/1047
f 129/824/1048 130/825/1049 157/826/1050
f 428/827/1051 265/828/1052 73/829/1053
f 405/830/1054 10/831/1055 107/832/1056
f 98/833/1057 432/834/1058 433/835/1059
f 393/836/1060 239/837/1061 410/838/1062
f 299/839/1063 239/837/1064 393/836/1065
f 264/138/1066 125/840/1067 335/56/1068
f 335/56/1069 125/840/1070 71/289/1071
f 364/841/1072 34/842/1073 33/843/1074
f 130/52/1075 131/51/1076 7/512/1077
f 184/844/1078 186/845/1079 183/203/1080
f 57/538/1081 20/846/1082 276/847/1083
f 276/847/1084 192/848/1085 57/538/1086
f 384/849/1087 199/850/1088 195/851/1089
f 308/94/1090 249/852/1091 149/853/1092
f 88/854/1093 367/397/1094 388/396/1095
f 88/855/1096 89/856/1097 367/857/1098
f 284/858/1099 425/859/1100 391/860/1101
f 145/231/1102 207/625/1103 120/469/1104
f 427/861/1105 325/862/1106 63/863/1107
f 63/864/1108 18/865/1109 427/866/1110
f 166/867/1111 98/868/1112 433/869/1113
f 263/587/1114 336/814/1115 298/346/1116
f 108/870/1117 205/871/1118 184/872/1119
f 459/873/1120 1015/874/1121 328/875/1122 342/876/1123
f 459/877/1124 342/878/1125 972/879/1126
f 469/880/1127 1001/881/1128 157/882/1129
f 57/883/1130 192/884/1131 181/885/1132
f 227/336/1133 57/538/1134 181/886/1135
f 338/636/1136 206/887/1137 92/632/1138
f 112/43/1139 188/326/1140 268/888/1141
f 363/631/1142 338/636/1143 92/632/1144
f 1028/889/1145 17/890/1146 1024/891/1147
f 121/139/1148 264/138/1149 46/351/1150
f 46/351/1151 264/138/1152 341/58/1153
f 126/892/1154 148/137/1155 292/316/1156
f 20/846/1157 57/538/1158 56/893/1159
f 100/894/1160 116/895/1161 84/132/1162
f 141/896/1163 84/897/1164 116/898/1165
f 1023/899/1166 348/900/1167 1036/901/1168
f 102/902/1169 337/903/1170 205/904/1171
f 178/234/1172 337/233/1173 102/905/1174
f 973/906/1175 52/907/1176 967/908/1177
f 85/909/1178 4/910/1179 2/911/1180
f 314/912/1181 46/913/1182 341/914/1183
f 294/915/1184 311/689/1185 235/403/1186
f 311/198/1187 294/114/1188 368/916/1189
f 107/755/1190 175/620/1191 35/619/1192
f 100/97/1193 64/917/1194 22/98/1195
f 61/288/1196 385/918/1197 335/56/1198
f 29/919/1199 413/920/1200 350/921/1201
f 245/922/1202 193/923/1203 48/924/1204
f 52/121/1205 345/925/1206 147/926/1207
f 993/682/1208 355/685/1209 1010/927/1210
f 122/301/1211 45/197/1212 121/139/1213
f 93/928/1214 114/53/1215 124/929/1216
f 204/26/1217 180/322/1218 137/473/1219
f 106/331/1220 91/359/1221 156/300/1222
f 48/930/1223 410/931/1224 239/932/1225
f 245/922/1226 48/930/1227 239/932/1228
f 412/933/1229 266/934/1230 267/935/1231
f 230/936/1232 321/937/1233 438/938/1234
f 269/939/1235 276/940/1236 215/596/1237
f 333/941/1238 354/942/1239 86/943/1240
f 366/944/1241 112/945/1242 168/946/1243
f 168/946/1244 275/947/1245 366/944/1246
f 301/220/1247 271/948/1248 209/949/1249
f 318/950/1250 319/951/1251 58/952/1252
f 59/953/1253 58/954/1254 319/955/1255
f 314/245/1256 105/244/1257 106/331/1258
f 9/956/1259 146/315/1260 345/957/1261
f 146/315/1262 147/314/1263 345/957/1264
f 470/958/1265 417/959/1266 968/960/1267
f 461/961/1268 1005/962/1269 364/963/1270
f 439/964/1271 173/350/1272 220/514/1273
f 268/888/1274 111/41/1275 112/43/1276
f 254/965/1277 215/596/1278 43/595/1279
f 222/760/1280 215/596/1281 254/965/1282
f 373/629/1283 387/257/1284 67/171/1285
f 41/966/1286 42/413/1287 368/415/1288
f 308/94/1289 418/530/1290 12/95/1291
f 239/967/1292 440/968/1293 283/969/1294
f 120/469/1295 104/970/1296 110/470/1297
f 231/971/1298 395/972/1299 83/973/1300
f 280/149/1301 375/118/1302 238/117/1303
f 275/974/1304 407/975/1305 366/976/1306
f 269/977/1307 253/978/1308 430/979/1309
f 410/931/1310 269/980/1311 430/761/1312
f 26/981/1313 97/982/1314 389/983/1315
f 231/984/1316 227/985/1317 181/986/1318
f 86/987/1319 23/988/1320 169/989/1321
f 214/612/1322 194/135/1323 292/316/1324
f 268/990/1325 331/991/1326 161/992/1327
f 383/993/1328 177/994/1329 113/995/1330
f 113/995/1331 160/996/1332 383/993/1333
f 199/997/1334 308/94/1335 149/853/1336
f 159/998/1337 199/997/1338 149/853/1339
f 171/999/1340 172/1000/1341 310/1001/1342
f 320/1002/1343 171/999/1344 310/1001/1345
f 355/685/1346 359/1003/1347 17/1004/1348
f 498/1005/1349 974/1006/1350 402/1007/1351 434/1008/1352
f 109/1009/1353 177/1010/1354 132/1011/1355
f 132/1011/1356 108/1012/1357 109/1009/1358
f 203/687/1359 307/1013/1360 78/1014/1361
f 26/1015/1362 389/1016/1363 346/1017/1364
f 150/1018/1365 309/1019/1366 44/1020/1367
f 97/982/1368 96/1021/1369 170/1022/1370
f 148/137/1371 121/139/1372 133/172/1373
f 190/1023/1374 191/1024/1375 360/1025/1376
f 390/1026/1377 191/1024/1378 196/1027/1379
f 350/1028/1380 61/1029/1381 94/1030/1382
f 415/784/1383 248/677/1384 155/308/1385
f 343/1031/1386 252/1032/1387 306/585/1388
f 233/439/1389 279/1033/1390 247/1034/1391
f 1007/1035/1392 281/1036/1393 493/1037/1394
f 39/1038/1395 58/1039/1396 289/1040/1397
f 59/440/1398 289/1041/1399 58/1042/1400
f 343/1031/1401 226/1043/1402 249/852/1403
f 226/1043/1404 372/1044/1405 249/852/1406
f 161/1045/1407 60/1046/1408 235/1047/1409
f 506/1048/1410 258/487/1411 510/1049/1412
f 32/414/1413 419/690/1414 368/1050/1415
f 372/1051/1416 159/1052/1417 149/1053/1418
f 308/94/1419 369/93/1420 252/1032/1421
f 308/1054/1422 252/1055/1423 249/1056/1424
f 2/911/1425 54/1057/1426 85/909/1427
f 261/1058/1428 327/1059/1429 144/1060/1430
f 372/1061/1431 175/1062/1432 297/1063/1433
f 272/143/1434 316/20/1435 376/147/1436
f 382/1064/1437 317/1065/1438 423/1066/1439
f 28/1067/1440 27/1068/1441 423/1069/1442
f 423/1066/1443 27/1070/1444 70/1071/1445
f 423/1069/1446 317/1072/1447 28/1067/1448
f 381/1073/1449 382/1074/1450 441/1075/1451
f 436/1076/1452 442/1077/1453 437/1078/1454
f 420/1079/1455 442/1080/1456 436/1081/1457
f 8/1082/1458 344/1083/1459 406/1084/1460
f 344/1085/1461 356/1086/1462 406/1087/1463
f 433/1088/1464 432/1089/1465 68/741/1466
f 432/1089/1467 346/739/1468 68/741/1469
f 15/157/1470 397/1090/1471 47/155/1472
f 230/1091/1473 397/1092/1474 15/1093/1475
f 109/211/1476 113/1094/1477 177/1095/1478
f 1000/1096/1479 254/1097/1480 504/1098/1481
f 75/1099/1482 175/1100/1483 226/1101/1484
f 181/1102/1485 193/923/1486 293/1103/1487
f 69/1104/1488 56/893/1489 57/538/1490
f 312/154/1491 282/153/1492 56/822/1493
f 346/1105/1494 389/1106/1495 21/1107/1496
f 74/1108/1497 21/1109/1498 389/1110/1499
f 38/1111/1500 196/1112/1501 40/1113/1502
f 390/1114/1503 196/1115/1504 38/1116/1505
f 3/2/1506 55/15/1507 2/3/1508
f 107/755/1509 297/754/1510 175/1117/1511
f 207/625/1512 348/820/1513 361/624/1514
f 372/535/1515 297/754/1516 110/536/1517
f 110/1118/1518 297/1119/1519 10/1120/1520
f 356/1121/1521 300/261/1522 139/1122/1523
f 254/1123/1524 139/1124/1525 16/1125/1526
f 135/1126/1527 62/1127/1528 165/1128/1529
f 250/1129/1530 358/1130/1531 62/1131/1532
f 358/1130/1533 165/1132/1534 62/1131/1535
f 35/1133/1536 240/692/1537 210/757/1538
f 358/821/1539 35/1133/1540 210/757/1541
f 299/1134/1542 440/1135/1543 239/1136/1544
f 300/1137/1545 440/1135/1546 299/1134/1547
f 172/462/1548 399/1138/1549 4/1139/1550
f 209/949/1551 287/745/1552 409/529/1553
f 255/426/1554 209/949/1555 409/529/1556
f 209/1140/1557 351/1141/1558 287/1142/1559
f 83/1143/1560 76/1144/1561 75/1145/1562
f 39/730/1563 289/1146/1564 280/1147/1565
f 352/574/1566 353/342/1567 130/341/1568
f 359/1148/1569 224/1149/1570 408/582/1571
f 143/638/1572 379/1150/1573 312/154/1574
f 379/1150/1575 143/638/1576 153/637/1577
f 224/684/1578 143/1151/1579 408/1152/1580
f 408/1152/1581 143/1151/1582 69/1153/1583
f 373/629/1584 292/316/1585 387/257/1586
f 283/969/1587 440/968/1588 304/1154/1589
f 437/1155/1590 243/1156/1591 444/1157/1592
f 444/1158/1593 443/1159/1594 437/1160/1595
f 267/1161/1596 18/1162/1597 412/1163/1598
f 18/1164/1599 414/1165/1600 412/1166/1601
f 205/1167/1602 132/1168/1603 102/1169/1604
f 279/1033/1605 256/1170/1606 247/1034/1607
f 480/1171/1608 984/1172/1609 284/1173/1610 201/1174/1611
f 424/1175/1612 139/1122/1613 300/261/1614
f 299/1176/1615 424/1177/1616 300/1178/1617
f 424/1175/1618 16/1179/1619 139/1122/1620
f 55/15/1621 196/1180/1622 378/361/1623
f 196/1180/1624 191/1181/1625 378/361/1626
f 400/1182/1627 186/1183/1628 357/1184/1629
f 378/361/1630 191/1181/1631 377/362/1632
f 346/615/1633 25/1185/1634 26/1186/1635
f 30/1187/1636 236/1188/1637 158/1189/1638
f 272/143/1639 158/21/1640 316/20/1641
f 485/1190/1642 988/1191/1643 379/1192/1644
f 488/1193/1645 379/1194/1646 988/1195/1647
f 306/585/1648 369/93/1649 69/581/1650
f 252/1032/1651 369/93/1652 306/585/1653
f 68/1196/1654 362/1197/1655 154/1198/1656
f 362/1199/1657 68/1200/1658 21/1201/1659
f 243/1202/1660 244/1203/1661 444/1204/1662
f 212/1205/1663 62/230/1664 23/1206/1665
f 102/1207/1666 83/1208/1667 178/87/1668
f 303/170/1669 304/1209/1670 1/222/1671
f 1/222/1672 85/221/1673 303/170/1674
f 318/1210/1675 28/1211/1676 317/1212/1677
f 228/1213/1678 28/1211/1679 318/1210/1680
f 58/1214/1681 228/1213/1682 318/1210/1683
f 228/1213/1684 58/1214/1685 40/1215/1686
f 424/1216/1687 229/1217/1688 16/1218/1689
f 16/1219/1690 229/1220/1691 411/1221/1692
f 193/923/1693 192/848/1694 276/847/1695
f 276/847/1696 269/980/1697 193/923/1698
f 445/1222/1699 234/1223/1700 80/1224/1701
f 22/1225/1702 63/1226/1703 204/1227/1704
f 22/1228/1705 64/1229/1706 63/1230/1707
f 411/1231/1708 321/1232/1709 230/1233/1710
f 15/1093/1711 411/1234/1712 230/1091/1713
f 447/1235/1714 397/1236/1715 128/1237/1716
f 138/1238/1717 397/1236/1718 447/1235/1719
f 446/1239/1720 396/1240/1721 138/1241/1722
f 396/1242/1723 397/1243/1724 138/1244/1725
f 14/1245/1726 222/1246/1727 254/1247/1728
f 233/1248/1729 319/1249/1730 279/1250/1731
f 244/1251/1732 447/1252/1733 127/1253/1734
f 436/1254/1735 437/1255/1736 244/1256/1737
f 189/644/1738 342/1257/1739 328/645/1740
f 378/361/1741 376/360/1742 392/700/1743
f 55/15/1744 392/700/1745 303/170/1746
f 377/1258/1747 191/1259/1748 376/1260/1749
f 352/1261/1750 351/1262/1751 209/1263/1752
f 271/1264/1753 416/1265/1754 352/1261/1755
f 394/1266/1756 30/1267/1757 178/1268/1758
f 136/1269/1759 220/1270/1760 137/1271/1761
f 136/1272/1762 439/1273/1763 220/514/1764
f 220/1274/1765 154/1275/1766 137/1276/1767
f 204/26/1768 137/473/1769 154/1277/1770
f 356/1278/1771 417/1279/1772 406/1087/1773
f 139/1280/1774 417/1281/1775 356/1282/1776
f 33/1283/1777 234/1284/1778 364/1285/1779
f 471/1286/1780 966/1287/1781 364/1288/1782 234/1289/1783
f 317/1212/1784 382/1290/1785 381/1291/1786
f 317/217/1787 381/1292/1788 319/218/1789
f 187/1293/1790 238/1294/1791 357/1295/1792
f 251/1296/1793 238/1297/1794 187/1298/1795
f 357/1299/1796 238/1300/1797 400/1301/1798
f 231/24/1799 226/23/1800 227/1302/1801
f 336/1303/1802 263/1304/1803 223/1305/1804
f 223/1305/1805 263/1304/1806 407/1306/1807
f 11/1307/1808 110/470/1809 10/1308/1810
f 72/1309/1811 67/1310/1812 87/1311/1813
f 72/1312/1814 87/1311/1815 11/1313/1816
f 334/474/1817 206/212/1818 117/1314/1819
f 199/505/1820 159/1315/1821 119/506/1822
f 308/94/1823 199/997/1824 384/531/1825
f 409/1316/1826 85/909/1827 255/1317/1828
f 293/1318/1829 329/1319/1830 395/1320/1831
f 193/923/1832 329/623/1833 293/1103/1834
f 215/1321/1835 276/847/1836 208/1322/1837
f 208/1322/1838 276/847/1839 20/846/1840
f 389/1323/1841 97/1324/1842 170/1325/1843
f 390/1026/1844 360/1025/1845 191/1024/1846
f 265/1326/1847 360/1327/1848 390/1328/1849
f 86/1329/1850 169/1330/1851 333/1331/1852
f 333/1331/1853 169/1330/1854 363/1332/1855
f 205/1333/1856 337/431/1857 184/433/1858
f 430/1334/1859 151/74/1860 410/76/1861
f 77/299/1862 121/139/1863 46/351/1864
f 154/1335/1865 221/1336/1866 166/1337/1867
f 344/363/1868 176/262/1869 356/1121/1870
f 128/1338/1871 397/1339/1872 230/1340/1873
f 393/836/1874 410/838/1875 229/1341/1876
f 229/1342/1877 410/1343/1878 321/1344/1879
f 295/57/1880 332/227/1881 341/58/1882
f 409/529/1883 287/745/1884 4/528/1885
f 321/1345/1886 47/423/1887 438/1346/1888
f 151/1347/1889 47/423/1890 321/1345/1891
f 959/1348/1892 456/1349/1893 416/1265/1894
f 128/1350/1895 127/1351/1896 447/1352/1897
f 107/1353/1898 358/821/1899 250/571/1900
f 356/1121/1901 176/262/1902 300/261/1903
f 208/1354/1904 421/1355/1905 53/1356/1906
f 971/1357/1907 961/1358/1908 37/1359/1909 404/1360/1910
f 81/78/1911 66/1361/1912 65/79/1913
f 429/1362/1914 273/1363/1915 414/1364/1916
f 414/1365/1917 273/1366/1918 412/1367/1919
f 274/1368/1920 273/1363/1921 429/1362/1922
f 399/1369/1923 3/1370/1924 5/1371/1925
f 142/1372/1926 40/1215/1927 196/1373/1928
f 228/1213/1929 40/1215/1930 142/1372/1931
f 71/1374/1932 61/608/1933 335/1375/1934
f 185/1376/1935 26/981/1936 270/1377/1937
f 977/1378/1938 473/1379/1939 17/1380/1940
f 394/1381/1941 236/1382/1942 30/88/1943
f 74/1383/1944 116/1384/1945 21/96/1946
f 138/1244/1947 447/1385/1948 446/1386/1949
f 1019/1387/1950 380/1388/1951 1030/1389/1952
f 284/858/1953 426/1390/1954 425/859/1955
f 102/1391/1956 132/1392/1957 76/1393/1958
f 136/1394/1959 137/1395/1960 179/1396/1961
f 437/1397/1962 442/1398/1963 448/1399/1964
f 489/1400/1965 1011/1401/1966 218/111/1967 260/1402/1968
f 90/67/1969 429/1403/1970 164/65/1971
f 164/65/1972 429/1403/1973 200/1404/1974
f 401/1405/1975 257/1406/1976 449/1407/1977
f 215/596/1978 222/760/1979 253/501/1980
f 195/504/1981 119/506/1982 120/469/1983
f 478/1408/1984 327/1409/1985 501/1410/1986
f 112/43/1987 246/42/1988 373/629/1989
f 348/820/1990 207/625/1991 122/301/1992
f 404/1411/1993 37/304/1994 34/1412/1995
f 140/1413/1996 223/1414/1997 212/1415/1998
f 336/1416/1999 223/1414/2000 140/1413/2001
f 444/1417/2002 127/1418/2003 443/1419/2004
f 244/1420/2005 127/1421/2006 444/1422/2007
f 418/1423/2008 384/849/2009 13/1424/2010
f 218/1425/2011 219/1426/2012 202/1427/2013
f 202/1428/2014 260/1429/2015 218/1430/2016
f 347/1431/2017 334/1432/2018 277/1433/2019
f 288/207/2020 150/1434/2021 211/309/2022
f 105/244/2023 33/1435/2024 91/359/2025
f 234/1436/2026 33/1437/2027 105/1438/2028
f 366/327/2029 331/586/2030 188/326/2031
f 331/991/2032 268/1439/2033 188/1440/2034
f 6/252/2035 351/251/2036 7/512/2037
f 439/1441/2038 342/290/2039 173/292/2040
f 79/1442/2041 216/1443/2042 36/1444/2043
f 123/1445/2044 36/1446/2045 216/1447/2046
f 399/1448/2047 5/1/2048 4/528/2049
f 51/223/2050 301/220/2051 209/949/2052
f 255/426/2053 51/223/2054 209/949/2055
f 338/213/2056 113/1094/2057 109/211/2058
f 347/1449/2059 42/1450/2060 41/1451/2061
f 83/1143/2062 75/1145/2063 231/1452/2064
f 22/1453/2065 204/1454/2066 362/1455/2067
f 437/1155/2068 448/1456/2069 243/1156/2070
f 432/1457/2071 98/1458/2072 349/1459/2073
f 349/1460/2074 167/1461/2075 432/1462/2076
f 60/1046/2077 331/1463/2078 298/1464/2079
f 161/1045/2080 331/1463/2081 60/1046/2082
f 286/1465/2083 82/1466/2084 328/1467/2085
f 455/1468/2086 496/1469/2087 371/1470/2088 198/1471/2089
f 204/1472/2090 63/1473/2091 326/1474/2092
f 380/1475/2093 296/1476/2094 302/1477/2095
f 302/1478/2096 49/1479/2097 380/1480/2098
f 394/1481/2099 83/1482/2100 395/1483/2101
f 394/1484/2102 395/1485/2103 329/623/2104
f 394/1486/2105 329/1487/2106 236/1488/2107
f 359/1489/2108 355/685/2109 224/684/2110
f 274/104/2111 435/103/2112 273/1490/2113
f 435/1491/2114 412/1492/2115 273/1493/2116
f 21/96/2117 116/1384/2118 100/1494/2119
f 190/1023/2120 360/1025/2121 272/1495/2122
f 329/623/2123 193/923/2124 330/622/2125
f 330/622/2126 193/923/2127 245/922/2128
f 315/337/2129 330/1496/2130 245/1497/2131
f 386/783/2132 23/782/2133 291/816/2134
f 189/101/2135 216/100/2136 173/1498/2137
f 441/1499/2138 382/1500/2139 256/1501/2140
f 303/182/2141 376/1502/2142 242/183/2143
f 190/1503/2144 376/1260/2145 191/1259/2146
f 174/1504/2147 94/1505/2148 61/1506/2149
f 3/2/2150 141/1507/2151 55/15/2152
f 55/15/2153 141/1507/2154 196/1180/2155
f 196/1112/2156 141/1508/2157 142/776/2158
f 141/1508/2159 116/777/2160 142/776/2161
f 74/1509/2162 182/1510/2163 116/1511/2164
f 170/1512/2165 74/1513/2166 389/1514/2167
f 171/1515/2168 84/1516/2169 399/1517/2170
f 340/1518/2171 117/1519/2172 98/868/2173
f 50/1520/2174 117/1521/2175 340/546/2176
f 118/1522/2177 117/1521/2178 50/1520/2179
f 209/949/2180 271/948/2181 352/1523/2182
f 18/1524/2183 320/1525/2184 414/1526/2185
f 53/1527/2186 43/1528/2187 208/1529/2188
f 200/1530/2189 429/1362/2190 414/1364/2191
f 259/1531/2192 129/50/2193 89/1532/2194
f 131/51/2195 129/50/2196 259/1531/2197
f 401/1533/2198 295/1534/2199 385/1535/2200
f 401/646/2201 449/1536/2202 422/45/2203
f 266/1537/2204 435/1538/2205 197/1539/2206
f 266/934/2207 412/933/2208 435/1540/2209
f 266/1541/2210 425/1542/2211 426/1543/2212
f 266/1541/2213 426/1543/2214 267/1544/2215
f 160/1545/2216 113/1546/2217 338/1547/2218
f 403/1548/2219 223/1549/2220 407/1550/2221
f 407/1550/2222 275/1551/2223 403/1548/2224
f 298/346/2225 336/814/2226 291/813/2227
f 99/1552/2228 64/1553/2229 100/1554/2230
f 64/1555/2231 99/1556/2232 63/1557/2233
f 266/1537/2234 197/1539/2235 391/1558/2236
f 197/1559/2237 88/1560/2238 391/1561/2239
f 266/1562/2240 391/1561/2241 425/1563/2242
f 120/469/2243 119/506/2244 104/970/2245
f 106/331/2246 156/300/2247 77/299/2248
f 391/860/2249 201/285/2250 284/858/2251
f 391/1564/2252 388/1565/2253 201/1566/2254
f 983/1567/2255 466/1568/2256 284/1173/2257
f 494/1569/2258 427/1570/2259 464/1571/2260
f 249/852/2261 372/1044/2262 149/853/2263
f 74/241/2264 170/1572/2265 27/242/2266
f 12/95/2267 408/582/2268 369/93/2269
f 423/1573/2270 232/1574/2271 247/1575/2272
f 334/630/2273 354/1576/2274 333/633/2275
f 334/1577/2276 41/1578/2277 354/1579/2278
f 309/1580/2279 150/1581/2280 402/1582/2281
f 290/162/2282 371/312/2283 103/311/2284
f 368/1583/2285 419/1584/2286 311/1585/2287
f 39/1586/2288 40/1587/2289 58/1042/2290
f 417/437/2291 258/487/2292 406/486/2293
f 4/528/2294 5/1/2295 2/3/2296
f 438/1588/2297 396/1589/2298 446/1590/2299
f 128/1591/2300 438/1592/2301 127/1593/2302
f 290/1594/2303 198/1595/2304 371/1596/2305
f 299/1597/2306 229/1598/2307 424/1216/2308
f 393/836/2309 229/1599/2310 299/839/2311
f 395/1600/2312 231/169/2313 293/168/2314
f 12/1601/2315 359/1003/2316 408/1152/2317
f 12/95/2318 49/1602/2319 359/1148/2320
f 359/1148/2321 49/1602/2322 302/180/2323
f 251/1296/2324 31/1603/2325 265/1604/2326
f 82/1605/2327 123/643/2328 328/645/2329
f 203/687/2330 95/199/2331 311/198/2332
f 307/191/2333 365/1606/2334 124/192/2335
f 291/710/2336 41/442/2337 294/114/2338
f 86/1607/2339 41/1608/2340 291/1609/2341
f 972/1610/2342 342/1257/2343 963/1611/2344
f 450/1612/2345 963/1613/2346 342/290/2347
f 81/1614/2348 345/925/2349 434/1615/2350
f 243/1616/2351 420/1079/2352 244/1617/2353
f 244/1617/2354 420/1079/2355 436/1081/2356
f 59/440/2357 232/1618/2358 289/1619/2359
f 59/440/2360 233/439/2361 232/1618/2362
f 265/1620/2363 31/1621/2364 152/1622/2365
f 152/1623/2366 31/1624/2367 158/1625/2368
f 129/724/2369 157/1626/2370 367/722/2371
f 244/1256/2372 437/1255/2373 447/1627/2374
f 437/1628/2375 443/1629/2376 447/1630/2377
f 349/418/2378 98/1631/2379 117/416/2380
f 279/1632/2381 319/218/2382 381/1292/2383
f 295/57/2384 335/56/2385 385/918/2386
f 331/1633/2387 366/1634/2388 263/1635/2389
f 81/1636/2390 434/47/2391 150/1018/2392
f 81/1637/2393 150/1638/2394 66/1639/2395
f 473/1640/2396 1010/927/2397 355/685/2398 17/1004/2399
f 115/44/2400 332/1641/2401 422/45/2402
f 202/380/2403 449/1536/2404 262/1642/2405
f 161/402/2406 162/174/2407 288/207/2408
f 161/1643/2409 288/1644/2410 111/1645/2411
f 67/171/2412 168/601/2413 373/629/2414
f 268/888/2415 161/402/2416 111/41/2417
f 83/1646/2418 394/1381/2419 178/87/2420
f 421/1647/2421 282/1648/2422 281/372/2423
f 253/501/2424 269/939/2425 215/596/2426
f 193/1649/2427 181/1650/2428 192/1651/2429
f 372/1652/2430 226/1653/2431 175/1100/2432
f 107/755/2433 322/1654/2434 405/1655/2435
f 107/832/2436 250/571/2437 322/1656/2438
f 339/1657/2439 340/1658/2440 166/72/2441
f 183/203/2442 186/845/2443 431/204/2444
f 282/1659/2445 421/1355/2446 20/1660/2447
f 20/1660/2448 421/1355/2449 208/1354/2450
f 101/430/2451 374/1661/2452 348/820/2453
f 348/820/2454 122/301/2455 101/430/2456
f 446/1662/2457 127/1663/2458 438/1664/2459
f 418/530/2460 13/267/2461 12/95/2462
f 13/267/2463 49/1602/2464 12/95/2465
f 415/784/2466 261/1665/2467 248/677/2468
f 446/1666/2469 447/1667/2470 443/1668/2471
f 446/1662/2472 443/1669/2473 127/1663/2474
f 38/1670/2475 73/1671/2476 390/1672/2477
f 73/1673/2478 265/1674/2479 390/1675/2480
f 202/380/2481 262/1642/2482 260/1402/2483
f 969/283/2484 157/286/2485 1001/1676/2486
f 91/1677/2487 37/1678/2488 156/1679/2489
f 184/1680/2490 187/1681/2491 186/1682/2492
f 449/1536/2493 202/380/2494 422/45/2495
f 88/1560/2496 388/1565/2497 391/1561/2498
f 307/1683/2499 146/315/2500 9/956/2501
f 9/1684/2502 78/1685/2503 307/1686/2504
f 238/1687/2505 251/1688/2506 265/1620/2507
f 257/1689/2508 385/1690/2509 350/1691/2510
f 350/1692/2511 385/1693/2512 61/1694/2513
f 277/1695/2514 334/1696/2515 117/1697/2516
f 36/642/2517 123/1698/2518 82/1699/2519
f 194/135/2520 155/308/2521 248/677/2522
f 154/1700/2523 220/1701/2524 221/1702/2525
f 213/89/2526 31/738/2527 251/1703/2528
f 365/1704/2529 307/686/2530 419/688/2531
f 996/1705/2532 94/1505/2533 997/1706/2534
f 148/137/2535 387/257/2536 292/316/2537
f 133/172/2538 387/257/2539 148/137/2540
f 80/1707/2541 105/244/2542 115/44/2543
f 132/202/2544 210/757/2545 240/332/2546
f 115/44/2547 445/626/2548 80/1707/2549
f 28/1211/2550 228/1213/2551 182/1708/2552
f 182/1709/2553 27/1710/2554 28/1711/2555
f 27/1712/2556 170/150/2557 70/329/2558
f 438/1664/2559 47/1713/2560 396/1714/2561
f 230/936/2562 438/938/2563 128/1715/2564
f 305/1716/2565 324/1717/2566 323/1718/2567
f 978/1719/2568 981/1720/2569 421/1721/2570
f 502/1722/2571 495/1723/2572 305/455/2573
f 83/1724/2574 102/1725/2575 76/1726/2576
f 316/20/2577 236/19/2578 330/622/2579
f 330/622/2580 315/1727/2581 316/20/2582
f 479/1728/2583 309/1729/2584 986/1730/2585
f 360/1731/2586 152/1732/2587 272/1733/2588
f 423/1573/2589 247/1575/2590 382/1734/2591
f 103/1735/2592 125/840/2593 225/134/2594
f 71/289/2595 125/840/2596 103/1735/2597
f 265/1736/2598 428/1737/2599 238/117/2600
f 428/1737/2601 280/149/2602 238/117/2603
f 448/1456/2604 442/1738/2605 420/1739/2606
f 243/1156/2607 448/1456/2608 420/1739/2609
f 211/309/2610 150/1434/2611 415/784/2612
f 125/840/2613 126/892/2614 225/134/2615
f 1012/683/2616 499/333/2617 153/335/2618 224/684/2619
f 148/137/2620 126/892/2621 264/138/2622
f 264/138/2623 126/892/2624 125/840/2625
f 402/1740/2626 150/1741/2627 434/1742/2628
f 261/717/2629 415/1743/2630 44/1020/2631
f 413/248/2632 449/539/2633 257/249/2634
f 29/1744/2635 350/1745/2636 94/1746/2637
f 428/1747/2638 39/1748/2639 280/1749/2640
f 400/116/2641 97/205/2642 431/204/2643
f 314/245/2644 332/1750/2645 115/44/2646
f 194/1751/2647 290/1752/2648 103/1753/2649
f 339/1754/2650 216/411/2651 50/1755/2652
f 50/1756/2653 216/1757/2654 118/1758/2655
f 14/502/2656 15/1093/2657 24/503/2658
f 441/1759/2659 279/1632/2660 381/1760/2661
f 441/1761/2662 256/1170/2663 279/1033/2664
f 270/457/2665 25/1762/2666 167/1763/2667
f 294/114/2668 41/442/2669 368/916/2670
f 254/1097/2671 43/358/2672 503/357/2673 504/1098/2674
f 8/485/2675 258/487/2676 506/1048/2677 1009/1764/2678
f 8/1765/2679 1009/1766/2680 505/1767/2681 271/1264/2682
f 364/1768/2683 1005/1769/2684 1008/1770/2685 34/1771/2686
f 258/487/2687 1004/1772/2688 510/1049/2689
f 136/1773/2690 1014/1774/2691 500/1775/2692
f 325/1776/2693 1016/1777/2694 1003/1778/2695
f 325/1776/2696 427/1779/2697 494/1780/2698 1016/1777/2699
f 136/1781/2700 500/1782/2701 492/1783/2702 439/1441/2703
f 260/1784/2704 490/1785/2705 489/1786/2706
f 326/323/2707 325/648/2708 487/1787/2709 999/1788/2710
f 305/455/2711 491/1789/2712 486/1790/2713 324/313/2714
f 52/1791/2715 998/1792/2716 498/1793/2717 434/47/2718
f 371/1794/2719 496/1795/2720 997/1796/2721 94/1797/2722
f 217/628/2723 992/1798/2724 484/369/2725 313/368/2726
f 217/1799/2727 218/1800/2728 1011/1801/2729 992/1802/2730
f 285/1803/2731 483/1804/2732 989/1805/2733 323/693/2734
f 326/323/2735 999/1806/2736 987/1807/2737
f 309/1729/2738 479/1728/2739 477/1808/2740 44/1809/2741
f 305/1716/2742 323/1718/2743 989/1810/2744 476/1811/2745
f 305/1812/2746 476/1813/2747 502/1814/2748
f 379/1192/2749 153/1815/2750 994/1816/2751 474/1817/2752
f 379/1192/2753 474/1817/2754 485/1190/2755
f 260/1818/2756 472/1819/2757 490/1820/2758
f 309/1821/2759 402/1822/2760 990/1823/2761 986/1824/2762
f 286/1825/2763 328/1826/2764 1015/1827/2765 985/1828/2766
f 284/1829/2767 984/1830/2768 983/1831/2769
f 29/1832/2770 467/1833/2771 1002/1834/2772
f 44/1835/2773 477/1836/2774 465/1837/2775
f 44/1020/2776 465/1838/2777 482/714/2778 261/717/2779
f 426/728/2780 284/1839/2781 466/1840/2782 463/725/2783
f 179/1841/2784 497/1842/2785 982/1843/2786
f 179/1396/2787 982/1844/2788 1014/1845/2789 136/1394/2790
f 421/1721/2791 981/1720/2792 1006/1846/2793 53/1847/2794
f 324/1848/2795 486/1849/2796 980/1850/2797 147/1851/2798
f 417/437/2799 979/436/2800 1004/1772/2801 258/487/2802
f 421/1647/2803 281/372/2804 1007/1852/2805 978/1853/2806
f 1028/1854/2807 1069/1855/2808 977/1378/2809 17/1380/2810
f 353/1856/2811 976/1857/2812 469/1858/2813 157/1859/2814
f 139/1860/2815 975/1861/2816 462/1862/2817 417/1863/2818
f 254/1864/2819 1000/1865/2820 975/1861/2821 139/1860/2822
f 439/1441/2823 492/1783/2824 460/1866/2825 342/290/2826
f 402/1867/2827 974/1868/2828 990/1869/2829
f 404/1870/2830 34/1871/2831 1013/1872/2832 971/1873/2833
f 326/323/2834 987/1807/2835 970/320/2836
f 445/627/2837 313/368/2838 481/1874/2839 471/1875/2840
f 234/1876/2841 445/1877/2842 471/1878/2843
f 417/437/2844 462/1879/2845 968/1880/2846
f 147/926/2847 980/1881/2848 967/1882/2849 52/121/2850
f 262/1642/2851 413/1883/2852 458/1884/2853 965/1885/2854
f 260/1818/2855 262/1886/2856 965/1887/2857 472/1819/2858
f 416/1888/2859 964/1889/2860 976/1890/2861 353/1891/2862
f 43/1892/2863 53/1893/2864 457/1894/2865 508/1895/2866
f 53/160/2867 991/159/2868 457/1896/2869
f 29/1744/2870 1002/1897/2871 962/1898/2872 413/540/2873
f 413/540/2874 962/1898/2875 458/1899/2876
f 416/1888/2877 456/1900/2878 964/1889/2879
f 198/1901/2880 144/1902/2881 475/1903/2882 455/1904/2883
f 286/555/2884 985/1905/2885 454/1906/2886 323/553/2887
f 285/1907/2888 323/693/2889 454/1908/2890 453/1909/2891
f 327/716/2892 995/715/2893 452/1910/2894
f 94/1911/2895 451/1912/2896 467/1913/2897 29/1914/2898
f 94/1915/2899 996/1916/2900 451/1917/2901
f 416/1265/2902 271/1264/2903 505/1767/2904 959/1348/2905
f 342/290/2906 460/1866/2907 450/1612/2908
f 515/1918/2909 512/1919/2910 513/1920/2911
f 520/1921/2912 521/1922/2913 907/1923/2914
f 526/1924/2915 524/1925/2916 525/1926/2917
f 548/1927/2918 549/1928/2919 550/1929/2920
f 526/1924/2921 525/1926/2922 920/1930/2923
f 564/1931/2924 565/1932/2925 512/1919/2926
f 813/1933/2927 511/1934/2928 949/1935/2929
f 745/1936/2930 668/1937/2931 825/1938/2932
f 585/1939/2933 740/1940/2934 735/1941/2935
f 583/1942/2936 549/1928/2937 548/1927/2938
f 713/1943/2939 871/1944/2940 664/1945/2941
f 598/1946/2942 599/1947/2943 600/1948/2944
f 533/1949/2945 800/1950/2946 596/1951/2947
f 831/1952/2948 732/1953/2949 721/1954/2950
f 618/1955/2951 619/1956/2952 779/1957/2953
f 621/1958/2954 622/1959/2955 755/1960/2956
f 625/1961/2957 728/1962/2958 931/1963/2959
f 943/1964/2960 562/1965/2961 854/1966/2962
f 639/1967/2963 640/1968/2964 641/1969/2965
f 624/1970/2966 634/1971/2967 832/1972/2968
f 844/1973/2969 850/1974/2970 804/1975/2971
f 540/1976/2972 541/1977/2973 668/1978/2974
f 673/1979/2975 600/1980/2976 599/1981/2977
f 674/1982/2978 645/1983/2979 644/1984/2980
f 664/1985/2981 578/1986/2982 675/1987/2983
f 661/1988/2984 919/1989/2985 830/1990/2986
f 519/1991/2987 575/1992/2988 591/1993/2989
f 604/1994/2990 879/1995/2991 683/1996/2992
f 1056/1997/2993 1726/1998/2994 559/1999/2995 889/2000/2996
f 687/2001/2997 722/2002/2998 540/2003/2999
f 693/2004/3000 694/2005/3001 692/2006/3002
f 878/2007/3003 522/2008/3004 817/2009/3005
f 531/2010/3006 532/2011/3007 610/2012/3008
f 633/2013/3009 698/2014/3010 725/2015/3011
f 706/2016/3012 783/2017/3013 944/2018/3014
f 662/2019/3015 774/2020/3016 869/2021/3017
f 714/2022/3018 642/2023/3019 618/2024/3020
f 728/1962/3021 726/2025/3022 727/2026/3023
f 746/2027/3024 570/2028/3025 803/2029/3026
f 909/2030/3027 884/2031/3028 747/2032/3029
f 973/119/3030 562/2033/3031 998/120/3032
f 761/2034/3033 758/2035/3034 852/2036/3035
f 669/2037/3036 629/2038/3037 614/2039/3038
f 891/2040/3039 765/2041/3040 756/2042/3041
f 513/2043/3042 651/2044/3043 594/2045/3044
f 734/2046/3045 613/2047/3046 703/2048/3047
f 658/2049/3048 631/2050/3049 773/2051/3050
f 709/2052/3051 673/2053/3052 768/2054/3053
f 668/1937/3054 662/2019/3055 781/2055/3056
f 585/2056/3057 750/2057/3058 586/2058/3059
f 885/2059/3060 781/2055/3061 699/2060/3062
f 789/2061/3063 606/2062/3064 679/2063/3065
f 790/2064/3066 821/2065/3067 791/2066/3068
f 557/2067/3069 525/2068/3070 534/2069/3071
f 1006/158/3072 563/2070/3073 991/159/3074
f 757/2071/3075 703/2072/3076 799/2073/3077
f 734/2074/3078 801/2075/3079 636/2076/3080
f 690/2077/3081 740/2078/3082 802/2079/3083
f 564/1931/3084 812/2080/3085 565/1932/3086
f 577/2081/3087 597/2082/3088 643/2083/3089
f 575/1992/3090 605/2084/3091 672/2085/3092
f 856/2086/3093 787/2087/3094 786/2088/3095
f 868/2089/3096 527/2090/3097 811/2091/3098
f 812/2092/3099 813/2093/3100 751/2094/3101
f 632/2095/3102 587/2096/3103 631/2097/3104
f 589/2098/3105 627/2099/3106 786/2100/3107
f 816/2101/3108 656/2102/3109 634/2103/3110
f 642/2104/3111 719/2105/3112 686/2106/3113
f 643/2083/3114 555/2107/3115 631/2050/3116
f 820/2108/3117 744/2109/3118 605/2110/3119
f 750/2057/3120 642/2111/3121 586/2112/3122
f 692/2113/3123 607/2114/3124 940/2115/3125
f 576/2116/3126 672/2085/3127 797/2117/3128
f 824/2118/3129 825/2119/3130 751/2120/3131
f 619/2121/3132 847/2122/3133 715/2123/3134
f 779/2124/3135 619/2125/3136 715/2126/3137
f 826/2127/3138 827/2128/3139 828/2129/3140
f 810/2130/3141 511/2131/3142 595/2132/3143
f 561/2133/3144 810/2130/3145 595/2132/3146
f 594/2134/3147 829/2135/3148 680/2136/3149
f 804/1975/3150 841/2137/3151 931/1963/3152
f 678/2138/3153 572/2139/3154 533/2140/3155
f 597/2082/3156 655/2141/3157 643/2083/3158
f 722/2142/3159 687/2143/3160 846/2144/3161
f 560/2145/3162 848/2146/3163 849/2147/3164
f 856/2148/3165 843/2149/3166 551/2150/3167
f 584/2151/3168 691/2152/3169 537/2153/3170
f 615/2154/3171 625/1961/3172 823/2155/3173
f 824/2156/3174 751/2120/3175 792/2157/3176
f 922/2158/3177 859/2159/3178 766/2160/3179
f 860/2161/3180 796/2162/3181 516/2163/3182
f 861/2164/3183 862/2165/3184 925/2166/3185
f 577/2081/3186 643/2083/3187 896/2167/3188
f 544/2168/3189 601/2169/3190 547/2170/3191
f 809/2171/3192 949/2172/3193 685/2173/3194
f 1726/2174/3195 1067/2175/3196 523/2176/3197 559/2177/3198
f 507/268/3199 453/270/3200 794/2178/3201
f 532/2179/3202 531/2180/3203 871/2181/3204
f 461/274/3205 966/276/3206 873/2182/3207
f 501/277/3208 452/279/3209 836/2183/3210
f 706/2016/3211 598/1946/3212 600/1948/3213
f 621/1958/3214 755/1960/3215 703/2048/3216
f 803/2184/3217 800/2185/3218 746/2186/3219
f 969/283/3220 667/2187/3221 710/2188/3222 480/284/3223
f 879/2189/3224 581/2190/3225 571/2191/3226
f 851/2192/3227 682/2193/3228 698/2194/3229
f 879/2195/3230 604/2196/3231 880/2197/3232
f 609/2198/3233 528/2199/3234 829/2200/3235
f 587/2201/3236 632/2202/3237 666/2203/3238
f 1055/2204/3239 547/2205/3240 1043/2206/3241
f 778/2207/3242 558/2208/3243 919/2209/3244
f 797/2117/3245 621/1958/3246 665/2210/3247
f 720/2211/3248 797/2117/3249 665/2210/3250
f 879/2212/3251 880/2213/3252 613/2214/3253
f 833/2215/3254 656/2216/3255 657/2217/3256
f 801/2218/3257 734/2046/3258 703/2048/3259
f 677/2219/3260 582/2220/3261 577/2221/3262
f 970/320/3263 835/2222/3264 689/2223/3265 468/321/3266
f 519/2224/3267 588/2225/3268 575/1992/3269
f 697/2226/3270 875/2227/3271 622/1959/3272
f 741/2228/3273 798/2229/3274 580/2230/3275
f 616/2231/3276 823/2155/3277 587/2201/3278
f 750/2057/3279 749/2232/3280 642/2111/3281
f 499/333/3282 663/2233/3283 994/334/3284
f 852/2036/3285 735/1941/3286 736/2234/3287
f 824/2235/3288 748/2236/3289 754/2237/3290
f 667/2238/3291 862/2239/3292 640/2240/3293
f 645/2241/3294 678/2138/3295 872/2242/3296
f 746/2186/3297 807/2243/3298 570/2244/3299
f 792/2245/3300 751/2094/3301 813/2093/3302
f 835/2222/3303 713/1943/3304 689/2223/3305
f 725/2246/3306 682/2247/3307 730/2248/3308
f 556/2249/3309 587/2201/3310 823/2155/3311
f 625/1961/3312 726/2250/3313 728/1962/3314
f 672/2085/3315 576/2116/3316 575/1992/3317
f 546/2251/3318 624/2252/3319 592/2253/3320
f 508/356/3321 553/2254/3322 503/357/3323
f 601/2255/3324 615/2154/3325 616/2231/3326
f 885/2256/3327 886/2257/3328 887/2258/3329
f 511/2131/3330 853/2259/3331 685/2173/3332
f 810/2260/3333 853/2261/3334 511/2262/3335
f 960/367/3336 484/369/3337 822/2263/3338
f 488/370/3339 888/2264/3340 790/2265/3341 493/371/3342
f 1061/2266/3343 1045/2267/3344 889/2268/3345
f 676/2269/3346 779/2270/3347 715/2271/3348
f 728/1962/3349 711/2272/3350 931/1963/3351
f 655/2141/3352 555/2107/3353 643/2083/3354
f 628/2273/3355 627/2274/3356 589/2275/3357
f 812/2080/3358 564/1931/3359 595/2132/3360
f 892/2276/3361 719/2277/3362 644/2278/3363
f 1067/2279/3364 1053/2280/3365 523/2281/3366
f 675/2282/3367 578/2283/3368 942/2284/3369
f 1003/393/3370 834/2285/3371 487/394/3372
f 897/2286/3373 710/2287/3374 876/2288/3375
f 763/2289/3376 524/2290/3377 526/2291/3378
f 605/2084/3379 744/2292/3380 671/2293/3381
f 529/2294/3382 603/2295/3383 546/2296/3384
f 1059/2297/3385 893/2298/3386 1052/2299/3387
f 628/2300/3388 589/2301/3389 725/2302/3390
f 552/2303/3391 877/2304/3392 542/2305/3393
f 627/2306/3394 858/2307/3395 715/2308/3396
f 914/2309/3397 732/2310/3398 831/2311/3399
f 905/2312/3400 906/2313/3401 557/2314/3402
f 521/1922/3403 582/2315/3404 907/1923/3405
f 764/2316/3406 561/2133/3407 595/2132/3408
f 908/2317/3409 513/2318/3410 594/2319/3411
f 632/2202/3412 611/2320/3413 666/2203/3414
f 846/2321/3415 693/2322/3416 696/2323/3417
f 846/2321/3418 696/2323/3419 722/2324/3420
f 470/435/3421 926/2325/3422 979/436/3423
f 828/2326/3424 569/2327/3425 742/2328/3426
f 863/2329/3427 596/2330/3428 551/2331/3429
f 766/2332/3430 894/2333/3431 910/2334/3432
f 703/2048/3433 665/2210/3434 621/1958/3435
f 645/2335/3436 572/2336/3437 678/2337/3438
f 742/2338/3439 741/2339/3440 756/2340/3441
f 495/453/3442 814/2341/3443 491/454/3444
f 694/2342/3445 618/2343/3446 779/2344/3447
f 618/2343/3448 694/2342/3449 693/2345/3450
f 680/2346/3451 681/2347/3452 908/2348/3453
f 912/2349/3454 907/2350/3455 582/2351/3456
f 853/2352/3457 810/2353/3458 780/2354/3459
f 630/2355/3460 521/2356/3461 620/2357/3462
f 688/2358/3463 689/2223/3464 647/2359/3465
f 715/2123/3466 602/2360/3467 843/2361/3468
f 601/2362/3469 544/2363/3470 543/2364/3471
f 520/2365/3472 907/2366/3473 914/2367/3474
f 518/2368/3475 853/2369/3476 780/2370/3477
f 518/2371/3478 767/2372/3479 915/2373/3480
f 570/2374/3481 744/2375/3482 803/2376/3483
f 876/2377/3484 710/2378/3485 667/2379/3486
f 936/2380/3487 776/2381/3488 528/2382/3489
f 507/268/3490 794/2178/3491 483/497/3492
f 762/2383/3493 661/2384/3494 534/2385/3495
f 762/2386/3496 534/2387/3497 524/2388/3498
f 704/2389/3499 629/2390/3500 708/2391/3501
f 478/507/3502 836/2392/3503 654/2393/3504 475/508/3505
f 819/2394/3506 641/1969/3507 517/2395/3508
f 682/2247/3509 729/2396/3510 730/2397/3511
f 591/2398/3512 854/2399/3513 519/2400/3514
f 624/2401/3515 795/2402/3516 592/2403/3517
f 914/2404/3518 907/2366/3519 912/2405/3520
f 573/2406/3521 528/2407/3522 609/2408/3523
f 779/2344/3524 535/2409/3525 536/2410/3526
f 514/2411/3527 918/2412/3528 595/2132/3529
f 927/2413/3530 893/2414/3531 817/2009/3532
f 830/2415/3533 738/2416/3534 920/2417/3535
f 614/2039/3536 620/2418/3537 881/2419/3538
f 852/2036/3539 736/2234/3540 815/2420/3541
f 736/2234/3542 567/2421/3543 815/2420/3544
f 958/2422/3545 771/2423/3546 922/2424/3547
f 660/2425/3548 924/2426/3549 554/2427/3550
f 675/2428/3551 608/2429/3552 849/2430/3553
f 594/2431/3554 609/2432/3555 829/2433/3556
f 609/2434/3557 594/2045/3558 610/2435/3559
f 832/2436/3560 795/2437/3561 624/2438/3562
f 681/2439/3563 819/2440/3564 516/2441/3565
f 516/2163/3566 819/2394/3567 517/2395/3568
f 581/2442/3569 879/2443/3570 613/2444/3571
f 694/2445/3572 607/2446/3573 692/2447/3574
f 607/2448/3575 694/2449/3576 536/2410/3577
f 660/2450/3578 576/2451/3579 797/2452/3580
f 833/2215/3581 832/2453/3582 656/2216/3583
f 759/2454/3584 721/2455/3585 572/2456/3586
f 861/2457/3587 860/2458/3588 517/2459/3589
f 861/2457/3590 517/2459/3591 640/2240/3592
f 850/1974/3593 823/2155/3594 841/2460/3595
f 759/2461/3596 831/2462/3597 721/2463/3598
f 579/2464/3599 917/2465/3600 878/2007/3601
f 579/2466/3602 815/2467/3603 567/2468/3604
f 807/2243/3605 772/2469/3606 840/2470/3607
f 468/588/3608 689/2471/3609 688/2472/3610 497/589/3611
f 1055/2473/3612 1051/2474/3613 547/2475/3614
f 553/2476/3615 717/2477/3616 724/2478/3617
f 773/2051/3618 850/1974/3619 844/1973/3620
f 960/598/3621 822/2479/3622 481/599/3623
f 677/2480/3624 784/2481/3625 582/2482/3626
f 582/2482/3627 784/2481/3628 912/2405/3629
f 875/2483/3630 772/2484/3631 916/2485/3632
f 879/2212/3633 571/2486/3634 683/2487/3635
f 730/2488/3636 675/2489/3637 848/2490/3638
f 723/2491/3639 703/2048/3640 755/1960/3641
f 941/2492/3642 855/2493/3643 535/2494/3644
f 941/2495/3645 535/2496/3646 676/2497/3647
f 545/2498/3648 585/2499/3649 684/2500/3650
f 839/2501/3651 838/2502/3652 745/1936/3653
f 870/2503/3654 716/2504/3655 704/2389/3656
f 954/2505/3657 726/2250/3658 625/1961/3659
f 954/2506/3660 822/2263/3661 726/2507/3662
f 677/2480/3663 882/2508/3664 622/1959/3665
f 843/2509/3666 602/2510/3667 872/2511/3668
f 843/2509/3669 872/2511/3670 842/2512/3671
f 670/2513/3672 892/2514/3673 872/2511/3674
f 847/2515/3675 670/2513/3676 872/2511/3677
f 663/2516/3678 733/2517/3679 653/2518/3680
f 624/2519/3681 546/2520/3682 603/2521/3683
f 633/2522/3684 837/2523/3685 698/2524/3686
f 804/1975/3687 931/1963/3688 910/2525/3689
f 909/2030/3690 606/2062/3691 884/2031/3692
f 909/2030/3693 607/2114/3694 606/2062/3695
f 606/2062/3696 789/2061/3697 884/2031/3698
f 835/2222/3699 834/2526/3700 573/2527/3701
f 748/2528/3702 824/2156/3703 792/2157/3704
f 829/2529/3705 923/2530/3706 709/2531/3707
f 829/2532/3708 709/2533/3709 819/2534/3710
f 545/2535/3711 617/2536/3712 867/2537/3713
f 600/1948/3714 783/2017/3715 706/2016/3716
f 588/2225/3717 712/2538/3718 605/2084/3719
f 605/2084/3720 575/1992/3721 588/2225/3722
f 702/2539/3723 558/2540/3724 778/2541/3725
f 798/2542/3726 789/2543/3727 580/2544/3728
f 580/2545/3729 789/2546/3730 679/2547/3731
f 509/669/3732 544/2548/3733 1013/670/3734
f 1008/672/3735 544/2548/3736 509/669/3737
f 1058/2549/3738 1061/2266/3739 889/2268/3740 805/2550/3741
f 882/2508/3742 801/2218/3743 723/2491/3744
f 770/2551/3745 757/2552/3746 654/2553/3747
f 757/2554/3748 799/2555/3749 654/2556/3750
f 799/2555/3751 707/2557/3752 654/2556/3753
f 993/682/3754 864/2558/3755 733/2559/3756 1012/683/3757
f 816/2560/3758 928/2561/3759 712/2562/3760
f 712/2538/3761 928/2563/3762 820/2564/3763
f 882/2508/3764 723/2491/3765 755/1960/3766
f 585/2056/3767 545/2565/3768 750/2057/3769
f 545/2565/3770 749/2566/3771 750/2057/3772
f 832/2567/3773 634/2568/3774 656/2569/3775
f 888/2570/3776 821/2571/3777 790/2265/3778
f 557/2067/3779 534/2069/3780 661/2572/3781
f 730/2248/3782 848/2573/3783 725/2246/3784
f 901/2574/3785 812/2080/3786 885/2256/3787
f 614/2575/3788 881/2576/3789 669/2577/3790
f 791/2578/3791 566/2579/3792 530/2580/3793
f 858/2581/3794 676/2582/3795 715/2583/3796
f 800/2584/3797 807/2585/3798 746/2586/3799
f 949/2172/3800 511/2131/3801 685/2173/3802
f 885/2059/3803 751/2587/3804 825/1938/3805
f 482/714/3806 770/2588/3807 836/2589/3808 995/715/3809
f 811/2590/3810 527/2591/3811 805/2592/3812
f 580/2230/3813 932/2593/3814 741/2228/3815
f 876/2594/3816 639/2595/3817 599/2596/3818
f 463/725/3819 935/2597/3820 936/2598/3821 464/726/3822
f 583/2599/3823 937/2600/3824 549/2601/3825
f 783/2602/3826 600/2603/3827 938/2604/3828
f 760/2605/3829 722/2606/3830 696/2607/3831
f 540/2003/3832 722/2002/3833 541/2608/3834
f 855/2609/3835 578/2610/3836 531/2611/3837
f 672/2612/3838 605/2613/3839 671/2614/3840
f 796/2615/3841 514/2411/3842 516/2616/3843
f 516/2617/3844 514/2618/3845 681/2619/3846
f 696/2620/3847 695/2621/3848 866/2622/3849
f 768/2623/3850 673/1979/3851 599/1981/3852
f 806/2624/3853 520/2625/3854 617/2626/3855
f 719/2627/3856 674/2628/3857 644/2629/3858
f 762/2386/3859 524/2388/3860 731/2630/3861
f 939/2631/3862 661/2384/3863 762/2383/3864
f 786/2632/3865 787/2633/3866 546/2634/3867
f 787/2635/3868 529/2636/3869 546/2637/3870
f 546/2296/3871 589/2638/3872 786/2639/3873
f 645/2640/3874 872/2511/3875 892/2641/3876
f 644/2642/3877 645/2643/3878 892/2644/3879
f 691/2152/3880 652/2645/3881 737/2646/3882
f 691/2152/3883 626/2647/3884 652/2645/3885
f 743/2648/3886 590/2649/3887 615/2650/3888
f 721/2651/3889 895/2652/3890 533/2653/3891
f 924/2654/3892 720/2211/3893 665/2210/3894
f 776/2655/3895 936/2656/3896 935/2657/3897
f 630/2658/3898 655/2659/3899 521/2660/3900
f 655/2659/3901 597/2661/3902 521/2660/3903
f 895/2662/3904 721/2455/3905 650/2663/3906
f 686/2664/3907 719/2665/3908 892/2666/3909
f 732/2310/3910 914/2309/3911 912/2667/3912
f 655/2668/3913 632/2669/3914 555/2670/3915
f 655/2141/3916 716/2504/3917 632/2202/3918
f 887/2671/3919 565/2672/3920 901/2673/3921
f 940/2674/3922 909/2675/3923 695/2676/3924
f 709/2677/3925 768/2678/3926 641/2679/3927
f 709/2680/3928 641/2681/3929 819/2682/3930
f 800/2683/3931 650/2684/3932 845/2685/3933
f 800/2686/3934 895/2652/3935 650/2687/3936
f 630/2355/3937 704/2389/3938 716/2504/3939
f 1046/2688/3940 1049/2689/3941 857/2690/3942 870/2503/3943
f 674/2628/3944 719/2627/3945 867/2691/3946
f 653/2518/3947 566/2692/3948 821/2065/3949
f 653/2518/3950 579/2693/3951 566/2692/3952
f 639/2694/3953 667/2695/3954 640/2696/3955
f 937/2697/3956 583/2698/3957 774/2699/3958
f 914/2700/3959 617/2701/3960 520/2702/3961
f 608/2703/3962 942/2704/3963 941/2705/3964
f 902/2706/3965 919/2707/3966 748/2708/3967
f 808/2709/3968 902/2706/3969 748/2708/3970
f 773/2051/3971 844/1973/3972 635/2710/3973
f 844/1973/3974 581/2190/3975 635/2710/3976
f 873/2711/3977 543/2712/3978 544/2713/3979
f 640/1968/3980 517/2395/3981 641/1969/3982
f 693/2714/3983 692/2113/3984 695/2715/3985
f 567/2421/3986 785/2716/3987 530/2717/3988
f 785/2716/3989 567/2421/3990 701/2718/3991
f 893/2719/3992 704/2720/3993 708/2721/3994
f 817/2009/3995 659/2722/3996 758/2723/3997
f 598/2724/3998 897/2286/3999 876/2288/4000
f 598/2725/4001 876/2726/4002 599/2727/4003
f 793/2728/4004 900/2729/4005 934/2730/4006
f 655/2141/4007 630/2355/4008 716/2504/4009
f 936/2731/4010 573/2732/4011 834/2733/4012
f 573/2734/4013 936/2735/4014 528/2736/4015
f 675/2737/4016 942/2738/4017 608/2739/4018
f 772/2469/4019 807/2243/4020 845/2685/4021
f 618/2740/4022 693/2741/4023 714/2742/4024
f 459/873/4025 851/2743/4026 837/2744/4027 1015/874/4028
f 459/877/4029 972/879/4030 851/2745/4031
f 469/880/4032 667/2746/4033 1001/881/4034
f 567/2747/4035 690/2748/4036 701/2749/4037
f 736/2234/4038 690/2750/4039 567/2421/4040
f 847/2515/4041 602/2510/4042 715/2751/4043
f 622/1959/4044 777/2752/4045 697/2226/4046
f 872/2511/4047 602/2510/4048 847/2515/4049
f 1054/2753/4050 1050/2754/4051 527/2755/4052
f 631/2050/4053 556/2249/4054 773/2051/4055
f 556/2249/4056 850/1974/4057 773/2051/4058
f 636/2756/4059 801/2218/4060 658/2049/4061
f 530/2717/4062 566/2757/4063 567/2421/4064
f 610/2758/4065 594/2045/4066 626/2759/4067
f 651/2760/4068 626/2761/4069 594/2762/4070
f 1049/2763/4071 1062/2764/4072 857/2765/4073
f 612/2766/4074 714/2767/4075 846/2768/4076
f 687/2143/4077 612/2769/4078 846/2144/4079
f 973/906/4080 967/908/4081 562/2770/4082
f 595/2771/4083 512/2772/4084 514/2773/4085
f 823/2774/4086 850/2775/4087 556/2776/4088
f 803/2777/4089 744/2292/4090 820/2564/4091
f 820/2108/4092 877/2778/4093 803/2029/4094
f 617/2626/4095 545/2498/4096 684/2500/4097
f 610/2012/4098 532/2011/4099 574/2779/4100
f 571/2191/4101 844/1973/4102 894/2780/4103
f 539/2781/4104 859/2782/4105 922/2783/4106
f 754/2784/4107 558/2785/4108 702/2786/4109
f 562/2033/4110 657/2787/4111 854/2788/4112
f 993/682/4113 1010/927/4114 864/2558/4115
f 632/2202/4116 631/2050/4117 555/2107/4118
f 603/2789/4119 634/2790/4120 624/1970/4121
f 713/1943/4122 647/2359/4123 689/2223/4124
f 616/2231/4125 666/2203/4126 601/2255/4127
f 558/2791/4128 748/2792/4129 919/2793/4130
f 754/2784/4131 748/2792/4132 558/2791/4133
f 921/2794/4134 776/2795/4135 775/2796/4136
f 739/2797/4137 947/2798/4138 830/2799/4139
f 778/2800/4140 724/2478/4141 785/2801/4142
f 842/2802/4143 596/2803/4144 863/2804/4145
f 875/2805/4146 677/2806/4147 622/2807/4148
f 677/2806/4149 875/2805/4150 784/2808/4151
f 810/2130/4152 718/2809/4153 780/2810/4154
f 827/2811/4155 568/2812/4156 828/2813/4157
f 569/2814/4158 828/2815/4159 568/2816/4160
f 823/2155/4161 616/2231/4162 615/2154/4163
f 519/2817/4164 854/2818/4165 656/2216/4166
f 656/2216/4167 854/2818/4168 657/2217/4169
f 470/958/4170 968/960/4171 926/2819/4172
f 461/961/4173 873/2820/4174 1005/962/4175
f 948/2821/4176 729/2396/4177 682/2247/4178
f 777/2752/4179 622/1959/4180 621/1958/4181
f 763/2822/4182 553/2476/4183 724/2478/4184
f 731/2630/4185 763/2822/4186 724/2478/4187
f 882/2508/4188 577/2081/4189 896/2167/4190
f 551/2823/4191 877/2304/4192 552/2303/4193
f 817/2009/4194 522/2008/4195 927/2413/4196
f 748/2824/4197 792/2825/4198 949/2826/4199
f 630/2355/4200 620/2357/4201 614/2827/4202
f 740/2828/4203 593/2829/4204 904/2830/4205
f 789/2061/4206 747/2032/4207 884/2031/4208
f 784/2831/4209 875/2832/4210 916/2833/4211
f 778/2834/4212 939/2835/4213 762/2836/4214
f 919/2793/4215 939/2631/4216 778/2837/4217
f 536/2838/4218 898/2839/4219 607/2840/4220
f 740/2841/4221 690/2842/4222 736/2843/4223
f 596/2844/4224 678/2845/4225 533/2846/4226
f 723/2491/4227 801/2218/4228 703/2048/4229
f 777/2847/4230 671/2848/4231 840/2849/4232
f 892/2850/4233 623/2851/4234 686/2852/4235
f 623/2851/4236 892/2850/4237 670/2853/4238
f 708/2854/4239 659/2722/4240 817/2009/4241
f 669/2855/4242 659/2722/4243 708/2854/4244
f 680/2856/4245 819/2857/4246 681/2858/4247
f 829/2859/4248 819/2857/4249 680/2856/4250
f 864/2558/4251 527/2860/4252 868/2861/4253
f 498/1005/4254 943/2862/4255 911/2863/4256 974/1006/4257
f 619/2864/4258 642/2865/4259 686/2866/4260
f 642/2865/4261 619/2864/4262 618/2867/4263
f 712/2562/4264 588/2868/4265 816/2869/4266
f 536/2870/4267 855/2871/4268 898/2872/4269
f 660/2873/4270 554/2874/4271 818/2875/4272
f 607/2840/4273 679/2876/4274 606/2877/4275
f 658/2049/4276 643/2083/4277 631/2050/4278
f 699/2878/4279 869/2879/4280 700/2880/4281
f 899/2881/4282 705/2882/4283 700/2880/4284
f 859/2883/4285 604/2884/4286 571/2885/4287
f 924/2654/4288 665/2210/4289 757/2552/4290
f 852/2886/4291 815/2467/4292 761/2887/4293
f 742/2328/4294 756/2888/4295 788/2889/4296
f 1007/1035/4297 493/1037/4298 790/2890/4299
f 549/2891/4300 798/2892/4301 568/2893/4302
f 569/2327/4303 568/2894/4304 798/2895/4305
f 852/2886/4306 758/2723/4307 735/2896/4308
f 735/2896/4309 758/2723/4310 881/2897/4311
f 671/2898/4312 744/2899/4313 570/2900/4314
f 506/1048/4315 510/1049/4316 767/2372/4317
f 542/2305/4318 877/2901/4319 928/2563/4320
f 881/2902/4321 659/2903/4322 669/2904/4323
f 817/2009/4324 761/2887/4325 878/2007/4326
f 817/2905/4327 758/2906/4328 761/2907/4329
f 512/2772/4330 595/2771/4331 564/2908/4332
f 770/2909/4333 654/2910/4334 836/2911/4335
f 881/2912/4336 806/2913/4337 684/2914/4338
f 781/2055/4339 885/2059/4340 825/1938/4341
f 891/2915/4342 932/2916/4343 826/2917/4344
f 538/2918/4345 932/2919/4346 537/2920/4347
f 932/2916/4348 580/2921/4349 537/2922/4350
f 932/2919/4351 538/2918/4352 826/2923/4353
f 890/2924/4354 950/2925/4355 891/2926/4356
f 945/2927/4357 946/2928/4358 951/2929/4359
f 929/2930/4360 945/2931/4361 951/2932/4362
f 518/2933/4363 915/2934/4364 853/2935/4365
f 853/2936/4366 915/2937/4367 865/2938/4368
f 942/2939/4369 578/2610/4370 941/2940/4371
f 941/2940/4372 578/2610/4373 855/2609/4374
f 525/2068/4375 557/2067/4376 906/2941/4377
f 739/2942/4378 525/2943/4379 906/2944/4380
f 619/2121/4381 686/2945/4382 623/2946/4383
f 1000/1096/4384 504/1098/4385 763/2947/4386
f 585/2948/4387 735/2949/4388 684/2950/4389
f 690/2951/4390 802/2952/4391 702/2786/4392
f 579/2953/4393 567/2421/4394 566/2757/4395
f 821/2065/4396 566/2692/4397 791/2066/4398
f 855/2954/4399 531/2955/4400 898/2956/4401
f 584/2957/4402 898/2958/4403 531/2959/4404
f 548/2960/4405 550/2961/4406 705/2962/4407
f 899/2963/4408 548/2964/4409 705/2965/4410
f 513/1920/4411 512/1919/4412 565/1932/4413
f 617/2626/4414 684/2966/4415 806/2624/4416
f 716/2504/4417 870/2503/4418 857/2690/4419
f 881/2419/4420 620/2418/4421 806/2624/4422
f 620/2967/4423 520/2968/4424 806/2969/4425
f 865/2970/4426 649/2971/4427 809/2171/4428
f 763/2972/4429 526/2973/4430 649/2974/4431
f 645/2975/4432 674/2976/4433 572/2977/4434
f 759/2978/4435 572/2979/4436 867/2980/4437
f 867/2980/4438 572/2979/4439 674/2981/4440
f 545/2982/4441 719/2627/4442 749/2566/4443
f 867/2691/4444 719/2627/4445 545/2982/4446
f 808/2983/4447 748/2984/4448 949/2985/4449
f 809/2986/4450 808/2983/4451 949/2985/4452
f 681/2347/4453 514/2987/4454 908/2988/4455
f 718/2809/4456 918/2412/4457 796/2615/4458
f 764/2316/4459 918/2412/4460 718/2809/4461
f 718/2989/4462 796/2990/4463 860/2991/4464
f 593/2992/4465 585/2993/4466 586/2994/4467
f 549/2601/4468 789/2995/4469 798/2996/4470
f 861/2457/4471 640/2240/4472 862/2239/4473
f 868/2997/4474 917/2465/4475 733/2998/4476
f 653/2518/4477 821/2065/4478 888/2999/4479
f 888/2999/4480 663/2516/4481 653/2518/4482
f 733/2559/4483 917/3000/4484 653/3001/4485
f 917/3000/4486 579/3002/4487 653/3001/4488
f 882/2508/4489 896/2167/4490 801/2218/4491
f 792/2825/4492 813/3003/4493 949/2826/4494
f 946/3004/4495 953/3005/4496 752/3006/4497
f 953/3007/4498 946/3008/4499 952/3009/4500
f 776/3010/4501 921/3011/4502 528/3012/4503
f 528/3013/4504 921/3014/4505 923/3015/4506
f 714/3016/4507 612/3017/4508 642/3018/4509
f 788/2889/4510 756/2888/4511 765/3019/4512
f 480/1171/4513 710/3020/4514 793/3021/4515 984/1172/4516
f 933/3022/4517 809/2171/4518 649/2971/4519
f 808/3023/4520 809/3024/4521 933/3025/4522
f 933/3022/4523 649/2971/4524 526/3026/4525
f 565/1932/4526 887/2258/4527 705/3027/4528
f 705/3027/4529 887/2258/4530 700/3028/4531
f 909/3029/4532 866/3030/4533 695/3031/4534
f 887/2258/4535 886/2257/4536 700/3028/4537
f 855/2493/4538 536/3032/4539 535/3033/4540
f 540/3034/4541 668/3035/4542 745/3036/4543
f 781/2055/4544 825/1938/4545 668/1937/4546
f 485/1190/4547 888/3037/4548 988/1191/4549
f 488/1193/4550 988/1195/4551 888/3038/4552
f 815/2467/4553 579/2464/4554 878/2007/4555
f 761/2887/4556 815/2467/4557 878/2007/4558
f 578/3039/4559 664/3040/4560 871/3041/4561
f 871/3042/4562 531/3043/4563 578/3044/4564
f 752/3045/4565 953/3046/4566 753/3047/4567
f 721/3048/4568 533/3049/4569 572/2139/4570
f 612/3050/4571 687/2001/4572 593/3051/4573
f 812/2080/4574 511/2131/4575 813/3052/4576
f 511/2131/4577 812/2080/4578 595/2132/4579
f 827/3053/4580 826/3054/4581 538/3055/4582
f 737/3056/4583 827/3053/4584 538/3055/4585
f 568/3057/4586 827/3053/4587 737/3056/4588
f 737/3056/4589 550/3058/4590 568/3057/4591
f 933/3059/4592 526/3060/4593 738/3061/4594
f 526/3062/4595 920/3063/4596 738/3064/4597
f 702/2786/4598 785/2716/4599 701/2718/4600
f 785/2716/4601 702/2786/4602 778/2837/4603
f 954/3065/4604 590/3066/4605 743/3067/4606
f 532/3068/4607 713/3069/4608 573/3070/4609
f 532/3071/4610 573/3072/4611 574/3073/4612
f 920/3074/4613 739/3075/4614 830/3076/4615
f 525/2943/4616 739/2942/4617 920/3077/4618
f 956/3078/4619 638/3079/4620 906/3080/4621
f 648/3081/4622 956/3078/4623 906/3080/4624
f 955/3082/4625 648/3083/4626 905/3084/4627
f 905/3085/4628 648/3086/4629 906/3087/4630
f 524/3088/4631 763/3089/4632 731/3090/4633
f 742/3091/4634 788/3092/4635 828/3093/4636
f 753/3094/4637 637/3095/4638 956/3096/4639
f 945/3097/4640 753/3098/4641 946/3099/4642
f 698/2524/4643 837/2523/4644 851/3100/4645
f 887/2258/4646 901/2574/4647 885/2256/4648
f 565/1932/4649 812/2080/4650 901/2574/4651
f 886/3101/4652 885/3102/4653 700/3103/4654
f 861/3104/4655 718/3105/4656 860/3106/4657
f 780/3107/4658 861/3104/4659 925/3108/4660
f 903/3109/4661 687/3110/4662 540/3111/4663
f 646/3112/4664 647/3113/4665 729/3114/4666
f 646/3115/4667 729/2396/4668 948/3116/4669
f 729/3117/4670 647/3118/4671 664/3119/4672
f 713/1943/4673 664/3120/4674 647/2359/4675
f 865/3121/4676 915/2937/4677 926/3122/4678
f 649/3123/4679 865/3124/4680 926/3125/4681
f 543/3126/4682 873/3127/4683 743/3128/4684
f 471/1286/4685 743/3129/4686 873/3130/4687 966/1287/4688
f 826/3054/4689 890/3131/4690 891/3132/4691
f 826/2127/4692 828/2129/4693 890/3133/4694
f 696/3134/4695 866/3135/4696 747/3136/4697
f 760/3137/4698 696/3138/4699 747/3139/4700
f 866/3140/4701 909/3141/4702 747/3142/4703
f 740/1940/4704 736/3143/4705 735/1941/4706
f 845/3144/4707 732/3145/4708 772/3146/4709
f 732/3145/4710 916/3147/4711 772/3146/4712
f 521/3148/4713 520/3149/4714 620/2357/4715
f 582/3150/4716 597/3151/4717 577/3152/4718
f 582/3153/4719 521/3154/4720 597/3151/4721
f 843/2361/4722 627/3155/4723 715/2123/4724
f 708/2391/4725 629/2390/4726 669/3156/4727
f 817/2009/4728 893/2414/4729 708/2854/4730
f 918/3157/4731 764/3158/4732 595/2771/4733
f 802/3159/4734 904/3160/4735 838/3161/4736
f 702/2786/4737 802/2952/4738 838/2502/4739
f 724/3162/4740 717/3163/4741 785/2716/4742
f 717/3163/4743 530/2717/4744 785/2716/4745
f 898/3164/4746 679/3165/4747 607/3166/4748
f 899/2881/4749 700/2880/4750 869/2879/4751
f 774/3167/4752 899/3168/4753 869/3169/4754
f 596/3170/4755 842/3171/4756 678/3172/4757
f 842/3171/4758 872/3173/4759 678/3172/4760
f 714/3174/4761 693/2322/4762 846/2321/4763
f 939/3175/4764 919/1989/4765 661/1988/4766
f 587/2201/4767 556/2249/4768 631/2050/4769
f 664/3176/4770 675/3177/4771 730/3178/4772
f 853/2259/4773 865/2970/4774 685/2173/4775
f 638/3179/4776 739/3180/4777 906/3181/4778
f 902/2706/4779 738/3182/4780 919/2707/4781
f 738/3183/4782 830/3184/4783 919/3185/4784
f 804/1975/4785 850/1974/4786 841/2137/4787
f 918/2412/4788 514/2411/4789 796/2615/4790
f 830/3186/4791 947/3187/4792 557/2314/4793
f 661/3188/4794 830/3186/4795 557/2314/4796
f 959/1348/4797 925/3108/4798 456/1349/4799
f 638/3189/4800 956/3190/4801 637/3191/4802
f 617/3192/4803 759/2454/4804 867/2691/4805
f 865/2970/4806 809/2171/4807 685/2173/4808
f 717/3193/4809 563/3194/4810 930/3195/4811
f 971/1357/4812 913/3196/4813 547/3197/4814 961/1358/4815
f 591/1993/4816 575/1992/4817 576/3198/4818
f 938/3199/4819 923/3200/4820 782/3201/4821
f 923/3202/4822 921/3203/4823 782/3204/4824
f 783/3205/4825 938/3199/4826 782/3201/4827
f 908/3206/4828 515/3207/4829 513/3208/4830
f 652/3209/4831 705/3210/4832 550/3058/4833
f 737/3056/4834 652/3209/4835 550/3058/4836
f 581/3211/4837 844/3212/4838 571/2486/4839
f 694/3213/4840 779/3214/4841 536/2838/4842
f 977/1378/4843 527/3215/4844 473/1379/4845
f 903/3216/4846 540/2003/4847 745/3217/4848
f 584/3218/4849 531/2010/4850 626/3219/4851
f 648/3086/4852 955/3220/4853 956/3221/4854
f 1045/3222/4855 1056/3223/4856 889/3224/4857
f 793/2728/4858 934/2730/4859 935/3225/4860
f 612/3226/4861 586/3227/4862 642/3228/4863
f 646/3229/4864 688/3230/4865 647/3231/4866
f 946/3232/4867 957/3233/4868 951/3234/4869
f 489/1400/4870 769/3235/4871 727/2026/4872 1011/1401/4873
f 600/1980/4874 673/1979/4875 938/3236/4876
f 673/1979/4877 709/3237/4878 938/3236/4879
f 910/3238/4880 958/3239/4881 766/3240/4882
f 724/2478/4883 762/2386/4884 731/2630/4885
f 704/2389/4886 630/2355/4887 629/2390/4888
f 478/1408/4889 501/1410/4890 836/3241/4891
f 622/1959/4892 882/2508/4893 755/1960/4894
f 857/2690/4895 632/2202/4896 716/2504/4897
f 913/3242/4898 544/3243/4899 547/2205/4900
f 650/3244/4901 721/3245/4902 732/3246/4903
f 845/3247/4904 650/3244/4905 732/3246/4906
f 953/3248/4907 952/3249/4908 637/3250/4909
f 753/3251/4910 953/3252/4911 637/3253/4912
f 927/3254/4913 523/3255/4914 893/2719/4915
f 727/3256/4916 711/3257/4917 728/3258/4918
f 711/3259/4919 727/3260/4920 769/3261/4921
f 856/3262/4922 786/3263/4923 843/3264/4924
f 797/2117/4925 720/2211/4926 660/3265/4927
f 615/2154/4928 601/2255/4929 543/3266/4930
f 743/3267/4931 615/3268/4932 543/3269/4933
f 875/2227/4934 697/2226/4935 840/2470/4936
f 840/2849/4937 697/3270/4938 777/3271/4939
f 516/2163/4940 517/2395/4941 860/2161/4942
f 948/3272/4943 682/2193/4944 851/2192/4945
f 589/3273/4946 546/3274/4947 725/3275/4948
f 633/3276/4949 725/3277/4950 546/3278/4951
f 908/3279/4952 514/2411/4953 515/1918/4954
f 561/2133/4955 718/2809/4956 810/2130/4957
f 764/2316/4958 718/2809/4959 561/2133/4960
f 847/2122/4961 619/2121/4962 623/2946/4963
f 856/3280/4964 551/3281/4965 552/3282/4966
f 593/2992/4967 740/3283/4968 585/2993/4969
f 532/3284/4970 871/3285/4971 713/3286/4972
f 946/3004/4973 752/3006/4974 957/3287/4975
f 941/3288/4976 858/3289/4977 608/3290/4978
f 858/3291/4979 941/3292/4980 676/3293/4981
f 570/2900/4982 807/3294/4983 840/3295/4984
f 671/2898/4985 570/2900/4986 840/3295/4987
f 795/3296/4988 837/3297/4989 592/3298/4990
f 455/1468/4991 707/3299/4992 880/3300/4993 496/1469/4994
f 713/3301/4995 835/3302/4996 573/3303/4997
f 889/3304/4998 811/3305/4999 805/3306/5000
f 811/3307/5001 889/3308/5002 559/3309/5003
f 903/3310/5004 904/3311/5005 593/3312/5006
f 903/3313/5007 838/2502/5008 904/3314/5009
f 903/3315/5010 745/3316/5011 838/3317/5012
f 868/3318/5013 733/2559/5014 864/2558/5015
f 783/2017/5016 782/3319/5017 944/2018/5018
f 944/3320/5019 782/3321/5020 921/3322/5021
f 531/2010/5022 610/3323/5023 626/3219/5024
f 699/2878/5025 781/3324/5026 869/2879/5027
f 838/2502/5028 839/2501/5029 702/2786/5030
f 839/2501/5031 754/2784/5032 702/2786/5033
f 824/2235/5034 754/3325/5035 839/3326/5036
f 895/2652/5037 800/2686/5038 533/2653/5039
f 698/2014/5040 682/3327/5041 725/2015/5042
f 950/3328/5043 765/3329/5044 891/3330/5045
f 812/2092/5046 751/2094/5047 885/3331/5048
f 699/3332/5049 700/3103/5050 885/3102/5051
f 683/3333/5052 571/3334/5053 604/3335/5054
f 513/1920/5055 565/1932/5056 651/3336/5057
f 565/1932/5058 705/3027/5059 651/3336/5060
f 705/2962/5061 652/2645/5062 651/3337/5063
f 651/3337/5064 652/2645/5065 626/2647/5066
f 584/3338/5067 626/3339/5068 691/3340/5069
f 679/3341/5070 898/3342/5071 584/3343/5072
f 680/3344/5073 908/3345/5074 594/3346/5075
f 849/3347/5076 608/2739/5077 627/3348/5078
f 560/3349/5079 849/2430/5080 627/3350/5081
f 628/3351/5082 560/3349/5083 627/3350/5084
f 718/2809/5085 861/3352/5086 780/2810/5087
f 528/3353/5088 923/3354/5089 829/3355/5090
f 563/3356/5091 717/3357/5092 553/3358/5093
f 709/3359/5094 923/3200/5095 938/3199/5096
f 768/3360/5097 599/3361/5098 639/1967/5099
f 641/1969/5100 768/3360/5101 639/1967/5102
f 910/3362/5103 894/3363/5104 804/3364/5105
f 910/2525/5106 931/1963/5107 958/3365/5108
f 775/3366/5109 706/3367/5110 944/3368/5111
f 775/2796/5112 944/3369/5113 921/2794/5114
f 775/3370/5115 935/3371/5116 934/3372/5117
f 775/3370/5118 776/3373/5119 935/3371/5120
f 670/3374/5121 847/3375/5122 623/3376/5123
f 912/3377/5124 916/3378/5125 732/3379/5126
f 916/3378/5127 912/3377/5128 784/3380/5129
f 807/2243/5130 800/2683/5131 845/2685/5132
f 609/3381/5133 610/3382/5134 574/3383/5135
f 574/3384/5136 573/3385/5137 609/3386/5138
f 775/3366/5139 900/3387/5140 706/3367/5141
f 706/3388/5142 900/3389/5143 598/3390/5144
f 775/3391/5145 934/3392/5146 900/3389/5147
f 630/2355/5148 614/2827/5149 629/2390/5150
f 616/2231/5151 587/2201/5152 666/2203/5153
f 900/2729/5154 793/2728/5155 710/2188/5156
f 900/3393/5157 710/3394/5158 897/3395/5159
f 983/1567/5160 793/3021/5161 466/1568/5162
f 494/1569/5163 464/1571/5164 936/3396/5165
f 758/2723/5166 659/2722/5167 881/2897/5168
f 584/2151/5169 537/2153/5170 679/3397/5171
f 522/2008/5172 878/2007/5173 917/2465/5174
f 932/3398/5175 756/3399/5176 741/3400/5177
f 843/2509/5178 842/2512/5179 863/3401/5180
f 843/3402/5181 863/3403/5182 551/3404/5183
f 818/3405/5184 911/3406/5185 660/3407/5186
f 799/2073/5187 613/2214/5188 880/2213/5189
f 877/3408/5190 820/3409/5191 928/3410/5192
f 549/3411/5193 568/2894/5194 550/3412/5195
f 926/2325/5196 915/2373/5197 767/2372/5198
f 514/2411/5199 512/1919/5200 515/1918/5201
f 947/3413/5202 955/3414/5203 905/3415/5204
f 638/3416/5205 637/3417/5206 947/3418/5207
f 799/3419/5208 880/3420/5209 707/3421/5210
f 808/3422/5211 933/3059/5212 738/3423/5213
f 902/2706/5214 808/2709/5215 738/3424/5216
f 904/3425/5217 802/2079/5218 740/2078/5219
f 522/3426/5220 917/3000/5221 868/2861/5222
f 522/2008/5223 868/2997/5224 559/3427/5225
f 868/2997/5226 811/2091/5227 559/3427/5228
f 760/3137/5229 774/3428/5230 541/3429/5231
f 592/3430/5232 837/2523/5233 633/2522/5234
f 712/2562/5235 820/2108/5236 605/2110/5237
f 816/2101/5238 634/2103/5239 874/3431/5240
f 800/2584/5241 803/2029/5242 551/2331/5243
f 596/3432/5244 800/3433/5245 551/3434/5246
f 972/1610/5247 963/1611/5248 851/3100/5249
f 450/1612/5250 851/2192/5251 963/1613/5252
f 591/3435/5253 943/3436/5254 854/2788/5255
f 752/3437/5256 753/3438/5257 929/2930/5258
f 753/3438/5259 945/2931/5260 929/2930/5261
f 569/2327/5262 798/3439/5263 741/3440/5264
f 569/2327/5265 741/3440/5266 742/2328/5267
f 774/3441/5268 662/3442/5269 541/3443/5270
f 662/3444/5271 668/3445/5272 541/3446/5273
f 639/2595/5274 876/2594/5275 667/3447/5276
f 753/3098/5277 956/3448/5278 946/3099/5279
f 946/3449/5280 956/3450/5281 952/3451/5282
f 858/2307/5283 627/2306/5284 608/3452/5285
f 788/3453/5286 890/3133/5287 828/2129/5288
f 804/1975/5289 894/2780/5290 844/1973/5291
f 840/3454/5292 772/3455/5293 875/3456/5294
f 591/3457/5295 660/2873/5296 943/1964/5297
f 591/3458/5298 576/3459/5299 660/3460/5300
f 473/1640/5301 527/2860/5302 864/2558/5303 1010/927/5304
f 625/1961/5305 931/1963/5306 841/3461/5307
f 711/2272/5308 771/3462/5309 958/3365/5310
f 671/2293/5311 797/2117/5312 672/2085/5313
f 671/3463/5314 621/3464/5315 797/3465/5316
f 577/2081/5317 882/2508/5318 677/2480/5319
f 777/2752/5320 621/1958/5321 671/2293/5322
f 593/3466/5323 687/2001/5324 903/3216/5325
f 930/3467/5326 790/2265/5327 791/3468/5328
f 762/2386/5329 724/2478/5330 778/2800/5331
f 702/3469/5332 701/3470/5333 690/3471/5334
f 881/3472/5335 684/2950/5336 735/3473/5337
f 617/2626/5338 914/3474/5339 831/3475/5340
f 617/2701/5341 831/3476/5342 759/2454/5343
f 848/3477/5344 675/1987/5345 849/3478/5346
f 692/2113/5347 940/2115/5348 695/2715/5349
f 791/3479/5350 530/3480/5351 930/3195/5352
f 530/3480/5353 717/3193/5354 930/3195/5355
f 611/2320/5356 857/2690/5357 883/3481/5358
f 857/2690/5359 611/2320/5360 632/2202/5361
f 955/3482/5362 947/3483/5363 637/3484/5364
f 927/2413/5365 522/2008/5366 523/2176/5367
f 523/2176/5368 522/2008/5369 559/3427/5370
f 924/2654/5371 757/2552/5372 770/3485/5373
f 955/3486/5374 952/3487/5375 956/3488/5376
f 955/3482/5377 637/3484/5378 952/3489/5379
f 548/3490/5380 899/3491/5381 583/3492/5382
f 583/3493/5383 899/3494/5384 774/3495/5385
f 711/2272/5386 769/3235/5387 771/3462/5388
f 969/283/5389 1001/1676/5390 667/2187/5391
f 601/3496/5392 666/3497/5393 547/3498/5394
f 693/3499/5395 695/3500/5396 696/3501/5397
f 958/3365/5398 931/1963/5399 711/2272/5400
f 598/3390/5401 900/3389/5402 897/3395/5403
f 816/3502/5404 519/2817/5405 656/2216/5406
f 519/3503/5407 816/3504/5408 588/3505/5409
f 747/3506/5410 774/3441/5411 760/3507/5412
f 766/3508/5413 859/3509/5414 894/3510/5415
f 859/3511/5416 571/3512/5417 894/3513/5418
f 786/3514/5419 627/3515/5420 843/3516/5421
f 546/2520/5422 592/3517/5423 633/3518/5424
f 703/2048/5425 757/2552/5426 665/2210/5427
f 664/3519/5428 730/3520/5429 729/3521/5430
f 722/2002/5431 760/3522/5432 541/2608/5433
f 874/3523/5434 928/2561/5435 816/2560/5436
f 996/1705/5437 997/1706/5438 604/3335/5439
f 658/2049/5440 801/2218/5441 896/2167/5442
f 643/2083/5443 658/2049/5444 896/2167/5445
f 590/3524/5446 625/1961/5447 615/2154/5448
f 642/2111/5449 749/2232/5450 719/2627/5451
f 625/1961/5452 590/3524/5453 954/2505/5454
f 538/3055/5455 691/3525/5456 737/3056/5457
f 691/3526/5458 538/3527/5459 537/3528/5460
f 537/3529/5461 580/2230/5462 679/2063/5463
f 947/3483/5464 905/3530/5465 557/3531/5466
f 739/2797/5467 638/3532/5468 947/2798/5469
f 814/3533/5470 832/3534/5471 833/3535/5472
f 978/1719/5473 930/3536/5474 981/1720/5475
f 502/1722/5476 814/2341/5477 495/1723/5478
f 593/3537/5479 586/3538/5480 612/3539/5481
f 825/1938/5482 839/2501/5483 745/1936/5484
f 839/2501/5485 825/1938/5486 824/3540/5487
f 479/1728/5488 986/1730/5489 818/3541/5490
f 869/3542/5491 781/3543/5492 662/3544/5493
f 932/3398/5494 891/3545/5495 756/3399/5496
f 613/3546/5497 734/2046/5498 635/2710/5499
f 581/2190/5500 613/3546/5501 635/2710/5502
f 774/3547/5503 747/2032/5504 937/3548/5505
f 937/3548/5506 747/2032/5507 789/2061/5508
f 957/3287/5509 929/3549/5510 951/3550/5511
f 752/3006/5512 929/3549/5513 957/3287/5514
f 720/2211/5515 924/2654/5516 660/3265/5517
f 635/2710/5518 734/2046/5519 636/2756/5520
f 1012/683/5521 733/2559/5522 663/2233/5523 499/333/5524
f 658/2049/5525 773/2051/5526 636/2756/5527
f 773/2051/5528 635/2710/5529 636/2756/5530
f 911/3551/5531 943/3552/5532 660/3553/5533
f 770/2588/5534 554/2874/5535 924/3554/5536
f 922/2158/5537 766/2160/5538 958/2422/5539
f 539/3555/5540 604/3556/5541 859/3557/5542
f 937/3558/5543 789/3559/5544 549/3560/5545
f 909/2030/5546 940/2115/5547 607/2114/5548
f 823/2155/5549 625/1961/5550 841/3561/5551
f 703/3562/5552 613/3563/5553 799/3564/5554
f 848/3565/5555 560/3566/5556 725/2302/5557
f 560/3567/5558 628/3568/5559 725/3569/5560
f 524/2388/5561 534/2387/5562 525/2943/5563
f 950/3570/5564 890/3571/5565 788/3453/5566
f 950/3572/5567 788/2889/5568 765/3019/5569
f 779/2344/5570 676/3573/5571 535/3574/5572
f 803/2029/5573 877/2778/5574 551/2331/5575
f 763/2947/5576 504/1098/5577 503/357/5578 553/2254/5579
f 518/2371/5580 1009/1764/5581 506/1048/5582 767/2372/5583
f 518/3575/5584 780/3107/5585 505/1767/5586 1009/1766/5587
f 873/3576/5588 544/3577/5589 1008/1770/5590 1005/1769/5591
f 767/2372/5592 510/1049/5593 1004/1772/5594
f 646/3578/5595 500/1775/5596 1014/1774/5597
f 834/3579/5598 1003/1778/5599 1016/1777/5600
f 834/3579/5601 1016/1777/5602 494/1780/5603 936/3580/5604
f 646/3581/5605 948/3272/5606 492/1783/5607 500/1782/5608
f 769/3582/5609 489/1786/5610 490/1785/5611
f 835/2222/5612 999/1788/5613 487/1787/5614 834/2526/5615
f 814/2341/5616 833/2215/5617 486/1790/5618 491/1789/5619
f 562/3583/5620 943/1964/5621 498/1793/5622 998/1792/5623
f 880/3584/5624 604/3585/5625 997/1796/5626 496/1795/5627
f 726/2507/5628 822/2263/5629 484/369/5630 992/1798/5631
f 726/3586/5632 992/1802/5633 1011/1801/5634 727/3587/5635
f 794/3588/5636 832/2567/5637 989/1805/5638 483/1804/5639
f 835/2222/5640 987/1807/5641 999/1806/5642
f 818/3541/5643 554/3589/5644 477/1808/5645 479/1728/5646
f 814/3533/5647 476/1811/5648 989/1810/5649 832/3534/5650
f 814/3590/5651 502/1814/5652 476/1813/5653
f 888/3037/5654 474/1817/5655 994/1816/5656 663/3591/5657
f 888/3037/5658 485/1190/5659 474/1817/5660
f 769/3592/5661 490/1820/5662 472/1819/5663
f 818/3593/5664 986/1824/5665 990/1823/5666 911/3594/5667
f 795/3595/5668 985/1828/5669 1015/1827/5670 837/3596/5671
f 793/3597/5672 983/1831/5673 984/1830/5674
f 539/3598/5675 1002/1834/5676 467/1833/5677
f 554/3599/5678 465/1837/5679 477/1836/5680
f 554/2874/5681 770/2588/5682 482/714/5683 465/1838/5684
f 935/2597/5685 463/725/5686 466/1840/5687 793/3600/5688
f 688/3601/5689 982/1843/5690 497/1842/5691
f 688/3230/5692 646/3229/5693 1014/1845/5694 982/1844/5695
f 930/3536/5696 563/3602/5697 1006/1846/5698 981/1720/5699
f 833/3603/5700 657/3604/5701 980/1850/5702 486/1849/5703
f 926/2325/5704 767/2372/5705 1004/1772/5706 979/436/5707
f 930/3467/5708 978/1853/5709 1007/1852/5710 790/2265/5711
f 1054/3605/5712 527/3215/5713 977/1378/5714 1069/1855/5715
f 862/3606/5716 667/3607/5717 469/1858/5718 976/1857/5719
f 649/3608/5720 926/3609/5721 462/1862/5722 975/1861/5723
f 763/3610/5724 649/3608/5725 975/1861/5726 1000/1865/5727
f 948/3272/5728 851/2192/5729 460/1866/5730 492/1783/5731
f 911/3611/5732 990/1869/5733 974/1868/5734
f 913/3612/5735 971/1873/5736 1013/1872/5737 544/3613/5738
f 835/2222/5739 970/320/5740 987/1807/5741
f 954/2506/5742 471/1875/5743 481/1874/5744 822/2263/5745
f 743/3614/5746 471/1878/5747 954/3615/5748
f 926/2325/5749 968/1880/5750 462/1879/5751
f 657/2787/5752 562/2033/5753 967/1882/5754 980/1881/5755
f 771/3462/5756 965/1885/5757 458/1884/5758 922/3616/5759
f 769/3592/5760 472/1819/5761 965/1887/5762 771/3617/5763
f 925/3618/5764 862/3619/5765 976/1890/5766 964/1889/5767
f 553/3620/5768 508/1895/5769 457/1894/5770 563/3621/5771
f 563/2070/5772 457/1896/5773 991/159/5774
f 539/3555/5775 922/2424/5776 962/1898/5777 1002/1897/5778
f 922/2424/5779 458/1899/5780 962/1898/5781
f 925/3618/5782 964/1889/5783 456/1900/5784
f 707/3622/5785 455/1904/5786 475/1903/5787 654/3623/5788
f 795/2437/5789 832/2436/5790 454/1906/5791 985/1905/5792
f 794/3624/5793 453/1909/5794 454/1908/5795 832/2567/5796
f 836/2589/5797 452/1910/5798 995/715/5799
f 604/3625/5800 539/3626/5801 467/1913/5802 451/1912/5803
f 604/3627/5804 451/1917/5805 996/1916/5806
f 925/3108/5807 959/1348/5808 505/1767/5809 780/3107/5810
f 851/2192/5811 450/1612/5812 460/1866/5813
f 883/3481/5814 1064/3628/5815 1065/3629/5816
f 883/3630/5817 1063/3631/5818 1064/3632/5819
f 883/3481/5820 857/2690/5821 1062/3633/5822 1063/3634/5823
f 611/2320/5824 1060/3635/5825 1068/3636/5826 666/2203/5827
f 805/3637/5828 1066/3638/5829 1058/3639/5830
f 704/3640/5831 893/2298/5832 1059/2297/5833 1057/3641/5834
f 893/3642/5835 523/3643/5836 1053/3644/5837 1052/3645/5838
f 547/3646/5839 1051/3647/5840 1070/3648/5841 961/3649/5842
f 527/3650/5843 1050/3651/5844 1066/3652/5845 805/2592/5846
f 611/2320/5847 1047/3653/5848 1060/3635/5849
f 611/3654/5850 883/3655/5851 1065/3656/5852 1047/3657/5853
f 870/3658/5854 1048/3659/5855 1046/3660/5856
f 870/3661/5857 1044/3662/5858 1048/3663/5859
f 870/3661/5860 704/3640/5861 1057/3641/5862 1044/3664/5863
f 666/2203/5864 1068/3636/5865 1043/2206/5866 547/2205/5867
f 374/1661/5868 1039/3665/5869 1038/3666/5870
f 374/3667/5871 1038/3668/5872 1037/3669/5873
f 374/1661/5874 1037/3670/5875 1036/3671/5876 348/820/5877
f 101/430/5878 156/300/5879 1042/3672/5880 1034/3673/5881
f 296/3674/5882 1032/3675/5883 1040/3676/5884
f 195/3677/5885 1031/3678/5886 1033/407/5887 384/409/5888
f 384/3679/5889 1026/3680/5890 1027/3681/5891 13/3682/5892
f 37/3683/5893 961/3649/5894 1070/3648/5895 1025/3684/5896
f 17/3685/5897 296/719/5898 1040/3686/5899 1024/3687/5900
f 101/430/5901 1034/3673/5902 1021/3688/5903
f 101/3689/5904 1021/3690/5905 1039/3691/5906 374/3692/5907
f 361/3693/5908 1020/3694/5909 1022/3695/5910
f 361/3696/5911 1022/3697/5912 1018/3698/5913
f 361/3696/5914 1018/3699/5915 1031/3678/5916 195/3677/5917
f 156/300/5918 37/304/5919 1017/303/5920 1042/3672/5921
f 1018/3698/5922 1017/303/5923 1033/407/5924
f 1024/3687/5925 1017/303/5926 1028/1854/5927
f 1028/1854/5928 1017/303/5929 1069/1855/5930
f 1069/1855/5931 1017/303/5932 1054/3605/5933
f 1054/3605/5934 1017/303/5935 1050/2754/5936
f 1066/3652/5937 1056/3223/5938 1058/3639/5939
f 1058/3639/5940 1056/3223/5941 1061/2266/5942
f 1050/2754/5943 1053/2280/5944 1066/3652/5945
f 1061/2266/5946 1056/3223/5947 1045/2267/5948
f 1053/2280/5949 1059/2297/5950 1052/3645/5951
f 1056/3223/5952 1053/2280/5953 1067/2175/5954 1726/1998/5955
f 1066/3652/5956 1053/2280/5957 1056/3223/5958
f 1040/3676/5959 1027/3681/5960 1024/3687/5961
f 1033/407/5962 1017/303/5963 1024/3687/5964
f 1035/374/5965 1030/84/5966 1032/673/5967
f 1032/673/5968 1030/84/5969 1040/3676/5970
f 1030/84/5971 1035/374/5972 1019/1387/5973
f 1033/407/5974 1027/3681/5975 1026/408/5976
f 1027/3681/5977 1030/84/5978 1398/265/5979 1041/387/5980
f 1024/3687/5981 1027/3681/5982 1033/407/5983
f 1053/2280/5984 1050/2754/5985 1059/2297/5986
f 1059/2297/5987 1044/3664/5988 1057/3641/5989
f 1044/3664/5990 1047/3657/5991 1048/3663/5992
f 1048/3663/5993 1062/2764/5994 1046/3660/5995
f 1046/3660/5996 1062/2764/5997 1049/2689/5998
f 1062/2764/5999 1064/3632/6000 1063/3634/6001
f 1064/3632/6002 1062/2764/6003 1065/3629/6004
f 1065/3629/6005 1062/2764/6006 1047/3657/6007
f 1060/3635/6008 1043/2206/6009 1068/3636/6010
f 1047/3657/6011 1044/3664/6012 1060/3635/6013
f 1060/3635/6014 1044/3664/6015 1043/2206/6016
f 1055/2204/6017 1070/3648/6018 1051/2474/6019
f 1062/2764/6020 1048/3663/6021 1047/3657/6022
f 1043/2206/6023 1029/592/6024 1055/2204/6025
f 1055/2204/6026 1029/592/6027 1070/3648/6028
f 1070/3648/6029 1029/592/6030 1025/3684/6031
f 1017/303/6032 1034/3673/6033 1042/3672/6034
f 1029/592/6035 1050/2754/6036 1017/303/6037
f 1044/3664/6038 1059/2297/6039 1043/2206/6040
f 1050/2754/6041 1043/2206/6042 1059/2297/6043
f 1030/84/6044 1027/3681/6045 1040/3676/6046
f 1018/3698/6047 1033/407/6048 1031/3678/6049
f 1020/819/6050 1036/3671/6051 1022/3695/6052
f 1022/3695/6053 1021/3688/6054 1018/3698/6055
f 1036/3671/6056 1021/3688/6057 1022/3695/6058
f 1036/3671/6059 1020/819/6060 1023/899/6061
f 1038/3666/6062 1036/3671/6063 1037/3669/6064
f 1021/3688/6065 1036/3671/6066 1039/3691/6067
f 1039/3691/6068 1036/3671/6069 1038/3666/6070
f 1017/303/6071 1018/3698/6072 1034/3673/6073
f 1034/3673/6074 1018/3698/6075 1021/3688/6076
f 1029/592/6077 1043/2206/6078 1050/2754/6079
f 874/3431/6080 634/2103/6081 1566/3700/6082
f 874/3431/6083 1449/3701/6084 928/2561/6085
f 542/2305/6086 928/2561/6087 1449/3701/6088
f 542/2305/6089 1401/3702/6090 552/2303/6091
f 552/2303/6092 1401/3702/6093 856/3280/6094
f 856/3280/6095 1472/3703/6096 787/2087/6097
f 787/2087/6098 1609/3704/6099 529/2636/6100
f 634/2103/6101 603/2789/6102 1566/3700/6103
f 529/2294/6104 1566/3700/6105 603/2789/6106
f 93/64/6107 124/929/6108 163/62/6109
f 365/1704/6110 419/688/6111 1121/3705/6112
f 365/1704/6113 1238/3706/6114 124/192/6115
f 163/62/6116 124/192/6117 1238/3706/6118
f 163/62/6119 1281/3707/6120 19/63/6121
f 278/765/6122 19/63/6123 1281/3707/6124
f 42/1450/6125 347/1449/6126 1144/3708/6127
f 347/1449/6128 278/765/6129 1144/3708/6130
f 42/1450/6131 1073/3709/6132 32/414/6133
f 419/688/6134 32/414/6135 1073/3710/6136
s 1
f 1570/3711/6137 1401/3712/6138 1445/3713/6139
f 1567/3714/6140 1449/3701/6141 1566/3715/6142
f 1090/3716/6143 1092/3717/6144 1091/3718/6145
f 1253/3719/6146 1078/3720/6147 1095/3721/6148
f 1096/3722/6149 1087/3723/6150 1090/3724/6143
f 1110/3725/6151 1111/3726/6152 1109/3727/6153
f 1095/3721/6148 1078/3720/6147 1116/3728/6154
f 1129/3729/6155 1127/3730/6156 1130/3731/6157
f 1133/3732/6158 1134/3733/6159 1269/3734/6160
f 1340/3735/6161 1248/3736/6162 1347/3737/6163
f 1195/3738/6164 1148/3739/6165 1147/3740/6166
f 1096/3741/6149 1157/3742/6167 1087/3743/6150
f 1118/3744/6168 1242/3745/6169 1099/3746/6170
f 1176/3747/6171 1146/3748/6172 1127/3749/6156
f 1166/3750/6173 1168/3751/6174 1167/3752/6175
f 1136/3753/6176 1140/3754/6177 1169/3755/6178
f 1283/3756/6179 1171/3757/6180 1170/3758/6181
f 1079/3759/6182 1080/3760/6183 1178/3761/6184
f 1144/3762/6185 1143/3763/6186 1331/3764/6187
f 1181/3765/6188 1116/3766/6154 1078/3767/6147
f 1097/3768/6189 1186/3769/6190 1098/3770/6191
f 1191/3771/6192 1193/3772/6193 1192/3773/6194
f 1093/3774/6195 1110/3775/6151 1109/3776/6153
f 1194/3777/6196 1110/3775/6151 1093/3774/6195
f 1204/3778/6197 1206/3779/6198 1205/3780/6199
f 1326/3781/6200 1161/3782/6201 1135/3783/6202
f 1208/3784/6203 1346/3785/6204 1112/3786/6205
f 1178/3761/6184 1080/3787/6183 1104/3788/6206
f 1219/3789/6207 1220/3790/6208 1237/3791/6209
f 1220/3792/6208 1221/3793/6210 1237/3794/6209
f 1223/3795/6211 1187/3796/6212 1224/3797/6213
f 1265/3798/6214 1228/3799/6215 1115/3800/6216
f 1229/3801/6217 1287/3802/6218 1230/3803/6219
f 1231/3804/6220 1120/3805/6221 1119/3806/6222
f 1112/3807/6205 1235/3808/6223 1075/3809/6224
f 1239/3810/6225 1165/3811/6226 1238/3706/6227
f 1117/3812/6228 1242/3813/6169 1118/3814/6168
f 1146/3815/6172 1273/3816/6229 1245/3817/6230
f 1241/3818/6231 1117/3819/6228 1246/3820/6232
f 1134/3733/6159 1295/3821/6233 1269/3734/6160
f 1130/3822/6157 1240/3823/6234 1129/3824/6155
f 1253/3825/6146 1113/3826/6235 1169/3827/6178
f 1075/3828/6224 1139/3829/6236 1112/3830/6205
f 1181/3831/6188 1140/3832/6177 1141/3833/6237
f 1190/3834/6238 1128/3835/6239 1094/3836/6240
f 1164/3837/6241 1172/3838/6242 1199/3839/6243
f 1250/3840/6244 1146/3841/6172 1245/3842/6230
f 1122/3843/6245 1131/3844/6246 1132/3845/6247
f 1088/3846/6248 1083/3847/6249 1158/3848/6250
f 1207/3849/6251 1209/3850/6252 1228/3851/6215
f 1207/3852/6251 1104/3853/6206 1209/3854/6252
f 1114/3855/6253 1104/3856/6206 1207/3857/6251
f 1263/3858/6254 1361/3859/6255 1262/3860/6256
f 1264/3861/6257 1361/3859/6255 1263/3858/6254
f 1217/3862/6258 1265/3863/6214 1373/3864/6259
f 1111/3865/6152 1101/3866/6260 1100/3867/6261
f 1266/3868/6262 1268/3869/6263 1267/3870/6264
f 1126/3871/6265 1271/3872/6266 1270/3873/6267
f 1241/3874/6231 1246/3875/6232 1185/3876/6268
f 1138/3877/6269 1147/3878/6166 1137/3879/6270
f 1138/3877/6269 1195/3880/6164 1147/3878/6166
f 1302/3881/6271 1248/3882/6162 1152/3883/6272
f 1279/3884/6273 1280/3885/6274 1091/3886/6145
f 1137/3879/6270 1147/3878/6166 1279/3887/6273
f 1279/3888/6273 1167/3889/6175 1081/3890/6275
f 1243/3891/6276 1157/3892/6167 1096/3893/6149
f 1251/3894/6277 1165/3895/6226 1145/3896/6278
f 1121/3897/6279 1117/3898/6228 1241/3899/6231
f 1252/3900/6280 1094/3901/6240 1128/3902/6239
f 1200/3903/6281 1144/3904/6185 1331/3905/6187
f 1156/3906/6282 1250/3907/6244 1256/3908/6283
f 1181/3909/6188 1236/3910/6284 1116/3911/6154
f 1085/3912/6285 1156/3913/6282 1256/3914/6283
f 1256/3915/6283 1143/3916/6186 1085/3917/6285
f 1171/3757/6180 1283/3756/6179 1119/3918/6222
f 1178/3919/6184 1214/3920/6286 1311/3921/6287
f 1311/3922/6287 1214/3923/6286 1211/3924/6288
f 1213/3925/6289 1243/3926/6276 1180/3927/6290
f 1213/3928/6289 1244/3929/6291 1243/3930/6276
f 1249/3931/6292 1135/3932/6202 1276/3933/6293
f 1119/3918/6222 1249/3931/6292 1276/3933/6293
f 1120/3934/6221 1249/3931/6292 1119/3918/6222
f 1287/3935/6218 1369/3936/6294 1089/3937/6295
f 1173/3938/6296 1083/3939/6249 1088/3940/6248
f 1087/3941/6150 1173/3942/6296 1088/3943/6248
f 1259/3944/6297 1260/3945/6298 1288/3946/6299
f 1290/3947/6300 1202/3948/6301 1203/3949/6302
f 1250/3840/6244 1127/3950/6156 1146/3841/6172
f 1156/3951/6282 1127/3952/6156 1250/3953/6244
f 1142/3954/6303 1071/3955/6304 1293/3956/6305
f 1075/3957/6224 1294/3958/6306 1076/3959/6307
f 1172/3838/6242 1173/3960/6296 1199/3839/6243
f 1083/3847/6249 1271/3961/6266 1158/3848/6250
f 1095/3962/6148 1116/3963/6154 1072/3964/6308
f 1359/3965/6309 1216/3966/6310 1297/3967/6311
f 1098/3770/6191 1298/3968/6312 1097/3969/6189
f 1112/3970/6205 1139/3971/6236 1208/3972/6203
f 1208/3972/6203 1079/3973/6182 1261/3974/6313
f 1208/3975/6203 1139/3976/6236 1079/3977/6182
f 1188/3978/6314 1218/3979/6315 1300/3980/6316
f 1224/3981/6213 1355/3982/6317 1162/3983/6318
f 1223/3984/6211 1224/3985/6213 1162/3986/6318
f 1182/3987/6319 1391/3988/6320 1212/3989/6321
f 1301/3990/6322 1155/3991/6323 1318/3992/6324
f 1301/3993/6322 1204/3994/6197 1205/3995/6199
f 1303/3996/6325 1197/3997/6326 1304/3998/6327
f 1286/3999/6328 1198/4000/6329 1102/4001/6330
f 1192/4002/6194 1306/4003/6331 1234/4004/6332
f 1234/4005/6332 1299/4006/6333 1192/4007/6194
f 1195/4008/6164 1177/4009/6334 1244/4010/6291
f 1262/4011/6256 1292/4012/6335 1255/4013/6336
f 1262/3860/6256 1255/4014/6336 1263/4015/6254
f 1076/3959/6307 1139/4016/6236 1075/3957/6224
f 1077/4017/6337 1313/4018/6338 1115/4019/6216
f 1267/3870/6264 1237/4020/6209 1266/3868/6262
f 1353/4021/6339 1227/4022/6340 1237/4023/6209
f 1226/4024/6341 1227/4025/6340 1353/4026/6339
f 1217/4027/6258 1228/4028/6215 1265/4029/6214
f 1315/4030/6342 1232/4031/6343 1233/4032/6344
f 1299/4033/6333 1232/4034/6343 1315/4035/6342
f 1320/4036/6345 1184/4037/6346 1319/4038/6347
f 1171/3757/6180 1321/4039/6348 1170/3758/6181
f 1321/4040/6348 1171/4041/6180 1284/4042/6349
f 1170/4043/6181 1321/4044/6348 1322/4045/6350
f 1275/4046/6351 1327/4047/6352 1174/4048/6353
f 1298/4049/6312 1317/4050/6354 1332/4051/6355
f 1166/4052/6173 1333/4053/6356 1168/4054/6174
f 1242/3745/6169 1073/3710/6357 1201/4055/6358
f 1275/4056/6351 1174/4057/6353 1334/4058/6359
f 1330/4059/6360 1269/3734/6160 1184/4060/6346
f 1136/4061/6176 1335/4062/6361 1347/4063/6163
f 1337/4064/6362 1159/4065/6363 1170/4066/6181
f 1189/4067/6364 1273/4068/6229 1176/4069/6171
f 1202/3948/6301 1349/4070/6365 1203/3949/6302
f 1148/4071/6165 1244/4072/6291 1213/4073/6289
f 1277/4074/6366 1086/4075/6367 1130/4076/6157
f 1199/4077/6243 1086/4075/6367 1277/4074/6366
f 1199/4077/6243 1173/3942/6296 1086/4075/6367
f 1139/4078/6236 1080/4079/6183 1079/4080/6182
f 1175/4081/6368 1338/4082/6369 1174/4057/6353
f 1241/4083/6231 1185/4084/6268 1239/3810/6225
f 1304/4085/6327 1197/4086/6326 1198/4087/6329
f 1134/4088/6159 1334/4089/6359 1122/4090/6245
f 1334/4091/6359 1196/4092/6370 1122/4093/6245
f 1346/4094/6204 1345/4095/6371 1235/4096/6223
f 1235/4096/6223 1112/4097/6205 1346/4094/6204
f 1281/3707/6372 1085/4098/6285 1143/4099/6186
f 1107/4100/6373 1193/3772/6193 1074/4101/6374
f 1276/3933/6293 1135/3932/6202 1161/4102/6201
f 1246/4103/6232 1117/4104/6228 1164/4105/6241
f 1152/4106/6272 1248/4107/6162 1153/4108/6375
f 1084/4109/6376 1167/4110/6175 1279/3887/6273
f 1154/4111/6377 1167/4110/6175 1084/4109/6376
f 1335/4062/6361 1247/4112/6378 1347/4063/6163
f 1086/4113/6367 1157/4114/6167 1240/4115/6234
f 1086/4116/6367 1173/4117/6296 1157/4114/6167
f 1289/4118/6379 1182/4119/6319 1296/4120/6380
f 1296/4120/6380 1202/4121/6301 1289/4118/6379
f 1199/4122/6243 1277/4074/6366 1185/4084/6268
f 1206/4123/6198 1343/4124/6381 1344/4125/6382
f 1128/4126/6239 1190/4127/6238 1158/4128/6250
f 1221/4129/6210 1301/3993/6322 1348/4130/6383
f 1285/4131/6384 1275/4056/6351 1134/3733/6159
f 1127/3950/6156 1156/4132/6282 1278/4133/6385
f 1180/3927/6290 1243/3926/6276 1096/4134/6149
f 1109/4135/6153 1111/3865/6152 1349/4070/6365
f 1351/4136/6386 1187/4137/6212 1188/4138/6314
f 1229/4139/6217 1369/4140/6294 1287/4141/6218
f 1346/4142/6204 1350/4143/6387 1352/4144/6388
f 1293/4145/6305 1264/4146/6257 1142/4147/6303
f 1293/4148/6305 1108/4149/6389 1264/4150/6257
f 1274/4151/6390 1181/4152/6188 1078/4153/6147
f 1151/4154/6391 1190/3834/6238 1094/3836/6240
f 1132/4155/6247 1166/4156/6173 1154/4157/6377
f 1154/4111/6377 1166/4052/6173 1167/4110/6175
f 1154/4158/6377 1295/4159/6233 1132/4160/6247
f 1156/3913/6282 1085/3912/6285 1165/4161/6226
f 1225/4162/6392 1219/4163/6207 1227/4164/6340
f 1118/4165/6168 1099/4166/6170 1126/3871/6265
f 1101/4167/6260 1358/4168/6393 1360/4169/6394
f 1360/4170/6394 1358/4171/6393 1359/4172/6309
f 1157/4173/6167 1173/3942/6296 1087/3941/6150
f 1140/4174/6177 1181/4152/6188 1274/4151/6390
f 1169/4175/6178 1140/4176/6177 1274/4177/6390
f 1361/4178/6255 1363/4179/6395 1362/4180/6396
f 1362/4181/6396 1363/4182/6395 1364/4183/6397
f 1216/4184/6310 1183/4185/6398 1297/4186/6311
f 1297/4186/6311 1183/4185/6398 1182/4187/6319
f 1365/4188/6399 1257/4189/6400 1258/4190/6401
f 1303/3996/6325 1367/4191/6402 1197/3997/6326
f 1107/4192/6373 1197/4193/6326 1367/4194/6402
f 1107/4195/6373 1367/4196/6402 1192/4197/6194
f 1193/4198/6193 1107/4199/6373 1192/4200/6194
f 1146/4201/6172 1176/4202/6171 1273/4203/6229
f 1097/4204/6189 1298/4205/6312 1272/4206/6403
f 1097/4207/6189 1272/4208/6403 1282/4209/6404
f 1261/4210/6313 1079/4211/6182 1178/4212/6184
f 1231/3804/6220 1119/3806/6222 1283/4213/6179
f 1084/4214/6376 1279/4215/6273 1147/4216/6166
f 1072/4217/6308 1368/4218/6405 1095/4219/6148
f 1255/4220/6336 1368/4221/6405 1263/4222/6254
f 1072/4223/6308 1263/4224/6254 1368/4225/6405
f 1368/4226/6405 1113/4227/6235 1095/4228/6148
f 1255/4013/6336 1113/4229/6235 1368/4230/6405
f 1286/4231/6328 1193/3772/6193 1191/3771/6192
f 1309/4232/6406 1106/4233/6407 1222/4234/6408
f 1105/4235/6409 1106/4233/6407 1309/4232/6406
f 1101/4236/6260 1111/4237/6152 1358/4171/6393
f 1111/4238/6152 1110/4239/6151 1358/4240/6393
f 1110/3775/6151 1216/4241/6310 1358/4171/6393
f 1147/3878/6166 1148/4242/6165 1254/4243/6410
f 1125/4244/6411 1302/4245/6271 1383/4246/6412
f 1125/4247/6411 1383/4248/6412 1272/4249/6403
f 1369/4250/6294 1309/4251/6406 1089/4252/6295
f 1138/4253/6269 1189/4254/6364 1195/4255/6164
f 1294/4256/6306 1075/4257/6224 1211/4258/6288
f 1211/3924/6288 1214/3923/6286 1294/4259/6306
f 1211/4260/6288 1235/4096/6223 1312/4261/6413
f 1211/4262/6288 1312/4263/6413 1311/3921/6287
f 1104/4264/6206 1215/4265/6414 1209/4266/6252
f 1215/4265/6414 1210/4267/6415 1209/4266/6252
f 1316/4268/6416 1355/4269/6317 1224/4270/6213
f 1228/4271/6215 1210/4272/6415 1115/4273/6216
f 1188/4274/6314 1105/4275/6409 1123/4276/6417
f 1192/4002/6194 1305/4277/6418 1306/4278/6331
f 1198/4279/6329 1197/4280/6326 1102/4281/6330
f 1207/4282/6251 1228/4028/6215 1217/4027/6258
f 1308/4283/6419 1226/4024/6341 1352/4284/6388
f 1352/4285/6388 1226/4286/6341 1353/4287/6339
f 1308/4283/6419 1307/4288/6420 1226/4024/6341
f 1273/4289/6229 1189/4290/6364 1151/4154/6391
f 1151/4154/6391 1094/3836/6240 1273/4289/6229
f 1370/4291/6421 1284/4292/6349 1371/4293/6422
f 1164/4294/6241 1117/4295/6228 1118/4165/6168
f 1350/4296/6387 1323/4297/6423 1308/4283/6419
f 1308/4298/6419 1352/4299/6388 1350/4300/6387
f 1279/4301/6273 1081/4302/6275 1280/4303/6274
f 1159/4304/6363 1372/4305/6424 1196/4306/6370
f 1196/4307/6370 1372/4308/6424 1122/4309/6245
f 1331/4310/6187 1256/4311/6283 1250/4312/6244
f 1128/4313/6239 1126/4314/6265 1252/4315/6280
f 1128/4316/6239 1271/3872/6266 1126/3871/6265
f 1326/4317/6200 1310/4318/6425 1161/4319/6201
f 1287/3935/6218 1089/3937/6295 1373/4320/6259
f 1195/4321/6164 1244/4072/6291 1148/4071/6165
f 1348/4322/6383 1374/4323/6426 1266/4324/6262
f 1221/4325/6210 1348/4130/6383 1266/4326/6262
f 1347/4063/6163 1125/4244/6411 1136/4061/6176
f 1302/4327/6271 1347/4328/6163 1248/4329/6162
f 1302/4245/6271 1125/4244/6411 1347/4063/6163
f 1291/4330/6427 1236/4331/6284 1262/3860/6256
f 1236/4332/6284 1292/4333/6335 1262/4334/6256
f 1290/4335/6300 1375/4336/6428 1202/4337/6301
f 1375/4336/6428 1376/4338/6429 1202/4337/6301
f 1324/4339/6430 1323/4340/6423 1350/4341/6387
f 1324/4339/6430 1350/4341/6387 1261/4342/6313
f 1171/3757/6180 1119/3918/6222 1284/4343/6349
f 1119/3918/6222 1276/3933/6293 1284/4343/6349
f 1137/4344/6270 1158/4345/6250 1190/4346/6238
f 1088/3846/6248 1137/4347/6270 1092/4348/6144
f 1137/3879/6270 1190/3834/6238 1138/3877/6269
f 1088/3846/6248 1158/3848/6250 1137/4347/6270
f 1247/4349/6378 1340/4350/6161 1347/4351/6163
f 1097/4352/6189 1282/4353/6404 1377/4354/6431
f 1269/3734/6160 1295/4159/6233 1184/4060/6346
f 1253/4355/6146 1274/4177/6390 1078/4356/6147
f 1169/4175/6178 1274/4177/6390 1253/4355/6146
f 1235/4357/6223 1211/4358/6288 1075/4359/6224
f 1082/4360/6432 1133/4361/6158 1330/4362/6360
f 1330/4059/6360 1133/3732/6158 1269/3734/6160
f 1108/4363/6389 1378/4364/6433 1074/4365/6374
f 1222/4366/6408 1366/4367/6434 1373/4368/6259
f 1205/3780/6199 1206/3779/6198 1259/3944/6297
f 1318/4369/6324 1343/4124/6381 1206/4123/6198
f 1319/4370/6347 1179/4371/6435 1320/4372/6345
f 1320/4373/6345 1380/4374/6436 1330/4059/6360
f 1183/4185/6398 1216/4184/6310 1326/4317/6200
f 1360/4375/6394 1290/4376/6300 1203/4377/6302
f 1074/4378/6374 1364/4379/6397 1108/4363/6389
f 1361/4380/6255 1364/4381/6397 1363/4382/6395
f 1103/4383/6437 1364/4381/6397 1074/4384/6374
f 1361/4380/6255 1108/4385/6389 1364/4381/6397
f 1362/4386/6396 1364/4387/6397 1103/4388/6437
f 1379/4389/6438 1291/4390/6427 1361/3859/6255
f 1361/3859/6255 1291/4390/6427 1262/3860/6256
f 1169/3827/6178 1335/4391/6361 1136/4392/6176
f 1288/4393/6299 1219/4163/6207 1225/4162/6392
f 1225/4394/6392 1226/4395/6341 1288/4396/6299
f 1346/4397/6204 1352/4398/6388 1353/4399/6339
f 1353/4399/6339 1267/4400/6264 1346/4397/6204
f 1209/3850/6252 1210/4401/6415 1228/3851/6215
f 1293/4402/6305 1378/4364/6433 1108/4363/6389
f 1212/4403/6321 1297/4186/6311 1182/4404/6319
f 1316/4405/6416 1376/4406/6429 1382/4407/6439
f 1098/3770/6191 1340/4408/6161 1317/4409/6354
f 1298/3968/6312 1098/3770/6191 1317/4409/6354
f 1314/4410/6440 1354/4411/6441 1316/4412/6416
f 1316/4413/6416 1354/4414/6441 1355/4415/6317
f 1172/3838/6242 1270/4416/6267 1271/3961/6266
f 1271/3961/6266 1083/3847/6249 1172/3838/6242
f 1172/3838/6242 1083/3847/6249 1173/3960/6296
f 1103/4417/6437 1193/4418/6193 1286/4419/6328
f 1193/4420/6193 1103/4421/6437 1074/4422/6374
f 1103/4423/6437 1286/3999/6328 1102/4001/6330
f 1369/4424/6294 1123/4425/6417 1309/4426/6406
f 1124/4427/6442 1123/4428/6417 1369/4429/6294
f 1369/4430/6294 1354/4431/6441 1124/4432/6442
f 1189/4433/6364 1176/4434/6171 1177/4435/6334
f 1151/4436/6391 1189/4254/6364 1138/4253/6269
f 1177/4437/6334 1195/4438/6164 1189/4439/6364
f 1200/4440/6281 1201/4441/6358 1144/4442/6185
f 1073/3709/6357 1144/4443/6185 1201/4444/6358
f 1306/4445/6331 1343/4446/6381 1318/4447/6324
f 1234/4448/6332 1306/4449/6331 1318/4450/6324
f 1383/4248/6412 1152/3883/6272 1282/4451/6404
f 1383/4248/6412 1302/3881/6271 1152/3883/6272
f 1082/4452/6432 1081/4453/6275 1133/4454/6158
f 1381/4455/6443 1384/4456/6444 1220/4457/6208
f 1381/4455/6443 1260/4458/6298 1384/4456/6444
f 1384/4459/6444 1232/4460/6343 1220/4461/6208
f 1259/4462/6297 1384/4456/6444 1260/4458/6298
f 1245/4463/6230 1273/4464/6229 1252/4465/6280
f 1385/4466/6445 1134/3733/6159 1133/3732/6158
f 1322/4467/6350 1321/4468/6348 1386/4469/6446
f 1231/4470/6220 1283/4471/6179 1175/4472/6368
f 1175/4473/6368 1174/4474/6353 1325/4475/6447
f 1231/4476/6220 1175/4473/6368 1325/4475/6447
f 1263/4477/6254 1072/4478/6308 1264/4479/6257
f 1264/4480/6257 1072/4481/6308 1142/4482/6303
f 1072/4481/6308 1071/4483/6304 1142/4482/6303
f 1258/4484/6401 1366/4485/6434 1365/4486/6399
f 1373/4368/6259 1366/4367/6434 1258/4487/6401
f 1183/4488/6398 1326/4489/6200 1387/4490/6448
f 1326/4491/6200 1135/3932/6202 1387/4492/6448
f 1296/4493/6380 1387/4492/6448 1349/4494/6365
f 1387/4492/6448 1249/3931/6292 1349/4494/6365
f 1337/4495/6362 1322/4496/6350 1336/4497/6449
f 1170/4066/6181 1322/4498/6350 1337/4064/6362
f 1126/4499/6265 1099/4500/6170 1252/4465/6280
f 1252/4465/6280 1099/4500/6170 1331/4501/6187
f 1099/4500/6170 1201/4502/6358 1200/4503/6281
f 1200/4503/6281 1331/4501/6187 1099/4500/6170
f 1149/4504/6450 1240/4505/6234 1157/4173/6167
f 1150/4506/6451 1240/4507/6234 1149/4508/6450
f 1281/3707/6372 1143/4099/6186 1144/4509/6185
f 1090/4510/6143 1088/3846/6248 1092/4348/6144
f 1090/4511/6143 1087/4512/6150 1088/4513/6248
f 1122/4514/6245 1295/3821/6233 1134/3733/6159
f 1373/4515/6259 1089/4516/6295 1222/4517/6408
f 1222/4518/6408 1089/4519/6295 1309/4520/6406
f 1379/4521/6438 1378/4522/6433 1293/4523/6305
f 1362/4180/6396 1379/4524/6438 1361/4178/6255
f 1109/4525/6153 1120/4526/6221 1231/4527/6220
f 1109/4525/6153 1349/4528/6365 1120/4526/6221
f 1109/4529/6153 1231/4530/6220 1093/4531/6195
f 1387/4492/6448 1135/3932/6202 1249/3931/6292
f 1132/4532/6247 1295/4533/6233 1122/4534/6245
f 1104/4264/6206 1214/4535/6286 1178/4212/6184
f 1080/4536/6183 1215/4265/6414 1104/4264/6206
f 1215/4537/6414 1077/4538/6337 1210/4539/6415
f 1077/4540/6337 1115/4541/6216 1210/4542/6415
f 1134/3733/6159 1275/4056/6351 1334/4543/6359
f 1257/4544/6400 1294/4259/6306 1114/4545/6253
f 1113/3826/6235 1335/4546/6361 1169/3827/6178
f 1202/4121/6301 1376/4547/6429 1289/4118/6379
f 1289/4118/6379 1376/4547/6429 1391/4548/6320
f 1289/4118/6379 1391/4548/6320 1182/4119/6319
f 1242/3745/6169 1201/4549/6358 1099/3746/6170
f 1145/4550/6278 1185/4084/6268 1277/4074/6366
f 1277/4074/6366 1251/4551/6277 1145/4550/6278
f 1220/3790/6208 1219/3789/6207 1381/4552/6443
f 1219/4553/6207 1288/4554/6299 1381/4555/6443
f 1382/4407/6439 1376/4406/6429 1375/4556/6428
f 1329/4557/6452 1082/4558/6432 1330/4559/6360
f 1280/4560/6274 1082/4452/6432 1329/4561/6452
f 1081/4562/6275 1082/4360/6432 1280/4563/6274
f 1143/3763/6186 1256/4564/6283 1331/3764/6187
f 1215/4565/6414 1080/4566/6183 1139/4567/6236
f 1077/4568/6337 1215/4569/6414 1139/4570/6236
f 1139/4570/6236 1076/4571/6307 1077/4568/6337
f 1272/4572/6403 1332/4573/6355 1125/4574/6411
f 1324/4575/6430 1311/3921/6287 1323/4576/6423
f 1197/4577/6326 1378/4522/6433 1379/4521/6438
f 1378/4578/6433 1107/4579/6373 1074/4580/6374
f 1192/4581/6194 1367/4582/6402 1305/4583/6418
f 1305/4584/6418 1367/4191/6402 1303/3996/6325
f 1150/4506/6451 1177/4585/6334 1176/4586/6171
f 1278/4587/6385 1165/4161/6226 1251/4588/6277
f 1156/3913/6282 1165/4161/6226 1278/4587/6385
f 1370/4589/6421 1160/4590/6453 1328/4591/6454
f 1314/4410/6440 1124/4592/6442 1354/4411/6441
f 1123/4593/6417 1124/4594/6442 1188/4595/6314
f 1218/4596/6315 1124/4592/6442 1314/4410/6440
f 1188/4597/6314 1124/4598/6442 1218/4599/6315
f 1306/4600/6331 1305/4601/6418 1303/4602/6325
f 1303/4603/6325 1343/4604/6381 1306/4605/6331
f 1359/4606/6309 1358/4607/6393 1216/4608/6310
f 1337/4609/6362 1333/4610/6356 1159/4611/6363
f 1071/4612/6304 1116/4613/6154 1236/4614/6284
f 1072/4615/6308 1116/4613/6154 1071/4612/6304
f 1096/4616/6149 1090/4617/6143 1180/3927/6290
f 1180/3927/6290 1090/4617/6143 1380/4618/6436
f 1339/4619/6455 1179/4620/6435 1319/4621/6347
f 1179/4622/6435 1339/4623/6455 1148/4624/6165
f 1148/4625/6165 1339/4626/6455 1254/4627/6410
f 1174/4628/6353 1338/4629/6369 1334/4630/6359
f 1150/4631/6451 1244/4632/6291 1177/4633/6334
f 1179/4634/6435 1213/4635/6289 1320/4636/6345
f 1148/4071/6165 1213/4637/6289 1179/4638/6435
f 1390/4639/6456 1316/4640/6416 1224/4641/6213
f 1261/4642/6313 1178/4643/6184 1311/4644/6287
f 1261/4342/6313 1311/4645/6287 1324/4339/6430
f 1130/4076/6157 1086/4075/6367 1240/4505/6234
f 1336/4646/6449 1322/4647/6350 1386/4648/6446
f 1336/4646/6449 1386/4648/6446 1285/4649/6384
f 1285/4650/6384 1386/4651/6446 1275/4652/6351
f 1090/4510/6143 1091/4653/6145 1342/4654/6457
f 1279/3887/6273 1091/4655/6145 1137/3879/6270
f 1091/4655/6145 1092/4656/6144 1137/3879/6270
f 1236/4657/6284 1393/4658/6458 1292/4659/6335
f 1286/4660/6328 1191/4661/6192 1356/4662/6459
f 1359/4663/6309 1297/4186/6311 1212/4403/6321
f 1212/4403/6321 1392/4664/6460 1359/4663/6309
f 1359/4665/6309 1392/4666/6460 1360/4667/6394
f 1385/4668/6445 1081/4669/6275 1333/4670/6356
f 1385/4671/6445 1133/4672/6158 1081/4673/6275
f 1333/4674/6356 1081/4675/6275 1168/4676/6174
f 1167/4677/6175 1168/4678/6174 1081/4679/6275
f 1105/4680/6409 1309/4520/6406 1123/4681/6417
f 1164/3837/6241 1199/3839/6243 1246/4682/6232
f 1246/4683/6232 1199/4122/6243 1185/4084/6268
f 1277/4684/6366 1130/4685/6157 1251/4686/6277
f 1377/4687/6431 1186/4688/6190 1097/4689/6189
f 1365/4690/6399 1229/4691/6217 1257/4189/6400
f 1356/4692/6459 1315/4693/6342 1357/4694/6461
f 1315/4695/6342 1233/4696/6344 1344/4697/6382
f 1192/4698/6194 1299/4699/6333 1315/4700/6342
f 1370/4701/6421 1386/4702/6446 1321/4703/6348
f 1321/4704/6348 1284/4705/6349 1370/4706/6421
f 1180/3927/6290 1380/4374/6436 1320/4373/6345
f 1330/4707/6360 1380/4708/6436 1329/4561/6452
f 1273/4709/6229 1094/4710/6240 1252/4711/6280
f 1325/4712/6447 1327/4713/6352 1093/4714/6195
f 1221/4715/6210 1266/4716/6262 1237/4717/6209
f 1227/4718/6340 1219/4719/6207 1237/3794/6209
f 1287/4720/6218 1265/3798/6214 1230/4721/6219
f 1265/3798/6214 1287/4720/6218 1373/4722/6259
f 1084/4109/6376 1254/4243/6410 1339/4723/6455
f 1147/3878/6166 1254/4243/6410 1084/4109/6376
f 1138/4253/6269 1190/4724/6238 1151/4436/6391
f 1141/3833/6237 1140/4725/6177 1125/4726/6411
f 1127/4727/6156 1129/3824/6155 1176/4728/6171
f 1203/3949/6302 1349/4070/6365 1100/3867/6261
f 1100/4729/6261 1101/4730/6260 1203/4731/6302
f 1163/4732/6462 1366/4367/6434 1222/4366/6408
f 1163/4733/6462 1365/4734/6399 1366/4735/6434
f 1162/4736/6318 1365/4737/6399 1163/4738/6462
f 1163/4739/6462 1222/4740/6408 1106/4741/6407
f 1227/4742/6340 1226/4743/6341 1225/4744/6392
f 1127/3950/6156 1251/4745/6277 1130/4746/6157
f 1388/4747/6463 1196/4748/6370 1334/4749/6359
f 1388/4750/6463 1170/3758/6181 1196/4751/6370
f 1170/4752/6181 1159/4304/6363 1196/4306/6370
f 1203/4753/6302 1101/4754/6260 1360/4755/6394
f 1153/4756/6375 1186/4757/6190 1377/4758/6431
f 1377/4759/6431 1282/4451/6404 1153/4760/6375
f 1153/4760/6375 1282/4451/6404 1152/3883/6272
f 1301/3993/6322 1205/3995/6199 1348/4130/6383
f 1328/4761/6454 1160/4762/6453 1327/4763/6352
f 1160/4764/6453 1194/4765/6196 1327/4766/6352
f 1100/4767/6261 1349/4768/6365 1111/4769/6152
f 1382/4770/6439 1314/4771/6440 1316/4772/6416
f 1300/4773/6316 1218/4774/6315 1314/4775/6440
f 1150/4506/6451 1129/4776/6155 1240/4507/6234
f 1150/4777/6451 1176/4778/6171 1129/3824/6155
f 1120/4779/6221 1349/4780/6365 1249/4781/6292
f 1093/4782/6195 1231/4476/6220 1325/4475/6447
f 1327/4783/6352 1325/4712/6447 1174/4784/6353
f 1336/4785/6449 1134/4786/6159 1385/4787/6445
f 1385/4788/6445 1394/4789/6464 1336/4790/6449
f 1394/4791/6464 1337/4792/6362 1336/4646/6449
f 1285/4793/6384 1134/4088/6159 1336/4794/6449
f 1267/4795/6264 1345/4796/6371 1346/4797/6204
f 1342/4654/6457 1380/4708/6436 1090/4510/6143
f 1320/4373/6345 1330/4059/6360 1184/4060/6346
f 1294/4259/6306 1214/3923/6286 1114/4545/6253
f 1114/4798/6253 1214/4799/6286 1104/4800/6206
f 1329/4561/6452 1380/4708/6436 1342/4654/6457
f 1329/4561/6452 1342/4654/6457 1280/4560/6274
f 1280/4560/6274 1342/4654/6457 1091/4653/6145
f 1341/4801/6465 1247/4802/6378 1393/4803/6458
f 1341/4804/6465 1393/4805/6458 1181/4806/6188
f 1348/4807/6383 1205/3780/6199 1374/4808/6426
f 1259/4809/6297 1374/4810/6426 1205/4811/6199
f 1259/4809/6297 1288/4812/6299 1374/4810/6426
f 1145/4550/6278 1239/3810/6225 1185/4084/6268
f 1393/4813/6458 1236/4814/6284 1181/4815/6188
f 1365/4816/6399 1395/4817/6466 1229/4818/6217
f 1395/4819/6466 1354/4431/6441 1369/4430/6294
f 1162/4820/6318 1395/4821/6466 1365/4822/6399
f 1229/4823/6217 1395/4824/6466 1369/4825/6294
f 1355/4826/6317 1354/4827/6441 1395/4828/6466
f 1355/4829/6317 1395/4821/6466 1162/4820/6318
f 1102/4001/6330 1197/4830/6326 1379/4389/6438
f 1102/4001/6330 1379/4389/6438 1362/4386/6396
f 1102/4001/6330 1362/4386/6396 1103/4388/6437
f 1353/4831/6339 1237/4832/6209 1267/4833/6264
f 1187/4834/6212 1223/4835/6211 1106/4836/6407
f 1187/4137/6212 1105/4680/6409 1188/4138/6314
f 1187/4137/6212 1106/4837/6407 1105/4680/6409
f 1223/4835/6211 1162/4838/6318 1106/4836/6407
f 1163/4739/6462 1106/4836/6407 1162/4838/6318
f 1220/4839/6208 1155/4840/6323 1221/3793/6210
f 1221/4841/6210 1155/4842/6323 1301/4843/6322
f 1206/4844/6198 1204/4845/6197 1318/4846/6324
f 1204/3994/6197 1301/3993/6322 1318/4847/6324
f 1084/4848/6376 1339/4849/6455 1154/4850/6377
f 1294/4851/6306 1257/4852/6400 1313/4853/6338
f 1257/4852/6400 1229/4139/6217 1313/4853/6338
f 1127/3950/6156 1278/4133/6385 1251/4745/6277
f 1296/4854/6380 1349/4070/6365 1202/3948/6301
f 1307/4855/6420 1308/4856/6419 1268/4857/6263
f 1308/4858/6419 1323/4859/6423 1268/4860/6263
f 1345/4861/6371 1267/4862/6264 1268/4863/6263
f 1378/4578/6433 1197/4864/6326 1107/4579/6373
f 1332/4865/6355 1272/4206/6403 1298/4205/6312
f 1340/4866/6161 1186/4867/6190 1153/4868/6375
f 1340/4866/6161 1153/4868/6375 1248/4869/6162
f 1340/4870/6161 1098/4871/6191 1186/4872/6190
f 1128/4316/6239 1158/4873/6250 1271/3872/6266
f 1396/4874/6467 1216/4184/6310 1110/4875/6151
f 1310/4318/6425 1326/4317/6200 1396/4874/6467
f 1216/4184/6310 1396/4874/6467 1326/4317/6200
f 1396/4874/6467 1194/4876/6196 1310/4318/6425
f 1396/4874/6467 1110/4875/6151 1194/4876/6196
f 1333/4877/6356 1394/4878/6464 1385/4879/6445
f 1333/4880/6356 1337/4881/6362 1394/4789/6464
f 1140/4882/6177 1136/4883/6176 1125/4884/6411
f 1150/4885/6451 1149/4886/6450 1243/4887/6276
f 1243/3926/6276 1149/4504/6450 1157/4888/6167
f 1244/4889/6291 1150/4890/6451 1243/4891/6276
f 1381/4892/6443 1288/4893/6299 1260/4894/6298
f 1247/4802/6378 1341/4801/6465 1340/4895/6161
f 1288/4896/6299 1226/4024/6341 1307/4288/6420
f 1300/4897/6316 1314/4771/6440 1382/4770/6439
f 1300/4898/6316 1382/4899/6439 1375/4900/6428
f 1288/4901/6299 1307/4902/6420 1374/4810/6426
f 1307/4903/6420 1268/4904/6263 1374/4905/6426
f 1374/4905/6426 1268/4904/6263 1266/4906/6262
f 1327/4907/6352 1194/4908/6196 1093/4909/6195
f 1370/4910/6421 1328/4911/6454 1386/4912/6446
f 1386/4913/6446 1328/4914/6454 1275/4915/6351
f 1275/4916/6351 1328/4591/6454 1327/4917/6352
f 1372/4918/6424 1166/4156/6173 1131/4919/6246
f 1372/4920/6424 1131/4921/6246 1122/4922/6245
f 1333/4923/6356 1166/4156/6173 1372/4918/6424
f 1333/4923/6356 1372/4918/6424 1159/4611/6363
f 1257/4544/6400 1114/4924/6253 1258/4925/6401
f 1258/4926/6401 1114/4927/6253 1207/4928/6251
f 1391/4929/6320 1316/4930/6416 1390/4931/6456
f 1391/4932/6320 1376/4933/6429 1316/4934/6416
f 1391/4929/6320 1392/4935/6460 1212/4936/6321
f 1276/4937/6293 1161/4938/6201 1371/4939/6422
f 1371/4940/6422 1284/4941/6349 1276/4942/6293
f 1371/4939/6422 1161/4938/6201 1160/4943/6453
f 1160/4944/6453 1370/4706/6421 1371/4939/6422
f 1245/4945/6230 1252/4946/6280 1331/4947/6187
f 1331/4948/6187 1250/4949/6244 1245/4950/6230
f 1160/4951/6453 1310/4952/6425 1194/4953/6196
f 1161/4938/6201 1310/4952/6425 1160/4951/6453
f 1391/4929/6320 1397/4954/6468 1392/4935/6460
f 1351/4955/6386 1397/4956/6468 1390/4957/6456
f 1391/4958/6320 1390/4957/6456 1397/4956/6468
f 1290/4959/6300 1397/4960/6468 1375/4961/6428
f 1397/4954/6468 1360/4962/6394 1392/4935/6460
f 1290/4959/6300 1360/4963/6394 1397/4960/6468
f 1125/4726/6411 1317/4964/6354 1141/3833/6237
f 1141/4965/6237 1317/4966/6354 1181/4967/6188
f 1332/4968/6355 1317/4964/6354 1125/4726/6411
f 1182/4119/6319 1387/4969/6448 1296/4493/6380
f 1183/4970/6398 1387/4971/6448 1182/4972/6319
f 1373/4973/6259 1258/4974/6401 1217/4975/6258
f 1217/4975/6258 1258/4974/6401 1207/4976/6251
f 1076/3959/6307 1294/3958/6306 1313/4977/6338
f 1076/4978/6307 1313/4979/6338 1077/4980/6337
f 1192/4981/6194 1315/4982/6342 1356/4983/6459
f 1356/4984/6459 1191/4985/6192 1192/4986/6194
f 1259/4462/6297 1232/4987/6343 1384/4456/6444
f 1259/4462/6297 1344/4988/6382 1233/4989/6344
f 1206/4990/6198 1344/4991/6382 1259/4992/6297
f 1233/4989/6344 1232/4987/6343 1259/4462/6297
f 1268/4993/6263 1323/4994/6423 1312/4995/6413
f 1345/4095/6371 1268/4996/6263 1312/4997/6413
f 1323/4998/6423 1311/4999/6287 1312/5000/6413
f 1312/4997/6413 1235/4096/6223 1345/4095/6371
f 1253/5001/6146 1095/5002/6148 1113/5003/6235
f 1181/5004/6188 1317/5005/6354 1341/5006/6465
f 1341/5006/6465 1317/5005/6354 1340/5007/6161
f 1234/5008/6332 1155/5009/6323 1220/4461/6208
f 1234/5008/6332 1220/4461/6208 1232/4460/6343
f 1234/5008/6332 1232/4460/6343 1299/5010/6333
f 1318/5011/6324 1155/5012/6323 1234/5013/6332
f 1291/5014/6427 1071/3955/6304 1236/5015/6284
f 1213/3925/6289 1180/3927/6290 1320/4373/6345
f 1154/4850/6377 1339/4849/6455 1319/5016/6347
f 1184/5017/6346 1295/5018/6233 1319/4038/6347
f 1319/5019/6347 1295/5020/6233 1154/5021/6377
f 1283/5022/6179 1170/5023/6181 1388/5024/6463
f 1338/5025/6369 1388/5026/6463 1334/5027/6359
f 1283/5022/6179 1388/5024/6463 1338/5028/6369
f 1132/4155/6247 1131/5029/6246 1166/4156/6173
f 1389/5030/6469 1397/5031/6468 1351/5032/6386
f 1375/5033/6428 1397/5031/6468 1389/5030/6469
f 1389/5034/6469 1188/5035/6314 1300/5036/6316
f 1389/5034/6469 1351/5037/6386 1188/5038/6314
f 1389/5039/6469 1300/5040/6316 1375/5041/6428
f 1383/5042/6412 1282/4209/6404 1272/4208/6403
f 1283/4471/6179 1338/5043/6369 1175/4472/6368
f 1304/5044/6327 1357/5045/6461 1315/5046/6342
f 1304/5047/6327 1315/4695/6342 1344/5048/6382
f 1303/5049/6325 1304/5050/6327 1343/5051/6381
f 1343/5052/6381 1304/5053/6327 1344/5054/6382
f 1255/5055/6336 1393/5056/6458 1247/5057/6378
f 1335/4062/6361 1255/4014/6336 1247/4112/6378
f 1255/5058/6336 1292/5059/6335 1393/5060/6458
f 1335/4062/6361 1113/5061/6235 1255/4014/6336
f 1145/3896/6278 1165/5062/6226 1239/5063/6225
f 1208/5064/6203 1350/4341/6387 1346/5065/6204
f 1261/5066/6313 1350/5067/6387 1208/5068/6203
f 1118/5069/6168 1270/5070/6267 1172/5071/6242
f 1118/4165/6168 1172/5072/6242 1164/4294/6241
f 1126/5073/6265 1270/5070/6267 1118/5069/6168
f 1264/5074/6257 1108/5075/6389 1361/5076/6255
f 1293/3956/6305 1071/3955/6304 1291/5014/6427
f 1291/5077/6427 1379/4524/6438 1293/5078/6305
f 1313/5079/6338 1229/5080/6217 1230/5081/6219
f 1265/3798/6214 1115/3800/6216 1230/4721/6219
f 1230/5082/6219 1115/5083/6216 1313/5084/6338
f 1357/5085/6461 1286/3999/6328 1356/5086/6459
f 1304/5087/6327 1198/5088/6329 1357/5089/6461
f 1357/5090/6461 1198/5091/6329 1286/5092/6328
f 1390/5093/6456 1224/5094/6213 1351/5095/6386
f 1224/3797/6213 1187/3796/6212 1351/5096/6386
f 1418/5097/6470 1419/5098/6471 1420/5099/6472
f 1581/5100/6473 1423/5101/6474 1406/5102/6475
f 1424/5103/6476 1418/5104/6470 1415/5105/6477
f 1438/5106/6478 1437/5107/6479 1439/5108/6480
f 1423/5101/6474 1444/5109/6481 1406/5102/6475
f 1457/5110/6482 1458/5111/6483 1455/5112/6484
f 1461/5113/6485 1597/5114/6486 1462/5115/6487
f 1668/5116/6488 1675/5117/6489 1576/5118/6490
f 1523/5119/6491 1475/5120/6492 1476/5121/6493
f 1424/5122/6476 1415/5123/6477 1485/5124/6494
f 1446/5125/6495 1427/5126/6496 1570/3711/6137
f 1504/5127/6497 1455/5128/6484 1474/5129/6498
f 1494/5130/6499 1495/5131/6500 1496/5132/6501
f 1464/5133/6502 1497/5134/6503 1468/5135/6504
f 1611/5136/6505 1498/5137/6506 1499/5138/6507
f 1407/5139/6508 1506/5140/6509 1408/5141/6510
f 1472/5142/6511 1659/5143/6512 1471/5144/6513
f 1509/5145/6514 1406/5146/6475 1444/5147/6481
f 1425/5148/6515 1426/5149/6516 1514/5150/6517
f 1519/5151/6518 1520/5152/6519 1521/5153/6520
f 1421/5154/6521 1437/5155/6479 1438/5156/6478
f 1522/5157/6522 1421/5154/6521 1438/5156/6478
f 1532/5158/6523 1533/5159/6524 1534/5160/6525
f 1654/5161/6526 1463/5162/6527 1489/5163/6528
f 1536/5164/6529 1440/5165/6530 1674/5166/6531
f 1506/5140/6509 1432/5167/6532 1408/5168/6510
f 1547/5169/6533 1565/5170/6534 1548/5171/6535
f 1548/5172/6535 1565/5173/6534 1549/5174/6536
f 1551/5175/6537 1552/5176/6538 1515/5177/6539
f 1593/5178/6540 1443/5179/6541 1556/5180/6542
f 1557/5181/6543 1558/5182/6544 1615/5183/6545
f 1559/5184/6546 1447/5185/6547 1448/5186/6548
f 1440/5187/6530 1403/5188/6549 1563/5189/6550
f 1567/3714/6140 1566/3715/6142 1493/5190/6551
f 1445/3713/6139 1446/5191/6495 1570/5192/6137
f 1474/5193/6498 1573/5194/6552 1601/5195/6553
f 1569/5196/6554 1574/5197/6555 1445/5198/6139
f 1462/5115/6487 1597/5114/6486 1623/5199/6556
f 1458/5200/6483 1457/5201/6482 1568/5202/6557
f 1581/5203/6473 1497/5204/6503 1441/5205/6558
f 1403/5206/6549 1440/5207/6530 1467/5208/6559
f 1509/5209/6514 1469/5210/6560 1468/5211/6504
f 1518/5212/6561 1422/5213/6562 1456/5214/6563
f 1492/5215/6564 1527/5216/6565 1500/5217/6566
f 1578/5218/6567 1573/5219/6552 1474/5220/6498
f 1450/5221/6568 1460/5222/6569 1459/5223/6570
f 1416/5224/6571 1486/5225/6572 1411/5226/6573
f 1535/5227/6574 1556/5228/6542 1537/5229/6575
f 1535/5230/6574 1537/5231/6575 1432/5232/6532
f 1442/5233/6576 1535/5234/6574 1432/5235/6532
f 1591/5236/6577 1590/5237/6578 1689/5238/6579
f 1592/5239/6580 1591/5236/6577 1689/5238/6579
f 1545/5240/6581 1701/5241/6582 1593/5242/6540
f 1439/5243/6480 1428/5244/6583 1429/5245/6584
f 1594/5246/6585 1595/5247/6586 1596/5248/6587
f 1454/5249/6588 1598/5250/6589 1599/5251/6590
f 1569/5252/6554 1513/5253/6591 1574/5254/6555
f 1466/5255/6592 1465/5256/6593 1475/5257/6492
f 1466/5255/6592 1475/5257/6492 1523/5258/6491
f 1630/5259/6594 1480/5260/6595 1576/5261/6490
f 1607/5262/6596 1419/5263/6471 1608/5264/6597
f 1465/5256/6593 1607/5265/6596 1475/5257/6492
f 1607/5266/6596 1409/5267/6598 1495/5268/6500
f 1571/5269/6599 1424/5270/6476 1485/5271/6494
f 1579/5272/6600 1473/5273/6601 1493/5274/6551
f 1449/3701/6141 1569/5275/6554 1445/5276/6139
f 1580/5277/6602 1456/5278/6563 1422/5279/6562
f 1528/5280/6603 1659/5281/6512 1472/5282/6511
f 1484/5283/6604 1584/5284/6605 1578/5285/6567
f 1509/5286/6514 1444/5287/6481 1564/5288/6606
f 1413/5289/6607 1584/5290/6605 1484/5291/6604
f 1584/5292/6605 1413/5293/6607 1471/5294/6513
f 1499/5138/6507 1447/5295/6547 1611/5136/6505
f 1506/5296/6509 1639/5297/6608 1542/5298/6609
f 1639/5299/6608 1539/5300/6610 1542/5301/6609
f 1541/5302/6611 1508/5303/6612 1571/5304/6599
f 1541/5305/6611 1571/5306/6599 1572/5307/6613
f 1577/5308/6614 1604/5309/6615 1463/5310/6527
f 1447/5295/6547 1604/5309/6615 1577/5308/6614
f 1448/5311/6548 1447/5295/6547 1577/5308/6614
f 1615/5312/6545 1417/5313/6616 1697/5314/6617
f 1501/5315/6618 1416/5316/6571 1411/5317/6573
f 1415/5318/6477 1416/5319/6571 1501/5320/6618
f 1587/5321/6619 1616/5322/6620 1588/5323/6621
f 1618/5324/6622 1531/5325/6623 1530/5326/6624
f 1578/5218/6567 1474/5220/6498 1455/5327/6484
f 1484/5328/6604 1578/5329/6567 1455/5330/6484
f 1470/5331/6625 1621/5332/6626 1399/5333/6627
f 1403/5334/6549 1404/5335/6628 1622/5336/6629
f 1500/5217/6566 1527/5216/6565 1501/5337/6618
f 1411/5226/6573 1486/5225/6572 1599/5338/6590
f 1423/5339/6474 1400/5340/6630 1444/5341/6481
f 1687/5342/6631 1625/5343/6632 1544/5344/6633
f 1426/5149/6516 1425/5345/6515 1626/5346/6634
f 1440/5347/6530 1536/5348/6529 1467/5349/6559
f 1536/5348/6529 1589/5350/6635 1407/5351/6508
f 1536/5352/6529 1407/5353/6508 1467/5354/6559
f 1516/5355/6636 1628/5356/6637 1546/5357/6638
f 1552/5358/6538 1490/5359/6639 1683/5360/6640
f 1551/5361/6537 1490/5362/6639 1552/5363/6538
f 1510/5364/6641 1540/5365/6642 1719/5366/6643
f 1629/5367/6644 1646/5368/6645 1483/5369/6646
f 1629/5370/6644 1533/5371/6524 1532/5372/6523
f 1631/5373/6647 1632/5374/6648 1525/5375/6649
f 1614/5376/6650 1430/5377/6651 1526/5378/6652
f 1520/5379/6519 1562/5380/6653 1634/5381/6654
f 1562/5382/6653 1520/5383/6519 1627/5384/6655
f 1523/5385/6491 1572/5386/6613 1505/5387/6656
f 1590/5388/6578 1583/5389/6657 1620/5390/6658
f 1590/5237/6578 1591/5391/6577 1583/5392/6657
f 1404/5335/6628 1403/5334/6549 1467/5393/6559
f 1405/5394/6659 1443/5395/6541 1641/5396/6660
f 1595/5247/6586 1594/5246/6585 1565/5397/6534
f 1681/5398/6661 1565/5399/6534 1555/5400/6662
f 1554/5401/6663 1681/5402/6661 1555/5403/6662
f 1545/5404/6581 1593/5405/6540 1556/5406/6542
f 1643/5407/6664 1561/5408/6665 1560/5409/6666
f 1627/5410/6655 1643/5411/6664 1560/5412/6666
f 1648/5413/6667 1647/5414/6668 1512/5415/6669
f 1499/5138/6507 1498/5137/6506 1649/5416/6670
f 1649/5417/6670 1612/5418/6671 1499/5419/6507
f 1498/5420/6506 1650/5421/6672 1649/5422/6670
f 1603/5423/6673 1502/5424/6674 1655/5425/6675
f 1626/5426/6634 1660/5427/6676 1645/5428/6677
f 1494/5429/6499 1496/5430/6501 1661/5431/6678
f 1570/3711/6137 1529/5432/6679 1401/3712/6138
f 1603/5433/6673 1662/5434/6680 1502/5435/6674
f 1658/5436/6681 1512/5437/6669 1597/5114/6486
f 1464/5438/6502 1675/5439/6489 1663/5440/6682
f 1665/5441/6683 1498/5442/6506 1487/5443/6684
f 1517/5444/6685 1504/5445/6497 1601/5446/6553
f 1530/5326/6624 1531/5325/6623 1677/5447/6686
f 1476/5448/6493 1541/5449/6611 1572/5450/6613
f 1605/5451/6687 1458/5452/6483 1414/5453/6688
f 1527/5454/6565 1605/5451/6687 1414/5453/6688
f 1527/5454/6565 1414/5453/6688 1501/5320/6618
f 1467/5455/6559 1407/5456/6508 1408/5457/6510
f 1503/5458/6689 1502/5435/6674 1666/5459/6690
f 1569/5460/6554 1567/3714/6140 1513/5461/6591
f 1632/5462/6648 1526/5463/6652 1525/5464/6649
f 1462/5465/6487 1450/5466/6568 1662/5467/6680
f 1662/5468/6680 1450/5469/6568 1524/5470/6691
f 1674/5471/6531 1563/5472/6550 1673/5473/6692
f 1563/5472/6550 1674/5471/6531 1440/5474/6530
f 1609/3704/6693 1471/5475/6513 1413/5476/6607
f 1435/5477/6694 1402/5478/6695 1521/5153/6520
f 1604/5309/6615 1489/5479/6528 1463/5310/6527
f 1574/5480/6555 1492/5481/6564 1445/5482/6139
f 1480/5483/6595 1481/5484/6696 1576/5485/6490
f 1412/5486/6697 1607/5265/6596 1495/5487/6500
f 1482/5488/6698 1412/5486/6697 1495/5487/6500
f 1663/5440/6682 1675/5439/6489 1575/5489/6699
f 1414/5490/6688 1568/5491/6557 1485/5492/6494
f 1414/5493/6688 1485/5492/6494 1501/5494/6618
f 1617/5495/6700 1624/5496/6701 1510/5497/6641
f 1624/5496/6701 1617/5495/6700 1530/5498/6624
f 1527/5499/6565 1513/5461/6591 1605/5451/6687
f 1534/5500/6525 1672/5501/6702 1671/5502/6703
f 1456/5503/6563 1486/5504/6572 1518/5505/6561
f 1549/5506/6536 1676/5507/6704 1629/5370/6644
f 1613/5508/6705 1462/5115/6487 1603/5433/6673
f 1455/5327/6484 1606/5509/6706 1484/5510/6604
f 1508/5303/6612 1424/5511/6476 1571/5304/6599
f 1437/5512/6479 1677/5447/6686 1439/5243/6480
f 1679/5513/6707 1516/5514/6636 1515/5515/6539
f 1557/5516/6543 1615/5517/6545 1697/5518/6617
f 1674/5519/6531 1680/5520/6708 1678/5521/6709
f 1621/5522/6626 1470/5523/6625 1592/5524/6580
f 1621/5525/6626 1592/5526/6580 1436/5527/6710
f 1602/5528/6711 1406/5529/6475 1509/5530/6514
f 1479/5531/6712 1422/5213/6562 1518/5212/6561
f 1460/5532/6569 1482/5533/6698 1494/5534/6499
f 1482/5488/6698 1495/5487/6500 1494/5429/6499
f 1482/5535/6698 1460/5536/6569 1623/5537/6556
f 1484/5291/6604 1493/5538/6551 1413/5289/6607
f 1553/5539/6713 1555/5540/6662 1547/5541/6533
f 1446/5542/6495 1454/5249/6588 1427/5543/6496
f 1429/5544/6584 1688/5545/6714 1686/5546/6715
f 1688/5547/6714 1687/5548/6631 1686/5549/6715
f 1485/5550/6494 1415/5318/6477 1501/5320/6618
f 1468/5551/6504 1602/5528/6711 1509/5530/6514
f 1497/5552/6503 1602/5553/6711 1468/5554/6504
f 1689/5555/6579 1690/5556/6716 1691/5557/6717
f 1690/5558/6716 1692/5559/6718 1691/5560/6717
f 1544/5561/6633 1625/5562/6632 1511/5563/6719
f 1625/5562/6632 1510/5564/6641 1511/5563/6719
f 1693/5565/6720 1586/5566/6721 1585/5567/6722
f 1631/5373/6647 1525/5375/6649 1695/5568/6723
f 1435/5569/6694 1695/5570/6723 1525/5571/6649
f 1435/5572/6694 1520/5573/6519 1695/5574/6723
f 1521/5575/6520 1520/5576/6519 1435/5577/6694
f 1474/5578/6498 1601/5579/6553 1504/5580/6497
f 1425/5581/6515 1600/5582/6724 1626/5583/6634
f 1425/5584/6515 1610/5585/6725 1600/5586/6724
f 1589/5587/6635 1506/5588/6509 1407/5589/6508
f 1559/5184/6546 1611/5590/6505 1447/5185/6547
f 1412/5591/6697 1475/5592/6492 1607/5593/6596
f 1400/5594/6630 1423/5595/6474 1696/5596/6726
f 1583/5597/6657 1591/5598/6577 1696/5599/6726
f 1400/5600/6630 1696/5601/6726 1591/5602/6577
f 1696/5603/6726 1423/5604/6474 1441/5605/6558
f 1583/5389/6657 1696/5606/6726 1441/5607/6558
f 1614/5608/6650 1519/5151/6518 1521/5153/6520
f 1637/5609/6727 1550/5610/6728 1434/5611/6729
f 1433/5612/6730 1637/5609/6727 1434/5611/6729
f 1429/5613/6584 1686/5549/6715 1439/5614/6480
f 1439/5615/6480 1686/5616/6715 1438/5617/6478
f 1438/5156/6478 1686/5549/6715 1544/5618/6633
f 1475/5257/6492 1582/5619/6731 1476/5620/6493
f 1453/5621/6732 1711/5622/6733 1630/5623/6594
f 1453/5624/6732 1600/5625/6724 1711/5626/6733
f 1697/5627/6617 1417/5628/6616 1637/5629/6727
f 1466/5630/6592 1523/5631/6491 1517/5632/6685
f 1622/5633/6629 1539/5634/6610 1403/5635/6549
f 1539/5300/6610 1622/5636/6629 1542/5301/6609
f 1539/5637/6610 1640/5638/6734 1563/5472/6550
f 1539/5639/6610 1639/5297/6608 1640/5640/6734
f 1432/5641/6532 1537/5642/6575 1543/5643/6735
f 1543/5643/6735 1537/5642/6575 1538/5644/6736
f 1644/5645/6737 1552/5646/6538 1683/5647/6640
f 1556/5648/6542 1443/5649/6541 1538/5650/6736
f 1516/5651/6636 1451/5652/6738 1433/5653/6730
f 1520/5379/6519 1634/5654/6654 1633/5655/6739
f 1526/5656/6652 1430/5657/6651 1525/5658/6649
f 1535/5659/6574 1545/5404/6581 1556/5406/6542
f 1636/5660/6740 1680/5661/6708 1554/5401/6663
f 1680/5662/6708 1681/5663/6661 1554/5664/6663
f 1636/5660/6740 1554/5401/6663 1635/5665/6741
f 1601/5666/6553 1479/5531/6712 1517/5667/6685
f 1479/5531/6712 1601/5666/6553 1422/5213/6562
f 1698/5668/6742 1699/5669/6743 1612/5670/6671
f 1492/5671/6564 1446/5542/6495 1445/5672/6139
f 1678/5673/6709 1636/5660/6740 1651/5674/6744
f 1636/5675/6740 1678/5676/6709 1680/5677/6708
f 1607/5678/6596 1608/5679/6597 1409/5680/6598
f 1487/5681/6684 1524/5682/6691 1700/5683/6745
f 1524/5684/6691 1450/5685/6568 1700/5686/6745
f 1659/5687/6512 1578/5688/6567 1584/5689/6605
f 1456/5690/6563 1580/5691/6602 1454/5692/6588
f 1456/5693/6563 1454/5249/6588 1599/5251/6590
f 1654/5694/6526 1489/5695/6528 1638/5696/6746
f 1615/5312/6545 1701/5697/6582 1417/5313/6616
f 1523/5698/6491 1476/5448/6493 1572/5450/6613
f 1676/5699/6704 1594/5700/6585 1702/5701/6747
f 1549/5702/6536 1594/5703/6585 1676/5507/6704
f 1675/5439/6489 1464/5438/6502 1453/5621/6732
f 1630/5704/6594 1576/5705/6490 1675/5706/6489
f 1630/5623/6594 1675/5439/6489 1453/5621/6732
f 1619/5707/6748 1590/5237/6578 1564/5708/6606
f 1564/5709/6606 1590/5710/6578 1620/5711/6658
f 1618/5712/6622 1530/5713/6624 1703/5714/6749
f 1703/5714/6749 1530/5713/6624 1704/5715/6750
f 1652/5716/6751 1678/5717/6709 1651/5718/6744
f 1652/5716/6751 1589/5719/6635 1678/5717/6709
f 1499/5138/6507 1612/5720/6671 1447/5295/6547
f 1447/5295/6547 1612/5720/6671 1604/5309/6615
f 1465/5721/6593 1518/5722/6561 1486/5723/6572
f 1416/5224/6571 1420/5724/6472 1465/5725/6593
f 1465/5256/6593 1466/5255/6592 1518/5212/6561
f 1416/5224/6571 1465/5725/6593 1486/5225/6572
f 1575/5726/6699 1675/5727/6489 1668/5728/6488
f 1425/5729/6515 1705/5730/6752 1610/5731/6725
f 1597/5114/6486 1512/5437/6669 1623/5537/6556
f 1581/5732/6473 1406/5733/6475 1602/5553/6711
f 1497/5552/6503 1581/5732/6473 1602/5553/6711
f 1563/5734/6550 1403/5735/6549 1539/5736/6610
f 1410/5737/6753 1658/5738/6681 1461/5739/6485
f 1658/5436/6681 1597/5114/6486 1461/5113/6485
f 1436/5740/6710 1402/5741/6695 1706/5742/6754
f 1550/5743/6728 1701/5744/6582 1694/5745/6755
f 1533/5159/6524 1587/5321/6619 1534/5160/6525
f 1646/5746/6645 1534/5500/6525 1671/5502/6703
f 1647/5747/6668 1648/5748/6667 1507/5749/6756
f 1648/5750/6667 1658/5436/6681 1708/5751/6757
f 1511/5563/6719 1654/5694/6526 1544/5561/6633
f 1688/5752/6714 1531/5753/6623 1618/5754/6622
f 1402/5755/6695 1436/5740/6710 1692/5756/6718
f 1689/5757/6579 1691/5758/6717 1692/5759/6718
f 1431/5760/6758 1402/5761/6695 1692/5759/6718
f 1689/5757/6579 1692/5759/6718 1436/5762/6710
f 1690/5763/6716 1431/5764/6758 1692/5765/6718
f 1707/5766/6759 1689/5238/6579 1619/5767/6748
f 1689/5238/6579 1590/5237/6578 1619/5767/6748
f 1497/5204/6503 1464/5768/6502 1663/5769/6682
f 1616/5770/6620 1553/5539/6713 1547/5541/6533
f 1553/5771/6713 1616/5772/6620 1554/5773/6663
f 1674/5774/6531 1681/5775/6661 1680/5776/6708
f 1681/5775/6661 1674/5774/6531 1595/5777/6586
f 1537/5229/6575 1556/5228/6542 1538/5778/6736
f 1621/5779/6626 1436/5740/6710 1706/5742/6754
f 1540/5780/6642 1510/5781/6641 1625/5562/6632
f 1644/5782/6737 1710/5783/6760 1704/5784/6750
f 1426/5149/6516 1645/5785/6677 1668/5786/6488
f 1626/5346/6634 1645/5785/6677 1426/5149/6516
f 1642/5787/6761 1644/5788/6737 1682/5789/6762
f 1644/5790/6737 1683/5791/6640 1682/5792/6762
f 1500/5217/6566 1599/5338/6590 1598/5793/6589
f 1599/5338/6590 1500/5217/6566 1411/5226/6573
f 1500/5217/6566 1501/5337/6618 1411/5226/6573
f 1431/5794/6758 1614/5795/6650 1521/5796/6520
f 1521/5797/6520 1402/5798/6695 1431/5799/6758
f 1431/5800/6758 1430/5377/6651 1614/5376/6650
f 1697/5801/6617 1637/5802/6727 1451/5803/6738
f 1452/5804/6763 1697/5805/6617 1451/5806/6738
f 1697/5807/6617 1452/5808/6763 1682/5809/6762
f 1517/5810/6685 1505/5811/6656 1504/5812/6497
f 1479/5813/6712 1466/5630/6592 1517/5632/6685
f 1505/5814/6656 1517/5815/6685 1523/5816/6491
f 1528/5817/6603 1472/5818/6511 1529/5819/6679
f 1401/5820/6138 1529/5821/6679 1472/3703/6511
f 1634/5822/6654 1646/5823/6645 1671/5824/6703
f 1562/5825/6653 1646/5826/6645 1634/5827/6654
f 1711/5626/6733 1610/5828/6725 1480/5260/6595
f 1711/5626/6733 1480/5260/6595 1630/5259/6594
f 1410/5829/6753 1461/5830/6485 1409/5831/6598
f 1709/5832/6764 1548/5833/6535 1712/5834/6765
f 1709/5832/6764 1712/5834/6765 1588/5835/6621
f 1712/5836/6765 1548/5837/6535 1560/5838/6666
f 1587/5839/6619 1588/5835/6621 1712/5834/6765
f 1573/5840/6552 1580/5841/6602 1601/5842/6553
f 1713/5843/6766 1461/5113/6485 1462/5115/6487
f 1650/5844/6672 1714/5845/6767 1649/5846/6670
f 1559/5847/6546 1503/5848/6689 1611/5849/6505
f 1503/5850/6689 1653/5851/6768 1502/5852/6674
f 1559/5853/6546 1653/5851/6768 1503/5850/6689
f 1591/5854/6577 1592/5855/6580 1400/5856/6630
f 1592/5857/6580 1470/5858/6625 1400/5859/6630
f 1400/5859/6630 1470/5858/6625 1399/5860/6627
f 1586/5861/6721 1693/5862/6720 1694/5863/6755
f 1701/5744/6582 1586/5864/6721 1694/5745/6755
f 1511/5865/6719 1715/5866/6769 1654/5867/6526
f 1654/5868/6526 1715/5869/6769 1463/5310/6527
f 1624/5870/6701 1677/5871/6686 1715/5869/6769
f 1715/5869/6769 1677/5871/6686 1577/5308/6614
f 1665/5872/6683 1664/5873/6770 1650/5874/6672
f 1498/5442/6506 1665/5441/6683 1650/5875/6672
f 1454/5876/6588 1580/5841/6602 1427/5877/6496
f 1580/5841/6602 1659/5878/6512 1427/5877/6496
f 1427/5877/6496 1528/5879/6603 1529/5880/6679
f 1528/5879/6603 1427/5877/6496 1659/5878/6512
f 1477/5881/6771 1485/5550/6494 1568/5882/6557
f 1478/5883/6772 1477/5884/6771 1568/5885/6557
f 1609/3704/6693 1472/5886/6511 1471/5475/6513
f 1418/5887/6470 1420/5724/6472 1416/5224/6571
f 1418/5888/6470 1416/5889/6571 1415/5890/6477
f 1450/5891/6568 1462/5115/6487 1623/5199/6556
f 1701/5892/6582 1550/5893/6728 1417/5894/6616
f 1550/5895/6728 1637/5896/6727 1417/5897/6616
f 1707/5898/6759 1621/5899/6626 1706/5900/6754
f 1690/5556/6716 1689/5555/6579 1707/5901/6759
f 1437/5902/6479 1559/5903/6546 1448/5904/6548
f 1437/5902/6479 1448/5904/6548 1677/5905/6686
f 1437/5906/6479 1421/5907/6521 1559/5908/6546
f 1715/5869/6769 1577/5308/6614 1463/5310/6527
f 1460/5909/6569 1450/5910/6568 1623/5911/6556
f 1432/5641/6532 1506/5588/6509 1542/5912/6609
f 1408/5913/6510 1432/5641/6532 1543/5643/6735
f 1543/5914/6735 1538/5915/6736 1405/5916/6659
f 1405/5917/6659 1538/5918/6736 1443/5919/6541
f 1462/5115/6487 1662/5920/6680 1603/5433/6673
f 1585/5921/6722 1442/5922/6576 1622/5636/6629
f 1441/5205/6558 1497/5204/6503 1663/5923/6682
f 1530/5498/6624 1617/5495/6700 1704/5924/6750
f 1617/5495/6700 1719/5925/6643 1704/5924/6750
f 1617/5495/6700 1510/5497/6641 1719/5925/6643
f 1570/3711/6137 1427/5126/6496 1529/5926/6679
f 1473/5927/6601 1605/5451/6687 1513/5461/6591
f 1605/5451/6687 1473/5927/6601 1579/5928/6600
f 1548/5171/6535 1709/5929/6764 1547/5169/6533
f 1547/5930/6533 1709/5931/6764 1616/5932/6620
f 1710/5783/6760 1703/5933/6749 1704/5784/6750
f 1657/5934/6773 1658/5935/6681 1410/5936/6753
f 1608/5937/6597 1657/5938/6773 1410/5829/6753
f 1409/5939/6598 1608/5940/6597 1410/5737/6753
f 1471/5144/6513 1659/5143/6512 1584/5941/6605
f 1543/5942/6735 1467/5943/6559 1408/5944/6510
f 1405/5945/6659 1467/5946/6559 1543/5947/6735
f 1467/5946/6559 1405/5945/6659 1404/5948/6628
f 1600/5949/6724 1453/5950/6732 1660/5951/6676
f 1652/5952/6751 1651/5953/6744 1639/5297/6608
f 1525/5954/6649 1707/5898/6759 1706/5900/6754
f 1706/5955/6754 1402/5956/6695 1435/5957/6694
f 1520/5958/6519 1633/5959/6739 1695/5960/6723
f 1633/5961/6739 1631/5373/6647 1695/5568/6723
f 1478/5883/6772 1504/5962/6497 1505/5963/6656
f 1606/5964/6706 1579/5965/6600 1493/5538/6551
f 1484/5291/6604 1606/5964/6706 1493/5538/6551
f 1698/5966/6742 1656/5967/6774 1488/5968/6775
f 1642/5787/6761 1682/5789/6762 1452/5969/6763
f 1451/5970/6738 1516/5971/6636 1452/5972/6763
f 1546/5973/6638 1642/5787/6761 1452/5969/6763
f 1516/5974/6636 1546/5975/6638 1452/5976/6763
f 1634/5977/6654 1631/5978/6647 1633/5979/6739
f 1631/5980/6647 1634/5981/6654 1671/5982/6703
f 1687/5983/6631 1544/5984/6633 1686/5985/6715
f 1665/5986/6683 1487/5987/6684 1661/5988/6678
f 1399/5989/6627 1564/5990/6606 1444/5991/6481
f 1400/5992/6630 1399/5989/6627 1444/5991/6481
f 1424/5993/6476 1508/5303/6612 1418/5994/6470
f 1508/5303/6612 1708/5995/6757 1418/5994/6470
f 1667/5996/6776 1647/5997/6668 1507/5998/6756
f 1507/5999/6756 1476/6000/6493 1667/6001/6776
f 1476/6002/6493 1582/6003/6731 1667/6004/6776
f 1502/6005/6674 1662/6006/6680 1666/6007/6690
f 1478/6008/6772 1505/6009/6656 1572/6010/6613
f 1507/6011/6756 1648/6012/6667 1541/6013/6611
f 1476/5448/6493 1507/6014/6756 1541/6015/6611
f 1718/6016/6777 1552/6017/6538 1644/6018/6737
f 1589/6019/6635 1639/6020/6608 1506/6021/6509
f 1589/5719/6635 1652/5716/6751 1639/6022/6608
f 1569/5460/6554 1449/3701/6141 1567/3714/6140
f 1458/5452/6483 1568/5882/6557 1414/5453/6688
f 1664/6023/6770 1714/6024/6767 1650/6025/6672
f 1664/6023/6770 1613/6026/6705 1714/6024/6767
f 1613/6027/6705 1603/6028/6673 1714/6029/6767
f 1418/5887/6470 1670/6030/6778 1419/6031/6471
f 1607/5265/6596 1465/5256/6593 1419/6032/6471
f 1419/6032/6471 1465/5256/6593 1420/6033/6472
f 1564/6034/6606 1620/6035/6658 1721/6036/6779
f 1614/6037/6650 1684/6038/6780 1519/6039/6518
f 1687/6040/6631 1540/5780/6642 1625/5562/6632
f 1540/5780/6642 1687/6040/6631 1720/6041/6781
f 1687/6042/6631 1688/6043/6714 1720/6044/6781
f 1713/6045/6766 1661/6046/6678 1409/6047/6598
f 1713/6048/6766 1409/6049/6598 1461/6050/6485
f 1661/6051/6678 1496/6052/6501 1409/6053/6598
f 1495/6054/6500 1409/6055/6598 1496/6056/6501
f 1433/6057/6730 1451/6058/6738 1637/5896/6727
f 1492/5215/6564 1574/6059/6555 1527/5216/6565
f 1574/6060/6555 1513/5461/6591 1527/5499/6565
f 1605/6061/6687 1579/6062/6600 1458/6063/6483
f 1705/6064/6752 1425/6065/6515 1514/6066/6517
f 1693/6067/6720 1585/5567/6722 1557/6068/6543
f 1684/6069/6780 1685/6070/6782 1643/6071/6664
f 1643/6072/6664 1672/6073/6702 1561/6074/6665
f 1520/6075/6519 1643/6076/6664 1627/6077/6655
f 1698/6078/6742 1649/6079/6670 1714/6080/6767
f 1649/6081/6670 1698/6082/6742 1612/6083/6671
f 1508/5303/6612 1648/5750/6667 1708/5751/6757
f 1658/6084/6681 1657/5938/6773 1708/6085/6757
f 1601/6086/6553 1580/6087/6602 1422/6088/6562
f 1653/6089/6768 1421/6090/6521 1655/6091/6675
f 1549/6092/6536 1565/6093/6534 1594/6094/6585
f 1555/6095/6662 1565/5173/6534 1547/6096/6533
f 1615/6097/6545 1558/6098/6544 1593/5178/6540
f 1593/5178/6540 1701/6099/6582 1615/6097/6545
f 1412/5486/6697 1667/6100/6776 1582/5619/6731
f 1475/5257/6492 1412/5486/6697 1582/5619/6731
f 1466/5630/6592 1479/5813/6712 1518/6101/6561
f 1469/5210/6560 1453/6102/6732 1468/6103/6504
f 1455/6104/6484 1504/6105/6497 1457/5201/6482
f 1531/5325/6623 1428/5244/6583 1677/5447/6686
f 1428/6106/6583 1531/6107/6623 1429/6108/6584
f 1491/6109/6783 1550/5743/6728 1694/5745/6755
f 1491/6110/6783 1694/6111/6755 1693/6112/6720
f 1490/6113/6639 1491/6114/6783 1693/6115/6720
f 1491/6116/6783 1434/6117/6729 1550/6118/6728
f 1555/6119/6662 1553/6120/6713 1554/6121/6663
f 1455/5327/6484 1458/6122/6483 1579/6123/6600
f 1716/6124/6784 1662/6125/6680 1524/6126/6691
f 1716/6127/6784 1524/6128/6691 1498/5137/6506
f 1498/6129/6506 1524/5682/6691 1487/5681/6684
f 1531/6130/6623 1688/6131/6714 1429/6132/6584
f 1481/6133/6696 1705/6134/6752 1514/6135/6517
f 1705/6136/6752 1481/6137/6696 1610/5828/6725
f 1481/6137/6696 1480/5260/6595 1610/5828/6725
f 1629/5370/6644 1676/5507/6704 1533/5371/6524
f 1656/6138/6774 1655/6139/6675 1488/6140/6775
f 1488/6141/6775 1655/6142/6675 1522/6143/6522
f 1428/6144/6583 1439/6145/6480 1677/6146/6686
f 1710/6147/6760 1644/6148/6737 1642/6149/6761
f 1628/6150/6637 1642/6151/6761 1546/6152/6638
f 1478/5883/6772 1568/5885/6557 1457/6153/6482
f 1478/6154/6772 1457/5201/6482 1504/6155/6497
f 1448/6156/6548 1577/6157/6614 1677/6158/6686
f 1421/6159/6521 1653/5851/6768 1559/5853/6546
f 1655/6160/6675 1502/6161/6674 1653/6089/6768
f 1664/6162/6770 1713/6163/6766 1462/6164/6487
f 1713/6165/6766 1664/6166/6770 1722/6167/6785
f 1722/6168/6785 1664/6023/6770 1665/6169/6683
f 1613/6170/6705 1664/6171/6770 1462/5465/6487
f 1595/6172/6586 1674/6173/6531 1673/6174/6692
f 1670/6030/6778 1418/5887/6470 1708/6085/6757
f 1648/5750/6667 1512/5437/6669 1658/5436/6681
f 1622/5636/6629 1442/5922/6576 1542/5301/6609
f 1442/6175/6576 1432/6176/6532 1542/6177/6609
f 1657/5938/6773 1670/6030/6778 1708/6085/6757
f 1657/5938/6773 1608/5937/6597 1670/6030/6778
f 1608/5937/6597 1419/6031/6471 1670/6030/6778
f 1669/6178/6786 1721/6179/6779 1575/6180/6699
f 1669/6181/6786 1509/6182/6514 1721/6183/6779
f 1676/6184/6704 1702/6185/6747 1533/5159/6524
f 1587/6186/6619 1533/6187/6524 1702/6188/6747
f 1587/6186/6619 1702/6188/6747 1616/6189/6620
f 1473/5927/6601 1513/5461/6591 1567/3714/6140
f 1721/6190/6779 1509/6191/6514 1564/6192/6606
f 1693/6193/6720 1557/6194/6543 1723/6195/6787
f 1723/6196/6787 1697/5807/6617 1682/5809/6762
f 1490/6197/6639 1693/6198/6720 1723/6199/6787
f 1557/6200/6543 1697/6201/6617 1723/6202/6787
f 1683/6203/6640 1723/6204/6787 1682/6205/6762
f 1683/6206/6640 1490/6197/6639 1723/6199/6787
f 1430/5377/6651 1707/5766/6759 1525/6207/6649
f 1430/5377/6651 1690/5763/6716 1707/5766/6759
f 1430/5377/6651 1431/5764/6758 1690/5763/6716
f 1681/6208/6661 1595/6209/6586 1565/6210/6534
f 1515/6211/6539 1434/6212/6729 1551/6213/6537
f 1515/5515/6539 1516/5514/6636 1433/6057/6730
f 1515/5515/6539 1433/6057/6730 1434/6214/6729
f 1551/6213/6537 1434/6212/6729 1490/6215/6639
f 1491/6116/6783 1490/6215/6639 1434/6212/6729
f 1548/6216/6535 1549/5174/6536 1483/6217/6646
f 1549/6218/6536 1629/6219/6644 1483/6220/6646
f 1534/6221/6525 1646/6222/6645 1532/6223/6523
f 1532/5372/6523 1646/6224/6645 1629/5370/6644
f 1412/6225/6697 1482/6226/6698 1667/6227/6776
f 1622/6228/6629 1641/6229/6660 1585/6230/6722
f 1585/6230/6722 1641/6229/6660 1557/5516/6543
f 1455/5327/6484 1579/6123/6600 1606/5509/6706
f 1624/6231/6701 1530/5326/6624 1677/5447/6686
f 1635/6232/6741 1596/6233/6587 1636/6234/6740
f 1636/6235/6740 1596/6236/6587 1651/6237/6744
f 1673/6238/6692 1596/6239/6587 1595/6240/6586
f 1706/5955/6754 1435/5957/6694 1525/6241/6649
f 1660/6242/6676 1626/5583/6634 1600/5582/6724
f 1668/6243/6488 1481/6244/6696 1514/6245/6517
f 1668/6243/6488 1576/6246/6490 1481/6244/6696
f 1668/6247/6488 1514/6248/6517 1426/6249/6516
f 1456/5693/6563 1599/5251/6590 1486/6250/6572
f 1724/6251/6788 1438/6252/6478 1544/5561/6633
f 1638/5696/6746 1724/6251/6788 1654/5694/6526
f 1544/5561/6633 1654/5694/6526 1724/6251/6788
f 1724/6251/6788 1638/5696/6746 1522/6253/6522
f 1724/6251/6788 1522/6253/6522 1438/6252/6478
f 1661/6254/6678 1713/6255/6766 1722/6256/6785
f 1661/6257/6678 1722/6167/6785 1665/6258/6683
f 1468/6259/6504 1453/6260/6732 1464/6261/6502
f 1478/6262/6772 1571/6263/6599 1477/6264/6771
f 1571/5304/6599 1485/6265/6494 1477/5881/6771
f 1572/6266/6613 1571/6267/6599 1478/6268/6772
f 1709/6269/6764 1588/6270/6621 1616/6271/6620
f 1575/6180/6699 1668/6272/6488 1669/6178/6786
f 1616/6273/6620 1635/5665/6741 1554/5401/6663
f 1628/6274/6637 1710/6147/6760 1642/6149/6761
f 1628/6275/6637 1703/6276/6749 1710/6277/6760
f 1616/6278/6620 1702/6188/6747 1635/6279/6741
f 1635/6280/6741 1702/6281/6747 1596/6282/6587
f 1702/6281/6747 1594/6283/6585 1596/6282/6587
f 1655/6284/6675 1421/6285/6521 1522/6286/6522
f 1698/6287/6742 1714/6288/6767 1656/6289/6774
f 1714/6290/6767 1603/6291/6673 1656/6292/6774
f 1603/6293/6673 1655/6294/6675 1656/5967/6774
f 1700/6295/6745 1459/6296/6570 1494/5534/6499
f 1700/6297/6745 1450/6298/6568 1459/6299/6570
f 1661/6300/6678 1700/6295/6745 1494/5534/6499
f 1661/6300/6678 1487/5987/6684 1700/6295/6745
f 1585/5921/6722 1586/6301/6721 1442/6302/6576
f 1586/6303/6721 1535/6304/6574 1442/6305/6576
f 1719/6306/6643 1718/6307/6777 1644/6308/6737
f 1719/6309/6643 1644/6310/6737 1704/6311/6750
f 1719/6306/6643 1540/6312/6642 1720/6313/6781
f 1604/6314/6615 1699/6315/6743 1489/6316/6528
f 1699/6317/6743 1604/6318/6615 1612/6319/6671
f 1699/6315/6743 1488/6320/6775 1489/6316/6528
f 1488/6321/6775 1699/6315/6743 1698/6082/6742
f 1573/6322/6552 1659/6323/6512 1580/6324/6602
f 1659/6325/6512 1573/6326/6552 1578/6327/6567
f 1488/6328/6775 1522/6329/6522 1638/6330/6746
f 1489/6316/6528 1488/6328/6775 1638/6330/6746
f 1719/6306/6643 1720/6313/6781 1725/6331/6789
f 1679/6332/6707 1718/6333/6777 1725/6334/6789
f 1719/6335/6643 1725/6334/6789 1718/6333/6777
f 1618/6336/6622 1703/6337/6749 1725/6338/6789
f 1725/6331/6789 1720/6313/6781 1688/6339/6714
f 1618/6336/6622 1725/6338/6789 1688/6340/6714
f 1453/6102/6732 1469/5210/6560 1645/6341/6677
f 1469/6342/6560 1509/6343/6514 1645/6344/6677
f 1660/6345/6676 1453/6102/6732 1645/6341/6677
f 1510/5497/6641 1624/5870/6701 1715/6346/6769
f 1511/6347/6719 1510/6348/6641 1715/6349/6769
f 1701/6350/6582 1545/6351/6581 1586/6352/6721
f 1545/6351/6581 1535/6353/6574 1586/6352/6721
f 1404/5335/6628 1641/6354/6660 1622/5336/6629
f 1404/6355/6628 1405/6356/6659 1641/6357/6660
f 1520/6358/6519 1684/6359/6780 1643/6360/6664
f 1684/6361/6780 1520/6362/6519 1519/6363/6518
f 1587/5839/6619 1712/5834/6765 1560/6364/6666
f 1587/5839/6619 1561/6365/6665 1672/6366/6702
f 1534/6367/6525 1587/6368/6619 1672/6369/6702
f 1561/6365/6665 1587/5839/6619 1560/6364/6666
f 1596/6370/6587 1640/6371/6734 1651/6372/6744
f 1673/5473/6692 1640/6373/6734 1596/6374/6587
f 1651/6375/6744 1640/6376/6734 1639/6377/6608
f 1640/6373/6734 1673/5473/6692 1563/5472/6550
f 1581/6378/6473 1441/6379/6558 1423/6380/6474
f 1509/6381/6514 1669/6382/6786 1645/6383/6677
f 1669/6382/6786 1668/6384/6488 1645/6383/6677
f 1562/6385/6653 1548/5837/6535 1483/6386/6646
f 1562/6385/6653 1560/5838/6666 1548/5837/6535
f 1562/6385/6653 1627/6387/6655 1560/5838/6666
f 1646/6388/6645 1562/6389/6653 1483/6390/6646
f 1619/6391/6748 1564/6392/6606 1399/5333/6627
f 1541/5302/6611 1648/5750/6667 1508/5303/6612
f 1482/6226/6698 1647/6393/6668 1667/6227/6776
f 1512/6394/6669 1647/5414/6668 1623/6395/6556
f 1647/6396/6668 1482/6397/6698 1623/6398/6556
f 1611/6399/6505 1716/6400/6784 1498/6401/6506
f 1666/6402/6690 1662/6403/6680 1716/6404/6784
f 1611/6399/6505 1666/6405/6690 1716/6400/6784
f 1460/5532/6569 1494/5534/6499 1459/6406/6570
f 1717/6407/6790 1679/6408/6707 1725/6409/6789
f 1703/6410/6749 1717/6407/6790 1725/6409/6789
f 1717/6411/6790 1628/6412/6637 1516/6413/6636
f 1717/6411/6790 1516/6414/6636 1679/6415/6707
f 1717/6416/6790 1703/6417/6749 1628/6418/6637
f 1711/6419/6733 1600/5586/6724 1610/5585/6725
f 1611/5849/6505 1503/5848/6689 1666/6420/6690
f 1632/6421/6648 1643/6422/6664 1685/6423/6782
f 1632/6424/6648 1672/6425/6702 1643/6072/6664
f 1631/6426/6647 1671/6427/6703 1632/6428/6648
f 1671/6429/6703 1672/6430/6702 1632/6431/6648
f 1583/6432/6657 1575/6433/6699 1721/6434/6779
f 1663/5440/6682 1575/5489/6699 1583/5392/6657
f 1583/6435/6657 1721/6436/6779 1620/6437/6658
f 1663/5440/6682 1583/5392/6657 1441/6438/6558
f 1473/5273/6601 1567/6439/6140 1493/6440/6551
f 1536/6441/6529 1674/6442/6531 1678/5717/6709
f 1589/6443/6635 1536/6444/6529 1678/6445/6709
f 1446/6446/6495 1500/6447/6566 1598/6448/6589
f 1446/5542/6495 1492/5671/6564 1500/6449/6566
f 1454/6450/6588 1446/6446/6495 1598/6448/6589
f 1592/6451/6580 1689/6452/6579 1436/6453/6710
f 1621/5332/6626 1619/6391/6748 1399/5333/6627
f 1619/6454/6748 1621/6455/6626 1707/5901/6759
f 1641/6456/6660 1558/6457/6544 1557/6458/6543
f 1593/5178/6540 1558/6098/6544 1443/5179/6541
f 1558/6459/6544 1641/6460/6660 1443/6461/6541
f 1685/6462/6782 1684/6463/6780 1614/5376/6650
f 1632/6464/6648 1685/6465/6782 1526/6466/6652
f 1685/6467/6782 1614/6468/6650 1526/6469/6652
f 1718/6470/6777 1679/6471/6707 1552/6472/6538
f 1552/5176/6538 1679/6473/6707 1515/5177/6539
f 1445/3713/6139 1401/3712/6138 1449/3701/6141
f 1493/5538/6551 1566/3715/6142 1413/5289/6607
f 1413/5289/6607 1566/3715/6142 1609/3704/6693
f 1449/3701/6141 874/3431/6791 1566/3700/6142
f 1449/3701/6141 1401/3702/6138 542/2305/6792
f 1401/3702/6138 1472/3703/6511 856/3280/6793
f 1472/3703/6511 1609/3704/6693 787/2087/6794
f 1609/3704/6693 1566/3700/6142 529/2636/6795
f 1242/3745/6169 1117/3812/6228 1073/3710/6357
f 1117/3812/6228 1121/3897/6279 1073/3710/6357
f 1241/4083/6231 1239/3810/6225 1121/3897/6279
f 1239/3810/6225 1238/3706/6227 1121/3897/6279
f 1085/3912/6285 1281/3707/6372 1165/4161/6226
f 1165/4161/6226 1281/3707/6372 1238/3706/6227
f 1121/3705/6279 1238/3706/6227 365/1704/6796
f 1238/3706/6227 1281/3707/6372 163/62/6797
f 1281/3707/6372 1144/4509/6185 278/765/6798
f 1144/3708/6185 1073/3709/6357 42/1450/6799
f 1073/3710/6357 1121/3705/6279 419/688/6800
