# Blender v2.79 (sub 0) OBJ File: 'redo_fixed_360_joints.blend'
# www.blender.org
mtllib sungaya_inexpectata_31mg.mtl
o 15-a10.000_Sungaya_inexpectata_31mg.075
v 0.000302 0.000406 0.000300
v 0.000376 -0.000148 0.000368
v 0.000064 -0.000736 0.000181
v 0.000422 -0.000368 0.000261
v 0.000376 0.000489 0.000235
v 0.000404 0.000436 0.000119
v 0.000116 0.000322 -0.000386
v 0.000306 0.000498 0.000278
v 0.000457 0.000455 -0.000158
v 0.000176 -0.000497 0.000429
v 0.000191 -0.000318 0.000458
v 0.000110 -0.000721 0.000235
v 0.000258 -0.000607 0.000107
v 0.000450 0.000544 -0.000289
v 0.000444 0.000519 -0.000330
v 0.000168 -0.000658 0.000138
v 0.000137 -0.000355 -0.000432
v 0.000341 -0.000522 -0.000314
v 0.000027 -0.000782 0.000274
v 0.000489 -0.000004 0.000187
v 0.000454 -0.000247 0.000270
v 0.000396 -0.000560 -0.000014
v 0.000507 -0.000136 0.000160
v 0.000086 -0.000351 0.000498
v 0.000111 -0.000682 0.000033
v 0.000542 0.000341 -0.000256
v 0.000115 -0.000729 0.000385
v 0.000086 -0.000794 0.000509
v 0.000394 0.000516 0.000039
v 0.000517 -0.000795 -0.000309
v 0.000496 0.000089 0.000111
v 0.000300 -0.000462 0.000351
v 0.000083 -0.000702 0.000105
v 0.000388 0.000771 -0.000219
v 0.000178 -0.000206 0.000463
v 0.000042 0.000761 -0.000266
v 0.000019 -0.000714 0.000123
v 0.000408 0.000526 -0.000063
v 0.000375 0.000301 0.000298
v 0.000600 -0.000742 -0.000367
v 0.000636 -0.000789 -0.000433
v 0.000526 0.000084 -0.000052
v 0.000253 -0.000596 -0.000299
v 0.000145 -0.000664 0.000058
v 0.000237 -0.000567 0.000301
v 0.000423 -0.000121 -0.000345
v 0.000245 0.000268 0.000356
v 0.000028 0.000229 -0.000408
v 0.000502 -0.000417 -0.000168
v 0.000514 0.000057 -0.000231
v 0.000494 -0.000493 -0.000134
v 0.000422 0.000307 0.000220
v 0.000341 0.000168 0.000325
v 0.000535 -0.000349 0.000024
v 0.000269 -0.000354 -0.000395
v 0.000267 -0.000186 -0.000445
v 0.000191 0.000582 0.000322
v 0.000213 0.000451 0.000331
v 0.000239 -0.000072 0.000426
v 0.000325 -0.000041 0.000389
v 0.000137 -0.000646 0.000408
v 0.000289 0.000570 0.000276
v 0.000421 -0.000014 0.000301
v 0.000067 0.000706 0.000312
v 0.000176 0.000734 0.000295
v 0.000289 0.000722 0.000246
v 0.000220 0.000624 -0.000311
v 0.000071 -0.000736 0.000530
v 0.000426 0.000332 0.000130
v 0.000263 -0.000705 -0.000104
v 0.000068 -0.001000 0.000663
v 0.000432 -0.000390 -0.000278
v 0.000034 -0.000900 0.000474
v 0.000408 0.000232 0.000280
v 0.000170 -0.000634 -0.000245
v 0.000429 0.000380 -0.000001
v 0.000306 -0.000347 0.000402
v 0.000294 0.000032 -0.000393
v 0.000087 -0.000931 0.000602
v 0.000418 0.000635 -0.000191
v 0.000447 -0.000535 -0.000296
v 0.000453 0.000214 0.000122
v 0.000453 0.000120 -0.000295
v 0.000383 0.000676 -0.000012
v 0.000078 -0.000622 0.000494
v 0.000149 -0.000685 -0.000024
v 0.000637 -0.000843 -0.000534
v 0.000538 -0.000097 -0.000034
v 0.000557 -0.000151 -0.000091
v 0.000062 -0.000853 0.000421
v 0.000083 -0.000688 0.000012
v 0.000157 -0.000668 0.000013
v 0.000024 0.000130 0.000439
v 0.000072 0.000506 -0.000346
v 0.000571 0.000198 -0.000196
v 0.000056 -0.000522 0.000498
v 0.000225 -0.000703 -0.000208
v 0.000225 0.000074 0.000399
v 0.000513 -0.000627 -0.000284
v 0.000262 -0.000638 -0.000008
v 0.000442 -0.000811 -0.000318
v 0.000013 -0.000133 -0.000477
v 0.000124 -0.000673 -0.000165
v 0.000149 -0.000547 -0.000308
v 0.000175 -0.000649 0.000267
v 0.000079 -0.000205 0.000491
v 0.000398 0.000683 -0.000273
v 0.000070 -0.000879 0.000637
v 0.000525 0.000292 -0.000179
v 0.000226 -0.000473 -0.000349
v 0.000496 -0.000802 -0.000398
v 0.000542 -0.000745 -0.000417
v 0.000021 -0.000646 0.000531
v 0.000522 -0.000007 0.000063
v 0.000437 -0.000452 0.000139
v 0.000534 -0.000213 0.000079
v 0.000034 -0.000731 0.000578
v 0.000544 -0.000153 -0.000153
v 0.000495 0.000244 -0.000085
v 0.000028 -0.000131 0.000516
v 0.000113 -0.000079 0.000466
v 0.000354 -0.000062 -0.000381
v 0.000486 0.000179 0.000006
v 0.000348 -0.000257 -0.000390
v 0.000214 -0.000038 -0.000439
v 0.000352 0.000735 0.000165
v 0.000036 -0.000280 -0.000459
v 0.000160 -0.000189 -0.000469
v 0.000439 0.000139 0.000226
v 0.000564 -0.000293 -0.000098
v 0.000417 -0.000266 -0.000309
v 0.000230 -0.000719 -0.000141
v 0.000086 -0.000822 0.000449
v 0.000540 0.000014 -0.000165
v 0.000206 0.000244 -0.000381
v 0.000316 -0.000700 -0.000291
v 0.000145 0.000340 0.000382
v 0.000112 0.000592 0.000342
v 0.000493 0.000493 -0.000254
v 0.000040 0.000559 0.000348
v 0.000238 0.000143 -0.000387
v 0.000031 -0.000847 0.000673
v 0.000364 0.000062 0.000330
v 0.000246 0.000461 -0.000340
v 0.000493 -0.000559 -0.000248
v 0.000383 0.000605 0.000139
v 0.000328 -0.000414 -0.000333
v 0.000360 0.000638 0.000220
v 0.000084 0.000065 0.000448
v 0.000373 -0.000644 -0.000322
v 0.000358 0.000541 -0.000331
v 0.000162 0.000745 -0.000286
v 0.000035 -0.000980 0.000710
v 0.000106 0.000224 0.000408
v 0.000348 0.000711 -0.000323
v 0.000456 -0.000117 0.000271
v 0.000396 0.000337 -0.000319
v 0.000271 -0.000192 0.000428
v 0.000414 0.000612 -0.000316
v 0.000505 0.000230 -0.000275
v 0.000471 -0.000643 -0.000203
v 0.000468 -0.000535 -0.000100
v 0.000348 -0.000669 -0.000114
v 0.000079 0.000426 0.000380
v 0.000496 -0.000632 -0.000327
v 0.000610 -0.000842 -0.000532
v 0.000611 -0.000730 -0.000420
v 0.000091 -0.000683 -0.000076
v -0.000004 0.000689 0.000310
v 0.000004 -0.000673 0.000540
v 0.000005 -0.000846 0.000672
v 0.000004 -0.000628 0.000522
v 0.000005 -0.000778 0.000285
v -0.000000 -0.000050 0.000499
v 0.000004 -0.000623 -0.000221
v -0.000002 0.000251 0.000409
v 0.000004 -0.000629 -0.000211
v 0.000006 -0.001002 0.000734
v -0.000003 0.000475 -0.000355
v -0.000001 0.000231 -0.000404
v 0.000001 -0.000132 -0.000479
v 0.000005 -0.000759 0.000243
v 0.000005 -0.000707 0.000096
v 0.000006 -0.001035 0.000735
v 0.000001 -0.000352 0.000504
v 0.000000 -0.000127 0.000523
v 0.000004 -0.000709 0.000115
v 0.000000 -0.000110 0.000524
v -0.000004 0.000531 0.000350
v 0.000002 -0.000264 -0.000456
v -0.000004 0.000724 -0.000263
v 0.000000 0.000022 -0.000458
v 0.000001 -0.000230 0.000498
v -0.000003 0.000367 0.000396
v -0.000002 0.000418 -0.000368
v 0.000001 -0.000109 -0.000477
v 0.000005 -0.000914 0.000711
v 0.000004 -0.000685 -0.000043
v -0.000001 0.000190 -0.000415
v 0.000004 -0.000689 0.000001
v 0.000001 -0.000143 0.000521
v 0.000006 -0.001015 0.000672
v 0.000004 -0.000697 0.000049
v 0.000005 -0.000910 0.000496
v 0.000003 -0.000461 0.000498
v 0.000006 -0.001045 0.000729
v -0.000003 0.000401 0.000391
v 0.000006 -0.000953 0.000575
v -0.000000 0.000017 0.000486
v -0.000004 0.000576 0.000338
v 0.000004 -0.000669 -0.000126
v 0.000004 -0.000651 0.000526
v 0.000004 -0.000503 -0.000326
v -0.000001 0.000117 0.000447
v -0.000003 0.000564 -0.000320
v 0.000003 -0.000385 -0.000414
v -0.000001 0.000145 0.000433
v -0.000307 0.000403 0.000299
v -0.000375 -0.000152 0.000367
v -0.000055 -0.000736 0.000180
v -0.000418 -0.000373 0.000260
v -0.000384 0.000485 0.000235
v -0.000410 0.000432 0.000119
v -0.000119 0.000320 -0.000386
v -0.000314 0.000495 0.000277
v -0.000462 0.000450 -0.000159
v -0.000170 -0.000500 0.000430
v -0.000188 -0.000321 0.000459
v -0.000101 -0.000723 0.000235
v -0.000250 -0.000610 0.000107
v -0.000456 0.000538 -0.000289
v -0.000450 0.000514 -0.000331
v -0.000160 -0.000661 0.000138
v -0.000132 -0.000357 -0.000433
v -0.000334 -0.000527 -0.000314
v -0.000017 -0.000783 0.000274
v -0.000489 -0.000010 0.000187
v -0.000451 -0.000252 0.000268
v -0.000389 -0.000565 -0.000014
v -0.000505 -0.000142 0.000160
v -0.000082 -0.000351 0.000498
v -0.000102 -0.000683 0.000033
v -0.000546 0.000334 -0.000257
v -0.000107 -0.000731 0.000385
v -0.000076 -0.000794 0.000507
v -0.000400 0.000511 0.000040
v -0.000507 -0.000801 -0.000310
v -0.000497 0.000083 0.000110
v -0.000296 -0.000465 0.000350
v -0.000074 -0.000703 0.000104
v -0.000397 0.000764 -0.000222
v -0.000176 -0.000208 0.000463
v -0.000051 0.000761 -0.000266
v -0.000010 -0.000714 0.000123
v -0.000414 0.000521 -0.000064
v -0.000379 0.000296 0.000298
v -0.000590 -0.000750 -0.000368
v -0.000625 -0.000797 -0.000434
v -0.000527 0.000077 -0.000053
v -0.000245 -0.000599 -0.000300
v -0.000137 -0.000666 0.000057
v -0.000231 -0.000570 0.000300
v -0.000421 -0.000126 -0.000345
v -0.000249 0.000265 0.000356
v -0.000031 0.000229 -0.000408
v -0.000496 -0.000423 -0.000169
v -0.000514 0.000050 -0.000232
v -0.000488 -0.000499 -0.000135
v -0.000426 0.000302 0.000220
v -0.000343 0.000164 0.000325
v -0.000530 -0.000355 0.000023
v -0.000264 -0.000358 -0.000395
v -0.000264 -0.000189 -0.000446
v -0.000197 0.000580 0.000323
v -0.000219 0.000450 0.000331
v -0.000238 -0.000075 0.000427
v -0.000325 -0.000046 0.000388
v -0.000130 -0.000647 0.000407
v -0.000298 0.000568 0.000276
v -0.000421 -0.000020 0.000300
v -0.000076 0.000705 0.000312
v -0.000186 0.000733 0.000295
v -0.000299 0.000720 0.000246
v -0.000227 0.000622 -0.000311
v -0.000062 -0.000737 0.000530
v -0.000430 0.000327 0.000130
v -0.000254 -0.000708 -0.000105
v -0.000056 -0.001001 0.000662
v -0.000426 -0.000396 -0.000279
v -0.000023 -0.000900 0.000474
v -0.000411 0.000227 0.000280
v -0.000161 -0.000636 -0.000245
v -0.000434 0.000375 -0.000002
v -0.000303 -0.000350 0.000402
v -0.000294 0.000029 -0.000393
v -0.000076 -0.000933 0.000602
v -0.000426 0.000630 -0.000192
v -0.000440 -0.000540 -0.000297
v -0.000456 0.000208 0.000121
v -0.000455 0.000114 -0.000295
v -0.000391 0.000672 -0.000013
v -0.000071 -0.000623 0.000494
v -0.000140 -0.000687 -0.000024
v -0.000626 -0.000851 -0.000535
v -0.000536 -0.000103 -0.000034
v -0.000554 -0.000158 -0.000091
v -0.000052 -0.000853 0.000420
v -0.000074 -0.000689 0.000011
v -0.000148 -0.000670 0.000013
v -0.000026 0.000131 0.000439
v -0.000078 0.000505 -0.000346
v -0.000574 0.000191 -0.000197
v -0.000050 -0.000522 0.000498
v -0.000216 -0.000706 -0.000209
v -0.000226 0.000070 0.000399
v -0.000505 -0.000634 -0.000285
v -0.000254 -0.000641 -0.000009
v -0.000431 -0.000817 -0.000318
v -0.000010 -0.000133 -0.000478
v -0.000115 -0.000674 -0.000165
v -0.000141 -0.000549 -0.000308
v -0.000167 -0.000651 0.000266
v -0.000077 -0.000206 0.000492
v -0.000407 0.000677 -0.000274
v -0.000060 -0.000879 0.000637
v -0.000529 0.000285 -0.000179
v -0.000219 -0.000476 -0.000349
v -0.000485 -0.000808 -0.000399
v -0.000531 -0.000752 -0.000417
v -0.000013 -0.000646 0.000531
v -0.000522 -0.000014 0.000062
v -0.000430 -0.000458 0.000138
v -0.000531 -0.000220 0.000078
v -0.000025 -0.000732 0.000578
v -0.000541 -0.000161 -0.000154
v -0.000498 0.000237 -0.000086
v -0.000027 -0.000131 0.000516
v -0.000112 -0.000080 0.000467
v -0.000352 -0.000066 -0.000381
v -0.000488 0.000173 0.000005
v -0.000344 -0.000261 -0.000390
v -0.000213 -0.000041 -0.000440
v -0.000361 0.000731 0.000167
v -0.000032 -0.000280 -0.000459
v -0.000157 -0.000191 -0.000469
v -0.000441 0.000133 0.000225
v -0.000559 -0.000300 -0.000099
v -0.000413 -0.000272 -0.000309
v -0.000220 -0.000721 -0.000141
v -0.000076 -0.000822 0.000447
v -0.000540 0.000006 -0.000166
v -0.000208 0.000242 -0.000381
v -0.000307 -0.000704 -0.000292
v -0.000149 0.000340 0.000381
v -0.000119 0.000590 0.000343
v -0.000500 0.000486 -0.000254
v -0.000048 0.000559 0.000347
v -0.000239 0.000140 -0.000388
v -0.000021 -0.000848 0.000673
v -0.000365 0.000057 0.000329
v -0.000252 0.000458 -0.000340
v -0.000486 -0.000565 -0.000248
v -0.000392 0.000603 0.000140
v -0.000322 -0.000418 -0.000333
v -0.000370 0.000633 0.000221
v -0.000085 0.000064 0.000448
v -0.000365 -0.000649 -0.000322
v -0.000365 0.000537 -0.000332
v -0.000170 0.000743 -0.000286
v -0.000023 -0.000979 0.000709
v -0.000111 0.000223 0.000407
v -0.000357 0.000707 -0.000324
v -0.000455 -0.000122 0.000270
v -0.000400 0.000331 -0.000320
v -0.000269 -0.000195 0.000427
v -0.000421 0.000607 -0.000318
v -0.000508 0.000223 -0.000275
v -0.000462 -0.000649 -0.000204
v -0.000461 -0.000540 -0.000100
v -0.000339 -0.000673 -0.000115
v -0.000084 0.000425 0.000380
v -0.000487 -0.000638 -0.000328
v -0.000598 -0.000849 -0.000533
v -0.000601 -0.000737 -0.000421
v -0.000082 -0.000685 -0.000076
v 0.000005 -0.000839 0.000376
v 0.000001 -0.000151 -0.000474
v -0.000003 0.000438 0.000378
v 0.000003 -0.000532 0.000495
v -0.000002 0.000339 -0.000385
v 0.000003 -0.000404 -0.000401
v 0.000001 -0.000177 0.000512
v 0.000005 -0.000714 0.000133
v 0.000000 -0.000083 0.000521
v 0.000000 0.000001 -0.000460
v 0.000004 -0.000733 0.000572
v -0.000000 0.000111 -0.000438
v -0.000001 0.000136 0.000437
v 0.000003 -0.000363 -0.000423
v 0.000002 -0.000302 0.000502
v 0.000002 -0.000300 -0.000443
v -0.000001 0.000068 0.000471
v 0.000005 -0.000785 0.000618
v 0.000004 -0.000664 -0.000149
v 0.000001 -0.000029 -0.000468
v 0.000004 -0.000611 -0.000231
v -0.000001 0.000167 0.000427
v 0.000388 0.000775 -0.000224
v 0.000198 0.000775 0.000277
v 0.000368 0.000775 -0.000324
v 0.000272 0.000776 0.000243
v 0.000390 0.000775 -0.000222
v 0.000195 0.000774 -0.000297
v 0.000157 0.000775 0.000293
v 0.000304 0.000776 0.000209
v 0.000052 0.000773 -0.000272
v 0.000388 0.000775 -0.000214
v 0.000365 0.000776 0.000026
v 0.000162 0.000774 -0.000294
v 0.000038 0.000775 0.000300
v 0.000334 0.000776 0.000172
v 0.000329 0.000775 -0.000327
v 0.000353 0.000776 0.000117
v 0.000385 0.000775 -0.000199
v 0.000396 0.000775 -0.000300
v 0.000093 0.000775 0.000301
v 0.000037 0.000773 -0.000270
v 0.000001 0.000773 -0.000256
v -0.000005 0.000773 -0.000255
v -0.000397 0.000771 -0.000230
v -0.000208 0.000773 0.000278
v -0.000378 0.000771 -0.000325
v -0.000284 0.000773 0.000244
v -0.000400 0.000771 -0.000226
v -0.000204 0.000772 -0.000297
v -0.000167 0.000774 0.000293
v -0.000398 0.000771 -0.000221
v -0.000314 0.000773 0.000211
v -0.000062 0.000773 -0.000272
v -0.000375 0.000772 0.000026
v -0.000171 0.000772 -0.000294
v -0.000048 0.000774 0.000299
v -0.000344 0.000772 0.000174
v -0.000339 0.000771 -0.000328
v -0.000363 0.000772 0.000117
v -0.000393 0.000771 -0.000193
v -0.000406 0.000771 -0.000301
v -0.000102 0.000774 0.000301
v -0.000005 0.000774 0.000295
v -0.000046 0.000773 -0.000270
v -0.000011 0.000773 -0.000256
v -0.000396 0.000771 -0.000215
v 0.000388 0.000775 -0.000218
vt 0.269007 0.579146
vt 0.269413 0.579167
vt 0.269131 0.578785
vt 0.761579 0.304704
vt 0.764525 0.307729
vt 0.767292 0.304608
vt 0.627646 0.022720
vt 0.625035 0.013635
vt 0.619633 0.023899
vt 0.002799 0.825470
vt 0.002469 0.824481
vt 0.001572 0.823798
vt 0.059581 0.749840
vt 0.053417 0.746022
vt 0.055690 0.748005
vt 0.626472 0.047538
vt 0.627689 0.053294
vt 0.629480 0.049582
vt 0.627253 0.044570
vt 0.775786 0.336954
vt 0.779640 0.334547
vt 0.777369 0.331705
vt 0.065042 0.749099
vt 0.059218 0.746101
vt 0.101385 0.948157
vt 0.103012 0.947286
vt 0.102147 0.946998
vt 0.213453 0.201159
vt 0.216263 0.202008
vt 0.212421 0.197875
vt 0.768949 0.322171
vt 0.767248 0.325883
vt 0.769105 0.327644
vt 0.764186 0.311043
vt 0.763578 0.312824
vt 0.770770 0.317604
vt 0.775724 0.315084
vt 0.772803 0.310883
vt 0.741145 0.151142
vt 0.739722 0.151581
vt 0.740223 0.152812
vt 0.556664 0.237467
vt 0.556461 0.235873
vt 0.555741 0.234977
vt 0.640564 0.058201
vt 0.633175 0.059491
vt 0.634253 0.062645
vt 0.453226 0.691501
vt 0.454033 0.688840
vt 0.452306 0.688559
vt 0.189348 0.194441
vt 0.182545 0.189588
vt 0.184638 0.194970
vt 0.255997 0.882660
vt 0.255466 0.881677
vt 0.253758 0.883677
vt 0.180997 0.182740
vt 0.182358 0.180227
vt 0.179245 0.177327
vt 0.779243 0.343827
vt 0.778343 0.342326
vt 0.778208 0.344062
vt 0.397577 0.886793
vt 0.398489 0.887780
vt 0.400478 0.885008
vt 0.491882 0.327230
vt 0.494550 0.332393
vt 0.496674 0.330804
vt 0.760611 0.333346
vt 0.763968 0.336034
vt 0.759874 0.331014
vt 0.908894 0.657616
vt 0.910149 0.658035
vt 0.909765 0.656516
vt 0.083677 0.804560
vt 0.083342 0.804497
vt 0.083387 0.804644
vt 0.631842 0.043319
vt 0.635693 0.040141
vt 0.631806 0.037011
vt 0.629587 0.038695
vt 0.640504 0.048562
vt 0.640061 0.043556
vt 0.973202 0.586439
vt 0.973559 0.588620
vt 0.974416 0.586434
vt 0.485413 0.811253
vt 0.480203 0.814329
vt 0.484703 0.814910
vt 0.369658 0.411336
vt 0.369797 0.414905
vt 0.376539 0.408716
vt 0.755759 0.331864
vt 0.753054 0.333212
vt 0.755999 0.335131
vt 0.381732 0.705933
vt 0.381657 0.708602
vt 0.382664 0.706194
vt 0.497171 0.815315
vt 0.494585 0.812958
vt 0.493723 0.813855
vt 0.765994 0.315788
vt 0.765184 0.320013
vt 0.758812 0.278766
vt 0.755280 0.282763
vt 0.758343 0.285930
vt 0.761319 0.280768
vt 0.758833 0.325168
vt 0.756268 0.325991
vt 0.754466 0.327509
vt 0.495600 0.336721
vt 0.498189 0.342244
vt 0.499272 0.337714
vt 0.101592 0.605004
vt 0.101327 0.606178
vt 0.102207 0.606758
vt 0.633230 0.047432
vt 0.336108 0.852664
vt 0.336123 0.851449
vt 0.334496 0.850959
vt 0.636920 0.072587
vt 0.639636 0.071147
vt 0.634564 0.068902
vt 0.158786 0.725664
vt 0.159043 0.724623
vt 0.156025 0.723930
vt 0.751786 0.294369
vt 0.756465 0.296892
vt 0.758365 0.292288
vt 0.177346 0.182854
vt 0.176521 0.177954
vt 0.174996 0.177261
vt 0.768072 0.308747
vt 0.769571 0.301847
vt 0.771428 0.306589
vt 0.209092 0.195924
vt 0.208898 0.199232
vt 0.768303 0.314911
vt 0.764191 0.332446
vt 0.761828 0.327682
vt 0.300954 0.869170
vt 0.302409 0.867073
vt 0.299264 0.869029
vt 0.762626 0.299857
vt 0.501937 0.584437
vt 0.496377 0.588395
vt 0.502083 0.585717
vt 0.298586 0.930611
vt 0.301356 0.932150
vt 0.299924 0.930197
vt 0.764357 0.285708
vt 0.765352 0.281743
vt 0.761291 0.286835
vt 0.759388 0.322072
vt 0.762869 0.325210
vt 0.694524 0.343692
vt 0.695128 0.342653
vt 0.693710 0.342274
vt 0.384936 0.408227
vt 0.386457 0.400865
vt 0.383378 0.405946
vt 0.225681 0.206369
vt 0.225198 0.206328
vt 0.225300 0.207375
vt 0.703739 0.410771
vt 0.701543 0.412925
vt 0.705489 0.414735
vt 0.757275 0.299906
vt 0.752058 0.307016
vt 0.754963 0.308133
vt 0.039054 0.740241
vt 0.036203 0.739462
vt 0.035105 0.739738
vt 0.844581 0.901994
vt 0.844224 0.902823
vt 0.845355 0.904223
vt 0.779667 0.318428
vt 0.779065 0.318284
vt 0.779834 0.318903
vt 0.774707 0.308114
vt 0.083543 0.016633
vt 0.088384 0.016703
vt 0.084485 0.013981
vt 0.498330 0.594313
vt 0.499525 0.595924
vt 0.500001 0.594856
vt 0.293421 0.762147
vt 0.295205 0.763933
vt 0.296828 0.762647
vt 0.646252 0.058617
vt 0.641866 0.055449
vt 0.657552 0.836722
vt 0.662141 0.837099
vt 0.661684 0.834456
vt 0.177241 0.193086
vt 0.186939 0.188516
vt 0.180817 0.186549
vt 0.771682 0.335895
vt 0.773919 0.330577
vt 0.633518 0.055434
vt 0.629184 0.058263
vt 0.066019 0.752873
vt 0.781386 0.327005
vt 0.591982 0.538274
vt 0.591973 0.539468
vt 0.595119 0.540913
vt 0.235017 0.157364
vt 0.233991 0.156591
vt 0.234024 0.158170
vt 0.624463 0.081259
vt 0.623883 0.079657
vt 0.622923 0.081751
vt 0.622615 0.079648
vt 0.041401 0.878224
vt 0.043994 0.877802
vt 0.043460 0.876219
vt 0.035459 0.738994
vt 0.035084 0.738852
vt 0.222002 0.200674
vt 0.219066 0.196089
vt 0.217013 0.197170
vt 0.634318 0.065072
vt 0.642168 0.065392
vt 0.643577 0.061693
vt 0.634518 0.052287
vt 0.529447 0.180350
vt 0.530645 0.179867
vt 0.530719 0.177960
vt 0.779359 0.317841
vt 0.779520 0.318096
vt 0.504465 0.992580
vt 0.507610 0.990732
vt 0.504690 0.991097
vt 0.499008 0.345489
vt 0.499838 0.342311
vt 0.757981 0.328446
vt 0.764638 0.292292
vt 0.501670 0.982060
vt 0.498601 0.986833
vt 0.501175 0.987544
vt 0.759494 0.302244
vt 0.620174 0.123123
vt 0.620632 0.122787
vt 0.620552 0.122514
vt 0.067540 0.750778
vt 0.067549 0.748936
vt 0.494844 0.340105
vt 0.216503 0.761232
vt 0.213009 0.761453
vt 0.213150 0.763001
vt 0.774138 0.340522
vt 0.773979 0.335387
vt 0.406649 0.331284
vt 0.405653 0.335882
vt 0.410240 0.328591
vt 0.936861 0.973257
vt 0.937339 0.971715
vt 0.935258 0.971798
vt 0.925039 0.327100
vt 0.922653 0.327525
vt 0.922847 0.328930
vt 0.407811 0.767599
vt 0.406136 0.768653
vt 0.409863 0.769017
vt 0.772793 0.324133
vt 0.778717 0.325564
vt 0.404065 0.341420
vt 0.402317 0.343276
vt 0.402864 0.343109
vt 0.040260 0.784864
vt 0.039062 0.783898
vt 0.039224 0.786546
vt 0.217021 0.202215
vt 0.217867 0.200952
vt 0.178136 0.186197
vt 0.763488 0.275750
vt 0.760461 0.275886
vt 0.173337 0.183396
vt 0.642951 0.069110
vt 0.225284 0.198124
vt 0.225053 0.203618
vt 0.623962 0.041209
vt 0.624577 0.043179
vt 0.626570 0.039839
vt 0.947802 0.327330
vt 0.950175 0.327866
vt 0.949086 0.325895
vt 0.236403 0.938503
vt 0.235885 0.941008
vt 0.238126 0.940522
vt 0.181165 0.176553
vt 0.782605 0.341755
vt 0.415493 0.245451
vt 0.414513 0.246211
vt 0.415541 0.247318
vt 0.009210 0.951769
vt 0.009604 0.950450
vt 0.007790 0.950383
vt 0.007625 0.951705
vt 0.987566 0.236841
vt 0.986294 0.236264
vt 0.987851 0.237785
vt 0.497300 0.591593
vt 0.494836 0.591331
vt 0.756028 0.315345
vt 0.757640 0.311976
vt 0.754622 0.315980
vt 0.752006 0.317177
vt 0.568719 0.825434
vt 0.570823 0.823311
vt 0.568747 0.822947
vt 0.565396 0.823804
vt 0.567602 0.823013
vt 0.656346 0.014436
vt 0.655169 0.012929
vt 0.655797 0.014659
vt 0.076598 0.006614
vt 0.076541 0.008865
vt 0.080701 0.006480
vt 0.452374 0.890708
vt 0.450222 0.893033
vt 0.451177 0.892264
vt 0.695951 0.577922
vt 0.691986 0.579387
vt 0.695327 0.580451
vt 0.776781 0.321904
vt 0.834234 0.840030
vt 0.833984 0.841377
vt 0.835682 0.842013
vt 0.760994 0.661537
vt 0.762167 0.659073
vt 0.759741 0.658763
vt 0.757001 0.338647
vt 0.759705 0.342733
vt 0.758558 0.338972
vt 0.496933 0.345324
vt 0.239602 0.939165
vt 0.238240 0.937542
vt 0.177820 0.172219
vt 0.177556 0.174088
vt 0.179360 0.174227
vt 0.649453 0.072159
vt 0.646679 0.073380
vt 0.649206 0.074363
vt 0.598096 0.541569
vt 0.596876 0.540057
vt 0.509477 0.994618
vt 0.511532 0.993099
vt 0.511016 0.991711
vt 0.775336 0.343170
vt 0.341821 0.113936
vt 0.340704 0.113177
vt 0.340018 0.113350
vt 0.844547 0.284703
vt 0.842725 0.283336
vt 0.843279 0.284863
vt 0.845095 0.283569
vt 0.938830 0.253249
vt 0.938692 0.253277
vt 0.938844 0.253394
vt 0.650181 0.227035
vt 0.648954 0.225979
vt 0.649160 0.227815
vt 0.766969 0.328601
vt 0.408583 0.325070
vt 0.408690 0.325722
vt 0.408760 0.325193
vt 0.083377 0.003915
vt 0.088198 0.010886
vt 0.086482 0.005301
vt 0.615592 0.023688
vt 0.197298 0.191125
vt 0.194404 0.193705
vt 0.198161 0.194943
vt 0.191530 0.190721
vt 0.914812 0.263355
vt 0.915465 0.264858
vt 0.916073 0.263876
vt 0.744321 0.305984
vt 0.744397 0.309206
vt 0.128703 0.937574
vt 0.132360 0.938296
vt 0.131559 0.937205
vt 0.760415 0.298215
vt 0.176113 0.328659
vt 0.175521 0.329830
vt 0.177552 0.329839
vt 0.745495 0.313407
vt 0.746500 0.315252
vt 0.748384 0.313628
vt 0.759783 0.328829
vt 0.006799 0.807547
vt 0.006209 0.808841
vt 0.007614 0.810998
vt 0.185549 0.218695
vt 0.184342 0.218125
vt 0.185239 0.219544
vt 0.350180 0.078420
vt 0.350191 0.077090
vt 0.348121 0.077530
vt 0.403609 0.334154
vt 0.739044 0.365744
vt 0.738799 0.367287
vt 0.740448 0.367991
vt 0.626696 0.037309
vt 0.183561 0.183023
vt 0.636978 0.020789
vt 0.738525 0.368824
vt 0.740371 0.369912
vt 0.213557 0.193325
vt 0.219661 0.194387
vt 0.872777 0.405424
vt 0.871523 0.405966
vt 0.873167 0.406676
vt 0.635835 0.035475
vt 0.637180 0.033514
vt 0.633704 0.033016
vt 0.379416 0.709962
vt 0.380841 0.707195
vt 0.917995 0.639942
vt 0.916574 0.640512
vt 0.916631 0.641843
vt 0.917417 0.019853
vt 0.917320 0.021058
vt 0.918933 0.020997
vt 0.078430 0.004358
vt 0.075709 0.004931
vt 0.158787 0.120129
vt 0.159413 0.118373
vt 0.158149 0.118646
vt 0.731827 0.710376
vt 0.731585 0.710718
vt 0.732717 0.710634
vt 0.569528 0.828259
vt 0.572971 0.826769
vt 0.632903 0.029049
vt 0.638481 0.026624
vt 0.769116 0.919530
vt 0.769612 0.918286
vt 0.769578 0.918133
vt 0.743819 0.971565
vt 0.745667 0.972757
vt 0.744823 0.970429
vt 0.530957 0.644539
vt 0.528741 0.644684
vt 0.531527 0.650317
vt 0.410961 0.325999
vt 0.615454 0.026479
vt 0.020774 0.246290
vt 0.019605 0.244799
vt 0.019857 0.247394
vt 0.159871 0.182760
vt 0.158328 0.190599
vt 0.166527 0.187876
vt 0.291417 0.903975
vt 0.292926 0.905558
vt 0.295281 0.903288
vt 0.118701 0.921689
vt 0.116849 0.919411
vt 0.115737 0.921664
vt 0.815405 0.125367
vt 0.816166 0.124709
vt 0.814067 0.124752
vt 0.657091 0.014336
vt 0.381968 0.703738
vt 0.450709 0.886946
vt 0.450081 0.888328
vt 0.041342 0.787534
vt 0.041367 0.785773
vt 0.864643 0.254326
vt 0.865964 0.253849
vt 0.864660 0.253003
vt 0.330053 0.070929
vt 0.323835 0.070098
vt 0.323683 0.072772
vt 0.201296 0.192651
vt 0.631156 0.037678
vt 0.141985 0.803596
vt 0.142177 0.804714
vt 0.143254 0.802390
vt 0.645977 0.070632
vt 0.646337 0.063053
vt 0.010374 0.250976
vt 0.010771 0.253353
vt 0.011628 0.252128
vt 0.594561 0.539374
vt 0.012344 0.730660
vt 0.010207 0.730541
vt 0.011538 0.731767
vt 0.009106 0.730805
vt 0.008944 0.732122
vt 0.018265 0.731508
vt 0.017703 0.731112
vt 0.017515 0.731600
vt 0.790867 0.762335
vt 0.790968 0.762707
vt 0.790961 0.762200
vt 0.406888 0.008647
vt 0.408262 0.009501
vt 0.407828 0.008076
vt 0.786408 0.334280
vt 0.788429 0.335439
vt 0.787670 0.333928
vt 0.744886 0.300968
vt 0.744322 0.292056
vt 0.739005 0.300548
vt 0.635878 0.037403
vt 0.638308 0.037646
vt 0.747513 0.284565
vt 0.754324 0.288949
vt 0.498556 0.331738
vt 0.142863 0.976944
vt 0.147168 0.974822
vt 0.142324 0.974991
vt 0.751910 0.428850
vt 0.752987 0.429835
vt 0.754292 0.429532
vt 0.100960 0.947047
vt 0.764549 0.345624
vt 0.768690 0.342654
vt 0.765532 0.339898
vt 0.964895 0.788549
vt 0.964033 0.790510
vt 0.966107 0.790858
vt 0.344121 0.381977
vt 0.345640 0.382110
vt 0.344219 0.381265
vt 0.061933 0.941721
vt 0.058265 0.940986
vt 0.060713 0.942770
vt 0.847732 0.785577
vt 0.848606 0.784179
vt 0.846849 0.783056
vt 0.416741 0.916356
vt 0.418139 0.913421
vt 0.415442 0.912768
vt 0.190538 0.194501
vt 0.193349 0.194698
vt 0.535244 0.903825
vt 0.535292 0.903598
vt 0.534963 0.903411
vt 0.183323 0.717705
vt 0.183229 0.717322
vt 0.183088 0.717558
vt 0.087084 0.014070
vt 0.187099 0.871317
vt 0.188173 0.874599
vt 0.189309 0.872484
vt 0.086823 0.003322
vt 0.509427 0.108577
vt 0.509048 0.106908
vt 0.508274 0.107085
vt 0.882133 0.868888
vt 0.883208 0.866127
vt 0.882170 0.867689
vt 0.498369 0.078877
vt 0.498413 0.078969
vt 0.498413 0.078921
vt 0.766699 0.291820
vt 0.765582 0.285559
vt 0.411486 0.330122
vt 0.777140 0.311942
vt 0.777053 0.311717
vt 0.483226 0.814622
vt 0.556152 0.954276
vt 0.552768 0.956589
vt 0.554367 0.957502
vt 0.189774 0.194475
vt 0.767090 0.338099
vt 0.755379 0.330549
vt 0.756811 0.330471
vt 0.785685 0.331912
vt 0.757283 0.447334
vt 0.756830 0.445011
vt 0.756173 0.445980
vt 0.548663 0.553373
vt 0.544517 0.555942
vt 0.546603 0.556413
vt 0.762070 0.318503
vt 0.001601 0.511548
vt 0.000764 0.512488
vt 0.002564 0.512331
vt 0.067530 0.752779
vt 0.752971 0.279281
vt 0.670416 0.379666
vt 0.671497 0.377400
vt 0.668694 0.377188
vt 0.752965 0.328338
vt 0.644640 0.055323
vt 0.594730 0.658003
vt 0.592631 0.655295
vt 0.591257 0.657062
vt 0.055915 0.798520
vt 0.056940 0.799702
vt 0.058062 0.799536
vt 0.554280 0.958780
vt 0.081331 0.014470
vt 0.754355 0.436935
vt 0.752036 0.437342
vt 0.753833 0.438446
vt 0.777506 0.312744
vt 0.892273 0.292178
vt 0.887940 0.293013
vt 0.891360 0.293611
vt 0.307064 0.523704
vt 0.308126 0.522233
vt 0.306900 0.522381
vt 0.692970 0.575473
vt 0.693099 0.577840
vt 0.702640 0.065838
vt 0.701245 0.065852
vt 0.702191 0.067168
vt 0.757711 0.323137
vt 0.756068 0.322279
vt 0.617417 0.017534
vt 0.648556 0.069993
vt 0.525033 0.264184
vt 0.524278 0.262522
vt 0.523385 0.263075
vt 0.018309 0.733116
vt 0.016318 0.733304
vt 0.020192 0.734438
vt 0.496956 0.683016
vt 0.495326 0.684527
vt 0.499170 0.685208
vt 0.096477 0.106501
vt 0.098117 0.105992
vt 0.096272 0.105102
vt 0.245088 0.913022
vt 0.242530 0.915913
vt 0.244738 0.915204
vt 0.502885 0.981060
vt 0.501495 0.979192
vt 0.263636 0.192583
vt 0.263445 0.192521
vt 0.263333 0.192734
vt 0.579415 0.411499
vt 0.581142 0.410279
vt 0.579346 0.409922
vt 0.023069 0.536586
vt 0.024304 0.537302
vt 0.024823 0.536230
vt 0.730569 0.517271
vt 0.732704 0.516584
vt 0.729803 0.515676
vt 0.171516 0.186585
vt 0.170777 0.193139
vt 0.156370 0.198991
vt 0.161969 0.199769
vt 0.166104 0.195511
vt 0.162902 0.196513
vt 0.597910 0.544101
vt 0.594930 0.544812
vt 0.595257 0.545191
vt 0.031654 0.739118
vt 0.030790 0.737212
vt 0.030059 0.737021
vt 0.602721 0.549322
vt 0.599584 0.547954
vt 0.602255 0.549534
vt 0.602570 0.546970
vt 0.597094 0.546634
vt 0.220293 0.204372
vt 0.194699 0.194846
vt 0.059740 0.745500
vt 0.059017 0.745371
vt 0.600104 0.544676
vt 0.596804 0.546418
vt 0.597032 0.546561
vt 0.177338 0.157469
vt 0.179019 0.158750
vt 0.178753 0.157658
vt 0.773782 0.305964
vt 0.033094 0.738058
vt 0.027242 0.737822
vt 0.028731 0.736202
vt 0.026728 0.734921
vt 0.024330 0.735306
vt 0.023506 0.733371
vt 0.158486 0.201343
vt 0.159609 0.201185
vt 0.561201 0.817309
vt 0.560748 0.818805
vt 0.561499 0.818457
vt 0.207888 0.199459
vt 0.208987 0.199822
vt 0.406338 0.336641
vt 0.408914 0.334150
vt 0.991225 0.966779
vt 0.992466 0.967558
vt 0.992705 0.966997
vt 0.769740 0.919683
vt 0.770232 0.919217
vt 0.769724 0.918313
vt 0.171424 0.193231
vt 0.176925 0.192970
vt 0.895693 0.577891
vt 0.894781 0.577197
vt 0.894629 0.577688
vt 0.048400 0.741721
vt 0.047608 0.741989
vt 0.048565 0.744486
vt 0.056995 0.798097
vt 0.057948 0.798052
vt 0.177864 0.189476
vt 0.177119 0.193092
vt 0.776942 0.311340
vt 0.592712 0.698069
vt 0.592461 0.698111
vt 0.595562 0.699368
vt 0.006771 0.731723
vt 0.008094 0.730619
vt 0.004571 0.730657
vt 0.197677 0.195105
vt 0.592325 0.697436
vt 0.591338 0.697392
vt 0.587257 0.699293
vt 0.577435 0.411672
vt 0.578558 0.412420
vt 0.068348 0.748341
vt 0.064787 0.747278
vt 0.269413 0.579167
vt 0.761579 0.304704
vt 0.767292 0.304608
vt 0.764525 0.307729
vt 0.627646 0.022720
vt 0.619633 0.023899
vt 0.625035 0.013635
vt 0.001481 0.826856
vt 0.001572 0.823798
vt 0.059581 0.749840
vt 0.055690 0.748005
vt 0.053417 0.746022
vt 0.626472 0.047538
vt 0.629480 0.049582
vt 0.627689 0.053294
vt 0.627253 0.044570
vt 0.775786 0.336954
vt 0.777369 0.331705
vt 0.779640 0.334547
vt 0.065042 0.749099
vt 0.059218 0.746101
vt 0.101385 0.948157
vt 0.102147 0.946998
vt 0.103012 0.947286
vt 0.208898 0.199232
vt 0.212421 0.197875
vt 0.768949 0.322171
vt 0.769105 0.327644
vt 0.767248 0.325883
vt 0.764186 0.311043
vt 0.763578 0.312824
vt 0.770770 0.317604
vt 0.772803 0.310883
vt 0.775724 0.315084
vt 0.741145 0.151142
vt 0.740223 0.152812
vt 0.739722 0.151581
vt 0.556664 0.237467
vt 0.555741 0.234977
vt 0.556461 0.235873
vt 0.640564 0.058201
vt 0.634253 0.062645
vt 0.633175 0.059491
vt 0.453226 0.691501
vt 0.452306 0.688559
vt 0.454033 0.688840
vt 0.182545 0.189588
vt 0.255997 0.882660
vt 0.253758 0.883677
vt 0.255466 0.881677
vt 0.180997 0.182740
vt 0.179245 0.177327
vt 0.182358 0.180227
vt 0.779227 0.343800
vt 0.778209 0.344044
vt 0.778343 0.342326
vt 0.397577 0.886793
vt 0.400478 0.885008
vt 0.398489 0.887780
vt 0.491882 0.327230
vt 0.496674 0.330804
vt 0.494550 0.332393
vt 0.760611 0.333346
vt 0.759874 0.331014
vt 0.763968 0.336034
vt 0.908894 0.657616
vt 0.909765 0.656516
vt 0.910149 0.658035
vt 0.083680 0.804559
vt 0.083387 0.804644
vt 0.083341 0.804495
vt 0.631842 0.043319
vt 0.631806 0.037011
vt 0.635693 0.040141
vt 0.629587 0.038695
vt 0.640061 0.043556
vt 0.640504 0.048562
vt 0.973202 0.586439
vt 0.974416 0.586434
vt 0.973559 0.588620
vt 0.485413 0.811253
vt 0.484703 0.814910
vt 0.480203 0.814329
vt 0.369658 0.411336
vt 0.376539 0.408716
vt 0.369797 0.414905
vt 0.755759 0.331864
vt 0.755999 0.335131
vt 0.753054 0.333212
vt 0.381732 0.705933
vt 0.382664 0.706194
vt 0.381657 0.708602
vt 0.497171 0.815315
vt 0.493723 0.813855
vt 0.494585 0.812958
vt 0.765184 0.320013
vt 0.765994 0.315788
vt 0.758812 0.278766
vt 0.758343 0.285930
vt 0.755280 0.282763
vt 0.761319 0.280768
vt 0.758833 0.325168
vt 0.754466 0.327509
vt 0.756268 0.325991
vt 0.495600 0.336721
vt 0.499272 0.337714
vt 0.498189 0.342244
vt 0.101592 0.605004
vt 0.102207 0.606758
vt 0.101327 0.606178
vt 0.633230 0.047432
vt 0.336108 0.852664
vt 0.334496 0.850959
vt 0.336123 0.851449
vt 0.636920 0.072587
vt 0.634564 0.068902
vt 0.639636 0.071147
vt 0.158786 0.725664
vt 0.156025 0.723930
vt 0.159043 0.724623
vt 0.751786 0.294369
vt 0.758365 0.292288
vt 0.756465 0.296892
vt 0.177346 0.182854
vt 0.174996 0.177261
vt 0.176521 0.177954
vt 0.769571 0.301847
vt 0.768072 0.308747
vt 0.771428 0.306589
vt 0.209092 0.195924
vt 0.768303 0.314911
vt 0.764191 0.332446
vt 0.761828 0.327682
vt 0.300954 0.869170
vt 0.299264 0.869029
vt 0.302409 0.867073
vt 0.762626 0.299857
vt 0.501937 0.584437
vt 0.502083 0.585717
vt 0.496377 0.588395
vt 0.298586 0.930611
vt 0.299924 0.930197
vt 0.301356 0.932150
vt 0.764357 0.285708
vt 0.761291 0.286835
vt 0.765352 0.281743
vt 0.759388 0.322072
vt 0.762869 0.325210
vt 0.694522 0.343695
vt 0.693702 0.342272
vt 0.695128 0.342653
vt 0.384936 0.408227
vt 0.383378 0.405946
vt 0.386457 0.400865
vt 0.225686 0.206370
vt 0.225300 0.207377
vt 0.225198 0.206328
vt 0.703739 0.410771
vt 0.705489 0.414735
vt 0.701543 0.412925
vt 0.757275 0.299906
vt 0.754963 0.308133
vt 0.752058 0.307016
vt 0.035105 0.739738
vt 0.844581 0.901994
vt 0.845355 0.904223
vt 0.844224 0.902823
vt 0.779065 0.318284
vt 0.774707 0.308114
vt 0.083543 0.016633
vt 0.084485 0.013981
vt 0.088384 0.016703
vt 0.498330 0.594313
vt 0.500001 0.594856
vt 0.499525 0.595924
vt 0.293421 0.762147
vt 0.296828 0.762647
vt 0.295205 0.763933
vt 0.646252 0.058617
vt 0.641866 0.055449
vt 0.657552 0.836722
vt 0.661684 0.834456
vt 0.662141 0.837099
vt 0.180817 0.186549
vt 0.186939 0.188516
vt 0.773919 0.330577
vt 0.771682 0.335895
vt 0.629184 0.058263
vt 0.633518 0.055434
vt 0.066019 0.752873
vt 0.781386 0.327005
vt 0.591982 0.538274
vt 0.595119 0.540913
vt 0.591973 0.539468
vt 0.235017 0.157364
vt 0.234024 0.158170
vt 0.233991 0.156591
vt 0.624463 0.081259
vt 0.622923 0.081751
vt 0.623883 0.079657
vt 0.622615 0.079648
vt 0.041401 0.878224
vt 0.043460 0.876219
vt 0.043994 0.877802
vt 0.222002 0.200674
vt 0.217013 0.197170
vt 0.219066 0.196089
vt 0.634318 0.065072
vt 0.643577 0.061693
vt 0.642168 0.065392
vt 0.634518 0.052287
vt 0.529447 0.180350
vt 0.530719 0.177960
vt 0.530645 0.179867
vt 0.504465 0.992580
vt 0.504690 0.991097
vt 0.507610 0.990732
vt 0.499008 0.345489
vt 0.499838 0.342311
vt 0.757981 0.328446
vt 0.764638 0.292292
vt 0.501670 0.982060
vt 0.501175 0.987544
vt 0.498601 0.986833
vt 0.759494 0.302244
vt 0.620180 0.123118
vt 0.620554 0.122520
vt 0.620632 0.122787
vt 0.067551 0.750785
vt 0.067565 0.748935
vt 0.494844 0.340105
vt 0.216503 0.761232
vt 0.213150 0.763001
vt 0.213009 0.761453
vt 0.774138 0.340522
vt 0.773979 0.335387
vt 0.406649 0.331284
vt 0.410240 0.328591
vt 0.405653 0.335882
vt 0.936861 0.973257
vt 0.935258 0.971798
vt 0.937339 0.971715
vt 0.925039 0.327100
vt 0.922847 0.328930
vt 0.922653 0.327525
vt 0.407811 0.767599
vt 0.409863 0.769017
vt 0.406136 0.768653
vt 0.772793 0.324133
vt 0.778717 0.325564
vt 0.402317 0.343276
vt 0.040260 0.784864
vt 0.039224 0.786546
vt 0.039062 0.783898
vt 0.217867 0.200952
vt 0.178136 0.186197
vt 0.763488 0.275750
vt 0.760461 0.275886
vt 0.173337 0.183396
vt 0.642951 0.069110
vt 0.225284 0.198124
vt 0.225053 0.203618
vt 0.623962 0.041209
vt 0.626570 0.039839
vt 0.624577 0.043179
vt 0.947802 0.327330
vt 0.949086 0.325895
vt 0.950175 0.327866
vt 0.236403 0.938503
vt 0.238126 0.940522
vt 0.235885 0.941008
vt 0.181165 0.176553
vt 0.782605 0.341755
vt 0.415493 0.245451
vt 0.415541 0.247318
vt 0.414513 0.246211
vt 0.009210 0.951769
vt 0.007790 0.950383
vt 0.009604 0.950450
vt 0.007625 0.951705
vt 0.987566 0.236841
vt 0.987851 0.237785
vt 0.986294 0.236264
vt 0.497300 0.591593
vt 0.494836 0.591331
vt 0.756028 0.315345
vt 0.754622 0.315980
vt 0.757640 0.311976
vt 0.752006 0.317177
vt 0.568719 0.825434
vt 0.568747 0.822947
vt 0.570823 0.823311
vt 0.565396 0.823804
vt 0.567602 0.823013
vt 0.656357 0.014449
vt 0.655796 0.014654
vt 0.655169 0.012929
vt 0.076598 0.006614
vt 0.080701 0.006480
vt 0.076541 0.008865
vt 0.452374 0.890708
vt 0.451177 0.892264
vt 0.450222 0.893033
vt 0.695951 0.577922
vt 0.695327 0.580451
vt 0.691986 0.579387
vt 0.776781 0.321904
vt 0.834234 0.840030
vt 0.835682 0.842013
vt 0.833984 0.841377
vt 0.760994 0.661537
vt 0.759741 0.658763
vt 0.762167 0.659073
vt 0.757001 0.338647
vt 0.758558 0.338972
vt 0.759705 0.342733
vt 0.496933 0.345324
vt 0.238240 0.937542
vt 0.239602 0.939165
vt 0.177820 0.172219
vt 0.179360 0.174227
vt 0.177556 0.174088
vt 0.649453 0.072159
vt 0.649206 0.074363
vt 0.646679 0.073380
vt 0.596876 0.540057
vt 0.598096 0.541569
vt 0.509477 0.994618
vt 0.511532 0.993099
vt 0.511016 0.991711
vt 0.775336 0.343170
vt 0.341943 0.114242
vt 0.340018 0.113350
vt 0.844547 0.284703
vt 0.843279 0.284863
vt 0.842725 0.283336
vt 0.845095 0.283569
vt 0.938692 0.253277
vt 0.650181 0.227035
vt 0.649160 0.227815
vt 0.648954 0.225979
vt 0.766969 0.328601
vt 0.408583 0.325069
vt 0.408760 0.325188
vt 0.408690 0.325722
vt 0.083377 0.003915
vt 0.086482 0.005301
vt 0.088198 0.010886
vt 0.615592 0.023688
vt 0.197298 0.191125
vt 0.198161 0.194943
vt 0.194404 0.193705
vt 0.191530 0.190721
vt 0.914812 0.263355
vt 0.916073 0.263876
vt 0.915465 0.264858
vt 0.744321 0.305984
vt 0.744397 0.309206
vt 0.128703 0.937574
vt 0.131559 0.937205
vt 0.132360 0.938296
vt 0.760415 0.298215
vt 0.176113 0.328659
vt 0.177552 0.329839
vt 0.175521 0.329830
vt 0.745495 0.313407
vt 0.748384 0.313628
vt 0.746500 0.315252
vt 0.759783 0.328829
vt 0.006799 0.807547
vt 0.007614 0.810998
vt 0.006209 0.808841
vt 0.185549 0.218695
vt 0.185239 0.219544
vt 0.184342 0.218125
vt 0.350180 0.078420
vt 0.348121 0.077530
vt 0.350191 0.077090
vt 0.403609 0.334154
vt 0.739044 0.365744
vt 0.740448 0.367991
vt 0.738799 0.367287
vt 0.626696 0.037309
vt 0.183561 0.183023
vt 0.636978 0.020789
vt 0.740371 0.369912
vt 0.738525 0.368824
vt 0.213557 0.193325
vt 0.219661 0.194387
vt 0.872777 0.405424
vt 0.873167 0.406676
vt 0.871523 0.405966
vt 0.635835 0.035475
vt 0.633704 0.033016
vt 0.637180 0.033514
vt 0.379416 0.709962
vt 0.380841 0.707195
vt 0.917995 0.639942
vt 0.916631 0.641843
vt 0.916574 0.640512
vt 0.917417 0.019853
vt 0.918933 0.020997
vt 0.917320 0.021058
vt 0.075709 0.004931
vt 0.078430 0.004358
vt 0.158787 0.120129
vt 0.158149 0.118646
vt 0.159413 0.118373
vt 0.731585 0.710718
vt 0.572971 0.826769
vt 0.569528 0.828259
vt 0.632903 0.029049
vt 0.638481 0.026624
vt 0.769116 0.919530
vt 0.743819 0.971565
vt 0.744823 0.970429
vt 0.745667 0.972757
vt 0.530957 0.644539
vt 0.531527 0.650317
vt 0.528741 0.644684
vt 0.410959 0.325996
vt 0.615454 0.026479
vt 0.020774 0.246290
vt 0.019857 0.247394
vt 0.019605 0.244799
vt 0.159871 0.182760
vt 0.166527 0.187876
vt 0.158328 0.190599
vt 0.291417 0.903975
vt 0.295281 0.903288
vt 0.292926 0.905558
vt 0.118701 0.921689
vt 0.115737 0.921664
vt 0.116849 0.919411
vt 0.815405 0.125367
vt 0.814067 0.124752
vt 0.816166 0.124709
vt 0.657108 0.014380
vt 0.381968 0.703738
vt 0.450081 0.888328
vt 0.450709 0.886946
vt 0.041367 0.785773
vt 0.041342 0.787534
vt 0.864643 0.254326
vt 0.864660 0.253003
vt 0.865964 0.253849
vt 0.330053 0.070929
vt 0.323683 0.072772
vt 0.323835 0.070098
vt 0.201296 0.192651
vt 0.631156 0.037678
vt 0.141985 0.803596
vt 0.143254 0.802390
vt 0.142177 0.804714
vt 0.646337 0.063053
vt 0.645977 0.070632
vt 0.010374 0.250976
vt 0.011628 0.252128
vt 0.010771 0.253353
vt 0.594561 0.539374
vt 0.011538 0.731767
vt 0.008944 0.732122
vt 0.017515 0.731600
vt 0.790961 0.762200
vt 0.406888 0.008647
vt 0.407828 0.008076
vt 0.408262 0.009501
vt 0.786408 0.334280
vt 0.787670 0.333928
vt 0.788429 0.335439
vt 0.744886 0.300968
vt 0.739005 0.300548
vt 0.744322 0.292056
vt 0.638308 0.037646
vt 0.635878 0.037403
vt 0.754324 0.288949
vt 0.747513 0.284565
vt 0.498556 0.331738
vt 0.142863 0.976944
vt 0.142324 0.974991
vt 0.147168 0.974822
vt 0.751910 0.428850
vt 0.754292 0.429532
vt 0.752987 0.429835
vt 0.100960 0.947047
vt 0.764549 0.345624
vt 0.765532 0.339898
vt 0.768690 0.342654
vt 0.964895 0.788549
vt 0.966107 0.790858
vt 0.964033 0.790510
vt 0.344121 0.381977
vt 0.344219 0.381265
vt 0.345640 0.382110
vt 0.061933 0.941721
vt 0.060713 0.942770
vt 0.058265 0.940986
vt 0.847732 0.785577
vt 0.846849 0.783056
vt 0.848606 0.784179
vt 0.416741 0.916356
vt 0.415442 0.912768
vt 0.418139 0.913421
vt 0.534963 0.903411
vt 0.183088 0.717558
vt 0.087084 0.014070
vt 0.189309 0.872484
vt 0.188172 0.874601
vt 0.187114 0.871477
vt 0.086823 0.003322
vt 0.509427 0.108577
vt 0.508274 0.107085
vt 0.509048 0.106908
vt 0.882133 0.868888
vt 0.882170 0.867689
vt 0.883208 0.866127
vt 0.498345 0.078854
vt 0.498413 0.078921
vt 0.498414 0.078992
vt 0.766699 0.291820
vt 0.765582 0.285559
vt 0.411486 0.330122
vt 0.483226 0.814622
vt 0.552768 0.956589
vt 0.767090 0.338099
vt 0.755379 0.330549
vt 0.756811 0.330471
vt 0.785685 0.331912
vt 0.757283 0.447334
vt 0.756173 0.445980
vt 0.756830 0.445011
vt 0.548663 0.553373
vt 0.546603 0.556413
vt 0.544517 0.555942
vt 0.762070 0.318503
vt 0.001601 0.511548
vt 0.002564 0.512331
vt 0.000764 0.512488
vt 0.067509 0.752780
vt 0.752971 0.279281
vt 0.670416 0.379666
vt 0.668694 0.377188
vt 0.671497 0.377400
vt 0.752965 0.328338
vt 0.644640 0.055323
vt 0.594730 0.658003
vt 0.591257 0.657062
vt 0.592631 0.655295
vt 0.055915 0.798520
vt 0.058062 0.799536
vt 0.056940 0.799702
vt 0.081331 0.014470
vt 0.754355 0.436935
vt 0.753833 0.438446
vt 0.752036 0.437342
vt 0.892273 0.292178
vt 0.891360 0.293611
vt 0.887940 0.293013
vt 0.307064 0.523704
vt 0.306900 0.522381
vt 0.308126 0.522233
vt 0.693099 0.577840
vt 0.692970 0.575473
vt 0.702640 0.065838
vt 0.702191 0.067168
vt 0.701245 0.065852
vt 0.757711 0.323137
vt 0.756068 0.322279
vt 0.617417 0.017534
vt 0.648556 0.069993
vt 0.525033 0.264184
vt 0.523385 0.263075
vt 0.524278 0.262522
vt 0.018309 0.733116
vt 0.020192 0.734438
vt 0.016318 0.733304
vt 0.496956 0.683016
vt 0.499170 0.685208
vt 0.495326 0.684527
vt 0.096477 0.106501
vt 0.096272 0.105102
vt 0.098117 0.105992
vt 0.245088 0.913022
vt 0.244738 0.915204
vt 0.242530 0.915913
vt 0.502885 0.981060
vt 0.501495 0.979192
vt 0.263445 0.192521
vt 0.579346 0.409922
vt 0.023069 0.536586
vt 0.024823 0.536230
vt 0.024304 0.537302
vt 0.730569 0.517271
vt 0.729803 0.515676
vt 0.732704 0.516584
vt 0.171516 0.186585
vt 0.156370 0.198991
vt 0.594930 0.544812
vt 0.597910 0.544101
vt 0.031654 0.739118
vt 0.027242 0.737822
vt 0.602721 0.549322
vt 0.602570 0.546970
vt 0.224281 0.206867
vt 0.600104 0.544676
vt 0.603171 0.546180
vt 0.178753 0.157658
vt 0.179019 0.158750
vt 0.024330 0.735306
vt 0.158486 0.201343
vt 0.561201 0.817309
vt 0.561526 0.817351
vt 0.991225 0.966779
vt 0.992036 0.966507
vt 0.769740 0.919683
vt 0.895693 0.577891
vt 0.048565 0.744486
vt 0.047608 0.741989
vt 0.056995 0.798097
vt 0.057357 0.796818
vt 0.177864 0.189476
vt 0.175235 0.189137
vt 0.595562 0.699368
vt 0.592461 0.698111
vt 0.006771 0.731723
vt 0.587257 0.699293
vt 0.577435 0.411672
vt 0.962327 0.385649
vt 0.964218 0.385462
vt 0.964175 0.386692
vt 0.663762 0.891872
vt 0.663719 0.892387
vt 0.663700 0.892131
vt 0.226185 0.202584
vt 0.765080 0.351220
vt 0.765244 0.351274
vt 0.765075 0.351319
vt 0.782020 0.343176
vt 0.494869 0.588008
vt 0.492081 0.588119
vt 0.491976 0.588055
vt 0.246694 0.091274
vt 0.246504 0.091305
vt 0.246584 0.091236
vt 0.964175 0.386685
vt 0.964218 0.385462
vt 0.962327 0.385649
vt 0.663762 0.891872
vt 0.663720 0.892047
vt 0.663732 0.892230
vt 0.226184 0.202586
vt 0.765080 0.351220
vt 0.765076 0.351288
vt 0.765188 0.351256
vt 0.782006 0.343208
vt 0.494869 0.588008
vt 0.492715 0.587635
vt 0.492010 0.588076
vt 0.246694 0.091274
vt 0.246620 0.091248
vt 0.246564 0.091295
vt 0.000000 0.000000
vt 0.000000 0.000000
vt 0.000000 0.000000
vt 0.001481 0.826856
vt 0.341943 0.114242
vt 0.768004 0.919449
vt 0.411145 0.326298
vt 0.656198 0.012070
vt 0.187065 0.870951
vt 0.596601 0.546365
vt 0.603171 0.546180
vt 0.177281 0.157351
vt 0.773070 0.305261
vt 0.050311 0.742537
vt 0.175235 0.189137
vt 0.594921 0.698680
vt 0.587988 0.697385
vt 0.768004 0.919449
vt 0.411145 0.326298
vt 0.656198 0.012070
vt 0.187065 0.870951
vt 0.560748 0.818805
vt 0.992466 0.967558
vt 0.963460 0.387395
vt 0.776687 0.344292
vt 0.227113 0.198587
vt 0.492674 0.587627
vt 0.225278 0.207502
vt 0.963460 0.387394
vt 0.776683 0.344288
vt 0.227117 0.198588
vt 0.492081 0.588119
vt 0.000000 0.000000
vt 0.000000 0.000000
vt 0.000000 0.000000
vt 0.000000 0.000000
vt 0.000000 0.000000
vt 0.000000 0.000000
vt 0.000000 0.000000
vt 0.000000 0.000000
vt 0.000000 0.000000
vt 0.000000 0.000000
vt 0.000000 0.000000
vt 0.000000 0.000000
vt 0.000000 0.000000
vt 0.000000 0.000000
vt 0.000000 0.000000
vt 0.000000 0.000000
vt 0.000000 0.000000
vt 0.000000 0.000000
vt 0.000000 0.000000
vt 0.000000 0.000000
vt 0.000000 0.000000
vt 0.000000 0.000000
vt 0.000000 0.000000
vt 0.000000 0.000000
vt 0.000000 0.000000
vt 0.000000 0.000000
vt 0.000000 0.000000
vt 0.000000 0.000000
vt 0.000000 0.000000
vt 0.000000 0.000000
vt 0.000000 0.000000
vt 0.000000 0.000000
vt 0.000000 0.000000
vt 0.000000 0.000000
vt 0.000000 0.000000
vt 0.000000 0.000000
vt 0.000000 0.000000
vt 0.000000 0.000000
vt 0.000000 0.000000
vt 0.000000 0.000000
vt 0.000000 0.000000
vt 0.000000 0.000000
vt 0.000000 0.000000
vn 0.5636 0.4820 0.6709
vn 0.0641 0.1485 0.9868
vn 0.0694 -0.4475 0.8916
vn 0.4166 -0.0429 0.9081
vn 0.4207 -0.0704 0.9045
vn 0.4419 -0.0455 0.8959
vn 0.0333 -0.9504 0.3093
vn 0.0724 -0.9536 0.2923
vn 0.0558 -0.9466 0.3175
vn -0.0445 -0.3387 -0.9399
vn 0.4498 -0.4897 -0.7469
vn -0.0649 -0.8858 -0.4594
vn 0.2680 0.1579 0.9504
vn 0.2638 0.1821 0.9472
vn 0.2392 0.1578 0.9581
vn 0.3804 -0.2549 -0.8890
vn 0.3827 -0.2679 -0.8842
vn 0.3612 -0.2671 -0.8934
vn 0.4787 -0.3697 -0.7963
vn 0.4795 -0.3323 -0.8122
vn 0.4913 -0.3512 -0.7971
vn 0.4224 0.1292 0.8971
vn 0.4504 0.1236 0.8842
vn 0.4381 0.1441 0.8873
vn -0.0263 0.2321 0.9723
vn -0.0202 0.2483 0.9685
vn -0.0430 0.2396 0.9699
vn 0.8818 -0.2727 0.3847
vn 0.8859 -0.2519 0.3896
vn 0.8708 -0.2554 0.4202
vn 0.0132 0.8351 -0.5500
vn 0.5555 -0.2915 -0.7788
vn 0.0190 0.2104 -0.9774
vn 0.5376 0.0468 0.8419
vn 0.5004 0.0523 0.8642
vn 0.5243 0.0002 0.8515
vn 0.5141 -0.0389 0.8569
vn 0.5024 -0.0154 0.8645
vn 0.4948 -0.0349 0.8683
vn 0.3083 0.1775 0.9346
vn 0.3261 0.1793 0.9282
vn 0.3192 0.2120 0.9237
vn 0.6211 0.7130 -0.3254
vn 0.6818 0.6583 -0.3189
vn 0.6232 0.6865 -0.3745
vn -0.5285 -0.8376 -0.1381
vn -0.4985 -0.8508 -0.1664
vn -0.4951 -0.8558 -0.1496
vn 0.3996 0.2440 -0.8836
vn 0.4058 0.2505 -0.8790
vn 0.4122 0.2386 -0.8793
vn 0.4088 -0.1832 0.8940
vn 0.3918 -0.1671 0.9048
vn 0.3814 -0.1941 0.9038
vn 0.3880 -0.8756 -0.2877
vn -0.0954 -0.5957 -0.7975
vn -0.0649 0.0744 -0.9951
vn 0.5466 -0.8057 -0.2284
vn 0.5300 -0.8214 -0.2107
vn 0.5052 -0.8180 -0.2750
vn -0.0859 0.5867 -0.8052
vn -0.1632 0.5550 -0.8157
vn -0.1120 0.6024 -0.7903
vn 0.7118 0.2391 0.6604
vn 0.7062 0.2607 0.6582
vn 0.6954 0.2391 0.6777
vn 0.9931 0.0631 0.0985
vn 0.9938 0.0815 0.0756
vn 0.9909 0.0926 0.0976
vn 0.9704 0.2199 0.0995
vn 0.9739 0.2023 0.1030
vn 0.9763 0.2020 0.0777
vn 0.9159 0.2712 0.2960
vn 0.9231 0.2608 0.2826
vn 0.9198 0.2752 0.2797
vn 0.9633 0.2326 0.1341
vn 0.9733 0.2042 0.1048
vn 0.9601 0.2550 0.1147
vn 0.6281 -0.2433 -0.7391
vn -0.0779 -0.3401 -0.9372
vn -0.0698 -0.3307 -0.9411
vn 0.8530 0.2104 -0.4777
vn 0.8443 0.2164 -0.4903
vn 0.8431 0.2388 -0.4819
vn 0.7701 0.1782 -0.6126
vn 0.7621 0.1489 -0.6301
vn 0.7487 0.1752 -0.6393
vn 0.8286 -0.0922 -0.5521
vn 0.8269 -0.1189 -0.5496
vn 0.8189 -0.0876 -0.5672
vn 0.9811 0.0245 -0.1921
vn 0.9805 -0.0273 -0.1948
vn 0.9725 0.0307 -0.2311
vn 0.9058 0.0506 0.4206
vn 0.9117 0.0223 0.4103
vn 0.9191 0.0410 0.3919
vn 0.3468 -0.9202 0.1815
vn 0.3499 -0.9265 0.1382
vn 0.3732 -0.9122 0.1689
vn 0.8429 0.3272 0.4271
vn 0.8222 0.3468 0.4513
vn 0.8401 0.3064 0.4476
vn 0.9706 -0.2041 0.1279
vn 0.9719 -0.2143 0.0973
vn 0.9791 -0.1723 0.1077
vn 0.3542 0.2278 0.9070
vn 0.3232 0.2434 0.9145
vn 0.3470 0.2103 0.9140
vn 0.4515 0.3065 0.8380
vn 0.4370 0.3350 0.8348
vn 0.4325 0.3064 0.8479
vn 0.9996 0.0253 -0.0129
vn 0.9998 0.0109 0.0183
vn 0.9999 -0.0113 -0.0037
vn 0.9677 0.1525 0.2006
vn 0.9593 0.1754 0.2213
vn 0.9625 0.1404 0.2320
vn 0.9719 0.1694 0.1632
vn 0.9654 0.1935 0.1747
vn 0.9675 0.1726 0.1847
vn 0.9747 0.1034 0.1980
vn 0.9767 0.0868 0.1963
vn 0.9824 0.1047 0.1548
vn 0.5013 -0.0800 0.8616
vn 0.5137 -0.1014 0.8519
vn 0.5222 -0.0742 0.8496
vn 0.5071 -0.1412 -0.8502
vn 0.4865 -0.1661 -0.8577
vn 0.4803 -0.1457 -0.8649
vn 0.9255 0.2534 0.2814
vn 0.9192 0.2651 0.2911
vn 0.9239 0.2355 0.3016
vn 0.0966 0.2285 -0.9688
vn 0.0916 0.2291 -0.9691
vn 0.0961 0.2345 -0.9673
vn 0.9688 0.0692 0.2380
vn 0.9646 0.0951 0.2459
vn 0.9625 0.0654 0.2633
vn 0.7358 -0.6336 0.2389
vn 0.7190 -0.6599 0.2184
vn 0.7451 -0.6389 0.1914
vn -0.6230 -0.6030 -0.4983
vn -0.6603 -0.5853 -0.4706
vn -0.6483 -0.5689 -0.5060
vn 0.3355 0.0140 0.9419
vn 0.3460 -0.0177 0.9381
vn 0.3641 0.0129 0.9313
vn 0.2822 0.0497 0.9581
vn 0.2827 0.0708 0.9566
vn 0.2605 0.0452 0.9644
vn 0.1348 0.1022 -0.9856
vn 0.1447 0.1048 -0.9839
vn 0.1389 0.0972 -0.9855
vn 0.2955 0.1431 0.9446
vn 0.2863 0.1160 0.9511
vn 0.3236 0.1120 0.9395
vn 0.9737 0.2083 0.0921
vn 0.9702 0.2197 0.1023
vn 0.9718 0.2079 0.1110
vn -0.2256 -0.6079 -0.7613
vn -0.2130 -0.5975 -0.7730
vn -0.2080 -0.6168 -0.7591
vn 0.3972 -0.1675 0.9023
vn 0.3800 -0.1817 0.9070
vn 0.4023 -0.1942 0.8947
vn 0.8392 0.2688 0.4728
vn 0.8661 0.2455 0.4354
vn 0.8614 0.2759 0.4264
vn 0.9735 0.2057 0.0995
vn 0.9720 0.2224 0.0757
vn 0.9695 0.2201 0.1081
vn 0.7642 0.3807 0.5206
vn 0.7357 0.4250 0.5274
vn 0.7328 0.4199 0.5354
vn 0.9042 0.2417 0.3521
vn 0.9034 0.2258 0.3646
vn 0.9137 0.2148 0.3451
vn 0.9105 0.3054 0.2787
vn 0.8923 0.3509 0.2839
vn 0.8957 0.3230 0.3056
vn 0.3255 -0.9314 -0.1631
vn 0.3337 -0.9353 -0.1181
vn 0.3042 -0.9425 -0.1382
vn -0.3474 -0.4241 -0.8363
vn -0.3488 -0.4142 -0.8407
vn 0.2890 -0.3307 -0.8984
vn 0.8417 -0.0445 -0.5382
vn 0.8351 -0.0318 -0.5492
vn 0.8448 -0.0265 -0.5344
vn 0.5173 -0.8177 0.2527
vn 0.4851 -0.8385 0.2483
vn 0.5153 -0.8294 0.2157
vn 0.7353 -0.5203 0.4344
vn 0.7217 -0.5177 0.4595
vn 0.7217 -0.5322 0.4426
vn 0.1914 -0.7943 0.5765
vn 0.7780 -0.3031 0.5504
vn 0.3450 0.1257 0.9302
vn 0.4181 -0.8542 0.3090
vn 0.3969 -0.8511 0.3437
vn 0.3893 -0.8633 0.3211
vn 0.5736 -0.1892 0.7970
vn -0.0958 0.2564 0.9618
vn -0.0624 -0.4672 0.8820
vn 0.5017 0.0413 0.8640
vn 0.4836 0.0475 0.8740
vn 0.4697 0.0157 0.8827
vn 0.7093 -0.1397 0.6909
vn 0.7167 -0.1206 0.6869
vn 0.6959 -0.1307 0.7062
vn 0.9967 0.0697 0.0414
vn 0.9970 0.0736 0.0240
vn 0.9957 0.0850 0.0359
vn 0.7487 -0.2938 0.5943
vn 0.7765 -0.2764 0.5663
vn 0.7477 -0.2651 0.6088
vn 0.6580 -0.1099 -0.7450
vn 0.6732 -0.0847 -0.7346
vn 0.6778 -0.0896 -0.7297
vn 0.2733 -0.9475 0.1663
vn 0.3183 -0.9386 0.1330
vn 0.3103 -0.9369 0.1613
vn -0.0836 -0.0161 -0.9964
vn 0.5474 -0.6868 -0.4782
vn -0.1204 -0.6603 -0.7413
vn -0.0947 -0.3916 -0.9153
vn -0.1109 -0.4054 -0.9074
vn -0.1142 -0.3907 -0.9134
vn 0.4317 0.3160 0.8449
vn 0.4237 0.2519 0.8701
vn 0.4471 0.2785 0.8500
vn 0.4024 0.1382 -0.9050
vn 0.3941 0.1530 -0.9062
vn 0.4133 0.1477 -0.8985
vn 0.0793 0.2932 0.9527
vn 0.0681 0.2721 0.9599
vn 0.0877 0.2760 0.9572
vn 0.3148 0.0992 0.9440
vn 0.3327 0.1248 0.9347
vn 0.3110 0.1260 0.9420
vn 0.2622 -0.2376 -0.9353
vn 0.2768 -0.2317 -0.9326
vn 0.2731 -0.2548 -0.9276
vn 0.2606 0.1251 0.9573
vn 0.2845 0.0828 0.9551
vn 0.2822 0.1161 0.9523
vn 0.9144 -0.2921 0.2803
vn 0.9039 -0.3328 0.2688
vn 0.9154 -0.3085 0.2586
vn 0.7141 0.1885 0.6742
vn 0.7330 0.1740 0.6575
vn 0.7276 0.2019 0.6557
vn 0.8374 -0.0064 -0.5465
vn 0.8511 -0.0161 -0.5247
vn 0.8355 -0.0510 -0.5471
vn 0.8841 -0.1582 -0.4396
vn 0.8790 -0.1697 -0.4456
vn 0.8630 -0.1648 -0.4775
vn 0.8541 0.2901 0.4317
vn 0.8516 0.3115 0.4216
vn 0.8388 0.3099 0.4477
vn 0.1776 -0.7216 0.6692
vn 0.7450 0.1397 0.6523
vn 0.2023 -0.1392 0.9694
vn -0.0431 0.1660 -0.9852
vn -0.0523 0.1687 -0.9843
vn -0.0448 0.1726 -0.9840
vn 0.3365 -0.0526 -0.9402
vn 0.3260 -0.0631 -0.9433
vn 0.3192 -0.0511 -0.9463
vn 0.7321 -0.1864 -0.6552
vn 0.7485 -0.1837 -0.6372
vn 0.7347 -0.2044 -0.6468
vn 0.7113 -0.3306 -0.6203
vn 0.6955 -0.3264 -0.6401
vn 0.7118 -0.2979 -0.6361
vn 0.5142 -0.6993 0.4966
vn 0.5319 -0.6779 0.5074
vn 0.4951 -0.6881 0.5305
vn 0.6754 0.6399 0.3666
vn 0.0159 0.4573 0.8892
vn 0.0170 -0.3941 0.9189
vn 0.9714 0.0384 -0.2345
vn 0.9753 0.0790 -0.2062
vn 0.9810 0.0505 -0.1872
vn 0.9656 0.1670 0.1993
vn 0.9629 0.2164 0.1611
vn 0.9585 0.2041 0.1988
vn 0.9375 0.3014 0.1741
vn 0.9433 0.2873 0.1660
vn 0.9426 0.2974 0.1515
vn 0.8223 0.1096 0.5584
vn 0.8447 0.0825 0.5288
vn 0.8367 0.1194 0.5345
vn 0.7841 0.1433 0.6039
vn 0.7782 0.1088 0.6185
vn 0.8112 0.1591 0.5627
vn -0.5007 0.0267 -0.8652
vn -0.4725 0.0233 -0.8810
vn -0.4814 0.0078 -0.8765
vn 0.5636 -0.3739 0.7365
vn 0.5787 -0.3559 0.7338
vn 0.5659 -0.3531 0.7451
vn 0.3548 0.2014 0.9130
vn 0.3494 0.2265 0.9092
vn 0.3291 0.2055 0.9217
vn -0.0339 0.1722 0.9845
vn -0.0225 0.1710 0.9850
vn -0.0291 0.1809 0.9831
vn 0.9936 0.1121 -0.0111
vn 0.9914 0.1302 -0.0090
vn 0.9924 0.1228 0.0023
vn 0.9693 0.2255 0.0976
vn 0.9701 0.2146 0.1132
vn 0.9732 0.2074 0.0997
vn 0.5107 0.1723 0.8423
vn 0.5207 0.1012 0.8477
vn 0.5409 0.1365 0.8299
vn 0.5412 0.1330 0.8303
vn 0.5394 0.1645 0.8258
vn 0.5021 0.1625 0.8494
vn 0.0505 0.2247 -0.9731
vn 0.0565 0.2264 -0.9724
vn 0.0561 0.2134 -0.9754
vn 0.9255 0.2515 0.2831
vn 0.9233 0.2644 0.2785
vn 0.9189 0.2604 0.2964
vn 0.3513 0.1125 0.9295
vn 0.3217 0.1128 0.9401
vn 0.3343 0.0897 0.9382
vn -0.4642 -0.6647 -0.5854
vn -0.4445 -0.6715 -0.5929
vn -0.4539 -0.6820 -0.5735
vn 0.3646 0.1933 0.9109
vn 0.3666 0.1769 0.9134
vn 0.3782 0.1836 0.9073
vn 0.0989 -0.5425 -0.8342
vn -0.1225 0.1738 -0.9771
vn -0.0973 0.7371 -0.6687
vn 0.7367 -0.6740 -0.0556
vn 0.7586 -0.6462 -0.0836
vn 0.7782 -0.6277 -0.0202
vn 0.0107 0.8426 -0.5384
vn 0.6342 0.4193 -0.6495
vn 0.0193 0.2224 -0.9748
vn -0.2797 -0.2339 -0.9312
vn -0.2663 -0.2214 -0.9381
vn -0.2616 -0.2364 -0.9358
vn -0.4215 -0.3061 -0.8536
vn -0.4001 -0.3143 -0.8609
vn -0.4131 -0.3208 -0.8523
vn 0.7360 0.1932 0.6488
vn 0.7491 0.1930 0.6337
vn 0.7471 0.2046 0.6325
vn 0.8292 0.1157 0.5468
vn 0.8330 0.0812 0.5473
vn 0.8394 0.1006 0.5341
vn -0.5657 -0.4996 -0.6560
vn -0.5761 -0.5054 -0.6424
vn -0.6030 -0.4798 -0.6373
vn 0.1027 -0.0453 -0.9937
vn 0.1008 -0.0286 -0.9945
vn 0.1077 -0.0386 -0.9934
vn -0.2055 0.1092 -0.9726
vn -0.1724 0.1187 -0.9779
vn -0.1643 0.1084 -0.9804
vn 0.1367 -0.3404 -0.9303
vn 0.1425 -0.3547 -0.9241
vn 0.1248 -0.3500 -0.9284
vn 0.1479 -0.8272 0.5421
vn 0.0969 -0.8400 0.5339
vn 0.1384 -0.8500 0.5083
vn -0.7023 0.3437 -0.6234
vn -0.6402 0.3290 -0.6942
vn -0.6683 0.3046 -0.6786
vn -0.2071 0.5746 -0.7918
vn -0.1645 0.5826 -0.7959
vn -0.1409 0.5095 -0.8488
vn 0.3543 0.0220 0.9349
vn 0.3349 -0.0063 0.9422
vn 0.3645 -0.0116 0.9311
vn 0.4015 0.1974 0.8943
vn 0.4180 0.1859 0.8892
vn 0.4155 0.2184 0.8830
vn 0.2421 0.2071 0.9479
vn 0.2534 0.1815 0.9502
vn 0.2687 0.2052 0.9411
vn 0.9749 0.1702 0.1437
vn 0.9632 0.2053 0.1735
vn 0.9727 0.1424 0.1832
vn 0.9953 0.0616 0.0748
vn 0.9934 0.0902 0.0714
vn 0.9908 0.0701 0.1160
vn 0.0545 -0.9122 -0.4060
vn 0.0788 -0.9203 -0.3831
vn 0.0437 -0.9261 -0.3747
vn 0.9632 0.2399 0.1216
vn 0.9558 0.2601 0.1370
vn 0.9666 0.2083 0.1495
vn 0.3495 0.2266 -0.9091
vn 0.3452 0.2065 -0.9155
vn 0.3387 0.2160 -0.9158
vn 0.9116 -0.0381 0.4094
vn 0.9113 -0.0036 0.4117
vn 0.9007 -0.0266 0.4336
vn 0.9305 -0.0596 0.3613
vn 0.9126 -0.0599 0.4045
vn 0.9222 -0.0877 0.3767
vn 0.1529 -0.9495 0.2739
vn 0.1993 -0.9404 0.2755
vn 0.1106 -0.9188 0.3789
vn 0.4407 -0.8119 0.3830
vn 0.4915 -0.7749 0.3974
vn 0.4499 -0.7299 0.5146
vn 0.0652 -0.0539 -0.9964
vn 0.0950 -0.0037 -0.9955
vn 0.1092 -0.0470 -0.9929
vn 0.9696 0.1404 0.2006
vn 0.9755 0.1435 0.1667
vn 0.9663 0.1801 0.1842
vn 0.8969 -0.2684 0.3516
vn 0.8888 -0.3099 0.3378
vn 0.9032 -0.2952 0.3116
vn 0.4521 0.1325 0.8821
vn 0.4274 0.1308 0.8946
vn 0.4426 0.1118 0.8897
vn 0.3273 0.1113 0.9383
vn 0.3123 0.1092 0.9437
vn 0.3205 0.0978 0.9422
vn 0.4968 0.1033 0.8617
vn 0.4780 0.0652 0.8760
vn 0.4983 0.0592 0.8650
vn 0.7568 0.0565 0.6512
vn 0.7632 0.0744 0.6419
vn 0.7481 0.0813 0.6586
vn 0.8384 0.3085 0.4493
vn 0.8634 0.2278 0.4501
vn 0.8658 0.2641 0.4251
vn 0.9696 0.2257 0.0949
vn 0.9699 0.2171 0.1102
vn 0.9775 0.1936 0.0836
vn 0.3353 0.2166 0.9169
vn 0.3071 0.2131 0.9275
vn 0.3336 0.1972 0.9218
vn -0.1734 0.6908 -0.7019
vn -0.2244 0.6693 -0.7083
vn -0.2114 0.7292 -0.6509
vn -0.0923 0.7476 -0.6577
vn 0.0186 0.7413 -0.6709
vn -0.0069 0.6762 -0.7367
vn 0.4979 -0.1088 -0.8604
vn 0.4707 -0.1012 -0.8765
vn 0.4835 -0.0837 -0.8713
vn 0.9619 0.2547 -0.0991
vn 0.9585 0.2816 -0.0442
vn 0.9763 0.2050 -0.0686
vn 0.2193 0.1255 -0.9676
vn 0.2091 0.1012 -0.9726
vn 0.2006 0.1167 -0.9727
vn 0.9947 -0.0531 0.0880
vn 0.9931 -0.0155 0.1159
vn 0.9876 -0.0660 0.1426
vn 0.9719 0.0543 0.2290
vn 0.9634 0.0390 0.2653
vn 0.9675 0.0011 0.2528
vn 0.6974 0.3960 0.5973
vn 0.6696 0.4358 0.6014
vn 0.6770 0.3876 0.6256
vn 0.0136 -0.3027 0.9530
vn 0.5627 0.1496 0.8130
vn -0.0015 0.2910 0.9567
vn -0.0112 0.2246 0.9744
vn -0.0211 0.2459 0.9691
vn -0.0298 0.2152 0.9761
vn 0.9685 0.2022 0.1456
vn 0.9644 0.2164 0.1518
vn 0.9661 0.2039 0.1581
vn 0.9710 0.2159 0.1027
vn 0.9697 0.2267 0.0912
vn 0.9674 0.2306 0.1052
vn 0.7590 0.1080 0.6421
vn 0.0046 0.4123 0.9110
vn 0.0031 -0.4060 0.9139
vn 0.9739 0.1153 0.1956
vn 0.9721 0.1020 0.2111
vn 0.9763 0.0793 0.2013
vn 0.9279 0.1179 0.3537
vn 0.9284 0.0829 0.3623
vn 0.9435 0.0867 0.3197
vn 0.3165 0.1821 0.9310
vn 0.3200 0.1983 0.9264
vn 0.3071 0.1952 0.9314
vn 0.7402 0.0457 -0.6709
vn 0.7451 0.0554 -0.6646
vn 0.7442 0.0393 -0.6668
vn 0.5283 0.1021 -0.8429
vn 0.5251 0.1170 -0.8430
vn 0.5402 0.1039 -0.8351
vn -0.1191 -0.2478 -0.9615
vn -0.1055 -0.2336 -0.9666
vn -0.1014 -0.2469 -0.9637
vn 0.8294 -0.4020 0.3878
vn 0.8451 -0.3974 0.3576
vn 0.8481 -0.3769 0.3724
vn -0.1595 -0.9741 0.1601
vn -0.1797 -0.9701 0.1630
vn -0.1719 -0.9759 0.1342
vn -0.0030 -0.1288 -0.9917
vn 0.0141 -0.1164 -0.9931
vn 0.0220 -0.1360 -0.9905
vn 0.0810 -0.2386 -0.9677
vn 0.0821 -0.2134 -0.9735
vn 0.0952 -0.2228 -0.9702
vn 0.9161 0.2782 0.2886
vn 0.9194 0.2575 0.2972
vn 0.9228 0.2647 0.2800
vn 0.9369 0.0731 0.3420
vn 0.9272 0.0492 0.3712
vn 0.9365 0.0382 0.3485
vn 0.6452 -0.6892 0.3297
vn 0.6273 -0.6963 0.3487
vn 0.6365 -0.7067 0.3091
vn 0.0728 -0.5492 -0.8325
vn 0.0580 -0.5403 -0.8395
vn 0.0727 -0.5271 -0.8467
vn -0.3631 -0.9153 -0.1742
vn -0.3609 -0.9127 -0.1915
vn -0.3431 -0.9209 -0.1850
vn 0.7948 -0.2961 0.5298
vn 0.8059 -0.2644 0.5298
vn 0.7829 -0.2844 0.5534
vn 0.9050 -0.2494 -0.3447
vn 0.8946 -0.2667 -0.3585
vn 0.9060 -0.2325 -0.3536
vn 0.9434 -0.3233 0.0745
vn 0.9316 -0.3568 0.0690
vn 0.9389 -0.3416 0.0412
vn 0.9325 0.3187 0.1698
vn 0.9333 0.3085 0.1837
vn 0.9371 0.3040 0.1714
vn 0.8968 0.2935 0.3311
vn 0.9024 0.2779 0.3292
vn 0.9068 0.2847 0.3110
vn 0.4958 0.2620 -0.8280
vn 0.5012 0.3361 -0.7974
vn 0.5363 0.2597 -0.8031
vn 0.8599 0.3438 -0.3773
vn 0.8757 0.3736 -0.3059
vn 0.8953 0.2958 -0.3331
vn 0.0867 0.1899 -0.9780
vn 0.0827 0.1849 -0.9793
vn 0.0818 0.1911 -0.9781
vn 0.8266 0.3221 -0.4615
vn 0.8715 0.2446 -0.4251
vn 0.8297 0.2661 -0.4908
vn 0.1811 0.1016 -0.9782
vn 0.1495 0.0963 -0.9841
vn 0.1744 0.1203 -0.9773
vn -0.1229 0.3205 -0.9392
vn -0.0616 0.2753 -0.9594
vn -0.0734 0.2440 -0.9670
vn 0.1337 -0.9108 0.3907
vn 0.1517 -0.8972 0.4148
vn 0.1161 -0.9000 0.4201
vn 0.7930 0.4491 -0.4116
vn 0.8389 0.4256 -0.3394
vn 0.8322 0.3867 -0.3975
vn 0.0041 -0.0469 -0.9989
vn 0.0075 -0.0623 -0.9980
vn -0.0468 -0.0728 -0.9962
vn 0.6788 -0.2005 0.7064
vn 0.6571 -0.1918 0.7290
vn 0.6481 -0.2340 0.7247
vn 0.7333 -0.4659 0.4953
vn 0.7555 -0.4451 0.4808
vn 0.7429 -0.4283 0.5145
vn 0.9950 -0.0909 0.0416
vn 0.9966 -0.0787 0.0233
vn 0.9961 -0.0700 0.0540
vn 0.9694 0.2077 -0.1310
vn 0.9775 0.2007 -0.0657
vn 0.9794 0.1574 -0.1264
vn 0.6981 -0.5898 0.4061
vn 0.6716 -0.6080 0.4235
vn 0.6807 -0.6119 0.4028
vn 0.9736 0.1655 0.1573
vn 0.9639 0.1508 0.2195
vn 0.9742 0.1300 0.1844
vn 0.4392 0.1697 -0.8822
vn 0.4464 0.1848 -0.8755
vn 0.4487 0.1729 -0.8768
vn 0.9441 0.2742 0.1827
vn 0.9408 0.2792 0.1923
vn 0.9452 0.2639 0.1919
vn 0.5682 0.0358 -0.8221
vn 0.5828 0.0238 -0.8122
vn 0.5711 0.0098 -0.8208
vn -0.0583 -0.9975 0.0400
vn -0.3848 -0.8441 -0.3734
vn -0.3308 -0.5513 -0.7659
vn 0.3236 -0.6149 0.7192
vn 0.3330 -0.6444 0.6884
vn 0.3627 -0.6259 0.6904
vn 0.3587 -0.7609 0.5407
vn 0.3835 -0.7729 0.5056
vn 0.3956 -0.7455 0.5364
vn 0.8673 -0.2706 0.4178
vn 0.3714 -0.8595 -0.3511
vn 0.7016 0.7124 -0.0151
vn -0.4616 0.1340 -0.8769
vn -0.4591 0.0919 -0.8836
vn -0.4861 0.0847 -0.8698
vn 0.5211 -0.8074 -0.2768
vn 0.5293 -0.8212 -0.2132
vn 0.4827 -0.8492 -0.2142
vn -0.1818 -0.2411 -0.9533
vn -0.1968 -0.2487 -0.9484
vn -0.1978 -0.2325 -0.9523
vn -0.3314 -0.9108 -0.2460
vn -0.3356 -0.9145 -0.2260
vn -0.3503 -0.9064 -0.2363
vn 0.3680 -0.4490 -0.8143
vn 0.3960 -0.4424 -0.8047
vn 0.3906 -0.4567 -0.7993
vn 0.2447 -0.1387 -0.9596
vn 0.2225 -0.1615 -0.9615
vn 0.2271 -0.1323 -0.9648
vn 0.8258 -0.1776 -0.5353
vn 0.8099 -0.1769 -0.5593
vn 0.8256 -0.1614 -0.5406
vn -0.0684 -0.9220 0.3810
vn -0.0543 -0.9134 0.4034
vn -0.0861 -0.9011 0.4251
vn 0.2291 -0.9723 -0.0458
vn 0.2658 -0.9633 -0.0384
vn 0.2402 -0.9706 -0.0160
vn 0.4616 -0.8847 -0.0651
vn 0.4994 -0.8631 -0.0751
vn 0.4947 -0.8681 -0.0413
vn 0.6977 -0.3698 0.6136
vn 0.6345 -0.3660 0.6808
vn 0.6764 -0.3831 0.6291
vn 0.7159 0.4399 -0.5421
vn 0.7179 0.4935 -0.4909
vn 0.7586 0.4328 -0.4870
vn 0.6447 -0.1723 -0.7447
vn 0.6442 -0.2350 -0.7278
vn 0.5903 -0.2207 -0.7765
vn 0.8629 0.3348 0.3787
vn 0.8444 0.3196 0.4300
vn 0.8721 0.3034 0.3840
vn 0.8607 0.0253 0.5084
vn 0.8844 -0.0069 0.4668
vn 0.8955 0.0275 0.4443
vn 0.8436 0.2700 0.4642
vn 0.8238 0.2791 0.4934
vn 0.8384 0.2261 0.4960
vn 0.7739 -0.6332 -0.0090
vn 0.7331 -0.6783 0.0509
vn 0.7318 -0.6813 -0.0169
vn 0.7972 -0.1111 -0.5934
vn 0.8032 -0.0872 -0.5893
vn 0.8114 -0.0944 -0.5768
vn 0.1712 0.1293 -0.9767
vn 0.1561 0.1597 -0.9747
vn 0.1846 0.1476 -0.9717
vn 0.9105 0.3269 0.2533
vn 0.8790 0.3703 0.3004
vn 0.9152 0.2912 0.2785
vn 0.3744 -0.8901 0.2599
vn 0.3386 -0.8973 0.2834
vn 0.3349 -0.9144 0.2273
vn 0.1057 0.1618 -0.9811
vn 0.1310 0.1501 -0.9800
vn 0.1075 0.1398 -0.9843
vn 0.7659 0.4584 -0.4508
vn 0.7441 0.4658 -0.4789
vn 0.7282 0.5179 -0.4489
vn 0.7914 0.4849 -0.3723
vn 0.7457 0.5353 -0.3967
vn 0.7900 0.5339 -0.3015
vn 0.5471 -0.0296 -0.8366
vn 0.5627 -0.0914 -0.8216
vn 0.5081 -0.0525 -0.8597
vn 0.2780 -0.1281 -0.9520
vn 0.2623 -0.1768 -0.9486
vn 0.2593 -0.1149 -0.9589
vn 0.3344 0.0211 -0.9422
vn 0.3401 0.0143 -0.9403
vn 0.3266 0.0044 -0.9452
vn 0.4089 0.1824 -0.8942
vn 0.3994 0.1870 -0.8975
vn 0.4115 0.1907 -0.8912
vn 0.2283 -0.2826 -0.9317
vn 0.2103 -0.2859 -0.9349
vn 0.2117 -0.2717 -0.9388
vn -0.1494 0.1325 0.9799
vn 0.0874 0.9608 0.2631
vn -0.2243 0.6285 0.7448
vn -0.0069 0.0851 0.9963
vn 0.5427 0.5136 0.6647
vn -0.0163 0.6596 0.7515
vn -0.2554 -0.3260 0.9102
vn 0.0904 0.2743 0.9574
vn -0.3183 0.1886 0.9290
vn 0.1030 0.7841 -0.6120
vn 0.4298 -0.6232 -0.6534
vn 0.1445 0.0945 -0.9850
vn 0.8670 -0.4118 -0.2804
vn 0.8704 -0.3855 -0.3063
vn 0.8822 -0.4009 -0.2469
vn 0.7978 -0.5292 -0.2888
vn 0.7854 -0.5149 -0.3436
vn 0.7980 -0.4957 -0.3428
vn 0.4041 0.1903 -0.8947
vn 0.4149 0.1738 -0.8931
vn 0.3940 0.1812 -0.9011
vn 0.4463 -0.8916 -0.0769
vn 0.4913 -0.8637 -0.1122
vn 0.4930 -0.8688 -0.0462
vn 0.7088 -0.2022 -0.6758
vn 0.7108 -0.2159 -0.6694
vn 0.6846 -0.2106 -0.6978
vn 0.5041 0.1602 0.8486
vn 0.5071 0.1860 0.8415
vn 0.4694 0.1671 0.8671
vn 0.4514 0.1882 0.8723
vn 0.4268 0.1913 0.8839
vn 0.4317 0.1683 0.8862
vn -0.0051 0.0874 -0.9962
vn 0.0350 0.0553 -0.9979
vn 0.0382 0.0181 -0.9991
vn -0.1410 0.0120 -0.9899
vn -0.1282 0.0460 -0.9907
vn -0.1198 0.0409 -0.9919
vn 0.8992 -0.4072 0.1602
vn 0.8845 -0.4301 0.1806
vn 0.8819 -0.4481 0.1465
vn 0.9443 -0.3227 -0.0646
vn 0.9392 -0.3434 0.0001
vn 0.9331 -0.3552 -0.0558
vn 0.8399 0.1323 0.5264
vn 0.8500 0.1819 0.4943
vn 0.8271 0.1906 0.5287
vn 0.5317 -0.6071 0.5906
vn 0.5492 -0.6035 0.5781
vn 0.5442 -0.5861 0.6003
vn 0.2449 -0.4297 -0.8691
vn 0.2487 -0.4161 -0.8747
vn 0.2610 -0.4298 -0.8644
vn -0.4788 -0.6725 -0.5644
vn -0.4710 -0.6874 -0.5529
vn -0.4918 -0.6762 -0.5485
vn 0.9165 -0.1245 0.3801
vn 0.9113 -0.1683 0.3757
vn 0.9278 -0.1424 0.3448
vn 0.9769 0.1018 0.1878
vn 0.9824 0.0964 0.1599
vn 0.9803 0.1102 0.1639
vn 0.1009 0.2372 0.9662
vn 0.1013 0.2228 0.9696
vn 0.1102 0.2298 0.9670
vn 0.0192 -0.9060 -0.4228
vn 0.0211 -0.8780 -0.4781
vn 0.0311 -0.8944 -0.4461
vn 0.3760 0.1039 0.9208
vn 0.3677 0.1272 0.9212
vn 0.3504 0.0926 0.9320
vn 0.4841 0.0712 0.8721
vn 0.4649 0.0644 0.8830
vn 0.4738 0.0352 0.8799
vn 0.6298 0.1567 0.7608
vn 0.6561 0.1528 0.7390
vn 0.6383 0.1722 0.7503
vn 0.4803 0.0137 -0.8770
vn 0.4702 0.0211 -0.8823
vn 0.4824 0.0438 -0.8748
vn 0.6728 -0.3017 0.6756
vn 0.6749 -0.2581 0.6913
vn 0.6554 -0.2843 0.6998
vn 0.1793 0.1477 -0.9726
vn 0.1775 0.1542 -0.9720
vn 0.1851 0.1498 -0.9712
vn 0.2468 0.1333 -0.9599
vn 0.2355 0.1403 -0.9617
vn 0.2471 0.1404 -0.9588
vn -0.1933 0.4139 -0.8895
vn 0.2606 0.0472 -0.9643
vn -0.2582 -0.3019 -0.9177
vn 0.3972 0.1906 0.8977
vn 0.4136 0.1818 0.8921
vn 0.4098 0.1988 0.8902
vn -0.1693 -0.6428 -0.7471
vn 0.3371 -0.9405 0.0442
vn -0.2172 -0.9376 -0.2716
vn -0.2375 -0.7138 -0.6588
vn 0.0968 -0.8448 0.5263
vn -0.3150 -0.9435 -0.1029
vn 0.7421 -0.2367 0.6270
vn 0.7313 -0.2285 0.6427
vn 0.7240 -0.2549 0.6409
vn 0.9850 0.1427 0.0965
vn 0.9872 0.1377 0.0809
vn 0.9849 0.1521 0.0828
vn 0.8370 -0.4815 0.2599
vn 0.8326 -0.4684 0.2957
vn 0.8171 -0.5059 0.2763
vn 0.4515 -0.8862 -0.1038
vn 0.4979 -0.8639 -0.0755
vn 0.4675 -0.8828 -0.0467
vn -0.1404 -0.9781 0.1536
vn -0.0264 -0.9966 0.0777
vn 0.0004 -0.9905 0.1377
vn -0.7441 -0.3289 -0.5815
vn -0.7677 -0.3609 -0.5296
vn -0.7995 -0.3213 -0.5075
vn 0.9608 -0.2435 0.1323
vn 0.9690 -0.2290 0.0925
vn 0.9708 -0.2118 0.1128
vn 0.7128 -0.3290 0.6194
vn 0.7156 -0.3113 0.6253
vn 0.7004 -0.3218 0.6370
vn 0.9982 -0.0108 0.0585
vn 0.9999 -0.0089 0.0128
vn 0.9973 0.0335 0.0660
vn 0.3275 0.4768 0.8158
vn 0.3136 0.5368 0.7832
vn 0.2875 0.4760 0.8311
vn -0.1269 0.2771 -0.9524
vn -0.1178 0.2862 -0.9509
vn -0.1134 0.2783 -0.9538
vn 0.1646 -0.7410 0.6510
vn 0.9626 -0.1072 0.2486
vn 0.2836 0.1943 0.9390
vn 0.8506 0.1286 0.5098
vn 0.8452 0.1553 0.5113
vn 0.8388 0.1294 0.5288
vn 0.2957 0.1854 0.9371
vn 0.2928 0.1687 0.9412
vn 0.3044 0.1700 0.9372
vn 0.4280 0.1539 0.8906
vn 0.4468 0.1391 0.8837
vn 0.4492 0.1560 0.8797
vn 0.4411 -0.8923 0.0961
vn 0.0987 -0.8351 -0.5412
vn 0.0785 -0.1880 -0.9790
vn 0.3390 -0.7772 0.5301
vn 0.3202 -0.7653 0.5584
vn 0.3028 -0.7879 0.5362
vn 0.0013 0.1785 -0.9839
vn 0.6615 -0.2596 -0.7036
vn -0.0037 -0.5530 -0.8332
vn 0.9819 0.1149 0.1509
vn 0.9841 0.1016 0.1458
vn 0.9837 0.1158 0.1375
vn 0.8489 0.2481 0.4667
vn 0.8440 0.2701 0.4633
vn 0.8301 0.2560 0.4955
vn 0.9331 0.2455 0.2627
vn 0.9375 0.2224 0.2678
vn 0.9398 0.2291 0.2537
vn 0.3786 -0.7761 -0.5043
vn 0.3981 -0.7759 -0.4893
vn 0.3685 -0.8115 -0.4536
vn 0.4292 -0.7143 0.5527
vn 0.4567 -0.7061 0.5412
vn 0.4332 -0.6913 0.5784
vn 0.1049 -0.9130 -0.3942
vn 0.0771 -0.9061 -0.4160
vn 0.0968 -0.9009 -0.4231
vn 0.8421 0.1432 0.5200
vn 0.8465 0.1645 0.5064
vn 0.8326 0.1650 0.5287
vn 0.6933 0.2554 0.6739
vn 0.6813 0.2714 0.6798
vn 0.6776 0.2471 0.6927
vn 0.9647 0.1215 0.2338
vn 0.9754 0.0960 0.1982
vn 0.9652 0.1588 0.2078
vn 0.1193 0.1274 0.9846
vn 0.1228 0.1120 0.9861
vn 0.1342 0.1138 0.9844
vn 0.8400 -0.5334 -0.0993
vn 0.8424 -0.5149 -0.1591
vn 0.8706 -0.4730 -0.1350
vn 0.7272 -0.1786 -0.6627
vn 0.7170 -0.1142 -0.6877
vn 0.7380 -0.1209 -0.6639
vn 0.8614 0.3347 0.3820
vn 0.8415 0.3668 0.3966
vn 0.8492 0.3039 0.4320
vn 0.9732 -0.1286 0.1909
vn 0.9707 -0.0967 0.2200
vn 0.9637 -0.1519 0.2196
vn 0.8485 -0.1947 -0.4920
vn 0.8534 -0.2249 -0.4702
vn 0.8439 -0.2526 -0.4734
vn 0.9899 0.0130 0.1415
vn 0.9845 0.0090 0.1750
vn 0.9888 -0.0116 0.1489
vn 0.1842 0.1681 0.9684
vn 0.1733 0.1640 0.9711
vn 0.1871 0.1433 0.9718
vn 0.5032 0.1657 0.8482
vn 0.5483 0.1644 0.8200
vn 0.5396 0.1865 0.8210
vn 0.7924 -0.4380 -0.4246
vn 0.1235 -0.8850 -0.4489
vn 0.0910 0.0587 -0.9941
vn 0.2783 0.2133 0.9365
vn 0.2840 0.1960 0.9386
vn 0.3104 0.2231 0.9241
vn 0.7796 -0.0231 0.6258
vn 0.7679 -0.0039 0.6406
vn 0.7645 -0.0318 0.6438
vn 0.6154 -0.3321 0.7148
vn 0.5867 -0.3086 0.7487
vn 0.5819 -0.3519 0.7332
vn 0.2841 0.9399 0.1892
vn 0.0266 0.4416 0.8968
vn 0.0238 -0.4122 0.9108
vn 0.4571 0.1442 0.8777
vn 0.4387 0.1517 0.8857
vn 0.4392 0.1269 0.8894
vn 0.3653 -0.7816 -0.5056
vn 0.3984 -0.7733 -0.4932
vn 0.3984 -0.7894 -0.4671
vn 0.4205 0.1963 0.8858
vn 0.4081 0.2100 0.8885
vn 0.4046 0.1803 0.8965
vn 0.7665 0.3928 0.5082
vn 0.7736 0.3738 0.5117
vn 0.7763 0.3791 0.5036
vn 0.9626 0.1729 0.2085
vn 0.9562 0.1680 0.2398
vn 0.9625 0.1559 0.2219
vn 0.3953 0.0799 0.9151
vn 0.3861 0.1009 0.9169
vn 0.3608 0.0675 0.9302
vn 0.8329 0.2324 0.5022
vn 0.8148 0.2901 0.5020
vn 0.8057 0.2511 0.5364
vn 0.9614 0.1438 0.2345
vn 0.9544 0.1401 0.2636
vn 0.9600 0.1250 0.2505
vn -0.0772 -0.9967 0.0246
vn -0.0508 -0.9987 0.0055
vn -0.0487 -0.9981 0.0369
vn 0.8638 0.4975 -0.0799
vn 0.8596 0.4929 -0.1348
vn 0.8308 0.5446 -0.1147
vn 0.6587 0.1049 -0.7451
vn 0.7025 0.1022 -0.7043
vn 0.7025 0.0392 -0.7106
vn 0.5292 0.0918 0.8436
vn 0.4877 0.0990 0.8674
vn 0.5109 0.0600 0.8576
vn 0.5015 -0.8285 0.2490
vn 0.4747 -0.8483 0.2345
vn 0.4885 -0.8482 0.2047
vn 0.6501 -0.6861 0.3264
vn 0.6416 -0.7017 0.3098
vn 0.6653 -0.6848 0.2973
vn -0.1847 0.0257 -0.9825
vn -0.1695 0.0183 -0.9854
vn -0.1789 0.0053 -0.9839
vn 0.2807 0.2377 0.9299
vn 0.3028 0.2314 0.9245
vn 0.2909 0.2511 0.9232
vn 0.8675 0.4803 -0.1297
vn 0.8926 0.3848 -0.2350
vn 0.8501 0.4682 -0.2409
vn 0.5397 -0.8399 0.0573
vn 0.4806 -0.8752 0.0543
vn 0.5143 -0.8576 0.0080
vn 0.7540 -0.6247 0.2029
vn 0.7222 -0.6481 0.2418
vn 0.7271 -0.6583 0.1947
vn 0.9461 0.1480 0.2881
vn 0.9394 0.1237 0.3196
vn 0.9480 0.1258 0.2923
vn 0.9173 -0.3224 0.2337
vn 0.9260 -0.2885 0.2437
vn 0.9058 -0.3177 0.2804
vn 0.7942 -0.2527 -0.5526
vn 0.1010 -0.2535 -0.9620
vn 0.0853 0.4281 -0.8997
vn -0.3347 -0.2389 -0.9116
vn 0.0380 -0.7435 -0.6676
vn -0.4294 -0.7548 -0.4958
vn 0.6319 0.1781 0.7543
vn 0.6435 0.2055 0.7373
vn 0.6205 0.1982 0.7588
vn 0.7267 0.6034 0.3284
vn 0.7926 0.5529 0.2571
vn 0.7412 0.6056 0.2895
vn 0.5861 -0.7395 -0.3311
vn 0.6290 -0.6807 -0.3755
vn 0.6284 -0.7082 -0.3217
vn -0.0871 -0.9864 -0.1393
vn -0.0804 -0.9837 -0.1607
vn 0.5837 -0.7484 -0.3150
vn 0.2454 0.3595 0.9003
vn 0.2557 0.3535 0.8998
vn 0.9267 0.1852 0.3269
vn -0.0546 -0.3781 -0.9242
vn -0.0346 0.3505 -0.9359
vn 0.6314 -0.2381 -0.7380
vn 0.0267 -0.9912 -0.1293
vn 0.0335 -0.9849 -0.1698
vn 0.6743 -0.6134 -0.4112
vn -0.0641 -0.9790 -0.1934
vn -0.0373 -0.5809 -0.8131
vn 0.5376 -0.8205 0.1945
vn -0.0070 -0.9961 -0.0878
vn 0.0141 -0.6584 -0.7525
vn 0.5767 -0.7441 0.3372
vn 0.1366 0.0767 -0.9877
vn 0.1534 0.0959 -0.9835
vn 0.8035 0.2865 -0.5218
vn 0.0687 0.0518 0.9963
vn 0.0584 -0.6309 0.7737
vn 0.4716 0.5585 0.6824
vn -0.1322 0.2711 -0.9534
vn -0.0938 0.8876 -0.4510
vn 0.2654 0.7065 -0.6561
vn 0.1249 0.2129 -0.9691
vn 0.0771 0.8884 -0.4526
vn 0.6829 0.5319 -0.5008
vn -0.1136 0.2773 -0.9540
vn -0.1146 0.2865 -0.9512
vn 0.0576 0.8370 -0.5441
vn -0.2390 -0.3299 -0.9133
vn -0.1904 0.2897 -0.9380
vn 0.3575 -0.5110 -0.7817
vn -0.1208 0.2575 0.9587
vn -0.0789 -0.3494 0.9336
vn 0.3801 0.5125 0.7700
vn 0.1272 0.2497 -0.9599
vn 0.0901 0.8818 -0.4630
vn 0.8227 0.0323 -0.5675
vn 0.6466 0.6303 -0.4296
vn 0.2204 0.1260 -0.9672
vn 0.2121 0.1360 -0.9677
vn 0.2146 -0.0632 0.9747
vn 0.1832 -0.7061 0.6840
vn 0.7787 -0.1480 0.6097
vn 0.1801 -0.1911 0.9649
vn 0.1878 -0.2139 0.9587
vn 0.8061 -0.3717 0.4605
vn 0.2462 -0.2516 0.9360
vn 0.2046 -0.7950 0.5710
vn 0.5527 0.4834 0.6789
vn 0.0604 0.0412 0.9973
vn 0.0555 -0.6392 0.7671
vn 0.6604 0.0378 0.7500
vn 0.3993 -0.4426 0.8029
vn -0.0003 0.0195 0.9998
vn -0.0037 -0.0131 0.9999
vn -0.0605 -0.0329 0.9976
vn -0.0330 -0.6278 0.7777
vn 0.5027 0.0730 0.8614
vn 0.0693 -0.9535 -0.2933
vn 0.0946 -0.9441 -0.3157
vn 0.7456 -0.6518 -0.1389
vn -0.3938 -0.8538 -0.3404
vn -0.3978 -0.8400 -0.3691
vn -0.2777 -0.5385 -0.7955
vn -0.1129 0.2582 -0.9595
vn -0.0885 0.8020 -0.5907
vn 0.5189 0.1579 -0.8401
vn -0.0447 0.3662 -0.9295
vn -0.0352 0.8964 -0.4419
vn 0.4733 -0.1160 -0.8732
vn 0.5599 0.2430 0.7921
vn 0.5620 0.2300 0.7945
vn 0.6525 -0.6314 0.4190
vn 0.6161 0.0267 0.7872
vn 0.2954 -0.8682 0.3987
vn 0.6412 0.7670 -0.0245
vn -0.1363 -0.8556 -0.4995
vn -0.0979 -0.3545 -0.9299
vn 0.4870 -0.8601 -0.1520
vn 0.0025 0.3329 0.9430
vn 0.0119 -0.2520 0.9677
vn 0.5670 0.4407 0.6959
vn 0.3742 -0.3042 0.8760
vn 0.0021 0.3192 0.9477
vn -0.0046 0.3107 0.9505
vn 0.0829 0.1569 0.9841
vn 0.0740 0.1353 0.9880
vn 0.4443 -0.3796 0.8115
vn -0.1654 -0.6158 -0.7704
vn -0.1184 -0.0098 -0.9929
vn 0.5244 -0.5586 -0.6426
vn -0.1486 -0.8655 -0.4784
vn -0.1053 -0.3413 -0.9340
vn 0.4097 -0.9031 -0.1290
vn 0.6621 -0.6498 0.3733
vn 0.4253 0.1742 0.8881
vn 0.3995 0.1440 0.9053
vn 0.1672 -0.0762 0.9830
vn -0.1758 0.3200 0.9309
vn -0.1806 0.2806 0.9427
vn -0.0321 0.4990 0.8660
vn -0.0212 -0.0614 0.9979
vn 0.2484 0.9650 0.0847
vn -0.1657 -0.1546 -0.9740
vn -0.1316 0.4628 -0.8767
vn 0.0427 -0.7353 -0.6764
vn -0.3746 0.4672 0.8009
vn -0.3231 0.1068 0.9403
vn -0.0451 0.8331 0.5513
vn -0.2654 0.4796 0.8364
vn -0.2596 0.4156 0.8717
vn -0.0092 -0.0142 0.9999
vn -0.1108 -0.8550 -0.5067
vn -0.0700 -0.3175 -0.9457
vn 0.0799 -0.9903 0.1139
vn -0.1151 0.1765 0.9775
vn -0.0864 -0.4503 0.8887
vn 0.1786 0.6784 0.7127
vn -0.0922 0.2349 0.9676
vn -0.0692 -0.3941 0.9164
vn 0.2052 0.6961 0.6880
vn -0.0717 0.7376 0.6715
vn -0.6215 0.2919 0.7270
vn -0.0713 0.1449 0.9869
vn -0.4228 -0.0446 0.9051
vn -0.4489 -0.0457 0.8924
vn -0.4296 -0.0713 0.9002
vn -0.0219 -0.9532 0.3014
vn -0.0451 -0.9474 0.3168
vn -0.0589 -0.9550 0.2908
vn -0.3318 -0.9319 0.1464
vn 0.0304 -0.8742 -0.4847
vn 0.0263 -0.8931 -0.4492
vn -0.2652 0.1449 0.9532
vn -0.2423 0.1547 0.9578
vn -0.2658 0.1762 0.9478
vn -0.3770 -0.2592 -0.8892
vn -0.3573 -0.2648 -0.8957
vn -0.3761 -0.2736 -0.8853
vn -0.4709 -0.3741 -0.7990
vn -0.4857 -0.3572 -0.7978
vn -0.4732 -0.3379 -0.8136
vn -0.4196 0.1198 0.8997
vn -0.4333 0.1357 0.8910
vn -0.4438 0.1103 0.8893
vn 0.0468 0.2336 0.9712
vn 0.0589 0.2501 0.9664
vn 0.0392 0.2493 0.9676
vn -0.8783 -0.2809 0.3869
vn -0.8701 -0.2599 0.4187
vn -0.8844 -0.2549 0.3910
vn -0.1904 -0.5182 -0.8338
vn -0.0255 0.2137 -0.9766
vn -0.0193 0.2061 -0.9783
vn -0.5381 0.0447 0.8417
vn -0.5391 -0.0029 0.8422
vn -0.4996 0.0228 0.8660
vn -0.5187 -0.0377 0.8541
vn -0.4988 -0.0385 0.8658
vn -0.5047 -0.0178 0.8631
vn -0.3089 0.1751 0.9348
vn -0.3277 0.2081 0.9216
vn -0.3218 0.1719 0.9311
vn -0.6291 0.7051 -0.3272
vn -0.6436 0.6700 -0.3698
vn -0.6779 0.6833 -0.2713
vn 0.5409 -0.8291 -0.1415
vn 0.5042 -0.8497 -0.1542
vn 0.5107 -0.8433 -0.1672
vn -0.4014 0.2387 -0.8843
vn -0.4148 0.2353 -0.8790
vn -0.4092 0.2449 -0.8790
vn -0.3998 -0.1892 0.8969
vn -0.3730 -0.1987 0.9063
vn -0.3829 -0.1718 0.9077
vn 0.0690 -0.9850 -0.1579
vn -0.5564 -0.6513 -0.5159
vn 0.1027 -0.5933 -0.7984
vn -0.5303 -0.8141 -0.2366
vn -0.4940 -0.8243 -0.2768
vn -0.5153 -0.8307 -0.2108
vn 0.0791 0.5883 -0.8048
vn 0.1019 0.6059 -0.7890
vn 0.1020 0.5289 -0.8426
vn -0.7240 0.2348 0.6486
vn -0.7057 0.2371 0.6676
vn -0.7091 0.2571 0.6566
vn -0.9940 0.0491 0.0973
vn -0.9921 0.0784 0.0978
vn -0.9957 0.0536 0.0754
vn -0.9727 0.2100 0.0984
vn -0.9760 0.2052 0.0728
vn -0.9754 0.1942 0.1045
vn -0.9189 0.2602 0.2966
vn -0.9215 0.2668 0.2822
vn -0.9256 0.2512 0.2831
vn -0.9690 0.2129 0.1255
vn -0.9648 0.2362 0.1153
vn -0.9785 0.1834 0.0944
vn 0.0705 -0.3422 -0.9370
vn 0.0761 -0.3318 -0.9403
vn 0.0851 -0.3404 -0.9364
vn -0.8540 0.2010 -0.4799
vn -0.8445 0.2275 -0.4848
vn -0.8439 0.2072 -0.4948
vn -0.7734 0.1657 -0.6118
vn -0.7508 0.1670 -0.6390
vn -0.7640 0.1397 -0.6300
vn -0.8289 -0.1031 -0.5499
vn -0.8157 -0.1163 -0.5667
vn -0.8254 -0.1296 -0.5495
vn -0.9810 0.0066 -0.1938
vn -0.9703 0.0083 -0.2419
vn -0.9790 -0.0412 -0.1999
vn -0.9067 0.0384 0.4200
vn -0.9190 0.0356 0.3926
vn -0.9112 0.0116 0.4119
vn -0.3339 -0.9255 0.1785
vn -0.3642 -0.9155 0.1708
vn -0.3310 -0.9327 0.1431
vn -0.8462 0.3202 0.4259
vn -0.8425 0.2992 0.4479
vn -0.8256 0.3366 0.4529
vn -0.9681 -0.2182 0.1234
vn -0.9772 -0.1839 0.1062
vn -0.9697 -0.2258 0.0932
vn -0.3594 0.2284 0.9048
vn -0.3575 0.2111 0.9098
vn -0.3226 0.2251 0.9194
vn -0.4616 0.3009 0.8345
vn -0.4430 0.2988 0.8453
vn -0.4481 0.3284 0.8315
vn -0.9998 0.0119 -0.0163
vn -0.9997 -0.0222 -0.0069
vn -0.9998 -0.0071 0.0163
vn -0.9696 0.1417 0.1994
vn -0.9643 0.1306 0.2304
vn -0.9633 0.1660 0.2108
vn -0.9739 0.1596 0.1611
vn -0.9698 0.1597 0.1843
vn -0.9707 0.1782 0.1612
vn -0.9787 0.0888 0.1849
vn -0.9855 0.0913 0.1431
vn -0.9806 0.0710 0.1827
vn -0.4932 -0.0889 0.8654
vn -0.5123 -0.0795 0.8551
vn -0.5051 -0.1096 0.8561
vn -0.5034 -0.1455 -0.8517
vn -0.4749 -0.1536 -0.8665
vn -0.4824 -0.1709 -0.8591
vn -0.9286 0.2410 0.2823
vn -0.9290 0.2201 0.2977
vn -0.9220 0.2512 0.2945
vn -0.0970 0.2274 -0.9690
vn -0.0960 0.2340 -0.9675
vn -0.0921 0.2290 -0.9691
vn -0.9695 0.0537 0.2390
vn -0.9622 0.0621 0.2652
vn -0.9660 0.0834 0.2448
vn -0.7333 -0.6390 0.2323
vn -0.7353 -0.6510 0.1884
vn -0.7101 -0.6713 0.2124
vn 0.6313 -0.5951 -0.4973
vn 0.6333 -0.5710 -0.5223
vn 0.6653 -0.5848 -0.4641
vn -0.3297 0.0137 0.9440
vn -0.3591 0.0121 0.9332
vn -0.3414 -0.0179 0.9398
vn -0.2841 0.0471 0.9576
vn -0.2624 0.0403 0.9641
vn -0.2846 0.0670 0.9563
vn -0.1348 0.1015 -0.9857
vn -0.1398 0.0945 -0.9857
vn -0.1444 0.1012 -0.9843
vn -0.2983 0.1377 0.9445
vn -0.3222 0.0961 0.9418
vn -0.2903 0.1108 0.9505
vn -0.9766 0.1946 0.0914
vn -0.9742 0.1982 0.1080
vn -0.9727 0.2100 0.0991
vn 0.2349 -0.6032 -0.7622
vn 0.2197 -0.6154 -0.7570
vn 0.2229 -0.5943 -0.7728
vn -0.4028 -0.1722 0.8989
vn -0.4087 -0.1989 0.8908
vn -0.3865 -0.1881 0.9029
vn -0.8380 0.2788 0.4691
vn -0.8607 0.2661 0.4340
vn -0.8682 0.2351 0.4369
vn -0.9772 0.1889 0.0972
vn -0.9731 0.2067 0.1019
vn -0.9741 0.2126 0.0775
vn -0.7681 0.3683 0.5239
vn -0.7396 0.4101 0.5337
vn -0.7428 0.4149 0.5254
vn -0.9102 0.2288 0.3453
vn -0.9181 0.2040 0.3398
vn -0.9089 0.2097 0.3604
vn -0.9126 0.2975 0.2804
vn -0.8992 0.2984 0.3198
vn -0.8970 0.3380 0.2850
vn -0.3111 -0.9363 -0.1630
vn -0.2888 -0.9470 -0.1404
vn -0.3206 -0.9397 -0.1188
vn 0.8855 -0.3007 -0.3543
vn 0.3413 -0.4175 -0.8421
vn 0.3538 -0.4119 -0.8398
vn -0.8394 -0.0557 -0.5406
vn -0.8412 -0.0340 -0.5397
vn -0.8335 -0.0419 -0.5509
vn -0.4931 -0.8280 0.2668
vn -0.4969 -0.8420 0.2102
vn -0.4754 -0.8436 0.2495
vn -0.7313 -0.5264 0.4337
vn -0.7191 -0.5410 0.4360
vn -0.7177 -0.5254 0.4570
vn -0.6071 -0.6866 0.4000
vn -0.3429 0.1218 0.9315
vn -0.2735 0.7310 0.6252
vn -0.4094 -0.8588 0.3081
vn -0.3846 -0.8691 0.3111
vn -0.3910 -0.8543 0.3424
vn 0.0518 0.8910 0.4511
vn -0.3050 -0.3507 0.8854
vn 0.0904 0.2583 0.9618
vn -0.5022 0.0242 0.8644
vn -0.4660 0.0116 0.8847
vn -0.4849 0.0381 0.8737
vn -0.7153 -0.1465 0.6833
vn -0.7011 -0.1335 0.7005
vn -0.7205 -0.1276 0.6816
vn -0.9981 0.0537 0.0303
vn -0.9972 0.0697 0.0280
vn -0.9981 0.0606 0.0140
vn -0.7451 -0.3078 0.5917
vn -0.7467 -0.2766 0.6050
vn -0.7730 -0.2832 0.5677
vn -0.6536 -0.1183 -0.7475
vn -0.6753 -0.0993 -0.7308
vn -0.6696 -0.0956 -0.7365
vn -0.2604 -0.9517 0.1628
vn -0.2907 -0.9416 0.1699
vn -0.3010 -0.9449 0.1290
vn -0.4473 -0.2717 -0.8521
vn 0.1300 -0.6564 -0.7432
vn 0.0893 -0.9885 -0.1217
vn 0.1003 -0.3941 -0.9136
vn 0.1190 -0.3879 -0.9140
vn 0.1189 -0.4033 -0.9073
vn -0.4149 0.3042 0.8575
vn -0.4402 0.2776 0.8539
vn -0.4167 0.2418 0.8763
vn -0.4008 0.1327 -0.9065
vn -0.4137 0.1409 -0.8994
vn -0.3915 0.1422 -0.9091
vn -0.0784 0.2972 0.9516
vn -0.0812 0.2786 0.9570
vn -0.0672 0.2709 0.9603
vn -0.3156 0.0922 0.9444
vn -0.3131 0.1144 0.9428
vn -0.3340 0.1220 0.9346
vn -0.2578 -0.2406 -0.9358
vn -0.2648 -0.2592 -0.9288
vn -0.2733 -0.2365 -0.9324
vn -0.2615 0.1169 0.9581
vn -0.2834 0.1103 0.9526
vn -0.2785 0.0756 0.9575
vn -0.9069 -0.3096 0.2857
vn -0.9117 -0.3188 0.2591
vn -0.8994 -0.3419 0.2725
vn -0.7181 0.1695 0.6750
vn -0.7304 0.1855 0.6574
vn -0.7399 0.1627 0.6528
vn -0.8384 -0.0137 -0.5448
vn -0.8350 -0.0626 -0.5467
vn -0.8503 -0.0293 -0.5255
vn -0.8816 -0.1704 -0.4402
vn -0.8597 -0.1780 -0.4787
vn -0.8769 -0.1806 -0.4455
vn -0.8589 0.2802 0.4287
vn -0.8431 0.3023 0.4447
vn -0.8556 0.3022 0.4202
vn -0.7670 -0.2015 0.6092
vn -0.1976 -0.1391 0.9704
vn -0.1727 0.5170 0.8384
vn 0.0450 0.1679 -0.9848
vn 0.0457 0.1746 -0.9836
vn 0.0540 0.1722 -0.9836
vn -0.3342 -0.0582 -0.9407
vn -0.3186 -0.0506 -0.9466
vn -0.3327 -0.0688 -0.9405
vn -0.7289 -0.1936 -0.6566
vn -0.7292 -0.2118 -0.6507
vn -0.7455 -0.1959 -0.6370
vn -0.7021 -0.3425 -0.6243
vn -0.7058 -0.3060 -0.6389
vn -0.6896 -0.3336 -0.6428
vn -0.5039 -0.7071 0.4961
vn -0.4868 -0.6957 0.5282
vn -0.5238 -0.6833 0.5087
vn -0.0178 0.9781 0.2074
vn -0.7696 0.1477 0.6212
vn -0.0171 0.4575 0.8891
vn -0.9726 0.0159 -0.2319
vn -0.9802 0.0331 -0.1953
vn -0.9743 0.0644 -0.2158
vn -0.9684 0.1661 0.1863
vn -0.9605 0.2025 0.1910
vn -0.9688 0.1999 0.1464
vn -0.9417 0.2879 0.1742
vn -0.9459 0.2865 0.1522
vn -0.9481 0.2737 0.1622
vn -0.8239 0.1010 0.5576
vn -0.8387 0.1085 0.5336
vn -0.8514 0.0772 0.5188
vn -0.7872 0.1318 0.6024
vn -0.8157 0.1450 0.5600
vn -0.7830 0.0962 0.6145
vn 0.5010 0.0355 -0.8647
vn 0.4815 0.0145 -0.8763
vn 0.4735 0.0301 -0.8803
vn -0.5657 -0.3802 0.7317
vn -0.5619 -0.3660 0.7418
vn -0.5798 -0.3615 0.7302
vn -0.3437 0.2078 0.9158
vn -0.3294 0.1995 0.9229
vn -0.3350 0.2239 0.9152
vn 0.0347 0.1678 0.9852
vn 0.0282 0.1778 0.9837
vn 0.0257 0.1687 0.9853
vn -0.9949 0.0978 -0.0228
vn -0.9944 0.1055 -0.0084
vn -0.9931 0.1150 -0.0207
vn -0.9743 0.2066 0.0896
vn -0.9773 0.1894 0.0954
vn -0.9744 0.1976 0.1074
vn -0.5071 0.1649 0.8460
vn -0.5378 0.1300 0.8330
vn -0.5076 0.0994 0.8558
vn -0.5261 0.1081 0.8435
vn -0.4866 0.1369 0.8628
vn -0.5326 0.1315 0.8361
vn -0.0521 0.2269 -0.9725
vn -0.0561 0.2148 -0.9750
vn -0.0581 0.2277 -0.9720
vn -0.9287 0.2400 0.2826
vn -0.9227 0.2461 0.2968
vn -0.9266 0.2527 0.2784
vn -0.3594 0.1052 0.9272
vn -0.3431 0.0811 0.9358
vn -0.3290 0.1013 0.9389
vn 0.4740 -0.6598 -0.5831
vn 0.4620 -0.6762 -0.5738
vn 0.4537 -0.6653 -0.5929
vn -0.3656 0.1926 0.9106
vn -0.3777 0.1901 0.9062
vn -0.3693 0.1757 0.9125
vn 0.0864 -0.5690 -0.8178
vn -0.5135 0.0851 -0.8539
vn 0.1185 0.1765 -0.9771
vn -0.7302 -0.6814 -0.0512
vn -0.7664 -0.6421 -0.0185
vn -0.7535 -0.6519 -0.0851
vn -0.5554 -0.2921 -0.7786
vn -0.0285 0.2205 -0.9750
vn -0.0303 0.2142 -0.9763
vn 0.2834 -0.2304 -0.9309
vn 0.2664 -0.2336 -0.9351
vn 0.2706 -0.2174 -0.9378
vn 0.4270 -0.3008 -0.8528
vn 0.4217 -0.3142 -0.8505
vn 0.4056 -0.3084 -0.8605
vn -0.7359 0.1836 0.6517
vn -0.7482 0.1934 0.6347
vn -0.7478 0.1811 0.6387
vn -0.8265 0.1031 0.5535
vn -0.8389 0.0867 0.5373
vn -0.8313 0.0706 0.5513
vn 0.5731 -0.4914 -0.6559
vn 0.6088 -0.4685 -0.6403
vn 0.5826 -0.4985 -0.6420
vn -0.0980 -0.0479 -0.9940
vn -0.1044 -0.0426 -0.9936
vn -0.0943 -0.0335 -0.9950
vn 0.2099 0.1071 -0.9718
vn 0.1702 0.1083 -0.9794
vn 0.1768 0.1197 -0.9769
vn -0.1334 -0.3425 -0.9300
vn -0.1189 -0.3493 -0.9294
vn -0.1357 -0.3571 -0.9242
vn -0.1108 -0.8262 0.5524
vn -0.1294 -0.8513 0.5085
vn -0.0856 -0.8445 0.5287
vn 0.6935 0.3610 -0.6234
vn 0.6731 0.3115 -0.6707
vn 0.6373 0.3517 -0.6857
vn 0.2036 0.5714 -0.7950
vn 0.1223 0.5188 -0.8461
vn 0.1487 0.5805 -0.8005
vn -0.3606 0.0235 0.9324
vn -0.3724 -0.0080 0.9280
vn -0.3423 -0.0065 0.9396
vn -0.3962 0.1859 0.8992
vn -0.4115 0.2102 0.8869
vn -0.4180 0.1867 0.8891
vn -0.2518 0.2075 0.9453
vn -0.2775 0.1949 0.9408
vn -0.2625 0.1767 0.9486
vn -0.9771 0.1598 0.1404
vn -0.9747 0.1311 0.1808
vn -0.9675 0.1955 0.1603
vn -0.9964 0.0476 0.0703
vn -0.9920 0.0586 0.1122
vn -0.9947 0.0764 0.0682
vn -0.0371 -0.9133 -0.4055
vn -0.0295 -0.9265 -0.3750
vn -0.0636 -0.9229 -0.3797
vn -0.9639 0.2379 0.1195
vn -0.9649 0.2113 0.1556
vn -0.9573 0.2503 0.1448
vn -0.3508 0.2216 -0.9099
vn -0.3396 0.2136 -0.9160
vn -0.3469 0.2020 -0.9159
vn -0.9137 -0.0508 0.4031
vn -0.9002 -0.0457 0.4332
vn -0.9123 -0.0233 0.4089
vn -0.9296 -0.0803 0.3597
vn -0.9212 -0.1062 0.3744
vn -0.9114 -0.0784 0.4039
vn -0.1524 -0.9512 0.2683
vn -0.0970 -0.9209 0.3776
vn -0.1927 -0.9377 0.2891
vn -0.4075 -0.8026 0.4355
vn -0.4352 -0.7392 0.5140
vn -0.4833 -0.7798 0.3979
vn -0.0519 -0.0655 -0.9965
vn -0.1143 -0.0568 -0.9918
vn -0.0858 -0.0062 -0.9963
vn -0.9725 0.1233 0.1975
vn -0.9696 0.1637 0.1818
vn -0.9782 0.1279 0.1637
vn -0.8937 -0.2802 0.3504
vn -0.9013 -0.3025 0.3101
vn -0.8856 -0.3212 0.3354
vn -0.4597 0.1147 0.8806
vn -0.4509 0.0929 0.8877
vn -0.4401 0.1223 0.8896
vn -0.3208 0.1104 0.9407
vn -0.3226 0.0954 0.9417
vn -0.3087 0.1048 0.9454
vn -0.4856 0.1006 0.8684
vn -0.4948 0.0586 0.8670
vn -0.4724 0.0603 0.8793
vn -0.7569 0.0541 0.6513
vn -0.7432 0.0715 0.6652
vn -0.7598 0.0737 0.6460
vn -0.8405 0.2931 0.4557
vn -0.8674 0.2516 0.4293
vn -0.8532 0.2239 0.4711
vn -0.9699 0.2258 0.0910
vn -0.9778 0.1962 0.0735
vn -0.9711 0.2146 0.1041
vn -0.3454 0.2106 0.9145
vn -0.3441 0.1918 0.9191
vn -0.3171 0.2089 0.9251
vn 0.1697 0.6872 -0.7063
vn 0.1928 0.7347 -0.6504
vn 0.2093 0.6682 -0.7139
vn 0.0726 0.7572 -0.6491
vn -0.0017 0.6763 -0.7366
vn -0.0529 0.7204 -0.6915
vn -0.4966 -0.1137 -0.8605
vn -0.4827 -0.0905 -0.8711
vn -0.4691 -0.1089 -0.8764
vn -0.9628 0.2491 -0.1046
vn -0.9783 0.1958 -0.0678
vn -0.9636 0.2635 -0.0455
vn -0.2233 0.1175 -0.9677
vn -0.2039 0.1179 -0.9719
vn -0.2087 0.0982 -0.9730
vn -0.9938 -0.0688 0.0876
vn -0.9863 -0.0772 0.1459
vn -0.9930 -0.0315 0.1137
vn -0.9732 0.0376 0.2270
vn -0.9665 -0.0135 0.2562
vn -0.9661 0.0379 0.2555
vn -0.7095 0.3940 0.5843
vn -0.6932 0.3769 0.6143
vn -0.6890 0.4308 0.5828
vn -0.4184 0.4819 0.7699
vn 0.0670 0.2119 0.9750
vn 0.0711 0.2375 0.9688
vn 0.0310 0.2227 0.9744
vn 0.0535 0.2182 0.9744
vn 0.0440 0.2453 0.9684
vn -0.9716 0.1908 0.1401
vn -0.9696 0.1903 0.1537
vn -0.9680 0.2031 0.1475
vn -0.9746 0.2039 0.0923
vn -0.9709 0.2192 0.0964
vn -0.9735 0.2134 0.0823
vn -0.0043 0.9648 0.2631
vn -0.6463 -0.0795 0.7590
vn -0.0068 0.4126 0.9109
vn -0.9746 0.1053 0.1978
vn -0.9789 0.0725 0.1910
vn -0.9732 0.0909 0.2112
vn -0.9288 0.1068 0.3549
vn -0.9427 0.1037 0.3171
vn -0.9328 0.0691 0.3538
vn -0.3203 0.1825 0.9296
vn -0.3068 0.1936 0.9319
vn -0.3247 0.1927 0.9260
vn -0.7404 0.0334 -0.6713
vn -0.7448 0.0288 -0.6666
vn -0.7463 0.0438 -0.6642
vn -0.5301 0.0935 -0.8428
vn -0.5399 0.1063 -0.8350
vn -0.5299 0.1099 -0.8409
vn 0.1313 -0.2512 -0.9590
vn 0.1068 -0.2540 -0.9613
vn 0.1086 -0.2362 -0.9656
vn -0.8251 -0.4129 0.3857
vn -0.8448 -0.3889 0.3674
vn -0.8415 -0.4076 0.3547
vn 0.1707 -0.9725 0.1585
vn 0.1893 -0.9725 0.1358
vn 0.1907 -0.9678 0.1644
vn 0.0065 -0.1237 -0.9923
vn -0.0189 -0.1363 -0.9905
vn -0.0137 -0.1175 -0.9930
vn -0.0733 -0.2378 -0.9686
vn -0.0912 -0.2270 -0.9696
vn -0.0794 -0.2141 -0.9736
vn -0.9186 0.2683 0.2901
vn -0.9254 0.2544 0.2808
vn -0.9228 0.2463 0.2964
vn -0.9361 0.0621 0.3462
vn -0.9356 0.0264 0.3520
vn -0.9264 0.0512 0.3731
vn -0.6408 -0.6971 0.3215
vn -0.6293 -0.7130 0.3090
vn -0.6194 -0.7038 0.3479
vn -0.0637 -0.5502 -0.8326
vn -0.0669 -0.5286 -0.8462
vn -0.0499 -0.5384 -0.8412
vn 0.3718 -0.9122 -0.1724
vn 0.3546 -0.9165 -0.1852
vn 0.3732 -0.9080 -0.1906
vn -0.7923 -0.3087 0.5262
vn -0.7789 -0.3014 0.5500
vn -0.8041 -0.2793 0.5248
vn -0.9000 -0.2621 -0.3482
vn -0.9025 -0.2414 -0.3567
vn -0.8912 -0.2768 -0.3593
vn -0.9394 -0.3341 0.0775
vn -0.9340 -0.3545 0.0443
vn -0.9285 -0.3623 0.0820
vn -0.9367 0.3053 0.1712
vn -0.9420 0.2894 0.1700
vn -0.9391 0.2915 0.1819
vn -0.9018 0.2784 0.3304
vn -0.9110 0.2741 0.3080
vn -0.9075 0.2645 0.3263
vn -0.4894 0.2847 -0.8243
vn -0.5423 0.2561 -0.8002
vn -0.5055 0.3319 -0.7964
vn -0.8686 0.3403 -0.3602
vn -0.9020 0.2885 -0.3212
vn -0.8776 0.3741 -0.2999
vn -0.0880 0.1907 -0.9777
vn -0.0833 0.1931 -0.9776
vn -0.0834 0.1864 -0.9789
vn -0.8312 0.3119 -0.4602
vn -0.8486 0.2319 -0.4755
vn -0.8758 0.2416 -0.4179
vn -0.1799 0.0980 -0.9788
vn -0.1745 0.1186 -0.9775
vn -0.1488 0.0968 -0.9841
vn 0.1436 0.2846 -0.9478
vn 0.0740 0.2458 -0.9665
vn 0.0600 0.2773 -0.9589
vn -0.1256 -0.9126 0.3892
vn -0.1020 -0.9033 0.4168
vn -0.1414 -0.9032 0.4053
vn -0.7954 0.4522 -0.4036
vn -0.8326 0.3964 -0.3869
vn -0.8341 0.4457 -0.3251
vn 0.0081 -0.0496 -0.9987
vn 0.0451 -0.0957 -0.9944
vn 0.0035 -0.0659 -0.9978
vn -0.6790 -0.1999 0.7064
vn -0.6634 -0.2426 0.7079
vn -0.6565 -0.1987 0.7277
vn -0.7290 -0.4781 0.4899
vn -0.7363 -0.4400 0.5141
vn -0.7482 -0.4587 0.4793
vn -0.9943 -0.1009 0.0347
vn -0.9955 -0.0806 0.0493
vn -0.9960 -0.0879 0.0183
vn -0.9706 0.2033 -0.1291
vn -0.9816 0.1480 -0.1209
vn -0.9770 0.2009 -0.0709
vn -0.6913 -0.5962 0.4083
vn -0.6807 -0.6148 0.3982
vn -0.6658 -0.6152 0.4222
vn -0.9760 0.1511 0.1566
vn -0.9765 0.1156 0.1819
vn -0.9653 0.1455 0.2168
vn -0.4405 0.1632 -0.8828
vn -0.4494 0.1649 -0.8780
vn -0.4403 0.1789 -0.8798
vn -0.9476 0.2644 0.1794
vn -0.9485 0.2542 0.1889
vn -0.9443 0.2674 0.1919
vn -0.5703 0.0300 -0.8209
vn -0.5736 0.0004 -0.8192
vn -0.5823 0.0102 -0.8129
vn 0.3321 -0.9298 0.1589
vn -0.0726 -0.8356 -0.5445
vn 0.3956 -0.8360 -0.3803
vn -0.3154 -0.6207 0.7178
vn -0.3564 -0.6276 0.6922
vn -0.3292 -0.6493 0.6856
vn -0.3486 -0.7667 0.5391
vn -0.3811 -0.7495 0.5413
vn -0.3829 -0.7727 0.5063
vn -0.4098 0.6524 0.6375
vn -0.7483 0.6345 -0.1936
vn -0.8763 -0.2921 0.3832
vn 0.4839 0.1349 -0.8646
vn 0.4880 0.0974 -0.8674
vn 0.4592 0.0978 -0.8829
vn -0.5147 -0.8118 -0.2758
vn -0.4693 -0.8552 -0.2200
vn -0.5180 -0.8284 -0.2134
vn 0.1991 -0.2314 -0.9523
vn 0.2009 -0.2440 -0.9488
vn 0.1861 -0.2416 -0.9524
vn 0.3442 -0.9060 -0.2463
vn 0.3618 -0.9023 -0.2347
vn 0.3468 -0.9105 -0.2253
vn -0.3608 -0.4545 -0.8144
vn -0.3833 -0.4611 -0.8003
vn -0.3902 -0.4473 -0.8048
vn -0.2415 -0.1436 -0.9597
vn -0.2255 -0.1343 -0.9649
vn -0.2204 -0.1653 -0.9613
vn -0.8203 -0.1900 -0.5394
vn -0.8230 -0.1711 -0.5417
vn -0.8067 -0.1837 -0.5617
vn 0.0722 -0.9217 0.3811
vn 0.0985 -0.9005 0.4236
vn 0.0648 -0.9135 0.4017
vn -0.2152 -0.9755 -0.0464
vn -0.2261 -0.9740 -0.0161
vn -0.2496 -0.9674 -0.0422
vn -0.4516 -0.8906 -0.0528
vn -0.4830 -0.8748 -0.0387
vn -0.4895 -0.8690 -0.0728
vn -0.6940 -0.3756 0.6142
vn -0.6692 -0.3913 0.6317
vn -0.6389 -0.3583 0.6807
vn -0.7346 0.4280 -0.5265
vn -0.7728 0.4277 -0.4689
vn -0.7368 0.4871 -0.4689
vn -0.5892 -0.2333 -0.7736
vn -0.6370 -0.2371 -0.7335
vn -0.6366 -0.1851 -0.7486
vn -0.8676 0.3235 0.3776
vn -0.8759 0.2933 0.3832
vn -0.8489 0.3060 0.4310
vn -0.8654 0.0291 0.5003
vn -0.8964 0.0185 0.4429
vn -0.8863 -0.0175 0.4628
vn -0.8478 0.2622 0.4610
vn -0.8270 0.2254 0.5151
vn -0.8285 0.2707 0.4902
vn -0.7673 -0.6413 -0.0018
vn -0.7192 -0.6947 -0.0122
vn -0.7222 -0.6899 0.0497
vn -0.7933 -0.1190 -0.5970
vn -0.8090 -0.1052 -0.5783
vn -0.8021 -0.0963 -0.5894
vn -0.1736 0.1270 -0.9766
vn -0.1863 0.1437 -0.9719
vn -0.1591 0.1599 -0.9742
vn -0.9153 0.3139 0.2525
vn -0.9145 0.2855 0.2866
vn -0.8847 0.3700 0.2837
vn -0.3626 -0.8979 0.2495
vn -0.3121 -0.9213 0.2320
vn -0.3141 -0.9091 0.2736
vn -0.1136 0.1633 -0.9800
vn -0.1074 0.1387 -0.9845
vn -0.1317 0.1481 -0.9802
vn -0.7701 0.4483 -0.4539
vn -0.7289 0.5086 -0.4583
vn -0.7469 0.4590 -0.4811
vn -0.7963 0.4759 -0.3734
vn -0.7632 0.5566 -0.3282
vn -0.7542 0.5141 -0.4085
vn -0.5465 -0.0392 -0.8365
vn -0.5031 -0.0558 -0.8624
vn -0.5615 -0.0989 -0.8216
vn -0.2697 -0.1239 -0.9549
vn -0.2573 -0.1186 -0.9590
vn -0.2632 -0.1826 -0.9473
vn -0.3316 0.0159 -0.9433
vn -0.3210 0.0068 -0.9471
vn -0.3382 0.0083 -0.9410
vn -0.4080 0.1762 -0.8958
vn -0.4096 0.1885 -0.8926
vn -0.4003 0.1821 -0.8981
vn -0.2216 -0.2891 -0.9313
vn -0.2079 -0.2737 -0.9391
vn -0.2018 -0.2837 -0.9375
vn -0.4010 0.5634 0.7224
vn 0.2139 0.6340 0.7432
vn 0.1343 0.9711 0.1975
vn -0.1715 0.9417 0.2895
vn 0.0948 0.5957 0.7976
vn 0.0835 0.6391 0.7645
vn -0.0802 -0.1722 0.9818
vn 0.3033 0.1849 0.9348
vn 0.2545 0.5527 0.7935
vn -0.8220 -0.0359 -0.5683
vn -0.1448 0.0928 -0.9851
vn -0.0985 -0.6962 -0.7111
vn -0.8550 -0.4273 -0.2941
vn -0.8820 -0.3943 -0.2579
vn -0.8612 -0.4020 -0.3110
vn -0.7896 -0.5400 -0.2914
vn -0.7887 -0.5082 -0.3458
vn -0.7742 -0.5393 -0.3315
vn -0.4085 0.1840 -0.8940
vn -0.3974 0.1690 -0.9019
vn -0.4149 0.1674 -0.8943
vn -0.4347 -0.8978 -0.0706
vn -0.4870 -0.8718 -0.0532
vn -0.4856 -0.8672 -0.1102
vn -0.7045 -0.2128 -0.6770
vn -0.6808 -0.2180 -0.6993
vn -0.6985 -0.2315 -0.6772
vn -0.5093 0.1486 0.8477
vn -0.4715 0.1729 0.8647
vn -0.5089 0.1734 0.8432
vn -0.4505 0.1723 0.8760
vn -0.4316 0.1554 0.8886
vn -0.4236 0.1792 0.8880
vn 0.0224 0.0752 -0.9969
vn -0.0303 0.0160 -0.9994
vn -0.0270 0.0512 -0.9983
vn 0.1426 0.0093 -0.9897
vn 0.1255 0.0397 -0.9913
vn 0.1329 0.0459 -0.9901
vn -0.8935 -0.4174 0.1657
vn -0.8759 -0.4587 0.1494
vn -0.8786 -0.4411 0.1831
vn -0.9388 -0.3382 -0.0658
vn -0.9279 -0.3660 -0.0718
vn -0.9315 -0.3638 -0.0040
vn -0.8435 0.1125 0.5252
vn -0.8274 0.1559 0.5395
vn -0.8452 0.1783 0.5037
vn -0.5318 -0.6168 0.5803
vn -0.5390 -0.5942 0.5970
vn -0.5478 -0.6094 0.5732
vn -0.2380 -0.4319 -0.8700
vn -0.2538 -0.4335 -0.8647
vn -0.2436 -0.4184 -0.8750
vn 0.4922 -0.6641 -0.5628
vn 0.5012 -0.6699 -0.5477
vn 0.4803 -0.6809 -0.5529
vn -0.9151 -0.1371 0.3792
vn -0.9251 -0.1585 0.3451
vn -0.9087 -0.1821 0.3757
vn -0.9792 0.0807 0.1862
vn -0.9817 0.0964 0.1644
vn -0.9837 0.0842 0.1586
vn -0.1117 0.2410 0.9641
vn -0.1165 0.2312 0.9659
vn -0.1099 0.2242 0.9683
vn -0.0132 -0.9069 -0.4211
vn -0.0227 -0.9019 -0.4313
vn -0.0095 -0.8792 -0.4763
vn -0.3840 0.0945 0.9185
vn -0.3578 0.0847 0.9299
vn -0.3746 0.1185 0.9196
vn -0.4896 0.0623 0.8697
vn -0.4794 0.0250 0.8772
vn -0.4707 0.0515 0.8808
vn -0.6400 0.1449 0.7546
vn -0.6450 0.1635 0.7465
vn -0.6638 0.1427 0.7342
vn -0.4877 0.0098 -0.8730
vn -0.4864 0.0363 -0.8730
vn -0.4713 0.0202 -0.8818
vn -0.6707 -0.3096 0.6741
vn -0.6531 -0.2908 0.6992
vn -0.6653 -0.2644 0.6981
vn -0.1796 0.1452 -0.9730
vn -0.1856 0.1489 -0.9713
vn -0.1812 0.1525 -0.9715
vn -0.2475 0.1292 -0.9602
vn -0.2504 0.1350 -0.9587
vn -0.2361 0.1310 -0.9628
vn -0.0438 0.3530 -0.9346
vn 0.2639 -0.2978 -0.9174
vn 0.2123 -0.7978 -0.5643
vn -0.4063 0.1821 0.8954
vn -0.4159 0.1980 0.8876
vn -0.4216 0.1825 0.8882
vn -0.2724 -0.7980 -0.5376
vn 0.2241 -0.9339 -0.2785
vn 0.1683 -0.9247 0.3415
vn -0.2357 -0.9498 0.2057
vn 0.3278 -0.9395 -0.0997
vn 0.2233 -0.7499 0.6227
vn -0.7437 -0.2382 0.6247
vn -0.7237 -0.2549 0.6413
vn -0.7302 -0.2333 0.6422
vn -0.9865 0.1416 0.0817
vn -0.9888 0.1293 0.0750
vn -0.9848 0.1259 0.1193
vn -0.8314 -0.4913 0.2596
vn -0.8114 -0.5137 0.2788
vn -0.8265 -0.4782 0.2969
vn -0.4420 -0.8905 -0.1081
vn -0.4648 -0.8843 -0.0438
vn -0.4860 -0.8706 -0.0762
vn 0.1567 -0.9768 0.1458
vn 0.0589 -0.9848 0.1631
vn 0.0380 -0.9962 0.0789
vn 0.7483 -0.3221 -0.5800
vn 0.8048 -0.3079 -0.5074
vn 0.7497 -0.3534 -0.5595
vn -0.9560 -0.2631 0.1301
vn -0.9650 -0.2318 0.1231
vn -0.9650 -0.2452 0.0925
vn -0.7125 -0.3353 0.6163
vn -0.6990 -0.3310 0.6339
vn -0.7107 -0.3167 0.6282
vn -0.9224 -0.2164 0.3199
vn -0.9389 -0.1626 0.3033
vn -0.9392 -0.2024 0.2775
vn -0.3419 0.4828 0.8062
vn -0.2990 0.4676 0.8319
vn -0.3236 0.5310 0.7832
vn 0.1245 0.2818 -0.9514
vn 0.1092 0.2817 -0.9533
vn 0.1140 0.2890 -0.9505
vn -0.8573 0.4817 0.1816
vn -0.3054 0.1732 0.9363
vn -0.2991 0.2080 0.9313
vn -0.8487 0.1301 0.5126
vn -0.8347 0.1287 0.5354
vn -0.8388 0.1528 0.5225
vn -0.2914 0.1831 0.9389
vn -0.3027 0.1733 0.9372
vn -0.2897 0.1665 0.9425
vn -0.4310 0.1393 0.8916
vn -0.4515 0.1513 0.8794
vn -0.4501 0.1339 0.8829
vn -0.0771 -0.9840 0.1604
vn -0.7713 -0.4194 -0.4788
vn -0.0888 -0.8346 -0.5437
vn -0.3330 -0.7779 0.5330
vn -0.3096 -0.7961 0.5200
vn -0.3091 -0.7705 0.5575
vn -0.4404 -0.8383 -0.3214
vn 0.0074 -0.5312 -0.8472
vn 0.0103 -0.5517 -0.8340
vn -0.9839 0.1022 0.1466
vn -0.9854 0.1050 0.1342
vn -0.9861 0.0893 0.1398
vn -0.8526 0.2377 0.4655
vn -0.8347 0.2407 0.4953
vn -0.8474 0.2591 0.4635
vn -0.9365 0.2332 0.2619
vn -0.9423 0.2209 0.2516
vn -0.9409 0.2097 0.2660
vn -0.3748 -0.7780 -0.5042
vn -0.3720 -0.8117 -0.4503
vn -0.3914 -0.7898 -0.4722
vn -0.4175 -0.7193 0.5552
vn -0.4223 -0.6983 0.5780
vn -0.4515 -0.7015 0.5514
vn -0.0900 -0.9143 -0.3949
vn -0.0863 -0.9016 -0.4238
vn -0.0653 -0.9103 -0.4088
vn -0.8423 0.1274 0.5237
vn -0.8327 0.1531 0.5322
vn -0.8439 0.1528 0.5143
vn -0.6982 0.2398 0.6746
vn -0.6835 0.2290 0.6931
vn -0.6833 0.2539 0.6846
vn -0.9678 0.1082 0.2271
vn -0.9680 0.1482 0.2028
vn -0.9758 0.0767 0.2050
vn -0.1294 0.1117 0.9853
vn -0.1239 0.0977 0.9875
vn -0.1116 0.1208 0.9864
vn -0.8295 -0.5490 -0.1025
vn -0.8555 -0.4899 -0.1676
vn -0.8368 -0.5224 -0.1638
vn -0.7217 -0.1907 -0.6654
vn -0.7368 -0.1426 -0.6609
vn -0.7155 -0.1235 -0.6876
vn -0.8647 0.3236 0.3842
vn -0.8525 0.2942 0.4320
vn -0.8436 0.3580 0.4002
vn -0.9716 -0.1431 0.1885
vn -0.9621 -0.1685 0.2145
vn -0.9702 -0.1108 0.2153
vn -0.8432 -0.2082 -0.4957
vn -0.8378 -0.2648 -0.4775
vn -0.8487 -0.2360 -0.4732
vn -0.9902 0.0013 0.1398
vn -0.9866 -0.0251 0.1614
vn -0.9849 -0.0043 0.1733
vn -0.1789 0.1634 0.9702
vn -0.1881 0.1400 0.9721
vn -0.1719 0.1491 0.9738
vn -0.4887 0.1602 0.8576
vn -0.5225 0.1836 0.8326
vn -0.5273 0.1535 0.8357
vn -0.0873 -0.9418 0.3246
vn -0.5875 0.0334 -0.8085
vn -0.1106 -0.8858 -0.4506
vn -0.2843 0.2087 0.9358
vn -0.3202 0.2101 0.9237
vn -0.2905 0.1906 0.9377
vn -0.7790 -0.0404 0.6257
vn -0.7674 -0.0560 0.6388
vn -0.7694 -0.0214 0.6385
vn -0.6132 -0.3386 0.7137
vn -0.5821 -0.3612 0.7285
vn -0.5820 -0.3184 0.7482
vn -0.0240 0.9841 0.1762
vn -0.6762 0.6395 0.3658
vn -0.0280 0.4414 0.8969
vn -0.4653 0.1317 0.8753
vn -0.4542 0.1103 0.8840
vn -0.4466 0.1372 0.8841
vn -0.3588 -0.8092 -0.4653
vn -0.3947 -0.7918 -0.4661
vn -0.3994 -0.7744 -0.4907
vn -0.4248 0.1931 0.8844
vn -0.4037 0.1790 0.8972
vn -0.4075 0.2015 0.8907
vn -0.7703 0.3864 0.5072
vn -0.7805 0.3697 0.5041
vn -0.7768 0.3670 0.5117
vn -0.9661 0.1585 0.2040
vn -0.9658 0.1417 0.2172
vn -0.9598 0.1519 0.2362
vn -0.3995 0.0775 0.9135
vn -0.3764 0.0521 0.9250
vn -0.3838 0.0968 0.9183
vn -0.8380 0.2398 0.4901
vn -0.8141 0.2315 0.5325
vn -0.8096 0.2820 0.5148
vn -0.9642 0.1293 0.2314
vn -0.9629 0.1131 0.2451
vn -0.9568 0.1376 0.2561
vn 0.0891 -0.9955 0.0320
vn 0.0602 -0.9975 0.0366
vn 0.0627 -0.9980 0.0061
vn -0.8742 0.4765 -0.0936
vn -0.8351 0.5332 -0.1352
vn -0.8606 0.4875 -0.1473
vn -0.6009 0.0301 -0.7987
vn -0.6445 -0.0352 -0.7638
vn -0.6505 0.0259 -0.7591
vn -0.5260 0.0933 0.8453
vn -0.5136 0.0565 0.8562
vn -0.4845 0.0854 0.8706
vn -0.5042 -0.8335 0.2262
vn -0.4805 -0.8527 0.2051
vn -0.4667 -0.8524 0.2357
vn -0.6466 -0.6898 0.3259
vn -0.6597 -0.6898 0.2984
vn -0.6340 -0.7077 0.3119
vn 0.1863 0.0277 -0.9821
vn 0.1823 0.0082 -0.9832
vn 0.1704 0.0181 -0.9852
vn -0.2855 0.2354 0.9290
vn -0.2888 0.2505 0.9240
vn -0.3092 0.2393 0.9204
vn -0.8751 0.4666 -0.1285
vn -0.8679 0.4121 -0.2774
vn -0.8987 0.3720 -0.2323
vn -0.5252 -0.8486 0.0640
vn -0.5003 -0.8658 0.0071
vn -0.4743 -0.8782 0.0610
vn -0.7443 -0.6393 0.1933
vn -0.7206 -0.6666 0.1908
vn -0.7172 -0.6535 0.2419
vn -0.9481 0.1318 0.2894
vn -0.9502 0.1094 0.2918
vn -0.9421 0.1043 0.3187
vn -0.9127 -0.3355 0.2331
vn -0.9040 -0.3240 0.2788
vn -0.9226 -0.2957 0.2478
vn -0.0722 -0.8753 -0.4782
vn -0.4346 0.3346 -0.8362
vn -0.0966 -0.2545 -0.9622
vn 0.2224 -0.2889 -0.9312
vn 0.4422 -0.7457 -0.4984
vn 0.3828 -0.9225 -0.0486
vn -0.6417 0.1680 0.7483
vn -0.6288 0.1835 0.7556
vn -0.6529 0.1945 0.7320
vn -0.7312 0.6006 0.3234
vn -0.7513 0.5954 0.2847
vn -0.8003 0.5374 0.2658
vn -0.5721 -0.7448 -0.3435
vn -0.6210 -0.7144 -0.3223
vn -0.6152 -0.6921 -0.3774
vn 0.1189 -0.9736 -0.1948
vn 0.0844 -0.8840 0.4599
vn -0.5619 -0.7483 -0.3526
vn -0.2536 0.2628 0.9309
vn -0.1416 0.9574 0.2517
vn -0.9311 0.1224 0.3437
vn 0.0595 -0.3770 -0.9243
vn 0.0471 -0.3885 -0.9202
vn -0.6279 -0.2501 -0.7370
vn -0.6049 -0.7344 0.3079
vn -0.0214 -0.9854 -0.1690
vn -0.0160 -0.9917 -0.1272
vn 0.0774 -0.9785 -0.1913
vn 0.0476 -0.8532 0.5195
vn -0.5952 -0.7068 -0.3824
vn 0.0243 -0.9968 -0.0767
vn 0.0182 -0.9990 -0.0404
vn -0.5553 -0.7525 0.3541
vn -0.4162 -0.6309 -0.6548
vn -0.1534 0.0938 -0.9837
vn -0.1362 0.0749 -0.9878
vn -0.0805 0.0395 0.9960
vn -0.0737 0.0601 0.9955
vn -0.4817 0.5483 0.6837
vn 0.1292 0.2729 -0.9533
vn 0.1032 -0.3754 -0.9211
vn -0.0890 0.8738 -0.4781
vn -0.1229 0.2162 -0.9686
vn -0.1307 0.2117 -0.9686
vn -0.6873 0.5253 -0.5017
vn 0.3100 0.3133 -0.8976
vn 0.2339 -0.3843 -0.8931
vn 0.0787 0.8613 -0.5020
vn 0.2443 -0.3246 -0.9137
vn 0.1929 -0.8246 -0.5318
vn -0.2781 0.0173 -0.9604
vn 0.1004 0.2620 0.9598
vn 0.0641 0.7559 0.6516
vn -0.4594 0.0048 0.8882
vn -0.1359 0.2635 -0.9550
vn -0.1386 0.2448 -0.9596
vn -0.8230 0.0259 -0.5674
vn -0.2108 0.1302 -0.9688
vn -0.2174 0.1242 -0.9681
vn -0.8074 0.4106 -0.4237
vn -0.2109 -0.0658 0.9753
vn -0.1855 0.5615 0.8064
vn -0.6782 -0.4457 0.5843
vn -0.5068 0.5060 0.6980
vn -0.1771 -0.2160 0.9602
vn -0.1756 -0.1931 0.9653
vn -0.2387 -0.2513 0.9380
vn -0.1726 0.5649 0.8069
vn -0.7727 0.0553 0.6324
vn -0.0611 0.0423 0.9972
vn -0.0603 0.6302 0.7741
vn -0.6308 -0.3126 0.7102
vn -0.0013 -0.0177 0.9998
vn -0.0026 0.0139 0.9999
vn -0.3696 0.4715 0.8007
vn 0.0509 -0.0357 0.9981
vn 0.0257 0.5180 0.8550
vn -0.3650 -0.4804 0.7975
vn -0.3707 -0.8495 0.3754
vn -0.0872 -0.9460 -0.3123
vn -0.0565 -0.9547 -0.2922
vn 0.2732 -0.8977 -0.3458
vn 0.2198 -0.9568 0.1900
vn 0.1626 -0.5807 -0.7977
vn 0.1100 0.2606 -0.9592
vn 0.0863 -0.3820 -0.9201
vn -0.2907 0.6915 -0.6613
vn 0.0413 0.3673 -0.9292
vn 0.0330 -0.3411 -0.9394
vn -0.5933 0.5164 -0.6175
vn -0.5292 0.2100 0.8221
vn -0.2556 0.9527 0.1643
vn -0.6283 -0.6516 0.4250
vn -0.6302 0.0194 0.7762
vn -0.2622 0.9241 0.2779
vn -0.8779 0.4603 -0.1319
vn 0.1484 -0.8537 -0.4991
vn 0.1039 -0.9757 0.1931
vn -0.5134 -0.7187 -0.4690
vn -0.0093 0.3295 0.9441
vn -0.0167 0.8185 0.5743
vn -0.5740 0.1864 0.7974
vn -0.0055 0.3125 0.9499
vn -0.0121 0.3222 0.9466
vn -0.6014 0.5404 0.5884
vn -0.0354 0.1123 0.9930
vn -0.0401 0.7201 0.6927
vn -0.4072 -0.4143 0.8140
vn 0.1699 -0.5936 -0.7866
vn 0.1663 -0.6114 -0.7736
vn -0.5173 -0.5549 -0.6515
vn 0.1424 -0.8542 -0.5000
vn 0.1505 -0.8636 -0.4812
vn -0.4061 -0.9027 -0.1425
vn -0.7380 0.3875 0.5524
vn -0.4155 0.8828 -0.2191
vn -0.6499 -0.6087 0.4550
vn 0.1664 0.2827 0.9447
vn 0.1701 0.3199 0.9321
vn -0.0786 0.6878 0.7217
vn 0.0192 0.5016 0.8649
vn 0.0037 0.9984 0.0564
vn -0.5401 0.3763 0.7528
vn 0.0682 -0.1271 -0.9895
vn 0.0701 -0.1499 -0.9862
vn -0.1067 -0.7181 -0.6877
vn 0.3531 0.4689 0.8096
vn 0.2854 0.8568 0.4294
vn -0.0579 0.5539 0.8305
vn -0.0703 0.7913 0.6074
vn 0.2403 0.4200 0.8752
vn 0.2499 0.4847 0.8382
vn 0.1391 -0.8444 -0.5173
vn 0.1389 -0.8602 -0.4907
vn -0.0397 -0.9918 0.1216
vn 0.0612 0.1515 0.9866
vn 0.0660 0.1620 0.9846
vn -0.2216 0.6608 0.7171
vn 0.0973 0.2419 0.9654
vn 0.1000 0.2585 0.9608
vn -0.1995 0.7024 0.6832
vn -0.9833 0.1174 0.1391
vn -0.9873 0.1216 0.1024
vn -0.9862 0.1051 0.1276
vn -0.9880 -0.0136 0.1541
vn -0.9927 -0.0353 0.1153
vn -0.9869 -0.0614 0.1489
vn -0.7433 0.2050 0.6368
vn -0.7674 0.2079 0.6065
vn -0.7667 0.1802 0.6162
vn 0.2214 -0.1332 -0.9660
vn 0.2112 -0.1202 -0.9700
vn 0.2529 -0.1132 -0.9609
vn -0.9271 -0.1655 0.3363
vn -0.9180 -0.2105 0.3360
vn -0.9013 -0.2106 0.3786
vn -0.3932 0.1681 0.9039
vn -0.4139 0.1753 0.8933
vn -0.4130 0.1476 0.8987
vn -0.9854 0.0857 0.1474
vn -0.9956 0.0261 0.0904
vn -0.9910 -0.0014 0.1338
vn -0.6893 -0.5502 -0.4713
vn -0.6372 -0.6254 -0.4505
vn -0.6962 -0.5865 -0.4140
vn -0.3746 0.5346 -0.7575
vn 0.2038 0.1710 -0.9640
vn 0.2324 -0.4586 -0.8577
vn -0.1990 0.1622 -0.9665
vn -0.2095 0.1673 -0.9634
vn -0.0814 0.7768 -0.6244
vn 0.9858 0.0971 0.1372
vn 0.9862 0.1293 0.1036
vn 0.9813 0.1311 0.1410
vn 0.9819 -0.0719 0.1753
vn 0.9835 -0.1001 0.1508
vn 0.9903 -0.0904 0.1059
vn 0.7543 0.1961 0.6266
vn 0.7603 0.2127 0.6138
vn 0.7337 0.2164 0.6441
vn -0.2462 -0.1167 -0.9622
vn -0.2051 -0.1230 -0.9710
vn -0.2099 -0.1446 -0.9670
vn 0.8530 0.0003 0.5220
vn 0.8165 -0.0727 0.5728
vn 0.8644 -0.0543 0.4998
vn 0.4102 0.1554 0.8986
vn 0.4254 0.1717 0.8886
vn 0.4013 0.1744 0.8992
vn 0.9878 0.1036 0.1164
vn 0.9894 0.0262 0.1430
vn 0.9964 0.0397 0.0754
vn 0.6903 -0.5482 -0.4721
vn 0.6928 -0.5922 -0.4114
vn 0.6546 -0.5940 -0.4676
vn -0.0051 1.0000 -0.0023
vn 0.1488 -0.3606 -0.9208
vn -0.0114 -0.8934 -0.4492
vn -0.0202 -0.8746 -0.4844
vn 0.7116 0.0488 -0.7009
vn 0.0188 0.2080 -0.9779
vn 0.0243 0.2150 -0.9763
vn 0.4676 0.6790 -0.5659
vn 0.0301 0.2141 -0.9763
vn 0.0283 0.2209 -0.9749
vn 0.2700 -0.2516 0.9294
vn -0.0851 0.2287 0.9698
vn -0.0826 0.2015 0.9760
vn 0.7763 -0.1708 0.6068
vn 0.8733 0.3617 -0.3262
vn 0.7609 -0.1641 0.6277
vn -0.1842 -0.2466 -0.9515
vn -0.2010 -0.2385 -0.9501
vn -0.1835 -0.2384 -0.9537
vn 0.6549 -0.1956 -0.7299
vn 0.6116 -0.2489 -0.7510
vn 0.6105 -0.1609 -0.7755
vn 0.1011 0.0882 0.9910
vn -0.0983 0.6380 0.7637
vn -0.1072 0.5944 0.7970
vn 0.9866 0.1357 0.0908
vn 0.9858 0.1482 0.0792
vn 0.9829 0.1368 0.1236
vn 0.8095 -0.4491 0.3782
vn 0.2913 0.2053 0.9343
vn 0.3097 0.1714 0.9353
vn 0.6358 -0.1602 -0.7551
vn -0.0011 -0.5525 -0.8335
vn -0.0018 -0.5320 -0.8467
vn 0.1134 0.1195 0.9863
vn 0.1308 0.1090 0.9854
vn 0.1321 0.1199 0.9840
vn -0.1058 -0.9752 -0.1946
vn -0.0706 -0.5878 -0.8059
vn 0.5474 -0.8036 -0.2337
vn 0.2510 0.2628 0.9316
vn 0.1585 -0.6137 0.7735
vn 0.8267 0.5332 0.1797
vn -0.0539 -0.3786 -0.9240
vn 0.1983 0.2895 -0.9364
vn -0.0384 -0.3884 -0.9207
vn 0.0040 -0.9854 -0.1700
vn 0.0230 -0.5614 -0.8272
vn 0.7163 -0.6971 -0.0317
vn -0.0095 -0.9969 -0.0779
vn 0.6436 -0.7124 -0.2798
vn -0.0071 -0.9991 -0.0423
vn 0.1247 0.1121 -0.9858
vn 0.0853 0.8239 -0.5603
vn 0.8230 0.0444 -0.5663
vn 0.0809 0.0419 0.9958
vn 0.6377 -0.3003 0.7093
vn 0.0736 0.0617 0.9954
vn 0.1227 0.2159 -0.9687
vn 0.2540 0.8346 -0.4888
vn 0.1315 0.2142 -0.9679
vn -0.3186 0.3089 -0.8962
vn -0.2399 0.8601 -0.4503
vn 0.2807 0.6482 -0.7078
vn 0.1327 0.2649 -0.9551
vn 0.7121 0.5402 -0.4484
vn 0.1354 0.2480 -0.9593
vn 0.8076 0.4115 -0.4225
vn 0.2190 0.1123 -0.9692
vn 0.1467 0.8175 -0.5569
vn 0.1599 -0.2418 0.9571
vn 0.1146 -0.8850 0.4512
vn 0.7602 0.0262 0.6491
vn 0.4214 0.4331 0.7968
vn 0.0631 -0.0621 0.9961
vn 0.0689 -0.6428 0.7630
vn 0.0616 -0.9756 -0.2107
vn 0.0550 -0.5695 -0.8201
vn 0.6383 -0.7193 0.2741
vn -0.2690 -0.8995 -0.3443
vn -0.2207 -0.5650 -0.7950
vn 0.2179 -0.7541 -0.6196
vn 0.5111 0.2147 0.8322
vn 0.2907 -0.6907 0.6621
vn 0.8296 0.5497 -0.0975
vn 0.6349 0.4703 0.6130
vn 0.0514 0.2159 0.9751
vn 0.0487 -0.4599 0.8866
vn 0.0271 0.1159 0.9929
vn 0.0326 -0.5353 0.8440
vn 0.6455 -0.0738 0.7602
vn -0.1605 -0.5952 -0.7874
vn 0.4182 -0.2248 -0.8801
vn -0.1538 -0.6152 -0.7732
vn -0.1304 -0.8563 -0.4997
vn 0.5045 -0.7226 -0.4726
vn -0.1393 -0.8654 -0.4814
vn 0.9479 0.3182 0.0141
vn 0.3238 0.5332 0.7816
vn 0.1904 -0.4363 0.8794
vn 0.1227 0.6625 0.7390
vn -0.1174 0.2561 0.9595
vn -0.0808 -0.3101 0.9473
vn -0.0660 -0.1281 -0.9896
vn 0.2932 0.4255 -0.8561
vn -0.0673 -0.1508 -0.9863
vn -0.2420 0.4840 0.8410
vn -0.1695 -0.0522 0.9841
vn 0.3747 0.4111 0.8310
vn -0.1296 -0.8460 -0.5172
vn 0.0146 -0.3735 -0.9275
vn -0.1260 -0.8620 -0.4910
vn -0.0679 0.1539 0.9857
vn 0.5316 0.2664 0.8040
vn -0.0745 0.1599 0.9843
vn -0.1140 0.2456 0.9626
vn 0.4405 0.0016 0.8978
vn -0.1181 0.2618 0.9579
vn -0.1100 -0.3571 -0.9276
vn 0.0815 -0.8833 -0.4618
vn 0.0543 -0.9764 0.2091
vn -0.7104 0.0395 -0.7027
vn -0.0192 0.2097 -0.9776
vn -0.0134 -0.5366 -0.8437
vn -0.4689 0.6783 -0.5657
vn -0.0204 0.2223 -0.9748
vn -0.0124 -0.4893 -0.8720
vn -0.3429 -0.2018 0.9175
vn -0.0010 0.2856 0.9584
vn -0.0183 0.7687 0.6394
vn -0.6996 0.7145 -0.0062
vn -0.7700 -0.1736 0.6139
vn -0.7572 -0.1674 0.6314
vn 0.2039 -0.2384 -0.9495
vn 0.1903 -0.2474 -0.9500
vn 0.1868 -0.2381 -0.9531
vn -0.6083 -0.2556 -0.7514
vn -0.6475 -0.2039 -0.7343
vn -0.6009 -0.1768 -0.7796
vn -0.1781 0.1045 0.9785
vn -0.0014 0.6612 0.7502
vn -0.0059 0.9652 0.2614
vn -0.9878 0.1367 0.0750
vn -0.9911 0.0968 0.0915
vn -0.9839 0.1326 0.1198
vn -0.8022 -0.4596 0.3810
vn -0.2871 0.1977 0.9373
vn -0.1620 0.9358 0.3131
vn -0.6352 -0.1729 -0.7527
vn 0.0117 -0.5527 -0.8333
vn 0.0043 -0.9701 -0.2425
vn -0.1274 0.1081 0.9859
vn -0.1092 0.1110 0.9878
vn -0.1292 0.1165 0.9848
vn 0.1000 -0.9852 -0.1390
vn -0.5084 -0.8313 0.2247
vn 0.0962 -0.9825 -0.1595
vn -0.2512 0.3601 0.8985
vn -0.4258 0.8843 0.1918
vn -0.2591 0.3500 0.9002
vn 0.0604 -0.3772 -0.9241
vn 0.0393 -0.8974 -0.4394
vn -0.6218 -0.1401 -0.7705
vn -0.6577 -0.6195 -0.4286
vn 0.0088 -0.9856 -0.1689
vn -0.0143 -0.8253 0.5645
vn 0.0201 -0.9960 -0.0869
vn -0.0050 -0.7777 0.6286
vn -0.6984 -0.7149 0.0350
vn -0.7994 0.2976 -0.5219
vn -0.1248 0.1108 -0.9860
vn -0.0880 -0.6568 -0.7489
vn -0.0665 0.0506 0.9965
vn -0.0569 0.7065 0.7055
vn -0.6926 0.2385 0.6807
vn -0.1254 0.2118 -0.9692
vn -0.0841 -0.5619 -0.8229
vn -0.5954 0.6778 -0.4314
vn 0.1104 0.2799 -0.9537
vn -0.4161 -0.1827 -0.8908
vn 0.1111 0.2893 -0.9508
vn -0.1291 0.2482 -0.9601
vn -0.0901 -0.5568 -0.8258
vn -0.8257 0.1246 -0.5502
vn -0.2189 0.1094 -0.9696
vn -0.1402 -0.6903 -0.7099
vn -0.7742 0.4383 -0.4565
vn -0.7856 -0.4173 0.4568
vn -0.1544 -0.2444 0.9573
vn -0.1226 0.4709 0.8736
vn -0.0627 -0.0628 0.9961
vn -0.0691 0.5507 0.8318
vn -0.6614 -0.0398 0.7490
vn -0.7312 -0.6779 -0.0767
vn -0.0493 -0.9764 -0.2104
vn -0.0439 -0.8273 0.5601
vn 0.4068 -0.8478 -0.3403
vn 0.0902 -0.9945 0.0540
vn 0.4072 -0.8348 -0.3704
vn -0.5742 0.2321 0.7851
vn -0.5886 0.8074 0.0398
vn -0.5743 0.2194 0.7887
vn -0.0621 0.2117 0.9754
vn -0.0545 0.8184 0.5720
vn -0.6735 0.0051 0.7392
vn -0.0882 0.1525 0.9844
vn -0.5735 0.4731 0.6687
vn -0.0898 0.1282 0.9877
vn 0.1743 -0.6151 -0.7689
vn 0.1208 -0.9758 -0.1824
vn -0.4778 -0.5356 -0.6963
vn 0.1607 -0.8634 -0.4782
vn 0.1198 -0.9792 0.1635
vn -0.4652 -0.8749 -0.1346
vn -0.3430 0.3192 0.8834
vn -0.9715 -0.0579 0.2299
vn -0.3049 0.3034 0.9027
vn 0.1043 0.2559 0.9610
vn 0.0754 0.7055 0.7047
vn -0.4645 0.3271 0.8230
vn 0.1671 -0.1512 -0.9743
vn 0.1292 -0.7516 -0.6468
vn -0.4094 -0.3811 -0.8290
vn -0.0314 0.0024 0.9995
vn 0.2301 0.4887 0.8415
vn 0.1576 0.8754 0.4569
vn 0.1171 -0.8458 -0.5204
vn 0.0809 -0.9873 0.1371
vn -0.4175 -0.4789 -0.7722
vn 0.1116 0.1770 0.9779
vn 0.0810 0.7365 0.6716
vn -0.5487 0.1361 0.8249
vn 0.0840 0.2360 0.9681
vn 0.0634 0.7589 0.6482
vn -0.5256 0.3233 0.7870
vn -0.9833 0.1204 0.1368
vn -0.9862 0.1116 0.1221
vn -0.9854 0.1046 0.1341
vn -0.7467 0.2216 0.6272
vn -0.7755 0.1932 0.6011
vn -0.7587 0.1734 0.6280
vn 0.2112 -0.1248 -0.9694
vn 0.2448 -0.0988 -0.9645
vn 0.2339 -0.1360 -0.9627
vn -0.3956 0.1738 0.9018
vn -0.4224 0.1615 0.8919
vn -0.4023 0.1535 0.9026
vn -0.9878 0.0916 0.1259
vn -0.9960 0.0167 0.0881
vn -0.9860 0.0127 0.1662
vn 0.0646 0.7785 -0.6243
vn 0.7514 0.1406 -0.6447
vn 0.1544 -0.5222 -0.8387
vn -0.2081 0.1639 -0.9643
vn -0.1587 0.7779 -0.6080
vn 0.4338 0.1365 -0.8906
vn 0.9877 0.1153 0.1059
vn 0.9813 0.1342 0.1380
vn 0.9826 0.1214 0.1404
vn 0.7616 0.2033 0.6153
vn 0.7382 0.2317 0.6335
vn 0.7505 0.1908 0.6327
vn -0.2355 -0.1004 -0.9667
vn -0.1968 -0.1297 -0.9718
vn -0.2372 -0.1497 -0.9599
vn 0.4250 0.1639 0.8902
vn 0.4061 0.1807 0.8958
vn 0.3996 0.1569 0.9032
vn 0.9861 0.0971 0.1348
vn 0.9939 0.0166 0.1088
vn 0.9957 0.0571 0.0729
vn -0.0051 1.0000 -0.0022
vn -0.0052 1.0000 -0.0024
vn -0.0046 1.0000 -0.0024
vn -0.0052 1.0000 -0.0026
vn -0.0051 1.0000 -0.0025
vn -0.0055 1.0000 -0.0022
usemtl sungaya_inexpectata_31mg
s off
f 194/1/1 164/2/2 207/3/3
f 77/4/4 158/5/5 11/6/6
f 70/7/7 86/8/8 132/9/9
f 208/10/10 204/11/11 73/12/12
f 138/13/13 164/14/14 57/15/15
f 55/16/16 56/17/17 124/18/18
f 124/18/19 147/19/20 55/16/21
f 62/20/22 57/21/23 58/22/24
f 64/23/25 140/24/26 138/13/27
f 21/25/28 4/26/29 54/27/30
f 390/28/31 195/29/32 7/30/33
f 53/31/34 74/32/35 39/33/36
f 158/34/37 77/4/38 2/35/39
f 98/36/40 149/37/41 121/38/42
f 40/39/43 165/40/44 99/41/45
f 101/42/46 132/43/47 97/44/48
f 83/45/49 78/46/50 141/47/51
f 24/48/52 10/49/53 11/50/54
f 391/51/55 104/52/56 213/53/57
f 3/54/58 33/55/59 12/56/60
f 150/57/61 165/58/62 112/59/63
f 411/60/64 66/61/65 415/62/66
f 42/63/67 114/64/68 88/65/69
f 82/66/70 69/67/71 52/68/72
f 119/69/73 76/70/74 123/71/75
f 6/72/76 5/73/77 52/74/78
f 427/75/79 416/76/80 36/77/81
f 72/78/82 49/79/83 145/80/84
f 81/81/85 72/78/86 145/80/87
f 49/79/88 118/82/89 130/83/90
f 118/84/91 134/85/92 89/86/93
f 23/87/94 20/88/95 156/89/96
f 92/90/97 44/91/98 25/92/99
f 119/93/100 95/94/101 109/95/102
f 145/96/103 51/97/104 161/98/105
f 47/99/106 39/100/107 1/101/108
f 98/36/109 60/102/110 143/103/111
f 79/104/112 133/105/113 28/106/114
f 108/107/115 79/104/116 28/106/117
f 31/108/118 114/109/119 42/110/120
f 6/111/121 146/112/122 5/113/123
f 10/114/124 24/115/125 96/116/126
f 147/19/127 131/117/128 72/78/129
f 38/118/130 9/119/131 80/120/132
f 94/121/133 144/122/134 7/123/135
f 20/124/136 23/125/137 114/126/138
f 105/127/139 45/128/140 61/129/141
f 136/130/142 111/131/143 101/132/144
f 11/6/145 35/133/146 24/134/147
f 106/135/148 24/134/149 35/133/150
f 135/136/151 48/137/152 7/30/153
f 35/133/154 59/138/155 121/38/156
f 69/139/157 82/140/158 76/70/159
f 43/141/160 75/142/161 104/143/162
f 10/144/163 77/4/164 11/6/165
f 139/145/166 80/146/167 9/147/168
f 6/148/169 52/149/170 69/150/171
f 117/151/172 142/152/173 68/153/174
f 20/154/175 31/108/176 129/155/177
f 421/156/178 126/157/179 423/158/180
f 33/159/181 91/160/182 25/161/183
f 427/162/184 36/163/185 428/164/186
f 131/117/187 49/79/188 72/78/189
f 100/165/190 22/166/191 13/167/192
f 32/168/193 115/169/194 4/170/195
f 394/171/196 188/172/197 120/173/198
f 25/174/199 86/175/200 92/176/201
f 217/177/202 93/178/203 407/179/204
f 120/180/205 106/135/206 121/38/207
f 2/181/208 77/182/209 21/183/210
f 84/184/211 146/185/212 29/186/213
f 10/187/214 85/188/215 61/189/216
f 95/190/217 50/191/218 83/45/219
f 100/192/220 44/193/221 92/194/222
f 406/195/223 213/53/224 104/52/225
f 104/52/226 110/196/227 43/197/228
f 39/33/229 5/198/230 1/199/231
f 78/46/232 122/200/233 125/201/234
f 138/13/235 65/202/236 64/23/237
f 57/21/238 164/203/239 58/22/240
f 55/204/241 17/205/242 128/206/243
f 35/133/244 121/38/245 106/135/246
f 27/207/247 61/208/248 68/209/249
f 129/155/250 53/31/251 143/103/252
f 118/210/253 46/211/254 134/212/255
f 46/211/256 50/213/257 134/212/258
f 9/214/259 119/215/260 109/216/261
f 186/217/262 201/218/263 120/173/264
f 67/219/265 151/220/266 144/221/267
f 135/222/268 157/223/269 160/224/270
f 131/117/271 124/18/272 46/225/273
f 124/18/274 131/117/275 147/19/276
f 22/226/277 163/227/278 161/228/279
f 214/229/280 93/178/281 398/230/282
f 89/231/283 130/232/284 118/233/285
f 126/234/286 148/235/287 146/112/288
f 42/110/289 123/236/290 31/108/291
f 61/129/292 85/237/293 68/153/294
f 68/238/295 85/239/296 117/240/297
f 112/59/298 136/130/299 150/57/300
f 77/4/301 10/144/302 32/241/303
f 414/242/304 65/243/305 409/244/306
f 426/245/307 420/246/308 64/23/309
f 146/112/310 6/111/311 29/247/312
f 69/248/313 76/249/314 6/250/315
f 5/198/316 148/251/317 62/20/318
f 62/20/319 8/252/320 5/198/321
f 67/253/322 94/254/323 152/255/324
f 38/256/325 76/257/326 9/258/327
f 35/259/328 158/260/329 59/261/330
f 97/262/331 103/263/332 75/264/333
f 47/265/334 58/22/335 137/266/336
f 390/267/337 48/268/338 180/269/339
f 105/270/340 27/271/341 12/272/342
f 195/29/343 179/273/344 94/274/345
f 150/57/346 136/130/347 43/197/348
f 136/130/349 75/275/350 43/197/351
f 108/107/352 142/152/353 153/276/354
f 71/277/355 108/107/356 153/276/357
f 97/278/358 136/130/359 101/132/360
f 151/279/361 157/223/362 144/122/363
f 155/280/364 67/219/365 152/281/366
f 43/282/367 110/283/368 18/284/369
f 101/285/370 30/286/371 70/287/372
f 166/288/373 111/289/374 112/290/375
f 167/291/376 112/59/377 165/58/378
f 11/6/379 158/5/380 35/133/381
f 66/61/382 65/292/383 57/21/384
f 57/293/385 65/294/386 138/295/387
f 88/296/388 89/297/389 134/298/390
f 42/299/391 88/296/392 134/298/393
f 3/300/394 37/301/395 33/302/396
f 84/303/397 80/146/398 34/304/399
f 125/201/400 141/47/401 78/46/402
f 156/305/403 21/306/404 23/307/405
f 21/306/406 116/308/407 23/307/408
f 30/309/409 101/310/410 87/311/411
f 41/312/412 30/309/413 87/313/414
f 410/314/415 155/315/416 422/316/417
f 88/317/418 23/318/419 116/319/420
f 161/320/421 51/321/422 162/322/423
f 58/323/424 8/324/425 62/325/426
f 154/326/427 47/265/428 137/266/429
f 85/327/430 10/328/431 96/329/432
f 63/330/433 2/331/434 156/332/435
f 26/333/436 139/334/437 9/335/438
f 146/112/439 84/336/440 126/234/441
f 59/138/442 60/102/443 98/36/444
f 112/290/445 167/337/446 166/338/447
f 87/339/448 166/340/449 167/341/450
f 147/19/451 72/78/452 18/284/453
f 80/342/454 159/343/455 107/344/456
f 128/206/457 125/345/458 56/346/459
f 116/347/460 54/348/461 89/231/462
f 54/348/463 130/349/464 89/231/465
f 66/61/466 148/251/467 126/350/468
f 189/351/469 388/352/470 164/353/471
f 140/24/472 164/14/473 138/13/474
f 29/354/475 76/355/476 38/356/477
f 29/354/478 6/357/479 76/355/480
f 398/358/481 93/359/482 217/360/483
f 129/361/484 82/362/485 52/363/486
f 129/155/487 52/364/488 74/32/489
f 154/326/490 149/37/491 98/36/492
f 50/191/493 46/225/494 83/45/495
f 83/45/496 46/225/497 122/200/498
f 413/365/499 152/366/500 419/367/501
f 54/368/502 4/369/503 115/370/504
f 168/371/505 132/9/506 86/8/507
f 128/372/508 127/373/509 102/374/510
f 128/372/511 17/375/512 127/373/513
f 119/376/514 9/377/515 76/378/516
f 71/277/517 79/104/518 108/107/519
f 22/379/520 162/380/521 115/169/522
f 17/375/523 110/196/524 104/52/525
f 97/381/526 132/382/527 103/383/528
f 10/384/529 61/129/530 45/128/531
f 49/385/532 130/386/533 51/387/534
f 51/388/535 130/389/536 54/390/537
f 31/108/538 123/391/539 82/140/540
f 31/392/541 82/393/542 129/394/543
f 159/395/544 15/396/545 155/397/546
f 14/398/547 15/399/548 159/400/549
f 94/254/550 67/253/551 144/401/552
f 26/402/553 15/403/554 139/404/555
f 18/284/556 81/81/557 150/405/558
f 165/58/559 150/57/560 81/406/561
f 92/407/562 86/8/563 70/7/564
f 139/404/565 15/408/566 14/409/567
f 157/410/568 151/220/569 15/411/570
f 53/412/571 129/413/572 74/414/573
f 162/415/574 22/416/575 161/417/576
f 49/418/577 51/97/578 145/419/579
f 80/420/580 107/421/581 34/422/582
f 45/423/583 115/424/584 32/425/585
f 116/319/586 89/426/587 88/427/588
f 83/45/589 122/200/590 78/46/591
f 82/428/592 123/429/593 76/430/594
f 124/18/595 56/17/596 122/200/597
f 182/431/598 19/432/599 173/433/600
f 30/309/601 163/434/602 70/435/603
f 163/436/604 100/437/605 70/7/606
f 153/438/607 184/439/608 206/440/609
f 111/441/610 136/442/611 112/443/612
f 12/444/613 33/445/614 16/446/615
f 416/447/616 419/367/617 152/366/618
f 168/371/619 103/448/620 132/9/621
f 147/19/622 110/283/623 55/16/624
f 110/283/625 147/19/626 18/284/627
f 46/225/628 118/82/629 131/117/630
f 70/449/631 132/450/632 101/451/633
f 25/452/634 91/453/635 168/454/636
f 44/455/637 33/456/638 25/457/639
f 30/458/640 41/459/641 40/460/642
f 107/461/643 159/462/644 155/463/645
f 155/315/646 410/314/647 425/464/648
f 109/95/649 26/333/650 9/335/651
f 99/465/652 145/96/653 161/98/654
f 161/320/655 40/466/656 99/467/657
f 12/272/658 16/468/659 105/469/660
f 118/82/661 49/79/662 131/117/663
f 72/78/664 81/81/665 18/284/666
f 40/470/667 41/471/668 167/472/669
f 44/473/670 100/474/671 13/475/672
f 128/372/673 102/374/674 125/476/675
f 81/81/676 145/80/677 99/477/678
f 81/478/679 99/479/680 165/480/681
f 160/224/682 15/481/683 26/482/684
f 157/223/685 15/481/686 160/224/687
f 83/483/688 135/484/689 160/485/690
f 135/222/691 83/45/692 141/47/693
f 128/206/694 56/486/695 55/204/696
f 396/487/697 403/488/698 117/489/699
f 403/488/700 171/490/701 142/491/702
f 172/492/703 212/493/704 113/494/705
f 181/495/706 196/496/707 102/497/708
f 133/498/709 79/499/710 90/500/711
f 90/501/712 79/502/713 71/503/714
f 56/17/715 125/201/716 122/200/717
f 13/504/718 16/505/719 44/506/720
f 83/45/721 160/224/722 95/190/723
f 66/61/724 62/20/725 148/251/726
f 57/21/727 62/20/728 66/61/729
f 15/411/730 151/220/731 155/280/732
f 155/280/733 151/220/734 67/219/735
f 162/415/736 51/507/737 54/508/738
f 133/105/739 12/509/740 27/510/741
f 5/113/742 39/511/743 52/68/744
f 32/168/745 10/144/746 45/128/747
f 55/512/748 110/513/749 17/514/750
f 97/515/751 75/516/752 136/517/753
f 54/27/754 116/518/755 21/25/756
f 80/519/757 84/520/758 38/521/759
f 149/522/760 154/523/761 93/524/762
f 3/525/763 90/526/764 19/527/765
f 59/528/766 158/529/767 60/530/768
f 158/34/769 2/35/770 60/102/771
f 63/531/772 60/532/773 2/533/774
f 122/200/775 46/225/776 124/18/777
f 161/534/778 30/535/779 40/536/780
f 144/122/781 135/222/782 7/123/783
f 144/122/784 157/223/785 135/222/786
f 399/537/787 401/538/788 127/373/789
f 1/199/790 58/22/791 47/265/792
f 393/539/793 187/540/794 37/541/795
f 187/542/796 183/543/797 37/544/798
f 77/182/799 4/545/800 21/183/801
f 424/546/802 418/547/803 84/548/804
f 115/370/805 162/549/806 54/368/807
f 16/550/808 33/551/809 44/552/810
f 87/553/811 101/554/812 166/555/813
f 101/132/814 111/131/815 166/340/816
f 27/510/817 28/106/818 133/105/819
f 77/4/820 32/241/821 4/170/822
f 453/556/823 417/557/824 34/558/825
f 113/559/826 117/560/827 85/237/828
f 152/255/829 94/254/830 36/561/831
f 209/562/832 174/563/833 121/38/834
f 63/564/835 156/89/836 20/88/837
f 98/36/838 47/265/839 154/326/840
f 53/31/841 47/265/842 98/36/843
f 208/565/844 71/566/845 202/567/846
f 92/407/847 70/7/848 100/437/849
f 391/51/850 216/568/851 17/375/852
f 38/521/853 84/520/854 29/569/855
f 119/570/856 42/110/857 95/94/858
f 42/110/859 119/570/860 123/571/861
f 71/503/862 73/572/863 90/501/864
f 22/573/865 100/574/866 163/575/867
f 37/576/868 3/577/869 19/578/870
f 129/155/871 63/579/872 20/154/873
f 143/103/874 63/579/875 129/155/876
f 146/580/877 148/581/878 5/582/879
f 65/202/880 414/583/881 426/245/882
f 12/509/883 133/105/884 90/584/885
f 26/482/886 95/190/887 160/224/888
f 109/585/889 95/586/890 26/587/891
f 42/110/892 134/588/893 95/94/894
f 134/589/895 50/191/896 95/190/897
f 23/590/898 88/591/899 114/592/900
f 154/593/901 137/594/902 164/595/903
f 5/198/904 8/252/905 1/199/906
f 202/567/907 71/566/908 206/596/909
f 59/138/910 98/36/911 121/38/912
f 2/181/913 21/183/914 156/597/915
f 163/598/916 30/599/917 161/600/918
f 402/601/919 93/178/920 214/229/921
f 98/602/922 143/603/923 53/604/924
f 90/605/925 73/606/926 19/607/927
f 58/323/928 1/608/929 8/609/930
f 108/610/931 68/611/932 142/612/933
f 108/107/934 28/106/935 68/153/936
f 47/265/937 53/31/938 39/33/939
f 39/33/940 74/32/941 52/364/942
f 20/613/943 114/614/944 31/108/945
f 86/8/946 25/615/947 168/371/948
f 159/343/949 80/342/950 139/616/951
f 139/617/952 14/618/953 159/619/954
f 113/620/955 85/621/956 96/622/957
f 13/504/958 22/379/959 45/128/960
f 22/379/961 115/169/962 45/128/963
f 150/623/964 43/624/965 18/625/966
f 58/626/967 164/627/968 137/628/969
f 87/629/970 167/630/971 41/631/972
f 16/505/973 13/504/974 105/127/975
f 105/127/976 13/504/977 45/128/978
f 28/632/979 27/633/980 68/238/981
f 61/129/982 27/510/983 105/127/984
f 181/634/985 102/635/986 387/636/987
f 386/637/988 173/638/989 19/639/990
f 143/103/991 60/102/992 63/579/993
f 167/640/994 165/641/995 40/642/996
f 12/643/997 90/644/998 3/645/999
f 103/646/1000 168/454/1001 211/647/1002
f 149/37/1003 93/178/1004 402/601/1005
f 17/375/1006 216/568/1007 399/537/1008
f 91/453/1009 33/648/1010 203/649/1011
f 168/454/1012 198/650/1013 211/647/1014
f 91/453/1015 200/651/1016 198/650/1017
f 125/652/1018 102/653/1019 196/654/1020
f 106/655/1021 193/656/1022 400/657/1023
f 48/658/1024 397/659/1025 199/660/1026
f 135/661/1027 192/662/1028 397/659/1029
f 36/163/1030 94/274/1031 215/663/1032
f 127/373/1033 401/538/1034 190/664/1035
f 140/24/1036 210/665/1037 189/666/1038
f 125/667/1039 405/668/1040 395/669/1041
f 192/670/1042 135/671/1043 141/672/1044
f 120/173/1045 188/172/1046 186/217/1047
f 106/135/1048 120/180/1049 392/673/1050
f 120/173/1051 201/218/1052 392/674/1053
f 24/675/1054 400/657/1055 185/676/1056
f 205/677/1057 96/678/1058 24/675/1059
f 96/678/1060 205/677/1061 389/679/1062
f 33/648/1063 37/680/1064 183/681/1065
f 37/682/1066 19/683/1067 182/684/1068
f 48/137/1069 199/685/1070 180/686/1071
f 94/254/1072 179/687/1073 215/688/1074
f 153/689/1075 142/690/1076 197/691/1077
f 153/692/1078 178/693/1079 184/694/1080
f 103/646/1081 404/695/1082 177/696/1083
f 164/697/1084 388/698/1085 207/699/1086
f 407/700/1087 93/701/1088 154/702/1089
f 154/703/1090 164/595/1091 194/704/1092
f 75/705/1093 175/706/1094 406/195/1095
f 103/646/1096 177/696/1097 175/706/1098
f 394/707/1099 120/180/1100 121/38/1101
f 172/708/1102 113/709/1103 96/710/1104
f 142/711/1105 171/712/1106 197/713/1107
f 127/373/1108 190/664/1109 387/714/1110
f 113/709/1111 212/715/1112 170/716/1113
f 117/717/1114 113/709/1115 170/716/1116
f 73/718/1117 204/719/1118 386/637/1119
f 420/246/1120 449/720/1121 169/721/1122
f 64/23/1123 169/721/1124 210/665/1125
f 194/1/1126 207/3/1127 381/722/1128
f 294/723/1129 228/724/1130 375/725/1131
f 287/726/1132 349/727/1133 303/728/1134
f 208/10/1135 288/729/1136 290/730/1137
f 355/731/1138 274/732/1139 381/733/1140
f 272/734/1141 341/735/1142 273/736/1143
f 341/735/1144 272/734/1145 364/737/1146
f 279/738/1147 275/739/1148 274/740/1149
f 281/741/1150 355/731/1151 357/742/1152
f 238/743/1153 271/744/1154 221/745/1155
f 390/28/1156 265/746/1157 224/747/1158
f 270/748/1159 256/749/1160 291/750/1161
f 375/751/1162 219/752/1163 294/723/1164
f 315/753/1165 338/754/1166 366/755/1167
f 257/756/1168 316/757/1169 382/758/1170
f 318/759/1171 314/760/1172 349/761/1173
f 300/762/1174 358/763/1175 295/764/1176
f 241/765/1177 228/766/1178 227/767/1179
f 391/51/1180 213/53/1181 321/768/1182
f 220/769/1183 229/770/1184 250/771/1185
f 367/772/1186 329/773/1187 382/774/1188
f 433/775/1189 438/776/1190 283/777/1191
f 259/778/1192 305/779/1193 331/780/1194
f 299/781/1195 269/782/1196 286/783/1197
f 336/784/1198 340/785/1199 293/786/1200
f 223/787/1201 269/788/1202 222/789/1203
f 450/790/1204 253/791/1205 439/792/1206
f 289/793/1207 362/794/1208 266/795/1209
f 298/796/1210 362/794/1211 289/793/1212
f 266/795/1213 347/797/1214 335/798/1215
f 335/799/1216 306/800/1217 351/801/1218
f 240/802/1219 373/803/1220 237/804/1221
f 309/805/1222 242/806/1223 261/807/1224
f 336/808/1225 326/809/1226 312/810/1227
f 362/811/1228 378/812/1229 268/813/1230
f 264/814/1231 218/815/1232 256/816/1233
f 315/753/1234 360/817/1235 277/818/1236
f 296/819/1237 245/820/1238 350/821/1239
f 325/822/1240 245/820/1241 296/819/1242
f 248/823/1243 259/824/1244 331/825/1245
f 223/826/1246 222/827/1247 363/828/1248
f 227/829/1249 313/830/1250 241/831/1251
f 364/737/1252 289/793/1253 348/832/1254
f 255/833/1255 297/834/1256 226/835/1257
f 311/836/1258 224/837/1259 361/838/1260
f 237/839/1261 331/840/1262 240/841/1263
f 322/842/1264 278/843/1265 262/844/1266
f 353/845/1267 318/846/1268 328/847/1269
f 228/724/1270 241/848/1271 252/849/1272
f 323/850/1273 252/849/1274 241/848/1275
f 352/851/1276 224/747/1277 265/746/1278
f 252/849/1279 338/754/1280 276/852/1281
f 286/853/1282 293/786/1283 299/854/1284
f 260/855/1285 321/856/1286 292/857/1287
f 227/858/1288 228/724/1289 294/723/1290
f 356/859/1291 226/860/1292 297/861/1293
f 223/862/1294 286/863/1295 269/864/1296
f 334/865/1297 285/866/1298 359/867/1299
f 237/868/1300 346/869/1301 248/823/1302
f 443/870/1303 445/871/1304 343/872/1305
f 250/873/1306 242/874/1307 308/875/1308
f 450/876/1309 451/877/1310 253/878/1311
f 348/832/1312 289/793/1313 266/795/1314
f 317/879/1315 230/880/1316 239/881/1317
f 249/882/1318 221/883/1319 332/884/1320
f 394/171/1321 337/885/1322 188/172/1323
f 242/886/1324 309/887/1325 303/888/1326
f 217/177/1327 407/179/1328 310/889/1329
f 337/890/1330 338/754/1331 323/850/1332
f 219/891/1333 238/892/1334 294/893/1335
f 301/894/1336 246/895/1337 363/896/1338
f 227/897/1339 278/898/1340 302/899/1341
f 312/900/1342 300/762/1343 267/901/1344
f 317/902/1345 309/903/1346 261/904/1347
f 406/195/1348 321/768/1349 213/53/1350
f 321/768/1351 260/905/1352 327/906/1353
f 256/749/1354 218/907/1355 222/908/1356
f 295/764/1357 342/909/1358 339/910/1359
f 355/731/1360 281/741/1361 282/911/1362
f 274/740/1363 275/739/1364 381/912/1365
f 272/913/1366 345/914/1367 234/915/1368
f 252/849/1369 323/850/1370 338/754/1371
f 244/916/1372 285/917/1373 278/918/1374
f 346/869/1375 360/817/1376 270/748/1377
f 335/919/1378 351/920/1379 263/921/1380
f 263/921/1381 351/920/1382 267/922/1383
f 226/923/1384 326/924/1385 336/925/1386
f 186/217/1387 337/885/1388 201/218/1389
f 284/926/1390 361/927/1391 368/928/1392
f 352/929/1393 377/930/1394 374/931/1395
f 348/832/1396 263/932/1397 341/735/1398
f 341/735/1399 364/737/1400 348/832/1401
f 239/933/1402 378/934/1403 380/935/1404
f 214/229/1405 398/230/1406 310/889/1407
f 306/936/1408 335/937/1409 347/938/1410
f 343/939/1411 363/828/1412 365/940/1413
f 259/824/1414 248/823/1415 340/941/1416
f 278/843/1417 285/866/1418 302/942/1419
f 285/943/1420 334/944/1421 302/945/1422
f 329/773/1423 367/772/1424 353/845/1425
f 294/723/1426 249/946/1427 227/858/1428
f 436/947/1429 431/948/1430 282/949/1431
f 448/950/1432 281/741/1433 442/951/1434
f 363/828/1435 246/952/1436 223/826/1437
f 286/953/1438 223/954/1439 293/955/1440
f 222/908/1441 279/738/1442 365/956/1443
f 279/738/1444 222/908/1445 225/957/1446
f 284/958/1447 369/959/1448 311/960/1449
f 255/961/1450 226/962/1451 293/963/1452
f 252/964/1453 276/965/1454 375/966/1455
f 314/967/1456 292/968/1457 320/969/1458
f 264/970/1459 354/971/1460 275/739/1461
f 390/267/1462 180/269/1463 265/972/1464
f 322/973/1465 229/974/1466 244/975/1467
f 195/29/1468 224/747/1469 311/976/1470
f 367/772/1471 260/905/1472 353/845/1473
f 353/845/1474 260/905/1475 292/977/1476
f 325/822/1477 370/978/1478 359/867/1479
f 288/979/1480 370/978/1481 325/822/1482
f 314/980/1483 318/846/1484 353/845/1485
f 368/981/1486 361/838/1487 374/931/1488
f 372/982/1489 369/983/1490 284/926/1491
f 260/984/1492 235/985/1493 327/986/1494
f 318/987/1495 287/988/1496 247/989/1497
f 383/990/1498 329/991/1499 328/992/1500
f 384/993/1501 382/774/1502 329/773/1503
f 228/724/1504 252/849/1505 375/725/1506
f 283/777/1507 274/740/1508 282/994/1509
f 274/995/1510 355/996/1511 282/997/1512
f 305/998/1513 351/999/1514 306/1000/1515
f 259/1001/1516 351/999/1517 305/998/1518
f 220/1002/1519 250/1003/1520 254/1004/1521
f 301/1005/1522 251/1006/1523 297/861/1524
f 342/909/1525 295/764/1526 358/763/1527
f 373/1007/1528 240/1008/1529 238/1009/1530
f 238/1009/1531 240/1008/1532 333/1010/1533
f 247/1011/1534 304/1012/1535 318/1013/1536
f 258/1014/1537 304/1015/1538 247/1011/1539
f 432/1016/1540 444/1017/1541 372/1018/1542
f 305/1019/1543 333/1020/1544 240/1021/1545
f 378/1022/1546 379/1023/1547 268/1024/1548
f 275/1025/1549 279/1026/1550 225/1027/1551
f 371/1028/1552 354/971/1553 264/970/1554
f 302/1029/1555 313/1030/1556 227/1031/1557
f 280/1032/1558 373/1033/1559 219/1034/1560
f 243/1035/1561 226/1036/1562 356/1037/1563
f 363/828/1564 343/939/1565 301/1038/1566
f 276/852/1567 315/753/1568 277/818/1569
f 329/991/1570 383/1039/1571 384/1040/1572
f 304/1041/1573 384/1042/1574 383/1043/1575
f 364/737/1576 235/985/1577 289/793/1578
f 297/1044/1579 324/1045/1580 376/1046/1581
f 345/914/1582 273/1047/1583 342/1048/1584
f 333/1049/1585 306/936/1586 271/1050/1587
f 271/1050/1588 306/936/1589 347/1051/1590
f 283/777/1591 343/1052/1592 365/956/1593
f 189/351/1594 357/1053/1595 381/1054/1596
f 357/742/1597 355/731/1598 381/733/1599
f 246/1055/1600 255/1056/1601 293/1057/1602
f 246/1055/1603 293/1057/1604 223/1058/1605
f 398/358/1606 217/360/1607 310/1059/1608
f 346/1060/1609 269/1061/1610 299/1062/1611
f 346/869/1612 291/750/1613 269/1063/1614
f 371/1028/1615 315/753/1616 366/755/1617
f 267/901/1618 300/762/1619 263/932/1620
f 300/762/1621 339/910/1622 263/932/1623
f 435/1064/1624 441/1065/1625 369/1066/1626
f 271/1067/1627 332/1068/1628 221/1069/1629
f 385/1070/1630 303/728/1631 349/727/1632
f 345/1071/1633 319/1072/1634 344/1073/1635
f 345/1071/1636 344/1073/1637 234/1074/1638
f 336/1075/1639 293/1076/1640 226/1077/1641
f 288/979/1642 325/822/1643 296/819/1644
f 239/1078/1645 332/884/1646 379/1079/1647
f 234/1074/1648 321/768/1649 327/906/1650
f 314/1080/1651 320/1081/1652 349/1082/1653
f 227/1083/1654 262/844/1655 278/843/1656
f 266/1084/1657 268/1085/1658 347/1086/1659
f 268/1087/1660 271/1088/1661 347/1089/1662
f 248/823/1663 299/854/1664 340/1090/1665
f 248/1091/1666 346/1092/1667 299/1093/1668
f 376/1094/1669 372/1095/1670 232/1096/1671
f 231/1097/1672 376/1098/1673 232/1099/1674
f 311/960/1675 361/1100/1676 284/958/1677
f 243/1101/1678 356/1102/1679 232/1103/1680
f 235/985/1681 367/1104/1682 298/796/1683
f 382/774/1684 298/1105/1685 367/772/1686
f 309/1106/1687 287/726/1688 303/728/1689
f 356/1102/1690 231/1107/1691 232/1108/1692
f 374/1109/1693 232/1110/1694 368/928/1695
f 270/1111/1696 291/1112/1697 346/1113/1698
f 379/1114/1699 378/1115/1700 239/1116/1701
f 266/1117/1702 362/1118/1703 268/813/1704
f 297/1119/1705 251/1120/1706 324/1121/1707
f 262/1122/1708 249/1123/1709 332/1124/1710
f 333/1020/1711 305/1125/1712 306/1126/1713
f 300/762/1714 295/764/1715 339/910/1716
f 299/1127/1717 293/1128/1718 340/1129/1719
f 341/735/1720 339/910/1721 273/736/1722
f 182/431/1723 173/433/1724 236/1130/1725
f 247/1011/1726 287/1131/1727 380/1132/1728
f 380/1133/1729 287/726/1730 317/1134/1731
f 206/440/1732 184/439/1733 370/1135/1734
f 328/1136/1735 329/1137/1736 353/1138/1737
f 229/1139/1738 233/1140/1739 250/1141/1740
f 369/1066/1741 441/1065/1742 439/1142/1743
f 385/1070/1744 349/727/1745 320/1143/1746
f 364/737/1747 272/734/1748 327/986/1749
f 327/986/1750 235/985/1751 364/737/1752
f 263/932/1753 348/832/1754 335/798/1755
f 287/1144/1756 318/1145/1757 349/1146/1758
f 242/1147/1759 385/1148/1760 308/1149/1761
f 261/1150/1762 242/1151/1763 250/1152/1764
f 247/1153/1765 257/1154/1766 258/1155/1767
f 324/1156/1768 372/1157/1769 376/1158/1770
f 447/1159/1771 432/1016/1772 372/1018/1773
f 326/809/1774 226/1036/1775 243/1035/1776
f 316/1160/1777 378/812/1778 362/811/1779
f 378/1022/1780 316/1161/1781 257/1162/1782
f 229/974/1783 322/1163/1784 233/1164/1785
f 335/798/1786 348/832/1787 266/795/1788
f 289/793/1789 235/985/1790 298/796/1791
f 257/1165/1792 384/1166/1793 258/1167/1794
f 261/1168/1795 230/1169/1796 317/1170/1797
f 345/1071/1798 342/1171/1799 319/1072/1800
f 298/796/1801 316/1172/1802 362/794/1803
f 298/1173/1804 382/1174/1805 316/1175/1806
f 377/930/1807 243/1176/1808 232/1177/1809
f 374/931/1810 377/930/1811 232/1177/1812
f 300/1178/1813 377/1179/1814 352/1180/1815
f 352/929/1816 358/763/1817 300/762/1818
f 345/914/1819 272/913/1820 273/1181/1821
f 396/487/1822 334/1182/1823 403/488/1824
f 403/488/1825 334/1182/1826 359/1183/1827
f 172/492/1828 330/1184/1829 212/493/1830
f 181/495/1831 319/1185/1832 196/496/1833
f 350/1186/1834 307/1187/1835 296/1188/1836
f 307/1189/1837 288/1190/1838 296/1191/1839
f 273/736/1840 339/910/1841 342/909/1842
f 230/1192/1843 261/1193/1844 233/1194/1845
f 300/762/1846 312/900/1847 377/930/1848
f 283/777/1849 365/956/1850 279/738/1851
f 274/740/1852 283/777/1853 279/738/1854
f 232/1110/1855 372/982/1856 368/928/1857
f 372/982/1858 284/926/1859 368/928/1860
f 379/1114/1861 271/1195/1862 268/1196/1863
f 350/821/1864 244/1197/1865 229/1198/1866
f 222/827/1867 269/782/1868 256/1199/1869
f 249/882/1870 262/844/1871 227/858/1872
f 272/1200/1873 234/1201/1874 327/1202/1875
f 314/1203/1876 353/1204/1877 292/1205/1878
f 271/744/1879 238/743/1880 333/1206/1881
f 297/1207/1882 255/1208/1883 301/1209/1884
f 366/1210/1885 310/1211/1886 371/1212/1887
f 220/1213/1888 236/1214/1889 307/1215/1890
f 276/1216/1891 277/1217/1892 375/1218/1893
f 375/751/1894 277/818/1895 219/752/1896
f 280/1219/1897 219/1220/1898 277/1221/1899
f 339/910/1900 341/735/1901 263/932/1902
f 378/1222/1903 257/1223/1904 247/1224/1905
f 361/838/1906 224/837/1907 352/929/1908
f 361/838/1909 352/929/1910 374/931/1911
f 399/537/1912 344/1073/1913 401/538/1914
f 218/907/1915 264/970/1916 275/739/1917
f 393/539/1918 254/1225/1919 187/540/1920
f 187/542/1921 254/1226/1922 183/543/1923
f 294/893/1924 238/892/1925 221/1227/1926
f 301/1228/1927 440/1229/1928 446/1230/1929
f 332/1068/1930 271/1067/1931 379/1231/1932
f 233/1232/1933 261/1233/1934 250/1234/1935
f 304/1235/1936 383/1236/1937 318/1237/1938
f 318/846/1939 383/1043/1940 328/847/1941
f 244/1197/1942 350/821/1943 245/820/1944
f 294/723/1945 221/883/1946 249/946/1947
f 437/1238/1948 251/1239/1949 452/1240/1950
f 330/1241/1951 302/942/1952 334/1242/1953
f 369/959/1954 253/1243/1955 311/960/1956
f 209/562/1957 366/755/1958 338/754/1959
f 280/1244/1960 237/804/1961 373/803/1962
f 315/753/1963 371/1028/1964 264/970/1965
f 270/748/1966 315/753/1967 264/970/1968
f 208/565/1969 202/567/1970 288/1245/1971
f 309/1106/1972 317/1134/1973 287/726/1974
f 391/51/1975 321/768/1976 234/1074/1977
f 255/1208/1978 246/1246/1979 301/1209/1980
f 336/1247/1981 312/810/1982 259/824/1983
f 259/824/1984 340/1248/1985 336/1247/1986
f 288/1190/1987 307/1189/1988 290/1249/1989
f 239/1250/1990 380/1251/1991 317/1252/1992
f 254/1253/1993 236/1254/1994 220/1255/1995
f 346/869/1996 237/868/1997 280/1256/1998
f 360/817/1999 346/869/2000 280/1256/2001
f 363/1257/2002 222/1258/2003 365/1259/2004
f 448/950/2005 436/1260/2006 282/911/2007
f 229/1198/2008 307/1261/2009 350/821/2010
f 243/1176/2011 377/930/2012 312/900/2013
f 326/1262/2014 243/1263/2015 312/1264/2016
f 259/824/2017 312/810/2018 351/1265/2019
f 351/1266/2020 312/900/2021 267/901/2022
f 240/1267/2023 331/1268/2024 305/1269/2025
f 371/1270/2026 381/1271/2027 354/1272/2028
f 222/908/2029 218/907/2030 225/957/2031
f 202/567/2032 206/596/2033 288/1245/2034
f 276/852/2035 338/754/2036 315/753/2037
f 219/891/2038 373/1273/2039 238/892/2040
f 380/1274/2041 378/1275/2042 247/1276/2043
f 402/601/2044 214/229/2045 310/889/2046
f 315/1277/2047 270/1278/2048 360/1279/2049
f 307/1280/2050 236/1281/2051 290/1282/2052
f 275/1025/2053 225/1283/2054 218/1284/2055
f 325/1285/2056 359/1286/2057 285/1287/2058
f 325/822/2059 285/866/2060 245/820/2061
f 264/970/2062 256/749/2063 270/748/2064
f 256/749/2065 269/1063/2066 291/750/2067
f 237/1288/2068 248/823/2069 331/1289/2070
f 303/728/2071 385/1070/2072 242/1290/2073
f 376/1046/2074 356/1291/2075 297/1044/2076
f 356/1292/2077 376/1293/2078 231/1294/2079
f 330/1295/2080 313/1296/2081 302/1297/2082
f 230/1192/2083 262/844/2084 239/1078/2085
f 239/1078/2086 262/844/2087 332/884/2088
f 367/1298/2089 235/1299/2090 260/1300/2091
f 275/1301/2092 354/1302/2093 381/1303/2094
f 304/1304/2095 258/1305/2096 384/1306/2097
f 233/1194/2098 322/842/2099 230/1192/2100
f 322/842/2101 262/844/2102 230/1192/2103
f 245/1307/2104 285/943/2105 244/1308/2106
f 278/843/2107 322/842/2108 244/1197/2109
f 181/634/2110 387/636/2111 319/1309/2112
f 386/637/2113 236/1310/2114 173/638/2115
f 360/817/2116 280/1256/2117 277/818/2118
f 384/1311/2119 257/1312/2120 382/1313/2121
f 229/1314/2122 220/1315/2123 307/1316/2124
f 320/1317/2125 404/695/2126 211/647/2127
f 366/755/2128 209/562/2129 402/601/2130
f 234/1074/2131 344/1073/2132 399/537/2133
f 203/649/2134 250/1318/2135 308/1149/2136
f 385/1148/2137 211/647/2138 198/650/2139
f 308/1149/2140 385/1148/2141 198/650/2142
f 196/654/2143 319/1319/2144 342/1320/2145
f 323/1321/2146 241/1322/2147 400/657/2148
f 265/1323/2149 199/660/2150 397/659/2151
f 352/1324/2152 265/1323/2153 397/659/2154
f 253/878/2155 191/1325/2156 215/663/2157
f 344/1073/2158 190/664/2159 401/538/2160
f 357/742/2161 189/666/2162 210/665/2163
f 342/1326/2164 358/1327/2165 395/669/2166
f 358/1328/2167 352/1329/2168 192/670/2169
f 337/885/2170 186/217/2171 188/172/2172
f 392/673/2173 337/890/2174 323/850/2175
f 337/885/2176 392/674/2177 201/218/2178
f 241/1322/2179 185/676/2180 400/657/2181
f 241/1322/2182 313/1330/2183 205/677/2184
f 313/1330/2185 389/679/2186 205/677/2187
f 183/681/2188 254/1331/2189 250/1318/2190
f 254/1332/2191 393/1333/2192 182/684/2193
f 265/746/2194 180/686/2195 199/685/2196
f 311/960/2197 215/688/2198 179/687/2199
f 370/1334/2200 178/1335/2201 197/691/2202
f 370/1336/2203 184/694/2204 178/693/2205
f 320/1317/2206 177/696/2207 404/695/2208
f 381/1337/2209 207/699/2210 388/698/2211
f 371/1338/2212 310/1339/2213 407/700/2214
f 371/1340/2215 176/1341/2216 194/704/2217
f 292/1342/2218 321/768/2219 406/195/2220
f 320/1317/2221 292/1343/2222 175/706/2223
f 337/890/2224 394/707/2225 174/563/2226
f 313/1344/2227 330/1345/2228 172/708/2229
f 359/1346/2230 197/713/2231 171/712/2232
f 344/1073/2233 319/1072/2234 387/714/2235
f 330/1345/2236 170/716/2237 212/715/2238
f 170/716/2239 330/1345/2240 334/1347/2241
f 290/1348/2242 236/1310/2243 386/637/2244
f 442/951/2245 281/741/2246 169/721/2247
f 281/741/2248 357/742/2249 210/665/2250
f 301/1349/2251 343/1350/2252 445/1351/2253
f 251/1352/2254 446/1353/2255 452/1354/2256
f 343/1052/2257 283/777/2258 438/776/2259
f 435/1355/2260 369/983/2261 372/982/2262
f 251/1356/2263 437/1357/2264 434/1358/2265
f 283/777/2266 282/994/2267 431/1359/2268
f 324/1360/2269 251/1361/2270 430/1362/2271
f 251/1363/2272 434/1364/2273 430/1365/2274
f 191/1325/2275 253/878/2276 451/877/2277
f 428/164/2278 36/163/2279 191/1325/2280
f 423/1366/2281 126/1367/2282 84/1368/2283
f 34/1369/2284 417/1370/2285 424/1371/2286
f 415/62/2287 66/61/2288 126/350/2289
f 155/280/2290 152/281/2291 413/1372/2292
f 34/1373/2293 412/1374/2294 453/1375/2295
f 409/1376/2296 65/292/2297 66/61/2298
f 107/1377/2299 425/1378/2300 408/1379/2301
f 34/1380/2302 408/1381/2303 412/1382/2304
f 445/1383/2305 431/1384/2305 428/1385/2305
f 208/10/2306 73/12/2307 71/1386/2308
f 390/28/2309 7/30/2310 48/137/2311
f 195/29/2312 94/274/2313 7/30/2314
f 189/351/2315 164/353/2316 140/1387/2317
f 153/438/2318 206/440/2319 71/1388/2320
f 416/447/2321 152/366/2322 36/1389/2323
f 155/315/2324 425/464/2325 107/1390/2326
f 403/488/2327 142/491/2328 117/489/2329
f 424/546/2330 84/548/2331 34/1391/2332
f 209/562/2333 121/38/2334 149/37/2335
f 391/51/2336 17/375/2337 104/52/2338
f 65/202/2339 426/245/2340 64/23/2341
f 103/646/2342 211/647/2343 404/695/2344
f 149/37/2345 402/601/2346 209/562/2347
f 17/375/2348 399/537/2349 127/373/2350
f 91/453/2351 203/649/2352 200/651/2353
f 91/453/2354 198/650/2355 168/454/2356
f 125/652/2357 196/654/2358 405/1392/2359
f 106/655/2360 400/657/2361 24/675/2362
f 135/661/2363 397/659/2364 48/658/2365
f 36/163/2366 215/663/2367 191/1325/2368
f 125/667/2369 395/669/2370 141/1393/2371
f 192/670/2372 141/672/2373 395/1394/2374
f 106/135/2375 392/673/2376 193/1395/2377
f 205/677/2378 24/675/2379 185/676/2380
f 33/648/2381 183/681/2382 203/649/2383
f 37/682/2384 182/684/2385 393/1333/2386
f 153/689/2387 197/691/2388 178/1335/2389
f 407/700/2390 154/702/2391 176/1396/2392
f 154/703/2393 194/704/2394 176/1341/2395
f 75/705/2396 406/195/2397 104/52/2398
f 103/646/2399 175/706/2400 75/1397/2401
f 394/707/2402 121/38/2403 174/563/2404
f 172/708/2405 96/710/2406 389/1398/2407
f 127/373/2408 387/714/2409 102/374/2410
f 117/717/2411 170/716/2412 396/1399/2413
f 73/718/2414 386/637/2415 19/639/2416
f 420/246/2417 169/721/2418 64/23/2419
f 64/23/2420 210/665/2421 140/24/2422
f 208/10/2423 290/730/2424 204/11/2425
f 390/28/2426 224/747/2427 195/29/2428
f 195/29/2429 311/976/2430 179/273/2431
f 189/351/2432 381/1054/2433 388/352/2434
f 206/440/2435 370/1135/2436 288/1400/2437
f 369/1066/2438 439/1142/2439 253/1401/2440
f 447/1159/2441 372/1018/2442 324/1402/2443
f 403/488/2444 359/1183/2445 171/490/2446
f 301/1228/2447 446/1230/2448 251/1403/2449
f 209/562/2450 338/754/2451 174/563/2452
f 391/51/2453 234/1074/2454 216/568/2455
f 448/950/2456 282/911/2457 281/741/2458
f 320/1317/2459 211/647/2460 385/1148/2461
f 366/755/2462 402/601/2463 310/889/2464
f 234/1074/2465 399/537/2466 216/568/2467
f 203/649/2468 308/1149/2469 200/651/2470
f 308/1149/2471 198/650/2472 200/651/2473
f 196/654/2474 342/1320/2475 405/1392/2476
f 323/1321/2477 400/657/2478 193/656/2479
f 352/1324/2480 397/659/2481 192/662/2482
f 253/878/2483 215/663/2484 311/976/2485
f 342/1326/2486 395/669/2487 405/668/2488
f 358/1328/2489 192/670/2490 395/1394/2491
f 392/673/2492 323/850/2493 193/1395/2494
f 241/1322/2495 205/677/2496 185/676/2497
f 183/681/2498 250/1318/2499 203/649/2500
f 254/1332/2501 182/684/2502 236/1404/2503
f 370/1334/2504 197/691/2505 359/1405/2506
f 371/1338/2507 407/700/2508 176/1396/2509
f 371/1340/2510 194/704/2511 381/1271/2512
f 292/1342/2513 406/195/2514 175/706/2515
f 320/1317/2516 175/706/2517 177/696/2518
f 337/890/2519 174/563/2520 338/754/2521
f 313/1344/2522 172/708/2523 389/1398/2524
f 344/1073/2525 387/714/2526 190/664/2527
f 170/716/2528 334/1347/2529 396/1399/2530
f 290/1348/2531 386/637/2532 204/719/2533
f 442/951/2534 169/721/2535 449/720/2536
f 281/741/2537 210/665/2538 169/721/2539
f 301/1349/2540 445/1351/2541 440/1406/2542
f 343/1052/2543 438/776/2544 443/1407/2545
f 435/1355/2546 372/982/2547 444/1408/2548
f 283/777/2549 431/1359/2550 433/775/2551
f 324/1360/2552 430/1362/2553 447/1409/2554
f 191/1325/2555 451/877/2556 429/1410/2557
f 428/164/2558 191/1325/2559 429/1410/2560
f 423/1366/2561 84/1368/2562 418/1411/2563
f 415/62/2564 126/350/2565 421/1412/2566
f 155/280/2567 413/1372/2568 422/1413/2569
f 409/1376/2570 66/61/2571 411/60/2572
f 107/1377/2573 408/1379/2574 34/1414/2575
f 439/1415/2576 451/1416/2576 450/1417/2576
f 441/1418/2305 446/1419/2305 439/1415/2305
f 439/1415/2305 446/1419/2305 451/1416/2305
f 441/1418/2305 435/1420/2305 446/1419/2305
f 432/1421/2305 430/1422/2305 444/1423/2305
f 444/1423/2305 430/1422/2305 435/1420/2305
f 435/1420/2305 430/1422/2305 452/1424/2305 446/1419/2305
f 430/1422/2305 432/1421/2305 447/1425/2305
f 437/1426/2577 430/1422/2577 434/1427/2577
f 452/1424/2578 430/1422/2578 437/1426/2578
f 451/1416/2579 446/1419/2579 429/1428/2579
f 445/1383/2305 429/1428/2305 440/1429/2305
f 440/1429/2305 429/1428/2305 446/1419/2305
f 438/1430/2305 445/1383/2305 443/1431/2305
f 431/1384/2305 438/1430/2305 433/1432/2305
f 448/1433/2305 431/1384/2305 436/1434/2305
f 449/1435/2305 428/1385/2305 442/1436/2305
f 442/1436/2305 428/1385/2305 448/1433/2305
f 426/1437/2305 428/1385/2305 420/1438/2305
f 420/1438/2305 428/1385/2305 449/1435/2305
f 409/1439/2580 426/1437/2580 414/1440/2580
f 415/1441/2305 409/1439/2305 411/1442/2305
f 423/1443/2305 415/1441/2305 421/1444/2305
f 424/1445/2305 413/1446/2305 418/1447/2305
f 418/1447/2305 426/1437/2305 423/1443/2305
f 413/1446/2305 419/1448/2305 418/1447/2305
f 423/1443/2305 409/1439/2305 415/1441/2305
f 418/1447/2305 416/1449/2305 428/1385/2305
f 409/1439/2305 423/1443/2305 426/1437/2305
f 448/1433/2305 428/1385/2305 431/1384/2305
f 417/1450/2305 413/1446/2305 424/1445/2305
f 428/1385/2305 426/1437/2305 418/1447/2305
f 408/1451/2576 453/1452/2576 412/1453/2576
f 410/1454/2305 408/1451/2305 425/1455/2305
f 413/1446/2305 417/1450/2305 422/1456/2305
f 422/1456/2305 417/1450/2305 453/1452/2305 410/1454/2305
f 416/1449/2305 418/1447/2305 419/1448/2305
f 428/1385/2305 416/1449/2305 427/1457/2305
f 445/1383/2305 428/1385/2305 429/1428/2305
f 431/1384/2305 445/1383/2305 438/1430/2305
f 410/1454/2581 453/1452/2581 408/1451/2581
